# Blender 3.6.0
# www.blender.org
mtllib elbow_flex_link.mtl
o elbow_flex_link
v 0.166000 0.021043 -0.043697
v 0.166000 0.030239 -0.037919
v 0.166000 -0.047284 0.010792
v 0.166000 -0.043697 0.021043
v 0.166000 -0.030239 0.037919
v 0.166000 0.037919 -0.030239
v 0.166000 0.043697 -0.021043
v 0.166000 -0.037919 0.030239
v 0.166000 -0.010792 0.047284
v 0.166000 0.021043 0.043697
v 0.166000 0.000000 0.048500
v 0.166000 0.010792 0.047284
v 0.166000 -0.021043 0.043697
v 0.166000 0.030239 0.037919
v 0.166000 -0.048500 0.000000
v 0.166000 -0.047284 -0.010792
v 0.166000 -0.043697 -0.021043
v 0.166000 0.047284 -0.010792
v 0.166000 0.048500 0.000000
v 0.166000 0.047284 0.010792
v 0.166000 0.043697 0.021043
v 0.166000 0.037919 0.030239
v 0.166000 -0.037919 -0.030239
v 0.166000 -0.030239 -0.037919
v 0.166000 -0.021043 -0.043697
v 0.166000 -0.010792 -0.047284
v 0.166000 0.000000 -0.048500
v 0.166000 0.010792 -0.047284
v 0.110252 0.007012 -0.051525
v 0.110043 0.008411 -0.051306
v 0.163500 0.008363 -0.051014
v 0.105045 0.019246 0.048304
v 0.106652 0.017015 0.049137
v 0.163500 0.019134 0.048024
v 0.108023 0.014611 0.049905
v 0.108738 0.013037 0.050339
v 0.109499 0.010876 0.050850
v 0.110012 0.008724 0.051263
v 0.163500 0.013911 0.050105
v 0.110065 0.008413 0.051314
v 0.163500 0.008363 0.051014
v 0.110101 0.008202 0.051349
v 0.092468 0.029175 0.043030
v 0.095384 0.027596 0.044074
v 0.163500 0.029011 0.042787
v 0.099026 0.025108 0.045537
v 0.100251 0.024130 0.046062
v 0.102978 0.021608 0.047298
v 0.104965 0.019358 0.048262
v 0.163500 0.024357 0.045943
v 0.073988 0.034017 0.039330
v 0.077689 0.033798 0.039518
v 0.163500 0.037530 0.035551
v 0.081630 0.033134 0.040077
v 0.085833 0.031981 0.041002
v 0.087329 0.031463 0.041402
v 0.091467 0.029718 0.042672
v 0.163500 0.033664 0.039632
v 0.037288 0.034017 0.039330
v 0.041234 0.037617 0.035630
v 0.044112 0.040242 0.032932
v 0.163500 0.041397 0.031469
v 0.048748 0.044472 0.026752
v 0.163500 0.044295 0.026652
v 0.049623 0.045270 0.025585
v 0.053660 0.048953 0.017540
v 0.163500 0.047194 0.021834
v 0.053938 0.049206 0.016584
v 0.163500 0.048989 0.016506
v 0.056130 0.051207 0.009049
v 0.163500 0.050784 0.011178
v 0.056474 0.051520 0.005606
v 0.163500 0.051392 0.005589
v 0.056999 0.051999 0.000359
v 0.163500 0.052000 0.000000
v 0.056496 0.051540 -0.005610
v 0.163500 0.044295 -0.026652
v 0.053968 0.049234 -0.016733
v 0.163500 0.047194 -0.021834
v 0.054004 0.049267 -0.016601
v 0.163500 0.048989 -0.016506
v 0.056269 0.051333 -0.008304
v 0.163500 0.050784 -0.011178
v 0.163500 0.051392 -0.005589
v 0.044870 0.040934 -0.032069
v 0.048706 0.044433 -0.026729
v 0.050144 0.045745 -0.024726
v 0.080789 0.033310 -0.039930
v 0.077094 0.033861 -0.039464
v 0.163500 0.037530 -0.035551
v 0.073988 0.034017 -0.039330
v 0.163500 0.041397 -0.031469
v 0.041232 0.037616 -0.035633
v 0.038267 0.034910 -0.038540
v 0.037288 0.034017 -0.039330
v 0.097572 0.026170 -0.044935
v 0.093599 0.028625 -0.043412
v 0.163500 0.029011 -0.042787
v 0.092458 0.029175 -0.043030
v 0.163500 0.033664 -0.039632
v 0.089451 0.030626 -0.042024
v 0.085211 0.032180 -0.040847
v 0.163500 0.019134 -0.048024
v 0.105004 0.019241 -0.048291
v 0.163500 0.024357 -0.045943
v 0.103389 0.021177 -0.047493
v 0.100642 0.023800 -0.046234
v 0.109000 0.012368 -0.050508
v 0.107976 0.014704 -0.049878
v 0.163500 0.013911 -0.050105
v 0.109943 0.009085 -0.051200
v 0.109417 0.011148 -0.050791
v 0.106630 0.017049 -0.049126
v 0.105657 0.018457 -0.048614
v 0.110252 0.007012 0.051525
v 0.110505 0.003514 0.051881
v 0.163500 0.002815 0.051924
v 0.110590 0.000000 0.052000
v 0.163500 -0.002799 0.051619
v 0.110590 -0.002815 0.051924
v 0.163500 -0.008413 0.051315
v 0.110590 -0.008413 0.051315
v 0.163500 -0.013830 0.049811
v 0.110590 -0.013911 0.050105
v 0.163500 -0.019247 0.048307
v 0.110590 -0.019247 0.048307
v 0.163500 -0.024214 0.045673
v 0.110590 -0.024357 0.045943
v 0.163500 -0.029182 0.043040
v 0.110590 -0.029182 0.043040
v 0.163500 -0.033467 0.039400
v 0.110590 -0.033664 0.039632
v 0.163500 -0.037752 0.035760
v 0.110590 -0.037752 0.035760
v 0.163500 -0.041154 0.031285
v 0.110590 -0.041397 0.031469
v 0.163500 -0.044557 0.026809
v 0.110590 -0.044557 0.026809
v 0.163500 -0.046917 0.021706
v 0.110590 -0.047194 0.021834
v 0.163500 -0.049278 0.016604
v 0.110590 -0.049278 0.016604
v 0.163500 -0.050487 0.011113
v 0.110590 -0.050784 0.011178
v 0.163500 -0.051695 0.005622
v 0.110590 -0.051695 0.005622
v 0.163500 -0.052000 0.000000
v 0.110590 -0.052000 0.000000
v 0.163500 -0.051695 -0.005622
v 0.110590 -0.051695 -0.005622
v 0.163500 -0.050487 -0.011113
v 0.110590 -0.050784 -0.011178
v 0.163500 -0.049278 -0.016604
v 0.110590 -0.049278 -0.016604
v 0.163500 -0.046917 -0.021706
v 0.110590 -0.047194 -0.021834
v 0.163500 -0.044557 -0.026809
v 0.110590 -0.044557 -0.026809
v 0.163500 -0.041154 -0.031285
v 0.110590 -0.041397 -0.031469
v 0.163500 -0.037752 -0.035760
v 0.110590 -0.037752 -0.035760
v 0.163500 -0.033467 -0.039400
v 0.110590 -0.033664 -0.039632
v 0.163500 -0.029182 -0.043040
v 0.110590 -0.029182 -0.043040
v 0.163500 -0.024214 -0.045673
v 0.110590 -0.024357 -0.045943
v 0.163500 -0.019247 -0.048307
v 0.110590 -0.019247 -0.048307
v 0.163500 -0.013830 -0.049811
v 0.110590 -0.013911 -0.050105
v 0.163500 -0.008413 -0.051315
v 0.110590 -0.008413 -0.051315
v 0.163500 -0.002799 -0.051619
v 0.110590 -0.002815 -0.051924
v 0.163500 0.002815 -0.051924
v 0.110590 0.000000 -0.052000
v 0.110505 0.003514 -0.051881
v 0.051500 0.058500 0.000000
v 0.051198 0.058500 -0.005568
v -0.051500 0.058500 0.000000
v 0.048804 0.058500 -0.016444
v 0.044128 0.058500 -0.026551
v 0.037389 0.058500 -0.035416
v 0.028901 0.058500 -0.042626
v 0.051198 0.058500 0.005568
v -0.050296 0.058500 0.011071
v -0.046740 0.058500 0.021624
v -0.040999 0.058500 0.031166
v -0.033340 0.058500 0.039251
v -0.024123 0.058500 0.045501
v 0.019062 0.058500 -0.047842
v 0.008332 0.058500 -0.050822
v -0.002788 0.058500 -0.051424
v -0.013778 0.058500 0.049623
v -0.002788 0.058500 0.051424
v 0.008332 0.058500 0.050822
v 0.048804 0.058500 0.016444
v 0.044128 0.058500 0.026551
v 0.037389 0.058500 0.035416
v 0.019062 0.058500 0.047842
v 0.028901 0.058500 0.042626
v -0.040999 0.058500 -0.031166
v -0.046740 0.058500 -0.021624
v -0.033340 0.058500 -0.039251
v -0.024123 0.058500 -0.045501
v -0.013778 0.058500 -0.049623
v -0.050296 0.058500 -0.011071
v 0.034017 0.037288 -0.039330
v 0.033663 0.036888 -0.039631
v 0.033467 0.058000 -0.039400
v 0.051994 0.003245 -0.000796
v 0.052000 0.002000 0.000000
v 0.050781 0.003643 -0.011178
v 0.050784 0.002000 -0.011178
v 0.050777 0.003644 -0.011213
v 0.047194 0.002000 -0.021834
v 0.047494 0.004025 -0.021173
v 0.041527 0.005230 -0.031298
v 0.043311 0.004524 -0.028777
v 0.041397 0.002000 -0.031469
v 0.044937 0.004217 -0.026167
v 0.047164 0.004050 -0.021819
v 0.034501 0.010602 -0.038906
v 0.035469 0.009631 -0.038026
v 0.033664 0.002000 -0.039632
v 0.037585 0.007775 -0.035935
v 0.039683 0.006269 -0.033604
v 0.041392 0.005306 -0.031466
v 0.030189 0.031982 -0.042340
v 0.029147 0.029738 -0.043063
v 0.024214 0.058000 -0.045673
v 0.028485 0.027640 -0.043504
v 0.028155 0.025789 -0.043718
v 0.029182 0.058000 -0.043040
v 0.033378 0.036565 -0.039874
v 0.031630 0.034312 -0.041274
v 0.024357 0.002000 -0.045943
v 0.028071 0.023813 -0.043772
v 0.028233 0.022039 -0.043668
v 0.028680 0.020042 -0.043376
v 0.029420 0.018007 -0.042878
v 0.030473 0.015918 -0.042136
v 0.031097 0.014891 -0.041677
v 0.032706 0.012656 -0.040426
v 0.033655 0.011570 -0.039622
v 0.051207 0.056130 0.009049
v 0.051999 0.056999 0.000359
v 0.052000 0.058000 0.000000
v 0.051971 0.056969 0.000002
v 0.051695 0.058000 -0.005622
v 0.051333 0.056269 -0.008304
v 0.050487 0.058000 -0.011113
v 0.050627 0.055495 -0.011139
v 0.049278 0.058000 -0.016604
v 0.049234 0.053968 -0.016733
v 0.046917 0.058000 -0.021706
v 0.047037 0.051560 -0.021766
v 0.044557 0.058000 -0.026809
v 0.045745 0.050144 -0.024726
v 0.041154 0.058000 -0.031285
v 0.041348 0.045324 -0.031437
v 0.037752 0.058000 -0.035760
v 0.040934 0.044870 -0.032069
v 0.034910 0.038267 -0.038540
v 0.051695 0.058000 0.005622
v 0.050487 0.058000 0.011113
v 0.050651 0.055521 0.011143
v 0.049278 0.058000 0.016604
v 0.048953 0.053660 0.017540
v 0.046917 0.058000 0.021706
v 0.047023 0.051544 0.021756
v 0.044557 0.058000 0.026809
v 0.045270 0.049623 0.025585
v 0.041154 0.058000 0.031285
v 0.041293 0.045263 0.031397
v 0.033659 0.036859 0.039626
v 0.034017 0.037288 0.039330
v 0.033467 0.058000 0.039400
v 0.040242 0.044112 0.032932
v 0.037752 0.058000 0.035760
v 0.030403 0.016041 0.042186
v 0.029278 0.018342 0.042974
v 0.024357 0.002000 0.045943
v 0.033664 0.002000 0.039632
v 0.033663 0.011523 0.039631
v 0.031917 0.013693 0.041052
v 0.028563 0.020459 0.043453
v 0.028204 0.022234 0.043687
v 0.028066 0.024209 0.043776
v 0.028176 0.025962 0.043705
v 0.024214 0.058000 0.045673
v 0.028564 0.027953 0.043452
v 0.029223 0.029931 0.043012
v 0.030202 0.032007 0.042330
v 0.030762 0.032981 0.041925
v 0.032291 0.035219 0.040759
v 0.029182 0.058000 0.043040
v 0.041397 0.002000 0.031469
v 0.040666 0.005680 0.032408
v 0.038823 0.006847 0.034594
v 0.036740 0.008475 0.036799
v 0.034637 0.010460 0.038785
v 0.033727 0.011443 0.039579
v 0.044132 0.004321 0.027501
v 0.042472 0.004815 0.030002
v 0.041380 0.005338 0.031457
v 0.047194 0.002000 0.021834
v 0.050784 0.002000 0.011178
v 0.050527 0.003641 0.011120
v 0.049273 0.003851 0.016618
v 0.046954 0.004047 0.021725
v 0.044937 0.004217 0.026167
v 0.052000 0.003230 0.000000
v 0.051994 0.003245 0.000796
v 0.051605 0.003460 0.006393
v 0.019247 0.058000 0.048307
v 0.013911 0.002000 0.050105
v 0.013830 0.058000 0.049811
v 0.008413 0.058000 0.051315
v 0.002815 0.002000 0.051924
v 0.002799 0.058000 0.051619
v -0.002815 0.058000 0.051924
v -0.008413 0.002000 0.051315
v -0.008363 0.058000 0.051014
v -0.013911 0.058000 0.050105
v -0.019247 0.002000 0.048307
v -0.019134 0.058000 0.048024
v -0.024357 0.058000 0.045943
v -0.029182 0.002000 0.043040
v -0.029011 0.058000 0.042787
v -0.033664 0.058000 0.039632
v -0.037752 0.002000 0.035760
v -0.037530 0.058000 0.035551
v -0.041397 0.058000 0.031469
v -0.044557 0.002000 0.026809
v -0.044295 0.058000 0.026652
v -0.047194 0.058000 0.021834
v -0.049278 0.002000 0.016604
v -0.048989 0.058000 0.016506
v -0.050784 0.058000 0.011178
v -0.051695 0.002000 0.005622
v -0.051392 0.058000 0.005589
v -0.052000 0.058000 0.000000
v -0.051695 0.002000 -0.005622
v -0.051392 0.058000 -0.005589
v -0.050784 0.058000 -0.011178
v -0.049278 0.002000 -0.016604
v -0.048989 0.058000 -0.016506
v -0.047194 0.058000 -0.021834
v -0.044557 0.002000 -0.026809
v -0.044295 0.058000 -0.026652
v -0.041397 0.058000 -0.031469
v -0.037752 0.002000 -0.035760
v -0.037530 0.058000 -0.035551
v -0.033664 0.058000 -0.039632
v -0.029182 0.002000 -0.043040
v -0.029011 0.058000 -0.042787
v -0.024357 0.058000 -0.045943
v -0.019247 0.002000 -0.048307
v -0.019134 0.058000 -0.048024
v -0.013911 0.058000 -0.050105
v -0.008413 0.002000 -0.051315
v -0.008363 0.058000 -0.051014
v -0.002815 0.058000 -0.051924
v 0.002815 0.002000 -0.051924
v 0.002799 0.058000 -0.051619
v 0.008413 0.058000 -0.051315
v 0.013911 0.002000 -0.050105
v 0.019247 0.058000 -0.048307
v 0.013830 0.058000 -0.049811
v 0.096836 0.006708 -0.044938
v 0.097856 0.006315 -0.045755
v 0.070234 0.003962 -0.017858
v 0.098642 0.005918 -0.046397
v 0.098966 0.005708 -0.046668
v 0.099385 0.005352 -0.047028
v 0.099645 0.004989 -0.047269
v 0.069732 0.006426 -0.018274
v 0.090144 0.008176 -0.039765
v 0.092386 0.007806 -0.041471
v 0.094414 0.007386 -0.043036
v 0.094753 0.007297 -0.043301
v 0.096105 0.006941 -0.044359
v 0.068442 0.008249 -0.019501
v 0.066699 0.008959 -0.021219
v 0.073988 0.009214 -0.028508
v 0.075963 0.009228 -0.029730
v 0.078391 0.009182 -0.031317
v 0.081387 0.009047 -0.033371
v 0.084336 0.008837 -0.035469
v 0.084604 0.008810 -0.035665
v 0.087279 0.008547 -0.037622
v 0.067116 0.003779 -0.013671
v 0.066776 0.003759 -0.013214
v 0.066162 0.006234 -0.013458
v 0.065184 0.003569 -0.008846
v 0.064792 0.003522 -0.007773
v 0.064125 0.006010 -0.007824
v 0.064376 0.003345 -0.003716
v 0.063707 0.005843 -0.003628
v 0.062334 0.007838 -0.008131
v 0.061876 0.007672 -0.003565
v 0.059896 0.008519 -0.008613
v 0.059376 0.008342 -0.003541
v 0.064555 0.008060 -0.014262
v 0.062375 0.008756 -0.015414
v 0.036587 0.033475 -0.039777
v 0.073988 0.029182 -0.042135
v 0.034671 0.031785 -0.040928
v 0.033092 0.030037 -0.041804
v 0.030771 0.023911 -0.042982
v 0.030862 0.025393 -0.042938
v 0.073988 0.023656 -0.042975
v 0.031223 0.026781 -0.042762
v 0.031950 0.028354 -0.042399
v 0.032505 0.029173 -0.042110
v 0.031437 0.021083 -0.042656
v 0.030947 0.022581 -0.042897
v 0.030804 0.023657 -0.042966
v 0.035851 0.015543 -0.040231
v 0.034088 0.017220 -0.041259
v 0.073988 0.018206 -0.041733
v 0.033403 0.017989 -0.041637
v 0.033240 0.018210 -0.041723
v 0.032248 0.019557 -0.042246
v 0.041199 0.011883 -0.036539
v 0.038879 0.013274 -0.038258
v 0.073988 0.013589 -0.038583
v 0.038412 0.013595 -0.038576
v 0.037818 0.014003 -0.038981
v 0.049257 0.009214 -0.028508
v 0.073988 0.010446 -0.033960
v 0.047476 0.009444 -0.030654
v 0.045520 0.009974 -0.032726
v 0.044218 0.010476 -0.033948
v 0.043499 0.010753 -0.034622
v 0.084240 0.011237 -0.039199
v 0.091900 0.025276 -0.044961
v 0.075764 0.010792 -0.034884
v 0.075737 0.014073 -0.039159
v 0.075886 0.018647 -0.042004
v 0.076190 0.023925 -0.043052
v 0.076611 0.029224 -0.042167
v 0.078099 0.011087 -0.036070
v 0.078122 0.014467 -0.039928
v 0.078457 0.018926 -0.042439
v 0.079064 0.023943 -0.043311
v 0.079873 0.028932 -0.042440
v 0.081138 0.011262 -0.037610
v 0.081303 0.014664 -0.040978
v 0.081868 0.018904 -0.043131
v 0.082773 0.023552 -0.043850
v 0.083926 0.028133 -0.043062
v 0.084600 0.014560 -0.042116
v 0.085385 0.018516 -0.043964
v 0.086525 0.022759 -0.044582
v 0.087921 0.026917 -0.043916
v 0.087410 0.011013 -0.040848
v 0.087995 0.014164 -0.043344
v 0.088991 0.017770 -0.044926
v 0.090326 0.021567 -0.045479
v 0.090545 0.010583 -0.042508
v 0.091367 0.013471 -0.044621
v 0.092561 0.016667 -0.045975
v 0.094054 0.019981 -0.046491
v 0.095759 0.023213 -0.046137
v 0.093022 0.010070 -0.043843
v 0.094036 0.012675 -0.045673
v 0.095377 0.015491 -0.046869
v 0.096980 0.018379 -0.047371
v 0.098764 0.021195 -0.047156
v 0.101469 0.018946 -0.048155
v 0.099626 0.016559 -0.048236
v 0.097936 0.014112 -0.047734
v 0.096466 0.011703 -0.046667
v 0.095276 0.009431 -0.045080
v 0.101828 0.014641 -0.049015
v 0.103711 0.016606 -0.049053
v 0.104675 0.015393 -0.049465
v 0.100072 0.012626 -0.048503
v 0.102777 0.013639 -0.049373
v 0.098499 0.010627 -0.047532
v 0.100994 0.011841 -0.048853
v 0.097162 0.008712 -0.046136
v 0.099379 0.010051 -0.047920
v 0.108289 0.006732 -0.051431
v 0.107975 0.008520 -0.051159
v 0.107448 0.010300 -0.050820
v 0.107032 0.011353 -0.050588
v 0.106012 0.013370 -0.050074
v 0.104097 0.011962 -0.049902
v 0.105107 0.010283 -0.050348
v 0.105519 0.009404 -0.050550
v 0.106045 0.007917 -0.050843
v 0.106361 0.006421 -0.051078
v 0.102280 0.010516 -0.049366
v 0.103266 0.009180 -0.049794
v 0.103670 0.008478 -0.049985
v 0.104187 0.007286 -0.050258
v 0.104501 0.006086 -0.050472
v 0.100606 0.009068 -0.048480
v 0.101551 0.008068 -0.048937
v 0.101939 0.007540 -0.049137
v 0.102437 0.006641 -0.049417
v 0.102741 0.005731 -0.049625
v 0.097979 0.008323 -0.046602
v 0.099119 0.007656 -0.047266
v 0.099998 0.006973 -0.047796
v 0.100360 0.006611 -0.048024
v 0.100826 0.005992 -0.048333
v 0.101113 0.005363 -0.048551
v 0.099983 0.000000 -0.047607
v 0.070234 0.000000 -0.017858
v 0.099899 0.002500 -0.047522
v 0.064376 0.000000 -0.003716
v 0.064761 0.000000 -0.007618
v 0.065140 0.000000 -0.008867
v 0.065899 0.000000 -0.011369
v 0.067131 0.000000 -0.013675
v 0.067747 0.000000 -0.014827
v 0.052061 0.009022 -0.023035
v 0.055659 0.008641 -0.012116
v 0.056993 0.008242 -0.000698
v 0.059376 0.008242 -0.000698
v 0.036031 0.034903 -0.038901
v 0.034903 0.036031 -0.038901
v 0.035368 0.034328 -0.039406
v 0.033549 0.032516 -0.040713
v 0.032045 0.030620 -0.041715
v 0.030954 0.028778 -0.042399
v 0.030259 0.027048 -0.042817
v 0.029914 0.025516 -0.043020
v 0.029826 0.023880 -0.043071
v 0.029995 0.022412 -0.042973
v 0.030464 0.020761 -0.042695
v 0.031240 0.019085 -0.042223
v 0.032341 0.017373 -0.041523
v 0.034264 0.035391 -0.039439
v 0.032510 0.033380 -0.040831
v 0.031058 0.031280 -0.041897
v 0.030005 0.029246 -0.042624
v 0.029334 0.027338 -0.043068
v 0.029000 0.025650 -0.043284
v 0.028915 0.023848 -0.043338
v 0.029079 0.022229 -0.043233
v 0.029532 0.020409 -0.042939
v 0.030281 0.018560 -0.042437
v 0.031344 0.016668 -0.041693
v 0.031974 0.015743 -0.041233
v 0.033591 0.013740 -0.039987
v 0.032994 0.016537 -0.041091
v 0.034670 0.014731 -0.039920
v 0.036533 0.013096 -0.038508
v 0.037533 0.012335 -0.037697
v 0.035385 0.011920 -0.038482
v 0.036349 0.011069 -0.037617
v 0.038442 0.009469 -0.035579
v 0.040497 0.008207 -0.033337
v 0.039710 0.010909 -0.035790
v 0.041850 0.009796 -0.033698
v 0.043715 0.009073 -0.031666
v 0.045504 0.008634 -0.029490
v 0.047119 0.008515 -0.027287
v 0.042285 0.007374 -0.031155
v 0.043997 0.006854 -0.028811
v 0.045541 0.006690 -0.026432
v 0.104762 0.003049 -0.050762
v 0.110590 0.000000 -0.052000
v 0.106757 0.000000 -0.051238
v 0.099983 0.000000 -0.047607
v 0.103232 0.000000 -0.049777
v 0.104849 0.000000 -0.050858
v 0.099983 0.000000 -0.047607
v 0.099983 -0.002577 -0.047537
v 0.070234 0.000000 -0.017858
v 0.099983 -0.007702 -0.046979
v 0.070234 -0.003964 -0.017336
v 0.099983 -0.010579 -0.046346
v 0.070234 -0.004622 -0.017249
v 0.070234 -0.011043 -0.013843
v 0.070234 -0.008929 -0.015465
v 0.099983 -0.026716 -0.039403
v 0.099983 -0.012736 -0.045871
v 0.099983 -0.017621 -0.044225
v 0.070234 -0.007701 -0.015974
v 0.099983 -0.020629 -0.042834
v 0.099983 -0.022299 -0.042061
v 0.099983 -0.029648 -0.037175
v 0.099983 -0.030820 -0.036284
v 0.070234 -0.012627 -0.012627
v 0.099983 -0.034562 -0.032739
v 0.070234 -0.013843 -0.011043
v 0.099983 -0.037184 -0.029652
v 0.099983 -0.037899 -0.028810
v 0.070234 -0.015465 -0.008929
v 0.099983 -0.040792 -0.024544
v 0.070234 -0.015974 -0.007701
v 0.099983 -0.042862 -0.020640
v 0.099983 -0.043207 -0.019989
v 0.070234 -0.017249 -0.004622
v 0.099983 -0.045115 -0.015201
v 0.099983 -0.046395 -0.010588
v 0.070234 -0.017336 -0.003964
v 0.099983 -0.046494 -0.010234
v 0.070234 -0.017858 0.000000
v 0.099983 -0.047328 -0.005147
v 0.099983 -0.047607 0.000000
v 0.099983 -0.047328 0.005147
v 0.099983 -0.046494 0.010234
v 0.070234 -0.017336 0.003964
v 0.099983 -0.046395 0.010588
v 0.070234 -0.017249 0.004622
v 0.099983 -0.045115 0.015201
v 0.099983 -0.043207 0.019989
v 0.070234 -0.015974 0.007701
v 0.099983 -0.042862 0.020640
v 0.070234 -0.015465 0.008929
v 0.099983 -0.030820 0.036284
v 0.070234 -0.011043 0.013843
v 0.070234 -0.012627 0.012627
v 0.099983 -0.040792 0.024544
v 0.099983 -0.037899 0.028810
v 0.070234 -0.013843 0.011043
v 0.099983 -0.037184 0.029652
v 0.099983 -0.034562 0.032739
v 0.099983 -0.029648 0.037175
v 0.099983 -0.026716 0.039403
v 0.070234 -0.008929 0.015465
v 0.099983 -0.022299 0.042061
v 0.070234 -0.007701 0.015974
v 0.099983 -0.020629 0.042834
v 0.099983 -0.017621 0.044225
v 0.070234 -0.004622 0.017249
v 0.099983 -0.012736 0.045871
v 0.070234 -0.003964 0.017336
v 0.099983 -0.010579 0.046346
v 0.099983 -0.007702 0.046979
v 0.070234 0.000000 0.017858
v 0.099983 -0.002577 0.047537
v 0.099983 0.000000 0.047607
v 0.104849 0.000000 -0.050858
v 0.106707 -0.002788 -0.051413
v 0.110590 0.000000 -0.052000
v 0.103090 -0.008088 -0.049332
v 0.103090 -0.002706 -0.049917
v 0.099983 0.000000 -0.047607
v 0.103090 -0.018503 -0.046440
v 0.103090 -0.013374 -0.048168
v 0.103090 -0.028054 -0.041376
v 0.103090 -0.023416 -0.044167
v 0.103090 -0.036293 -0.034378
v 0.103090 -0.032363 -0.038101
v 0.103090 -0.042835 -0.025773
v 0.103090 -0.039797 -0.030253
v 0.103090 -0.047374 -0.015962
v 0.103090 -0.045370 -0.020990
v 0.103090 -0.048822 0.010746
v 0.103090 -0.049697 0.005405
v 0.099983 -0.047607 0.000000
v 0.103090 -0.049990 0.000000
v 0.103090 -0.049697 -0.005405
v 0.103090 -0.048822 -0.010746
v 0.103090 -0.045370 0.020990
v 0.103090 -0.047374 0.015962
v 0.103090 -0.039797 0.030253
v 0.103090 -0.042835 0.025773
v 0.103090 -0.032363 0.038101
v 0.103090 -0.036293 0.034378
v 0.106707 -0.008330 -0.050811
v 0.106707 -0.013775 -0.049612
v 0.106707 -0.019058 -0.047832
v 0.106707 -0.024118 -0.045491
v 0.106707 -0.028895 -0.042617
v 0.106707 -0.033333 -0.039243
v 0.106707 -0.037381 -0.035409
v 0.106707 -0.040990 -0.031160
v 0.106707 -0.044119 -0.026545
v 0.106707 -0.046730 -0.021620
v 0.106707 -0.048794 -0.016440
v 0.106707 -0.050285 -0.011069
v 0.106707 -0.051187 -0.005567
v 0.110590 -0.052000 0.000000
v 0.106707 -0.051489 0.000000
v 0.106707 -0.051187 0.005567
v 0.106707 -0.050285 0.011069
v 0.106707 -0.048794 0.016440
v 0.106707 -0.046730 0.021620
v 0.106707 -0.044119 0.026545
v 0.106707 -0.040990 0.031160
v 0.106707 -0.037381 0.035409
v 0.106707 -0.033333 0.039243
v 0.106707 -0.028895 0.042617
v 0.106707 -0.024118 0.045491
v 0.103090 -0.028054 0.041376
v 0.103090 -0.023416 0.044167
v 0.103090 -0.018503 0.046440
v 0.106707 -0.019058 0.047832
v 0.106707 -0.013775 0.049612
v 0.103090 -0.013374 0.048168
v 0.103090 -0.002706 0.049917
v 0.103090 -0.008088 0.049332
v 0.106707 -0.002788 0.051413
v 0.106707 -0.008330 0.050811
v 0.103232 0.000000 0.049777
v 0.104849 0.000000 0.050858
v 0.106757 0.000000 0.051238
v 0.099983 0.000000 0.047607
v 0.051443 0.006132 -0.011273
v 0.048127 0.006504 -0.021369
v 0.049796 0.008329 -0.022049
v 0.053228 0.007959 -0.011603
v 0.052665 0.005743 -0.000719
v 0.054494 0.007572 -0.000683
v 0.061290 0.007862 -0.000711
v 0.061829 0.007502 -0.000724
v 0.062912 0.006779 -0.000749
v 0.063636 0.005696 -0.000787
v 0.063996 0.005158 -0.000806
v 0.064376 0.003245 -0.000872
v 0.059376 0.008242 0.000698
v 0.056993 0.008242 0.000698
v 0.057000 0.008230 0.000000
v 0.064376 0.000000 0.003716
v 0.064376 0.003345 0.003716
v 0.064376 0.003245 0.000872
v 0.064376 -0.003716 0.000000
v 0.064376 -0.003589 0.000962
v 0.064376 -0.003218 0.001858
v 0.064376 -0.002627 0.002627
v 0.064376 -0.001858 0.003218
v 0.064376 -0.000962 0.003589
v 0.064376 -0.000962 -0.003589
v 0.064376 -0.001858 -0.003218
v 0.064376 -0.002627 -0.002627
v 0.064376 -0.003218 -0.001858
v 0.064376 -0.003589 -0.000962
v 0.061290 0.007862 0.000711
v 0.061829 0.007502 0.000724
v 0.062912 0.006779 0.000749
v 0.063636 0.005696 0.000787
v 0.063996 0.005158 0.000806
v 0.052670 0.005730 0.000000
v 0.054500 0.007560 0.000000
v 0.057000 0.008230 0.000000
v 0.052665 0.005743 0.000719
v 0.054494 0.007572 0.000683
v 0.035805 0.036966 -0.038092
v 0.036966 0.035805 -0.038092
v 0.043238 0.041856 -0.031512
v 0.041856 0.043238 -0.031512
v 0.046620 0.048189 -0.024143
v 0.051732 0.050020 -0.016241
v 0.048189 0.046620 -0.024143
v 0.050020 0.051732 -0.016241
v 0.052035 0.053836 -0.008024
v 0.053836 0.052035 -0.008024
v 0.052669 0.054499 0.000346
v 0.054499 0.052669 0.000346
v 0.053711 0.051915 0.008746
v 0.051915 0.053711 0.008746
v 0.049748 0.051448 0.017032
v 0.051448 0.049748 0.017032
v 0.047704 0.046154 0.024999
v 0.046154 0.047704 0.024999
v 0.041165 0.042521 0.032386
v 0.042521 0.041165 0.032386
v 0.034903 0.036031 0.038901
v 0.036031 0.034903 0.038901
v 0.067747 -0.003838 -0.014322
v 0.067747 -0.007414 -0.012841
v 0.067747 -0.010484 -0.010484
v 0.067747 -0.012841 -0.007414
v 0.067747 -0.014322 -0.003838
v 0.070234 -0.017858 0.000000
v 0.067747 -0.014827 0.000000
v 0.067747 -0.014322 0.003838
v 0.067747 -0.012841 0.007414
v 0.067747 -0.010484 0.010484
v 0.064761 -0.001972 0.007358
v 0.064761 0.000000 0.007618
v 0.064376 0.000000 0.003716
v 0.064376 0.000000 -0.003716
v 0.064761 -0.001972 -0.007358
v 0.065899 -0.002943 0.010982
v 0.065899 0.000000 0.011369
v 0.065140 0.000000 0.008867
v 0.064761 -0.005386 -0.005386
v 0.064761 -0.003809 -0.006597
v 0.065899 -0.005685 -0.009846
v 0.065899 -0.002943 -0.010982
v 0.067747 -0.007414 0.012841
v 0.067747 -0.003838 0.014322
v 0.067131 0.000000 0.013675
v 0.067747 0.000000 0.014827
v 0.070234 0.000000 0.017858
v 0.065899 -0.005685 0.009846
v 0.065899 -0.008039 0.008039
v 0.064761 -0.003809 0.006597
v 0.065899 -0.009846 0.005685
v 0.064761 -0.005386 0.005386
v 0.065899 -0.010982 0.002943
v 0.064761 -0.006597 0.003809
v 0.065899 -0.011369 0.000000
v 0.064761 -0.007358 0.001972
v 0.065899 -0.010982 -0.002943
v 0.064761 -0.007618 0.000000
v 0.065899 -0.009846 -0.005685
v 0.064761 -0.007358 -0.001972
v 0.064376 -0.003716 0.000000
v 0.065899 -0.008039 -0.008039
v 0.064761 -0.006597 -0.003809
v 0.070234 0.000000 -0.017858
v 0.056568 0.008457 0.006833
v 0.059376 0.008342 0.003541
v 0.060424 0.008592 0.010704
v 0.054011 0.008848 0.018041
v 0.063481 0.008821 0.017266
v 0.049257 0.009214 0.028508
v 0.066699 0.008959 0.021219
v 0.073988 0.009214 0.028508
v 0.099645 0.004989 0.047269
v 0.070234 0.003962 0.017858
v 0.099899 0.002500 0.047522
v 0.070234 0.000000 0.017858
v 0.099983 0.000000 0.047607
v 0.073988 0.010446 0.033960
v 0.044225 0.010463 0.033952
v 0.044576 0.010311 0.033639
v 0.048376 0.009292 0.029606
v 0.046556 0.009662 0.031661
v 0.042556 0.011186 0.035436
v 0.073988 0.013589 0.038583
v 0.040273 0.012407 0.037249
v 0.033326 0.018081 0.041678
v 0.034986 0.016321 0.040746
v 0.073988 0.018206 0.041733
v 0.036970 0.014634 0.039535
v 0.037968 0.013896 0.038882
v 0.038415 0.013608 0.038565
v 0.030916 0.022726 0.042912
v 0.031310 0.021395 0.042719
v 0.073988 0.023656 0.042975
v 0.032094 0.019808 0.042326
v 0.033235 0.018209 0.041726
v 0.031310 0.027016 0.042719
v 0.030885 0.025522 0.042927
v 0.030765 0.024208 0.042985
v 0.030821 0.023657 0.042958
v 0.073988 0.029182 0.042135
v 0.035396 0.032465 0.040505
v 0.033720 0.030787 0.041463
v 0.033107 0.030056 0.041796
v 0.032499 0.029175 0.042114
v 0.032033 0.028499 0.042357
v 0.067747 0.000000 0.014827
v 0.067660 0.003824 0.014696
v 0.067177 0.003779 0.013659
v 0.065899 0.000000 0.011369
v 0.065215 0.003595 0.009446
v 0.065132 0.003570 0.008881
v 0.064761 0.000000 0.007618
v 0.047119 0.008515 0.027287
v 0.045541 0.006690 0.026432
v 0.046321 0.008535 0.028407
v 0.043194 0.007060 0.029945
v 0.044779 0.006728 0.027643
v 0.044664 0.008805 0.030542
v 0.042846 0.009380 0.032640
v 0.040975 0.010217 0.034582
v 0.038842 0.011441 0.036575
v 0.036673 0.012985 0.038397
v 0.034613 0.012663 0.039147
v 0.035521 0.011796 0.038363
v 0.037608 0.010068 0.036418
v 0.039657 0.008685 0.034285
v 0.041452 0.007729 0.032201
v 0.035730 0.013762 0.039132
v 0.033849 0.015565 0.040505
v 0.032268 0.017473 0.041571
v 0.031092 0.019360 0.042315
v 0.030342 0.021105 0.042768
v 0.029820 0.024208 0.043075
v 0.029965 0.022573 0.042990
v 0.029935 0.025659 0.043008
v 0.030343 0.027306 0.042768
v 0.032059 0.030640 0.041706
v 0.031034 0.028937 0.042350
v 0.032644 0.031436 0.041324
v 0.034238 0.033249 0.040231
v 0.032799 0.014666 0.040610
v 0.031274 0.016779 0.041743
v 0.030138 0.018864 0.042534
v 0.029414 0.020789 0.043016
v 0.029050 0.022407 0.043252
v 0.028910 0.024209 0.043342
v 0.029021 0.025808 0.043270
v 0.029415 0.027623 0.043016
v 0.030082 0.029422 0.042572
v 0.031072 0.031303 0.041887
v 0.031636 0.032183 0.041481
v 0.033174 0.034192 0.040318
v 0.054093 0.007780 0.006550
v 0.052277 0.005952 0.006389
v 0.051657 0.008160 0.017272
v 0.049925 0.006334 0.016751
v 0.081815 0.009021 0.033672
v 0.078953 0.009163 0.031696
v 0.068442 0.008249 0.019501
v 0.076349 0.009225 0.029977
v 0.092100 0.007858 0.041252
v 0.091204 0.008011 0.040568
v 0.069732 0.006426 0.018274
v 0.088561 0.008393 0.038576
v 0.085759 0.008707 0.036504
v 0.084604 0.008805 0.035670
v 0.082852 0.008952 0.034405
v 0.097891 0.006299 0.045784
v 0.096853 0.006702 0.044951
v 0.099515 0.005198 0.047145
v 0.099441 0.005289 0.047078
v 0.099030 0.005662 0.046722
v 0.098439 0.006032 0.046230
v 0.095587 0.007090 0.043952
v 0.094751 0.007297 0.043300
v 0.094109 0.007456 0.042799
v 0.064557 0.006079 0.009556
v 0.067074 0.006295 0.014994
v 0.065548 0.008120 0.015933
v 0.062806 0.007906 0.010016
v 0.063707 0.005843 0.003628
v 0.061876 0.007672 0.003565
v 0.110590 0.000000 0.052000
v 0.104762 0.003049 0.050762
v 0.104849 0.000000 0.050858
v 0.099983 0.000000 0.047607
v 0.108340 0.006704 0.051175
v 0.106412 0.006393 0.050822
v 0.104501 0.006086 0.050472
v 0.102887 0.005721 0.049408
v 0.101259 0.005354 0.048333
v 0.108135 0.007758 0.051283
v 0.106205 0.007280 0.050950
v 0.104346 0.006775 0.050357
v 0.102590 0.006254 0.049514
v 0.108046 0.008209 0.051211
v 0.107530 0.010066 0.050869
v 0.106771 0.011930 0.050450
v 0.106058 0.013289 0.050096
v 0.104697 0.015363 0.049474
v 0.103025 0.017382 0.048770
v 0.096584 0.008955 0.045809
v 0.097998 0.008313 0.046613
v 0.099159 0.007629 0.047290
v 0.099772 0.007170 0.047658
v 0.100432 0.006530 0.048070
v 0.100889 0.005883 0.048378
v 0.100970 0.005725 0.048437
v 0.089848 0.026178 0.044400
v 0.093629 0.024416 0.045469
v 0.097181 0.022311 0.046608
v 0.098381 0.021477 0.047021
v 0.101063 0.019317 0.048000
v 0.106115 0.007656 0.050888
v 0.105601 0.009208 0.050592
v 0.104847 0.010764 0.050228
v 0.104143 0.011895 0.049921
v 0.102799 0.013614 0.049381
v 0.101154 0.015279 0.048770
v 0.099228 0.016861 0.048102
v 0.096606 0.018605 0.047255
v 0.095436 0.019269 0.046897
v 0.091992 0.020914 0.045915
v 0.088359 0.022234 0.044997
v 0.104257 0.007077 0.050300
v 0.103750 0.008321 0.050024
v 0.103013 0.009563 0.049680
v 0.102324 0.010463 0.049385
v 0.101016 0.011821 0.048861
v 0.099417 0.013123 0.048262
v 0.097550 0.014343 0.047600
v 0.095017 0.015660 0.046751
v 0.093890 0.016151 0.046389
v 0.090583 0.017326 0.045382
v 0.087120 0.018201 0.044414
v 0.102504 0.006483 0.049458
v 0.102016 0.007422 0.049178
v 0.101308 0.008356 0.048816
v 0.100649 0.009029 0.048500
v 0.099399 0.010037 0.047929
v 0.097876 0.010990 0.047263
v 0.096100 0.011868 0.046515
v 0.093694 0.012791 0.045536
v 0.092625 0.013126 0.045112
v 0.089497 0.013894 0.043905
v 0.086232 0.014406 0.042699
v 0.094936 0.009540 0.044892
v 0.092705 0.010146 0.043671
v 0.091713 0.010362 0.043135
v 0.088808 0.010848 0.041585
v 0.085766 0.011154 0.039989
v 0.082668 0.011274 0.038391
v 0.082925 0.014649 0.041531
v 0.083599 0.018756 0.043527
v 0.084627 0.023207 0.044191
v 0.085911 0.027581 0.043459
v 0.081582 0.011271 0.037837
v 0.081774 0.014667 0.041137
v 0.082371 0.018870 0.043243
v 0.083313 0.023461 0.043945
v 0.084506 0.027982 0.043172
v 0.078658 0.011136 0.036353
v 0.078702 0.014527 0.040116
v 0.079080 0.018952 0.042556
v 0.079749 0.023903 0.043394
v 0.080633 0.028817 0.042535
v 0.076126 0.010848 0.035068
v 0.076101 0.014150 0.039276
v 0.076279 0.018710 0.042066
v 0.076636 0.023950 0.043081
v 0.077127 0.029202 0.042195
v 0.002788 0.001500 0.051424
v -0.008332 0.001500 0.050822
v -0.011126 0.001500 0.048746
v -0.019062 0.001500 0.047842
v -0.021694 0.001500 0.045048
v -0.028901 0.001500 0.042626
v -0.031174 0.001500 0.039092
v -0.037389 0.001500 0.035416
v -0.039092 0.001500 0.031174
v -0.044128 0.001500 0.026551
v -0.045048 0.001500 0.021694
v -0.048804 0.001500 0.016444
v -0.048746 0.001500 0.011126
v -0.051198 0.001500 0.005568
v -0.050000 0.001500 0.000000
v -0.051198 0.001500 -0.005568
v -0.048746 0.001500 -0.011126
v -0.048804 0.001500 -0.016444
v -0.045048 0.001500 -0.021694
v -0.044128 0.001500 -0.026551
v -0.039092 0.001500 -0.031174
v -0.037389 0.001500 -0.035416
v -0.031174 0.001500 -0.039092
v -0.028901 0.001500 -0.042626
v -0.021694 0.001500 -0.045048
v -0.019062 0.001500 -0.047842
v -0.011126 0.001500 -0.048746
v -0.008332 0.001500 -0.050822
v 0.000000 0.001500 -0.050000
v 0.002788 0.001500 -0.051424
v 0.011126 0.001500 -0.048746
v 0.013778 0.001500 -0.049623
v 0.021694 0.001500 -0.045048
v 0.024123 0.001500 -0.045501
v 0.031174 0.001500 -0.039092
v 0.033340 0.001500 -0.039251
v 0.039092 0.001500 -0.031174
v 0.040999 0.001500 -0.031166
v 0.045048 0.001500 -0.021694
v 0.046740 0.001500 -0.021624
v 0.048746 0.001500 -0.011126
v 0.050296 0.001500 -0.011071
v 0.050000 0.001500 0.000000
v 0.051500 0.001500 0.000000
v 0.048746 0.001500 0.011126
v 0.050296 0.001500 0.011071
v 0.045048 0.001500 0.021694
v 0.046740 0.001500 0.021624
v 0.039092 0.001500 0.031174
v 0.040999 0.001500 0.031166
v 0.031174 0.001500 0.039092
v 0.033340 0.001500 0.039251
v 0.021694 0.001500 0.045048
v 0.024123 0.001500 0.045501
v 0.011126 0.001500 0.048746
v 0.013778 0.001500 0.049623
v 0.000000 0.001500 0.050000
v 0.021694 0.005500 -0.045048
v -0.021694 0.005500 0.045048
v -0.031174 0.005500 0.039092
v -0.039092 0.005500 0.031174
v -0.045048 0.005500 0.021694
v -0.048746 0.005500 0.011126
v 0.031174 0.005500 -0.039092
v 0.039092 0.005500 -0.031174
v 0.045048 0.005500 -0.021694
v -0.050000 0.005500 0.000000
v -0.048746 0.005500 -0.011126
v -0.045048 0.005500 -0.021694
v 0.048746 0.005500 -0.011126
v 0.050000 0.005500 0.000000
v 0.048746 0.005500 0.011126
v 0.021694 0.005500 0.045048
v 0.011126 0.005500 0.048746
v 0.000000 0.005500 0.050000
v -0.039092 0.005500 -0.031174
v -0.031174 0.005500 -0.039092
v -0.021694 0.005500 -0.045048
v 0.045048 0.005500 0.021694
v 0.039092 0.005500 0.031174
v -0.011126 0.005500 0.048746
v -0.011126 0.005500 -0.048746
v 0.000000 0.005500 -0.050000
v 0.011126 0.005500 -0.048746
v 0.031174 0.005500 0.039092
v -0.050000 0.001500 0.000000
v 0.164000 -0.051198 0.005568
v 0.164000 -0.051500 0.000000
v 0.164000 -0.048500 0.000000
v 0.164000 -0.051198 -0.005568
v 0.164000 -0.047284 -0.010792
v 0.164000 -0.048804 -0.016444
v 0.164000 -0.043697 -0.021043
v 0.164000 -0.044128 -0.026551
v 0.164000 -0.037919 -0.030239
v 0.164000 -0.037389 -0.035416
v 0.164000 -0.030239 -0.037919
v 0.164000 -0.028901 -0.042626
v 0.164000 -0.021043 -0.043697
v 0.164000 -0.019062 -0.047842
v 0.164000 -0.010792 -0.047284
v 0.164000 -0.008332 -0.050822
v 0.164000 0.000000 -0.048500
v 0.164000 0.002788 -0.051424
v 0.164000 0.010792 -0.047284
v 0.164000 0.013778 -0.049623
v 0.164000 0.021043 -0.043697
v 0.164000 0.024123 -0.045501
v 0.164000 0.030239 -0.037919
v 0.164000 0.033340 -0.039251
v 0.164000 0.037919 -0.030239
v 0.164000 0.040999 -0.031166
v 0.164000 0.043697 -0.021043
v 0.164000 0.046740 -0.021624
v 0.164000 0.047284 -0.010792
v 0.164000 0.050296 -0.011071
v 0.164000 0.048500 0.000000
v 0.164000 0.051500 0.000000
v 0.164000 0.047284 0.010792
v 0.164000 0.050296 0.011071
v 0.164000 0.043697 0.021043
v 0.164000 0.046740 0.021624
v 0.164000 0.037919 0.030239
v 0.164000 0.040999 0.031166
v 0.164000 0.030239 0.037919
v 0.164000 0.033340 0.039251
v 0.164000 0.021043 0.043697
v 0.164000 0.024123 0.045501
v 0.164000 0.010792 0.047284
v 0.164000 0.013778 0.049623
v 0.164000 0.000000 0.048500
v 0.164000 0.002788 0.051424
v 0.164000 -0.010792 0.047284
v 0.164000 -0.008332 0.050822
v 0.164000 -0.021043 0.043697
v 0.164000 -0.019062 0.047842
v 0.164000 -0.030239 0.037919
v 0.164000 -0.028901 0.042626
v 0.164000 -0.037919 0.030239
v 0.164000 -0.037389 0.035416
v 0.164000 -0.043697 0.021043
v 0.164000 -0.044128 0.026551
v 0.164000 -0.047284 0.010792
v 0.164000 -0.048804 0.016444
v 0.166000 -0.048500 0.000000
v 0.164000 -0.051500 0.000000
v 0.163500 -0.052000 0.000000
v 0.163500 0.052000 0.000000
v 0.051500 0.058500 0.000000
v 0.052000 0.058000 0.000000
v -0.052000 0.058000 0.000000
v 0.008101 0.058500 0.049846
v 0.015992 0.058500 0.047901
v 0.015984 0.059888 0.047878
v 0.004062 0.059888 0.050312
v 0.000000 0.058500 0.050500
v 0.008097 0.059888 0.049822
v 0.012080 0.059888 0.049009
v 0.023468 0.058500 0.044716
v 0.030337 0.058500 0.040372
v 0.030323 0.059888 0.040352
v 0.026978 0.059888 0.042662
v 0.023457 0.059888 0.044694
v 0.019785 0.059888 0.046437
v 0.036421 0.058500 0.034983
v 0.041561 0.058500 0.028687
v 0.041541 0.059888 0.028673
v 0.039099 0.059888 0.031923
v 0.036403 0.059888 0.034966
v 0.033472 0.059888 0.037782
v 0.045624 0.058500 0.021649
v 0.048506 0.058500 0.014050
v 0.048483 0.059888 0.014043
v 0.047196 0.059888 0.017899
v 0.045602 0.059888 0.021639
v 0.043713 0.059888 0.025238
v 0.050132 0.058500 0.006087
v 0.050459 0.058500 -0.002033
v 0.050435 0.059888 -0.002032
v 0.050435 0.059888 0.002032
v 0.050108 0.059888 0.006084
v 0.049456 0.059888 0.010096
v 0.049479 0.058500 -0.010101
v 0.047218 0.058500 -0.017908
v 0.047196 0.059888 -0.017899
v 0.048483 0.059888 -0.014043
v 0.049456 0.059888 -0.010096
v 0.050108 0.059888 -0.006084
v 0.043734 0.058500 -0.025250
v 0.039118 0.058500 -0.031938
v 0.039099 0.059888 -0.031923
v 0.041541 0.059888 -0.028673
v 0.043713 0.059888 -0.025238
v 0.045602 0.059888 -0.021639
v 0.033488 0.058500 -0.037800
v 0.026990 0.058500 -0.042682
v 0.026978 0.059888 -0.042662
v 0.030323 0.059888 -0.040352
v 0.033472 0.059888 -0.037782
v 0.036403 0.059888 -0.034966
v 0.019794 0.058500 -0.046459
v 0.012085 0.058500 -0.049033
v 0.012080 0.059888 -0.049009
v 0.015984 0.059888 -0.047878
v 0.019785 0.059888 -0.046437
v 0.023457 0.059888 -0.044694
v 0.004064 0.058500 -0.050336
v -0.004064 0.058500 -0.050336
v -0.004062 0.059888 -0.050312
v 0.000000 0.059888 -0.050476
v 0.004062 0.059888 -0.050312
v 0.008097 0.059888 -0.049822
v -0.012085 0.058500 -0.049033
v -0.019794 0.058500 -0.046459
v -0.019785 0.059888 -0.046437
v -0.015984 0.059888 -0.047878
v -0.012080 0.059888 -0.049009
v -0.008097 0.059888 -0.049822
v -0.026990 0.058500 -0.042682
v -0.033488 0.058500 -0.037800
v -0.033472 0.059888 -0.037782
v -0.030323 0.059888 -0.040352
v -0.026978 0.059888 -0.042662
v -0.023457 0.059888 -0.044694
v -0.043734 0.058500 -0.025250
v -0.041541 0.059888 -0.028673
v -0.039118 0.058500 -0.031938
v -0.039099 0.059888 -0.031923
v -0.036403 0.059888 -0.034966
v -0.047218 0.058500 -0.017908
v -0.045602 0.059888 -0.021639
v -0.043713 0.059888 -0.025238
v -0.049479 0.058500 -0.010101
v -0.048483 0.059888 -0.014043
v -0.047196 0.059888 -0.017899
v -0.050435 0.059888 0.002032
v -0.050435 0.059888 -0.002032
v -0.050459 0.058500 -0.002033
v -0.050108 0.059888 -0.006084
v -0.049456 0.059888 -0.010096
v -0.050108 0.059888 0.006084
v -0.050132 0.058500 0.006087
v -0.049456 0.059888 0.010096
v -0.048506 0.058500 0.014050
v -0.048483 0.059888 0.014043
v -0.045624 0.058500 0.021649
v -0.045602 0.059888 0.021639
v -0.047196 0.059888 0.017899
v -0.033472 0.059888 0.037782
v -0.036403 0.059888 0.034966
v -0.036421 0.058500 0.034983
v -0.039099 0.059888 0.031923
v -0.041561 0.058500 0.028687
v -0.041541 0.059888 0.028673
v -0.043713 0.059888 0.025238
v -0.030323 0.059888 0.040352
v -0.030337 0.058500 0.040372
v -0.026978 0.059888 0.042662
v -0.023468 0.058500 0.044716
v -0.023457 0.059888 0.044694
v -0.015992 0.058500 0.047901
v -0.015984 0.059888 0.047878
v -0.019785 0.059888 0.046437
v 0.000000 0.059888 0.050476
v -0.004062 0.059888 0.050312
v -0.008101 0.058500 0.049846
v -0.008097 0.059888 0.049822
v -0.012080 0.059888 0.049009
v 0.024273 0.070500 0.037153
v 0.027258 0.070500 0.035021
v -0.021122 0.070500 -0.039030
v 0.030057 0.070500 0.032651
v 0.032651 0.070500 0.030057
v 0.021122 0.070500 0.039030
v -0.024273 0.070500 -0.037153
v -0.027258 0.070500 -0.035021
v -0.030057 0.070500 -0.032651
v -0.032651 0.070500 -0.030057
v -0.035021 0.070500 -0.027258
v -0.040641 0.070500 -0.017827
v -0.041975 0.070500 -0.014410
v -0.043021 0.070500 -0.010894
v -0.043774 0.070500 -0.007305
v 0.035021 0.070500 0.027258
v 0.037153 0.070500 0.024273
v 0.039030 0.070500 0.021122
v 0.040641 0.070500 0.017827
v 0.041975 0.070500 0.014410
v 0.043021 0.070500 0.010894
v 0.043021 0.070500 -0.010894
v 0.041975 0.070500 -0.014410
v 0.037153 0.070500 -0.024273
v 0.035021 0.070500 -0.027258
v 0.032651 0.070500 -0.030057
v 0.030057 0.070500 -0.032651
v 0.027258 0.070500 -0.035021
v 0.024273 0.070500 -0.037153
v -0.017827 0.070500 -0.040641
v -0.037153 0.070500 -0.024273
v -0.039030 0.070500 -0.021122
v -0.043021 0.070500 0.010894
v -0.010894 0.070500 0.043021
v -0.007305 0.070500 0.043774
v 0.043774 0.070500 0.007305
v 0.044228 0.070500 0.003665
v 0.044379 0.070500 0.000000
v 0.040641 0.070500 -0.017827
v 0.039030 0.070500 -0.021122
v -0.044228 0.070500 -0.003665
v -0.044379 0.070500 0.000000
v -0.044228 0.070500 0.003665
v 0.017827 0.070500 -0.040641
v 0.014410 0.070500 -0.041975
v -0.014410 0.070500 -0.041975
v -0.041975 0.070500 0.014410
v -0.040641 0.070500 0.017827
v -0.039030 0.070500 0.021122
v 0.044228 0.070500 -0.003665
v 0.043774 0.070500 -0.007305
v -0.003665 0.070500 0.044228
v 0.000000 0.070500 0.044379
v 0.003665 0.070500 0.044228
v 0.021122 0.070500 -0.039030
v 0.010894 0.070500 -0.043021
v 0.007305 0.070500 -0.043774
v -0.010894 0.070500 -0.043021
v 0.003665 0.070500 -0.044228
v 0.000000 0.070500 -0.044379
v -0.003665 0.070500 -0.044228
v -0.007305 0.070500 -0.043774
v -0.037153 0.070500 0.024273
v -0.035021 0.070500 0.027258
v -0.032651 0.070500 0.030057
v -0.030057 0.070500 0.032651
v -0.027258 0.070500 0.035021
v -0.024273 0.070500 0.037153
v -0.021122 0.070500 0.039030
v -0.017827 0.070500 0.040641
v -0.014410 0.070500 0.041975
v 0.007305 0.070500 0.043774
v 0.010894 0.070500 0.043021
v 0.014410 0.070500 0.041975
v -0.043774 0.070500 0.007305
v 0.017827 0.070500 0.040641
v 0.000000 0.058500 0.050500
v -0.003889 0.068768 -0.046937
v -0.007977 0.063129 -0.049083
v -0.007752 0.068768 -0.046456
v -0.008183 0.063129 -0.049041
v -0.011562 0.068768 -0.045657
v -0.018919 0.068768 -0.043131
v -0.023109 0.063129 -0.044031
v -0.022416 0.068768 -0.041422
v -0.023657 0.063129 -0.043715
v -0.025760 0.068768 -0.039429
v -0.011901 0.063129 -0.048282
v -0.015747 0.063129 -0.047168
v -0.015293 0.068768 -0.044546
v -0.016141 0.063129 -0.047019
v -0.019491 0.063129 -0.045748
v -0.031899 0.068768 -0.034651
v -0.035864 0.063129 -0.034447
v -0.034651 0.068768 -0.031899
v -0.036562 0.063129 -0.033659
v -0.037167 0.068768 -0.028928
v -0.026578 0.063129 -0.042029
v -0.029873 0.063129 -0.039754
v -0.028928 0.068768 -0.037167
v -0.030526 0.063129 -0.039221
v -0.032975 0.063129 -0.037221
v -0.041422 0.068768 -0.022416
v -0.044926 0.063129 -0.021318
v -0.043131 0.068768 -0.018919
v -0.045505 0.063129 -0.019961
v -0.044546 0.068768 -0.015293
v -0.038519 0.063129 -0.031450
v -0.040925 0.063129 -0.028248
v -0.039429 0.068768 -0.025760
v -0.041601 0.063129 -0.027180
v -0.043065 0.063129 -0.024864
v -0.049365 0.063129 -0.005994
v -0.046937 0.068768 -0.003889
v -0.046456 0.068768 -0.007752
v -0.046496 0.063129 -0.017634
v -0.047764 0.063129 -0.013835
v -0.045657 0.068768 -0.011562
v -0.048168 0.063129 -0.012198
v -0.048722 0.063129 -0.009947
v -0.049518 0.063129 -0.004103
v -0.049687 0.063129 -0.002002
v -0.047098 0.068768 0.000000
v -0.049687 0.063129 0.002002
v -0.046937 0.068768 0.003889
v -0.049518 0.063129 0.004103
v -0.049365 0.063129 0.005994
v -0.046456 0.068768 0.007752
v -0.048722 0.063129 0.009947
v -0.045657 0.068768 0.011562
v -0.048168 0.063129 0.012198
v -0.047764 0.063129 0.013835
v -0.044546 0.068768 0.015293
v -0.046496 0.063129 0.017634
v -0.043131 0.068768 0.018919
v -0.045505 0.063129 0.019961
v -0.044926 0.063129 0.021318
v -0.041422 0.068768 0.022416
v -0.043065 0.063129 0.024864
v -0.039429 0.068768 0.025760
v -0.041601 0.063129 0.027180
v -0.040925 0.063129 0.028248
v -0.037167 0.068768 0.028928
v -0.038519 0.063129 0.031450
v -0.034651 0.068768 0.031899
v -0.036562 0.063129 0.033659
v -0.035864 0.063129 0.034447
v -0.031899 0.068768 0.034651
v -0.032975 0.063129 0.037221
v -0.028928 0.068768 0.037167
v -0.030526 0.063129 0.039221
v -0.029873 0.063129 0.039754
v -0.025760 0.068768 0.039429
v -0.026578 0.063129 0.042029
v -0.022416 0.068768 0.041422
v -0.023657 0.063129 0.043715
v -0.023109 0.063129 0.044031
v -0.018919 0.068768 0.043131
v -0.019491 0.063129 0.045748
v -0.015293 0.068768 0.044546
v -0.016141 0.063129 0.047019
v -0.015747 0.063129 0.047168
v -0.011562 0.068768 0.045657
v -0.011901 0.063129 0.048282
v -0.007752 0.068768 0.046456
v 0.003889 0.068768 0.046937
v 0.007977 0.063129 0.049083
v 0.007752 0.068768 0.046456
v 0.008183 0.063129 0.049041
v 0.011562 0.068768 0.045657
v -0.008183 0.063129 0.049041
v -0.007977 0.063129 0.049083
v -0.003889 0.068768 0.046937
v -0.004001 0.063129 0.049566
v 0.000000 0.068768 0.047098
v 0.000000 0.063129 0.049727
v 0.004001 0.063129 0.049566
v 0.018919 0.068768 0.043131
v 0.023109 0.063129 0.044031
v 0.022416 0.068768 0.041422
v 0.023657 0.063129 0.043715
v 0.025760 0.068768 0.039429
v 0.011901 0.063129 0.048282
v 0.015747 0.063129 0.047168
v 0.015293 0.068768 0.044546
v 0.016141 0.063129 0.047019
v 0.019491 0.063129 0.045748
v 0.031899 0.068768 0.034651
v 0.035864 0.063129 0.034447
v 0.034651 0.068768 0.031899
v 0.036562 0.063129 0.033659
v 0.037167 0.068768 0.028928
v 0.026578 0.063129 0.042029
v 0.029873 0.063129 0.039754
v 0.028928 0.068768 0.037167
v 0.030526 0.063129 0.039221
v 0.032975 0.063129 0.037221
v 0.041422 0.068768 0.022416
v 0.044926 0.063129 0.021318
v 0.043131 0.068768 0.018919
v 0.045505 0.063129 0.019961
v 0.044546 0.068768 0.015293
v 0.038519 0.063129 0.031450
v 0.040925 0.063129 0.028248
v 0.039429 0.068768 0.025760
v 0.041601 0.063129 0.027180
v 0.043065 0.063129 0.024864
v 0.049365 0.063129 0.005994
v 0.046937 0.068768 0.003889
v 0.046456 0.068768 0.007752
v 0.046496 0.063129 0.017634
v 0.047764 0.063129 0.013835
v 0.045657 0.068768 0.011562
v 0.048168 0.063129 0.012198
v 0.048722 0.063129 0.009947
v 0.049518 0.063129 0.004103
v 0.049687 0.063129 0.002002
v 0.047098 0.068768 0.000000
v 0.049687 0.063129 -0.002002
v 0.046937 0.068768 -0.003889
v 0.049518 0.063129 -0.004103
v 0.049365 0.063129 -0.005994
v 0.046456 0.068768 -0.007752
v 0.048722 0.063129 -0.009947
v 0.045657 0.068768 -0.011562
v 0.048168 0.063129 -0.012198
v 0.047764 0.063129 -0.013835
v 0.044546 0.068768 -0.015293
v 0.046496 0.063129 -0.017634
v 0.043131 0.068768 -0.018919
v 0.045505 0.063129 -0.019961
v 0.044926 0.063129 -0.021318
v 0.041422 0.068768 -0.022416
v 0.043065 0.063129 -0.024864
v 0.039429 0.068768 -0.025760
v 0.041601 0.063129 -0.027180
v 0.040925 0.063129 -0.028248
v 0.037167 0.068768 -0.028928
v 0.038519 0.063129 -0.031450
v 0.034651 0.068768 -0.031899
v 0.036562 0.063129 -0.033659
v 0.035864 0.063129 -0.034447
v 0.031899 0.068768 -0.034651
v 0.032975 0.063129 -0.037221
v 0.028928 0.068768 -0.037167
v 0.030526 0.063129 -0.039221
v 0.029873 0.063129 -0.039754
v 0.025760 0.068768 -0.039429
v 0.026578 0.063129 -0.042029
v 0.022416 0.068768 -0.041422
v 0.023657 0.063129 -0.043715
v 0.023109 0.063129 -0.044031
v 0.018919 0.068768 -0.043131
v 0.019491 0.063129 -0.045748
v 0.015293 0.068768 -0.044546
v 0.016141 0.063129 -0.047019
v 0.015747 0.063129 -0.047168
v 0.011562 0.068768 -0.045657
v 0.011901 0.063129 -0.048282
v 0.007752 0.068768 -0.046456
v 0.008183 0.063129 -0.049041
v 0.007977 0.063129 -0.049083
v 0.003889 0.068768 -0.046937
v 0.004001 0.063129 -0.049566
v 0.000000 0.068768 -0.047098
v 0.000000 0.063129 -0.049727
v -0.004001 0.063129 -0.049566
v -0.012031 0.061548 0.048811
v -0.015920 0.061548 0.047685
v -0.019705 0.061548 0.046249
v -0.023363 0.061548 0.044514
v -0.026869 0.061548 0.042489
v -0.030200 0.061548 0.040190
v -0.033336 0.061548 0.037629
v -0.036256 0.061548 0.034825
v -0.038941 0.061548 0.031794
v -0.041373 0.061548 0.028558
v -0.043537 0.061548 0.025136
v -0.045418 0.061548 0.021551
v -0.047005 0.061548 0.017827
v -0.048287 0.061548 0.013987
v -0.049256 0.061548 0.010056
v -0.049905 0.061548 0.006060
v -0.050231 0.061548 0.002024
v -0.049905 0.061548 -0.006060
v -0.050231 0.061548 -0.002024
v -0.049256 0.061548 -0.010056
v -0.048287 0.061548 -0.013987
v -0.045418 0.061548 -0.021551
v -0.047005 0.061548 -0.017827
v -0.043537 0.061548 -0.025136
v -0.041373 0.061548 -0.028558
v -0.036256 0.061548 -0.034825
v -0.038941 0.061548 -0.031794
v -0.033336 0.061548 -0.037629
v -0.030200 0.061548 -0.040190
v -0.026869 0.061548 -0.042489
v -0.023363 0.061548 -0.044514
v -0.019705 0.061548 -0.046249
v -0.015920 0.061548 -0.047685
v -0.012031 0.061548 -0.048811
v -0.008064 0.061548 -0.049621
v -0.004045 0.061548 -0.050109
v 0.000000 0.063129 -0.049727
v 0.000000 0.061548 -0.050272
v 0.004045 0.061548 -0.050109
v 0.008064 0.061548 -0.049621
v 0.012031 0.061548 -0.048811
v 0.015920 0.061548 -0.047685
v 0.019705 0.061548 -0.046249
v 0.023363 0.061548 -0.044514
v 0.026869 0.061548 -0.042489
v 0.030200 0.061548 -0.040190
v 0.033336 0.061548 -0.037629
v 0.036256 0.061548 -0.034825
v 0.038941 0.061548 -0.031794
v 0.041373 0.061548 -0.028558
v 0.043537 0.061548 -0.025136
v 0.045418 0.061548 -0.021551
v 0.047005 0.061548 -0.017827
v 0.048287 0.061548 -0.013987
v 0.049256 0.061548 -0.010056
v 0.049905 0.061548 -0.006060
v 0.050231 0.061548 -0.002024
v 0.049905 0.061548 0.006060
v 0.050231 0.061548 0.002024
v 0.049256 0.061548 0.010056
v 0.048287 0.061548 0.013987
v 0.045418 0.061548 0.021551
v 0.047005 0.061548 0.017827
v 0.043537 0.061548 0.025136
v 0.041373 0.061548 0.028558
v 0.036256 0.061548 0.034825
v 0.038941 0.061548 0.031794
v 0.033336 0.061548 0.037629
v 0.030200 0.061548 0.040190
v 0.026869 0.061548 0.042489
v 0.023363 0.061548 0.044514
v 0.019705 0.061548 0.046249
v 0.015920 0.061548 0.047685
v 0.012031 0.061548 0.048811
v 0.008064 0.061548 0.049621
v 0.004045 0.061548 0.050109
v 0.000000 0.063129 0.049727
v 0.000000 0.061548 0.050272
v -0.004045 0.061548 0.050109
v -0.008064 0.061548 0.049621
v 0.000000 0.059888 -0.050476
v 0.003756 0.070288 0.045332
v 0.000000 0.070500 0.044379
v 0.000000 0.070288 0.045487
v -0.003756 0.070288 0.045332
v -0.007487 0.070288 0.044867
v -0.011166 0.070288 0.044095
v -0.014770 0.070288 0.043022
v -0.018272 0.070288 0.041656
v -0.021649 0.070288 0.040005
v -0.024879 0.070288 0.038080
v -0.027939 0.070288 0.035896
v -0.030807 0.070288 0.033466
v -0.033466 0.070288 0.030807
v -0.035896 0.070288 0.027939
v -0.038080 0.070288 0.024879
v -0.040005 0.070288 0.021649
v -0.041656 0.070288 0.018272
v -0.043022 0.070288 0.014770
v -0.044095 0.070288 0.011166
v -0.044867 0.070288 0.007487
v -0.045332 0.070288 0.003756
v -0.045487 0.070288 0.000000
v -0.045332 0.070288 -0.003756
v -0.044867 0.070288 -0.007487
v -0.044095 0.070288 -0.011166
v -0.043022 0.070288 -0.014770
v -0.041656 0.070288 -0.018272
v -0.040005 0.070288 -0.021649
v -0.038080 0.070288 -0.024879
v -0.035896 0.070288 -0.027939
v -0.033466 0.070288 -0.030807
v -0.030807 0.070288 -0.033466
v -0.027939 0.070288 -0.035896
v -0.024879 0.070288 -0.038080
v -0.021649 0.070288 -0.040005
v -0.018272 0.070288 -0.041656
v -0.014770 0.070288 -0.043022
v -0.011166 0.070288 -0.044095
v -0.007487 0.070288 -0.044867
v -0.003756 0.070288 -0.045332
v 0.000000 0.070288 -0.045487
v 0.003756 0.070288 -0.045332
v 0.007487 0.070288 -0.044867
v 0.011166 0.070288 -0.044095
v 0.014770 0.070288 -0.043022
v 0.018272 0.070288 -0.041656
v 0.021649 0.070288 -0.040005
v 0.024879 0.070288 -0.038080
v 0.027939 0.070288 -0.035896
v 0.030807 0.070288 -0.033466
v 0.033466 0.070288 -0.030807
v 0.035896 0.070288 -0.027939
v 0.038080 0.070288 -0.024879
v 0.040005 0.070288 -0.021649
v 0.041656 0.070288 -0.018272
v 0.043022 0.070288 -0.014770
v 0.044095 0.070288 -0.011166
v 0.044867 0.070288 -0.007487
v 0.045332 0.070288 -0.003756
v 0.045487 0.070288 0.000000
v 0.045332 0.070288 0.003756
v 0.044867 0.070288 0.007487
v 0.044095 0.070288 0.011166
v 0.043022 0.070288 0.014770
v 0.041656 0.070288 0.018272
v 0.040005 0.070288 0.021649
v 0.038080 0.070288 0.024879
v 0.035896 0.070288 0.027939
v 0.033466 0.070288 0.030807
v 0.030807 0.070288 0.033466
v 0.027939 0.070288 0.035896
v 0.024879 0.070288 0.038080
v 0.021649 0.070288 0.040005
v 0.018272 0.070288 0.041656
v 0.014770 0.070288 0.043022
v 0.011166 0.070288 0.044095
v 0.007487 0.070288 0.044867
v 0.003835 0.069682 0.046279
v 0.000000 0.069682 0.046438
v -0.003835 0.069682 0.046279
v -0.007643 0.069682 0.045805
v -0.011400 0.069682 0.045017
v -0.015078 0.069682 0.043922
v -0.018654 0.069682 0.042527
v -0.022102 0.069682 0.040841
v -0.025399 0.069682 0.038876
v -0.028523 0.069682 0.036646
v -0.031452 0.069682 0.034166
v -0.034166 0.069682 0.031452
v -0.036646 0.069682 0.028523
v -0.038876 0.069682 0.025399
v -0.040841 0.069682 0.022102
v -0.042527 0.069682 0.018654
v -0.043922 0.069682 0.015078
v -0.045017 0.069682 0.011400
v -0.045805 0.069682 0.007643
v -0.046279 0.069682 0.003835
v -0.046438 0.069682 0.000000
v -0.046279 0.069682 -0.003835
v -0.045805 0.069682 -0.007643
v -0.045017 0.069682 -0.011400
v -0.043922 0.069682 -0.015078
v -0.042527 0.069682 -0.018654
v -0.040841 0.069682 -0.022102
v -0.038876 0.069682 -0.025399
v -0.036646 0.069682 -0.028523
v -0.034166 0.069682 -0.031452
v -0.031452 0.069682 -0.034166
v -0.028523 0.069682 -0.036646
v -0.025399 0.069682 -0.038876
v -0.022102 0.069682 -0.040841
v -0.018654 0.069682 -0.042527
v -0.015078 0.069682 -0.043922
v -0.011400 0.069682 -0.045017
v -0.007643 0.069682 -0.045805
v -0.003835 0.069682 -0.046279
v 0.000000 0.069682 -0.046438
v 0.003835 0.069682 -0.046279
v 0.007643 0.069682 -0.045805
v 0.011400 0.069682 -0.045017
v 0.015078 0.069682 -0.043922
v 0.018654 0.069682 -0.042527
v 0.022102 0.069682 -0.040841
v 0.025399 0.069682 -0.038876
v 0.028523 0.069682 -0.036646
v 0.031452 0.069682 -0.034166
v 0.034166 0.069682 -0.031452
v 0.036646 0.069682 -0.028523
v 0.038876 0.069682 -0.025399
v 0.040841 0.069682 -0.022102
v 0.042527 0.069682 -0.018654
v 0.043922 0.069682 -0.015078
v 0.045017 0.069682 -0.011400
v 0.045805 0.069682 -0.007643
v 0.046279 0.069682 -0.003835
v 0.046438 0.069682 0.000000
v 0.046279 0.069682 0.003835
v 0.045805 0.069682 0.007643
v 0.045017 0.069682 0.011400
v 0.043922 0.069682 0.015078
v 0.042527 0.069682 0.018654
v 0.040841 0.069682 0.022102
v 0.038876 0.069682 0.025399
v 0.036646 0.069682 0.028523
v 0.034166 0.069682 0.031452
v 0.031452 0.069682 0.034166
v 0.028523 0.069682 0.036646
v 0.025399 0.069682 0.038876
v 0.022102 0.069682 0.040841
v 0.018654 0.069682 0.042527
v 0.015078 0.069682 0.043922
v 0.011400 0.069682 0.045017
v 0.007643 0.069682 0.045805
v 0.000000 0.068768 0.047098
v -0.047098 0.068768 0.000000
v 0.000000 0.068768 -0.047098
v 0.047098 0.068768 0.000000
vn 1.0000 -0.0000 -0.0000
vn 0.0055 0.1556 -0.9878
vn 0.0052 0.3531 0.9356
vn 0.0072 0.3079 0.9514
vn 0.0106 0.2703 0.9627
vn 0.0149 0.2349 0.9719
vn 0.0218 0.1935 0.9809
vn -0.0158 0.3701 0.9289
vn 0.0055 0.1637 0.9865
vn 0.0057 0.1618 0.9868
vn 0.0057 0.1638 0.9865
vn 0.0041 0.5565 0.8308
vn 0.0056 0.5130 0.8584
vn 0.0082 0.4814 0.8764
vn 0.0115 0.4499 0.8930
vn 0.0182 0.4075 0.9130
vn 0.0052 0.3701 0.9290
vn -0.0151 0.5611 0.8276
vn 0.0037 0.6873 0.7264
vn 0.0057 0.6633 0.7483
vn 0.0078 0.6433 0.7656
vn 0.0098 0.6276 0.7785
vn 0.0126 0.6077 0.7941
vn 0.0042 0.5612 0.8277
vn -0.0108 0.7260 0.6877
vn -0.0000 0.7167 0.6974
vn 0.0010 0.7209 0.6930
vn 0.0010 0.7162 0.6979
vn 0.0014 0.7260 0.6877
vn -0.0011 0.8256 0.5642
vn 0.0018 0.8569 0.5156
vn 0.0018 0.8246 0.5656
vn 0.0039 0.9085 0.4178
vn -0.0064 0.8568 0.5155
vn 0.0054 0.9661 0.2580
vn 0.0021 0.9477 0.3193
vn 0.0021 0.9664 0.2571
vn -0.0026 0.9476 0.3193
vn 0.0021 0.9959 0.0910
vn 0.0012 0.9941 0.1081
vn 0.0012 0.9959 0.0909
vn 0.0004 0.9941 0.1081
vn -0.0003 0.9971 -0.0766
vn -0.0080 0.8568 -0.5155
vn 0.0067 0.9699 -0.2433
vn 0.0027 0.9476 -0.3193
vn 0.0027 0.9702 -0.2423
vn -0.0037 0.9476 -0.3193
vn 0.0030 0.9970 -0.0769
vn 0.0014 0.9941 -0.1081
vn 0.0014 0.8360 -0.5488
vn 0.0049 0.9156 -0.4020
vn 0.0054 0.6669 -0.7452
vn 0.0034 0.6909 -0.7229
vn -0.0007 0.8569 -0.5156
vn 0.0006 0.7260 -0.6877
vn 0.0010 0.7314 -0.6819
vn 0.0010 0.7208 -0.6931
vn 0.0031 0.7303 -0.6831
vn -0.0000 0.6628 -0.7488
vn 0.0046 0.5325 -0.8464
vn 0.0041 0.5757 -0.8177
vn 0.0041 0.5612 -0.8277
vn 0.0029 0.5739 -0.8189
vn -0.0076 0.7260 -0.6877
vn 0.0105 0.6220 -0.7830
vn 0.0074 0.6470 -0.7625
vn 0.0049 0.3701 -0.9290
vn 0.0035 0.3837 -0.9234
vn -0.0084 0.5612 -0.8277
vn 0.0124 0.4431 -0.8964
vn 0.0074 0.4880 -0.8728
vn 0.0111 0.2649 -0.9642
vn 0.0055 0.1618 -0.9868
vn 0.0062 0.1557 -0.9878
vn -0.0143 0.3701 -0.9289
vn 0.0206 0.1996 -0.9797
vn 0.0156 0.2312 -0.9728
vn 0.0071 0.3091 -0.9510
vn 0.0055 0.3448 -0.9386
vn 0.0049 0.3847 -0.9230
vn 0.0058 0.1470 0.9891
vn 0.0070 0.1018 0.9948
vn 0.0013 0.1618 0.9868
vn -0.0004 0.0338 0.9994
vn 0.0043 -0.0541 0.9985
vn 0.0058 -0.0271 0.9996
vn 0.0058 -0.0541 0.9985
vn -0.0000 -0.1081 0.9941
vn -0.0000 -0.2675 0.9636
vn 0.0058 -0.2150 0.9766
vn 0.0058 -0.2675 0.9635
vn -0.0000 -0.3193 0.9477
vn -0.0000 -0.4684 0.8835
vn 0.0058 -0.4199 0.9076
vn 0.0058 -0.4684 0.8835
vn -0.0000 -0.5156 0.8569
vn -0.0000 -0.6474 0.7622
vn 0.0058 -0.6052 0.7961
vn 0.0058 -0.6474 0.7621
vn -0.0000 -0.6877 0.7260
vn -0.0000 -0.7961 0.6052
vn 0.0058 -0.7621 0.6474
vn 0.0058 -0.7961 0.6052
vn -0.0000 -0.8277 0.5612
vn -0.0000 -0.9076 0.4199
vn 0.0058 -0.8835 0.4684
vn 0.0058 -0.9076 0.4199
vn -0.0000 -0.9290 0.3701
vn -0.0000 -0.9766 0.2150
vn 0.0058 -0.9635 0.2675
vn 0.0058 -0.9766 0.2150
vn -0.0000 -0.9868 0.1618
vn -0.0000 -0.9985 0.0541
vn -0.0000 -0.9985 -0.0541
vn -0.0000 -0.9766 -0.2150
vn 0.0058 -0.9868 -0.1618
vn 0.0058 -0.9766 -0.2150
vn -0.0000 -0.9636 -0.2675
vn -0.0000 -0.9076 -0.4199
vn 0.0058 -0.9290 -0.3701
vn 0.0058 -0.9076 -0.4199
vn -0.0000 -0.8835 -0.4684
vn -0.0000 -0.7961 -0.6052
vn 0.0058 -0.8277 -0.5612
vn 0.0058 -0.7961 -0.6052
vn -0.0000 -0.7622 -0.6474
vn -0.0000 -0.6474 -0.7622
vn 0.0058 -0.6877 -0.7260
vn 0.0058 -0.6474 -0.7621
vn -0.0000 -0.6052 -0.7961
vn -0.0000 -0.4684 -0.8835
vn 0.0058 -0.5155 -0.8568
vn 0.0058 -0.4684 -0.8835
vn -0.0000 -0.4199 -0.9076
vn -0.0000 -0.2675 -0.9635
vn 0.0058 -0.3193 -0.9476
vn 0.0058 -0.2675 -0.9635
vn -0.0000 -0.2150 -0.9766
vn -0.0000 -0.0541 -0.9985
vn 0.0058 -0.1081 -0.9941
vn 0.0058 -0.0541 -0.9985
vn 0.0029 -0.0271 -0.9996
vn -0.0072 0.1618 -0.9868
vn 0.0132 0.0341 -0.9993
vn 0.0070 0.1018 -0.9948
vn -0.0000 1.0000 -0.0000
vn 0.6386 0.0144 -0.7694
vn 0.9904 -0.0709 -0.1184
vn 0.9941 0.0021 -0.1081
vn 0.9933 0.0021 -0.1159
vn 0.9477 -0.0023 -0.3193
vn 0.9486 -0.0381 -0.3141
vn 0.8158 -0.0021 -0.5783
vn 0.8430 -0.0708 -0.5332
vn 0.8491 -0.1339 -0.5109
vn 0.8902 0.0166 -0.4553
vn 0.6713 -0.0027 -0.7412
vn 0.6966 -0.0137 -0.7174
vn 0.7251 -0.0528 -0.6866
vn 0.7250 -0.0525 -0.6868
vn 0.7815 0.0017 -0.6238
vn 0.7817 0.0017 -0.6236
vn 0.5446 0.0176 -0.8385
vn 0.5251 0.0131 -0.8509
vn 0.5062 0.0096 -0.8624
vn 0.6473 0.0144 -0.7621
vn 0.6401 0.0118 -0.7682
vn 0.4681 -0.0388 -0.8828
vn 0.5951 0.0372 -0.8028
vn 0.5679 0.0250 -0.8227
vn 0.5177 -0.0030 -0.8556
vn 0.5287 -0.0059 -0.8488
vn 0.5402 -0.0097 -0.8415
vn 0.5544 -0.0160 -0.8321
vn 0.5664 -0.0236 -0.8238
vn 0.5820 -0.0355 -0.8124
vn 0.5612 -0.0112 -0.8276
vn 0.6473 0.0014 -0.7622
vn 0.9950 0.0324 0.0939
vn 0.9968 -0.0279 -0.0743
vn 0.9981 -0.0279 -0.0541
vn 0.9924 -0.1030 -0.0676
vn 0.9687 0.1274 -0.2132
vn 0.9651 0.0567 -0.2557
vn 0.9750 0.0568 -0.2146
vn 0.9706 -0.0028 -0.2409
vn 0.9076 0.0036 -0.4199
vn 0.9126 0.0208 -0.4083
vn 0.9074 0.0208 -0.4198
vn 0.9110 0.0288 -0.4114
vn 0.7955 -0.0400 -0.6047
vn 0.8298 0.0194 -0.5577
vn 0.7959 0.0194 -0.6051
vn 0.8225 0.0398 -0.5674
vn 0.6463 -0.0573 -0.7609
vn 0.7202 0.0224 -0.6934
vn 0.6536 0.0148 -0.7567
vn 0.9857 -0.1596 0.0534
vn 0.9673 0.1375 0.2129
vn 0.9594 0.0668 0.2741
vn 0.9744 0.0671 0.2145
vn 0.9677 -0.0183 0.2516
vn 0.9073 0.0225 0.4198
vn 0.9057 0.0181 0.4236
vn 0.9074 0.0181 0.4198
vn 0.9062 0.0155 0.4225
vn 0.7959 -0.0206 0.6050
vn 0.8203 0.0140 0.5718
vn 0.6277 0.0140 0.7783
vn 0.7078 0.0164 0.7062
vn 0.7959 0.0195 0.6051
vn 0.6469 -0.0391 0.7616
vn 0.5529 -0.0151 0.8331
vn 0.5612 0.0002 0.8277
vn 0.5940 -0.0482 0.8031
vn 0.5720 -0.0270 0.8198
vn 0.5379 -0.0089 0.8430
vn 0.5269 -0.0054 0.8499
vn 0.5156 -0.0025 0.8568
vn 0.4792 0.0053 0.8777
vn 0.5089 0.0100 0.8608
vn 0.5273 0.0135 0.8496
vn 0.5455 0.0179 0.8379
vn 0.5601 0.0225 0.8281
vn 0.5786 0.0293 0.8151
vn 0.6276 0.0140 0.7784
vn 0.6473 0.0120 0.7621
vn 0.4683 -0.0245 0.8832
vn 0.7256 -0.0313 0.6874
vn 0.7376 -0.0893 0.6694
vn 0.7141 -0.0333 0.6992
vn 0.6838 -0.0056 0.7296
vn 0.6573 -0.0001 0.7536
vn 0.6313 0.0002 0.7755
vn 0.8303 -0.0271 0.5566
vn 0.8008 0.0062 0.5989
vn 0.9358 0.1578 0.3153
vn 0.8952 -0.3882 0.2190
vn 0.9049 0.1278 0.4060
vn 0.8499 0.1270 0.5114
vn 0.8329 -0.3896 0.3931
vn 0.8474 -0.1110 0.5193
vn 1.0000 -0.0000 -0.0076
vn 1.0000 -0.0000 0.0076
vn 0.9921 -0.0641 0.1079
vn 0.9556 -0.2845 0.0772
vn 0.9639 0.1586 0.2138
vn 0.4800 0.0054 0.8773
vn 0.4684 0.0054 0.8835
vn 0.3701 -0.0054 0.9290
vn 0.2675 0.0054 0.9635
vn 0.1618 -0.0054 0.9868
vn 0.0541 0.0054 0.9985
vn -0.0541 -0.0054 0.9985
vn -0.1618 0.0054 0.9868
vn -0.2675 -0.0054 0.9635
vn -0.3701 0.0054 0.9290
vn -0.4684 -0.0054 0.8835
vn -0.5612 0.0054 0.8277
vn -0.6474 -0.0054 0.7622
vn -0.7260 0.0054 0.6877
vn -0.7961 -0.0054 0.6052
vn -0.8568 0.0054 0.5156
vn -0.8568 0.0054 0.5155
vn -0.9076 -0.0054 0.4199
vn -0.9476 0.0054 0.3193
vn -0.9766 -0.0054 0.2150
vn -0.9941 0.0054 0.1081
vn -1.0000 -0.0054 -0.0000
vn -0.9941 0.0054 -0.1081
vn -0.9766 -0.0054 -0.2150
vn -0.9476 0.0054 -0.3193
vn -0.9076 -0.0054 -0.4199
vn -0.8568 0.0054 -0.5155
vn -0.8568 0.0054 -0.5156
vn -0.7961 -0.0054 -0.6052
vn -0.7260 0.0054 -0.6877
vn -0.6474 -0.0054 -0.7622
vn -0.5612 0.0054 -0.8277
vn -0.4684 -0.0054 -0.8835
vn -0.3701 0.0054 -0.9290
vn -0.2675 -0.0054 -0.9635
vn -0.1618 0.0054 -0.9868
vn -0.0541 -0.0054 -0.9985
vn 0.0541 0.0054 -0.9985
vn 0.1618 -0.0054 -0.9868
vn 0.4709 0.0041 -0.8822
vn 0.4805 0.0054 -0.8770
vn 0.4684 0.0054 -0.8835
vn 0.3701 -0.0054 -0.9290
vn 0.2675 0.0054 -0.9635
vn -0.6643 -0.3030 -0.6833
vn -0.6823 -0.2274 -0.6948
vn -0.6930 -0.1671 -0.7013
vn -0.7004 -0.1104 -0.7052
vn -0.7060 -0.0371 -0.7073
vn -0.5276 -0.6444 -0.5536
vn -0.5755 -0.5606 -0.5954
vn -0.6185 -0.4635 -0.6345
vn -0.6794 -0.2548 -0.6881
vn -0.6252 -0.4204 -0.6576
vn -0.6471 -0.3599 -0.6721
vn -0.1803 -0.9601 -0.2138
vn -0.0937 -0.9822 -0.1629
vn -0.1514 -0.9672 -0.2039
vn -0.2204 -0.9402 -0.2598
vn -0.2992 -0.8951 -0.3307
vn -0.3817 -0.8282 -0.4104
vn -0.4941 -0.6981 -0.5182
vn -0.4155 -0.7831 -0.4627
vn -0.4732 -0.7197 -0.5081
vn -0.7715 -0.2491 -0.5855
vn -0.9061 -0.2501 -0.3412
vn -0.9595 -0.2596 -0.1097
vn -0.9614 -0.2540 -0.1059
vn -0.7025 -0.7049 -0.0981
vn -0.7053 -0.7024 -0.0961
vn -0.2575 -0.9644 -0.0607
vn -0.2587 -0.9641 -0.0602
vn -0.9041 -0.2578 -0.3408
vn -0.9069 -0.2518 -0.3379
vn -0.6618 -0.7004 -0.2672
vn -0.6657 -0.6970 -0.2664
vn -0.2428 -0.9623 -0.1228
vn -0.2445 -0.9618 -0.1227
vn -0.7700 -0.2558 -0.5846
vn -0.7731 -0.2500 -0.5830
vn -0.5625 -0.6971 -0.4447
vn -0.5658 -0.6942 -0.4450
vn -0.2061 -0.9604 -0.1877
vn -0.2075 -0.9600 -0.1881
vn -0.0000 0.6363 -0.7714
vn 0.0031 0.5018 -0.8650
vn 0.0112 0.5543 -0.8322
vn 0.0021 0.4465 -0.8948
vn 0.0003 0.0299 -0.9996
vn 0.0042 0.1246 -0.9922
vn 0.0112 0.2196 -0.9755
vn 0.0033 0.1503 -0.9886
vn -0.0006 0.3338 -0.9427
vn 0.0021 -0.1577 -0.9875
vn -0.0002 -0.0640 -0.9980
vn -0.0002 -0.0641 -0.9979
vn 0.0027 -0.5206 -0.8538
vn 0.0002 -0.4400 -0.8980
vn -0.0003 -0.3628 -0.9319
vn -0.0003 -0.2221 -0.9750
vn 0.0181 -0.3510 -0.9362
vn 0.0082 -0.2553 -0.9668
vn 0.0011 -0.7764 -0.6302
vn -0.0002 -0.7050 -0.7092
vn -0.0002 -0.5637 -0.8260
vn 0.0245 -0.6864 -0.7268
vn 0.0124 -0.6205 -0.7841
vn -0.0000 -0.9754 -0.2205
vn 0.0219 -0.9920 -0.1247
vn 0.0051 -0.9677 -0.2522
vn -0.0011 -0.9253 -0.3792
vn -0.0011 -0.8269 -0.5623
vn 0.0317 -0.9121 -0.4088
vn 0.0122 -0.8550 -0.5186
vn -0.4274 -0.7652 -0.4815
vn -0.0796 0.4515 -0.8887
vn -0.1668 -0.9453 -0.2804
vn 0.0750 -0.9726 -0.2199
vn -0.1597 -0.7836 -0.6004
vn 0.0434 -0.8262 -0.5618
vn -0.1341 -0.5202 -0.8434
vn 0.0131 -0.5636 -0.8259
vn -0.0957 -0.1885 -0.9774
vn -0.0070 -0.2221 -0.9750
vn -0.0551 0.1687 -0.9841
vn -0.0146 0.1503 -0.9885
vn -0.0188 0.5050 -0.8629
vn -0.0122 0.5018 -0.8649
vn -0.2444 -0.9052 -0.3478
vn -0.0260 -0.9569 -0.2894
vn -0.2335 -0.7307 -0.6415
vn -0.0649 -0.7918 -0.6073
vn -0.1997 -0.4694 -0.8601
vn -0.0865 -0.5241 -0.8472
vn -0.1488 -0.1517 -0.9772
vn -0.0868 -0.1892 -0.9781
vn -0.0893 0.1851 -0.9786
vn -0.0672 0.1695 -0.9832
vn -0.0276 0.5016 -0.8647
vn -0.0333 0.5059 -0.8619
vn -0.3276 -0.8451 -0.4224
vn -0.1302 -0.9230 -0.3620
vn -0.3082 -0.6617 -0.6835
vn -0.1687 -0.7409 -0.6501
vn -0.2631 -0.4087 -0.8739
vn -0.1781 -0.4727 -0.8630
vn -0.1982 -0.1121 -0.9737
vn -0.1578 -0.1504 -0.9759
vn -0.1206 0.1978 -0.9728
vn -0.1124 0.1884 -0.9756
vn -0.0372 0.4888 -0.8716
vn -0.0496 0.5046 -0.8619
vn -0.4025 -0.7744 -0.4881
vn -0.2323 -0.8676 -0.4397
vn -0.3722 -0.5891 -0.7173
vn -0.2600 -0.6730 -0.6925
vn -0.3154 -0.3496 -0.8822
vn -0.2527 -0.4111 -0.8759
vn -0.2378 -0.0772 -0.9683
vn -0.2124 -0.1089 -0.9711
vn -0.1457 0.2040 -0.9681
vn -0.1452 0.2032 -0.9683
vn -0.0459 0.4688 -0.8821
vn -0.0600 0.4938 -0.8675
vn -0.4691 -0.6924 -0.5482
vn -0.3231 -0.7953 -0.5129
vn -0.4246 -0.5123 -0.7465
vn -0.3330 -0.6013 -0.7263
vn -0.3553 -0.2915 -0.8881
vn -0.3086 -0.3517 -0.8838
vn -0.2665 -0.0465 -0.9627
vn -0.2508 -0.0732 -0.9653
vn -0.1638 0.2041 -0.9652
vn -0.1665 0.2102 -0.9634
vn -0.0494 0.4489 -0.8922
vn -0.0648 0.4744 -0.8779
vn -0.5280 -0.5986 -0.6023
vn -0.3991 -0.7206 -0.5670
vn -0.4677 -0.4311 -0.7716
vn -0.3937 -0.5246 -0.7548
vn -0.3860 -0.2340 -0.8923
vn -0.3518 -0.2929 -0.8891
vn -0.2875 -0.0194 -0.9576
vn -0.2783 -0.0419 -0.9596
vn -0.1770 0.1989 -0.9639
vn -0.1802 0.2105 -0.9608
vn -0.0599 0.4073 -0.9113
vn -0.0662 0.4464 -0.8924
vn -0.5723 -0.5111 -0.6413
vn -0.4652 -0.6306 -0.6212
vn -0.4992 -0.3594 -0.7884
vn -0.4401 -0.4451 -0.7799
vn -0.4078 -0.1854 -0.8941
vn -0.3820 -0.2360 -0.8935
vn -0.3018 0.0015 -0.9534
vn -0.2958 -0.0153 -0.9551
vn -0.1854 0.1912 -0.9639
vn -0.1884 0.2045 -0.9606
vn -0.0632 0.3733 -0.9255
vn -0.0674 0.4110 -0.9091
vn -0.0658 0.3749 -0.9247
vn -0.0670 0.3366 -0.9393
vn -0.1926 0.1955 -0.9616
vn -0.1912 0.1805 -0.9648
vn -0.3076 0.0051 -0.9515
vn -0.3108 0.0195 -0.9503
vn -0.4039 -0.1877 -0.8953
vn -0.4221 -0.1391 -0.8958
vn -0.4754 -0.3741 -0.7962
vn -0.5221 -0.2875 -0.8030
vn -0.5167 -0.5459 -0.6596
vn -0.6275 -0.4020 -0.6668
vn -0.6276 -0.4020 -0.6668
vn -0.6076 -0.4186 -0.6750
vn -0.1975 0.1708 -0.9653
vn -0.3183 0.0366 -0.9473
vn -0.4266 -0.1008 -0.8988
vn -0.5177 -0.2378 -0.8219
vn -0.0681 0.1445 -0.9872
vn -0.0630 0.1393 -0.9882
vn -0.0626 0.1454 -0.9874
vn -0.0687 0.1666 -0.9836
vn -0.0624 0.1789 -0.9819
vn -0.0672 0.1898 -0.9795
vn -0.0657 0.2043 -0.9767
vn -0.0702 0.2129 -0.9746
vn -0.0623 0.2343 -0.9702
vn -0.0699 0.2450 -0.9670
vn -0.0635 0.2715 -0.9603
vn -0.0655 0.2737 -0.9596
vn -0.0690 0.2982 -0.9520
vn -0.0879 0.3163 -0.9446
vn -0.1951 0.1605 -0.9676
vn -0.1961 0.1616 -0.9672
vn -0.1974 0.1502 -0.9687
vn -0.1958 0.1480 -0.9694
vn -0.1980 0.1388 -0.9703
vn -0.1968 0.1366 -0.9709
vn -0.1970 0.1305 -0.9717
vn -0.1954 0.1269 -0.9725
vn -0.1973 0.1220 -0.9727
vn -0.1950 0.1140 -0.9742
vn -0.1963 0.1116 -0.9742
vn -0.3209 0.0445 -0.9461
vn -0.3216 0.0453 -0.9458
vn -0.3218 0.0540 -0.9453
vn -0.3234 0.0564 -0.9446
vn -0.3227 0.0639 -0.9443
vn -0.3232 0.0649 -0.9441
vn -0.3236 0.0705 -0.9436
vn -0.3240 0.0714 -0.9434
vn -0.3227 0.0767 -0.9434
vn -0.3236 0.0798 -0.9428
vn -0.3220 0.0839 -0.9430
vn -0.4399 -0.0697 -0.8953
vn -0.4353 -0.0747 -0.8972
vn -0.4408 -0.0394 -0.8968
vn -0.4412 -0.0388 -0.8966
vn -0.4425 -0.0082 -0.8967
vn -0.4415 -0.0101 -0.8972
vn -0.4450 0.0122 -0.8954
vn -0.4452 0.0126 -0.8954
vn -0.4431 0.0333 -0.8959
vn -0.4458 0.0429 -0.8941
vn -0.4424 0.0570 -0.8950
vn -0.5499 -0.1770 -0.8162
vn -0.5328 -0.1962 -0.8232
vn -0.5531 -0.1255 -0.8236
vn -0.5451 -0.1369 -0.8271
vn -0.5563 -0.0732 -0.8277
vn -0.5486 -0.0881 -0.8315
vn -0.5599 -0.0401 -0.8276
vn -0.5559 -0.0496 -0.8298
vn -0.5570 -0.0043 -0.8305
vn -0.5590 0.0029 -0.8292
vn -0.5558 0.0340 -0.8307
vn -0.0640 0.3344 -0.9403
vn -0.0620 0.3052 -0.9503
vn -0.1947 0.1832 -0.9636
vn -0.1951 0.1684 -0.9662
vn -0.3155 0.0230 -0.9486
vn -0.3169 0.0352 -0.9478
vn -0.4205 -0.1403 -0.8964
vn -0.4322 -0.0954 -0.8967
vn -0.5040 -0.3014 -0.8094
vn -0.5387 -0.2175 -0.8140
vn -0.5589 -0.3969 -0.7281
vn -0.5871 -0.3713 -0.7193
vn -0.6492 -0.2722 -0.7102
vn -0.6091 -0.3177 -0.7267
vn -0.6583 -0.1981 -0.7263
vn -0.6307 -0.2380 -0.7386
vn -0.6644 -0.1234 -0.7371
vn -0.6405 -0.1699 -0.7490
vn -0.6683 -0.0792 -0.7397
vn -0.6525 -0.1170 -0.7487
vn -0.6646 -0.0265 -0.7467
vn -0.6604 -0.0420 -0.7497
vn -0.6611 0.0236 -0.7500
vn -0.7071 -0.0000 -0.7071
vn -0.9952 -0.0000 -0.0980
vn -0.9948 0.0044 -0.1018
vn -0.9569 -0.0042 -0.2903
vn -0.9396 0.0135 -0.3419
vn -0.9569 0.0134 -0.2903
vn -0.9390 0.0522 -0.3400
vn -0.8816 -0.0256 -0.4712
vn -0.8019 -0.0025 -0.5974
vn -0.8819 -0.0030 -0.4714
vn -0.8021 0.0482 -0.5952
vn -0.7730 -0.0000 -0.6344
vn -0.0000 -0.9994 -0.0349
vn 0.1041 0.5494 -0.8291
vn 0.3533 0.3533 -0.8662
vn 0.1404 0.5571 -0.8185
vn 0.0829 0.4951 -0.8649
vn 0.1459 0.4785 -0.8659
vn 0.0780 0.3895 -0.9177
vn 0.1326 0.3786 -0.9160
vn 0.0774 0.2853 -0.9553
vn 0.1029 0.2922 -0.9508
vn 0.1118 0.2630 -0.9583
vn 0.0801 0.1886 -0.9788
vn 0.1091 0.1919 -0.9753
vn 0.0855 0.1033 -0.9910
vn 0.1003 0.1085 -0.9890
vn 0.0899 0.0242 -0.9957
vn 0.0935 0.0261 -0.9953
vn 0.0959 -0.0511 -0.9941
vn 0.0948 -0.0558 -0.9939
vn 0.0889 -0.0520 -0.9947
vn 0.1013 -0.1252 -0.9870
vn 0.0863 -0.1412 -0.9862
vn 0.1067 -0.2046 -0.9730
vn 0.0866 -0.2328 -0.9687
vn 0.1124 -0.2873 -0.9512
vn 0.0936 -0.3248 -0.9411
vn 0.5631 0.1175 -0.8180
vn 0.5651 0.1221 -0.8160
vn 0.5610 0.1200 -0.8190
vn 0.5441 0.1021 -0.8328
vn 0.5345 0.1064 -0.8384
vn 0.5133 0.0788 -0.8546
vn 0.5037 0.0817 -0.8600
vn 0.4895 0.0576 -0.8701
vn 0.4814 0.0586 -0.8745
vn 0.4729 0.0386 -0.8803
vn 0.4672 0.0381 -0.8833
vn 0.4628 0.0217 -0.8862
vn 0.4599 0.0208 -0.8877
vn 0.4580 0.0052 -0.8889
vn 0.4572 0.0048 -0.8893
vn 0.4577 -0.0113 -0.8890
vn 0.4590 -0.0103 -0.8884
vn 0.4621 -0.0285 -0.8864
vn 0.4651 -0.0254 -0.8849
vn 0.4722 -0.0475 -0.8802
vn 0.4761 -0.0420 -0.8784
vn 0.4884 -0.0678 -0.8700
vn 0.4927 -0.0599 -0.8681
vn 0.5064 -0.0815 -0.8585
vn 0.5072 -0.0752 -0.8586
vn 0.5255 -0.1013 -0.8447
vn 0.5296 -0.0906 -0.8434
vn 0.0789 -0.3105 -0.9473
vn 0.1086 -0.3580 -0.9274
vn 0.1037 -0.3914 -0.9144
vn 0.1242 -0.4204 -0.8988
vn 0.0973 -0.4762 -0.8740
vn 0.1327 -0.5168 -0.8457
vn 0.1084 -0.5762 -0.8101
vn 0.1299 -0.5971 -0.7916
vn 0.1397 -0.6301 -0.7638
vn 0.5569 -0.1216 -0.8216
vn 0.5631 -0.1208 -0.8175
vn 0.5627 -0.1144 -0.8187
vn 0.5902 -0.1406 -0.7949
vn 0.5897 -0.1342 -0.7964
vn 0.6218 -0.1624 -0.7662
vn 0.6229 -0.1536 -0.7670
vn 0.6693 -0.1872 -0.7191
vn 0.6695 -0.1821 -0.7202
vn 0.1072 -0.6179 -0.7789
vn 0.1520 -0.6577 -0.7378
vn 0.1270 -0.7195 -0.6828
vn 0.1669 -0.7487 -0.6416
vn 0.1442 -0.8049 -0.5757
vn 0.1810 -0.8267 -0.5327
vn 0.1942 -0.8542 -0.4823
vn 0.1357 -0.8571 -0.4970
vn 0.1992 -0.8878 -0.4150
vn 0.1815 -0.9243 -0.3358
vn 0.2179 -0.9346 -0.2812
vn 0.2001 -0.9595 -0.1983
vn 0.3680 0.3553 -0.8593
vn 0.3285 0.3133 -0.8910
vn 0.3534 0.3043 -0.8846
vn 0.3065 0.2430 -0.9203
vn 0.3277 0.2375 -0.9144
vn 0.2916 0.1765 -0.9401
vn 0.3079 0.1749 -0.9352
vn 0.2830 0.1164 -0.9520
vn 0.2940 0.1174 -0.9486
vn 0.2798 0.0639 -0.9579
vn 0.2854 0.0657 -0.9562
vn 0.2791 0.0151 -0.9601
vn 0.2804 0.0157 -0.9598
vn 0.2819 -0.0319 -0.9589
vn 0.2795 -0.0338 -0.9595
vn 0.2871 -0.0789 -0.9546
vn 0.2814 -0.0847 -0.9558
vn 0.2959 -0.1297 -0.9464
vn 0.2881 -0.1402 -0.9473
vn 0.3086 -0.1832 -0.9334
vn 0.2995 -0.1988 -0.9331
vn 0.3177 -0.2275 -0.9205
vn 0.3156 -0.2408 -0.9178
vn 0.3372 -0.2714 -0.9015
vn 0.3266 -0.2951 -0.8979
vn 0.3630 -0.3368 -0.8688
vn 0.3535 -0.3640 -0.8617
vn 0.3816 -0.3909 -0.8376
vn 0.3819 -0.4102 -0.8282
vn 0.4131 -0.4376 -0.7987
vn 0.4038 -0.4707 -0.7845
vn 0.4533 -0.5067 -0.7333
vn 0.4455 -0.5412 -0.7132
vn 0.4944 -0.5698 -0.6564
vn 0.4896 -0.6021 -0.6306
vn 0.5375 -0.6234 -0.5678
vn 0.5331 -0.6554 -0.5351
vn 0.5819 -0.6690 -0.4625
vn 0.5780 -0.6979 -0.4229
vn 0.7158 -0.2090 -0.6663
vn 0.7161 -0.2088 -0.6660
vn 0.7159 -0.2087 -0.6663
vn 0.7159 -0.2086 -0.6663
vn 0.7611 -0.2286 -0.6070
vn 0.7617 -0.2330 -0.6046
vn 0.8056 -0.2450 -0.5394
vn 0.8073 -0.2542 -0.5326
vn -0.0616 0.0967 -0.9934
vn -0.3191 0.0626 -0.9457
vn -0.1820 0.0123 -0.9832
vn -0.6592 0.0094 -0.7519
vn -0.5478 -0.0673 -0.8339
vn -0.5417 -0.0527 -0.8389
vn -0.4410 0.0474 -0.8962
vn -0.1912 -0.0013 -0.9815
vn -0.1935 0.0285 -0.9807
vn -0.1950 0.0255 -0.9805
vn -0.5555 0.0093 -0.8314
vn -0.5551 0.0101 -0.8317
vn -0.5556 0.0104 -0.8314
vn -0.7070 -0.0192 -0.7070
vn -0.7075 -0.0764 -0.7026
vn -0.7086 -0.0921 -0.6995
vn -0.7072 -0.1520 -0.6905
vn -0.7056 -0.0925 -0.7025
vn -0.7079 -0.4299 -0.5603
vn -0.7065 -0.1521 -0.6912
vn -0.7067 -0.2259 -0.6705
vn -0.7089 -0.2699 -0.6517
vn -0.7078 -0.2966 -0.6411
vn -0.7073 -0.2705 -0.6531
vn -0.7071 -0.2969 -0.6417
vn -0.7063 -0.3650 -0.6066
vn -0.7081 -0.4273 -0.5621
vn -0.7082 -0.4298 -0.5601
vn -0.7064 -0.4868 -0.5139
vn -0.7059 -0.5620 -0.4312
vn -0.7082 -0.5381 -0.4571
vn -0.7089 -0.5596 -0.4294
vn -0.7068 -0.5855 -0.3970
vn -0.7026 -0.6574 -0.2723
vn -0.7079 -0.6240 -0.3308
vn -0.7079 -0.6240 -0.3309
vn -0.7085 -0.6520 -0.2701
vn -0.7077 -0.6563 -0.2615
vn -0.7063 -0.6821 -0.1894
vn -0.7062 -0.7019 -0.0924
vn -0.7074 -0.6810 -0.1892
vn -0.7068 -0.7013 -0.0923
vn -0.7091 -0.6959 -0.1141
vn -0.7066 -0.7066 -0.0383
vn -0.7066 -0.7066 0.0383
vn -0.7091 -0.6959 0.1141
vn -0.7068 -0.7013 0.0923
vn -0.7074 -0.6810 0.1892
vn -0.7062 -0.7019 0.0924
vn -0.7063 -0.6821 0.1894
vn -0.7077 -0.6563 0.2615
vn -0.7085 -0.6520 0.2701
vn -0.7079 -0.6240 0.3309
vn -0.7076 -0.6528 0.2704
vn -0.7082 -0.4298 0.5601
vn -0.7064 -0.6254 0.3315
vn -0.7068 -0.5855 0.3970
vn -0.7089 -0.5596 0.4294
vn -0.7082 -0.5381 0.4571
vn -0.7083 -0.5601 0.4298
vn -0.7070 -0.5390 0.4579
vn -0.7064 -0.4868 0.5139
vn -0.7081 -0.4273 0.5621
vn -0.7079 -0.4299 0.5603
vn -0.7063 -0.3650 0.6066
vn -0.7064 -0.2709 0.6539
vn -0.7078 -0.2966 0.6411
vn -0.7089 -0.2699 0.6517
vn -0.7067 -0.2259 0.6705
vn -0.7034 -0.0928 0.7048
vn -0.7072 -0.1520 0.6905
vn -0.7086 -0.0921 0.6995
vn -0.7075 -0.0764 0.7026
vn -0.7070 -0.0192 0.7070
vn -0.1947 0.0652 -0.9787
vn -0.1950 -0.0266 -0.9804
vn -0.5443 -0.2005 -0.8146
vn -0.6082 -0.0858 -0.7891
vn -0.6086 -0.0215 -0.7932
vn -0.5541 0.0719 -0.8293
vn -0.6082 -0.2535 -0.7522
vn -0.6082 -0.1706 -0.7752
vn -0.6082 -0.4092 -0.6802
vn -0.6082 -0.3333 -0.7204
vn -0.6082 -0.5459 -0.5763
vn -0.6082 -0.4804 -0.6319
vn -0.6082 -0.6570 -0.4455
vn -0.6082 -0.6050 -0.5139
vn -0.6082 -0.7374 -0.2938
vn -0.6082 -0.7013 -0.3718
vn -0.6082 -0.7833 0.1284
vn -0.6082 -0.7926 0.0430
vn -0.6082 -0.7926 -0.0430
vn -0.6082 -0.7833 -0.1284
vn -0.6082 -0.7648 -0.2124
vn -0.6082 -0.7374 0.2938
vn -0.6082 -0.7648 0.2124
vn -0.6082 -0.6570 0.4455
vn -0.6082 -0.7013 0.3718
vn -0.6082 -0.5459 0.5763
vn -0.6082 -0.6050 0.5139
vn -0.1296 0.0647 -0.9895
vn -0.1303 -0.1072 -0.9857
vn -0.1303 -0.2131 -0.9683
vn -0.1303 -0.3166 -0.9396
vn -0.1303 -0.4163 -0.8998
vn -0.1303 -0.5112 -0.8495
vn -0.1303 -0.6000 -0.7893
vn -0.1303 -0.6818 -0.7198
vn -0.1303 -0.7557 -0.6419
vn -0.1303 -0.8206 -0.5564
vn -0.1303 -0.8760 -0.4644
vn -0.1303 -0.9211 -0.3670
vn -0.1303 -0.9553 -0.2652
vn -0.1303 -0.9553 -0.2653
vn -0.1303 -0.9784 -0.1604
vn -0.1303 -0.9900 -0.0537
vn -0.1303 -0.9900 0.0537
vn -0.1303 -0.9784 0.1604
vn -0.1303 -0.9553 0.2652
vn -0.1303 -0.9553 0.2653
vn -0.1303 -0.9210 0.3670
vn -0.1303 -0.9211 0.3670
vn -0.1303 -0.8760 0.4644
vn -0.1303 -0.8206 0.5564
vn -0.1303 -0.7557 0.6419
vn -0.1303 -0.6818 0.7198
vn -0.1303 -0.6000 0.7893
vn -0.1303 -0.5112 0.8495
vn -0.3800 0.0676 -0.9225
vn -0.3822 -0.0999 -0.9187
vn -0.3822 -0.1986 -0.9025
vn -0.3822 -0.2951 -0.8757
vn -0.3822 -0.3880 -0.8387
vn -0.3822 -0.4764 -0.7918
vn -0.3822 -0.5592 -0.7356
vn -0.3822 -0.6355 -0.6709
vn -0.3822 -0.7043 -0.5982
vn -0.3822 -0.7648 -0.5186
vn -0.3822 -0.8164 -0.4329
vn -0.3822 -0.8584 -0.3420
vn -0.3822 -0.8585 -0.3420
vn -0.3822 -0.8904 -0.2472
vn -0.3822 -0.9119 -0.1495
vn -0.3822 -0.9227 -0.0500
vn -0.3822 -0.9227 0.0500
vn -0.3822 -0.9119 0.1495
vn -0.3822 -0.8904 0.2472
vn -0.3822 -0.8585 0.3420
vn -0.3822 -0.8584 0.3420
vn -0.3822 -0.8164 0.4329
vn -0.3822 -0.7648 0.5186
vn -0.3822 -0.7043 0.5982
vn -0.3822 -0.6355 0.6709
vn -0.3822 -0.5592 0.7356
vn -0.3822 -0.4764 0.7918
vn -0.6082 -0.3333 0.7204
vn -0.6082 -0.4092 0.6802
vn -0.6082 -0.4804 0.6319
vn -0.3822 -0.3880 0.8387
vn -0.1303 -0.4163 0.8998
vn -0.1303 -0.3166 0.9396
vn -0.3822 -0.2951 0.8757
vn -0.6082 -0.2535 0.7522
vn -0.6082 -0.1706 0.7752
vn -0.3822 -0.0999 0.9187
vn -0.1305 -0.0269 0.9911
vn -0.1303 -0.1072 0.9857
vn -0.5541 0.0719 0.8293
vn -0.3826 -0.0715 0.9211
vn -0.1947 0.0652 0.9787
vn -0.1303 -0.2131 0.9683
vn -0.3822 -0.1986 0.9025
vn -0.3822 -0.1987 0.9025
vn -0.6082 -0.0858 0.7891
vn -0.6047 0.0727 0.7931
vn -0.5554 -0.0225 0.8313
vn 0.9580 -0.2595 -0.1219
vn 0.8561 -0.2571 -0.4483
vn 0.8568 -0.2544 -0.4486
vn 0.8573 -0.2548 -0.4474
vn 0.6252 -0.7000 -0.3452
vn 0.6245 -0.7012 -0.3440
vn 0.2286 -0.9618 -0.1509
vn 0.2282 -0.9619 -0.1505
vn 0.9160 -0.2529 -0.3115
vn 0.9150 -0.2583 -0.3100
vn 0.6707 -0.6998 -0.2460
vn 0.6686 -0.7022 -0.2446
vn 0.2458 -0.9625 -0.1149
vn 0.2448 -0.9628 -0.1143
vn 0.9595 -0.2539 -0.1218
vn 0.9582 -0.2595 -0.1205
vn 0.7039 -0.7021 -0.1073
vn 0.7015 -0.7047 -0.1063
vn 0.2582 -0.9640 -0.0641
vn 0.2571 -0.9643 -0.0637
vn -0.1951 -0.9802 -0.0342
vn -0.2586 -0.9659 0.0111
vn -0.5553 -0.8295 -0.0590
vn -0.7058 -0.7075 0.0351
vn -0.8311 -0.5540 -0.0494
vn -0.8311 -0.5539 -0.0494
vn -0.9650 -0.2600 0.0358
vn -0.9808 -0.1950 -0.0068
vn -0.0000 -1.0000 -0.0000
vn 0.0103 -0.9998 0.0176
vn -0.0000 -0.9998 -0.0175
vn -1.0000 -0.0000 -0.0000
vn -0.1950 -0.9808 -0.0000
vn -0.5553 -0.8316 -0.0000
vn -0.8313 -0.5558 -0.0000
vn -0.9808 -0.1952 -0.0000
vn 0.9659 -0.2588 -0.0123
vn 0.9658 -0.2590 -0.0117
vn 0.7070 -0.7070 -0.0179
vn 0.2588 -0.9658 -0.0186
vn 0.2589 -0.9657 -0.0194
vn 0.9658 -0.2590 0.0123
vn 0.9659 -0.2588 0.0117
vn 0.7070 -0.7070 0.0179
vn 0.2590 -0.9657 0.0186
vn 0.2588 -0.9657 0.0194
vn 0.5744 0.1287 -0.8084
vn 0.3737 0.3737 -0.8489
vn 0.1346 0.5803 -0.8032
vn 0.1525 0.6508 -0.7438
vn 0.1711 0.6280 -0.7592
vn 0.1218 0.5797 -0.8057
vn 0.5854 0.1275 -0.8007
vn 0.6280 0.1711 -0.7592
vn 0.6672 0.1264 -0.7341
vn 0.7451 0.2043 -0.6349
vn 0.7529 0.2058 -0.6251
vn 0.2390 0.8485 -0.4722
vn 0.1598 0.7692 -0.6187
vn 0.1758 0.7686 -0.6151
vn 0.2042 0.7451 -0.6349
vn 0.1214 0.6617 -0.7399
vn 0.7692 0.1598 -0.6187
vn 0.8447 0.2347 -0.4810
vn 0.8545 0.2246 -0.4684
vn 0.8598 0.1987 -0.4704
vn 0.9205 0.2594 -0.2921
vn 0.9266 0.2338 -0.2945
vn 0.2660 0.9592 -0.0962
vn 0.2337 0.9266 -0.2945
vn 0.2590 0.9207 -0.2921
vn 0.2573 0.9189 -0.2990
vn 0.1987 0.8598 -0.4704
vn 0.9592 0.2660 -0.0962
vn 0.9615 0.2585 -0.0932
vn 0.2582 0.9616 -0.0932
vn 0.2567 0.9599 0.1131
vn 0.2625 0.9586 0.1107
vn 0.2660 0.9572 0.1138
vn 0.9614 0.2581 -0.0957
vn 0.9599 0.2567 0.1131
vn 0.9575 0.2664 0.1109
vn 0.9217 0.2308 0.3118
vn 0.9217 0.2384 0.3061
vn 0.2308 0.9217 0.3118
vn 0.2552 0.9161 0.3092
vn 0.2559 0.9133 0.3169
vn 0.1979 0.8553 0.4789
vn 0.2321 0.8351 0.4987
vn 0.9133 0.2559 0.3169
vn 0.8513 0.1946 0.4873
vn 0.8473 0.2174 0.4845
vn 0.8351 0.2321 0.4987
vn 0.7625 0.1596 0.6269
vn 0.7318 0.2007 0.6513
vn 0.4261 0.4261 -0.7980
vn 0.5172 0.5172 -0.6819
vn 0.6006 0.6006 -0.5277
vn 0.6665 0.6665 -0.3341
vn 0.7029 0.7029 -0.1088
vn 0.7012 0.7012 0.1287
vn 0.6614 0.6614 0.3535
vn 0.5925 0.5925 0.5458
vn 0.5066 0.5066 0.6976
vn 0.6469 0.1163 0.7536
vn 0.6179 0.1736 0.7669
vn 0.4141 0.4141 0.8106
vn 0.1736 0.6179 0.7669
vn 0.1163 0.6469 0.7536
vn 0.2068 0.7374 0.6431
vn 0.1549 0.7573 0.6344
vn -0.7703 -0.0832 -0.6322
vn -0.7703 -0.2440 -0.5891
vn -0.7703 -0.3882 -0.5059
vn -0.7703 -0.5059 -0.3882
vn -0.7703 -0.5891 -0.2440
vn -0.7703 -0.6322 -0.0832
vn -0.7703 -0.6322 0.0832
vn -0.7703 -0.5891 0.2440
vn -0.7703 -0.5059 0.3882
vn -0.9951 -0.0129 0.0980
vn -0.9951 -0.0129 -0.0980
vn -0.9951 -0.0379 -0.0913
vn -0.9562 -0.0382 0.2901
vn -0.9951 -0.0784 -0.0602
vn -0.9951 -0.0602 -0.0784
vn -0.9562 -0.1781 -0.2321
vn -0.9562 -0.1120 -0.2703
vn -0.8802 -0.1816 -0.4384
vn -0.9951 -0.0378 -0.0913
vn -0.9562 -0.0382 -0.2901
vn -0.8802 -0.1816 0.4384
vn -0.8802 -0.0619 0.4705
vn -0.7703 -0.0832 0.6322
vn -0.7703 -0.3882 0.5059
vn -0.7703 -0.2440 0.5891
vn -0.8802 -0.2889 0.3765
vn -0.9562 -0.1120 0.2703
vn -0.8802 -0.3765 0.2889
vn -0.9562 -0.1781 0.2321
vn -0.9951 -0.0378 0.0913
vn -0.8802 -0.4384 0.1816
vn -0.9562 -0.2321 0.1781
vn -0.9951 -0.0602 0.0784
vn -0.8802 -0.4705 0.0619
vn -0.9562 -0.2703 0.1120
vn -0.9951 -0.0784 0.0602
vn -0.8802 -0.4705 -0.0619
vn -0.9562 -0.2901 0.0382
vn -0.9951 -0.0913 0.0378
vn -0.8802 -0.4384 -0.1816
vn -0.9562 -0.2901 -0.0382
vn -0.9951 -0.0980 0.0129
vn -0.8802 -0.3765 -0.2889
vn -0.9562 -0.2703 -0.1120
vn -0.9951 -0.0980 -0.0129
vn -0.8802 -0.2889 -0.3765
vn -0.9562 -0.2321 -0.1781
vn -0.9951 -0.0913 -0.0378
vn -0.8802 -0.0619 -0.4705
vn -0.0000 -0.9994 0.0349
vn -0.7071 -0.0000 0.7071
vn -0.0006 -0.8994 0.4372
vn -0.0000 -0.9974 0.0715
vn 0.0065 -0.9754 0.2205
vn 0.0124 -0.9822 0.1876
vn 0.0009 -0.9499 0.3127
vn -0.0006 -0.8993 0.4372
vn 0.0069 -0.8269 0.5623
vn 0.0066 -0.8255 0.5644
vn 0.0002 -0.4678 0.8839
vn 0.0073 -0.5776 0.8163
vn 0.0175 -0.6495 0.7602
vn 0.0021 -0.5637 0.8260
vn -0.0007 -0.7394 0.6733
vn -0.0007 -0.7393 0.6733
vn 0.0016 -0.1426 0.9898
vn 0.0068 -0.2374 0.9714
vn 0.0053 -0.2221 0.9750
vn -0.0002 -0.3514 0.9362
vn -0.0002 -0.3513 0.9362
vn 0.0048 0.1365 0.9906
vn 0.0008 0.0440 0.9990
vn -0.0004 -0.0492 0.9988
vn -0.0004 -0.0493 0.9988
vn -0.0000 0.5018 0.8650
vn 0.0162 0.5910 0.8065
vn 0.0051 0.4920 0.8706
vn 0.0013 0.4137 0.9104
vn -0.0005 0.3391 0.9408
vn -0.0005 0.1503 0.9886
vn 0.0235 0.3242 0.9457
vn 0.0124 0.2315 0.9728
vn -0.7730 -0.0000 0.6344
vn -0.7756 0.0040 0.6312
vn -0.8819 -0.0039 0.4714
vn -0.9066 0.0128 0.4217
vn -0.8819 0.0127 0.4714
vn -0.9061 0.0522 0.4197
vn -0.9566 -0.0267 0.2902
vn -0.9894 -0.0027 0.1449
vn -0.9569 -0.0032 0.2903
vn -0.9884 0.0525 0.1423
vn -0.9952 -0.0000 0.0980
vn 0.1875 -0.9575 0.2193
vn 0.5775 -0.6979 0.4237
vn 0.7822 -0.2436 0.5734
vn 0.8204 -0.2504 0.5140
vn 0.8147 -0.2548 0.5209
vn 0.2408 -0.9521 0.1885
vn 0.1626 -0.9359 0.3123
vn 0.2392 -0.9227 0.3022
vn 0.1444 -0.8883 0.4360
vn 0.2215 -0.8745 0.4315
vn 0.1289 -0.8268 0.5475
vn 0.1644 -0.8384 0.5197
vn 0.1731 -0.7948 0.5816
vn 0.1117 -0.7533 0.6481
vn 0.1882 -0.7340 0.6525
vn 0.0977 -0.6627 0.7425
vn 0.1609 -0.6503 0.7425
vn 0.5762 -0.1264 0.8075
vn 0.6006 -0.1495 0.7855
vn 0.6080 -0.1445 0.7807
vn 0.6476 -0.1755 0.7415
vn 0.6523 -0.1718 0.7382
vn 0.6945 -0.1988 0.6915
vn 0.6961 -0.1974 0.6902
vn 0.7405 -0.2201 0.6350
vn 0.7394 -0.2204 0.6361
vn 0.7399 -0.2217 0.6352
vn 0.7867 -0.2384 0.5694
vn 0.1468 -0.6189 0.7716
vn 0.1033 -0.5774 0.8099
vn 0.1470 -0.5796 0.8016
vn 0.0840 -0.5141 0.8536
vn 0.1486 -0.4964 0.8553
vn 0.0783 -0.4078 0.9097
vn 0.1349 -0.3955 0.9085
vn 0.0767 -0.3017 0.9503
vn 0.0892 -0.3168 0.9443
vn 0.1131 -0.2773 0.9541
vn 0.0795 -0.2026 0.9760
vn 0.1106 -0.2052 0.9724
vn 0.0852 -0.1178 0.9894
vn 0.0947 -0.0393 0.9947
vn 0.0893 -0.0434 0.9951
vn 0.1015 -0.1234 0.9872
vn 0.0948 -0.0393 0.9947
vn 0.0948 0.0352 0.9949
vn 0.0904 0.0388 0.9951
vn 0.1001 0.1091 0.9890
vn 0.0866 0.1227 0.9887
vn 0.1053 0.1872 0.9767
vn 0.0789 0.2891 0.9540
vn 0.1196 0.2875 0.9503
vn 0.0867 0.2125 0.9733
vn 0.1069 0.3365 0.9356
vn 0.1025 0.3680 0.9242
vn 0.1221 0.3974 0.9095
vn 0.0954 0.4511 0.8874
vn 0.6051 -0.6869 0.4025
vn 0.5398 -0.6742 0.5041
vn 0.5763 -0.6535 0.4907
vn 0.4971 -0.6249 0.6020
vn 0.5323 -0.6064 0.5907
vn 0.4568 -0.5678 0.6848
vn 0.4895 -0.5521 0.6750
vn 0.4164 -0.5050 0.7560
vn 0.4488 -0.4889 0.7481
vn 0.3784 -0.4336 0.8178
vn 0.4087 -0.4191 0.8108
vn 0.3596 -0.3727 0.8555
vn 0.3772 -0.3717 0.8482
vn 0.3330 -0.3263 0.8847
vn 0.3587 -0.3165 0.8782
vn 0.3097 -0.2549 0.9160
vn 0.3318 -0.2486 0.9100
vn 0.2934 -0.1868 0.9376
vn 0.3108 -0.1844 0.9324
vn 0.2841 -0.1251 0.9506
vn 0.2957 -0.1257 0.9470
vn 0.2804 -0.0729 0.9571
vn 0.2866 -0.0748 0.9551
vn 0.2789 -0.0248 0.9600
vn 0.2811 -0.0258 0.9593
vn 0.2812 0.0220 0.9594
vn 0.2795 0.0233 0.9599
vn 0.2857 0.0686 0.9559
vn 0.2806 0.0735 0.9570
vn 0.2937 0.1184 0.9485
vn 0.2864 0.1278 0.9495
vn 0.3053 0.1706 0.9368
vn 0.2965 0.1851 0.9369
vn 0.3134 0.2134 0.9253
vn 0.3115 0.2258 0.9230
vn 0.3316 0.2560 0.9080
vn 0.3210 0.2784 0.9052
vn 0.5478 0.1154 0.8286
vn 0.5224 0.0851 0.8484
vn 0.5182 0.0955 0.8499
vn 0.5015 0.0703 0.8623
vn 0.5007 0.0763 0.8622
vn 0.4884 0.0556 0.8708
vn 0.4841 0.0630 0.8727
vn 0.4732 0.0383 0.8801
vn 0.4695 0.0432 0.8819
vn 0.4634 0.0221 0.8859
vn 0.4607 0.0247 0.8872
vn 0.4583 0.0071 0.8888
vn 0.4574 0.0078 0.8892
vn 0.4574 -0.0080 0.8892
vn 0.4586 -0.0085 0.8886
vn 0.4609 -0.0237 0.8871
vn 0.4642 -0.0247 0.8854
vn 0.4689 -0.0411 0.8823
vn 0.4749 -0.0413 0.8791
vn 0.4843 -0.0622 0.8727
vn 0.4928 -0.0608 0.8680
vn 0.5084 -0.0859 0.8568
vn 0.5181 -0.0826 0.8513
vn 0.5408 -0.1111 0.8338
vn 0.5501 -0.1068 0.8282
vn 0.5474 -0.1034 0.8305
vn 0.5706 -0.1271 0.8114
vn 0.5538 0.1083 0.8256
vn 0.5556 0.1127 0.8238
vn 0.3464 0.3464 0.8718
vn 0.3559 0.3203 0.8779
vn 0.1058 0.5511 0.8277
vn 0.1301 0.4929 0.8603
vn 0.2585 -0.9646 0.0516
vn 0.7057 -0.7047 0.0733
vn 0.9410 -0.2533 0.2244
vn 0.9627 -0.2594 0.0767
vn 0.9636 -0.2564 0.0753
vn 0.2578 -0.9648 0.0519
vn 0.2529 -0.9632 0.0913
vn 0.2517 -0.9635 0.0913
vn 0.2352 -0.9618 0.1404
vn 0.2341 -0.9621 0.1402
vn 0.7044 -0.7060 0.0741
vn 0.6897 -0.7009 0.1815
vn 0.6872 -0.7034 0.1819
vn 0.6420 -0.6987 0.3157
vn 0.6396 -0.7009 0.3155
vn 0.9410 -0.2533 0.2243
vn 0.9398 -0.2589 0.2229
vn 0.8773 -0.2524 0.4081
vn 0.8772 -0.2552 0.4067
vn 0.8760 -0.2576 0.4077
vn -0.2335 -0.9338 0.2712
vn -0.1634 -0.9633 0.2130
vn -0.0984 -0.9813 0.1656
vn -0.1803 -0.9601 0.2138
vn -0.5358 -0.6311 0.5609
vn -0.4977 -0.6880 0.5282
vn -0.4420 -0.7558 0.4831
vn -0.3869 -0.8096 0.4415
vn -0.4943 -0.6981 0.5180
vn -0.3391 -0.8655 0.3686
vn -0.2863 -0.9033 0.3194
vn -0.6648 -0.3011 0.6836
vn -0.7066 -0.0213 0.7073
vn -0.7051 -0.0517 0.7072
vn -0.7015 -0.0992 0.7057
vn -0.6920 -0.1740 0.7006
vn -0.6804 -0.2366 0.6936
vn -0.6426 -0.3733 0.6691
vn -0.6178 -0.4385 0.6528
vn -0.6794 -0.2548 0.6881
vn -0.6087 -0.4880 0.6255
vn -0.5687 -0.5737 0.5894
vn -0.9540 -0.2592 0.1509
vn -0.8716 -0.2572 0.4172
vn -0.7452 -0.2514 0.6176
vn -0.7460 -0.2560 0.6148
vn -0.5440 -0.6960 0.4686
vn -0.5435 -0.6981 0.4662
vn -0.1991 -0.9601 0.1962
vn -0.1987 -0.9604 0.1953
vn -0.8736 -0.2498 0.4177
vn -0.8735 -0.2557 0.4143
vn -0.6408 -0.6959 0.3242
vn -0.6386 -0.6993 0.3212
vn -0.2353 -0.9612 0.1438
vn -0.2342 -0.9617 0.1426
vn -0.9561 -0.2511 0.1509
vn -0.9547 -0.2584 0.1473
vn -0.7032 -0.6992 0.1287
vn -0.7000 -0.7029 0.1263
vn -0.2586 -0.9633 0.0721
vn -0.2570 -0.9638 0.0713
vn -0.1951 -0.9802 0.0342
vn -0.2586 -0.9659 -0.0111
vn -0.5553 -0.8295 0.0590
vn -0.7058 -0.7075 -0.0351
vn -0.9808 -0.1950 0.0068
vn -0.9650 -0.2600 -0.0358
vn -0.8311 -0.5539 0.0494
vn -0.8311 -0.5540 0.0494
vn -0.1950 0.0285 0.9804
vn -0.1950 0.0255 0.9805
vn -0.5551 0.0094 0.8317
vn -0.5555 0.0104 0.8314
vn -0.5556 0.0104 0.8314
vn -0.1927 0.0856 0.9775
vn -0.1933 0.0266 0.9808
vn -0.1971 0.0824 0.9769
vn -0.1915 0.0767 0.9785
vn -0.5554 0.0314 0.8310
vn -0.5565 0.0302 0.8303
vn -0.5549 0.0281 0.8314
vn -0.1973 0.1189 0.9731
vn -0.1582 -0.1305 0.9787
vn -0.1499 -0.1753 0.9730
vn -0.5530 0.0150 0.8331
vn -0.4380 -0.4051 0.8025
vn -0.0102 -0.1034 0.9946
vn -0.0674 0.1510 0.9862
vn -0.0652 0.1446 0.9873
vn -0.0658 0.1515 0.9863
vn -0.0710 0.1717 0.9826
vn -0.0586 0.1651 0.9845
vn -0.0748 0.2043 0.9760
vn -0.0558 0.1971 0.9788
vn -0.0763 0.2327 0.9695
vn -0.0561 0.2240 0.9730
vn -0.0818 0.2606 0.9620
vn -0.0503 0.2564 0.9653
vn -0.0847 0.2944 0.9519
vn -0.0492 0.2922 0.9551
vn -0.5777 -0.3499 0.7374
vn -0.6631 -0.2546 0.7039
vn -0.6005 -0.2770 0.7501
vn -0.6717 -0.1749 0.7199
vn -0.6185 -0.2214 0.7539
vn -0.6776 -0.1172 0.7260
vn -0.6305 -0.1610 0.7593
vn -0.6776 -0.0458 0.7340
vn -0.6437 -0.0934 0.7596
vn -0.6690 0.0041 0.7433
vn -0.6527 -0.0513 0.7559
vn -0.6686 0.0237 0.7432
vn -0.3878 -0.5154 0.7642
vn -0.0662 0.4621 0.8843
vn -0.0443 0.4471 0.8934
vn -0.0828 0.4385 0.8949
vn -0.0413 0.4206 0.9063
vn -0.0879 0.4063 0.9095
vn -0.0495 0.3855 0.9214
vn -0.0825 0.3897 0.9172
vn -0.0438 0.3667 0.9293
vn -0.0889 0.3590 0.9291
vn -0.0469 0.3282 0.9434
vn -0.0866 0.3269 0.9411
vn -0.0649 0.3078 0.9492
vn -0.1262 -0.1704 0.9773
vn -0.1966 0.1162 0.9736
vn -0.1955 0.1139 0.9741
vn -0.1982 0.1241 0.9723
vn -0.1939 0.1216 0.9735
vn -0.2000 0.1364 0.9703
vn -0.1930 0.1335 0.9721
vn -0.2007 0.1470 0.9686
vn -0.1930 0.1434 0.9707
vn -0.2025 0.1569 0.9666
vn -0.1907 0.1553 0.9693
vn -0.2026 0.1686 0.9646
vn -0.1892 0.1682 0.9674
vn -0.2015 0.1792 0.9630
vn -0.1873 0.1800 0.9657
vn -0.1990 0.1886 0.9617
vn -0.1838 0.1920 0.9640
vn -0.1936 0.1977 0.9610
vn -0.1826 0.1965 0.9634
vn -0.1895 0.2002 0.9613
vn -0.1765 0.2052 0.9627
vn -0.1766 0.2052 0.9626
vn -0.1677 0.2091 0.9634
vn -0.3236 0.0849 0.9424
vn -0.3222 0.0785 0.9434
vn -0.3236 0.0820 0.9426
vn -0.3215 0.0737 0.9440
vn -0.3256 0.0765 0.9424
vn -0.3210 0.0652 0.9448
vn -0.3263 0.0678 0.9428
vn -0.3203 0.0573 0.9456
vn -0.3258 0.0602 0.9435
vn -0.3179 0.0489 0.9469
vn -0.3258 0.0501 0.9441
vn -0.3144 0.0375 0.9485
vn -0.3236 0.0378 0.9454
vn -0.3093 0.0251 0.9506
vn -0.3199 0.0244 0.9471
vn -0.3011 0.0105 0.9535
vn -0.3143 0.0073 0.9493
vn -0.2945 -0.0045 0.9557
vn -0.3066 -0.0030 0.9518
vn -0.2814 -0.0167 0.9594
vn -0.2992 -0.0243 0.9539
vn -0.2592 -0.0416 0.9649
vn -0.2812 -0.0521 0.9582
vn -0.3174 -0.3533 0.8800
vn -0.4416 0.0384 0.8964
vn -0.4463 0.0505 0.8935
vn -0.4386 0.0208 0.8985
vn -0.4514 0.0315 0.8918
vn -0.4349 -0.0085 0.9005
vn -0.4530 0.0021 0.8915
vn -0.4318 -0.0349 0.9013
vn -0.4514 -0.0229 0.8920
vn -0.4247 -0.0610 0.9033
vn -0.4519 -0.0558 0.8903
vn -0.4164 -0.0951 0.9042
vn -0.4471 -0.0933 0.8896
vn -0.4059 -0.1302 0.9046
vn -0.4396 -0.1318 0.8885
vn -0.3905 -0.1679 0.9052
vn -0.4286 -0.1776 0.8859
vn -0.3794 -0.2070 0.9018
vn -0.4150 -0.2013 0.8873
vn -0.3580 -0.2323 0.9043
vn -0.4014 -0.2519 0.8806
vn -0.3244 -0.2854 0.9018
vn -0.3720 -0.3086 0.8755
vn -0.3602 -0.5003 0.7874
vn -0.5527 -0.0044 0.8334
vn -0.5617 0.0223 0.8270
vn -0.5469 -0.0346 0.8365
vn -0.5691 -0.0109 0.8222
vn -0.5391 -0.0839 0.8381
vn -0.5706 -0.0609 0.8189
vn -0.5323 -0.1280 0.8368
vn -0.5674 -0.1025 0.8170
vn -0.5199 -0.1703 0.8371
vn -0.5653 -0.1585 0.8095
vn -0.5051 -0.2255 0.8331
vn -0.5555 -0.2202 0.8019
vn -0.4874 -0.2811 0.8267
vn -0.5413 -0.2817 0.7922
vn -0.4633 -0.3392 0.8187
vn -0.5210 -0.3530 0.7772
vn -0.4435 -0.3997 0.8023
vn -0.5024 -0.3872 0.7731
vn -0.4150 -0.4347 0.7993
vn -0.4764 -0.4621 0.7480
vn -0.3675 -0.5096 0.7780
vn -0.4330 -0.5395 0.7221
vn -0.4358 -0.7362 0.5177
vn -0.4593 -0.7266 0.5110
vn -0.3860 -0.6990 0.6020
vn -0.5190 -0.6410 0.5655
vn -0.4494 -0.6126 0.6502
vn -0.5639 -0.5502 0.6158
vn -0.4830 -0.5727 0.6624
vn -0.5866 -0.5101 0.6291
vn -0.5165 -0.4959 0.6981
vn -0.6206 -0.4191 0.6627
vn -0.5511 -0.4522 0.7013
vn -0.6281 -0.3543 0.6928
vn -0.6448 -0.3381 0.6855
vn -0.3921 -0.8026 0.4495
vn -0.2977 -0.8027 0.5167
vn -0.3805 -0.6142 0.6914
vn -0.3084 -0.5824 0.7521
vn -0.3336 -0.3672 0.8682
vn -0.2798 -0.3402 0.8978
vn -0.2559 -0.0845 0.9630
vn -0.2280 -0.0703 0.9711
vn -0.1546 0.2070 0.9661
vn -0.1575 0.2056 0.9659
vn -0.0388 0.4790 0.8769
vn -0.0747 0.4649 0.8822
vn -0.3583 -0.8297 0.4281
vn -0.2425 -0.8431 0.4800
vn -0.3466 -0.6436 0.6824
vn -0.2555 -0.6480 0.7175
vn -0.3032 -0.3921 0.8685
vn -0.2415 -0.3918 0.8878
vn -0.2328 -0.1001 0.9674
vn -0.2014 -0.0988 0.9745
vn -0.1421 0.2031 0.9688
vn -0.1400 0.2032 0.9691
vn -0.0394 0.4866 0.8727
vn -0.0643 0.4856 0.8718
vn -0.2907 -0.8875 0.3575
vn -0.1923 -0.8679 0.4580
vn -0.2930 -0.7085 0.6420
vn -0.2045 -0.6762 0.7077
vn -0.2635 -0.4485 0.8541
vn -0.1956 -0.4170 0.8876
vn -0.2057 -0.1363 0.9691
vn -0.1656 -0.1157 0.9794
vn -0.1264 0.1928 0.9731
vn -0.1175 0.1973 0.9733
vn -0.0343 0.5006 0.8650
vn -0.0569 0.4906 0.8695
vn -0.2124 -0.9337 0.2884
vn -0.0902 -0.9191 0.3836
vn -0.2179 -0.7684 0.6017
vn -0.1080 -0.7378 0.6663
vn -0.1977 -0.5058 0.8397
vn -0.1124 -0.4725 0.8741
vn -0.1549 -0.1779 0.9718
vn -0.1012 -0.1528 0.9831
vn -0.0959 0.1744 0.9800
vn -0.0750 0.1848 0.9799
vn -0.0284 0.5056 0.8623
vn -0.0381 0.5012 0.8645
vn -0.1314 -0.9669 0.2186
vn 0.0212 -0.9523 0.3045
vn -0.1347 -0.8194 0.5572
vn 0.0061 -0.7867 0.6173
vn -0.1207 -0.5595 0.8200
vn -0.0090 -0.5215 0.8532
vn -0.0922 -0.2212 0.9709
vn -0.0185 -0.1891 0.9818
vn -0.0564 0.1500 0.9871
vn -0.0198 0.1682 0.9855
vn -0.0196 0.5017 0.8648
vn -0.0141 0.5044 0.8633
vn 0.9937 -0.0000 -0.1120
vn 0.9937 -0.0000 0.1120
vn 0.9439 -0.0000 0.3303
vn 0.8467 -0.0000 0.5320
vn 0.7071 -0.0000 0.7071
vn 0.5320 -0.0000 0.8467
vn 0.3303 -0.0000 0.9439
vn 0.1120 -0.0000 0.9937
vn -0.1120 -0.0000 0.9937
vn -0.3303 -0.0000 0.9439
vn -0.5320 -0.0000 0.8467
vn -0.8467 -0.0000 0.5320
vn -0.9439 -0.0000 0.3303
vn -0.9937 -0.0000 0.1120
vn -0.9937 -0.0000 -0.1120
vn -0.9439 -0.0000 -0.3303
vn -0.8467 -0.0000 -0.5320
vn -0.5320 -0.0000 -0.8467
vn -0.3303 -0.0000 -0.9439
vn -0.1120 -0.0000 -0.9937
vn 0.1120 -0.0000 -0.9937
vn 0.3303 -0.0000 -0.9439
vn 0.5320 -0.0000 -0.8467
vn 0.7071 -0.0000 -0.7071
vn 0.8467 -0.0000 -0.5320
vn 0.9439 -0.0000 -0.3303
vn -0.0000 -0.9937 -0.1120
vn -0.0000 -0.9937 0.1120
vn -0.0000 -0.9439 0.3303
vn -0.0000 -0.8467 0.5320
vn -0.0000 -0.7071 0.7071
vn -0.0000 -0.5320 0.8467
vn -0.0000 -0.3303 0.9439
vn -0.0000 -0.1120 0.9937
vn -0.0000 0.1120 0.9937
vn -0.0000 0.3303 0.9439
vn -0.0000 0.5320 0.8467
vn -0.0000 0.7071 0.7071
vn -0.0000 0.8467 0.5320
vn -0.0000 0.9439 0.3303
vn -0.0000 0.9937 0.1120
vn -0.0000 0.9937 -0.1120
vn -0.0000 0.9439 -0.3303
vn -0.0000 0.8467 -0.5320
vn -0.0000 0.7071 -0.7071
vn -0.0000 0.5320 -0.8467
vn -0.0000 0.3303 -0.9439
vn -0.0000 0.1120 -0.9937
vn -0.0000 -0.1120 -0.9937
vn -0.0000 -0.3303 -0.9439
vn -0.0000 -0.5320 -0.8467
vn -0.0000 -0.7071 -0.7071
vn -0.0000 -0.8467 -0.5320
vn -0.0000 -0.9439 -0.3303
vn 0.7050 0.7050 0.0767
vn 0.7050 0.6721 0.2265
vn 0.7050 0.6721 0.2264
vn 0.7050 0.5149 0.4877
vn 0.7050 0.6077 0.3656
vn 0.7050 0.6076 0.3656
vn 0.7050 0.3980 0.5870
vn 0.7050 0.1147 0.6999
vn 0.7050 0.2625 0.6588
vn 0.7050 0.1147 0.6998
vn 0.7050 -0.1897 0.6833
vn 0.7050 -0.0384 0.7082
vn 0.7050 -0.0384 0.7081
vn 0.7050 -0.4591 0.5405
vn 0.7050 -0.3322 0.6266
vn 0.7050 -0.5646 0.4292
vn 0.7050 -0.6436 0.2978
vn 0.7050 -0.6926 0.1524
vn 0.7051 -0.6926 0.1525
vn 0.7066 -0.7066 0.0383
vn 0.7066 -0.7066 -0.0383
vn 0.7050 -0.6436 -0.2978
vn 0.7051 -0.6926 -0.1525
vn 0.7050 -0.6926 -0.1524
vn 0.7050 -0.5646 -0.4292
vn 0.7050 -0.3322 -0.6266
vn 0.7050 -0.4591 -0.5405
vn 0.7050 -0.0384 -0.7081
vn 0.7050 -0.1897 -0.6833
vn 0.7050 -0.0384 -0.7082
vn 0.7050 0.2625 -0.6588
vn 0.7050 0.1147 -0.6999
vn 0.7050 0.1147 -0.6998
vn 0.7050 0.5149 -0.4877
vn 0.7050 0.3980 -0.5870
vn 0.7050 0.6721 -0.2264
vn 0.7050 0.6076 -0.3656
vn 0.7050 0.6077 -0.3656
vn 0.7050 0.6721 -0.2265
vn 0.7050 0.7050 -0.0767
vn 0.6721 -0.7050 -0.2265
vn 0.6077 -0.7050 -0.3656
vn 0.5149 -0.7050 -0.4877
vn 0.3980 -0.7050 -0.5870
vn 0.2625 -0.7050 -0.6589
vn 0.2625 -0.7050 -0.6588
vn 0.1147 -0.7050 -0.6999
vn -0.0384 -0.7050 -0.7082
vn -0.1897 -0.7050 -0.6833
vn -0.3322 -0.7050 -0.6266
vn -0.4591 -0.7050 -0.5405
vn -0.5646 -0.7050 -0.4292
vn -0.6436 -0.7050 -0.2978
vn -0.6926 -0.7050 -0.1525
vn -0.7092 -0.7050 -0.0000
vn -0.6926 -0.7050 0.1525
vn -0.6436 -0.7050 0.2978
vn -0.5646 -0.7050 0.4292
vn -0.4591 -0.7050 0.5405
vn -0.3322 -0.7050 0.6266
vn -0.1897 -0.7050 0.6833
vn -0.0384 -0.7050 0.7082
vn 0.1147 -0.7050 0.6999
vn 0.2625 -0.7050 0.6588
vn 0.2625 -0.7050 0.6589
vn 0.3980 -0.7050 0.5870
vn 0.5149 -0.7050 0.4877
vn 0.6077 -0.7050 0.3656
vn 0.6721 -0.7050 0.2265
vn 0.7051 -0.7050 0.0767
vn 0.7050 -0.7050 0.0767
vn 0.7050 -0.7050 -0.0767
vn 0.7051 -0.7050 -0.0767
vn -0.7050 0.7050 0.0767
vn -0.6077 0.7050 0.3656
vn -0.7051 0.7050 0.0767
vn -0.6721 0.7050 0.2265
vn -0.3980 0.7050 0.5870
vn -0.5149 0.7050 0.4877
vn -0.1147 0.7050 0.6999
vn -0.2625 0.7050 0.6589
vn -0.2625 0.7050 0.6588
vn 0.1897 0.7050 0.6833
vn 0.0384 0.7050 0.7082
vn 0.4591 0.7050 0.5405
vn 0.3322 0.7050 0.6266
vn 0.6436 0.7050 0.2978
vn 0.5646 0.7050 0.4292
vn 0.6926 0.7050 0.1524
vn 0.6926 0.7050 0.1525
vn 0.7066 0.7066 0.0383
vn 0.7066 0.7066 -0.0383
vn 0.6436 0.7050 -0.2978
vn 0.6926 0.7050 -0.1525
vn 0.6926 0.7050 -0.1524
vn 0.4591 0.7050 -0.5405
vn 0.5646 0.7050 -0.4292
vn 0.1897 0.7050 -0.6833
vn 0.3322 0.7050 -0.6266
vn -0.1147 0.7050 -0.6999
vn 0.0384 0.7050 -0.7082
vn -0.3980 0.7050 -0.5870
vn -0.1147 0.7050 -0.6998
vn -0.2625 0.7050 -0.6588
vn -0.2625 0.7050 -0.6589
vn -0.5149 0.7050 -0.4877
vn -0.6721 0.7050 -0.2265
vn -0.6077 0.7050 -0.3656
vn -0.7051 0.7050 -0.0767
vn -0.7050 0.7050 -0.0767
vn 0.2393 0.0174 0.9708
vn 0.1178 -0.2132 0.9699
vn 0.0805 0.0174 0.9966
vn 0.2000 0.0174 0.9796
vn 0.2718 -0.2133 0.9384
vn 0.5344 0.0174 0.8451
vn 0.5550 -0.2133 0.8041
vn 0.4999 0.0174 0.8659
vn 0.3919 0.0174 0.9198
vn 0.4188 -0.2133 0.8827
vn 0.3545 0.0174 0.9349
vn 0.7745 0.0174 0.6323
vn 0.7811 -0.2132 0.5869
vn 0.7484 0.0174 0.6630
vn 0.6630 0.0174 0.7484
vn 0.6768 -0.2133 0.7046
vn 0.6324 0.0174 0.7745
vn 0.9349 0.0174 0.3546
vn 0.9267 -0.2132 0.3094
vn 0.9198 0.0174 0.3919
vn 0.8659 0.0174 0.4999
vn 0.8651 -0.2133 0.4540
vn 0.8451 0.0174 0.5344
vn 0.9990 0.0174 0.0403
vn 0.9770 -0.2133 -0.0000
vn 0.9966 0.0174 0.0805
vn 0.9796 0.0174 0.2000
vn 0.9643 -0.2133 0.1567
vn 0.9708 0.0174 0.2393
vn 0.9604 0.0174 -0.2782
vn 0.9267 -0.2133 -0.3094
vn 0.9708 0.0175 -0.2393
vn 0.9926 0.0174 -0.1205
vn 0.9643 -0.2133 -0.1567
vn 0.9966 0.0174 -0.0805
vn 0.8229 0.0174 -0.5680
vn 0.7810 -0.2133 -0.5869
vn 0.8451 0.0174 -0.5344
vn 0.9033 0.0174 -0.4286
vn 0.8651 -0.2133 -0.4540
vn 0.9198 0.0175 -0.3919
vn 0.6006 0.0174 -0.7993
vn 0.5550 -0.2133 -0.8040
vn 0.6323 0.0174 -0.7745
vn 0.7211 0.0174 -0.6926
vn 0.6768 -0.2133 -0.7046
vn 0.7484 0.0175 -0.6630
vn 0.3166 0.0174 -0.9484
vn 0.2718 -0.2133 -0.9384
vn 0.3545 0.0174 -0.9349
vn 0.4647 0.0174 -0.8853
vn 0.4188 -0.2133 -0.8827
vn 0.4999 0.0174 -0.8659
vn -0.0000 0.0174 -0.9998
vn -0.0393 -0.2132 -0.9762
vn 0.0403 0.0175 -0.9990
vn 0.1604 0.0174 -0.9869
vn 0.1178 -0.2133 -0.9699
vn 0.2000 0.0174 -0.9796
vn -0.3166 0.0174 -0.9484
vn -0.3464 -0.2133 -0.9135
vn -0.2782 0.0174 -0.9604
vn -0.1604 0.0174 -0.9869
vn -0.1954 -0.2132 -0.9573
vn -0.1205 0.0175 -0.9926
vn -0.6006 0.0174 -0.7993
vn -0.6179 -0.2133 -0.7568
vn -0.5680 0.0174 -0.8229
vn -0.4647 0.0174 -0.8853
vn -0.4885 -0.2133 -0.8461
vn -0.4286 0.0174 -0.9033
vn -0.8189 -0.1000 -0.5652
vn -0.7993 0.0175 -0.6007
vn -0.7211 0.0174 -0.6926
vn -0.7313 -0.2133 -0.6479
vn -0.6926 0.0174 -0.7211
vn -0.8989 -0.1000 -0.4265
vn -0.8853 0.0174 -0.4647
vn -0.8451 0.0174 -0.5344
vn -0.9557 -0.1000 -0.2768
vn -0.9484 0.0175 -0.3166
vn -0.9198 0.0175 -0.3919
vn -0.9998 0.0174 -0.0000
vn -0.9966 0.0174 -0.0805
vn -0.9877 -0.1000 -0.1199
vn -0.9869 0.0175 -0.1604
vn -0.9708 0.0175 -0.2393
vn -0.9738 -0.2133 0.0786
vn -0.9990 0.0174 0.0403
vn -0.9869 0.0175 0.1604
vn -0.9749 -0.1000 0.1990
vn -0.9708 0.0174 0.2393
vn -0.9349 0.0174 0.3546
vn -0.8988 -0.2132 0.3829
vn -0.9484 0.0174 0.3166
vn -0.6926 0.0174 0.7211
vn -0.7484 0.0174 0.6630
vn -0.7707 -0.1000 0.6293
vn -0.7993 0.0174 0.6007
vn -0.8659 0.0174 0.4999
vn -0.8257 -0.2133 0.5222
vn -0.8853 0.0174 0.4647
vn -0.6179 -0.2133 0.7568
vn -0.6630 0.0174 0.7484
vn -0.5680 0.0174 0.8229
vn -0.5318 -0.1000 0.8410
vn -0.4999 0.0174 0.8659
vn -0.3919 0.0174 0.9198
vn -0.3464 -0.2133 0.9135
vn -0.4286 0.0174 0.9033
vn 0.0403 0.0175 0.9990
vn -0.0403 0.0175 0.9990
vn -0.0801 -0.1000 0.9918
vn -0.1205 0.0174 0.9926
vn -0.2393 0.0174 0.9708
vn -0.1954 -0.2133 0.9572
vn -0.2782 0.0174 0.9604
vn -0.0000 1.0000 0.0001
vn -0.1121 0.4234 -0.8990
vn -0.1814 0.4213 -0.8886
vn -0.1861 0.4213 -0.8876
vn -0.3975 0.4252 -0.8131
vn -0.4538 0.4196 -0.7861
vn -0.4647 0.4195 -0.7798
vn -0.1812 0.4241 -0.8873
vn -0.2524 0.4209 -0.8713
vn -0.2584 0.4244 -0.8678
vn -0.3218 0.4204 -0.8484
vn -0.3298 0.4203 -0.8453
vn -0.3209 0.4253 -0.8462
vn -0.3890 0.4200 -0.8199
vn -0.6395 0.4266 -0.6395
vn -0.6798 0.4184 -0.6023
vn -0.6931 0.4182 -0.5871
vn -0.4522 0.4267 -0.7832
vn -0.5157 0.4193 -0.7471
vn -0.5257 0.4260 -0.7363
vn -0.5742 0.4190 -0.7034
vn -0.5869 0.4188 -0.6929
vn -0.5715 0.4282 -0.7000
vn -0.6291 0.4187 -0.6549
vn -0.8122 0.4275 -0.3970
vn -0.8359 0.4176 -0.3561
vn -0.8466 0.4173 -0.3303
vn -0.6759 0.4298 -0.5987
vn -0.7262 0.4182 -0.5457
vn -0.7359 0.4271 -0.5254
vn -0.7678 0.4180 -0.4855
vn -0.7805 0.4177 -0.4651
vn -0.7624 0.4315 -0.4821
vn -0.8045 0.4178 -0.4222
vn -0.8969 0.4279 -0.1118
vn -0.8291 0.4333 -0.3533
vn -0.8619 0.4175 -0.2877
vn -0.8663 0.4277 -0.2579
vn -0.8823 0.4174 -0.2175
vn -0.8895 0.4171 -0.1865
vn -0.8741 0.4353 -0.2155
vn -0.8970 0.4173 -0.1458
vn -0.9058 0.4173 -0.0731
vn -0.9031 0.4279 -0.0374
vn -0.9088 0.4173 -0.0000
vn -0.9031 0.4279 0.0374
vn -0.9058 0.4173 0.0731
vn -0.8969 0.4279 0.1118
vn -0.8970 0.4173 0.1458
vn -0.8846 0.4278 0.1855
vn -0.8823 0.4174 0.2175
vn -0.8663 0.4277 0.2579
vn -0.8619 0.4175 0.2877
vn -0.8421 0.4276 0.3286
vn -0.8359 0.4176 0.3561
vn -0.8122 0.4275 0.3970
vn -0.8045 0.4178 0.4222
vn -0.7767 0.4273 0.4628
vn -0.7678 0.4180 0.4856
vn -0.7678 0.4180 0.4855
vn -0.7359 0.4271 0.5254
vn -0.7262 0.4182 0.5457
vn -0.6901 0.4268 0.5845
vn -0.6799 0.4184 0.6023
vn -0.6798 0.4184 0.6023
vn -0.6395 0.4266 0.6395
vn -0.6291 0.4187 0.6549
vn -0.5846 0.4263 0.6903
vn -0.5743 0.4190 0.7033
vn -0.5742 0.4190 0.7034
vn -0.5257 0.4260 0.7363
vn -0.5157 0.4193 0.7471
vn -0.4632 0.4256 0.7774
vn -0.4538 0.4196 0.7861
vn -0.3975 0.4252 0.8131
vn -0.3890 0.4200 0.8199
vn -0.3291 0.4248 0.8433
vn -0.3217 0.4204 0.8484
vn -0.3218 0.4204 0.8484
vn -0.2584 0.4244 0.8678
vn -0.2524 0.4209 0.8713
vn -0.1859 0.4239 0.8864
vn 0.1121 0.4234 0.8990
vn 0.1814 0.4213 0.8886
vn 0.1861 0.4213 0.8876
vn -0.1814 0.4213 0.8886
vn -0.1121 0.4234 0.8990
vn -0.1093 0.4218 0.9001
vn -0.0374 0.4229 0.9054
vn -0.0365 0.4223 0.9057
vn 0.0375 0.4223 0.9057
vn 0.0365 0.4229 0.9055
vn 0.1093 0.4218 0.9001
vn 0.3975 0.4252 0.8131
vn 0.4538 0.4196 0.7861
vn 0.4647 0.4195 0.7798
vn 0.1812 0.4241 0.8873
vn 0.2524 0.4209 0.8713
vn 0.2584 0.4244 0.8678
vn 0.3218 0.4204 0.8484
vn 0.3298 0.4203 0.8453
vn 0.3209 0.4253 0.8462
vn 0.3890 0.4200 0.8199
vn 0.6395 0.4266 0.6395
vn 0.6798 0.4184 0.6023
vn 0.6931 0.4182 0.5871
vn 0.4522 0.4267 0.7832
vn 0.5157 0.4193 0.7471
vn 0.5257 0.4260 0.7363
vn 0.5742 0.4190 0.7034
vn 0.5869 0.4188 0.6929
vn 0.5715 0.4282 0.7000
vn 0.6291 0.4187 0.6549
vn 0.8122 0.4275 0.3970
vn 0.8359 0.4176 0.3561
vn 0.8466 0.4173 0.3303
vn 0.6759 0.4298 0.5987
vn 0.7262 0.4182 0.5457
vn 0.7359 0.4271 0.5254
vn 0.7678 0.4180 0.4855
vn 0.7805 0.4177 0.4651
vn 0.7624 0.4315 0.4821
vn 0.8045 0.4178 0.4222
vn 0.8969 0.4279 0.1118
vn 0.8291 0.4333 0.3533
vn 0.8619 0.4175 0.2877
vn 0.8663 0.4277 0.2579
vn 0.8823 0.4174 0.2175
vn 0.8895 0.4171 0.1865
vn 0.8741 0.4353 0.2155
vn 0.8970 0.4173 0.1458
vn 0.9058 0.4173 0.0731
vn 0.9031 0.4279 0.0374
vn 0.9088 0.4173 -0.0000
vn 0.9031 0.4279 -0.0374
vn 0.9058 0.4173 -0.0731
vn 0.8969 0.4279 -0.1118
vn 0.8970 0.4173 -0.1458
vn 0.8846 0.4278 -0.1855
vn 0.8823 0.4174 -0.2175
vn 0.8663 0.4277 -0.2579
vn 0.8619 0.4175 -0.2877
vn 0.8421 0.4276 -0.3286
vn 0.8359 0.4176 -0.3561
vn 0.8122 0.4275 -0.3970
vn 0.8045 0.4178 -0.4222
vn 0.7767 0.4273 -0.4628
vn 0.7678 0.4180 -0.4856
vn 0.7678 0.4180 -0.4855
vn 0.7359 0.4271 -0.5254
vn 0.7262 0.4182 -0.5457
vn 0.6901 0.4268 -0.5845
vn 0.6799 0.4184 -0.6023
vn 0.6798 0.4184 -0.6023
vn 0.6395 0.4266 -0.6395
vn 0.6291 0.4187 -0.6549
vn 0.5846 0.4263 -0.6903
vn 0.5743 0.4190 -0.7033
vn 0.5742 0.4190 -0.7034
vn 0.5257 0.4260 -0.7363
vn 0.5157 0.4193 -0.7471
vn 0.4632 0.4256 -0.7774
vn 0.4538 0.4196 -0.7861
vn 0.3975 0.4252 -0.8131
vn 0.3890 0.4200 -0.8199
vn 0.3291 0.4248 -0.8433
vn 0.3217 0.4204 -0.8484
vn 0.3218 0.4204 -0.8484
vn 0.2584 0.4244 -0.8678
vn 0.2524 0.4209 -0.8713
vn 0.1859 0.4239 -0.8864
vn 0.1814 0.4213 -0.8886
vn 0.1121 0.4234 -0.8990
vn 0.1093 0.4218 -0.9001
vn 0.0374 0.4229 -0.9054
vn 0.0365 0.4223 -0.9057
vn -0.0375 0.4223 -0.9057
vn -0.0365 0.4229 -0.9055
vn -0.1093 0.4218 -0.9001
vn -0.2631 0.3253 0.9083
vn -0.3353 0.3253 0.8841
vn -0.3353 0.3253 0.8842
vn -0.4054 0.3253 0.8543
vn -0.4728 0.3253 0.8189
vn -0.5372 0.3253 0.7782
vn -0.5980 0.3253 0.7325
vn -0.6550 0.3253 0.6820
vn -0.6550 0.3254 0.6820
vn -0.7077 0.3254 0.6271
vn -0.7078 0.3253 0.6271
vn -0.7078 0.3253 0.6270
vn -0.7560 0.3253 0.5681
vn -0.7559 0.3253 0.5681
vn -0.7992 0.3254 0.5054
vn -0.7992 0.3253 0.5054
vn -0.8373 0.3253 0.4394
vn -0.8699 0.3253 0.3706
vn -0.8969 0.3253 0.2994
vn -0.8969 0.3254 0.2994
vn -0.9181 0.3254 0.2263
vn -0.9181 0.3253 0.2263
vn -0.9333 0.3254 0.1517
vn -0.9334 0.3253 0.1517
vn -0.9425 0.3253 0.0761
vn -0.9456 0.3253 -0.0000
vn -0.9425 0.3253 -0.0761
vn -0.9334 0.3253 -0.1517
vn -0.9333 0.3254 -0.1517
vn -0.9181 0.3253 -0.2263
vn -0.9181 0.3254 -0.2263
vn -0.8969 0.3254 -0.2994
vn -0.8699 0.3253 -0.3706
vn -0.8969 0.3253 -0.2994
vn -0.8373 0.3253 -0.4394
vn -0.7992 0.3253 -0.5054
vn -0.7992 0.3254 -0.5054
vn -0.7559 0.3254 -0.5681
vn -0.7078 0.3253 -0.6270
vn -0.7559 0.3253 -0.5681
vn -0.7077 0.3254 -0.6271
vn -0.6550 0.3254 -0.6820
vn -0.5980 0.3253 -0.7325
vn -0.5372 0.3253 -0.7782
vn -0.4728 0.3253 -0.8189
vn -0.4054 0.3253 -0.8543
vn -0.3353 0.3253 -0.8842
vn -0.3353 0.3253 -0.8841
vn -0.2631 0.3253 -0.9083
vn -0.1891 0.3253 -0.9265
vn -0.1140 0.3253 -0.9387
vn -0.1140 0.3254 -0.9387
vn -0.0381 0.3254 -0.9448
vn -0.0381 0.3253 -0.9448
vn 0.0381 0.3253 -0.9448
vn 0.0381 0.3254 -0.9448
vn 0.1140 0.3254 -0.9387
vn 0.1140 0.3253 -0.9387
vn 0.1891 0.3253 -0.9265
vn 0.2631 0.3253 -0.9083
vn 0.3353 0.3253 -0.8841
vn 0.3353 0.3253 -0.8842
vn 0.4054 0.3253 -0.8543
vn 0.4728 0.3253 -0.8189
vn 0.5372 0.3253 -0.7782
vn 0.5980 0.3253 -0.7325
vn 0.6550 0.3253 -0.6820
vn 0.6550 0.3254 -0.6820
vn 0.7077 0.3254 -0.6271
vn 0.7078 0.3253 -0.6271
vn 0.7078 0.3253 -0.6270
vn 0.7560 0.3253 -0.5681
vn 0.7559 0.3253 -0.5681
vn 0.7992 0.3254 -0.5054
vn 0.7992 0.3253 -0.5054
vn 0.8373 0.3253 -0.4394
vn 0.8699 0.3253 -0.3706
vn 0.8969 0.3253 -0.2994
vn 0.8969 0.3254 -0.2994
vn 0.9181 0.3254 -0.2263
vn 0.9181 0.3253 -0.2263
vn 0.9333 0.3254 -0.1517
vn 0.9334 0.3253 -0.1517
vn 0.9425 0.3253 -0.0761
vn 0.9456 0.3253 -0.0000
vn 0.9425 0.3253 0.0761
vn 0.9334 0.3253 0.1517
vn 0.9333 0.3254 0.1517
vn 0.9181 0.3253 0.2263
vn 0.9181 0.3254 0.2263
vn 0.8969 0.3254 0.2994
vn 0.8699 0.3253 0.3706
vn 0.8969 0.3253 0.2994
vn 0.8373 0.3253 0.4394
vn 0.7992 0.3253 0.5054
vn 0.7992 0.3254 0.5054
vn 0.7559 0.3254 0.5681
vn 0.7078 0.3253 0.6270
vn 0.7559 0.3253 0.5681
vn 0.7077 0.3254 0.6271
vn 0.6550 0.3254 0.6820
vn 0.5980 0.3253 0.7325
vn 0.5372 0.3253 0.7782
vn 0.4728 0.3253 0.8189
vn 0.4054 0.3253 0.8543
vn 0.3353 0.3253 0.8842
vn 0.3353 0.3253 0.8841
vn 0.2631 0.3253 0.9083
vn 0.1891 0.3253 0.9265
vn 0.1140 0.3253 0.9387
vn 0.1140 0.3254 0.9387
vn 0.0381 0.3254 0.9448
vn 0.0381 0.3253 0.9448
vn -0.0381 0.3253 0.9448
vn -0.0381 0.3254 0.9448
vn -0.1140 0.3254 0.9387
vn -0.1140 0.3253 0.9387
vn -0.1891 0.3253 0.9265
vn 0.0400 0.1218 0.9918
vn -0.0400 0.1218 0.9918
vn -0.1196 0.1218 0.9853
vn -0.1985 0.1218 0.9725
vn -0.2762 0.1218 0.9534
vn -0.2761 0.1218 0.9534
vn -0.3520 0.1218 0.9281
vn -0.4255 0.1218 0.8967
vn -0.4963 0.1218 0.8596
vn -0.5638 0.1218 0.8169
vn -0.6277 0.1218 0.7688
vn -0.6876 0.1218 0.7158
vn -0.7429 0.1218 0.6582
vn -0.7935 0.1218 0.5963
vn -0.8389 0.1218 0.5305
vn -0.8789 0.1218 0.4613
vn -0.9131 0.1218 0.3890
vn -0.9415 0.1218 0.3143
vn -0.9637 0.1218 0.2375
vn -0.9797 0.1218 0.1592
vn -0.9893 0.1218 0.0799
vn -0.9926 0.1218 -0.0000
vn -0.9893 0.1218 -0.0799
vn -0.9797 0.1218 -0.1592
vn -0.9637 0.1218 -0.2375
vn -0.9415 0.1218 -0.3143
vn -0.9131 0.1218 -0.3890
vn -0.8789 0.1218 -0.4613
vn -0.8389 0.1218 -0.5305
vn -0.7935 0.1218 -0.5963
vn -0.7429 0.1218 -0.6582
vn -0.6876 0.1218 -0.7158
vn -0.6277 0.1218 -0.7688
vn -0.5638 0.1218 -0.8169
vn -0.4963 0.1218 -0.8596
vn -0.4255 0.1218 -0.8967
vn -0.3520 0.1218 -0.9281
vn -0.2762 0.1218 -0.9534
vn -0.2761 0.1218 -0.9534
vn -0.1985 0.1218 -0.9725
vn -0.1196 0.1218 -0.9853
vn -0.0400 0.1218 -0.9918
vn 0.0400 0.1218 -0.9918
vn 0.1196 0.1218 -0.9853
vn 0.1985 0.1218 -0.9725
vn 0.2762 0.1218 -0.9534
vn 0.2761 0.1218 -0.9534
vn 0.3520 0.1218 -0.9281
vn 0.4255 0.1218 -0.8967
vn 0.4963 0.1218 -0.8596
vn 0.5638 0.1218 -0.8169
vn 0.6277 0.1218 -0.7688
vn 0.6876 0.1218 -0.7158
vn 0.7429 0.1218 -0.6582
vn 0.7935 0.1218 -0.5963
vn 0.8389 0.1218 -0.5305
vn 0.8789 0.1218 -0.4613
vn 0.9131 0.1218 -0.3890
vn 0.9415 0.1218 -0.3143
vn 0.9637 0.1218 -0.2375
vn 0.9797 0.1218 -0.1592
vn 0.9893 0.1218 -0.0799
vn 0.9926 0.1218 -0.0000
vn 0.9893 0.1218 0.0799
vn 0.9797 0.1218 0.1592
vn 0.9637 0.1218 0.2375
vn 0.9415 0.1218 0.3143
vn 0.9131 0.1218 0.3890
vn 0.8789 0.1218 0.4613
vn 0.8389 0.1218 0.5305
vn 0.7935 0.1218 0.5963
vn 0.7429 0.1218 0.6582
vn 0.6876 0.1218 0.7158
vn 0.6277 0.1218 0.7688
vn 0.5638 0.1218 0.8169
vn 0.4963 0.1218 0.8596
vn 0.4255 0.1218 0.8967
vn 0.3520 0.1218 0.9281
vn 0.2762 0.1218 0.9534
vn 0.2761 0.1218 0.9534
vn 0.1985 0.1218 0.9725
vn 0.1196 0.1218 0.9853
vn 0.0078 0.9822 0.1879
vn -0.0078 0.9822 0.1879
vn -0.0233 0.9821 0.1867
vn -0.0233 0.9822 0.1866
vn -0.0386 0.9822 0.1841
vn -0.0386 0.9821 0.1841
vn -0.0537 0.9822 0.1803
vn -0.0537 0.9821 0.1803
vn -0.0684 0.9822 0.1752
vn -0.0684 0.9821 0.1752
vn -0.0826 0.9822 0.1690
vn -0.0826 0.9821 0.1690
vn -0.0963 0.9822 0.1616
vn -0.0963 0.9821 0.1616
vn -0.1093 0.9822 0.1531
vn -0.1093 0.9821 0.1531
vn -0.1216 0.9822 0.1435
vn -0.1330 0.9822 0.1330
vn -0.1435 0.9822 0.1216
vn -0.1531 0.9822 0.1093
vn -0.1531 0.9821 0.1093
vn -0.1616 0.9821 0.0963
vn -0.1690 0.9822 0.0826
vn -0.1752 0.9822 0.0684
vn -0.1803 0.9822 0.0537
vn -0.1803 0.9821 0.0537
vn -0.1841 0.9821 0.0386
vn -0.1841 0.9822 0.0386
vn -0.1866 0.9822 0.0233
vn -0.1867 0.9821 0.0233
vn -0.1879 0.9821 0.0078
vn -0.1879 0.9822 0.0078
vn -0.1879 0.9822 -0.0078
vn -0.1879 0.9821 -0.0078
vn -0.1867 0.9821 -0.0233
vn -0.1866 0.9822 -0.0233
vn -0.1841 0.9822 -0.0386
vn -0.1841 0.9821 -0.0386
vn -0.1803 0.9821 -0.0537
vn -0.1803 0.9822 -0.0537
vn -0.1752 0.9822 -0.0684
vn -0.1690 0.9822 -0.0826
vn -0.1690 0.9821 -0.0826
vn -0.1616 0.9822 -0.0963
vn -0.1616 0.9821 -0.0963
vn -0.1531 0.9821 -0.1093
vn -0.1531 0.9822 -0.1093
vn -0.1435 0.9822 -0.1216
vn -0.1330 0.9822 -0.1330
vn -0.1216 0.9822 -0.1435
vn -0.1093 0.9822 -0.1531
vn -0.1093 0.9821 -0.1531
vn -0.0963 0.9821 -0.1616
vn -0.0826 0.9822 -0.1690
vn -0.0826 0.9821 -0.1690
vn -0.0684 0.9822 -0.1752
vn -0.0684 0.9821 -0.1752
vn -0.0537 0.9822 -0.1803
vn -0.0537 0.9821 -0.1803
vn -0.0386 0.9821 -0.1841
vn -0.0386 0.9822 -0.1841
vn -0.0233 0.9822 -0.1866
vn -0.0233 0.9821 -0.1867
vn -0.0078 0.9822 -0.1879
vn 0.0078 0.9822 -0.1879
vn 0.0233 0.9821 -0.1867
vn 0.0233 0.9822 -0.1866
vn 0.0386 0.9822 -0.1841
vn 0.0386 0.9821 -0.1841
vn 0.0537 0.9822 -0.1803
vn 0.0537 0.9821 -0.1803
vn 0.0684 0.9822 -0.1752
vn 0.0684 0.9821 -0.1752
vn 0.0826 0.9822 -0.1690
vn 0.0826 0.9821 -0.1690
vn 0.0963 0.9822 -0.1616
vn 0.0963 0.9821 -0.1616
vn 0.1093 0.9822 -0.1531
vn 0.1093 0.9821 -0.1531
vn 0.1216 0.9822 -0.1435
vn 0.1330 0.9822 -0.1330
vn 0.1435 0.9822 -0.1216
vn 0.1531 0.9822 -0.1093
vn 0.1531 0.9821 -0.1093
vn 0.1616 0.9821 -0.0963
vn 0.1690 0.9822 -0.0826
vn 0.1752 0.9822 -0.0684
vn 0.1803 0.9822 -0.0537
vn 0.1803 0.9821 -0.0537
vn 0.1841 0.9821 -0.0386
vn 0.1841 0.9822 -0.0386
vn 0.1866 0.9822 -0.0233
vn 0.1867 0.9821 -0.0233
vn 0.1879 0.9821 -0.0078
vn 0.1879 0.9822 -0.0078
vn 0.1879 0.9822 0.0078
vn 0.1879 0.9821 0.0078
vn 0.1867 0.9821 0.0233
vn 0.1866 0.9822 0.0233
vn 0.1841 0.9822 0.0386
vn 0.1841 0.9821 0.0386
vn 0.1803 0.9821 0.0537
vn 0.1803 0.9822 0.0537
vn 0.1752 0.9822 0.0684
vn 0.1690 0.9822 0.0826
vn 0.1690 0.9821 0.0826
vn 0.1616 0.9822 0.0963
vn 0.1616 0.9821 0.0963
vn 0.1531 0.9821 0.1093
vn 0.1531 0.9822 0.1093
vn 0.1435 0.9822 0.1216
vn 0.1330 0.9822 0.1330
vn 0.1216 0.9822 0.1435
vn 0.1093 0.9822 0.1531
vn 0.1093 0.9821 0.1531
vn 0.0963 0.9821 0.1616
vn 0.0826 0.9822 0.1690
vn 0.0826 0.9821 0.1690
vn 0.0684 0.9822 0.1752
vn 0.0684 0.9821 0.1752
vn 0.0537 0.9822 0.1803
vn 0.0537 0.9821 0.1803
vn 0.0386 0.9821 0.1841
vn 0.0386 0.9822 0.1841
vn 0.0233 0.9822 0.1866
vn 0.0233 0.9821 0.1867
vn 0.0222 0.8432 0.5371
vn -0.0222 0.8432 0.5371
vn -0.0665 0.8432 0.5335
vn -0.1103 0.8432 0.5262
vn -0.1534 0.8432 0.5152
vn -0.1534 0.8432 0.5153
vn -0.1954 0.8432 0.5008
vn -0.2361 0.8432 0.4830
vn -0.2752 0.8432 0.4618
vn -0.3124 0.8432 0.4375
vn -0.3475 0.8432 0.4102
vn -0.3474 0.8432 0.4102
vn -0.3801 0.8432 0.3801
vn -0.4102 0.8432 0.3475
vn -0.4375 0.8432 0.3124
vn -0.4618 0.8432 0.2752
vn -0.4830 0.8432 0.2361
vn -0.5008 0.8432 0.1954
vn -0.5153 0.8432 0.1534
vn -0.5152 0.8432 0.1534
vn -0.5261 0.8432 0.1103
vn -0.5262 0.8432 0.1103
vn -0.5335 0.8432 0.0665
vn -0.5371 0.8432 0.0222
vn -0.5371 0.8432 -0.0222
vn -0.5335 0.8432 -0.0665
vn -0.5262 0.8432 -0.1103
vn -0.5261 0.8432 -0.1103
vn -0.5152 0.8432 -0.1534
vn -0.5153 0.8432 -0.1534
vn -0.5008 0.8432 -0.1954
vn -0.4830 0.8432 -0.2361
vn -0.4618 0.8432 -0.2752
vn -0.4375 0.8432 -0.3124
vn -0.4102 0.8432 -0.3475
vn -0.4102 0.8432 -0.3474
vn -0.3801 0.8432 -0.3801
vn -0.3474 0.8432 -0.4102
vn -0.3475 0.8432 -0.4102
vn -0.3124 0.8432 -0.4375
vn -0.2752 0.8432 -0.4618
vn -0.2361 0.8432 -0.4830
vn -0.1954 0.8432 -0.5008
vn -0.1534 0.8432 -0.5153
vn -0.1534 0.8432 -0.5152
vn -0.1103 0.8432 -0.5261
vn -0.1103 0.8432 -0.5262
vn -0.0665 0.8432 -0.5335
vn -0.0222 0.8432 -0.5371
vn 0.0222 0.8432 -0.5371
vn 0.0665 0.8432 -0.5335
vn 0.1103 0.8432 -0.5262
vn 0.1534 0.8432 -0.5152
vn 0.1534 0.8432 -0.5153
vn 0.1954 0.8432 -0.5008
vn 0.2361 0.8432 -0.4830
vn 0.2752 0.8432 -0.4618
vn 0.3124 0.8432 -0.4375
vn 0.3475 0.8432 -0.4102
vn 0.3474 0.8432 -0.4102
vn 0.3801 0.8432 -0.3801
vn 0.4102 0.8432 -0.3475
vn 0.4375 0.8432 -0.3124
vn 0.4618 0.8432 -0.2752
vn 0.4830 0.8432 -0.2361
vn 0.5008 0.8432 -0.1954
vn 0.5153 0.8432 -0.1534
vn 0.5152 0.8432 -0.1534
vn 0.5261 0.8432 -0.1103
vn 0.5262 0.8432 -0.1103
vn 0.5335 0.8432 -0.0665
vn 0.5371 0.8432 -0.0222
vn 0.5371 0.8432 0.0222
vn 0.5335 0.8432 0.0665
vn 0.5262 0.8432 0.1103
vn 0.5261 0.8432 0.1103
vn 0.5152 0.8432 0.1534
vn 0.5153 0.8432 0.1534
vn 0.5008 0.8432 0.1954
vn 0.4830 0.8432 0.2361
vn 0.4618 0.8432 0.2752
vn 0.4375 0.8432 0.3124
vn 0.4102 0.8432 0.3475
vn 0.4102 0.8432 0.3474
vn 0.3801 0.8432 0.3801
vn 0.3474 0.8432 0.4102
vn 0.3475 0.8432 0.4102
vn 0.3124 0.8432 0.4375
vn 0.2752 0.8432 0.4618
vn 0.2361 0.8432 0.4830
vn 0.1954 0.8432 0.5008
vn 0.1534 0.8432 0.5153
vn 0.1534 0.8432 0.5152
vn 0.1103 0.8432 0.5261
vn 0.1103 0.8432 0.5262
vn 0.0665 0.8432 0.5335
vn 0.0335 0.5851 0.8103
vn -0.0335 0.5851 0.8103
vn -0.1003 0.5851 0.8047
vn -0.1664 0.5851 0.7937
vn -0.2314 0.5851 0.7773
vn -0.2948 0.5851 0.7555
vn -0.3562 0.5851 0.7286
vn -0.4151 0.5851 0.6967
vn -0.4712 0.5851 0.6600
vn -0.5241 0.5851 0.6188
vn -0.5735 0.5851 0.5735
vn -0.6189 0.5851 0.5241
vn -0.6188 0.5851 0.5241
vn -0.6600 0.5851 0.4712
vn -0.6967 0.5851 0.4151
vn -0.7286 0.5851 0.3562
vn -0.7555 0.5851 0.2948
vn -0.7773 0.5851 0.2314
vn -0.7937 0.5851 0.1664
vn -0.8047 0.5851 0.1003
vn -0.8048 0.5851 0.1003
vn -0.8103 0.5851 0.0335
vn -0.8103 0.5851 -0.0335
vn -0.8047 0.5851 -0.1003
vn -0.7937 0.5851 -0.1664
vn -0.7773 0.5851 -0.2314
vn -0.7555 0.5851 -0.2948
vn -0.7286 0.5851 -0.3562
vn -0.6967 0.5851 -0.4151
vn -0.6600 0.5851 -0.4712
vn -0.6188 0.5851 -0.5241
vn -0.5735 0.5851 -0.5735
vn -0.5241 0.5851 -0.6188
vn -0.4712 0.5851 -0.6600
vn -0.4151 0.5851 -0.6967
vn -0.3562 0.5851 -0.7286
vn -0.2948 0.5851 -0.7555
vn -0.2314 0.5851 -0.7772
vn -0.2314 0.5851 -0.7773
vn -0.1664 0.5851 -0.7937
vn -0.1003 0.5851 -0.8047
vn -0.1003 0.5851 -0.8048
vn -0.0335 0.5851 -0.8103
vn 0.0335 0.5851 -0.8103
vn 0.1003 0.5851 -0.8047
vn 0.1664 0.5851 -0.7937
vn 0.2314 0.5851 -0.7773
vn 0.2948 0.5851 -0.7555
vn 0.3562 0.5851 -0.7286
vn 0.4151 0.5851 -0.6967
vn 0.4712 0.5851 -0.6600
vn 0.5241 0.5851 -0.6188
vn 0.5735 0.5851 -0.5735
vn 0.6189 0.5851 -0.5241
vn 0.6188 0.5851 -0.5241
vn 0.6600 0.5851 -0.4712
vn 0.6967 0.5851 -0.4151
vn 0.7286 0.5851 -0.3562
vn 0.7555 0.5851 -0.2948
vn 0.7773 0.5851 -0.2314
vn 0.7937 0.5851 -0.1664
vn 0.8047 0.5851 -0.1003
vn 0.8048 0.5851 -0.1003
vn 0.8103 0.5851 -0.0335
vn 0.8103 0.5851 0.0335
vn 0.8047 0.5851 0.1003
vn 0.7937 0.5851 0.1664
vn 0.7773 0.5851 0.2314
vn 0.7555 0.5851 0.2948
vn 0.7286 0.5851 0.3562
vn 0.6967 0.5851 0.4151
vn 0.6600 0.5851 0.4712
vn 0.6188 0.5851 0.5241
vn 0.5735 0.5851 0.5735
vn 0.5241 0.5851 0.6188
vn 0.4712 0.5851 0.6600
vn 0.4151 0.5851 0.6967
vn 0.3562 0.5851 0.7286
vn 0.2948 0.5851 0.7555
vn 0.2314 0.5851 0.7772
vn 0.2314 0.5851 0.7773
vn 0.1664 0.5851 0.7937
vn 0.1003 0.5851 0.8047
vn 0.1003 0.5851 0.8048
vt 0.854037 0.301905
vt 0.864252 0.322823
vt 0.665789 0.322843
vt 0.660551 0.345480
vt 0.665789 0.391335
vt 0.869490 0.345459
vt 0.869490 0.368678
vt 0.660551 0.368699
vt 0.690682 0.430405
vt 0.753250 0.460117
vt 0.709088 0.444880
vt 0.730298 0.454952
vt 0.676004 0.412253
vt 0.776791 0.460114
vt 0.676004 0.301923
vt 0.690682 0.283768
vt 0.709088 0.269289
vt 0.864252 0.391315
vt 0.854037 0.412236
vt 0.839359 0.430391
vt 0.820953 0.444869
vt 0.799743 0.454946
vt 0.730298 0.259213
vt 0.753250 0.254044
vt 0.776792 0.254042
vt 0.799743 0.259206
vt 0.820954 0.269278
vt 0.839359 0.283753
vt 0.105861 0.350179
vt 0.108818 0.349239
vt 0.126664 0.461144
vt 0.332722 0.145483
vt 0.328407 0.141127
vt 0.352147 0.023916
vt 0.323648 0.137234
vt 0.320474 0.135088
vt 0.316051 0.132638
vt 0.311569 0.130740
vt 0.340774 0.021496
vt 0.310914 0.130513
vt 0.328787 0.019418
vt 0.310471 0.130360
vt 0.350211 0.176753
vt 0.347721 0.169797
vt 0.373747 0.028982
vt 0.343495 0.160887
vt 0.341767 0.157833
vt 0.337176 0.150905
vt 0.332939 0.145702
vt 0.363519 0.026335
vt 0.354672 0.218119
vt 0.355432 0.210278
vt 0.392578 0.034380
vt 0.355288 0.201660
vt 0.354158 0.192204
vt 0.353517 0.188778
vt 0.351066 0.179141
vt 0.383974 0.031629
vt 0.946069 0.408639
vt 0.937229 0.254828
vt 0.946069 0.254042
vt 0.342339 0.294489
vt 0.351670 0.288800
vt 0.358472 0.284652
vt 0.659738 0.985887
vt 0.655359 0.730581
vt 0.664234 0.730698
vt 0.673231 0.976122
vt 0.674712 0.730804
vt 0.675777 0.974279
vt 0.693322 0.965806
vt 0.685189 0.730910
vt 0.695403 0.965227
vt 0.696779 0.731002
vt 0.711820 0.960658
vt 0.708369 0.731093
vt 0.719314 0.959966
vt 0.720529 0.731165
vt 0.730736 0.958911
vt 0.732689 0.731237
vt 0.743719 0.960042
vt 0.790691 0.731381
vt 0.767897 0.965523
vt 0.780205 0.731383
vt 0.767609 0.965445
vt 0.768609 0.731359
vt 0.749578 0.960553
vt 0.757014 0.731335
vt 0.744852 0.731286
vt 0.801177 0.984984
vt 0.789594 0.976791
vt 0.785252 0.973720
vt 0.153580 0.276839
vt 0.153571 0.268790
vt 0.190794 0.447494
vt 0.152877 0.262197
vt 0.801177 0.731379
vt 0.902112 0.749306
vt 0.893178 0.498067
vt 0.902112 0.496754
vt 0.923871 0.750422
vt 0.931626 0.496754
vt 0.931626 0.758142
vt 0.149980 0.191381
vt 0.269880 0.935780
vt 0.276348 0.865529
vt 0.276348 0.941931
vt 0.142895 0.186862
vt 0.140573 0.185322
vt 0.143392 0.315689
vt 0.147478 0.306153
vt 0.171800 0.452271
vt 0.148314 0.303481
vt 0.182098 0.449894
vt 0.150519 0.296434
vt 0.152548 0.286721
vt 0.150085 0.456893
vt 0.130677 0.334407
vt 0.161502 0.454649
vt 0.134371 0.330185
vt 0.139205 0.323240
vt 0.117043 0.345580
vt 0.121778 0.342518
vt 0.138668 0.459137
vt 0.110242 0.348786
vt 0.114536 0.346917
vt 0.126436 0.338744
vt 0.129182 0.336116
vt 0.307951 0.129607
vt 0.300496 0.127851
vt 0.316801 0.017339
vt 0.292966 0.126532
vt 0.304761 0.015699
vt 0.286923 0.125680
vt 0.292722 0.014058
vt 0.274940 0.124160
vt 0.281192 0.012932
vt 0.263214 0.122897
vt 0.269662 0.011807
vt 0.251881 0.121908
vt 0.259181 0.011248
vt 0.241074 0.121203
vt 0.248700 0.010689
vt 0.230919 0.120791
vt 0.239758 0.010724
vt 0.221536 0.120676
vt 0.230816 0.010759
vt 0.416574 0.742144
vt 0.531956 0.733867
vt 0.531614 0.742143
vt 0.416289 0.751711
vt 0.531310 0.751316
vt 0.416005 0.761278
vt 0.531045 0.761277
vt 0.415807 0.772186
vt 0.530825 0.771911
vt 0.415610 0.783094
vt 0.530650 0.783093
vt 0.415508 0.794832
vt 0.530524 0.794691
vt 0.415407 0.806570
vt 0.530448 0.806569
vt 0.415382 0.818590
vt 0.530423 0.818589
vt 0.415407 0.830609
vt 0.530448 0.830608
vt 0.415508 0.842349
vt 0.530524 0.842488
vt 0.415610 0.854088
vt 0.530650 0.854087
vt 0.415807 0.864998
vt 0.530825 0.865270
vt 0.416004 0.875907
vt 0.531045 0.875907
vt 0.416289 0.885478
vt 0.531309 0.885871
vt 0.416574 0.895048
vt 0.531614 0.895047
vt 0.967833 0.122556
vt 0.976516 0.010689
vt 0.976516 0.124277
vt 0.416932 0.902832
vt 0.531956 0.903327
vt 0.037941 0.470902
vt 0.019757 0.360202
vt 0.046794 0.470614
vt 0.029056 0.359784
vt 0.057209 0.469820
vt 0.039139 0.359113
vt 0.067624 0.469025
vt 0.049886 0.358196
vt 0.079115 0.467762
vt 0.061173 0.357043
vt 0.090605 0.466498
vt 0.072867 0.355668
vt 0.102633 0.464824
vt 0.084830 0.354088
vt 0.114661 0.463150
vt 0.090869 0.353226
vt 0.098399 0.351911
vt 0.123925 0.713526
vt 0.111803 0.712997
vt 0.121728 0.493340
vt 0.088089 0.708107
vt 0.065999 0.698323
vt 0.046566 0.684101
vt 0.030699 0.666108
vt 0.136033 0.712764
vt 0.145842 0.495683
vt 0.168879 0.503063
vt 0.189763 0.515136
vt 0.207517 0.531339
vt 0.221311 0.550912
vt 0.019139 0.645184
vt 0.012428 0.622308
vt 0.010879 0.598550
vt 0.230500 0.572941
vt 0.234654 0.596396
vt 0.233580 0.620180
vt 0.159645 0.707418
vt 0.181536 0.697211
vt 0.200682 0.682618
vt 0.227326 0.643181
vt 0.216187 0.664323
vt 0.054141 0.516442
vt 0.074780 0.503969
vt 0.036714 0.532983
vt 0.023313 0.552818
vt 0.014565 0.575019
vt 0.097666 0.496146
vt 0.146501 0.177443
vt 0.145494 0.176915
vt 0.190794 0.169809
vt 0.894536 0.341117
vt 0.891884 0.342886
vt 0.894926 0.318809
vt 0.891362 0.318900
vt 0.894927 0.318735
vt 0.891249 0.295789
vt 0.895637 0.297118
vt 0.898548 0.274834
vt 0.896895 0.280435
vt 0.891552 0.274635
vt 0.896138 0.286189
vt 0.895702 0.295705
vt 0.910829 0.257583
vt 0.908625 0.259614
vt 0.892255 0.256426
vt 0.904398 0.264394
vt 0.900947 0.269667
vt 0.898723 0.274458
vt 0.133532 0.171965
vt 0.128294 0.170697
vt 0.187089 0.152250
vt 0.123525 0.170097
vt 0.119417 0.170050
vt 0.010879 0.948033
vt 0.018987 0.903696
vt 0.018987 0.950040
vt 0.189008 0.161890
vt 0.144683 0.176490
vt 0.139123 0.173942
vt 0.066838 0.170209
vt 0.115141 0.170510
vt 0.111395 0.171375
vt 0.107284 0.172853
vt 0.103210 0.174897
vt 0.099146 0.177543
vt 0.097195 0.179041
vt 0.093054 0.182750
vt 0.070565 0.187871
vt 0.915471 0.254042
vt 0.913016 0.255915
vt 0.862473 0.835779
vt 0.864149 0.817296
vt 0.866319 0.816527
vt 0.864085 0.816531
vt 0.866316 0.804491
vt 0.862593 0.798731
vt 0.866460 0.792647
vt 0.861001 0.792608
vt 0.866605 0.780803
vt 0.857862 0.780529
vt 0.866938 0.769676
vt 0.852945 0.769572
vt 0.867271 0.758549
vt 0.850052 0.763127
vt 0.867779 0.748660
vt 0.840240 0.748377
vt 0.868286 0.738770
vt 0.839316 0.746988
vt 0.868942 0.730581
vt 0.825899 0.732595
vt 0.823912 0.730822
vt 0.866419 0.828505
vt 0.866665 0.840114
vt 0.861259 0.840199
vt 0.866910 0.851724
vt 0.857553 0.853699
vt 0.867337 0.862392
vt 0.853312 0.862520
vt 0.867764 0.873060
vt 0.849461 0.870531
vt 0.868353 0.882289
vt 0.840695 0.882566
vt 0.347204 0.302817
vt 0.348267 0.302318
vt 0.392578 0.309914
vt 0.950551 0.430019
vt 0.950551 0.474265
vt 0.937229 0.460777
vt 0.838380 0.885745
vt 0.868942 0.891517
vt 0.892720 0.229768
vt 0.885263 0.201161
vt 0.892720 0.198711
vt 0.301194 0.302116
vt 0.305704 0.304878
vt 0.268723 0.308887
vt 0.272310 0.291904
vt 0.292769 0.294884
vt 0.296741 0.298658
vt 0.309977 0.306847
vt 0.313653 0.308061
vt 0.317844 0.308933
vt 0.321652 0.309279
vt 0.389012 0.326797
vt 0.326078 0.309189
vt 0.330582 0.308602
vt 0.335421 0.307471
vt 0.337732 0.306764
vt 0.343139 0.304724
vt 0.390873 0.317456
vt 0.895579 0.408994
vt 0.903737 0.410721
vt 0.897327 0.425640
vt 0.906700 0.415136
vt 0.910704 0.419542
vt 0.915471 0.423459
vt 0.290876 0.292845
vt 0.292624 0.294746
vt 0.899927 0.400672
vt 0.901420 0.405815
vt 0.902821 0.408780
vt 0.894043 0.389012
vt 0.892792 0.366627
vt 0.896388 0.366385
vt 0.897395 0.377984
vt 0.898514 0.388641
vt 0.899486 0.397909
vt 0.894553 0.342818
vt 0.894638 0.344516
vt 0.895522 0.356413
vt 0.387152 0.336139
vt 0.264910 0.329051
vt 0.385222 0.346843
vt 0.383292 0.357548
vt 0.261049 0.351454
vt 0.381383 0.369115
vt 0.379474 0.380682
vt 0.257320 0.375048
vt 0.377676 0.392571
vt 0.375877 0.404460
vt 0.253897 0.398730
vt 0.374274 0.416114
vt 0.372670 0.427768
vt 0.250942 0.421393
vt 0.371335 0.438644
vt 0.370001 0.449519
vt 0.248590 0.441976
vt 0.368998 0.459106
vt 0.367995 0.468693
vt 0.392578 0.844150
vt 0.270550 0.834993
vt 0.392148 0.825072
vt 0.270367 0.824719
vt 0.270184 0.814446
vt 0.391849 0.803296
vt 0.270070 0.803071
vt 0.269957 0.791697
vt 0.391696 0.779840
vt 0.269918 0.779753
vt 0.269880 0.767809
vt 0.391696 0.755801
vt 0.269918 0.755854
vt 0.269957 0.743900
vt 0.391849 0.732303
vt 0.270070 0.732494
vt 0.270184 0.721088
vt 0.392148 0.710444
vt 0.270367 0.710763
vt 0.270550 0.700438
vt 0.392578 0.691246
vt 0.166460 0.010689
vt 0.167363 0.019974
vt 0.046996 0.037153
vt 0.168267 0.029259
vt 0.049169 0.057219
vt 0.169523 0.039923
vt 0.170780 0.050587
vt 0.051993 0.079559
vt 0.172331 0.062132
vt 0.173882 0.073677
vt 0.055336 0.103128
vt 0.175654 0.085562
vt 0.177427 0.097448
vt 0.059041 0.126823
vt 0.179338 0.109119
vt 0.181249 0.120790
vt 0.062936 0.149538
vt 0.185171 0.142611
vt 0.183210 0.131701
vt 0.101345 0.320259
vt 0.100763 0.322755
vt 0.089133 0.257531
vt 0.100112 0.324713
vt 0.099746 0.325537
vt 0.099085 0.326630
vt 0.098370 0.327360
vt 0.343613 0.542039
vt 0.387685 0.495941
vt 0.392578 0.492277
vt 0.102544 0.309586
vt 0.102172 0.314420
vt 0.094216 0.255827
vt 0.102069 0.315234
vt 0.101657 0.318486
vt 0.340646 0.539426
vt 0.336784 0.535766
vt 0.352556 0.520127
vt 0.356839 0.517500
vt 0.362110 0.514089
vt 0.368620 0.509676
vt 0.375033 0.505168
vt 0.375616 0.504747
vt 0.381439 0.500544
vt 0.021516 0.825568
vt 0.022156 0.826321
vt 0.017593 0.829243
vt 0.028345 0.833431
vt 0.029866 0.835178
vt 0.025540 0.838444
vt 0.035663 0.841735
vt 0.031508 0.845245
vt 0.331536 0.564421
vt 0.330672 0.573395
vt 0.327487 0.563778
vt 0.326540 0.573545
vt 0.322126 0.562767
vt 0.321049 0.573613
vt 0.335904 0.552361
vt 0.332250 0.550655
vt 0.327445 0.548209
vt 0.015652 0.818679
vt 0.010879 0.821295
vt 0.139131 0.184154
vt 0.142223 0.264530
vt 0.134748 0.181006
vt 0.130381 0.178500
vt 0.116332 0.175904
vt 0.119549 0.175618
vt 0.130273 0.266509
vt 0.122670 0.175888
vt 0.126327 0.176809
vt 0.128299 0.177632
vt 0.110512 0.178094
vt 0.113542 0.176667
vt 0.115798 0.176050
vt 0.100327 0.188374
vt 0.103238 0.184452
vt 0.118688 0.267859
vt 0.104626 0.182885
vt 0.105037 0.182500
vt 0.107546 0.180153
vt 0.280981 0.503202
vt 0.275807 0.499545
vt 0.352114 0.498589
vt 0.274763 0.498867
vt 0.109075 0.268393
vt 0.097162 0.193869
vt 0.987105 0.856670
vt 0.986125 0.780753
vt 0.987105 0.779521
vt 0.097799 0.192616
vt 0.298786 0.520312
vt 0.352412 0.508471
vt 0.294877 0.515737
vt 0.290563 0.511321
vt 0.287681 0.508720
vt 0.286090 0.507283
vt 0.374596 0.497195
vt 0.139567 0.304096
vt 0.356238 0.506484
vt 0.355872 0.497343
vt 0.110645 0.272073
vt 0.120246 0.271774
vt 0.131582 0.271058
vt 0.143190 0.270019
vt 0.361280 0.503930
vt 0.361018 0.495682
vt 0.112216 0.277167
vt 0.121664 0.277198
vt 0.132560 0.277148
vt 0.143630 0.277023
vt 0.367860 0.500615
vt 0.063303 0.909035
vt 0.067698 0.903696
vt 0.067698 0.914441
vt 0.367911 0.493413
vt 0.113605 0.284075
vt 0.122694 0.284551
vt 0.132911 0.285196
vt 0.143212 0.285945
vt 0.107401 0.290785
vt 0.106568 0.283817
vt 0.114379 0.291344
vt 0.918777 0.217785
vt 0.918777 0.229768
vt 0.914479 0.223935
vt 0.122961 0.292282
vt 0.132395 0.293518
vt 0.141857 0.294943
vt 0.381494 0.493645
vt 0.107823 0.297974
vt 0.114547 0.298936
vt 0.122475 0.300350
vt 0.131024 0.302114
vt 0.137327 0.909341
vt 0.141078 0.903696
vt 0.141078 0.912763
vt 0.388335 0.490073
vt 0.107791 0.305159
vt 0.114066 0.306588
vt 0.121202 0.308478
vt 0.128770 0.310716
vt 0.136317 0.313169
vt 0.102751 0.304278
vt 0.107393 0.310896
vt 0.115568 0.903696
vt 0.115568 0.914276
vt 0.112740 0.909068
vt 0.113151 0.312734
vt 0.119534 0.315007
vt 0.126226 0.317603
vt 0.132893 0.320394
vt 0.128873 0.327056
vt 0.123121 0.323969
vt 0.117346 0.321050
vt 0.111783 0.318417
vt 0.106655 0.316177
vt 0.119663 0.329410
vt 0.124512 0.332747
vt 0.122189 0.335267
vt 0.114796 0.326214
vt 0.117796 0.331816
vt 0.110070 0.323266
vt 0.113386 0.328496
vt 0.105642 0.320661
vt 0.109090 0.325403
vt 0.104611 0.346128
vt 0.108373 0.344831
vt 0.112052 0.343068
vt 0.114196 0.341799
vt 0.118234 0.338879
vt 0.114584 0.335260
vt 0.111274 0.338032
vt 0.109507 0.339231
vt 0.106460 0.340885
vt 0.103331 0.342084
vt 0.110921 0.331752
vt 0.108342 0.334362
vt 0.106952 0.335485
vt 0.104540 0.337021
vt 0.102045 0.338117
vt 0.107337 0.328445
vt 0.105462 0.330869
vt 0.104439 0.331906
vt 0.102647 0.333312
vt 0.100775 0.334296
vt 0.105036 0.322630
vt 0.103922 0.325420
vt 0.102699 0.327630
vt 0.102021 0.328567
vt 0.100817 0.329827
vt 0.099543 0.330690
vt 0.087736 0.329732
vt 0.080624 0.258775
vt 0.093086 0.328745
vt 0.041345 0.837271
vt 0.036059 0.830739
vt 0.034377 0.828635
vt 0.031010 0.824423
vt 0.027930 0.820517
vt 0.026392 0.818566
vt 0.022382 0.813392
vt 0.304938 0.531993
vt 0.312876 0.555309
vt 0.315897 0.579710
vt 0.321079 0.579692
vt 0.142095 0.182287
vt 0.144141 0.179568
vt 0.140590 0.181225
vt 0.135964 0.178364
vt 0.131289 0.176098
vt 0.126903 0.174591
vt 0.122913 0.173801
vt 0.119489 0.173616
vt 0.115941 0.173961
vt 0.112853 0.174747
vt 0.109492 0.176167
vt 0.106197 0.178181
vt 0.102957 0.180823
vt 0.142500 0.178587
vt 0.137458 0.175950
vt 0.132360 0.173877
vt 0.127569 0.172521
vt 0.123202 0.171844
vt 0.119444 0.171737
vt 0.115539 0.172141
vt 0.112128 0.172961
vt 0.108400 0.174396
vt 0.104727 0.176400
vt 0.101093 0.179005
vt 0.099361 0.180482
vt 0.095721 0.184135
vt 0.101421 0.182327
vt 0.098217 0.186065
vt 0.095466 0.190069
vt 0.094244 0.192168
vt 0.091116 0.184845
vt 0.092559 0.188028
vt 0.089391 0.186712
vt 0.091138 0.190061
vt 0.087714 0.188789
vt 0.088597 0.194356
vt 0.084639 0.193197
vt 0.907958 0.265148
vt 0.905038 0.270211
vt 0.096660 0.194856
vt 0.094614 0.199653
vt 0.272963 0.500753
vt 0.277829 0.504814
vt 0.282592 0.509271
vt 0.286722 0.513602
vt 0.290665 0.518240
vt 0.294203 0.522938
vt 0.092096 0.196621
vt 0.090625 0.200846
vt 0.086792 0.198407
vt 0.279787 0.510054
vt 0.283759 0.514707
vt 0.287543 0.519704
vt 0.290931 0.524779
vt 0.903088 0.275097
vt 0.901838 0.280302
vt 0.901390 0.285546
vt 0.095583 0.339702
vt 0.089658 0.344977
vt 0.088616 0.337168
vt 0.089055 0.340870
vt 0.082207 0.330521
vt 0.071255 0.331968
vt 0.072160 0.259868
vt 0.065137 0.332687
vt 0.070755 0.260049
vt 0.046597 0.805358
vt 0.040801 0.805471
vt 0.039789 0.740407
vt 0.060549 0.333227
vt 0.050216 0.334282
vt 0.031061 0.808240
vt 0.017785 0.744494
vt 0.038023 0.806260
vt 0.024786 0.742804
vt 0.985779 0.664618
vt 0.985779 0.741449
vt 0.983342 0.665511
vt 0.028674 0.741865
vt 0.047797 0.740216
vt 0.050999 0.740139
vt 0.050941 0.805273
vt 0.062173 0.741064
vt 0.055159 0.806296
vt 0.070824 0.742719
vt 0.073181 0.743170
vt 0.060788 0.807661
vt 0.083894 0.746433
vt 0.063322 0.809033
vt 0.092715 0.750189
vt 0.094184 0.750815
vt 0.069672 0.812471
vt 0.103933 0.756264
vt 0.112377 0.762256
vt 0.244747 0.966484
vt 0.246148 0.899330
vt 0.246148 0.966772
vt 0.985367 0.475375
vt 0.984568 0.409827
vt 0.985367 0.409779
vt 0.967833 0.212468
vt 0.976033 0.145656
vt 0.976033 0.215096
vt 0.348724 0.865529
vt 0.348724 0.932344
vt 0.337680 0.930423
vt 0.392578 0.865529
vt 0.392578 0.932413
vt 0.381526 0.930628
vt 0.370483 0.928797
vt 0.315921 0.932177
vt 0.304864 0.867371
vt 0.315921 0.865529
vt 0.961584 0.664618
vt 0.961584 0.734066
vt 0.953385 0.667249
vt 0.041544 0.903696
vt 0.041544 0.969187
vt 0.040746 0.969133
vt 0.222988 0.899330
vt 0.222988 0.966778
vt 0.221587 0.899618
vt 0.141156 0.797613
vt 0.145248 0.807023
vt 0.082234 0.827905
vt 0.148515 0.817564
vt 0.084251 0.834747
vt 0.148813 0.819110
vt 0.085056 0.837477
vt 0.149617 0.861300
vt 0.084222 0.851583
vt 0.085262 0.847439
vt 0.150602 0.828391
vt 0.151486 0.839374
vt 0.085174 0.843172
vt 0.151416 0.841733
vt 0.151157 0.850387
vt 0.148837 0.864352
vt 0.146885 0.871985
vt 0.082835 0.857113
vt 0.142994 0.882316
vt 0.262875 0.221516
vt 0.242213 0.145384
vt 0.265477 0.221707
vt 0.245746 0.145615
vt 0.252107 0.146029
vt 0.271999 0.222188
vt 0.262482 0.146935
vt 0.273406 0.222362
vt 0.267083 0.147430
vt 0.273218 0.148091
vt 0.281885 0.223404
vt 0.284188 0.149483
vt 0.289720 0.150262
vt 0.083637 0.345798
vt 0.071241 0.339280
vt 0.082742 0.337760
vt 0.049149 0.341710
vt 0.060000 0.340601
vt 0.029124 0.343237
vt 0.040376 0.335122
vt 0.038817 0.342592
vt 0.043890 0.334822
vt 0.063022 0.735875
vt 0.051287 0.734905
vt 0.020184 0.343638
vt 0.022632 0.336118
vt 0.025064 0.336009
vt 0.031145 0.335737
vt 0.547496 0.873692
vt 0.554664 0.880189
vt 0.547750 0.883272
vt 0.554723 0.881988
vt 0.548043 0.892093
vt 0.554943 0.888589
vt 0.547117 0.852716
vt 0.554220 0.861328
vt 0.547284 0.863467
vt 0.554249 0.862718
vt 0.554422 0.871066
vt 0.546995 0.795615
vt 0.553875 0.807586
vt 0.546922 0.807034
vt 0.553851 0.818590
vt 0.546898 0.818589
vt 0.553875 0.829595
vt 0.546922 0.830145
vt 0.553945 0.840470
vt 0.546995 0.841565
vt 0.553953 0.841228
vt 0.554060 0.851090
vt 0.547284 0.773716
vt 0.554060 0.786094
vt 0.547117 0.784465
vt 0.553953 0.795954
vt 0.553945 0.796712
vt 0.547750 0.753916
vt 0.554422 0.766121
vt 0.547496 0.763493
vt 0.554249 0.774467
vt 0.554220 0.775857
vt 0.221922 0.137268
vt 0.216543 0.145071
vt 0.213750 0.137446
vt 0.548043 0.745098
vt 0.554943 0.748603
vt 0.554724 0.755202
vt 0.554664 0.757001
vt 0.071791 0.347364
vt 0.060213 0.348725
vt 0.049037 0.349866
vt 0.038395 0.350775
vt 0.028411 0.351439
vt 0.019204 0.351852
vt 0.540425 0.902494
vt 0.540087 0.894296
vt 0.539785 0.885210
vt 0.539523 0.875343
vt 0.539304 0.864812
vt 0.539132 0.853738
vt 0.539007 0.842253
vt 0.538932 0.830491
vt 0.538906 0.818589
vt 0.538932 0.806687
vt 0.539007 0.794926
vt 0.539132 0.783442
vt 0.539304 0.772370
vt 0.539523 0.761841
vt 0.539785 0.751977
vt 0.540087 0.742894
vt 0.212553 0.129188
vt 0.213035 0.120861
vt 0.220971 0.129005
vt 0.230261 0.129119
vt 0.240316 0.129527
vt 0.010879 0.352009
vt 0.012102 0.343790
vt 0.230942 0.137378
vt 0.240705 0.137775
vt 0.232916 0.145007
vt 0.226780 0.144932
vt 0.224326 0.144902
vt 0.251094 0.138452
vt 0.251017 0.130225
vt 0.262239 0.131205
vt 0.261989 0.139404
vt 0.284782 0.142079
vt 0.273263 0.140617
vt 0.285714 0.133960
vt 0.273850 0.132455
vt 0.290654 0.142682
vt 0.291120 0.138908
vt 0.291733 0.134794
vt 0.900214 0.318535
vt 0.900900 0.296626
vt 0.296609 0.535584
vt 0.300080 0.534117
vt 0.303926 0.557143
vt 0.307653 0.556423
vt 0.899852 0.341210
vt 0.306695 0.579697
vt 0.310520 0.579760
vt 0.325271 0.579649
vt 0.326473 0.579618
vt 0.328888 0.579556
vt 0.033797 0.851338
vt 0.035616 0.849797
vt 0.036521 0.849030
vt 0.039695 0.846350
vt 0.321090 0.582676
vt 0.315908 0.582694
vt 0.315918 0.581202
vt 0.051444 0.849679
vt 0.045762 0.854143
vt 0.042067 0.849263
vt 0.052706 0.838517
vt 0.053798 0.840291
vt 0.054385 0.842283
vt 0.054428 0.844356
vt 0.053923 0.846369
vt 0.052905 0.848184
vt 0.043150 0.836199
vt 0.045177 0.835623
vt 0.047287 0.835582
vt 0.049336 0.836079
vt 0.051184 0.837080
vt 0.325282 0.582690
vt 0.326484 0.582713
vt 0.328899 0.582759
vt 0.035833 0.853839
vt 0.037754 0.852425
vt 0.038711 0.851721
vt 0.899869 0.342747
vt 0.306713 0.581234
vt 0.310539 0.581221
vt 0.899944 0.344280
vt 0.306705 0.582772
vt 0.310531 0.582681
vt 0.148979 0.178777
vt 0.146528 0.180931
vt 0.144425 0.183726
vt 0.160155 0.193053
vt 0.165803 0.187442
vt 0.822936 0.733640
vt 0.835632 0.748269
vt 0.845676 0.764461
vt 0.766799 0.970312
vt 0.783960 0.977908
vt 0.799947 0.988483
vt 0.158669 0.196922
vt 0.852888 0.781662
vt 0.857204 0.799401
vt 0.748941 0.965763
vt 0.858617 0.817338
vt 0.730735 0.964268
vt 0.712451 0.965848
vt 0.857105 0.835206
vt 0.852622 0.852697
vt 0.694400 0.970553
vt 0.677029 0.978405
vt 0.845149 0.869370
vt 0.834775 0.884670
vt 0.162660 0.189723
vt 0.175601 0.196008
vt 0.172757 0.199788
vt 0.842018 0.764616
vt 0.848898 0.781831
vt 0.853006 0.799580
vt 0.854351 0.817519
vt 0.852920 0.835384
vt 0.848659 0.852865
vt 0.841535 0.869523
vt 0.372957 0.282023
vt 0.375767 0.285734
vt 0.362419 0.291703
vt 0.359960 0.288457
vt 0.365486 0.293914
vt 0.345896 0.300245
vt 0.343850 0.297543
vt 0.660908 0.989311
vt 0.029825 0.808973
vt 0.033598 0.814288
vt 0.041685 0.811989
vt 0.050104 0.811825
vt 0.058280 0.813807
vt 0.065656 0.817801
vt 0.070713 0.813454
vt 0.076986 0.819376
vt 0.071729 0.823534
vt 0.081487 0.826691
vt 0.076086 0.830616
vt 0.078429 0.838563
vt 0.078600 0.846835
vt 0.059759 0.853112
vt 0.056763 0.856176
vt 0.039761 0.828542
vt 0.066384 0.857814
vt 0.061912 0.862388
vt 0.058478 0.858245
vt 0.048241 0.827276
vt 0.043916 0.827360
vt 0.042737 0.819380
vt 0.036535 0.821143
vt 0.076586 0.854867
vt 0.072524 0.862112
vt 0.065099 0.866182
vt 0.066691 0.868077
vt 0.076944 0.866862
vt 0.070919 0.873024
vt 0.081440 0.859602
vt 0.077944 0.865839
vt 0.069498 0.852259
vt 0.071043 0.846100
vt 0.061846 0.849389
vt 0.070912 0.839757
vt 0.062881 0.845263
vt 0.069115 0.833663
vt 0.062793 0.841013
vt 0.065774 0.828233
vt 0.061589 0.836930
vt 0.061117 0.823837
vt 0.059351 0.833292
vt 0.055461 0.820774
vt 0.056231 0.830347
vt 0.049192 0.819254
vt 0.052441 0.828295
vt 0.315011 0.595814
vt 0.321103 0.588755
vt 0.323415 0.604060
vt 0.309504 0.619794
vt 0.330090 0.618066
vt 0.299218 0.642207
vt 0.337106 0.626493
vt 0.352988 0.642022
vt 0.300351 0.152653
vt 0.290398 0.224643
vt 0.295070 0.151252
vt 0.352927 0.653678
vt 0.288212 0.653882
vt 0.288986 0.653212
vt 0.297303 0.644559
vt 0.293330 0.648968
vt 0.284536 0.657068
vt 0.352699 0.663559
vt 0.279482 0.660961
vt 0.306599 0.296863
vt 0.303441 0.293210
vt 0.320527 0.212267
vt 0.300571 0.289012
vt 0.299370 0.286952
vt 0.310837 0.212013
vt 0.274358 0.664468
vt 0.275351 0.663788
vt 0.315679 0.302865
vt 0.312965 0.301702
vt 0.332147 0.213502
vt 0.309846 0.299723
vt 0.306838 0.297074
vt 0.325041 0.303458
vt 0.321675 0.303798
vt 0.318806 0.303615
vt 0.317643 0.303336
vt 0.344081 0.215548
vt 0.338284 0.297498
vt 0.334045 0.300097
vt 0.332245 0.301020
vt 0.330123 0.301889
vt 0.328498 0.302555
vt 0.064189 0.878311
vt 0.060013 0.872964
vt 0.058660 0.871196
vt 0.053161 0.864005
vt 0.052432 0.863033
vt 0.294617 0.639612
vt 0.291331 0.637796
vt 0.292890 0.642013
vt 0.906171 0.405640
vt 0.905054 0.400905
vt 0.904773 0.398399
vt 0.289281 0.646589
vt 0.285295 0.651088
vt 0.281172 0.655254
vt 0.276447 0.659530
vt 0.294557 0.285236
vt 0.297064 0.282306
vt 0.298923 0.286051
vt 0.297011 0.289543
vt 0.295573 0.293447
vt 0.294072 0.291582
vt 0.287461 0.288598
vt 0.291202 0.287434
vt 0.284823 0.284586
vt 0.289075 0.283542
vt 0.910536 0.414458
vt 0.908044 0.410244
vt 0.298312 0.291471
vt 0.301454 0.295431
vt 0.304944 0.298915
vt 0.308549 0.301672
vt 0.312013 0.303607
vt 0.318483 0.305547
vt 0.315024 0.304766
vt 0.321644 0.305786
vt 0.325336 0.305544
vt 0.333154 0.303417
vt 0.329103 0.304774
vt 0.335087 0.302592
vt 0.339598 0.300255
vt 0.289681 0.640390
vt 0.286225 0.645323
vt 0.282400 0.650160
vt 0.287776 0.280295
vt 0.291759 0.277746
vt 0.292787 0.281167
vt 0.299162 0.297295
vt 0.303106 0.300702
vt 0.307146 0.303419
vt 0.311004 0.305345
vt 0.314340 0.306520
vt 0.318158 0.307341
vt 0.321636 0.307636
vt 0.325686 0.307481
vt 0.329808 0.306822
vt 0.334233 0.305609
vt 0.336343 0.304863
vt 0.341261 0.302731
vt 0.309684 0.595228
vt 0.900821 0.356335
vt 0.304438 0.618166
vt 0.305889 0.594897
vt 0.300822 0.617067
vt 0.902685 0.378196
vt 0.370062 0.653003
vt 0.363812 0.648800
vt 0.340942 0.622807
vt 0.358131 0.645145
vt 0.392578 0.669132
vt 0.390611 0.667677
vt 0.343890 0.620175
vt 0.384817 0.663437
vt 0.378685 0.659029
vt 0.376157 0.657254
vt 0.372326 0.654563
vt 0.302684 0.157274
vt 0.303262 0.159875
vt 0.300764 0.153036
vt 0.300940 0.153243
vt 0.301629 0.154349
vt 0.302261 0.155881
vt 0.303741 0.163008
vt 0.303952 0.165057
vt 0.295492 0.226301
vt 0.304115 0.166633
vt 0.304416 0.171524
vt 0.049062 0.867534
vt 0.056195 0.876788
vt 0.060547 0.882316
vt 0.338096 0.613183
vt 0.334633 0.615201
vt 0.332602 0.601575
vt 0.328645 0.602571
vt 0.041370 0.857362
vt 0.330727 0.588909
vt 0.326595 0.588786
vt 0.297648 0.140079
vt 0.306673 0.133620
vt 0.305384 0.137669
vt 0.304106 0.141682
vt 0.302858 0.145329
vt 0.301599 0.149007
vt 0.308862 0.134336
vt 0.307209 0.138328
vt 0.305544 0.142264
vt 0.303894 0.146073
vt 0.309804 0.134691
vt 0.313646 0.136474
vt 0.317427 0.138795
vt 0.320133 0.140836
vt 0.324176 0.144552
vt 0.328005 0.148928
vt 0.307949 0.160816
vt 0.306987 0.157369
vt 0.305858 0.154482
vt 0.305051 0.152925
vt 0.303867 0.151196
vt 0.302608 0.149926
vt 0.302291 0.149685
vt 0.342793 0.180751
vt 0.340198 0.171928
vt 0.336787 0.163448
vt 0.335369 0.160533
vt 0.331559 0.153908
vt 0.307993 0.138657
vt 0.311176 0.140324
vt 0.314290 0.142516
vt 0.316506 0.144452
vt 0.319789 0.147989
vt 0.322857 0.152164
vt 0.325658 0.156919
vt 0.328584 0.163240
vt 0.329645 0.166018
vt 0.332092 0.174071
vt 0.333773 0.182390
vt 0.306167 0.142566
vt 0.308689 0.144112
vt 0.311135 0.146166
vt 0.312857 0.147990
vt 0.315375 0.151336
vt 0.317678 0.155297
vt 0.319721 0.159812
vt 0.321759 0.165817
vt 0.322461 0.168453
vt 0.323949 0.176082
vt 0.324736 0.183926
vt 0.304361 0.146345
vt 0.306236 0.147760
vt 0.308031 0.149662
vt 0.309278 0.151362
vt 0.311065 0.154494
vt 0.312650 0.158214
vt 0.313994 0.162467
vt 0.315240 0.168132
vt 0.315631 0.170620
vt 0.316317 0.177825
vt 0.316408 0.185235
vt 0.308719 0.164773
vt 0.309359 0.170067
vt 0.309530 0.172401
vt 0.309710 0.179184
vt 0.309461 0.186212
vt 0.378522 0.666480
vt 0.385172 0.669867
vt 0.304494 0.173696
vt 0.371762 0.663085
vt 0.308794 0.193301
vt 0.315902 0.192635
vt 0.324809 0.191761
vt 0.334670 0.190764
vt 0.344551 0.189737
vt 0.369399 0.661908
vt 0.308462 0.195767
vt 0.315583 0.195184
vt 0.324661 0.194462
vt 0.334791 0.193672
vt 0.344962 0.192893
vt 0.363041 0.658759
vt 0.362882 0.666803
vt 0.314326 0.201918
vt 0.323781 0.201593
vt 0.334583 0.201433
vt 0.345501 0.201456
vt 0.357549 0.656031
vt 0.357252 0.665027
vt 0.312702 0.207530
vt 0.322357 0.207532
vt 0.333660 0.208044
vt 0.345173 0.209000
vt 0.590306 0.212812
vt 0.568910 0.223948
vt 0.561376 0.223222
vt 0.545575 0.230301
vt 0.537538 0.228080
vt 0.521392 0.231575
vt 0.513194 0.227601
vt 0.497494 0.227708
vt 0.489565 0.221810
vt 0.474996 0.218883
vt 0.467836 0.210997
vt 0.454951 0.205512
vt 0.449096 0.195705
vt 0.438296 0.188220
vt 0.434286 0.176699
vt 0.425811 0.167816
vt 0.424148 0.154934
vt 0.418078 0.145253
vt 0.419190 0.131499
vt 0.415460 0.121587
vt 0.419661 0.107572
vt 0.418078 0.097925
vt 0.425537 0.084351
vt 0.425811 0.075372
vt 0.436524 0.063000
vt 0.438296 0.054984
vt 0.452071 0.044591
vt 0.454951 0.037713
vt 0.471398 0.030047
vt 0.474996 0.024368
vt 0.493535 0.020096
vt 0.497494 0.015571
vt 0.517374 0.015238
vt 0.521392 0.011736
vt 0.541718 0.015717
vt 0.545575 0.013040
vt 0.565347 0.021508
vt 0.568910 0.019423
vt 0.587076 0.032321
vt 0.590306 0.030586
vt 0.605815 0.047613
vt 0.608764 0.046008
vt 0.620625 0.066619
vt 0.623420 0.064968
vt 0.630763 0.088384
vt 0.633589 0.086578
vt 0.635721 0.111819
vt 0.638795 0.109828
vt 0.635250 0.135746
vt 0.638795 0.133632
vt 0.629374 0.158967
vt 0.633589 0.156876
vt 0.618387 0.180318
vt 0.623420 0.178473
vt 0.602841 0.198727
vt 0.608764 0.197414
vt 0.583514 0.213271
vt 0.799295 0.502088
vt 0.727484 0.703868
vt 0.705550 0.693479
vt 0.686517 0.678552
vt 0.671339 0.659835
vt 0.660776 0.638267
vt 0.821229 0.512477
vt 0.840262 0.527404
vt 0.855440 0.546121
vt 0.655359 0.614930
vt 0.655359 0.590993
vt 0.660776 0.567657
vt 0.866003 0.567689
vt 0.871420 0.591026
vt 0.871420 0.614963
vt 0.821229 0.693497
vt 0.799295 0.703879
vt 0.775562 0.709202
vt 0.671339 0.546093
vt 0.686517 0.527380
vt 0.705550 0.512459
vt 0.866003 0.638299
vt 0.855440 0.659863
vt 0.751217 0.709198
vt 0.727484 0.502077
vt 0.751217 0.496754
vt 0.775562 0.496758
vt 0.840262 0.678575
vt 0.934557 0.072111
vt 0.943034 0.096022
vt 0.934354 0.095994
vt 0.943236 0.119663
vt 0.934557 0.119635
vt 0.943833 0.141877
vt 0.935154 0.141849
vt 0.944795 0.161550
vt 0.936116 0.161521
vt 0.946074 0.177695
vt 0.937395 0.177667
vt 0.925739 0.779551
vt 0.934426 0.779521
vt 0.933517 0.797334
vt 0.924829 0.797364
vt 0.932883 0.818258
vt 0.924195 0.818288
vt 0.932559 0.841245
vt 0.923871 0.841275
vt 0.932559 0.865141
vt 0.923871 0.865171
vt 0.932883 0.888748
vt 0.924195 0.888778
vt 0.933516 0.910883
vt 0.924829 0.910913
vt 0.934426 0.930436
vt 0.925739 0.930466
vt 0.977217 0.387338
vt 0.968518 0.387337
vt 0.968141 0.367121
vt 0.976841 0.367122
vt 0.967907 0.344560
vt 0.976607 0.344561
vt 0.967828 0.320785
vt 0.976528 0.320786
vt 0.967907 0.296988
vt 0.976607 0.296989
vt 0.968141 0.274362
vt 0.976841 0.274363
vt 0.968518 0.254042
vt 0.977217 0.254043
vt 0.893426 0.770684
vt 0.902112 0.770693
vt 0.901136 0.789644
vt 0.892451 0.789636
vt 0.900457 0.811374
vt 0.891771 0.811365
vt 0.900109 0.834793
vt 0.891423 0.834784
vt 0.900109 0.858727
vt 0.891423 0.858718
vt 0.900457 0.881976
vt 0.891771 0.881967
vt 0.901136 0.903373
vt 0.892451 0.903364
vt 0.902112 0.921847
vt 0.893426 0.921838
vt 0.937395 0.010689
vt 0.946074 0.010718
vt 0.944795 0.028390
vt 0.936116 0.028362
vt 0.943833 0.049212
vt 0.935154 0.049183
vt 0.943236 0.072139
vt 0.634791 0.335565
vt 0.637438 0.347189
vt 0.631014 0.348225
vt 0.638792 0.359022
vt 0.632288 0.371377
vt 0.637573 0.382757
vt 0.628290 0.394208
vt 0.631192 0.405660
vt 0.619222 0.415573
vt 0.619947 0.426661
vt 0.605537 0.434401
vt 0.604363 0.444778
vt 0.587923 0.449747
vt 0.585170 0.459163
vt 0.567262 0.460842
vt 0.563264 0.469143
vt 0.544590 0.467130
vt 0.539670 0.474253
vt 0.521044 0.468296
vt 0.515492 0.474253
vt 0.497806 0.464280
vt 0.491859 0.469143
vt 0.476039 0.455285
vt 0.469878 0.459162
vt 0.456836 0.441761
vt 0.450575 0.444778
vt 0.441160 0.424387
vt 0.434853 0.426661
vt 0.429796 0.404033
vt 0.423447 0.405660
vt 0.423315 0.381721
vt 0.416892 0.382757
vt 0.422042 0.358568
vt 0.415492 0.359022
vt 0.426039 0.335738
vt 0.419315 0.335565
vt 0.435108 0.314373
vt 0.428180 0.313483
vt 0.448792 0.295545
vt 0.441673 0.293809
vt 0.466407 0.280199
vt 0.459165 0.277463
vt 0.487068 0.269103
vt 0.479835 0.265208
vt 0.509740 0.262815
vt 0.502719 0.257618
vt 0.533285 0.261650
vt 0.526746 0.255048
vt 0.556524 0.265666
vt 0.550793 0.257618
vt 0.578291 0.274661
vt 0.573734 0.265208
vt 0.597493 0.288185
vt 0.594498 0.277463
vt 0.613170 0.305559
vt 0.612114 0.293809
vt 0.624533 0.325913
vt 0.625758 0.313483
vt 0.629653 0.837999
vt 0.625203 0.814925
vt 0.629552 0.814925
vt 0.625305 0.791853
vt 0.629653 0.791853
vt 0.625605 0.769939
vt 0.629953 0.769939
vt 0.626088 0.750281
vt 0.630437 0.750281
vt 0.626731 0.733867
vt 0.631079 0.733867
vt 0.962809 0.643203
vt 0.958520 0.643239
vt 0.956019 0.624386
vt 0.960307 0.624349
vt 0.954278 0.602990
vt 0.958566 0.602953
vt 0.953385 0.580124
vt 0.957673 0.580087
vt 0.953385 0.556935
vt 0.957673 0.556899
vt 0.954278 0.534586
vt 0.958566 0.534549
vt 0.956019 0.514197
vt 0.960307 0.514160
vt 0.958520 0.496790
vt 0.962809 0.496754
vt 0.984769 0.496754
vt 0.989121 0.496754
vt 0.989011 0.516405
vt 0.984659 0.516405
vt 0.988942 0.538316
vt 0.984591 0.538316
vt 0.988919 0.561387
vt 0.984568 0.561387
vt 0.988942 0.584462
vt 0.984591 0.584462
vt 0.989011 0.606383
vt 0.984659 0.606383
vt 0.989121 0.626051
vt 0.984769 0.626051
vt 0.964366 0.926022
vt 0.960050 0.925996
vt 0.958167 0.908538
vt 0.962483 0.908563
vt 0.956857 0.888111
vt 0.961173 0.888136
vt 0.956185 0.865740
vt 0.960501 0.865765
vt 0.956185 0.842547
vt 0.960501 0.842572
vt 0.956857 0.819694
vt 0.961173 0.819720
vt 0.958167 0.798328
vt 0.962483 0.798354
vt 0.960050 0.779521
vt 0.964366 0.779546
vt 0.631079 0.896000
vt 0.626731 0.896000
vt 0.626088 0.879579
vt 0.630437 0.879579
vt 0.625605 0.859916
vt 0.629953 0.859916
vt 0.625305 0.837999
vt 0.415043 0.371007
vt 0.414337 0.359024
vt 0.416266 0.347182
vt 0.433959 0.303111
vt 0.418196 0.335340
vt 0.422671 0.324192
vt 0.427147 0.313044
vt 0.440772 0.293179
vt 0.449602 0.284926
vt 0.490857 0.260468
vt 0.458433 0.276674
vt 0.468868 0.270487
vt 0.479304 0.264300
vt 0.538810 0.255339
vt 0.502410 0.256637
vt 0.514540 0.255339
vt 0.526670 0.254042
vt 0.584598 0.270487
vt 0.550950 0.256637
vt 0.562533 0.260468
vt 0.574115 0.264300
vt 0.595080 0.276674
vt 0.603974 0.284926
vt 0.612867 0.293179
vt 0.619755 0.303112
vt 0.626643 0.313044
vt 0.414562 0.783435
vt 0.414362 0.806686
vt 0.414337 0.818590
vt 0.414362 0.830494
vt 0.635352 0.394553
vt 0.414562 0.853747
vt 0.638574 0.382990
vt 0.632131 0.406116
vt 0.626454 0.416718
vt 0.595351 0.452875
vt 0.620776 0.427321
vt 0.612909 0.436467
vt 0.605041 0.445613
vt 0.551632 0.472795
vt 0.585661 0.460138
vt 0.574602 0.465176
vt 0.563543 0.470215
vt 0.503376 0.472795
vt 0.539720 0.475375
vt 0.527514 0.475375
vt 0.515307 0.475375
vt 0.459505 0.452875
vt 0.491445 0.470215
vt 0.480347 0.465176
vt 0.469250 0.460138
vt 0.428127 0.416718
vt 0.449759 0.445613
vt 0.441822 0.436467
vt 0.433885 0.427321
vt 0.422369 0.406116
vt 0.419059 0.394553
vt 0.415749 0.382990
vt 0.609518 0.045295
vt 0.590881 0.029723
vt 0.569276 0.018451
vt 0.545715 0.012006
vt 0.521298 0.010689
vt 0.497167 0.014562
vt 0.474451 0.023444
vt 0.454211 0.036919
vt 0.437395 0.054358
vt 0.424788 0.074944
vt 0.416980 0.097716
vt 0.414337 0.121608
vt 0.416980 0.145503
vt 0.424788 0.168285
vt 0.437395 0.188887
vt 0.454211 0.206347
vt 0.474450 0.219848
vt 0.497167 0.228759
vt 0.521298 0.232663
vt 0.545715 0.231377
vt 0.569276 0.224962
vt 0.590881 0.213718
vt 0.609518 0.198170
vt 0.624316 0.179045
vt 0.634584 0.157239
vt 0.639840 0.133769
vt 0.639840 0.109734
vt 0.634584 0.086258
vt 0.624316 0.064438
vt 0.133890 0.493463
vt 0.179869 0.508193
vt 0.146064 0.494646
vt 0.157695 0.498372
vt 0.169325 0.502098
vt 0.215302 0.540530
vt 0.190412 0.514289
vt 0.199375 0.522468
vt 0.208338 0.530648
vt 0.380594 0.380971
vt 0.377032 0.404520
vt 0.222266 0.550411
vt 0.373855 0.427604
vt 0.231497 0.631964
vt 0.384375 0.358059
vt 0.234654 0.620352
vt 0.209265 0.674160
vt 0.228340 0.643576
vt 0.222716 0.654250
vt 0.217092 0.664923
vt 0.171054 0.703284
vt 0.201437 0.683396
vt 0.191771 0.690763
vt 0.182105 0.698130
vt 0.160002 0.708437
vt 0.868069 0.851336
vt 0.867584 0.828341
vt 0.867484 0.816478
vt 0.867482 0.804557
vt 0.076599 0.704193
vt 0.867767 0.781097
vt 0.087751 0.709133
vt 0.037814 0.675810
vt 0.065446 0.699253
vt 0.055635 0.692074
vt 0.045825 0.684894
vt 0.014744 0.634050
vt 0.029803 0.666726
vt 0.023968 0.656163
vt 0.018132 0.645599
vt 0.175047 0.073660
vt 0.178558 0.097203
vt 0.011356 0.622501
vt 0.182344 0.120320
vt 0.029111 0.542322
vt 0.171975 0.050792
vt 0.022346 0.552336
vt 0.035877 0.532308
vt 0.044675 0.523957
vt 0.085867 0.499063
vt 0.053474 0.515607
vt 0.063893 0.509310
vt 0.074313 0.503012
vt 0.097421 0.495114
vt 0.109569 0.493697
vt 0.121717 0.492281
vt 0.173506 0.783989
vt 0.173885 0.768069
vt 0.176903 0.768085
vt 0.176396 0.792322
vt 0.173291 0.800819
vt 0.176524 0.783997
vt 0.176693 0.775901
vt 0.174417 0.753472
vt 0.175089 0.740576
vt 0.178106 0.740606
vt 0.177754 0.746816
vt 0.177435 0.753496
vt 0.177150 0.760601
vt 0.888016 0.166415
vt 0.887105 0.153471
vt 0.890120 0.153431
vt 0.890556 0.160134
vt 0.891031 0.166369
vt 0.889067 0.177332
vt 0.891540 0.172097
vt 0.178489 0.734905
vt 0.886357 0.138835
vt 0.885792 0.122887
vt 0.888808 0.122862
vt 0.889066 0.130971
vt 0.889373 0.138803
vt 0.889725 0.146306
vt 0.885424 0.106039
vt 0.885263 0.088728
vt 0.888279 0.088720
vt 0.888334 0.097401
vt 0.888440 0.106022
vt 0.888599 0.114528
vt 0.885313 0.071402
vt 0.885573 0.054510
vt 0.888589 0.054518
vt 0.888433 0.062878
vt 0.888330 0.071402
vt 0.888278 0.080035
vt 0.886036 0.038490
vt 0.886690 0.023756
vt 0.889705 0.023778
vt 0.889355 0.030957
vt 0.889052 0.038506
vt 0.888796 0.046377
vt 0.579090 0.889381
vt 0.578300 0.876940
vt 0.581317 0.876908
vt 0.581695 0.883370
vt 0.582106 0.889343
vt 0.887517 0.010689
vt 0.890532 0.010718
vt 0.890098 0.017018
vt 0.577652 0.862714
vt 0.577162 0.847072
vt 0.580179 0.847054
vt 0.580403 0.855024
vt 0.580669 0.862689
vt 0.580974 0.869999
vt 0.576842 0.830420
vt 0.576702 0.813187
vt 0.579719 0.813186
vt 0.579767 0.821842
vt 0.579860 0.830410
vt 0.579997 0.838832
vt 0.576744 0.795822
vt 0.576967 0.778772
vt 0.579985 0.778787
vt 0.579851 0.787240
vt 0.579761 0.795828
vt 0.579717 0.804495
vt 0.577367 0.762481
vt 0.577932 0.747370
vt 0.580949 0.747400
vt 0.580647 0.754779
vt 0.580384 0.762504
vt 0.580163 0.770524
vt 0.246143 0.749244
vt 0.243271 0.741902
vt 0.246452 0.734905
vt 0.243434 0.734933
vt 0.891249 0.447760
vt 0.894170 0.447019
vt 0.894170 0.461011
vt 0.090981 0.903696
vt 0.090981 0.916736
vt 0.089457 0.910380
vt 0.581289 0.740414
vt 0.245904 0.764972
vt 0.242996 0.756977
vt 0.243125 0.749266
vt 0.245741 0.781680
vt 0.242795 0.773241
vt 0.242886 0.764986
vt 0.242631 0.807626
vt 0.242641 0.798935
vt 0.245659 0.798937
vt 0.242672 0.790270
vt 0.242723 0.781687
vt 0.242641 0.816285
vt 0.245659 0.816295
vt 0.242672 0.824857
vt 0.245741 0.833305
vt 0.242723 0.833286
vt 0.245904 0.849525
vt 0.242886 0.849499
vt 0.242795 0.841518
vt 0.177411 0.875946
vt 0.177728 0.883144
vt 0.174710 0.883183
vt 0.178077 0.889928
vt 0.246452 0.877951
vt 0.243271 0.871430
vt 0.246143 0.864537
vt 0.243125 0.864503
vt 0.242996 0.857177
vt 0.177129 0.868379
vt 0.174111 0.868411
vt 0.176885 0.860493
vt 0.173661 0.852363
vt 0.176679 0.852339
vt 0.173369 0.835455
vt 0.176387 0.835438
vt 0.176512 0.843969
vt 0.176309 0.800819
vt 0.176265 0.809436
vt 0.173245 0.818124
vt 0.176263 0.818116
vt 0.176304 0.826802
vt 0.713140 0.191391
vt 0.706459 0.187102
vt 0.804976 0.024647
vt 0.700161 0.182286
vt 0.694289 0.176975
vt 0.720159 0.195124
vt 0.811995 0.028379
vt 0.818676 0.032668
vt 0.824974 0.037485
vt 0.830846 0.042796
vt 0.836251 0.048565
vt 0.849316 0.068215
vt 0.852522 0.075396
vt 0.855113 0.082813
vt 0.857072 0.090415
vt 0.688884 0.171206
vt 0.683982 0.165017
vt 0.679617 0.158452
vt 0.675819 0.151556
vt 0.672613 0.144375
vt 0.670022 0.136958
vt 0.668063 0.090415
vt 0.670022 0.082813
vt 0.679617 0.061319
vt 0.683982 0.054754
vt 0.688884 0.048565
vt 0.694289 0.042796
vt 0.700161 0.037485
vt 0.706459 0.032669
vt 0.797668 0.021497
vt 0.841152 0.054753
vt 0.845518 0.061318
vt 0.857072 0.129356
vt 0.790119 0.200820
vt 0.782383 0.202745
vt 0.668063 0.129356
vt 0.666749 0.121621
vt 0.666090 0.113806
vt 0.672613 0.075396
vt 0.675819 0.068215
vt 0.858386 0.098149
vt 0.859045 0.105964
vt 0.859045 0.113806
vt 0.720159 0.024647
vt 0.727467 0.021497
vt 0.790120 0.018951
vt 0.855113 0.136957
vt 0.852522 0.144374
vt 0.849316 0.151556
vt 0.666090 0.105965
vt 0.666749 0.098150
vt 0.774511 0.204035
vt 0.766558 0.204683
vt 0.758577 0.204683
vt 0.713140 0.028379
vt 0.735016 0.018951
vt 0.742752 0.017026
vt 0.782383 0.017026
vt 0.750624 0.015735
vt 0.758577 0.015088
vt 0.766558 0.015088
vt 0.774511 0.015735
vt 0.845518 0.158452
vt 0.841152 0.165017
vt 0.836251 0.171205
vt 0.830845 0.176975
vt 0.824974 0.182286
vt 0.818676 0.187102
vt 0.811995 0.191391
vt 0.804976 0.195123
vt 0.797668 0.198273
vt 0.750624 0.204036
vt 0.742752 0.202745
vt 0.735015 0.200820
vt 0.858386 0.121621
vt 0.727467 0.198274
vt 0.579051 0.698136
vt 0.563086 0.705576
vt 0.493595 0.500912
vt 0.593595 0.688274
vt 0.546111 0.498856
vt 0.616957 0.662361
vt 0.528568 0.496754
vt 0.510910 0.497445
vt 0.606341 0.676245
vt 0.461767 0.515744
vt 0.528568 0.712488
vt 0.448078 0.526725
vt 0.436360 0.539724
vt 0.546111 0.710402
vt 0.477072 0.507065
vt 0.563086 0.503698
vt 0.579051 0.511153
vt 0.593595 0.521030
vt 0.510910 0.711780
vt 0.493595 0.708296
vt 0.477072 0.702128
vt 0.606340 0.533071
vt 0.616957 0.546965
vt 0.625169 0.562352
vt 0.633600 0.613357
vt 0.625170 0.646981
vt 0.630766 0.630504
vt 0.461767 0.693434
vt 0.448078 0.682439
vt 0.436360 0.669430
vt 0.426915 0.654741
vt 0.419988 0.638755
vt 0.415758 0.621884
vt 0.630766 0.578834
vt 0.633600 0.595984
vt 0.414337 0.604566
vt 0.415758 0.587250
vt 0.426915 0.554403
vt 0.419988 0.570383
vt 0.599471 0.812633
vt 0.586860 0.804550
vt 0.599471 0.804311
vt 0.586862 0.804101
vt 0.599516 0.796015
vt 0.599739 0.779724
vt 0.587299 0.771082
vt 0.599916 0.771842
vt 0.587334 0.769835
vt 0.600135 0.764206
vt 0.586903 0.796011
vt 0.586991 0.787551
vt 0.599606 0.787800
vt 0.587005 0.786674
vt 0.587124 0.779223
vt 0.600691 0.749884
vt 0.588408 0.741418
vt 0.601025 0.743295
vt 0.588505 0.739721
vt 0.601394 0.737149
vt 0.587517 0.763181
vt 0.587776 0.755571
vt 0.600394 0.756871
vt 0.587838 0.754041
vt 0.588073 0.748301
vt 0.223950 0.755254
vt 0.235989 0.757648
vt 0.223833 0.762745
vt 0.235949 0.760555
vt 0.223734 0.770510
vt 0.588778 0.734968
vt 0.224236 0.741295
vt 0.236420 0.735931
vt 0.236259 0.742797
vt 0.224085 0.748087
vt 0.236214 0.745087
vt 0.236115 0.750051
vt 0.235669 0.790448
vt 0.223554 0.794910
vt 0.223594 0.786648
vt 0.235880 0.765539
vt 0.235790 0.773670
vt 0.223655 0.778496
vt 0.235761 0.777174
vt 0.235720 0.781991
vt 0.235655 0.794491
vt 0.235638 0.798984
vt 0.223534 0.803227
vt 0.235628 0.807546
vt 0.223534 0.811540
vt 0.235634 0.812036
vt 0.235638 0.816077
vt 0.223555 0.819794
vt 0.235669 0.824521
vt 0.223596 0.827932
vt 0.235698 0.829329
vt 0.235720 0.832826
vt 0.223656 0.835899
vt 0.235790 0.840936
vt 0.223737 0.843639
vt 0.235847 0.845902
vt 0.235880 0.848798
vt 0.223836 0.851101
vt 0.235989 0.856363
vt 0.223953 0.858232
vt 0.236075 0.861301
vt 0.236115 0.863580
vt 0.224088 0.864986
vt 0.236259 0.870404
vt 0.197782 0.886891
vt 0.185188 0.888859
vt 0.197439 0.880513
vt 0.184934 0.883934
vt 0.184843 0.882176
vt 0.197127 0.873715
vt 0.184531 0.875085
vt 0.196850 0.866544
vt 0.184312 0.869199
vt 0.184254 0.867630
vt 0.196608 0.859049
vt 0.184013 0.859861
vt 0.196405 0.851280
vt 0.183842 0.853095
vt 0.183810 0.851827
vt 0.196240 0.843292
vt 0.183646 0.843582
vt 0.196116 0.835138
vt 0.183536 0.836062
vt 0.183523 0.835177
vt 0.196032 0.826874
vt 0.183441 0.826669
vt 0.195990 0.818558
vt 0.196116 0.793856
vt 0.183658 0.784499
vt 0.196240 0.785892
vt 0.183666 0.784079
vt 0.196405 0.778155
vt 0.183403 0.818562
vt 0.183401 0.818112
vt 0.195990 0.810245
vt 0.183402 0.809561
vt 0.196032 0.801992
vt 0.183446 0.801072
vt 0.183531 0.792700
vt 0.196850 0.763571
vt 0.184555 0.754449
vt 0.197127 0.756823
vt 0.184604 0.753411
vt 0.197439 0.750501
vt 0.183825 0.776523
vt 0.184031 0.768823
vt 0.196608 0.770698
vt 0.184056 0.768047
vt 0.184274 0.761449
vt 0.911019 0.165206
vt 0.898144 0.165190
vt 0.910539 0.159596
vt 0.898021 0.163574
vt 0.910095 0.153497
vt 0.184869 0.747869
vt 0.185217 0.741751
vt 0.197782 0.744647
vt 0.185296 0.740569
vt 0.198155 0.739301
vt 0.185594 0.736134
vt 0.898646 0.170833
vt 0.909324 0.140004
vt 0.896510 0.138032
vt 0.909002 0.132702
vt 0.896399 0.135190
vt 0.908726 0.125095
vt 0.897677 0.159047
vt 0.897247 0.152444
vt 0.909689 0.146951
vt 0.897124 0.150228
vt 0.896857 0.145424
vt 0.895592 0.105738
vt 0.908189 0.100974
vt 0.908318 0.109176
vt 0.896209 0.130317
vt 0.895954 0.122328
vt 0.908497 0.117235
vt 0.895867 0.118871
vt 0.895748 0.114118
vt 0.895542 0.101715
vt 0.895487 0.097245
vt 0.908111 0.092683
vt 0.895433 0.088692
vt 0.908085 0.084361
vt 0.895433 0.084189
vt 0.895432 0.080136
vt 0.908111 0.076064
vt 0.895483 0.071631
vt 0.908189 0.067850
vt 0.895542 0.066769
vt 0.895585 0.063234
vt 0.908318 0.059774
vt 0.895738 0.054998
vt 0.908497 0.051891
vt 0.895867 0.049932
vt 0.895942 0.046977
vt 0.908726 0.044256
vt 0.896194 0.039222
vt 0.909002 0.036920
vt 0.896399 0.034134
vt 0.896493 0.031785
vt 0.909324 0.029934
vt 0.896838 0.024714
vt 0.909689 0.023345
vt 0.897123 0.019806
vt 0.897225 0.018053
vt 0.910095 0.017198
vt 0.897653 0.011847
vt 0.910539 0.011536
vt 0.589213 0.888139
vt 0.588894 0.883493
vt 0.601394 0.879547
vt 0.588809 0.882255
vt 0.601025 0.873448
vt 0.588436 0.875889
vt 0.600691 0.866902
vt 0.588152 0.870157
vt 0.588098 0.869082
vt 0.600394 0.859955
vt 0.587798 0.861880
vt 0.600135 0.852652
vt 0.587563 0.855124
vt 0.587536 0.854329
vt 0.599916 0.845045
vt 0.587315 0.846478
vt 0.599739 0.837186
vt 0.587145 0.838803
vt 0.587136 0.838377
vt 0.599606 0.829127
vt 0.587000 0.830080
vt 0.599516 0.820924
vt 0.586909 0.821640
vt 0.586862 0.813111
vt 0.179936 0.826761
vt 0.180019 0.835363
vt 0.180144 0.843859
vt 0.180309 0.852195
vt 0.180514 0.860316
vt 0.180758 0.868171
vt 0.181038 0.875707
vt 0.181354 0.882876
vt 0.181702 0.889632
vt 0.239671 0.871148
vt 0.239526 0.864250
vt 0.239397 0.856953
vt 0.239288 0.849306
vt 0.239197 0.841357
vt 0.239126 0.833159
vt 0.239074 0.824763
vt 0.239043 0.816226
vt 0.239033 0.807602
vt 0.239074 0.790316
vt 0.239043 0.798946
vt 0.239126 0.781768
vt 0.239197 0.773355
vt 0.239397 0.757158
vt 0.239288 0.765135
vt 0.239526 0.749478
vt 0.239671 0.742144
vt 0.584915 0.740688
vt 0.585289 0.734167
vt 0.239833 0.735203
vt 0.584577 0.747646
vt 0.584276 0.754995
vt 0.584014 0.762689
vt 0.583794 0.770676
vt 0.583617 0.778906
vt 0.583483 0.787325
vt 0.583394 0.795879
vt 0.583350 0.804511
vt 0.583352 0.813166
vt 0.583399 0.821788
vt 0.583492 0.830320
vt 0.583629 0.838709
vt 0.583810 0.846898
vt 0.584034 0.854835
vt 0.584298 0.862469
vt 0.584602 0.869750
vt 0.584944 0.876630
vt 0.585320 0.883066
vt 0.585729 0.889015
vt 0.894158 0.011021
vt 0.893726 0.017295
vt 0.893334 0.024029
vt 0.892986 0.031178
vt 0.892683 0.038696
vt 0.892428 0.046535
vt 0.892223 0.054644
vt 0.892068 0.062971
vt 0.891964 0.071460
vt 0.891913 0.080058
vt 0.891914 0.088708
vt 0.892075 0.105940
vt 0.891968 0.097354
vt 0.892232 0.114411
vt 0.892441 0.122712
vt 0.893003 0.138588
vt 0.892698 0.130789
vt 0.893354 0.146061
vt 0.893748 0.153158
vt 0.894654 0.166043
vt 0.894182 0.159833
vt 0.895162 0.171748
vt 0.182112 0.735235
vt 0.181731 0.740913
vt 0.181380 0.747098
vt 0.181062 0.753751
vt 0.180779 0.760827
vt 0.180532 0.768282
vt 0.180324 0.776066
vt 0.180155 0.784129
vt 0.180027 0.792420
vt 0.179941 0.800884
vt 0.179897 0.809465
vt 0.179895 0.818110
vt 0.581664 0.733867
vt 0.758473 0.207049
vt 0.766653 0.207049
vt 0.774805 0.206385
vt 0.782873 0.205062
vt 0.790803 0.203089
vt 0.798540 0.200479
vt 0.806031 0.197251
vt 0.813224 0.193425
vt 0.820072 0.189029
vt 0.826527 0.184093
vt 0.832546 0.178649
vt 0.838086 0.172735
vt 0.843110 0.166393
vt 0.847584 0.159664
vt 0.851477 0.152596
vt 0.854763 0.145235
vt 0.857419 0.137633
vt 0.859427 0.129842
vt 0.860773 0.121914
vt 0.861449 0.113904
vt 0.861449 0.105866
vt 0.860773 0.097856
vt 0.859427 0.089929
vt 0.857419 0.082137
vt 0.854763 0.074535
vt 0.851477 0.067175
vt 0.847584 0.060106
vt 0.843110 0.053377
vt 0.838086 0.047035
vt 0.832546 0.041121
vt 0.826528 0.035678
vt 0.820072 0.030741
vt 0.813225 0.026345
vt 0.806031 0.022520
vt 0.798540 0.019291
vt 0.790803 0.016681
vt 0.782874 0.014708
vt 0.774805 0.013385
vt 0.766653 0.012722
vt 0.758474 0.012722
vt 0.750322 0.013385
vt 0.742253 0.014708
vt 0.734324 0.016681
vt 0.726587 0.019291
vt 0.719096 0.022520
vt 0.711902 0.026345
vt 0.705054 0.030741
vt 0.698599 0.035678
vt 0.692581 0.041122
vt 0.687041 0.047035
vt 0.682017 0.053378
vt 0.677543 0.060106
vt 0.673650 0.067175
vt 0.670364 0.074535
vt 0.667708 0.082137
vt 0.665700 0.089929
vt 0.664354 0.097857
vt 0.663678 0.105867
vt 0.663678 0.113904
vt 0.664354 0.121914
vt 0.665700 0.129842
vt 0.667708 0.137633
vt 0.670364 0.145235
vt 0.673650 0.152596
vt 0.677543 0.159664
vt 0.682017 0.166393
vt 0.687041 0.172736
vt 0.692581 0.178649
vt 0.698599 0.184093
vt 0.705054 0.189029
vt 0.711902 0.193426
vt 0.719096 0.197251
vt 0.726587 0.200480
vt 0.734324 0.203089
vt 0.742253 0.205062
vt 0.750322 0.206385
vt 0.758376 0.209080
vt 0.766727 0.209080
vt 0.775050 0.208402
vt 0.783287 0.207052
vt 0.791382 0.205038
vt 0.799280 0.202373
vt 0.806928 0.199077
vt 0.814272 0.195172
vt 0.821263 0.190684
vt 0.827853 0.185644
vt 0.833997 0.180086
vt 0.839653 0.174049
vt 0.844782 0.167574
vt 0.849350 0.160705
vt 0.853324 0.153488
vt 0.856679 0.145974
vt 0.859390 0.138213
vt 0.861441 0.130258
vt 0.862815 0.122165
vt 0.863505 0.113987
vt 0.863505 0.105782
vt 0.862815 0.097604
vt 0.861441 0.089511
vt 0.859390 0.081556
vt 0.856679 0.073795
vt 0.853325 0.066281
vt 0.849350 0.059065
vt 0.844782 0.052195
vt 0.839653 0.045720
vt 0.833997 0.039683
vt 0.827853 0.034126
vt 0.821263 0.029086
vt 0.814272 0.024598
vt 0.806928 0.020692
vt 0.799280 0.017396
vt 0.791382 0.014732
vt 0.783287 0.012718
vt 0.775050 0.011367
vt 0.766727 0.010689
vt 0.758376 0.010689
vt 0.750054 0.011367
vt 0.741817 0.012718
vt 0.733722 0.014732
vt 0.725823 0.017396
vt 0.718176 0.020693
vt 0.710831 0.024598
vt 0.703840 0.029086
vt 0.697250 0.034126
vt 0.691106 0.039683
vt 0.685450 0.045720
vt 0.680321 0.052196
vt 0.675754 0.059065
vt 0.671779 0.066281
vt 0.668425 0.073796
vt 0.665713 0.081557
vt 0.663663 0.089511
vt 0.662288 0.097605
vt 0.661599 0.105782
vt 0.661599 0.113988
vt 0.662288 0.122165
vt 0.663663 0.130259
vt 0.665713 0.138213
vt 0.668425 0.145974
vt 0.671779 0.153489
vt 0.675754 0.160705
vt 0.680321 0.167574
vt 0.685450 0.174050
vt 0.691106 0.180087
vt 0.697250 0.185644
vt 0.703840 0.190684
vt 0.710831 0.195172
vt 0.718176 0.199077
vt 0.725823 0.202373
vt 0.733722 0.205038
vt 0.741817 0.207052
vt 0.750054 0.208402
vt 0.198103 0.802226
vt 0.198062 0.810363
vt 0.198062 0.818560
vt 0.198103 0.826760
vt 0.198186 0.834907
vt 0.198308 0.842947
vt 0.198471 0.850823
vt 0.198671 0.858483
vt 0.198909 0.865873
vt 0.199183 0.872944
vt 0.199490 0.879647
vt 0.199829 0.885935
vt 0.222134 0.864112
vt 0.222001 0.857453
vt 0.221885 0.850421
vt 0.221787 0.843064
vt 0.221708 0.835432
vt 0.221648 0.827578
vt 0.221608 0.819554
vt 0.221588 0.811415
vt 0.221587 0.803218
vt 0.221607 0.795019
vt 0.221647 0.786872
vt 0.221706 0.778835
vt 0.221785 0.770961
vt 0.221882 0.763304
vt 0.221997 0.755918
vt 0.222130 0.748852
vt 0.222279 0.742154
vt 0.603444 0.738143
vt 0.603081 0.744203
vt 0.602751 0.750700
vt 0.602458 0.757588
vt 0.602203 0.764821
vt 0.601987 0.772350
vt 0.601813 0.780122
vt 0.601681 0.788085
vt 0.601593 0.796184
vt 0.601549 0.804364
vt 0.601549 0.812569
vt 0.601593 0.820744
vt 0.601681 0.828832
vt 0.601813 0.836778
vt 0.601987 0.844527
vt 0.602203 0.852028
vt 0.602458 0.859227
vt 0.602751 0.866078
vt 0.603081 0.872532
vt 0.603444 0.878545
vt 0.912595 0.012604
vt 0.912157 0.018187
vt 0.911757 0.024247
vt 0.911397 0.030744
vt 0.911079 0.037632
vt 0.910807 0.044865
vt 0.910582 0.052393
vt 0.910405 0.060165
vt 0.910278 0.068128
vt 0.910201 0.076228
vt 0.910176 0.084408
vt 0.910201 0.092613
vt 0.910278 0.100788
vt 0.910405 0.108875
vt 0.910582 0.116821
vt 0.910807 0.124571
vt 0.911079 0.132071
vt 0.911397 0.139271
vt 0.911757 0.146121
vt 0.912157 0.152575
vt 0.912595 0.158588
vt 0.690073 0.181084
vt 0.696304 0.186720
vt 0.702988 0.191832
vt 0.199829 0.745685
vt 0.199490 0.751457
vt 0.199183 0.757690
vt 0.198909 0.764344
vt 0.198671 0.771371
vt 0.198471 0.778724
vt 0.198308 0.786352
vt 0.198186 0.794204
s 0
usemtl Material_001
f 1/1/1 2/2/1 3/3/1
f 3/3/1 2/2/1 4/4/1
f 5/5/1 6/6/1 7/7/1
f 6/6/1 5/5/1 2/2/1
f 2/2/1 5/5/1 8/8/1
f 2/2/1 8/8/1 4/4/1
f 9/9/1 10/10/1 11/11/1
f 11/11/1 10/10/1 12/12/1
f 9/9/1 13/13/1 10/10/1
f 10/10/1 13/13/1 5/5/1
f 10/10/1 5/5/1 14/14/1
f 3/3/1 15/15/1 1/1/1
f 1/1/1 15/15/1 16/16/1
f 1/1/1 16/16/1 17/17/1
f 7/7/1 18/18/1 5/5/1
f 5/5/1 18/18/1 19/19/1
f 5/5/1 19/19/1 20/20/1
f 20/20/1 21/21/1 5/5/1
f 5/5/1 21/21/1 22/22/1
f 5/5/1 22/22/1 14/14/1
f 17/17/1 23/23/1 1/1/1
f 1/1/1 23/23/1 24/24/1
f 1/1/1 24/24/1 25/25/1
f 25/25/1 26/26/1 1/1/1
f 1/1/1 26/26/1 27/27/1
f 1/1/1 27/27/1 28/28/1
f 29/29/2 30/30/2 31/31/2
f 32/32/3 33/33/3 34/34/3
f 34/34/4 33/33/4 35/35/4
f 34/34/5 35/35/5 36/36/5
f 36/36/6 37/37/6 34/34/6
f 34/34/7 37/37/7 38/38/7
f 34/34/8 38/38/8 39/39/8
f 39/39/9 38/38/9 40/40/9
f 39/39/10 40/40/10 41/41/10
f 41/41/11 40/40/11 42/42/11
f 43/43/12 44/44/12 45/45/12
f 45/45/13 44/44/13 46/46/13
f 46/46/14 47/47/14 45/45/14
f 45/45/15 47/47/15 48/48/15
f 45/45/16 48/48/16 49/49/16
f 32/32/3 34/34/3 49/49/3
f 49/49/17 34/34/17 50/50/17
f 49/49/18 50/50/18 45/45/18
f 51/51/19 52/52/19 53/53/19
f 53/53/20 52/52/20 54/54/20
f 54/54/21 55/55/21 53/53/21
f 53/53/22 55/55/22 56/56/22
f 53/53/23 56/56/23 57/57/23
f 43/43/12 45/45/12 57/57/12
f 57/57/24 45/45/24 58/58/24
f 57/59/25 58/60/25 53/61/25
f 59/62/26 51/51/26 60/63/26
f 60/63/27 51/51/27 53/53/27
f 60/63/28 53/53/28 61/64/28
f 61/65/29 53/66/29 62/67/29
f 61/65/30 62/67/30 63/68/30
f 63/68/31 62/67/31 64/69/31
f 63/68/32 64/69/32 65/70/32
f 65/70/33 64/69/33 66/71/33
f 66/71/34 64/69/34 67/72/34
f 66/71/35 67/72/35 68/73/35
f 68/73/36 67/72/36 69/74/36
f 68/73/37 69/74/37 70/75/37
f 70/75/38 69/74/38 71/76/38
f 70/75/39 71/76/39 72/77/39
f 72/77/40 71/76/40 73/78/40
f 72/77/41 73/78/41 74/79/41
f 74/79/42 73/78/42 75/80/42
f 74/79/43 75/80/43 76/81/43
f 77/82/44 78/83/44 79/84/44
f 79/84/45 78/83/45 80/85/45
f 79/84/46 80/85/46 81/86/46
f 81/86/47 80/85/47 82/87/47
f 81/86/48 82/87/48 83/88/48
f 83/88/49 82/87/49 76/81/49
f 83/88/50 76/81/50 84/89/50
f 84/89/50 76/81/50 75/80/50
f 85/90/51 86/91/51 77/82/51
f 77/82/51 86/91/51 87/92/51
f 77/82/52 87/92/52 78/83/52
f 88/93/53 89/94/53 90/95/53
f 90/95/54 89/94/54 91/96/54
f 77/82/55 92/97/55 85/90/55
f 85/98/56 92/99/56 90/100/56
f 85/101/57 90/102/57 93/103/57
f 93/104/58 90/95/58 91/96/58
f 93/105/59 91/106/59 94/107/59
f 94/108/60 91/96/60 95/109/60
f 96/110/61 97/111/61 98/112/61
f 98/112/62 97/111/62 99/113/62
f 98/112/63 99/113/63 100/114/63
f 100/114/64 99/113/64 101/115/64
f 100/114/65 101/115/65 90/95/65
f 90/95/66 101/115/66 102/116/66
f 90/95/67 102/116/67 88/93/67
f 103/117/68 104/118/68 105/119/68
f 105/119/69 104/118/69 106/120/69
f 105/119/70 106/120/70 98/112/70
f 98/112/71 106/120/71 107/121/71
f 98/112/72 107/121/72 96/110/72
f 108/122/73 109/123/73 103/117/73
f 31/31/74 30/30/74 110/124/74
f 110/124/75 30/30/75 111/125/75
f 110/124/76 111/125/76 103/117/76
f 103/117/77 111/125/77 112/126/77
f 103/117/78 112/126/78 108/122/78
f 109/123/79 113/127/79 103/117/79
f 103/117/80 113/127/80 114/128/80
f 103/117/81 114/128/81 104/118/81
f 42/42/82 115/129/82 41/41/82
f 41/41/83 115/129/83 116/130/83
f 41/41/84 116/130/84 117/131/84
f 117/131/85 116/130/85 118/132/85
f 117/131/86 118/132/86 119/133/86
f 119/133/87 118/132/87 120/134/87
f 119/133/88 120/134/88 121/135/88
f 121/135/89 120/134/89 122/136/89
f 121/135/90 122/136/90 123/137/90
f 123/137/91 122/136/91 124/138/91
f 123/137/92 124/138/92 125/139/92
f 125/139/93 124/138/93 126/140/93
f 125/139/94 126/140/94 127/141/94
f 127/141/95 126/140/95 128/142/95
f 127/141/96 128/142/96 129/143/96
f 129/143/97 128/142/97 130/144/97
f 129/143/98 130/144/98 131/145/98
f 131/145/99 130/144/99 132/146/99
f 131/145/100 132/146/100 133/147/100
f 133/148/101 132/149/101 134/150/101
f 133/148/102 134/150/102 135/151/102
f 135/151/103 134/150/103 136/152/103
f 135/151/104 136/152/104 137/153/104
f 137/153/105 136/152/105 138/154/105
f 137/153/106 138/154/106 139/155/106
f 139/155/107 138/154/107 140/156/107
f 139/155/108 140/156/108 141/157/108
f 141/157/109 140/156/109 142/158/109
f 141/157/110 142/158/110 143/159/110
f 143/159/111 142/158/111 144/160/111
f 143/159/112 144/160/112 145/161/112
f 145/161/113 144/160/113 146/162/113
f 145/161/114 146/162/114 147/163/114
f 147/163/114 146/162/114 148/164/114
f 147/163/115 148/164/115 149/165/115
f 149/165/115 148/164/115 150/166/115
f 149/165/116 150/166/116 151/167/116
f 151/167/117 150/166/117 152/168/117
f 151/167/118 152/168/118 153/169/118
f 153/169/119 152/168/119 154/170/119
f 153/169/120 154/170/120 155/171/120
f 155/171/121 154/170/121 156/172/121
f 155/171/122 156/172/122 157/173/122
f 157/173/123 156/172/123 158/174/123
f 157/173/124 158/174/124 159/175/124
f 159/175/125 158/174/125 160/176/125
f 159/175/126 160/176/126 161/177/126
f 161/177/127 160/176/127 162/178/127
f 161/179/128 162/180/128 163/181/128
f 163/182/129 162/178/129 164/183/129
f 163/184/130 164/185/130 165/186/130
f 165/186/131 164/185/131 166/187/131
f 165/186/132 166/187/132 167/188/132
f 167/188/133 166/187/133 168/189/133
f 167/188/134 168/189/134 169/190/134
f 169/190/135 168/189/135 170/191/135
f 169/190/136 170/191/136 171/192/136
f 171/192/137 170/191/137 172/193/137
f 171/192/138 172/193/138 173/194/138
f 173/194/139 172/193/139 174/195/139
f 173/194/140 174/195/140 175/196/140
f 175/196/141 174/195/141 176/197/141
f 175/196/142 176/197/142 177/198/142
f 177/198/143 176/197/143 178/199/143
f 177/198/144 178/199/144 31/31/144
f 31/31/145 178/199/145 179/200/145
f 31/31/146 179/200/146 29/29/146
f 180/201/147 181/202/147 182/203/147
f 182/203/147 181/202/147 183/204/147
f 183/204/147 184/205/147 182/203/147
f 182/203/147 184/205/147 185/206/147
f 182/203/147 185/206/147 186/207/147
f 180/201/147 182/203/147 187/208/147
f 187/208/147 182/203/147 188/209/147
f 187/208/147 188/209/147 189/210/147
f 189/210/147 190/211/147 187/208/147
f 187/208/147 190/211/147 191/212/147
f 187/208/147 191/212/147 192/213/147
f 186/207/147 193/214/147 182/203/147
f 182/203/147 193/214/147 194/215/147
f 182/203/147 194/215/147 195/216/147
f 192/213/147 196/217/147 187/208/147
f 187/208/147 196/217/147 197/218/147
f 187/208/147 197/218/147 198/219/147
f 199/220/147 187/208/147 200/221/147
f 200/221/147 187/208/147 201/222/147
f 198/219/147 202/223/147 187/208/147
f 187/208/147 202/223/147 203/224/147
f 187/208/147 203/224/147 201/222/147
f 204/225/147 205/226/147 206/227/147
f 206/227/147 205/226/147 207/228/147
f 195/216/147 208/229/147 182/203/147
f 182/203/147 208/229/147 207/228/147
f 182/203/147 207/228/147 209/230/147
f 209/230/147 207/228/147 205/226/147
f 210/231/148 211/232/148 212/233/148
f 213/234/149 214/235/149 215/236/149
f 215/236/150 214/235/150 216/237/150
f 215/236/151 216/237/151 217/238/151
f 217/238/152 216/237/152 218/239/152
f 217/238/153 218/239/153 219/240/153
f 220/241/154 221/242/154 222/243/154
f 222/243/155 221/242/155 223/244/155
f 222/243/156 223/244/156 218/239/156
f 218/239/157 223/244/157 224/245/157
f 218/239/157 224/245/157 219/240/157
f 225/246/158 226/247/158 227/248/158
f 226/247/159 228/249/159 227/248/159
f 227/248/160 228/249/160 229/250/160
f 227/248/161 229/250/161 222/243/161
f 222/243/162 229/250/162 230/251/162
f 222/243/163 230/251/163 220/241/163
f 231/252/164 232/253/164 233/254/164
f 233/254/165 232/253/165 234/255/165
f 233/254/166 234/255/166 235/256/166
f 212/257/167 211/258/167 236/259/167
f 236/260/168 211/232/168 237/261/168
f 236/260/169 237/261/169 233/254/169
f 233/254/170 237/261/170 238/262/170
f 233/254/171 238/262/171 231/252/171
f 239/263/172 240/264/172 241/265/172
f 241/265/173 242/266/173 239/263/173
f 239/263/174 242/266/174 243/267/174
f 239/263/175 243/267/175 244/268/175
f 244/268/176 245/269/176 239/263/176
f 239/263/177 245/269/177 246/270/177
f 239/263/178 246/270/178 227/271/178
f 227/248/179 246/272/179 247/273/179
f 227/248/179 247/273/179 225/246/179
f 248/274/180 249/275/180 250/276/180
f 250/276/181 249/275/181 251/277/181
f 250/276/182 251/277/182 252/278/182
f 252/278/183 251/277/183 253/279/183
f 252/278/184 253/279/184 254/280/184
f 254/280/185 253/279/185 255/281/185
f 254/280/186 255/281/186 256/282/186
f 256/282/187 255/281/187 257/283/187
f 256/282/188 257/283/188 258/284/188
f 258/284/189 257/283/189 259/285/189
f 258/284/190 259/285/190 260/286/190
f 260/286/191 259/285/191 261/287/191
f 260/286/192 261/287/192 262/288/192
f 262/288/193 261/287/193 263/289/193
f 262/288/194 263/289/194 264/290/194
f 264/290/195 263/289/195 265/291/195
f 264/290/196 265/291/196 212/292/196
f 212/292/197 265/291/197 266/293/197
f 212/292/198 266/293/198 210/294/198
f 250/276/199 267/295/199 248/274/199
f 248/274/200 267/295/200 268/296/200
f 248/274/201 268/296/201 269/297/201
f 269/297/202 268/296/202 270/298/202
f 269/297/203 270/298/203 271/299/203
f 271/299/204 270/298/204 272/300/204
f 271/299/205 272/300/205 273/301/205
f 273/301/206 272/300/206 274/302/206
f 273/301/207 274/302/207 275/303/207
f 275/303/208 274/302/208 276/304/208
f 275/303/209 276/304/209 277/305/209
f 278/306/210 279/307/210 280/308/210
f 280/309/211 279/310/211 281/311/211
f 277/305/209 276/304/209 281/312/209
f 281/312/212 276/304/212 282/313/212
f 281/314/213 282/315/213 280/316/213
f 283/317/214 284/318/214 285/319/214
f 286/320/215 287/321/215 285/319/215
f 285/319/216 287/321/216 288/322/216
f 285/319/217 288/322/217 283/317/217
f 284/318/218 289/323/218 285/319/218
f 285/319/219 289/323/219 290/324/219
f 285/319/220 290/324/220 291/325/220
f 291/325/221 292/326/221 293/327/221
f 293/327/222 292/326/222 294/328/222
f 293/327/223 294/328/223 295/329/223
f 295/329/224 296/330/224 293/327/224
f 293/327/225 296/330/225 297/331/225
f 293/327/226 297/331/226 298/332/226
f 278/306/227 280/308/227 298/332/227
f 298/332/228 280/308/228 299/333/228
f 298/332/229 299/333/229 293/327/229
f 300/334/230 301/335/230 286/336/230
f 286/336/231 301/335/231 302/337/231
f 286/336/232 302/337/232 303/338/232
f 303/338/233 304/339/233 286/336/233
f 286/320/234 304/340/234 305/341/234
f 286/320/235 305/341/235 287/321/235
f 306/342/236 307/343/236 300/334/236
f 300/334/237 307/343/237 308/344/237
f 300/334/237 308/344/237 301/335/237
f 309/345/238 310/346/238 311/347/238
f 311/347/239 312/348/239 309/345/239
f 309/345/240 312/348/240 313/349/240
f 309/345/241 313/349/241 300/334/241
f 300/334/242 313/349/242 314/350/242
f 300/334/243 314/350/243 306/342/243
f 213/234/244 315/351/244 214/235/244
f 214/235/245 315/351/245 316/352/245
f 214/235/246 316/352/246 310/346/246
f 310/346/247 316/352/247 317/353/247
f 310/346/248 317/353/248 311/347/248
f 291/325/249 293/327/249 285/319/249
f 285/319/250 293/327/250 318/354/250
f 285/319/251 318/354/251 319/355/251
f 318/354/252 320/356/252 319/355/252
f 319/355/252 320/356/252 321/357/252
f 319/355/253 321/357/253 322/358/253
f 321/357/254 323/359/254 322/358/254
f 322/358/254 323/359/254 324/360/254
f 322/358/255 324/360/255 325/361/255
f 324/360/256 326/362/256 325/361/256
f 325/361/256 326/362/256 327/363/256
f 325/361/257 327/363/257 328/364/257
f 327/363/258 329/365/258 328/364/258
f 328/364/258 329/365/258 330/366/258
f 328/364/259 330/366/259 331/367/259
f 330/366/260 332/368/260 331/367/260
f 331/367/260 332/368/260 333/369/260
f 331/367/261 333/369/261 334/370/261
f 333/369/262 335/371/262 334/370/262
f 334/370/262 335/371/262 336/372/262
f 334/373/263 336/374/263 337/375/263
f 336/374/264 338/376/264 337/375/264
f 337/375/265 338/376/265 339/377/265
f 337/375/266 339/377/266 340/378/266
f 339/377/267 341/379/267 340/378/267
f 340/378/267 341/379/267 342/380/267
f 340/378/268 342/380/268 343/381/268
f 342/380/269 344/382/269 343/381/269
f 343/381/269 344/382/269 345/383/269
f 343/381/270 345/383/270 346/384/270
f 345/383/271 347/385/271 346/384/271
f 346/384/271 347/385/271 348/386/271
f 346/384/272 348/386/272 349/387/272
f 348/386/273 350/388/273 349/387/273
f 349/387/273 350/388/273 351/389/273
f 349/387/274 351/389/274 352/390/274
f 351/389/275 353/391/275 352/390/275
f 352/390/276 353/391/276 354/392/276
f 352/390/277 354/392/277 355/393/277
f 354/394/278 356/395/278 355/396/278
f 355/396/278 356/395/278 357/397/278
f 355/396/279 357/397/279 358/398/279
f 357/397/280 359/399/280 358/398/280
f 358/398/280 359/399/280 360/400/280
f 358/398/281 360/400/281 361/401/281
f 360/400/282 362/402/282 361/401/282
f 361/401/282 362/402/282 363/403/282
f 361/401/283 363/403/283 364/404/283
f 363/403/284 365/405/284 364/404/284
f 364/404/284 365/405/284 366/406/284
f 364/404/285 366/406/285 367/407/285
f 366/406/286 368/408/286 367/407/286
f 367/407/286 368/408/286 369/409/286
f 367/407/287 369/409/287 370/410/287
f 235/256/288 240/264/288 233/254/288
f 233/254/289 240/264/289 239/263/289
f 233/254/290 239/263/290 371/411/290
f 371/411/291 239/263/291 370/410/291
f 371/411/292 370/410/292 372/412/292
f 372/412/292 370/410/292 369/409/292
f 373/413/293 374/414/293 375/415/293
f 375/415/294 374/414/294 376/416/294
f 376/416/295 377/417/295 375/415/295
f 375/415/296 377/417/296 378/418/296
f 375/415/297 378/418/297 379/419/297
f 380/420/298 381/421/298 382/422/298
f 382/423/299 383/424/299 380/425/299
f 380/425/300 383/424/300 384/426/300
f 380/425/301 384/426/301 375/415/301
f 375/415/302 384/426/302 385/427/302
f 375/415/303 385/427/303 373/413/303
f 386/428/304 387/429/304 388/430/304
f 388/430/305 389/431/305 386/428/305
f 386/428/306 389/431/306 390/432/306
f 386/428/307 390/432/307 391/433/307
f 391/433/308 392/434/308 386/428/308
f 386/428/309 392/434/309 393/435/309
f 386/428/310 393/435/310 380/420/310
f 380/420/311 393/435/311 394/436/311
f 380/420/312 394/436/312 381/421/312
f 395/437/313 396/438/313 397/439/313
f 398/440/314 399/441/314 400/442/314
f 399/441/315 401/443/315 400/442/315
f 400/442/316 401/443/316 402/444/316
f 400/445/317 402/446/317 403/447/317
f 403/447/318 402/446/318 404/448/318
f 403/447/319 404/448/319 405/449/319
f 405/449/320 404/448/320 406/450/320
f 396/438/321 398/440/321 397/439/321
f 397/439/322 398/440/322 400/442/322
f 397/451/323 400/445/323 407/452/323
f 407/452/324 400/445/324 403/447/324
f 407/452/325 403/447/325 408/453/325
f 408/453/326 403/447/326 405/449/326
f 375/454/327 395/437/327 380/455/327
f 380/455/328 395/437/328 397/439/328
f 380/420/329 397/451/329 386/428/329
f 386/428/330 397/451/330 407/452/330
f 386/428/331 407/452/331 387/429/331
f 387/429/332 407/452/332 408/453/332
f 95/109/333 91/96/333 409/456/333
f 409/456/334 91/96/334 410/457/334
f 409/456/335 410/457/335 411/458/335
f 411/458/336 410/457/336 412/459/336
f 413/460/337 414/461/337 415/462/337
f 414/461/338 416/463/338 415/462/338
f 415/462/339 416/463/339 417/464/339
f 415/462/340 417/464/340 410/457/340
f 410/457/341 417/464/341 418/465/341
f 410/457/341 418/465/341 412/459/341
f 419/466/342 420/467/342 415/462/342
f 415/462/343 420/467/343 421/468/343
f 415/462/344 421/468/344 413/460/344
f 422/469/345 423/470/345 424/471/345
f 423/470/346 425/472/346 424/471/346
f 424/471/347 425/472/347 426/473/347
f 424/471/348 426/473/348 415/462/348
f 415/462/349 426/473/349 427/474/349
f 415/462/350 427/474/350 419/466/350
f 428/475/351 429/476/351 430/477/351
f 430/477/352 429/476/352 431/478/352
f 430/479/353 431/480/353 424/471/353
f 424/481/354 431/482/354 432/483/354
f 424/471/355 432/484/355 422/469/355
f 388/430/356 433/485/356 434/486/356
f 434/486/357 433/485/357 435/487/357
f 435/487/358 436/488/358 434/486/358
f 434/486/359 436/488/359 437/489/359
f 434/486/360 437/489/360 430/477/360
f 430/477/361 437/489/361 438/490/361
f 430/477/362 438/490/362 428/475/362
f 393/435/363 392/434/363 439/491/363
f 99/113/364 97/111/364 440/492/364
f 389/431/365 388/430/365 441/493/365
f 441/493/366 388/430/366 434/486/366
f 441/493/367 434/486/367 442/494/367
f 442/494/368 434/486/368 430/477/368
f 442/495/369 430/479/369 443/496/369
f 443/496/370 430/479/370 424/471/370
f 443/496/371 424/471/371 444/497/371
f 444/497/372 424/471/372 415/462/372
f 444/497/373 415/462/373 445/498/373
f 445/498/374 415/462/374 410/457/374
f 445/498/375 410/457/375 89/94/375
f 89/94/376 410/457/376 91/96/376
f 390/432/377 389/431/377 446/499/377
f 446/499/378 389/431/378 441/493/378
f 446/499/379 441/493/379 447/500/379
f 447/500/380 441/493/380 442/494/380
f 447/501/381 442/495/381 448/502/381
f 448/502/382 442/495/382 443/496/382
f 448/502/383 443/496/383 449/503/383
f 449/503/384 443/496/384 444/497/384
f 449/503/385 444/497/385 450/504/385
f 450/504/386 444/497/386 445/498/386
f 450/504/387 445/498/387 88/93/387
f 88/93/388 445/498/388 89/94/388
f 391/433/389 390/432/389 451/505/389
f 451/505/390 390/432/390 446/499/390
f 451/506/391 446/507/391 452/508/391
f 452/509/392 446/499/392 447/500/392
f 452/510/393 447/501/393 453/511/393
f 453/511/394 447/501/394 448/502/394
f 453/511/395 448/502/395 454/512/395
f 454/512/396 448/502/396 449/503/396
f 454/512/397 449/503/397 455/513/397
f 455/513/398 449/503/398 450/504/398
f 455/513/399 450/504/399 102/116/399
f 102/116/400 450/504/400 88/93/400
f 392/434/401 391/433/401 439/491/401
f 439/491/402 391/433/402 451/505/402
f 439/514/403 451/515/403 456/516/403
f 456/517/404 451/518/404 452/519/404
f 456/516/405 452/510/405 457/520/405
f 457/520/406 452/510/406 453/511/406
f 457/520/407 453/511/407 458/521/407
f 458/521/408 453/511/408 454/512/408
f 458/521/409 454/512/409 459/522/409
f 459/522/410 454/512/410 455/513/410
f 459/522/411 455/513/411 101/115/411
f 101/115/412 455/513/412 102/116/412
f 394/436/413 393/435/413 460/523/413
f 460/523/414 393/435/414 439/491/414
f 460/524/415 439/514/415 461/525/415
f 461/525/416 439/514/416 456/516/416
f 461/525/417 456/516/417 462/526/417
f 462/526/418 456/516/418 457/520/418
f 462/526/419 457/520/419 463/527/419
f 463/527/420 457/520/420 458/521/420
f 463/527/421 458/521/421 440/492/421
f 440/492/422 458/521/422 459/522/422
f 440/492/423 459/522/423 99/113/423
f 99/113/424 459/522/424 101/115/424
f 381/528/425 394/529/425 464/530/425
f 464/531/426 394/436/426 460/523/426
f 464/532/427 460/524/427 465/533/427
f 465/533/428 460/524/428 461/525/428
f 465/533/429 461/525/429 466/534/429
f 466/534/430 461/525/430 462/526/430
f 466/534/431 462/526/431 467/535/431
f 467/535/432 462/526/432 463/527/432
f 467/535/433 463/527/433 468/536/433
f 468/536/434 463/527/434 440/492/434
f 468/536/435 440/492/435 96/110/435
f 96/110/436 440/492/436 97/111/436
f 382/423/437 381/537/437 469/538/437
f 469/539/438 381/540/438 464/541/438
f 469/538/439 464/532/439 470/542/439
f 470/542/440 464/532/440 465/533/440
f 470/542/441 465/533/441 471/543/441
f 471/543/442 465/533/442 466/534/442
f 471/543/443 466/534/443 472/544/443
f 472/544/444 466/534/444 467/535/444
f 472/544/445 467/535/445 473/545/445
f 473/545/446 467/535/446 468/536/446
f 473/545/447 468/536/447 107/121/447
f 107/121/448 468/536/448 96/110/448
f 107/121/449 106/120/449 473/545/449
f 473/545/450 106/120/450 474/546/450
f 473/545/451 474/546/451 472/544/451
f 472/544/452 474/546/452 475/547/452
f 472/544/453 475/547/453 471/543/453
f 471/543/454 475/547/454 476/548/454
f 471/543/455 476/548/455 470/542/455
f 470/542/456 476/548/456 477/549/456
f 470/542/457 477/549/457 469/538/457
f 469/538/458 477/549/458 478/550/458
f 469/538/459 478/550/459 382/423/459
f 385/427/460 384/426/460 478/550/460
f 478/550/461 384/426/461 383/424/461
f 478/550/462 383/424/462 382/423/462
f 479/551/463 480/552/463 481/553/463
f 482/554/464 479/551/464 483/555/464
f 484/556/465 482/554/465 485/557/465
f 486/558/466 484/556/466 487/559/466
f 29/29/467 488/560/467 30/30/467
f 30/30/468 488/560/468 489/561/468
f 30/30/469 489/561/469 111/125/469
f 111/125/470 489/561/470 490/562/470
f 111/125/471 490/562/471 112/126/471
f 112/126/472 490/562/472 491/563/472
f 112/126/473 491/563/473 108/122/473
f 108/122/474 491/563/474 492/564/474
f 108/122/475 492/564/475 109/123/475
f 109/123/476 492/564/476 481/553/476
f 109/123/477 481/553/477 113/127/477
f 113/127/478 481/553/478 480/552/478
f 113/127/479 480/552/479 114/128/479
f 114/128/480 480/552/480 104/118/480
f 479/551/481 481/553/481 483/555/481
f 483/555/482 481/553/482 492/564/482
f 483/555/483 492/564/483 493/565/483
f 493/565/484 492/564/484 491/563/484
f 493/565/485 491/563/485 494/566/485
f 494/566/486 491/563/486 490/562/486
f 494/566/487 490/562/487 495/567/487
f 495/567/488 490/562/488 489/561/488
f 495/567/489 489/561/489 496/568/489
f 496/568/490 489/561/490 488/560/490
f 496/568/491 488/560/491 497/569/491
f 482/554/492 483/555/492 485/557/492
f 485/557/493 483/555/493 493/565/493
f 485/557/494 493/565/494 498/570/494
f 498/570/495 493/565/495 494/566/495
f 498/570/496 494/566/496 499/571/496
f 499/571/497 494/566/497 495/567/497
f 499/571/498 495/567/498 500/572/498
f 500/572/499 495/567/499 496/568/499
f 500/572/500 496/568/500 501/573/500
f 501/573/501 496/568/501 497/569/501
f 501/573/502 497/569/502 502/574/502
f 484/556/503 485/557/503 487/559/503
f 487/559/504 485/557/504 498/570/504
f 487/559/505 498/570/505 503/575/505
f 503/575/506 498/570/506 499/571/506
f 503/575/507 499/571/507 504/576/507
f 504/576/508 499/571/508 500/572/508
f 504/576/509 500/572/509 505/577/509
f 505/577/510 500/572/510 501/573/510
f 505/577/511 501/573/511 506/578/511
f 506/578/512 501/573/512 502/574/512
f 506/578/513 502/574/513 507/579/513
f 486/558/514 487/559/514 508/580/514
f 508/580/515 487/559/515 503/575/515
f 508/580/516 503/575/516 509/581/516
f 509/581/517 503/575/517 504/576/517
f 509/581/518 504/576/518 510/582/518
f 510/582/519 504/576/519 505/577/519
f 510/582/520 505/577/520 511/583/520
f 511/583/521 505/577/521 506/578/521
f 511/583/522 506/578/522 512/584/522
f 512/584/523 506/578/523 507/579/523
f 512/584/524 507/579/524 513/585/524
f 106/120/525 104/118/525 474/546/525
f 474/546/526 104/118/526 480/552/526
f 474/546/527 480/552/527 475/547/527
f 475/547/528 480/552/528 479/551/528
f 475/547/529 479/551/529 476/548/529
f 476/548/530 479/551/530 482/554/530
f 476/548/531 482/554/531 477/549/531
f 477/549/532 482/554/532 484/556/532
f 477/549/533 484/556/533 478/550/533
f 478/550/534 484/556/534 486/558/534
f 478/550/535 486/558/535 385/427/535
f 385/427/536 486/558/536 508/580/536
f 385/427/537 508/580/537 373/413/537
f 373/413/538 508/580/538 509/581/538
f 373/413/539 509/581/539 374/414/539
f 374/414/540 509/581/540 510/582/540
f 374/414/541 510/582/541 376/416/541
f 376/416/542 510/582/542 511/583/542
f 376/416/543 511/583/543 377/417/543
f 377/417/544 511/583/544 512/584/544
f 377/417/545 512/584/545 378/418/545
f 378/418/546 512/584/546 513/585/546
f 378/418/547 513/585/547 379/419/547
f 514/586/548 515/587/548 516/588/548
f 516/588/548 515/587/548 375/415/548
f 516/588/548 375/415/548 379/419/548
f 517/589/549 401/443/549 518/590/549
f 518/590/550 401/443/550 399/441/550
f 518/590/551 399/441/551 519/591/551
f 519/591/552 399/441/552 398/440/552
f 519/591/553 398/440/553 520/592/553
f 520/592/554 398/440/554 396/438/554
f 520/592/555 396/438/555 521/593/555
f 521/593/556 396/438/556 395/437/556
f 521/593/557 395/437/557 522/594/557
f 522/594/558 395/437/558 375/454/558
f 522/594/559 375/454/559 515/595/559
f 433/485/560 388/430/560 387/429/560
f 433/485/560 387/429/560 523/596/560
f 523/596/560 387/429/560 408/453/560
f 523/596/560 408/453/560 524/597/560
f 524/597/560 408/453/560 405/449/560
f 524/597/560 405/449/560 525/598/560
f 525/598/560 405/449/560 406/450/560
f 525/598/560 406/450/560 526/599/560
f 527/600/561 95/109/561 409/456/561
f 528/601/562 527/600/562 529/602/562
f 527/600/563 409/456/563 529/602/563
f 529/602/564 409/456/564 411/458/564
f 529/602/565 411/458/565 530/603/565
f 530/603/566 411/458/566 412/459/566
f 530/603/567 412/459/567 531/604/567
f 531/604/568 412/459/568 418/465/568
f 531/604/569 418/465/569 532/605/569
f 418/465/570 417/464/570 532/605/570
f 532/605/571 417/464/571 416/463/571
f 532/605/572 416/463/572 533/606/572
f 533/606/573 416/463/573 414/461/573
f 533/606/574 414/461/574 534/607/574
f 534/607/575 414/461/575 413/460/575
f 534/607/576 413/460/576 535/608/576
f 535/608/577 413/460/577 421/468/577
f 535/608/578 421/468/578 536/609/578
f 421/468/579 420/467/579 536/609/579
f 536/609/580 420/467/580 419/466/580
f 536/609/581 419/466/581 537/610/581
f 537/610/582 419/466/582 427/474/582
f 537/610/583 427/474/583 538/611/583
f 538/611/584 427/474/584 426/473/584
f 538/611/585 426/473/585 539/612/585
f 210/231/586 528/601/586 211/232/586
f 211/232/587 528/601/587 540/613/587
f 211/232/588 540/613/588 237/261/588
f 237/261/589 540/613/589 541/614/589
f 237/261/590 541/614/590 238/262/590
f 238/262/591 541/614/591 542/615/591
f 238/262/592 542/615/592 231/252/592
f 231/252/593 542/615/593 543/616/593
f 231/252/594 543/616/594 232/253/594
f 232/253/595 543/616/595 544/617/595
f 232/253/596 544/617/596 234/255/596
f 234/255/597 544/617/597 545/618/597
f 234/255/598 545/618/598 235/256/598
f 235/256/599 545/618/599 546/619/599
f 235/256/600 546/619/600 240/264/600
f 240/264/601 546/619/601 547/620/601
f 240/264/602 547/620/602 241/265/602
f 241/265/603 547/620/603 548/621/603
f 241/265/604 548/621/604 242/266/604
f 242/266/605 548/621/605 549/622/605
f 242/266/606 549/622/606 243/267/606
f 243/267/607 549/622/607 550/623/607
f 243/267/608 550/623/608 244/268/608
f 244/268/609 550/623/609 551/624/609
f 244/268/610 551/624/610 245/269/610
f 245/269/611 551/624/611 552/625/611
f 245/269/612 552/625/612 246/270/612
f 426/473/613 425/472/613 539/612/613
f 539/612/614 425/472/614 423/470/614
f 539/612/615 423/470/615 553/626/615
f 553/626/616 423/470/616 422/469/616
f 553/626/617 422/469/617 554/627/617
f 554/627/618 422/469/618 432/484/618
f 554/627/619 432/484/619 555/628/619
f 555/628/620 432/484/620 431/480/620
f 555/628/621 431/480/621 556/629/621
f 246/270/622 552/625/622 247/630/622
f 247/630/623 552/625/623 557/631/623
f 247/630/624 557/631/624 225/632/624
f 225/632/625 557/631/625 558/633/625
f 225/632/626 558/633/626 226/634/626
f 226/634/627 558/633/627 559/635/627
f 226/634/628 559/635/628 228/636/628
f 228/249/629 559/637/629 560/638/629
f 228/249/630 560/638/630 229/250/630
f 431/480/631 429/639/631 556/629/631
f 556/629/632 429/639/632 428/640/632
f 556/641/633 428/475/633 561/642/633
f 561/642/634 428/475/634 438/490/634
f 561/642/635 438/490/635 562/643/635
f 562/643/636 438/490/636 437/489/636
f 562/643/637 437/489/637 563/644/637
f 437/489/638 436/488/638 563/644/638
f 563/644/639 436/488/639 435/487/639
f 563/644/640 435/487/640 564/645/640
f 564/645/641 435/487/641 433/485/641
f 564/645/642 433/485/642 565/646/642
f 528/601/643 529/602/643 540/613/643
f 540/613/644 529/602/644 530/603/644
f 540/613/645 530/603/645 541/614/645
f 541/614/646 530/603/646 531/604/646
f 541/614/647 531/604/647 542/615/647
f 542/615/648 531/604/648 532/605/648
f 542/615/649 532/605/649 543/616/649
f 543/616/650 532/605/650 533/606/650
f 543/616/651 533/606/651 544/617/651
f 544/617/652 533/606/652 534/607/652
f 544/617/653 534/607/653 545/618/653
f 545/618/654 534/607/654 535/608/654
f 545/618/655 535/608/655 546/619/655
f 546/619/656 535/608/656 536/609/656
f 546/619/657 536/609/657 547/620/657
f 547/620/658 536/609/658 537/610/658
f 547/620/659 537/610/659 548/621/659
f 548/621/660 537/610/660 538/611/660
f 548/621/661 538/611/661 549/622/661
f 549/622/662 538/611/662 539/612/662
f 549/622/663 539/612/663 550/623/663
f 550/623/664 539/612/664 553/626/664
f 550/623/665 553/626/665 551/624/665
f 551/624/666 553/626/666 554/627/666
f 551/624/667 554/627/667 552/625/667
f 552/625/668 554/627/668 555/628/668
f 552/625/669 555/628/669 557/631/669
f 557/631/670 555/628/670 556/629/670
f 557/631/671 556/629/671 558/633/671
f 558/633/672 556/629/672 561/647/672
f 558/633/673 561/647/673 559/635/673
f 559/635/674 561/647/674 562/648/674
f 559/635/675 562/648/675 560/649/675
f 560/650/676 562/643/676 563/644/676
f 560/650/677 563/644/677 566/651/677
f 566/651/678 563/644/678 564/645/678
f 566/651/679 564/645/679 567/652/679
f 567/652/680 564/645/680 565/646/680
f 567/652/681 565/646/681 568/653/681
f 229/250/682 560/638/682 230/251/682
f 230/251/683 560/638/683 566/654/683
f 230/251/684 566/654/684 220/241/685
f 220/241/686 566/654/686 567/655/686
f 220/241/687 567/655/687 221/242/687
f 221/242/688 567/655/688 568/656/688
f 221/242/689 568/656/689 223/244/689
f 488/560/690 29/29/690 179/200/690
f 569/657/691 502/574/691 497/569/691
f 488/560/692 179/200/692 497/569/692
f 516/588/693 379/419/693 513/585/693
f 516/588/694 513/585/694 569/657/694
f 569/657/695 513/585/695 507/579/695
f 569/657/696 507/579/696 502/574/696
f 497/569/697 179/200/697 569/657/697
f 569/657/698 179/200/698 570/199/698
f 569/657/699 570/199/699 571/658/699
f 572/586/700 516/588/700 573/659/700
f 573/659/701 516/588/701 569/657/701
f 573/659/702 569/657/702 574/660/702
f 574/660/699 569/657/699 571/658/699
f 575/586/703 576/661/703 577/587/703
f 577/587/704 576/661/704 578/662/704
f 577/587/705 578/662/705 579/663/705
f 579/663/706 578/662/706 580/664/706
f 579/663/707 580/664/707 581/665/707
f 582/666/708 583/667/708 584/668/708
f 580/664/709 585/669/709 581/665/709
f 581/665/710 585/669/710 586/670/710
f 581/671/711 586/672/711 587/673/711
f 587/673/712 586/672/712 588/674/712
f 587/675/713 588/676/713 583/677/713
f 583/667/714 588/674/714 589/678/714
f 583/667/715 589/678/715 584/668/715
f 584/668/716 590/679/716 582/666/716
f 582/666/716 590/679/716 591/680/716
f 582/666/717 591/680/717 592/681/717
f 592/681/718 591/680/718 593/682/718
f 592/681/719 593/682/719 594/683/719
f 593/682/720 595/684/720 594/683/720
f 594/683/720 595/684/720 596/685/720
f 594/683/721 596/685/721 597/686/721
f 597/686/722 596/685/722 598/687/722
f 597/686/723 598/687/723 599/688/723
f 598/687/724 600/689/724 599/688/724
f 599/688/725 600/689/725 601/690/725
f 599/688/726 601/690/726 602/691/726
f 601/690/727 603/692/727 602/691/727
f 602/691/728 603/692/728 604/693/728
f 602/694/729 604/695/729 605/696/729
f 605/697/730 604/698/730 606/699/730
f 605/700/731 606/701/731 607/702/731
f 607/703/732 606/704/732 608/705/732
f 607/706/733 608/707/733 609/708/733
f 609/708/734 610/709/734 607/706/734
f 607/710/735 610/711/735 611/712/735
f 607/713/736 611/714/736 612/715/736
f 612/716/737 611/717/737 613/718/737
f 612/719/738 613/720/738 614/721/738
f 613/722/739 615/723/739 614/724/739
f 614/724/740 615/723/740 616/725/740
f 614/724/741 616/725/741 617/726/741
f 617/726/742 616/725/742 618/727/742
f 617/726/743 618/727/743 619/728/743
f 620/729/744 621/730/744 622/731/744
f 618/727/745 623/732/745 619/728/745
f 619/728/746 623/732/746 624/733/746
f 619/728/747 624/733/747 625/734/747
f 625/734/748 624/733/748 626/735/748
f 625/734/749 626/735/749 622/731/749
f 622/731/750 626/735/750 627/736/750
f 622/731/751 627/736/751 620/729/751
f 620/729/752 628/737/752 621/730/752
f 621/730/752 628/737/752 629/738/752
f 621/730/753 629/738/753 630/739/753
f 630/739/754 629/738/754 631/740/754
f 630/741/755 631/742/755 632/743/755
f 631/742/756 633/744/756 632/743/756
f 632/743/756 633/744/756 634/745/756
f 632/743/757 634/745/757 635/746/757
f 635/746/758 634/745/758 636/747/758
f 635/746/759 636/747/759 637/748/759
f 636/747/760 638/749/760 637/748/760
f 637/748/760 638/749/760 639/750/760
f 637/748/761 639/750/761 640/751/761
f 640/751/762 639/750/762 641/752/762
f 640/751/763 641/752/763 642/753/763
f 643/660/764 571/658/764 644/754/764
f 571/658/765 645/199/765 176/197/765
f 643/660/766 644/754/766 573/659/766
f 646/755/767 576/661/767 647/756/767
f 647/756/768 576/661/768 648/586/768
f 647/756/769 648/586/769 573/659/769
f 649/757/770 585/669/770 650/758/770
f 650/758/771 585/669/771 580/664/771
f 650/758/771 580/664/771 646/755/771
f 646/755/771 580/664/771 578/662/771
f 646/755/767 578/662/767 576/661/767
f 651/759/772 589/760/772 652/761/772
f 652/761/773 589/760/773 588/762/773
f 652/761/773 588/762/773 649/757/773
f 649/757/773 588/762/773 586/670/773
f 649/757/770 586/670/770 585/669/770
f 653/763/774 591/680/774 654/764/774
f 654/765/775 591/766/775 590/767/775
f 654/765/775 590/767/775 651/759/775
f 651/759/775 590/767/775 584/768/775
f 651/759/772 584/768/772 589/760/772
f 655/769/776 596/770/776 656/771/776
f 656/771/777 596/770/777 595/772/777
f 656/771/777 595/772/777 653/773/777
f 653/773/777 595/772/777 593/774/777
f 653/763/774 593/682/774 591/680/774
f 657/775/778 601/776/778 658/777/778
f 658/777/779 601/776/779 600/778/779
f 658/777/779 600/778/779 655/769/779
f 655/769/779 600/778/779 598/779/779
f 655/769/776 598/779/776 596/770/776
f 659/780/780 610/781/780 660/782/780
f 660/782/781 610/781/781 661/783/781
f 660/782/781 661/783/781 662/784/781
f 662/784/782 661/783/782 608/785/782
f 662/784/782 608/785/782 663/786/782
f 663/786/783 608/785/783 606/787/783
f 663/786/783 606/787/783 664/788/783
f 664/788/784 606/787/784 604/789/784
f 664/788/784 604/789/784 657/775/784
f 657/775/784 604/789/784 603/790/784
f 657/775/778 603/790/778 601/776/778
f 665/791/785 615/792/785 666/793/785
f 666/793/786 615/792/786 613/794/786
f 666/793/786 613/794/786 659/780/786
f 659/780/786 613/794/786 611/795/786
f 659/780/780 611/795/780 610/781/780
f 667/796/787 623/797/787 668/798/787
f 668/798/788 623/797/788 618/799/788
f 668/798/788 618/799/788 665/791/788
f 665/791/788 618/799/788 616/800/788
f 665/791/785 616/800/785 615/792/785
f 669/801/789 627/802/789 670/803/789
f 670/804/790 627/805/790 626/806/790
f 670/804/790 626/806/790 667/796/790
f 667/796/790 626/806/790 624/807/790
f 667/796/787 624/807/787 623/797/787
f 571/658/791 176/197/791 644/754/791
f 644/754/792 176/197/792 174/195/792
f 644/754/792 174/195/792 671/808/792
f 671/808/793 174/195/793 172/193/793
f 671/808/793 172/193/793 672/809/793
f 672/809/794 172/193/794 170/191/794
f 672/809/794 170/191/794 673/810/794
f 673/810/795 170/191/795 168/189/795
f 673/810/795 168/189/795 674/811/795
f 674/811/796 168/189/796 166/187/796
f 674/811/796 166/187/796 675/812/796
f 675/812/797 166/187/797 164/185/797
f 675/812/797 164/185/797 676/813/797
f 676/814/798 164/183/798 162/178/798
f 676/814/798 162/178/798 677/815/798
f 677/815/799 162/178/799 160/176/799
f 677/815/799 160/176/799 678/816/799
f 678/816/800 160/176/800 158/174/800
f 678/816/800 158/174/800 679/817/800
f 679/817/801 158/174/801 156/172/801
f 679/817/801 156/172/801 680/818/801
f 680/818/802 156/172/802 154/170/802
f 680/818/802 154/170/802 681/819/802
f 681/819/803 154/170/803 152/168/803
f 681/819/804 152/168/804 682/820/804
f 682/820/805 152/168/805 150/166/805
f 682/820/805 150/166/805 683/821/805
f 683/821/806 150/166/806 684/164/806
f 683/821/806 684/164/806 685/822/806
f 685/822/807 684/164/807 146/162/807
f 685/822/807 146/162/807 686/823/807
f 686/823/808 146/162/808 144/160/808
f 686/823/808 144/160/808 687/824/808
f 687/824/809 144/160/809 142/158/809
f 687/824/810 142/158/810 688/825/810
f 688/825/811 142/158/811 140/156/811
f 688/825/812 140/156/812 689/826/812
f 689/826/813 140/156/813 138/154/813
f 689/826/813 138/154/813 690/827/813
f 690/827/814 138/154/814 136/152/814
f 690/827/814 136/152/814 691/828/814
f 691/828/815 136/152/815 134/150/815
f 691/828/815 134/150/815 692/829/815
f 692/830/816 134/831/816 132/146/816
f 692/830/816 132/146/816 693/832/816
f 693/832/817 132/146/817 130/144/817
f 693/832/817 130/144/817 694/833/817
f 694/833/818 130/144/818 128/142/818
f 694/833/818 128/142/818 695/834/818
f 573/659/819 644/754/819 647/756/819
f 647/756/820 644/754/820 671/808/820
f 647/756/820 671/808/820 646/755/820
f 646/755/821 671/808/821 672/809/821
f 646/755/821 672/809/821 650/758/821
f 650/758/822 672/809/822 673/810/822
f 650/758/822 673/810/822 649/757/822
f 649/757/823 673/810/823 674/811/823
f 649/757/823 674/811/823 652/761/823
f 652/761/824 674/811/824 675/812/824
f 652/761/824 675/812/824 651/759/824
f 651/759/825 675/812/825 676/813/825
f 651/759/825 676/813/825 654/765/825
f 654/765/826 676/813/826 677/835/826
f 654/765/826 677/835/826 653/836/826
f 653/773/827 677/815/827 678/816/827
f 653/773/827 678/816/827 656/771/827
f 656/771/828 678/816/828 679/817/828
f 656/771/828 679/817/828 655/769/828
f 655/769/829 679/817/829 680/818/829
f 655/769/829 680/818/829 658/777/829
f 658/777/830 680/818/830 681/819/830
f 658/777/831 681/819/831 657/775/831
f 657/775/832 681/819/832 682/820/832
f 657/775/832 682/820/832 664/788/832
f 664/788/833 682/820/833 683/821/833
f 664/788/833 683/821/833 663/786/833
f 663/786/834 683/821/834 685/822/834
f 663/786/834 685/822/834 662/784/834
f 662/784/835 685/822/835 686/823/835
f 662/784/835 686/823/835 660/782/835
f 660/782/836 686/823/836 687/824/836
f 660/782/836 687/824/836 659/780/836
f 659/780/837 687/824/837 688/825/837
f 659/780/837 688/825/837 666/793/837
f 666/793/838 688/825/838 689/826/838
f 666/793/839 689/826/839 665/791/839
f 665/791/840 689/826/840 690/827/840
f 665/791/840 690/827/840 668/798/840
f 668/798/841 690/827/841 691/828/841
f 668/798/841 691/828/841 667/796/841
f 667/796/842 691/828/842 692/829/842
f 667/796/842 692/829/842 670/804/842
f 670/803/843 692/830/843 693/832/843
f 670/803/843 693/832/843 669/801/843
f 669/801/844 693/832/844 694/833/844
f 669/801/844 694/833/844 696/837/844
f 696/837/845 694/833/845 695/834/845
f 696/837/845 695/834/845 697/838/845
f 633/744/846 631/742/846 697/838/846
f 697/838/847 631/742/847 629/839/847
f 697/838/847 629/839/847 696/837/847
f 696/837/848 629/839/848 628/840/848
f 696/837/848 628/840/848 669/801/848
f 669/801/848 628/840/848 620/841/848
f 669/801/789 620/841/789 627/802/789
f 634/745/846 633/744/846 698/842/846
f 698/842/846 633/744/846 697/838/846
f 698/842/849 697/838/849 699/843/849
f 699/843/849 697/838/849 695/834/849
f 699/843/850 695/834/850 126/140/850
f 126/140/850 695/834/850 128/142/850
f 126/140/851 124/138/851 699/843/851
f 699/843/851 124/138/851 700/844/851
f 699/843/852 700/844/852 698/842/852
f 698/842/852 700/844/852 701/845/852
f 698/842/853 701/845/853 634/745/853
f 639/750/854 638/749/854 701/845/854
f 701/845/854 638/749/854 636/747/854
f 701/845/853 636/747/853 634/745/853
f 702/846/855 703/847/855 704/848/855
f 704/848/855 703/847/855 705/849/855
f 118/132/856 704/848/856 120/134/856
f 120/134/857 704/848/857 705/849/857
f 120/134/857 705/849/857 122/136/857
f 706/850/858 702/846/858 707/851/858
f 707/851/859 702/846/859 704/848/859
f 707/851/860 704/848/860 708/852/860
f 708/852/860 704/848/860 118/132/860
f 124/138/861 122/136/861 700/844/861
f 700/844/861 122/136/861 705/849/861
f 700/844/862 705/849/862 701/845/862
f 701/845/863 705/849/863 703/847/863
f 701/845/854 703/847/854 639/750/854
f 639/750/864 703/847/864 702/846/864
f 639/750/864 702/846/864 641/752/864
f 641/752/865 702/846/865 706/850/865
f 641/752/866 706/850/866 709/753/866
f 215/236/867 217/238/867 710/853/867
f 224/245/868 223/244/868 568/656/868
f 219/240/869 224/245/869 711/854/869
f 711/854/870 224/245/870 568/656/870
f 711/855/871 568/653/871 712/856/871
f 712/856/872 568/653/872 565/646/872
f 712/856/873 565/646/873 523/596/873
f 523/596/874 565/646/874 433/485/874
f 217/238/875 219/240/875 710/853/875
f 710/853/876 219/240/876 711/854/876
f 710/857/877 711/855/877 713/858/877
f 713/858/878 711/855/878 712/856/878
f 713/858/879 712/856/879 524/597/879
f 524/597/880 712/856/880 523/596/880
f 213/234/881 215/236/881 714/859/881
f 714/859/882 215/236/882 710/853/882
f 714/860/883 710/857/883 715/861/883
f 715/861/884 710/857/884 713/858/884
f 715/861/885 713/858/885 525/598/885
f 525/598/886 713/858/886 524/597/886
f 526/599/887 406/450/887 716/862/887
f 716/862/888 406/450/888 404/448/888
f 716/862/889 404/448/889 717/863/889
f 717/863/889 404/448/889 718/864/889
f 718/864/890 404/448/890 402/446/890
f 718/865/891 402/444/891 719/866/891
f 719/866/892 402/444/892 720/867/892
f 720/867/893 402/444/893 401/443/893
f 720/867/894 401/443/894 721/868/894
f 722/869/895 723/870/895 526/599/895
f 526/599/896 723/870/896 724/871/896
f 526/599/897 724/871/897 525/598/897
f 725/872/898 726/873/898 727/874/898
f 728/875/898 727/874/898 721/868/898
f 721/868/898 401/443/898 517/589/898
f 728/875/898 729/876/898 727/874/898
f 727/874/898 729/876/898 730/877/898
f 727/874/898 730/877/898 731/878/898
f 731/878/898 732/879/898 727/874/898
f 727/874/898 732/879/898 733/880/898
f 727/874/898 733/880/898 725/872/898
f 517/589/898 734/881/898 721/868/898
f 721/868/898 734/881/898 735/882/898
f 721/868/898 735/882/898 736/883/898
f 736/883/898 737/884/898 721/868/898
f 721/868/898 737/884/898 738/885/898
f 721/868/898 738/885/898 728/875/898
f 526/599/899 716/862/899 722/869/899
f 722/869/899 716/862/899 739/886/899
f 739/886/900 716/862/900 740/887/900
f 740/887/900 716/862/900 717/863/900
f 740/887/900 717/863/900 741/888/900
f 741/888/900 717/863/900 718/864/900
f 741/889/901 718/865/901 742/890/901
f 742/890/901 718/865/901 719/866/901
f 742/890/901 719/866/901 743/891/901
f 719/866/901 720/867/901 743/891/901
f 743/891/902 720/867/902 721/868/902
f 743/891/902 721/868/902 727/874/902
f 315/351/903 213/234/903 744/892/903
f 744/892/904 213/234/904 714/859/904
f 744/893/905 714/860/905 745/894/905
f 745/894/905 714/860/905 715/861/905
f 745/894/906 715/861/906 746/871/906
f 746/871/907 715/861/907 525/598/907
f 316/352/908 315/351/908 747/895/908
f 747/895/909 315/351/909 744/892/909
f 747/896/910 744/893/910 748/897/910
f 748/897/910 744/893/910 745/894/910
f 748/897/911 745/894/911 723/870/911
f 723/870/912 745/894/912 746/871/912
f 528/601/913 210/231/913 266/898/913
f 527/600/914 528/601/914 749/899/914
f 95/109/915 527/600/915 750/900/915
f 751/901/916 93/104/916 750/900/916
f 750/900/917 93/104/917 94/108/917
f 750/900/918 94/108/918 95/109/918
f 528/601/919 266/898/919 749/899/919
f 749/899/920 266/898/920 265/902/920
f 749/903/921 265/291/921 752/904/921
f 752/904/922 265/291/922 263/289/922
f 752/904/923 263/289/923 753/905/923
f 754/906/924 87/92/924 755/907/924
f 755/907/925 87/92/925 86/91/925
f 755/907/926 86/91/926 751/908/926
f 751/908/927 86/91/927 85/90/927
f 751/901/928 85/909/928 93/104/928
f 263/289/929 261/287/929 753/905/929
f 753/905/930 261/287/930 259/285/930
f 753/905/931 259/285/931 756/910/931
f 756/910/932 259/285/932 257/283/932
f 756/910/933 257/283/933 757/911/933
f 757/911/934 257/283/934 255/281/934
f 76/81/935 82/87/935 758/912/935
f 758/912/936 82/87/936 80/85/936
f 758/912/937 80/85/937 754/906/937
f 754/906/938 80/85/938 78/83/938
f 754/906/939 78/83/939 87/92/939
f 255/281/934 253/279/934 757/911/934
f 757/911/940 253/279/940 251/277/940
f 757/911/941 251/277/941 759/913/941
f 76/81/935 758/912/935 74/79/935
f 74/79/942 758/912/942 760/914/942
f 74/79/943 760/914/943 72/77/943
f 72/77/944 760/914/944 761/915/944
f 72/77/945 761/915/945 70/75/945
f 251/277/946 249/275/946 759/913/946
f 759/913/947 249/275/947 248/274/947
f 759/913/948 248/274/948 762/916/948
f 762/916/949 248/274/949 269/297/949
f 762/916/950 269/297/950 763/917/950
f 70/75/951 761/915/951 68/73/951
f 68/73/952 761/915/952 764/918/952
f 68/73/953 764/918/953 66/71/953
f 66/71/954 764/918/954 765/919/954
f 66/71/955 765/919/955 65/70/955
f 269/297/956 271/299/956 763/917/956
f 763/917/957 271/299/957 273/301/957
f 763/917/958 273/301/958 766/920/958
f 766/920/959 273/301/959 275/303/959
f 766/920/960 275/303/960 767/921/960
f 767/921/961 275/303/961 277/305/961
f 767/921/961 277/305/961 281/312/961
f 527/600/914 749/899/914 750/900/914
f 750/900/962 749/899/962 752/922/962
f 750/900/962 752/922/962 751/901/962
f 751/901/963 752/922/963 753/923/963
f 751/901/963 753/923/963 755/924/963
f 755/925/964 753/905/964 756/910/964
f 755/925/964 756/910/964 754/926/964
f 754/926/965 756/910/965 757/911/965
f 754/926/965 757/911/965 758/927/965
f 758/927/966 757/911/966 759/913/966
f 758/927/966 759/913/966 760/928/966
f 760/928/967 759/913/967 762/916/967
f 760/928/967 762/916/967 761/929/967
f 761/929/968 762/916/968 763/917/968
f 761/929/968 763/917/968 764/930/968
f 764/930/969 763/917/969 766/920/969
f 764/930/969 766/920/969 765/931/969
f 765/932/970 766/933/970 767/934/970
f 765/932/970 767/934/970 768/935/970
f 281/936/971 279/307/971 767/934/971
f 767/934/972 279/307/972 769/937/972
f 767/934/973 769/937/973 768/935/973
f 768/935/973 769/937/973 770/938/973
f 768/935/974 770/938/974 59/62/974
f 59/62/975 60/63/975 768/935/975
f 768/935/975 60/63/975 61/64/975
f 768/939/976 61/65/976 765/919/976
f 765/919/977 61/65/977 63/68/977
f 765/919/977 63/68/977 65/70/977
f 579/940/978 581/671/978 771/941/978
f 587/673/979 583/667/979 772/942/979
f 582/666/980 592/681/980 773/943/980
f 594/683/981 597/686/981 774/944/981
f 599/688/982 602/691/982 775/945/982
f 605/946/983 776/947/983 777/948/983
f 612/949/984 614/724/984 778/950/984
f 617/726/985 619/728/985 779/951/985
f 625/734/986 622/731/986 780/952/986
f 781/953/987 782/954/987 783/872/987
f 784/589/988 518/590/988 734/881/988
f 734/881/988 518/590/988 785/955/988
f 734/881/989 785/955/989 735/882/989
f 786/956/990 787/957/990 788/958/990
f 737/884/991 736/883/991 789/959/991
f 789/959/992 736/883/992 790/960/992
f 789/959/993 790/960/993 791/961/993
f 791/961/994 790/960/994 792/962/994
f 791/961/995 792/962/995 771/941/995
f 736/883/992 735/882/992 790/960/992
f 790/960/996 735/882/996 785/955/996
f 790/960/994 785/955/994 792/962/994
f 792/962/997 785/955/997 518/590/997
f 792/962/997 518/590/997 519/591/997
f 793/963/998 794/964/998 786/956/998
f 787/957/999 786/956/999 795/965/999
f 795/965/999 786/956/999 794/964/999
f 795/965/999 794/964/999 796/966/999
f 796/966/1000 794/964/1000 637/967/1000
f 796/966/1000 637/967/1000 797/968/1000
f 621/730/1001 630/739/1001 793/963/1001
f 793/963/1002 630/739/1002 632/969/1002
f 793/963/1002 632/969/1002 794/964/1002
f 794/964/1002 632/969/1002 635/970/1002
f 794/964/1000 635/970/1000 637/967/1000
f 622/731/1001 621/730/1001 780/952/1001
f 780/952/1001 621/730/1001 793/963/1001
f 780/952/1003 793/963/1003 798/971/1003
f 798/971/998 793/963/998 786/956/998
f 798/971/1004 786/956/1004 781/953/1004
f 781/953/990 786/956/990 788/958/990
f 781/953/990 788/958/990 782/954/990
f 619/728/986 625/734/986 779/951/986
f 779/951/986 625/734/986 780/952/986
f 779/951/1005 780/952/1005 799/972/1005
f 799/972/1003 780/952/1003 798/971/1003
f 799/972/1006 798/971/1006 800/973/1006
f 800/973/1004 798/971/1004 781/953/1004
f 800/973/1007 781/953/1007 733/880/1007
f 733/880/987 781/953/987 783/872/987
f 614/724/985 617/726/985 778/950/985
f 778/950/985 617/726/985 779/951/985
f 778/950/1008 779/951/1008 801/974/1008
f 801/974/1005 779/951/1005 799/972/1005
f 801/974/1009 799/972/1009 802/975/1009
f 802/975/1006 799/972/1006 800/973/1006
f 802/975/1010 800/973/1010 732/879/1010
f 732/879/1007 800/973/1007 733/880/1007
f 776/947/984 612/949/984 777/948/984
f 777/948/984 612/949/984 778/950/984
f 777/948/1011 778/950/1011 803/976/1011
f 803/976/1008 778/950/1008 801/974/1008
f 803/976/1012 801/974/1012 804/977/1012
f 804/977/1009 801/974/1009 802/975/1009
f 804/977/1013 802/975/1013 731/878/1013
f 731/878/1010 802/975/1010 732/879/1010
f 602/691/983 605/946/983 775/945/983
f 775/945/983 605/946/983 777/948/983
f 775/945/1014 777/948/1014 805/978/1014
f 805/978/1011 777/948/1011 803/976/1011
f 805/978/1015 803/976/1015 806/979/1015
f 806/979/1012 803/976/1012 804/977/1012
f 806/979/1016 804/977/1016 730/877/1016
f 730/877/1013 804/977/1013 731/878/1013
f 597/686/982 599/688/982 774/944/982
f 774/944/982 599/688/982 775/945/982
f 774/944/1017 775/945/1017 807/980/1017
f 807/980/1014 775/945/1014 805/978/1014
f 807/980/1018 805/978/1018 808/981/1018
f 808/981/1015 805/978/1015 806/979/1015
f 808/981/1019 806/979/1019 729/876/1019
f 729/876/1016 806/979/1016 730/877/1016
f 592/681/981 594/683/981 773/943/981
f 773/943/981 594/683/981 774/944/981
f 773/943/1020 774/944/1020 809/982/1020
f 809/982/1017 774/944/1017 807/980/1017
f 809/982/1021 807/980/1021 810/983/1021
f 810/983/1018 807/980/1018 808/981/1018
f 810/983/1022 808/981/1022 811/875/1022
f 811/875/1019 808/981/1019 729/876/1019
f 583/667/980 582/666/980 772/942/980
f 772/942/980 582/666/980 773/943/980
f 772/942/1023 773/943/1023 812/984/1023
f 812/984/1020 773/943/1020 809/982/1020
f 812/984/1024 809/982/1024 813/985/1024
f 813/985/1021 809/982/1021 810/983/1021
f 813/985/1025 810/983/1025 738/885/1025
f 738/885/1022 810/983/1022 811/875/1022
f 581/671/979 587/673/979 771/941/979
f 771/941/979 587/673/979 772/942/979
f 771/941/995 772/942/995 791/961/995
f 791/961/1023 772/942/1023 812/984/1023
f 791/961/993 812/984/993 789/959/993
f 789/959/1024 812/984/1024 813/985/1024
f 789/959/991 813/985/991 737/884/991
f 737/884/1025 813/985/1025 738/885/1025
f 814/595/978 579/940/978 522/594/978
f 522/594/978 579/940/978 771/941/978
f 522/594/1026 771/941/1026 521/593/1026
f 521/593/1026 771/941/1026 792/962/1026
f 521/593/1026 792/962/1026 520/592/1026
f 520/592/997 792/962/997 519/591/997
f 815/986/1027 723/870/1027 722/869/1027
f 722/869/1027 816/987/1027 815/986/1027
f 815/986/1027 816/987/1027 817/988/1027
f 815/986/1027 817/988/1027 818/989/1027
f 818/989/1027 817/988/1027 819/990/1027
f 818/989/1027 819/990/1027 820/991/1027
f 820/991/1027 819/990/1027 821/992/1027
f 820/991/1027 821/992/1027 822/993/1027
f 823/994/1028 824/995/1028 825/996/1028
f 825/996/1028 824/995/1028 826/751/1028
f 825/996/1028 826/751/1028 827/753/1028
f 828/997/1029 829/998/1029 830/999/1029
f 820/991/1030 822/993/1030 831/1000/1030
f 831/1000/1031 822/993/1031 828/997/1031
f 831/1000/1032 828/997/1032 832/1001/1032
f 832/1001/1033 828/997/1033 830/999/1033
f 829/998/1034 828/997/1034 833/1002/1034
f 833/1002/1035 828/997/1035 834/1003/1035
f 833/1002/1036 834/1003/1036 835/1004/1036
f 836/1005/1037 837/1006/1037 838/1007/1037
f 837/1006/1038 839/1008/1038 838/1007/1038
f 838/1007/1039 839/1008/1039 840/1009/1039
f 838/1007/1040 840/1009/1040 834/1010/1040
f 834/1003/1041 840/1011/1041 841/1012/1041
f 834/1003/1042 841/1012/1042 835/1004/1042
f 842/1013/1043 843/1014/1043 844/1015/1043
f 844/1015/1044 843/1014/1044 845/1016/1044
f 844/1015/1045 845/1016/1045 838/1007/1045
f 838/1007/1046 845/1016/1046 846/1017/1046
f 838/1007/1047 846/1017/1047 836/1005/1047
f 844/1015/1048 847/1018/1048 848/1019/1048
f 848/1019/1049 849/1020/1049 844/1015/1049
f 844/1015/1050 849/1020/1050 850/1021/1050
f 844/1015/1051 850/1021/1051 842/1013/1051
f 51/51/1052 59/62/1052 851/1022/1052
f 851/1022/1053 59/62/1053 852/1023/1053
f 851/1022/1054 852/1023/1054 853/1024/1054
f 853/1024/1055 854/1025/1055 851/1022/1055
f 851/1022/1056 854/1025/1056 855/1026/1056
f 851/1022/1057 855/1026/1057 844/1015/1057
f 844/1015/1058 855/1026/1058 856/1027/1058
f 844/1015/1059 856/1027/1059 847/1018/1059
f 826/968/1060 824/1028/1060 857/966/1060
f 857/966/1061 824/1028/1061 858/1029/1061
f 857/966/1062 858/1029/1062 795/965/1062
f 795/965/1063 858/1029/1063 859/1030/1063
f 795/965/1064 859/1030/1064 860/957/1064
f 860/957/1065 859/1030/1065 861/1031/1065
f 860/957/1066 861/1031/1066 788/958/1066
f 788/958/1067 861/1031/1067 862/1032/1067
f 788/958/1068 862/1032/1068 863/954/1068
f 863/954/1069 862/1032/1069 726/873/1069
f 863/954/1070 726/873/1070 725/872/1070
f 864/1033/1071 820/991/1071 831/1000/1071
f 865/1034/1072 864/1033/1072 866/1035/1072
f 867/1036/1073 306/342/1073 868/1037/1073
f 868/1037/1074 306/342/1074 314/350/1074
f 868/1037/1075 314/350/1075 865/1038/1075
f 864/1033/1076 831/1000/1076 866/1035/1076
f 866/1035/1077 831/1000/1077 832/1001/1077
f 866/1035/1078 832/1001/1078 869/1039/1078
f 869/1039/1079 832/1001/1079 830/999/1079
f 869/1039/1080 830/999/1080 870/1040/1080
f 870/1040/1081 830/999/1081 829/998/1081
f 870/1040/1082 829/998/1082 871/1041/1082
f 829/998/1083 833/1002/1083 871/1041/1083
f 871/1041/1084 833/1002/1084 835/1004/1084
f 871/1041/1085 835/1004/1085 872/1042/1085
f 872/1043/1086 835/1044/1086 841/1045/1086
f 872/1043/1087 841/1045/1087 873/1046/1087
f 874/1047/1088 304/340/1088 875/1048/1088
f 875/1048/1089 304/340/1089 303/1049/1089
f 875/1048/1090 303/1049/1090 876/1050/1090
f 876/1050/1091 303/1049/1091 302/1051/1091
f 876/1050/1092 302/1051/1092 877/1052/1092
f 877/1053/1093 302/337/1093 301/335/1093
f 877/1053/1094 301/335/1094 878/1054/1094
f 878/1054/1095 301/335/1095 308/344/1095
f 878/1054/1096 308/344/1096 867/1036/1096
f 867/1036/1097 308/344/1097 307/343/1097
f 867/1036/1098 307/343/1098 306/342/1098
f 841/1045/1099 840/1009/1099 873/1046/1099
f 873/1046/1100 840/1009/1100 839/1008/1100
f 873/1046/1101 839/1008/1101 879/1055/1101
f 879/1055/1102 839/1008/1102 837/1006/1102
f 879/1055/1103 837/1006/1103 880/1056/1103
f 880/1056/1104 837/1006/1104 836/1005/1104
f 880/1056/1105 836/1005/1105 881/1057/1105
f 881/1057/1106 836/1005/1106 846/1017/1106
f 881/1057/1107 846/1017/1107 882/1058/1107
f 846/1017/1108 845/1016/1108 882/1058/1108
f 882/1058/1109 845/1016/1109 843/1014/1109
f 882/1058/1110 843/1014/1110 883/1059/1110
f 883/1059/1111 843/1014/1111 842/1013/1111
f 850/1021/1112 884/1060/1112 842/1013/1112
f 842/1013/1113 884/1060/1113 885/1061/1113
f 842/1013/1114 885/1061/1114 883/1059/1114
f 850/1021/1115 849/1020/1115 884/1060/1115
f 884/1060/1116 849/1020/1116 848/1019/1116
f 884/1060/1117 848/1019/1117 886/1062/1117
f 886/1062/1118 848/1019/1118 847/1018/1118
f 886/1062/1119 847/1018/1119 887/1063/1119
f 887/1063/1120 847/1018/1120 856/1027/1120
f 855/1026/1121 888/1064/1121 856/1027/1121
f 856/1027/1122 888/1064/1122 889/1065/1122
f 856/1027/1123 889/1065/1123 887/1063/1123
f 855/1026/1121 854/1025/1121 888/1064/1121
f 888/1064/1124 854/1025/1124 853/1024/1124
f 888/1064/1125 853/1024/1125 890/1066/1125
f 890/1066/1126 853/1024/1126 852/1023/1126
f 890/1066/1127 852/1023/1127 891/1067/1127
f 865/1034/1128 866/1035/1128 868/1068/1128
f 868/1068/1129 866/1035/1129 869/1039/1129
f 868/1068/1130 869/1039/1130 867/1069/1130
f 867/1069/1131 869/1039/1131 870/1040/1131
f 867/1069/1132 870/1040/1132 878/1070/1132
f 878/1071/1133 870/1072/1133 871/1073/1133
f 878/1071/1134 871/1073/1134 877/1052/1134
f 877/1052/1135 871/1073/1135 872/1043/1135
f 877/1052/1136 872/1043/1136 876/1050/1136
f 876/1050/1137 872/1043/1137 873/1046/1137
f 876/1050/1138 873/1046/1138 875/1048/1138
f 875/1048/1139 873/1046/1139 879/1055/1139
f 875/1048/1140 879/1055/1140 874/1047/1140
f 874/1047/1141 879/1055/1141 880/1056/1141
f 874/1047/1142 880/1056/1142 892/1074/1142
f 892/1074/1143 880/1056/1143 881/1057/1143
f 892/1074/1144 881/1057/1144 893/1075/1144
f 893/1075/1145 881/1057/1145 882/1058/1145
f 893/1075/1146 882/1058/1146 894/1076/1146
f 894/1076/1147 882/1058/1147 883/1059/1147
f 894/1076/1148 883/1059/1148 895/1077/1148
f 895/1077/1149 883/1059/1149 885/1061/1149
f 895/1077/1150 885/1061/1150 896/1078/1150
f 896/1078/1151 885/1061/1151 884/1060/1151
f 896/1078/1152 884/1060/1152 897/1079/1152
f 897/1079/1153 884/1060/1153 886/1062/1153
f 897/1079/1154 886/1062/1154 898/1080/1154
f 898/1080/1155 886/1062/1155 887/1063/1155
f 898/1080/1156 887/1063/1156 899/1081/1156
f 899/1081/1157 887/1063/1157 889/1065/1157
f 899/1081/1158 889/1065/1158 900/1082/1158
f 900/1082/1159 889/1065/1159 888/1064/1159
f 900/1082/1160 888/1064/1160 901/1083/1160
f 901/1083/1161 888/1064/1161 890/1066/1161
f 901/1083/1162 890/1066/1162 902/1084/1162
f 902/1084/1163 890/1066/1163 891/1067/1163
f 902/1084/1164 891/1067/1164 903/1085/1164
f 278/306/1165 298/332/1165 903/1085/1165
f 903/1085/1166 298/332/1166 297/331/1166
f 903/1085/1167 297/331/1167 902/1084/1167
f 902/1084/1168 297/331/1168 296/330/1168
f 902/1084/1169 296/330/1169 901/1083/1169
f 901/1083/1170 296/330/1170 295/329/1170
f 901/1083/1171 295/329/1171 900/1082/1171
f 900/1082/1172 295/329/1172 294/328/1172
f 900/1082/1173 294/328/1173 899/1081/1173
f 899/1081/1174 294/328/1174 292/326/1174
f 899/1081/1175 292/326/1175 898/1080/1175
f 898/1080/1176 292/326/1176 291/325/1176
f 898/1080/1177 291/325/1177 897/1079/1177
f 897/1079/1178 291/325/1178 290/324/1178
f 897/1079/1179 290/324/1179 896/1078/1179
f 896/1078/1180 290/324/1180 289/323/1180
f 896/1078/1181 289/323/1181 895/1077/1181
f 895/1077/1182 289/323/1182 284/318/1182
f 895/1077/1183 284/318/1183 894/1076/1183
f 894/1076/1184 284/318/1184 283/317/1184
f 894/1076/1185 283/317/1185 893/1075/1185
f 893/1075/1186 283/317/1186 288/322/1186
f 893/1075/1187 288/322/1187 892/1074/1187
f 892/1074/1188 288/322/1188 287/321/1188
f 892/1074/1189 287/321/1189 874/1047/1189
f 874/1047/1190 287/321/1190 305/341/1190
f 874/1047/1191 305/341/1191 304/340/1191
f 279/307/1192 278/306/1192 769/937/1192
f 769/937/1193 278/306/1193 903/1085/1193
f 769/937/1194 903/1085/1194 770/938/1194
f 770/938/1195 903/1085/1195 891/1067/1195
f 770/938/1196 891/1067/1196 59/62/1196
f 59/62/1197 891/1067/1197 852/1023/1197
f 748/897/1198 723/870/1198 815/986/1198
f 747/896/1199 748/897/1199 904/1086/1199
f 311/347/1200 317/353/1200 905/1087/1200
f 905/1087/1201 317/353/1201 316/352/1201
f 905/1087/1202 316/352/1202 747/895/1202
f 748/897/1203 815/986/1203 904/1086/1203
f 904/1086/1204 815/986/1204 818/989/1204
f 904/1086/1205 818/989/1205 906/1088/1205
f 906/1088/1206 818/989/1206 820/991/1206
f 906/1088/1207 820/991/1207 864/1033/1207
f 747/896/1208 904/1086/1208 905/1089/1208
f 905/1089/1209 904/1086/1209 906/1088/1209
f 905/1089/1210 906/1088/1210 907/1090/1210
f 907/1090/1211 906/1088/1211 864/1033/1211
f 907/1090/1212 864/1033/1212 865/1034/1212
f 311/347/1213 905/1087/1213 312/348/1213
f 312/348/1214 905/1087/1214 907/1091/1214
f 312/348/1215 907/1091/1215 313/349/1215
f 313/349/1216 907/1091/1216 865/1038/1216
f 313/349/1217 865/1038/1217 314/350/1217
f 908/1092/1218 909/1093/1218 910/1094/1218
f 909/1093/1219 911/1095/1219 910/1094/1219
f 910/1094/1220 911/1095/1220 822/993/1220
f 910/1094/1221 822/993/1221 821/992/1221
f 912/1096/1222 913/1097/1222 914/1098/1222
f 914/1098/1223 913/1097/1223 915/1099/1223
f 915/1099/1224 916/1100/1224 914/1098/1224
f 914/1098/1225 916/1100/1225 917/1101/1225
f 914/1098/1226 917/1101/1226 910/1094/1226
f 910/1094/1227 917/1101/1227 918/1102/1227
f 910/1094/1228 918/1102/1228 908/1092/1228
f 919/1103/1229 920/1104/1229 824/995/1229
f 823/994/1230 921/1105/1230 824/995/1230
f 824/995/1231 921/1105/1231 922/1106/1231
f 922/1106/1232 923/1107/1232 824/995/1232
f 824/995/1233 923/1107/1233 924/1108/1233
f 824/995/1234 924/1108/1234 919/1103/1234
f 920/1104/1235 925/1109/1235 824/995/1235
f 824/995/1236 925/1109/1236 926/1110/1236
f 824/995/1237 926/1110/1237 914/1111/1237
f 914/1111/1238 926/1110/1238 927/1112/1238
f 914/1111/1239 927/1112/1239 912/1113/1239
f 862/1032/1240 861/1031/1240 928/1114/1240
f 859/1030/1241 858/1029/1241 929/1115/1241
f 858/1029/1242 824/1028/1242 929/1115/1242
f 929/1115/1243 824/1028/1243 914/1116/1243
f 929/1117/1244 914/1098/1244 930/1118/1244
f 930/1118/1245 914/1098/1245 910/1094/1245
f 930/1118/1246 910/1094/1246 819/990/1246
f 819/990/1247 910/1094/1247 821/992/1247
f 861/1031/1248 859/1030/1248 928/1114/1248
f 928/1114/1249 859/1030/1249 929/1115/1249
f 928/1119/1250 929/1117/1250 931/1120/1250
f 931/1120/1251 929/1117/1251 930/1118/1251
f 931/1120/1252 930/1118/1252 817/988/1252
f 817/988/1253 930/1118/1253 819/990/1253
f 726/873/1254 862/1032/1254 932/1121/1254
f 932/1121/1255 862/1032/1255 928/1114/1255
f 932/1122/1256 928/1119/1256 933/1123/1256
f 933/1123/1257 928/1119/1257 931/1120/1257
f 933/1123/1258 931/1120/1258 816/987/1258
f 816/987/1259 931/1120/1259 817/988/1259
f 722/869/1260 739/886/1260 816/987/1260
f 816/987/1261 739/886/1261 933/1123/1261
f 739/886/1262 740/887/1262 933/1123/1262
f 933/1123/1262 740/887/1262 741/888/1262
f 933/1123/1263 741/888/1263 932/1122/1263
f 727/874/1264 726/873/1264 743/891/1264
f 743/891/1265 726/873/1265 932/1121/1265
f 743/891/1266 932/1121/1266 742/890/1266
f 742/890/1267 932/1121/1267 741/889/1267
f 708/852/1268 934/132/1268 116/130/1268
f 935/1124/1269 936/851/1269 708/852/1269
f 825/996/1270 937/753/1270 935/1124/1270
f 935/1124/1271 937/753/1271 706/850/1271
f 935/1124/1272 706/850/1272 936/851/1272
f 116/130/1273 115/129/1273 938/1125/1273
f 708/852/1274 116/130/1274 935/1124/1274
f 935/1124/1275 116/130/1275 938/1125/1275
f 935/1124/1276 938/1125/1276 939/1126/1276
f 939/1126/1276 940/1127/1276 935/1124/1276
f 935/1124/1277 940/1127/1277 941/1128/1277
f 935/1124/1278 941/1128/1278 825/996/1278
f 825/996/1279 941/1128/1279 942/1129/1279
f 825/996/1279 942/1129/1279 823/994/1279
f 938/1125/1280 115/129/1280 42/42/1280
f 939/1126/1281 938/1125/1281 943/1130/1281
f 940/1127/1282 939/1126/1282 944/1131/1282
f 941/1128/1283 940/1127/1283 945/1132/1283
f 942/1129/1284 941/1128/1284 946/1133/1284
f 938/1125/1285 42/42/1285 943/1130/1285
f 943/1130/1286 42/42/1286 40/40/1286
f 943/1130/1287 40/40/1287 947/1134/1287
f 40/40/1288 38/38/1288 947/1134/1288
f 947/1134/1289 38/38/1289 37/37/1289
f 947/1134/1290 37/37/1290 948/1135/1290
f 948/1135/1291 37/37/1291 36/36/1291
f 948/1135/1292 36/36/1292 949/1136/1292
f 949/1136/1293 36/36/1293 35/35/1293
f 949/1136/1294 35/35/1294 950/1137/1294
f 950/1137/1295 35/35/1295 33/33/1295
f 950/1137/1296 33/33/1296 951/1138/1296
f 951/1138/1297 33/33/1297 32/32/1297
f 951/1138/1298 32/32/1298 952/1139/1298
f 953/1140/1299 920/1104/1299 954/1141/1299
f 954/1141/1300 920/1104/1300 919/1103/1300
f 954/1141/1301 919/1103/1301 955/1142/1301
f 955/1142/1302 919/1103/1302 924/1108/1302
f 955/1142/1303 924/1108/1303 956/1143/1303
f 956/1143/1304 924/1108/1304 923/1107/1304
f 956/1143/1305 923/1107/1305 957/1144/1305
f 957/1144/1306 923/1107/1306 922/1106/1306
f 957/1144/1307 922/1106/1307 958/1145/1307
f 958/1145/1308 922/1106/1308 921/1105/1308
f 958/1145/1309 921/1105/1309 959/1146/1309
f 959/1146/1310 921/1105/1310 823/994/1310
f 959/1146/1311 823/994/1311 942/1129/1311
f 57/57/1312 960/1147/1312 43/43/1312
f 43/43/1313 960/1147/1313 961/1148/1313
f 43/43/1314 961/1148/1314 44/44/1314
f 44/44/1315 961/1148/1315 962/1149/1315
f 44/44/1316 962/1149/1316 46/46/1316
f 46/46/1317 962/1149/1317 963/1150/1317
f 46/46/1318 963/1150/1318 47/47/1318
f 47/47/1319 963/1150/1319 964/1151/1319
f 47/47/1320 964/1151/1320 48/48/1320
f 48/48/1321 964/1151/1321 952/1139/1321
f 48/48/1322 952/1139/1322 49/49/1322
f 49/49/1323 952/1139/1323 32/32/1323
f 939/1126/1324 943/1130/1324 944/1131/1324
f 944/1131/1325 943/1130/1325 947/1134/1325
f 944/1131/1326 947/1134/1326 965/1152/1326
f 965/1152/1327 947/1134/1327 948/1135/1327
f 965/1152/1328 948/1135/1328 966/1153/1328
f 966/1153/1329 948/1135/1329 949/1136/1329
f 966/1153/1330 949/1136/1330 967/1154/1330
f 967/1154/1331 949/1136/1331 950/1137/1331
f 967/1154/1332 950/1137/1332 968/1155/1332
f 968/1155/1333 950/1137/1333 951/1138/1333
f 968/1155/1334 951/1138/1334 969/1156/1334
f 969/1156/1335 951/1138/1335 952/1139/1335
f 969/1156/1336 952/1139/1336 970/1157/1336
f 970/1157/1337 952/1139/1337 964/1151/1337
f 970/1157/1338 964/1151/1338 971/1158/1338
f 971/1158/1339 964/1151/1339 963/1150/1339
f 971/1158/1340 963/1150/1340 972/1159/1340
f 972/1159/1341 963/1150/1341 962/1149/1341
f 972/1159/1342 962/1149/1342 973/1160/1342
f 973/1160/1343 962/1149/1343 961/1148/1343
f 973/1160/1344 961/1148/1344 974/1161/1344
f 974/1161/1345 961/1148/1345 960/1147/1345
f 974/1161/1346 960/1147/1346 975/1162/1346
f 940/1127/1347 944/1131/1347 945/1132/1347
f 945/1132/1348 944/1131/1348 965/1152/1348
f 945/1132/1349 965/1152/1349 976/1163/1349
f 976/1163/1350 965/1152/1350 966/1153/1350
f 976/1163/1351 966/1153/1351 977/1164/1351
f 977/1164/1352 966/1153/1352 967/1154/1352
f 977/1164/1353 967/1154/1353 978/1165/1353
f 978/1165/1354 967/1154/1354 968/1155/1354
f 978/1165/1355 968/1155/1355 979/1166/1355
f 979/1166/1356 968/1155/1356 969/1156/1356
f 979/1166/1357 969/1156/1357 980/1167/1357
f 980/1167/1358 969/1156/1358 970/1157/1358
f 980/1167/1359 970/1157/1359 981/1168/1359
f 981/1168/1360 970/1157/1360 971/1158/1360
f 981/1168/1361 971/1158/1361 982/1169/1361
f 982/1169/1362 971/1158/1362 972/1159/1362
f 982/1169/1363 972/1159/1363 983/1170/1363
f 983/1170/1364 972/1159/1364 973/1160/1364
f 983/1170/1365 973/1160/1365 984/1171/1365
f 984/1171/1366 973/1160/1366 974/1161/1366
f 984/1171/1367 974/1161/1367 985/1172/1367
f 985/1172/1368 974/1161/1368 975/1162/1368
f 985/1172/1369 975/1162/1369 986/1173/1369
f 941/1128/1370 945/1132/1370 946/1133/1370
f 946/1133/1371 945/1132/1371 976/1163/1371
f 946/1133/1372 976/1163/1372 987/1174/1372
f 987/1174/1373 976/1163/1373 977/1164/1373
f 987/1174/1374 977/1164/1374 988/1175/1374
f 988/1175/1375 977/1164/1375 978/1165/1375
f 988/1175/1376 978/1165/1376 989/1176/1376
f 989/1176/1377 978/1165/1377 979/1166/1377
f 989/1176/1378 979/1166/1378 990/1177/1378
f 990/1177/1379 979/1166/1379 980/1167/1379
f 990/1177/1380 980/1167/1380 991/1178/1380
f 991/1178/1381 980/1167/1381 981/1168/1381
f 991/1178/1382 981/1168/1382 992/1179/1382
f 992/1179/1383 981/1168/1383 982/1169/1383
f 992/1179/1384 982/1169/1384 993/1180/1384
f 993/1180/1385 982/1169/1385 983/1170/1385
f 993/1180/1386 983/1170/1386 994/1181/1386
f 994/1181/1387 983/1170/1387 984/1171/1387
f 994/1181/1388 984/1171/1388 995/1182/1388
f 995/1182/1389 984/1171/1389 985/1172/1389
f 995/1182/1390 985/1172/1390 996/1183/1390
f 996/1183/1391 985/1172/1391 986/1173/1391
f 996/1183/1392 986/1173/1392 997/1184/1392
f 942/1129/1393 946/1133/1393 959/1146/1393
f 959/1146/1394 946/1133/1394 987/1174/1394
f 959/1146/1395 987/1174/1395 958/1145/1395
f 958/1145/1396 987/1174/1396 988/1175/1396
f 958/1145/1397 988/1175/1397 957/1144/1397
f 957/1144/1398 988/1175/1398 989/1176/1398
f 957/1144/1399 989/1176/1399 956/1143/1399
f 956/1143/1400 989/1176/1400 990/1177/1400
f 956/1143/1401 990/1177/1401 955/1142/1401
f 955/1142/1402 990/1177/1402 991/1178/1402
f 955/1142/1403 991/1178/1403 954/1141/1403
f 954/1141/1404 991/1178/1404 992/1179/1404
f 954/1141/1405 992/1179/1405 953/1140/1405
f 953/1140/1406 992/1179/1406 993/1180/1406
f 953/1140/1407 993/1180/1407 998/1185/1407
f 998/1185/1408 993/1180/1408 994/1181/1408
f 998/1185/1409 994/1181/1409 999/1186/1409
f 999/1186/1410 994/1181/1410 995/1182/1410
f 999/1186/1411 995/1182/1411 1000/1187/1411
f 1000/1187/1412 995/1182/1412 996/1183/1412
f 1000/1187/1413 996/1183/1413 1001/1188/1413
f 1001/1188/1414 996/1183/1414 997/1184/1414
f 1001/1188/1415 997/1184/1415 1002/1189/1415
f 917/1101/1416 916/1100/1416 1002/1190/1416
f 1002/1190/1417 916/1100/1417 915/1099/1417
f 1002/1190/1418 915/1099/1418 1001/1191/1418
f 1001/1191/1419 915/1099/1419 913/1097/1419
f 1001/1188/1420 913/1192/1420 1000/1187/1420
f 1000/1187/1421 913/1192/1421 912/1113/1421
f 1000/1187/1422 912/1113/1422 999/1186/1422
f 999/1186/1423 912/1113/1423 927/1112/1423
f 999/1186/1424 927/1112/1424 998/1185/1424
f 998/1185/1425 927/1112/1425 926/1110/1425
f 998/1185/1426 926/1110/1426 953/1140/1426
f 953/1140/1427 926/1110/1427 925/1109/1427
f 953/1140/1428 925/1109/1428 920/1104/1428
f 918/1102/1429 917/1101/1429 1003/1193/1429
f 1003/1193/1430 917/1101/1430 1002/1190/1430
f 1003/1194/1431 1002/1189/1431 1004/1195/1431
f 1004/1195/1432 1002/1189/1432 997/1184/1432
f 1004/1195/1433 997/1184/1433 1005/1196/1433
f 1005/1196/1434 997/1184/1434 986/1173/1434
f 1005/1196/1435 986/1173/1435 1006/1197/1435
f 1006/1197/1436 986/1173/1436 975/1162/1436
f 1006/1197/1437 975/1162/1437 1007/1198/1437
f 1007/1198/1438 975/1162/1438 960/1147/1438
f 1007/1198/1439 960/1147/1439 56/56/1439
f 56/56/1440 960/1147/1440 57/57/1440
f 908/1092/1441 918/1102/1441 1008/1199/1441
f 1008/1199/1442 918/1102/1442 1003/1193/1442
f 1008/1200/1443 1003/1194/1443 1009/1201/1443
f 1009/1201/1444 1003/1194/1444 1004/1195/1444
f 1009/1201/1445 1004/1195/1445 1010/1202/1445
f 1010/1202/1446 1004/1195/1446 1005/1196/1446
f 1010/1202/1447 1005/1196/1447 1011/1203/1447
f 1011/1203/1448 1005/1196/1448 1006/1197/1448
f 1011/1203/1449 1006/1197/1449 1012/1204/1449
f 1012/1204/1450 1006/1197/1450 1007/1198/1450
f 1012/1204/1451 1007/1198/1451 55/55/1451
f 55/55/1452 1007/1198/1452 56/56/1452
f 909/1093/1453 908/1092/1453 1013/1205/1453
f 1013/1205/1454 908/1092/1454 1008/1199/1454
f 1013/1205/1455 1008/1199/1455 1014/1206/1455
f 1014/1207/1456 1008/1200/1456 1009/1201/1456
f 1014/1207/1457 1009/1201/1457 1015/1208/1457
f 1015/1208/1458 1009/1201/1458 1010/1202/1458
f 1015/1208/1459 1010/1202/1459 1016/1209/1459
f 1016/1209/1460 1010/1202/1460 1011/1203/1460
f 1016/1209/1461 1011/1203/1461 1017/1210/1461
f 1017/1210/1462 1011/1203/1462 1012/1204/1462
f 1017/1210/1463 1012/1204/1463 54/54/1463
f 54/54/1464 1012/1204/1464 55/55/1464
f 911/1095/1465 909/1093/1465 1018/1211/1465
f 1018/1211/1466 909/1093/1466 1013/1205/1466
f 1018/1211/1467 1013/1205/1467 1019/1212/1467
f 1019/1212/1468 1013/1205/1468 1014/1206/1468
f 1019/1213/1469 1014/1207/1469 1020/1214/1469
f 1020/1214/1470 1014/1207/1470 1015/1208/1470
f 1020/1214/1471 1015/1208/1471 1021/1215/1471
f 1021/1215/1472 1015/1208/1472 1016/1209/1472
f 1021/1215/1473 1016/1209/1473 1022/1216/1473
f 1022/1216/1474 1016/1209/1474 1017/1210/1474
f 1022/1216/1475 1017/1210/1475 52/52/1475
f 52/52/1476 1017/1210/1476 54/54/1476
f 822/993/1477 911/1095/1477 828/997/1477
f 828/997/1478 911/1095/1478 1018/1211/1478
f 828/997/1479 1018/1211/1479 834/1003/1479
f 834/1003/1480 1018/1211/1480 1019/1212/1480
f 834/1010/1481 1019/1213/1481 838/1007/1481
f 838/1007/1482 1019/1213/1482 1020/1214/1482
f 838/1007/1483 1020/1214/1483 844/1015/1483
f 844/1015/1484 1020/1214/1484 1021/1215/1484
f 844/1015/1485 1021/1215/1485 851/1022/1485
f 851/1022/1486 1021/1215/1486 1022/1216/1486
f 851/1022/1487 1022/1216/1487 51/51/1487
f 51/51/1488 1022/1216/1488 52/52/1488
f 1023/1217/895 1024/1218/895 1025/1219/895
f 1025/1219/895 1024/1218/895 1026/1220/895
f 1025/1219/895 1026/1220/895 1027/1221/895
f 1027/1221/895 1026/1220/895 1028/1222/895
f 1027/1221/895 1028/1222/895 1029/1223/895
f 1029/1223/895 1028/1222/895 1030/1224/895
f 1029/1223/895 1030/1224/895 1031/1225/895
f 1031/1225/895 1030/1224/895 1032/1226/895
f 1031/1225/895 1032/1226/895 1033/1227/895
f 1033/1227/895 1032/1226/895 1034/1228/895
f 1033/1227/895 1034/1228/895 1035/1229/895
f 1035/1229/895 1034/1228/895 1036/1230/895
f 1035/1229/895 1036/1230/895 1037/1231/895
f 1037/1231/895 1036/1230/895 1038/1232/895
f 1037/1231/895 1038/1232/895 1039/1233/895
f 1039/1233/895 1038/1232/895 1040/1234/895
f 1039/1233/895 1040/1234/895 1041/1235/895
f 1041/1235/895 1040/1234/895 1042/1236/895
f 1041/1235/895 1042/1236/895 1043/1237/895
f 1043/1237/895 1042/1236/895 1044/1238/895
f 1043/1237/895 1044/1238/895 1045/1239/895
f 1045/1239/895 1044/1238/895 1046/1240/895
f 1045/1239/895 1046/1240/895 1047/1241/895
f 1047/1241/895 1046/1240/895 1048/1242/895
f 1047/1241/895 1048/1242/895 1049/1243/895
f 1049/1243/895 1048/1242/895 1050/1244/895
f 1049/1243/895 1050/1244/895 1051/1245/895
f 1051/1245/895 1050/1244/895 1052/1246/895
f 1051/1245/895 1052/1246/895 1053/1247/895
f 1053/1247/895 1052/1246/895 1054/1248/895
f 1053/1247/895 1054/1248/895 1055/1249/895
f 1055/1249/895 1054/1248/895 1056/1250/895
f 1055/1249/895 1056/1250/895 1057/1251/895
f 1057/1251/895 1056/1250/895 1058/1252/895
f 1057/1251/895 1058/1252/895 1059/1253/895
f 1059/1253/895 1058/1252/895 1060/1254/895
f 1059/1253/895 1060/1254/895 1061/1255/895
f 1061/1255/895 1060/1254/895 1062/1256/895
f 1061/1255/895 1062/1256/895 1063/1257/895
f 1063/1257/895 1062/1256/895 1064/1258/895
f 1063/1257/895 1064/1258/895 1065/1259/895
f 1065/1259/895 1064/1258/895 1066/1260/895
f 1065/1259/895 1066/1260/895 1067/1261/895
f 1067/1261/895 1066/1260/895 1068/1262/895
f 1067/1261/895 1068/1262/895 1069/1263/895
f 1069/1263/895 1068/1262/895 1070/1264/895
f 1069/1263/895 1070/1264/895 1071/1265/895
f 1071/1265/895 1070/1264/895 1072/1266/895
f 1071/1265/895 1072/1266/895 1073/1267/895
f 1073/1267/895 1072/1266/895 1074/1268/895
f 1073/1267/895 1074/1268/895 1075/1269/895
f 1075/1269/895 1074/1268/895 1076/1270/895
f 1075/1269/895 1076/1270/895 1077/1271/895
f 1077/1271/895 1076/1270/895 1078/1272/895
f 1077/1271/895 1078/1272/895 1079/1273/895
f 1079/1273/895 1078/1272/895 1023/1217/895
f 1079/1273/895 1023/1217/895 1025/1219/895
f 1080/1274/895 1081/1275/895 1082/1276/895
f 1082/1276/895 1083/1277/895 1080/1274/895
f 1080/1274/895 1083/1277/895 1084/1278/895
f 1080/1274/895 1084/1278/895 1085/1279/895
f 1080/1274/895 1086/1280/895 1081/1275/895
f 1081/1275/895 1086/1280/895 1087/1281/895
f 1081/1275/895 1087/1281/895 1088/1282/895
f 1085/1279/895 1089/1283/895 1080/1274/895
f 1080/1274/895 1089/1283/895 1090/1284/895
f 1080/1274/895 1090/1284/895 1091/1285/895
f 1088/1282/895 1092/1286/895 1081/1275/895
f 1081/1275/895 1092/1286/895 1093/1287/895
f 1081/1275/895 1093/1287/895 1094/1288/895
f 1095/1289/895 1096/1290/895 1097/1291/895
f 1091/1285/895 1098/1292/895 1080/1274/895
f 1080/1274/895 1098/1292/895 1099/1293/895
f 1080/1274/895 1099/1293/895 1100/1294/895
f 1094/1288/895 1101/1295/895 1081/1275/895
f 1081/1275/895 1101/1295/895 1102/1296/895
f 1081/1275/895 1102/1296/895 1103/1297/895
f 1100/1294/895 1104/1298/895 1080/1274/895
f 1080/1274/895 1104/1298/895 1105/1299/895
f 1080/1274/895 1105/1299/895 1106/1300/895
f 1103/1297/895 1102/1296/895 1097/1291/895
f 1097/1291/895 1102/1296/895 1107/1301/895
f 1097/1291/895 1107/1301/895 1095/1289/895
f 1085/1302/1489 1108/1303/1489 1089/1304/1489
f 1089/1304/1490 1108/1303/1490 1039/1305/1490
f 1089/1304/1490 1039/1305/1490 1090/1306/1490
f 1090/1306/1491 1039/1305/1491 1041/1307/1491
f 1090/1306/1491 1041/1307/1491 1091/1308/1491
f 1091/1308/1492 1041/1307/1492 1043/1309/1492
f 1091/1308/1492 1043/1309/1492 1098/1310/1492
f 1098/1310/1493 1043/1309/1493 1045/1311/1493
f 1098/1310/1493 1045/1311/1493 1099/1312/1493
f 1099/1313/1494 1045/1314/1494 1047/1315/1494
f 1099/1313/1494 1047/1315/1494 1100/1316/1494
f 1100/1316/1495 1047/1315/1495 1049/1317/1495
f 1100/1316/1495 1049/1317/1495 1104/1318/1495
f 1104/1318/1496 1049/1317/1496 1051/1319/1496
f 1104/1318/1496 1051/1319/1496 1105/1320/1496
f 1105/1320/1497 1051/1319/1497 1053/1321/1497
f 1105/1320/1497 1053/1321/1497 1106/1322/1497
f 1106/1322/1498 1053/1321/1498 1055/1323/1498
f 1106/1322/1498 1055/1323/1498 1080/1324/1498
f 1080/1324/1499 1055/1323/1499 1057/1325/1499
f 1080/1324/1499 1057/1325/1499 1086/1326/1499
f 1086/1326/1028 1057/1325/1028 1059/1327/1028
f 1086/1326/1028 1059/1327/1028 1087/1328/1028
f 1087/1329/1500 1059/1330/1500 1061/1331/1500
f 1087/1329/1500 1061/1331/1500 1088/1332/1500
f 1088/1332/1501 1061/1331/1501 1063/1333/1501
f 1088/1332/1501 1063/1333/1501 1092/1334/1501
f 1092/1334/1502 1063/1333/1502 1065/1335/1502
f 1092/1334/1502 1065/1335/1502 1093/1336/1502
f 1093/1336/1503 1065/1335/1503 1067/1337/1503
f 1093/1336/1503 1067/1337/1503 1094/1338/1503
f 1094/1338/1504 1067/1337/1504 1069/1339/1504
f 1094/1338/1504 1069/1339/1504 1101/1340/1504
f 1101/1340/1505 1069/1339/1505 1071/1341/1505
f 1101/1340/1505 1071/1341/1505 1102/1342/1505
f 1102/1343/548 1071/1344/548 1073/1345/548
f 1102/1343/548 1073/1345/548 1107/1346/548
f 1107/1346/1506 1073/1345/1506 1075/1347/1506
f 1107/1346/1506 1075/1347/1506 1095/1348/1506
f 1095/1348/1507 1075/1347/1507 1077/1349/1507
f 1095/1348/1507 1077/1349/1507 1096/1350/1507
f 1096/1350/1508 1077/1349/1508 1079/1351/1508
f 1096/1350/1508 1079/1351/1508 1097/1352/1508
f 1097/1352/1509 1079/1351/1509 1025/1353/1509
f 1097/1352/1509 1025/1353/1509 1103/1354/1509
f 1103/1354/1510 1025/1353/1510 1027/1355/1510
f 1103/1354/1510 1027/1355/1510 1081/1356/1510
f 1081/1356/1511 1027/1355/1511 1029/1357/1511
f 1081/1356/1511 1029/1357/1511 1082/1358/1511
f 1082/1359/1512 1029/1360/1512 1031/1361/1512
f 1082/1359/1512 1031/1361/1512 1083/1362/1512
f 1083/1362/1513 1031/1361/1513 1033/1363/1513
f 1083/1362/1513 1033/1363/1513 1084/1364/1513
f 1084/1364/1514 1033/1363/1514 1035/1365/1514
f 1084/1364/1514 1035/1365/1514 1085/1302/1514
f 1085/1302/1489 1035/1365/1489 1108/1303/1489
f 1109/1366/1 1110/1367/1 1111/1368/1
f 1111/1368/1 1110/1367/1 1112/1369/1
f 1111/1368/1 1112/1369/1 1113/1370/1
f 1113/1370/1 1112/1369/1 1114/1371/1
f 1113/1370/1 1114/1371/1 1115/1372/1
f 1115/1372/1 1114/1371/1 1116/1373/1
f 1115/1372/1 1116/1373/1 1117/1374/1
f 1117/1374/1 1116/1373/1 1118/1375/1
f 1117/1374/1 1118/1375/1 1119/1376/1
f 1119/1376/1 1118/1375/1 1120/1377/1
f 1119/1376/1 1120/1377/1 1121/1378/1
f 1121/1378/1 1120/1377/1 1122/1379/1
f 1121/1378/1 1122/1379/1 1123/1380/1
f 1123/1380/1 1122/1379/1 1124/1381/1
f 1123/1380/1 1124/1381/1 1125/1382/1
f 1125/1382/1 1124/1381/1 1126/1383/1
f 1125/1382/1 1126/1383/1 1127/1384/1
f 1127/1384/1 1126/1383/1 1128/1385/1
f 1127/1384/1 1128/1385/1 1129/1386/1
f 1129/1386/1 1128/1385/1 1130/1387/1
f 1129/1386/1 1130/1387/1 1131/1388/1
f 1131/1388/1 1130/1387/1 1132/1389/1
f 1131/1388/1 1132/1389/1 1133/1390/1
f 1133/1390/1 1132/1389/1 1134/1391/1
f 1133/1390/1 1134/1391/1 1135/1392/1
f 1135/1392/1 1134/1391/1 1136/1393/1
f 1135/1392/1 1136/1393/1 1137/1394/1
f 1137/1394/1 1136/1393/1 1138/1395/1
f 1137/1394/1 1138/1395/1 1139/1396/1
f 1139/1396/1 1138/1395/1 1140/1397/1
f 1139/1396/1 1140/1397/1 1141/1398/1
f 1141/1398/1 1140/1397/1 1142/1399/1
f 1141/1398/1 1142/1399/1 1143/1400/1
f 1143/1400/1 1142/1399/1 1144/1401/1
f 1143/1400/1 1144/1401/1 1145/1402/1
f 1145/1402/1 1144/1401/1 1146/1403/1
f 1145/1402/1 1146/1403/1 1147/1404/1
f 1147/1404/1 1146/1403/1 1148/1405/1
f 1147/1404/1 1148/1405/1 1149/1406/1
f 1149/1406/1 1148/1405/1 1150/1407/1
f 1149/1406/1 1150/1407/1 1151/1408/1
f 1151/1408/1 1150/1407/1 1152/1409/1
f 1151/1408/1 1152/1409/1 1153/1410/1
f 1153/1410/1 1152/1409/1 1154/1411/1
f 1153/1410/1 1154/1411/1 1155/1412/1
f 1155/1412/1 1154/1411/1 1156/1413/1
f 1155/1412/1 1156/1413/1 1157/1414/1
f 1157/1414/1 1156/1413/1 1158/1415/1
f 1157/1414/1 1158/1415/1 1159/1416/1
f 1159/1416/1 1158/1415/1 1160/1417/1
f 1159/1416/1 1160/1417/1 1161/1418/1
f 1161/1418/1 1160/1417/1 1162/1419/1
f 1161/1418/1 1162/1419/1 1163/1420/1
f 1163/1420/1 1162/1419/1 1164/1421/1
f 1163/1420/1 1164/1421/1 1165/1422/1
f 1165/1422/1 1164/1421/1 1166/1423/1
f 1165/1422/1 1166/1423/1 1111/1368/1
f 1111/1368/1 1166/1423/1 1109/1366/1
f 1113/1424/1515 1167/1425/1515 1111/1426/1515
f 1111/1426/1516 1167/1425/1516 3/1427/1516
f 1111/1426/1516 3/1427/1516 1165/1428/1516
f 1165/1428/1517 3/1427/1517 4/1429/1517
f 1165/1428/1517 4/1429/1517 1163/1430/1517
f 1163/1430/1518 4/1429/1518 8/1431/1518
f 1163/1430/1518 8/1431/1518 1161/1432/1518
f 1161/1432/1519 8/1431/1519 5/1433/1519
f 1161/1432/1519 5/1433/1519 1159/1434/1519
f 1159/1435/1520 5/1436/1520 13/1437/1520
f 1159/1435/1520 13/1437/1520 1157/1438/1520
f 1157/1438/1521 13/1437/1521 9/1439/1521
f 1157/1438/1521 9/1439/1521 1155/1440/1521
f 1155/1440/1522 9/1439/1522 11/1441/1522
f 1155/1440/1522 11/1441/1522 1153/1442/1522
f 1153/1442/1523 11/1441/1523 12/1443/1523
f 1153/1442/1523 12/1443/1523 1151/1444/1523
f 1151/1444/1524 12/1443/1524 10/1445/1524
f 1151/1444/1524 10/1445/1524 1149/1446/1524
f 1149/1446/1525 10/1445/1525 14/1447/1525
f 1149/1446/1525 14/1447/1525 1147/1448/1525
f 1147/1448/1526 14/1447/1526 22/1449/1526
f 1147/1448/1526 22/1449/1526 1145/1450/1526
f 1145/1451/1527 22/1452/1527 21/1453/1527
f 1145/1451/1527 21/1453/1527 1143/1454/1527
f 1143/1454/1528 21/1453/1528 20/1455/1528
f 1143/1454/1528 20/1455/1528 1141/1456/1528
f 1141/1456/1529 20/1455/1529 19/1457/1529
f 1141/1456/1529 19/1457/1529 1139/1458/1529
f 1139/1458/1530 19/1457/1530 18/1459/1530
f 1139/1458/1530 18/1459/1530 1137/1460/1530
f 1137/1460/1531 18/1459/1531 7/1461/1531
f 1137/1460/1531 7/1461/1531 1135/1462/1531
f 1135/1462/1532 7/1461/1532 6/1463/1532
f 1135/1462/1532 6/1463/1532 1133/1464/1532
f 1133/1465/1533 6/1466/1533 2/1467/1533
f 1133/1465/1533 2/1467/1533 1131/1468/1533
f 1131/1468/1534 2/1467/1534 1/1469/1534
f 1131/1468/1534 1/1469/1534 1129/1470/1534
f 1129/1470/1535 1/1469/1535 28/1471/1535
f 1129/1470/1535 28/1471/1535 1127/1472/1535
f 1127/1472/1536 28/1471/1536 27/1473/1536
f 1127/1472/1536 27/1473/1536 1125/1474/1536
f 1125/1474/1537 27/1473/1537 26/1475/1537
f 1125/1474/1537 26/1475/1537 1123/1476/1537
f 1123/1476/1538 26/1475/1538 25/1477/1538
f 1123/1476/1538 25/1477/1538 1121/1478/1538
f 1121/1478/1539 25/1477/1539 24/1479/1539
f 1121/1478/1539 24/1479/1539 1119/1480/1539
f 1119/1481/1540 24/1482/1540 23/1483/1540
f 1119/1481/1540 23/1483/1540 1117/1484/1540
f 1117/1484/1541 23/1483/1541 17/1485/1541
f 1117/1484/1541 17/1485/1541 1115/1486/1541
f 1115/1486/1542 17/1485/1542 16/1487/1542
f 1115/1486/1542 16/1487/1542 1113/1424/1542
f 1113/1424/1515 16/1487/1515 1167/1425/1515
f 1142/1399/1543 1140/1397/1543 73/1488/1543
f 73/1488/1543 71/1489/1543 1142/1399/1543
f 1142/1399/1544 71/1489/1544 69/1490/1544
f 1142/1399/1545 69/1490/1545 1144/1401/1545
f 53/1491/1546 1148/1405/1546 1146/1403/1546
f 69/1490/1544 67/1492/1544 1144/1401/1544
f 1144/1401/1547 67/1492/1547 64/1493/1547
f 1144/1401/1547 64/1493/1547 1146/1403/1547
f 1146/1403/1548 64/1493/1548 62/1494/1548
f 1146/1403/1546 62/1494/1546 53/1491/1546
f 53/1491/1546 58/1495/1546 1148/1405/1546
f 1148/1405/1549 58/1495/1549 45/1496/1549
f 1148/1405/1549 45/1496/1549 1150/1407/1549
f 41/1497/1550 1154/1411/1550 1152/1409/1550
f 45/1496/1549 50/1498/1549 1150/1407/1549
f 1150/1407/1551 50/1498/1551 34/1499/1551
f 1150/1407/1551 34/1499/1551 1152/1409/1551
f 1152/1409/1551 34/1499/1551 39/1500/1551
f 1152/1409/1552 39/1500/1552 41/1497/1552
f 123/1501/1553 1158/1415/1553 1156/1413/1553
f 41/1497/1550 117/1502/1550 1154/1411/1550
f 1154/1411/1554 117/1502/1554 119/1503/1554
f 1154/1411/1555 119/1503/1555 1156/1413/1555
f 1156/1413/1554 119/1503/1554 121/1504/1554
f 1156/1413/1553 121/1504/1553 123/1501/1553
f 131/1505/1556 1162/1419/1556 1160/1417/1556
f 123/1501/1553 125/1506/1553 1158/1415/1553
f 1158/1415/1557 125/1506/1557 127/1507/1557
f 1158/1415/1557 127/1507/1557 1160/1417/1557
f 1160/1417/1557 127/1507/1557 129/1508/1557
f 1160/1417/1556 129/1508/1556 131/1505/1556
f 131/1505/1556 133/1509/1556 1162/1419/1556
f 1162/1419/1558 133/1509/1558 135/1510/1558
f 1162/1419/1558 135/1510/1558 1164/1421/1558
f 135/1510/1558 137/1511/1558 1164/1421/1558
f 1164/1421/1559 137/1511/1559 139/1512/1559
f 1164/1421/1559 139/1512/1559 1166/1423/1559
f 139/1512/1559 141/1513/1559 1166/1423/1559
f 1166/1514/1560 141/157/1560 143/159/1560
f 1166/1514/1560 143/159/1560 1109/1515/1560
f 1109/1515/1561 143/159/1561 145/161/1561
f 1109/1515/1562 145/161/1562 1168/1516/1562
f 1168/1516/1562 145/161/1562 1169/163/1562
f 1168/1516/1563 1169/163/1563 1112/1517/1563
f 155/1518/1564 1116/1373/1564 1114/1371/1564
f 1169/163/1563 149/165/1563 1112/1517/1563
f 1112/1517/1565 149/165/1565 151/167/1565
f 1112/1517/1566 151/167/1566 1114/1519/1566
f 1114/1519/1566 151/167/1566 153/169/1566
f 1114/1371/1564 153/1520/1564 155/1518/1564
f 155/1518/1564 157/1521/1564 1116/1373/1564
f 1116/1373/1567 157/1521/1567 159/1522/1567
f 1116/1373/1567 159/1522/1567 1118/1375/1567
f 167/1523/1568 1122/1379/1568 1120/1377/1568
f 159/1522/1567 161/1524/1567 1118/1375/1567
f 1118/1375/1569 161/1524/1569 163/1525/1569
f 1118/1375/1569 163/1525/1569 1120/1377/1569
f 1120/1377/1569 163/1525/1569 165/1526/1569
f 1120/1377/1568 165/1526/1568 167/1523/1568
f 175/1527/1570 1126/1383/1570 1124/1381/1570
f 167/1523/1568 169/1528/1568 1122/1379/1568
f 1122/1379/1571 169/1528/1571 171/1529/1571
f 1122/1379/1571 171/1529/1571 1124/1381/1571
f 1124/1381/1571 171/1529/1571 173/1530/1571
f 1124/1381/1572 173/1530/1572 175/1527/1572
f 103/1531/1573 1130/1387/1573 1128/1385/1573
f 175/1527/1572 177/1532/1572 1126/1383/1572
f 1126/1383/1574 177/1532/1574 31/1533/1574
f 1126/1383/1574 31/1533/1574 1128/1385/1574
f 1128/1385/1575 31/1533/1575 110/1534/1575
f 1128/1385/1573 110/1534/1573 103/1531/1573
f 90/1535/1576 1134/1391/1576 1132/1389/1576
f 103/1531/1573 105/1536/1573 1130/1387/1573
f 1130/1387/1577 105/1536/1577 98/1537/1577
f 1130/1387/1577 98/1537/1577 1132/1389/1577
f 1132/1389/1577 98/1537/1577 100/1538/1577
f 1132/1389/1576 100/1538/1576 90/1535/1576
f 81/1539/1578 1138/1395/1578 1136/1393/1578
f 90/1535/1576 92/1540/1576 1134/1391/1576
f 1134/1391/1579 92/1540/1579 77/1541/1579
f 1134/1391/1580 77/1541/1580 1136/1393/1580
f 1136/1393/1580 77/1541/1580 79/1542/1580
f 1136/1393/1581 79/1542/1581 81/1539/1581
f 81/1539/1581 83/1543/1581 1138/1395/1581
f 1138/1395/1582 83/1543/1582 84/1544/1582
f 1138/1395/1582 84/1544/1582 1140/1397/1582
f 1140/1397/1582 84/1544/1582 1170/1545/1582
f 1140/1397/1543 1170/1545/1543 73/1488/1543
f 216/1546/1583 1064/1258/1583 218/1547/1583
f 218/1547/1583 1064/1258/1583 1062/1256/1583
f 218/1547/1584 1062/1256/1584 222/1548/1584
f 222/1548/1584 1062/1256/1584 1060/1254/1584
f 222/1548/1585 1060/1254/1585 227/1549/1585
f 227/1549/1585 1060/1254/1585 1058/1252/1585
f 227/1549/1586 1058/1252/1586 239/1550/1586
f 239/1550/1586 1058/1252/1586 1056/1250/1586
f 239/1550/1587 1056/1250/1587 370/1551/1587
f 370/1551/1588 1056/1250/1588 1054/1248/1588
f 370/1551/1589 1054/1248/1589 367/1552/1589
f 367/1552/1589 1054/1248/1589 1052/1246/1589
f 367/1552/1590 1052/1246/1590 364/1553/1590
f 364/1553/1590 1052/1246/1590 1050/1244/1590
f 364/1553/1591 1050/1244/1591 361/1554/1591
f 361/1554/1591 1050/1244/1591 1048/1242/1591
f 361/1554/1592 1048/1242/1592 358/1555/1592
f 358/1555/1592 1048/1242/1592 1046/1240/1592
f 358/1555/1593 1046/1240/1593 355/1556/1593
f 355/1556/1593 1046/1240/1593 1044/1238/1593
f 355/1556/1594 1044/1238/1594 352/1557/1594
f 352/1557/1594 1044/1238/1594 1042/1236/1594
f 352/1557/1595 1042/1236/1595 349/1558/1595
f 349/1558/1595 1042/1236/1595 1040/1234/1595
f 349/1558/1596 1040/1234/1596 346/1559/1596
f 346/1559/1596 1040/1234/1596 1038/1232/1596
f 346/1559/1597 1038/1232/1597 343/1560/1597
f 343/1560/1597 1038/1232/1597 1036/1230/1597
f 343/1560/1598 1036/1230/1598 340/1561/1598
f 340/1561/1598 1036/1230/1598 1034/1228/1598
f 340/1561/1599 1034/1228/1599 337/1562/1599
f 337/1562/1599 1034/1228/1599 1032/1226/1599
f 337/1562/1600 1032/1226/1600 334/1563/1600
f 334/1563/1600 1032/1226/1600 1030/1224/1600
f 334/1563/1601 1030/1224/1601 331/1564/1601
f 331/1564/1601 1030/1224/1601 1028/1222/1601
f 331/1564/1602 1028/1222/1602 328/1565/1602
f 328/1565/1602 1028/1222/1602 1026/1220/1602
f 328/1565/1603 1026/1220/1603 325/1566/1603
f 325/1566/1603 1026/1220/1603 1024/1218/1603
f 325/1566/1604 1024/1218/1604 322/1567/1604
f 322/1567/1604 1024/1218/1604 1023/1217/1604
f 322/1567/1605 1023/1217/1605 319/1568/1605
f 319/1568/1605 1023/1217/1605 1078/1272/1605
f 319/1568/1606 1078/1272/1606 285/1569/1606
f 285/1569/1607 1078/1272/1607 1076/1270/1607
f 285/1569/1608 1076/1270/1608 286/1570/1608
f 286/1570/1608 1076/1270/1608 1074/1268/1608
f 286/1570/1609 1074/1268/1609 300/1571/1609
f 300/1571/1609 1074/1268/1609 1072/1266/1609
f 300/1571/1610 1072/1266/1610 309/1572/1610
f 309/1572/1610 1072/1266/1610 1070/1264/1610
f 309/1572/1611 1070/1264/1611 310/1573/1611
f 310/1573/1611 1070/1264/1611 1068/1262/1611
f 310/1573/1612 1068/1262/1612 214/1574/1612
f 214/1574/1613 1068/1262/1613 1066/1260/1613
f 214/1574/1614 1066/1260/1614 216/1546/1614
f 216/1546/1615 1066/1260/1615 1064/1258/1615
f 344/1575/1616 188/209/1616 182/203/1616
f 338/1576/1617 190/211/1617 189/210/1617
f 344/1575/1618 342/1577/1618 188/209/1618
f 188/209/1619 342/1577/1619 341/1578/1619
f 188/209/1619 341/1578/1619 189/210/1619
f 189/210/1619 341/1578/1619 339/1579/1619
f 189/210/1617 339/1579/1617 338/1576/1617
f 332/1580/1620 192/213/1620 191/212/1620
f 338/1576/1617 336/1581/1617 190/211/1617
f 190/211/1621 336/1581/1621 335/1582/1621
f 190/211/1621 335/1582/1621 191/212/1621
f 191/212/1621 335/1582/1621 333/1583/1621
f 191/212/1620 333/1583/1620 332/1580/1620
f 326/362/1622 197/1584/1622 196/1585/1622
f 332/1580/1620 330/1586/1620 192/213/1620
f 192/1587/1623 330/366/1623 329/365/1623
f 192/1587/1624 329/365/1624 196/1585/1624
f 196/1585/1624 329/365/1624 327/363/1624
f 196/1585/1622 327/363/1622 326/362/1622
f 320/1588/1625 202/223/1625 198/219/1625
f 326/362/1622 324/360/1622 197/1584/1622
f 197/1584/1626 324/360/1626 323/359/1626
f 197/1584/1626 323/359/1626 198/1589/1626
f 198/1589/1626 323/359/1626 321/357/1626
f 198/219/1625 321/1590/1625 320/1588/1625
f 280/1591/1627 201/222/1627 203/224/1627
f 320/1588/1625 318/1592/1625 202/223/1625
f 202/223/1628 318/1592/1628 293/1593/1628
f 202/223/1628 293/1593/1628 203/224/1628
f 203/224/1628 293/1593/1628 299/1594/1628
f 203/224/1627 299/1594/1627 280/1591/1627
f 272/1595/1629 199/220/1629 200/221/1629
f 280/1591/1627 282/1596/1627 201/222/1627
f 201/222/1630 282/1596/1630 276/1597/1630
f 201/222/1630 276/1597/1630 200/221/1630
f 200/221/1630 276/1597/1630 274/1598/1630
f 200/221/1629 274/1598/1629 272/1595/1629
f 272/1595/1629 270/1599/1629 199/220/1629
f 199/1600/1631 270/298/1631 268/296/1631
f 199/1600/1632 268/296/1632 187/1601/1632
f 187/1601/1632 268/296/1632 267/295/1632
f 187/1601/1633 267/295/1633 1171/1602/1633
f 1171/1602/1633 267/295/1633 1172/276/1633
f 1171/1602/1634 1172/276/1634 181/1603/1634
f 258/1604/1635 184/205/1635 183/204/1635
f 1172/276/1634 252/278/1634 181/1603/1634
f 181/1603/1636 252/278/1636 254/280/1636
f 181/1603/1636 254/280/1636 183/1605/1636
f 183/1605/1637 254/280/1637 256/282/1637
f 183/204/1635 256/1606/1635 258/1604/1635
f 212/1607/1638 186/207/1638 185/206/1638
f 258/1604/1635 260/1608/1635 184/205/1635
f 184/205/1639 260/1608/1639 262/1609/1639
f 184/205/1639 262/1609/1639 185/206/1639
f 185/206/1639 262/1609/1639 264/1610/1639
f 185/206/1638 264/1610/1638 212/1607/1638
f 372/1611/1640 194/215/1640 193/214/1640
f 212/1607/1638 236/1612/1638 186/207/1638
f 186/207/1641 236/1612/1641 233/1613/1641
f 186/207/1641 233/1613/1641 193/214/1641
f 193/214/1641 233/1613/1641 371/1614/1641
f 193/214/1640 371/1614/1640 372/1611/1640
f 365/405/1642 208/1615/1642 195/1616/1642
f 372/1611/1640 369/1617/1640 194/215/1640
f 194/1618/1643 369/409/1643 368/408/1643
f 194/1618/1643 368/408/1643 195/1616/1643
f 195/1616/1643 368/408/1643 366/406/1643
f 195/1616/1642 366/406/1642 365/405/1642
f 359/1619/1644 206/227/1644 207/228/1644
f 365/405/1645 363/403/1645 208/1615/1645
f 208/1615/1646 363/403/1646 362/402/1646
f 208/1615/1646 362/402/1646 207/1620/1646
f 207/1620/1647 362/402/1647 360/400/1647
f 207/228/1644 360/1621/1644 359/1619/1644
f 359/1619/1644 357/1622/1644 206/227/1644
f 206/227/1648 357/1622/1648 356/1623/1648
f 206/227/1648 356/1623/1648 204/225/1648
f 350/1624/1649 209/230/1649 205/226/1649
f 356/1623/1648 354/1625/1648 204/225/1648
f 204/225/1650 354/1625/1650 353/1626/1650
f 204/225/1650 353/1626/1650 205/226/1650
f 205/226/1650 353/1626/1650 351/1627/1650
f 205/226/1649 351/1627/1649 350/1624/1649
f 350/1624/1649 348/1628/1649 209/230/1649
f 209/230/1651 348/1628/1651 347/1629/1651
f 209/230/1652 347/1629/1652 182/203/1652
f 182/203/1652 347/1629/1652 1173/1630/1652
f 182/203/1616 1173/1630/1616 344/1575/1616
f 1174/1631/1653 1175/1632/1653 1176/1633/1653
f 1177/1634/1654 1178/1635/1654 1179/1636/1654
f 1179/1636/1655 1178/1635/1655 1174/1631/1655
f 1179/1636/1656 1174/1631/1656 1180/1637/1656
f 1180/1637/1657 1174/1631/1657 1176/1633/1657
f 1181/1638/1658 1182/1639/1658 1183/1640/1658
f 1183/1640/1659 1184/1641/1659 1181/1638/1659
f 1181/1638/1660 1184/1641/1660 1185/1642/1660
f 1181/1638/1661 1185/1642/1661 1175/1632/1661
f 1175/1632/1662 1185/1642/1662 1186/1643/1662
f 1175/1632/1663 1186/1643/1663 1176/1633/1663
f 1187/1644/1664 1188/1645/1664 1189/1646/1664
f 1189/1646/1665 1190/1647/1665 1187/1644/1665
f 1187/1644/1666 1190/1647/1666 1191/1648/1666
f 1187/1644/1667 1191/1648/1667 1182/1649/1667
f 1182/1649/1668 1191/1648/1668 1192/1650/1668
f 1182/1639/1669 1192/1651/1669 1183/1640/1669
f 1193/1652/1670 1194/1653/1670 1195/1654/1670
f 1195/1654/1671 1196/1655/1671 1193/1652/1671
f 1193/1652/1672 1196/1655/1672 1197/1656/1672
f 1193/1652/1673 1197/1656/1673 1188/1645/1673
f 1188/1645/1674 1197/1656/1674 1198/1657/1674
f 1188/1645/1675 1198/1657/1675 1189/1646/1675
f 1199/1658/1676 1200/1659/1676 1201/1660/1676
f 1201/1660/1677 1202/1661/1677 1199/1658/1677
f 1199/1658/1678 1202/1661/1678 1203/1662/1678
f 1199/1658/1679 1203/1662/1679 1194/1653/1679
f 1194/1653/1680 1203/1662/1680 1204/1663/1680
f 1194/1653/1681 1204/1663/1681 1195/1654/1681
f 1205/1664/1682 1206/1665/1682 1207/1666/1682
f 1207/1666/1683 1208/1667/1683 1205/1664/1683
f 1205/1664/1684 1208/1667/1684 1209/1668/1684
f 1205/1664/1685 1209/1668/1685 1200/1659/1685
f 1200/1659/1686 1209/1668/1686 1210/1669/1686
f 1200/1659/1687 1210/1669/1687 1201/1660/1687
f 1211/1670/1688 1212/1671/1688 1213/1672/1688
f 1213/1672/1689 1214/1673/1689 1211/1670/1689
f 1211/1670/1690 1214/1673/1690 1215/1674/1690
f 1211/1670/1691 1215/1674/1691 1206/1665/1691
f 1206/1665/1692 1215/1674/1692 1216/1675/1692
f 1206/1665/1693 1216/1675/1693 1207/1666/1693
f 1217/1676/1694 1218/1677/1694 1219/1678/1694
f 1219/1678/1695 1220/1679/1695 1217/1676/1695
f 1217/1676/1696 1220/1679/1696 1221/1680/1696
f 1217/1681/1697 1221/1682/1697 1212/1671/1697
f 1212/1671/1698 1221/1682/1698 1222/1683/1698
f 1212/1671/1699 1222/1683/1699 1213/1672/1699
f 1223/1684/1700 1224/1685/1700 1225/1686/1700
f 1225/1686/1701 1226/1687/1701 1223/1684/1701
f 1223/1684/1702 1226/1687/1702 1227/1688/1702
f 1223/1684/1703 1227/1688/1703 1218/1677/1703
f 1218/1677/1704 1227/1688/1704 1228/1689/1704
f 1218/1677/1705 1228/1689/1705 1219/1678/1705
f 1229/1690/1706 1230/1691/1706 1231/1692/1706
f 1231/1692/1707 1232/1693/1707 1229/1690/1707
f 1229/1690/1708 1232/1693/1708 1233/1694/1708
f 1229/1690/1709 1233/1694/1709 1224/1685/1709
f 1224/1685/1710 1233/1694/1710 1234/1695/1710
f 1224/1685/1711 1234/1695/1711 1225/1686/1711
f 1235/1696/1712 1236/1697/1712 1237/1698/1712
f 1237/1698/1713 1238/1699/1713 1235/1696/1713
f 1235/1696/1714 1238/1699/1714 1239/1700/1714
f 1235/1696/1715 1239/1700/1715 1230/1691/1715
f 1230/1691/1716 1239/1700/1716 1240/1701/1716
f 1230/1691/1717 1240/1701/1717 1231/1692/1717
f 1241/1702/1718 1242/1703/1718 1243/1704/1718
f 1243/1704/1719 1244/1705/1719 1241/1702/1719
f 1241/1702/1720 1244/1705/1720 1245/1706/1720
f 1241/1702/1721 1245/1706/1721 1236/1697/1721
f 1236/1697/1722 1245/1706/1722 1246/1707/1722
f 1236/1697/1723 1246/1707/1723 1237/1698/1723
f 1247/1708/1724 1248/1709/1724 1249/1710/1724
f 1249/1710/1725 1248/1709/1725 1250/1711/1725
f 1249/1712/1726 1250/1713/1726 1242/1714/1726
f 1242/1715/1727 1250/1716/1727 1251/1717/1727
f 1242/1703/1728 1251/1718/1728 1243/1704/1728
f 1252/1719/1729 1253/1720/1729 1247/1708/1729
f 1247/1708/1730 1253/1720/1730 1254/1721/1730
f 1247/1708/1731 1254/1721/1731 1248/1709/1731
f 1255/1722/1732 1256/1723/1732 1252/1719/1732
f 1252/1719/1733 1256/1723/1733 1257/1724/1733
f 1252/1719/1734 1257/1724/1734 1253/1720/1734
f 1258/1725/1735 1259/1726/1735 1260/1727/1735
f 1260/1727/1736 1259/1726/1736 1261/1728/1736
f 1260/1727/1737 1261/1728/1737 1255/1722/1737
f 1255/1722/1738 1261/1728/1738 1262/1729/1738
f 1255/1722/1739 1262/1729/1739 1256/1723/1739
f 1258/1725/1740 1260/1727/1740 1263/1730/1740
f 1263/1730/1741 1260/1727/1741 1264/1731/1741
f 1263/1730/1742 1264/1731/1742 1265/1732/1742
f 1265/1732/1743 1264/1731/1743 1266/1733/1743
f 1265/1732/1744 1266/1733/1744 1267/1734/1744
f 1268/1735/1745 1269/1736/1745 1266/1733/1745
f 1266/1733/1746 1269/1736/1746 1270/1737/1746
f 1266/1733/1747 1270/1737/1747 1267/1734/1747
f 1271/1738/1748 1272/1739/1748 1273/1740/1748
f 1273/1740/1749 1272/1739/1749 1274/1741/1749
f 1273/1742/1750 1274/1743/1750 1275/1744/1750
f 1275/1744/1751 1274/1743/1751 1276/1745/1751
f 1275/1744/1752 1276/1745/1752 1268/1735/1752
f 1268/1735/1753 1276/1745/1753 1277/1746/1753
f 1268/1735/1754 1277/1746/1754 1269/1736/1754
f 1271/1738/1755 1273/1740/1755 1278/1747/1755
f 1278/1747/1756 1273/1740/1756 1279/1748/1756
f 1278/1747/1757 1279/1748/1757 1280/1749/1757
f 1280/1749/1758 1279/1748/1758 1281/1750/1758
f 1280/1749/1759 1281/1750/1759 1282/1751/1759
f 1283/1752/1760 1284/1753/1760 1281/1750/1760
f 1281/1750/1761 1284/1753/1761 1285/1754/1761
f 1281/1750/1762 1285/1754/1762 1282/1751/1762
f 1177/1634/1763 1286/1755/1763 1178/1635/1763
f 1178/1635/1764 1286/1755/1764 1287/1756/1764
f 1178/1635/1765 1287/1756/1765 1288/1757/1765
f 1288/1757/1766 1287/1756/1766 1289/1758/1766
f 1288/1757/1767 1289/1758/1767 1283/1752/1767
f 1283/1752/1768 1289/1758/1768 1290/1759/1768
f 1283/1752/1769 1290/1759/1769 1284/1753/1769
f 1291/1760/147 1292/1761/147 1293/1762/147
f 1293/1762/147 1292/1761/147 1294/1763/147
f 1293/1762/147 1294/1763/147 1295/1764/147
f 1291/1760/147 1293/1762/147 1296/1765/147
f 1296/1765/147 1293/1762/147 1297/1766/147
f 1296/1765/147 1297/1766/147 1298/1767/147
f 1298/1767/147 1299/1768/147 1296/1765/147
f 1296/1765/147 1299/1768/147 1300/1769/147
f 1296/1765/147 1300/1769/147 1301/1770/147
f 1302/1771/147 1303/1772/147 1296/1765/147
f 1296/1765/147 1303/1772/147 1304/1773/147
f 1296/1765/147 1304/1773/147 1305/1774/147
f 1295/1764/147 1306/1775/147 1293/1762/147
f 1293/1762/147 1306/1775/147 1307/1776/147
f 1293/1762/147 1307/1776/147 1308/1777/147
f 1308/1777/147 1309/1778/147 1293/1762/147
f 1293/1762/147 1309/1778/147 1310/1779/147
f 1293/1762/147 1310/1779/147 1311/1780/147
f 1293/1762/147 1312/1781/147 1313/1782/147
f 1314/1783/147 1315/1784/147 1293/1762/147
f 1293/1762/147 1315/1784/147 1316/1785/147
f 1293/1762/147 1316/1785/147 1317/1786/147
f 1317/1786/147 1318/1787/147 1293/1762/147
f 1293/1762/147 1318/1787/147 1319/1788/147
f 1293/1762/147 1319/1788/147 1320/1789/147
f 1301/1770/147 1321/1790/147 1296/1765/147
f 1296/1765/147 1321/1790/147 1322/1791/147
f 1296/1765/147 1322/1791/147 1302/1771/147
f 1323/1792/147 1324/1793/147 1325/1794/147
f 1311/1780/147 1326/1795/147 1293/1762/147
f 1293/1762/147 1326/1795/147 1327/1796/147
f 1293/1762/147 1327/1796/147 1328/1797/147
f 1313/1782/147 1329/1798/147 1293/1762/147
f 1293/1762/147 1329/1798/147 1330/1799/147
f 1293/1762/147 1330/1799/147 1314/1783/147
f 1305/1774/147 1331/1800/147 1296/1765/147
f 1296/1765/147 1331/1800/147 1332/1801/147
f 1296/1765/147 1332/1801/147 1333/1802/147
f 1334/1803/147 1335/1804/147 1336/1805/147
f 1323/1792/147 1337/1806/147 1324/1793/147
f 1324/1793/147 1337/1806/147 1338/1807/147
f 1324/1793/147 1338/1807/147 1339/1808/147
f 1328/1797/147 1340/1809/147 1293/1762/147
f 1293/1762/147 1340/1809/147 1341/1810/147
f 1293/1762/147 1341/1810/147 1312/1781/147
f 1325/1794/147 1342/1811/147 1323/1792/147
f 1323/1792/147 1342/1811/147 1343/1812/147
f 1323/1792/147 1343/1812/147 1344/1813/147
f 1320/1789/147 1319/1788/147 1336/1805/147
f 1336/1805/147 1319/1788/147 1345/1814/147
f 1336/1805/147 1345/1814/147 1334/1803/147
f 1335/1804/147 1346/1815/147 1336/1805/147
f 1336/1805/147 1346/1815/147 1347/1816/147
f 1336/1805/147 1347/1816/147 1348/1817/147
f 1348/1817/147 1347/1816/147 1349/1818/147
f 1349/1818/147 1350/1819/147 1348/1817/147
f 1348/1817/147 1350/1819/147 1351/1820/147
f 1348/1817/147 1351/1820/147 1352/1821/147
f 1339/1808/147 1353/1822/147 1324/1793/147
f 1324/1793/147 1353/1822/147 1354/1823/147
f 1324/1793/147 1354/1823/147 1355/1824/147
f 1355/1824/147 1356/1825/147 1324/1793/147
f 1324/1793/147 1356/1825/147 1357/1826/147
f 1324/1793/147 1357/1826/147 1358/1827/147
f 1358/1827/147 1359/1828/147 1324/1793/147
f 1324/1793/147 1359/1828/147 1360/1829/147
f 1324/1793/1770 1360/1829/1770 1361/1830/1770
f 1344/1813/147 1362/1831/147 1323/1792/147
f 1323/1792/147 1362/1831/147 1363/1832/147
f 1323/1792/147 1363/1832/147 1364/1833/147
f 1333/1802/147 1365/1834/147 1296/1765/147
f 1296/1765/147 1365/1834/147 1323/1792/147
f 1296/1765/147 1323/1792/147 1366/1835/147
f 1366/1835/147 1323/1792/147 1364/1833/147
f 1174/1836/895 1367/1837/895 1229/1838/895
f 1174/1836/895 1229/1838/895 1175/1839/895
f 1218/1840/895 1182/1841/895 1223/1842/895
f 1223/1842/895 1182/1841/895 1224/1843/895
f 1224/1843/895 1182/1841/895 1229/1838/895
f 1229/1838/895 1182/1841/895 1181/1844/895
f 1229/1838/895 1181/1844/895 1175/1839/895
f 1235/1845/895 1283/1846/895 1236/1847/895
f 1236/1847/895 1283/1846/895 1241/1848/895
f 1367/1837/895 1288/1849/895 1229/1838/895
f 1229/1838/895 1288/1849/895 1283/1846/895
f 1229/1838/895 1283/1846/895 1230/1850/895
f 1230/1850/895 1283/1846/895 1235/1845/895
f 1218/1840/895 1217/1851/895 1182/1841/895
f 1182/1841/895 1217/1851/895 1212/1852/895
f 1182/1841/895 1212/1852/895 1211/1853/895
f 1283/1846/895 1281/1854/895 1241/1848/895
f 1241/1848/895 1281/1854/895 1279/1855/895
f 1241/1848/895 1279/1855/895 1273/1856/895
f 1211/1853/895 1206/1857/895 1182/1841/895
f 1182/1841/895 1206/1857/895 1205/1858/895
f 1182/1841/895 1205/1858/895 1200/1859/895
f 1182/1841/895 1193/1860/895 1187/1861/895
f 1187/1861/895 1193/1860/895 1188/1862/895
f 1273/1856/895 1275/1863/895 1241/1848/895
f 1241/1848/895 1275/1863/895 1268/1864/895
f 1241/1848/895 1268/1864/895 1266/1865/895
f 1266/1865/895 1264/1866/895 1241/1848/895
f 1241/1848/895 1264/1866/895 1260/1867/895
f 1241/1848/895 1260/1867/895 1255/1868/895
f 1200/1859/895 1199/1869/895 1182/1841/895
f 1182/1841/895 1199/1869/895 1194/1870/895
f 1182/1841/895 1194/1870/895 1193/1860/895
f 1255/1868/895 1252/1871/895 1241/1848/895
f 1241/1848/895 1252/1871/895 1247/1872/895
f 1241/1848/895 1247/1872/895 1242/1873/895
f 1242/1873/895 1247/1872/895 1249/1874/895
f 1368/1875/1771 1369/1876/1771 1370/1877/1771
f 1370/1877/1772 1369/1876/1772 1371/1878/1772
f 1370/1877/1773 1371/1878/1773 1372/1879/1773
f 1373/1880/1774 1374/1881/1774 1375/1882/1774
f 1375/1882/1775 1374/1881/1775 1376/1883/1775
f 1375/1882/1776 1376/1883/1776 1377/1884/1776
f 1371/1878/1777 1378/1885/1777 1372/1879/1777
f 1372/1879/1778 1378/1885/1778 1379/1886/1778
f 1372/1879/1779 1379/1886/1779 1380/1887/1779
f 1380/1887/1780 1379/1886/1780 1381/1888/1780
f 1380/1887/1781 1381/1888/1781 1373/1880/1781
f 1373/1880/1782 1381/1888/1782 1382/1889/1782
f 1373/1880/1783 1382/1889/1783 1374/1881/1783
f 1383/1890/1784 1384/1891/1784 1385/1892/1784
f 1385/1892/1785 1384/1891/1785 1386/1893/1785
f 1385/1892/1786 1386/1893/1786 1387/1894/1786
f 1376/1883/1787 1388/1895/1787 1377/1884/1787
f 1377/1884/1788 1388/1895/1788 1389/1896/1788
f 1377/1884/1789 1389/1896/1789 1390/1897/1789
f 1390/1897/1790 1389/1896/1790 1391/1898/1790
f 1390/1897/1791 1391/1898/1791 1383/1890/1791
f 1383/1890/1792 1391/1898/1792 1392/1899/1792
f 1383/1890/1793 1392/1899/1793 1384/1891/1793
f 1393/1900/1794 1394/1901/1794 1395/1902/1794
f 1395/1902/1795 1394/1901/1795 1396/1903/1795
f 1395/1902/1796 1396/1903/1796 1397/1904/1796
f 1386/1893/1797 1398/1905/1797 1387/1894/1797
f 1387/1906/1798 1398/1907/1798 1399/1908/1798
f 1387/1906/1799 1399/1908/1799 1400/1909/1799
f 1400/1909/1800 1399/1908/1800 1401/1910/1800
f 1400/1909/1801 1401/1910/1801 1393/1900/1801
f 1393/1900/1802 1401/1910/1802 1402/1911/1802
f 1393/1900/1803 1402/1911/1803 1394/1901/1803
f 1403/1912/1804 1404/1913/1804 1405/1914/1804
f 1396/1903/1805 1406/1915/1805 1397/1904/1805
f 1397/1904/1806 1406/1915/1806 1407/1916/1806
f 1397/1904/1807 1407/1916/1807 1408/1917/1807
f 1408/1917/1808 1407/1916/1808 1409/1918/1808
f 1408/1917/1809 1409/1918/1809 1405/1914/1809
f 1405/1914/1810 1409/1918/1810 1410/1919/1810
f 1405/1914/1811 1410/1919/1811 1403/1912/1811
f 1403/1912/1812 1411/1920/1812 1404/1913/1812
f 1404/1913/1812 1411/1920/1812 1412/1921/1812
f 1404/1913/1813 1412/1921/1813 1413/1922/1813
f 1413/1922/1814 1412/1921/1814 1414/1923/1814
f 1413/1922/1815 1414/1923/1815 1415/1924/1815
f 1414/1923/1816 1416/1925/1816 1415/1924/1816
f 1415/1924/1816 1416/1925/1816 1417/1926/1816
f 1415/1924/1817 1417/1926/1817 1418/1927/1817
f 1418/1927/1818 1417/1926/1818 1419/1928/1818
f 1418/1927/1819 1419/1928/1819 1420/1929/1819
f 1419/1928/1820 1421/1930/1820 1420/1929/1820
f 1420/1929/1820 1421/1930/1820 1422/1931/1820
f 1420/1929/1821 1422/1931/1821 1423/1932/1821
f 1423/1932/1822 1422/1931/1822 1424/1933/1822
f 1423/1932/1823 1424/1933/1823 1425/1934/1823
f 1424/1933/1824 1426/1935/1824 1425/1934/1824
f 1425/1934/1824 1426/1935/1824 1427/1936/1824
f 1425/1934/1825 1427/1936/1825 1428/1937/1825
f 1428/1937/1826 1427/1936/1826 1429/1938/1826
f 1428/1937/1827 1429/1938/1827 1430/1939/1827
f 1429/1938/1828 1431/1940/1828 1430/1939/1828
f 1430/1939/1829 1431/1940/1829 1432/1941/1829
f 1430/1939/1830 1432/1941/1830 1433/1942/1830
f 1433/1942/1831 1432/1941/1831 1434/1943/1831
f 1433/1944/1832 1434/1945/1832 1435/1946/1832
f 1434/1945/1833 1436/1947/1833 1435/1946/1833
f 1435/1946/1834 1436/1947/1834 1437/1948/1834
f 1435/1946/1835 1437/1948/1835 1438/1949/1835
f 1438/1949/1836 1437/1948/1836 1439/1950/1836
f 1438/1949/1837 1439/1950/1837 1440/1951/1837
f 1439/1950/1838 1441/1952/1838 1440/1951/1838
f 1440/1951/1839 1441/1952/1839 1442/1953/1839
f 1440/1951/1840 1442/1953/1840 1443/1954/1840
f 1443/1954/1841 1442/1953/1841 1444/1955/1841
f 1443/1954/1842 1444/1955/1842 1445/1956/1842
f 1444/1955/1843 1446/1957/1843 1445/1956/1843
f 1445/1956/1843 1446/1957/1843 1447/1958/1843
f 1445/1956/1844 1447/1958/1844 1448/1959/1844
f 1448/1959/1845 1447/1958/1845 1449/1960/1845
f 1448/1959/1846 1449/1960/1846 1450/1961/1846
f 1449/1960/1847 1451/1962/1847 1450/1961/1847
f 1450/1961/1848 1451/1962/1848 1452/1963/1848
f 1450/1961/1849 1452/1963/1849 1453/1964/1849
f 1453/1964/1850 1452/1963/1850 1454/1965/1850
f 1453/1964/1851 1454/1965/1851 1455/1966/1851
f 1456/1967/1852 1457/1968/1852 1458/1969/1852
f 1458/1969/1853 1457/1968/1853 1459/1970/1853
f 1458/1969/1854 1459/1970/1854 1460/1971/1854
f 1454/1965/1855 1461/1972/1855 1455/1966/1855
f 1455/1966/1855 1461/1972/1855 1462/1973/1855
f 1455/1966/1856 1462/1973/1856 1463/1974/1856
f 1463/1974/1857 1462/1973/1857 1464/1975/1857
f 1463/1974/1858 1464/1975/1858 1465/1976/1858
f 1465/1976/1859 1464/1975/1859 1466/1977/1859
f 1465/1976/1860 1466/1977/1860 1456/1967/1860
f 1456/1967/1861 1466/1977/1861 1467/1978/1861
f 1456/1967/1862 1467/1978/1862 1457/1968/1862
f 1468/1979/1863 1469/1980/1863 1470/1981/1863
f 1470/1981/1864 1469/1980/1864 1471/1982/1864
f 1470/1981/1865 1471/1982/1865 1472/1983/1865
f 1459/1970/1866 1473/1984/1866 1460/1971/1866
f 1460/1971/1867 1473/1984/1867 1474/1985/1867
f 1460/1971/1868 1474/1985/1868 1475/1986/1868
f 1475/1986/1869 1474/1985/1869 1476/1987/1869
f 1475/1986/1870 1476/1987/1870 1468/1979/1870
f 1468/1979/1871 1476/1987/1871 1477/1988/1871
f 1468/1979/1872 1477/1988/1872 1469/1980/1872
f 1478/1989/1873 1479/1990/1873 1480/1991/1873
f 1480/1991/1874 1479/1990/1874 1481/1992/1874
f 1480/1991/1875 1481/1992/1875 1482/1993/1875
f 1471/1982/1876 1483/1994/1876 1472/1983/1876
f 1472/1983/1877 1483/1994/1877 1484/1995/1877
f 1472/1983/1878 1484/1995/1878 1485/1996/1878
f 1485/1996/1879 1484/1995/1879 1486/1997/1879
f 1485/1996/1880 1486/1997/1880 1478/1998/1880
f 1478/1998/1881 1486/1997/1881 1487/1999/1881
f 1478/1989/1882 1487/2000/1882 1479/1990/1882
f 1488/2001/1883 1489/2002/1883 1490/2003/1883
f 1490/2003/1884 1489/2002/1884 1491/2004/1884
f 1490/2003/1885 1491/2004/1885 1492/2005/1885
f 1481/1992/1886 1493/2006/1886 1482/1993/1886
f 1482/1993/1887 1493/2006/1887 1494/2007/1887
f 1482/1993/1888 1494/2007/1888 1495/2008/1888
f 1495/2008/1889 1494/2007/1889 1496/2009/1889
f 1495/2008/1890 1496/2009/1890 1488/2001/1890
f 1488/2001/1891 1496/2009/1891 1497/2010/1891
f 1488/2001/1892 1497/2010/1892 1489/2002/1892
f 1498/2011/1893 1499/2012/1893 1500/2013/1893
f 1491/2004/1894 1501/2014/1894 1492/2005/1894
f 1492/2005/1895 1501/2014/1895 1502/2015/1895
f 1492/2005/1896 1502/2015/1896 1503/2016/1896
f 1503/2016/1897 1502/2015/1897 1504/2017/1897
f 1503/2016/1898 1504/2017/1898 1500/2013/1898
f 1500/2013/1899 1504/2017/1899 1505/2018/1899
f 1500/2013/1900 1505/2018/1900 1498/2011/1900
f 1498/2011/1901 1506/2019/1901 1499/2012/1901
f 1499/2012/1901 1506/2019/1901 1507/2020/1901
f 1499/2012/1902 1507/2020/1902 1508/2021/1902
f 1508/2021/1903 1507/2020/1903 1509/2022/1903
f 1508/2021/1904 1509/2022/1904 1510/2023/1904
f 1509/2022/1905 1511/2024/1905 1510/2023/1905
f 1510/2023/1905 1511/2024/1905 1512/2025/1905
f 1510/2023/1906 1512/2025/1906 1513/2026/1906
f 1513/2026/1907 1512/2025/1907 1514/2027/1907
f 1513/2026/1908 1514/2027/1908 1515/2028/1908
f 1514/2027/1909 1516/2029/1909 1515/2028/1909
f 1515/2028/1909 1516/2029/1909 1517/2030/1909
f 1515/2028/1910 1517/2030/1910 1518/2031/1910
f 1518/2031/1911 1517/2030/1911 1519/2032/1911
f 1518/2031/1912 1519/2032/1912 1520/2033/1912
f 1519/2032/1913 1521/2034/1913 1520/2033/1913
f 1520/2033/1913 1521/2034/1913 1522/2035/1913
f 1520/2033/1914 1522/2035/1914 1523/2036/1914
f 1523/2036/1915 1522/2035/1915 1524/2037/1915
f 1523/2036/1916 1524/2037/1916 1525/2038/1916
f 1524/2037/1917 1526/2039/1917 1525/2038/1917
f 1525/2038/1918 1526/2039/1918 1527/2040/1918
f 1525/2038/1919 1527/2040/1919 1528/2041/1919
f 1528/2041/1920 1527/2040/1920 1529/2042/1920
f 1528/2041/1921 1529/2042/1921 1530/2043/1921
f 1529/2042/1922 1531/2044/1922 1530/2043/1922
f 1530/2043/1923 1531/2044/1923 1532/2045/1923
f 1530/2043/1924 1532/2045/1924 1533/2046/1924
f 1533/2046/1925 1532/2045/1925 1534/2047/1925
f 1533/2046/1926 1534/2047/1926 1535/2048/1926
f 1534/2049/1927 1536/2050/1927 1535/2051/1927
f 1535/2051/1928 1536/2050/1928 1537/2052/1928
f 1535/2051/1929 1537/2052/1929 1538/2053/1929
f 1538/2053/1930 1537/2052/1930 1539/2054/1930
f 1538/2053/1931 1539/2054/1931 1540/2055/1931
f 1539/2054/1932 1541/2056/1932 1540/2055/1932
f 1540/2055/1932 1541/2056/1932 1542/2057/1932
f 1540/2055/1933 1542/2057/1933 1543/2058/1933
f 1543/2058/1934 1542/2057/1934 1544/2059/1934
f 1543/2058/1935 1544/2059/1935 1545/2060/1935
f 1544/2059/1936 1546/2061/1936 1545/2060/1936
f 1545/2060/1937 1546/2061/1937 1547/2062/1937
f 1545/2060/1938 1547/2062/1938 1548/2063/1938
f 1548/2063/1939 1547/2062/1939 1549/2064/1939
f 1548/2063/1940 1549/2064/1940 1550/2065/1940
f 1549/2064/1941 1551/2066/1941 1550/2065/1941
f 1550/2065/1941 1551/2066/1941 1552/2067/1941
f 1550/2065/1942 1552/2067/1942 1553/2068/1942
f 1553/2068/1943 1552/2067/1943 1554/2069/1943
f 1553/2068/1944 1554/2069/1944 1555/2070/1944
f 1555/2070/1945 1554/2069/1945 1556/2071/1945
f 1555/2070/1946 1556/2071/1946 1368/1875/1946
f 1368/1875/1947 1556/2071/1947 1557/2072/1947
f 1368/1875/1948 1557/2072/1948 1369/1876/1948
f 1558/2073/1949 1452/1963/1949 1559/2074/1949
f 1559/2074/1950 1452/1963/1950 1451/1962/1950
f 1559/2074/1950 1451/1962/1950 1560/2075/1950
f 1451/1962/1951 1449/1960/1951 1560/2075/1951
f 1560/2075/1952 1449/1960/1952 1447/1958/1952
f 1560/2075/1952 1447/1958/1952 1561/2076/1952
f 1561/2076/1953 1447/1958/1953 1446/1957/1953
f 1561/2076/1953 1446/1957/1953 1562/2077/1953
f 1446/1957/1953 1444/1955/1953 1562/2077/1953
f 1562/2077/1954 1444/1955/1954 1442/1953/1954
f 1562/2077/1954 1442/1953/1954 1563/2078/1954
f 1563/2078/1955 1442/1953/1955 1441/1952/1955
f 1563/2078/1955 1441/1952/1955 1564/2079/1955
f 1441/1952/1955 1439/1950/1955 1564/2079/1955
f 1564/2079/1956 1439/1950/1956 1437/1948/1956
f 1564/2079/1957 1437/1948/1957 1565/2080/1957
f 1565/2080/1958 1437/1948/1958 1436/1947/1958
f 1565/2080/1959 1436/1947/1959 1566/2081/1959
f 1436/1947/1960 1434/1945/1960 1566/2081/1960
f 1566/2082/1961 1434/1943/1961 1432/1941/1961
f 1566/2082/1962 1432/1941/1962 1567/2083/1962
f 1567/2083/1963 1432/1941/1963 1431/1940/1963
f 1567/2083/1963 1431/1940/1963 1568/2084/1963
f 1431/1940/1964 1429/1938/1964 1568/2084/1964
f 1568/2084/1965 1429/1938/1965 1427/1936/1965
f 1568/2084/1965 1427/1936/1965 1569/2085/1965
f 1569/2085/1966 1427/1936/1966 1426/1935/1966
f 1569/2085/1966 1426/1935/1966 1570/2086/1966
f 1426/1935/1966 1424/1933/1966 1570/2086/1966
f 1570/2086/1967 1424/1933/1967 1422/1931/1967
f 1570/2086/1968 1422/1931/1968 1571/2087/1968
f 1571/2087/1969 1422/1931/1969 1421/1930/1969
f 1571/2087/1970 1421/1930/1970 1572/2088/1970
f 1421/1930/1970 1419/1928/1970 1572/2088/1970
f 1572/2088/1971 1419/1928/1971 1417/1926/1971
f 1572/2088/1972 1417/1926/1972 1573/2089/1972
f 1573/2089/1973 1417/1926/1973 1416/1925/1973
f 1573/2089/1973 1416/1925/1973 1574/2090/1973
f 1574/2090/1973 1416/1925/1973 1414/1923/1973
f 1574/2090/1974 1414/1923/1974 1412/1921/1974
f 1411/1920/1975 1575/2091/1975 1412/1921/1975
f 1412/1921/1975 1575/2091/1975 1576/2092/1975
f 1412/1921/1974 1576/2092/1974 1574/2090/1974
f 1411/1920/1975 1403/1912/1975 1575/2091/1975
f 1575/2091/1976 1403/1912/1976 1410/1919/1976
f 1575/2091/1977 1410/1919/1977 1577/2093/1977
f 1577/2093/1978 1410/1919/1978 1578/2094/1978
f 1410/1919/1978 1409/1918/1978 1578/2094/1978
f 1578/2094/1979 1409/1918/1979 1407/1916/1979
f 1578/2094/1980 1407/1916/1980 1406/1915/1980
f 1396/1903/1981 1579/2095/1981 1406/1915/1981
f 1406/1915/1981 1579/2095/1981 1580/2096/1981
f 1406/1915/1982 1580/2096/1982 1578/2094/1982
f 1396/1903/1981 1394/1901/1981 1579/2095/1981
f 1579/2095/1983 1394/1901/1983 1402/1911/1983
f 1579/2095/1983 1402/1911/1983 1581/2097/1983
f 1581/2097/1984 1402/1911/1984 1582/2098/1984
f 1402/1911/1985 1401/1910/1985 1582/2098/1985
f 1582/2098/1985 1401/1910/1985 1399/1908/1985
f 1582/2098/1986 1399/1908/1986 1398/1907/1986
f 1386/1893/1987 1583/2099/1987 1398/1905/1987
f 1398/1905/1987 1583/2099/1987 1584/2100/1987
f 1398/1907/1988 1584/2101/1988 1582/2098/1988
f 1386/1893/1989 1384/1891/1989 1583/2099/1989
f 1583/2099/1990 1384/1891/1990 1392/1899/1990
f 1583/2099/1990 1392/1899/1990 1585/2102/1990
f 1585/2102/1991 1392/1899/1991 1391/1898/1991
f 1585/2102/1991 1391/1898/1991 1586/2103/1991
f 1391/1898/1991 1389/1896/1991 1586/2103/1991
f 1586/2103/1992 1389/1896/1992 1388/1895/1992
f 1586/2103/1992 1388/1895/1992 1587/2104/1992
f 1587/2104/1993 1388/1895/1993 1376/1883/1993
f 1587/2104/1993 1376/1883/1993 1588/2105/1993
f 1376/1883/1993 1374/1881/1993 1588/2105/1993
f 1588/2105/1994 1374/1881/1994 1382/1889/1994
f 1588/2105/1994 1382/1889/1994 1589/2106/1994
f 1589/2106/1995 1382/1889/1995 1381/1888/1995
f 1589/2106/1996 1381/1888/1996 1590/2107/1996
f 1381/1888/1996 1379/1886/1996 1590/2107/1996
f 1590/2107/1997 1379/1886/1997 1378/1885/1997
f 1590/2107/1997 1378/1885/1997 1591/2108/1997
f 1591/2108/1998 1378/1885/1998 1371/1878/1998
f 1591/2108/1998 1371/1878/1998 1592/2109/1998
f 1371/1878/1998 1369/1876/1998 1592/2109/1998
f 1592/2109/1999 1369/1876/1999 1557/2072/1999
f 1592/2109/2000 1557/2072/2000 1593/2110/2000
f 1593/2110/2001 1557/2072/2001 1594/2071/2001
f 1593/2110/2002 1594/2071/2002 1595/2111/2002
f 1595/2111/2003 1594/2071/2003 1554/2069/2003
f 1595/2111/2004 1554/2069/2004 1596/2112/2004
f 1596/2112/2005 1554/2069/2005 1552/2067/2005
f 1596/2112/2006 1552/2067/2006 1597/2113/2006
f 1597/2113/2007 1552/2067/2007 1551/2066/2007
f 1597/2113/2007 1551/2066/2007 1598/2114/2007
f 1551/2066/2007 1549/2064/2007 1598/2114/2007
f 1598/2114/2008 1549/2064/2008 1547/2062/2008
f 1598/2114/2008 1547/2062/2008 1599/2115/2008
f 1599/2115/2009 1547/2062/2009 1546/2061/2009
f 1599/2115/2009 1546/2061/2009 1600/2116/2009
f 1546/2061/2010 1544/2059/2010 1600/2116/2010
f 1600/2116/2011 1544/2059/2011 1542/2057/2011
f 1600/2116/2011 1542/2057/2011 1601/2117/2011
f 1601/2117/2012 1542/2057/2012 1541/2056/2012
f 1601/2117/2012 1541/2056/2012 1602/2118/2012
f 1541/2056/2012 1539/2054/2012 1602/2118/2012
f 1602/2118/2013 1539/2054/2013 1537/2052/2013
f 1602/2118/2013 1537/2052/2013 1603/2119/2013
f 1603/2119/2014 1537/2052/2014 1536/2050/2014
f 1603/2119/2014 1536/2050/2014 1604/2120/2014
f 1536/2050/2014 1534/2049/2014 1604/2120/2014
f 1604/2121/2015 1534/2047/2015 1532/2045/2015
f 1604/2121/2016 1532/2045/2016 1605/2122/2016
f 1605/2122/2017 1532/2045/2017 1531/2044/2017
f 1605/2122/2018 1531/2044/2018 1606/2123/2018
f 1531/2044/2019 1529/2042/2019 1606/2123/2019
f 1606/2123/2020 1529/2042/2020 1527/2040/2020
f 1606/2123/2021 1527/2040/2021 1607/2124/2021
f 1607/2124/2022 1527/2040/2022 1526/2039/2022
f 1607/2124/2022 1526/2039/2022 1608/2125/2022
f 1526/2039/2023 1524/2037/2023 1608/2125/2023
f 1608/2125/2024 1524/2037/2024 1522/2035/2024
f 1608/2125/2024 1522/2035/2024 1609/2126/2024
f 1609/2126/2025 1522/2035/2025 1521/2034/2025
f 1609/2126/2025 1521/2034/2025 1610/2127/2025
f 1521/2034/2025 1519/2032/2025 1610/2127/2025
f 1610/2127/2026 1519/2032/2026 1517/2030/2026
f 1610/2127/2027 1517/2030/2027 1611/2128/2027
f 1611/2128/2028 1517/2030/2028 1516/2029/2028
f 1611/2128/2029 1516/2029/2029 1612/2129/2029
f 1516/2029/2029 1514/2027/2029 1612/2129/2029
f 1612/2129/2030 1514/2027/2030 1512/2025/2030
f 1612/2129/2031 1512/2025/2031 1613/2130/2031
f 1613/2130/2032 1512/2025/2032 1511/2024/2032
f 1613/2130/2032 1511/2024/2032 1614/2131/2032
f 1614/2131/2032 1511/2024/2032 1509/2022/2032
f 1614/2131/2033 1509/2022/2033 1507/2020/2033
f 1506/2019/2034 1615/2132/2034 1507/2020/2034
f 1507/2020/2034 1615/2132/2034 1616/2133/2034
f 1507/2020/2033 1616/2133/2033 1614/2131/2033
f 1506/2019/2034 1498/2011/2034 1615/2132/2034
f 1615/2132/2035 1498/2011/2035 1505/2018/2035
f 1615/2132/2036 1505/2018/2036 1617/2134/2036
f 1617/2134/2037 1505/2018/2037 1618/2135/2037
f 1505/2018/2037 1504/2017/2037 1618/2135/2037
f 1618/2135/2038 1504/2017/2038 1502/2015/2038
f 1618/2135/2039 1502/2015/2039 1501/2014/2039
f 1491/2004/2040 1619/2136/2040 1501/2014/2040
f 1501/2014/2040 1619/2136/2040 1620/2137/2040
f 1501/2014/2041 1620/2137/2041 1618/2135/2041
f 1491/2004/2040 1489/2002/2040 1619/2136/2040
f 1619/2136/2042 1489/2002/2042 1497/2010/2042
f 1619/2136/2042 1497/2010/2042 1621/2138/2042
f 1621/2138/2043 1497/2010/2043 1622/2139/2043
f 1497/2010/2044 1496/2009/2044 1622/2139/2044
f 1622/2139/2044 1496/2009/2044 1494/2007/2044
f 1622/2139/2045 1494/2007/2045 1493/2006/2045
f 1481/1992/2046 1623/2140/2046 1493/2006/2046
f 1493/2006/2046 1623/2140/2046 1624/2141/2046
f 1493/2006/2047 1624/2141/2047 1622/2139/2047
f 1481/1992/2048 1479/1990/2048 1623/2140/2048
f 1623/2140/2049 1479/1990/2049 1487/2000/2049
f 1623/2140/2049 1487/2000/2049 1625/2142/2049
f 1625/2143/2050 1487/1999/2050 1486/1997/2050
f 1625/2143/2050 1486/1997/2050 1626/2144/2050
f 1486/1997/2050 1484/1995/2050 1626/2144/2050
f 1626/2144/2051 1484/1995/2051 1483/1994/2051
f 1626/2144/2051 1483/1994/2051 1627/2145/2051
f 1627/2145/2052 1483/1994/2052 1471/1982/2052
f 1627/2145/2052 1471/1982/2052 1628/2146/2052
f 1471/1982/2052 1469/1980/2052 1628/2146/2052
f 1628/2146/2053 1469/1980/2053 1477/1988/2053
f 1628/2146/2053 1477/1988/2053 1629/2147/2053
f 1629/2147/2054 1477/1988/2054 1476/1987/2054
f 1629/2147/2055 1476/1987/2055 1630/2148/2055
f 1476/1987/2055 1474/1985/2055 1630/2148/2055
f 1630/2148/2056 1474/1985/2056 1473/1984/2056
f 1630/2148/2056 1473/1984/2056 1631/2149/2056
f 1631/2149/2057 1473/1984/2057 1459/1970/2057
f 1631/2149/2057 1459/1970/2057 1632/2150/2057
f 1459/1970/2057 1457/1968/2057 1632/2150/2057
f 1632/2150/2058 1457/1968/2058 1467/1978/2058
f 1632/2150/2059 1467/1978/2059 1633/2151/2059
f 1633/2151/2060 1467/1978/2060 1634/1977/2060
f 1633/2151/2061 1634/1977/2061 1635/2152/2061
f 1635/2152/2062 1634/1977/2062 1464/1975/2062
f 1635/2152/2063 1464/1975/2063 1636/2153/2063
f 1636/2153/2064 1464/1975/2064 1462/1973/2064
f 1636/2153/2065 1462/1973/2065 1637/2154/2065
f 1637/2154/2066 1462/1973/2066 1461/1972/2066
f 1637/2154/2066 1461/1972/2066 1558/2073/2066
f 1558/2073/2066 1461/1972/2066 1454/1965/2066
f 1558/2073/1949 1454/1965/1949 1452/1963/1949
f 1177/1634/2067 1635/2152/2067 1286/1755/2067
f 1286/1755/2068 1635/2152/2068 1636/2153/2068
f 1286/1755/2068 1636/2153/2068 1287/1756/2068
f 1287/1756/2069 1636/2153/2069 1637/2154/2069
f 1287/1756/2069 1637/2154/2069 1289/1758/2069
f 1289/1758/2070 1637/2154/2070 1558/2073/2070
f 1289/1758/2070 1558/2073/2070 1290/1759/2070
f 1290/1759/2071 1558/2073/2071 1559/2074/2071
f 1290/1759/2072 1559/2074/2072 1284/1753/2072
f 1284/1753/2073 1559/2074/2073 1560/2075/2073
f 1284/1753/2073 1560/2075/2073 1285/1754/2073
f 1285/1754/2074 1560/2075/2074 1561/2076/2074
f 1285/1754/2074 1561/2076/2074 1282/1751/2074
f 1282/1751/2075 1561/2076/2075 1562/2077/2075
f 1282/1751/2075 1562/2077/2075 1280/1749/2075
f 1280/1749/2076 1562/2077/2076 1563/2078/2076
f 1280/1749/2076 1563/2078/2076 1278/1747/2076
f 1278/1747/2077 1563/2078/2077 1564/2079/2077
f 1278/1747/2077 1564/2079/2077 1271/1738/2077
f 1271/1738/2078 1564/2079/2078 1565/2080/2078
f 1271/1738/2078 1565/2080/2078 1272/1739/2078
f 1272/1739/2079 1565/2080/2079 1566/2081/2079
f 1272/1739/2079 1566/2081/2079 1274/1741/2079
f 1274/1743/2080 1566/2082/2080 1567/2083/2080
f 1274/1743/2080 1567/2083/2080 1276/1745/2080
f 1276/1745/2081 1567/2083/2081 1568/2084/2081
f 1276/1745/2081 1568/2084/2081 1277/1746/2081
f 1277/1746/2082 1568/2084/2082 1569/2085/2082
f 1277/1746/2082 1569/2085/2082 1269/1736/2082
f 1269/1736/2083 1569/2085/2083 1570/2086/2083
f 1269/1736/2083 1570/2086/2083 1270/1737/2083
f 1270/1737/2084 1570/2086/2084 1571/2087/2084
f 1270/1737/2084 1571/2087/2084 1267/1734/2084
f 1267/1734/2085 1571/2087/2085 1572/2088/2085
f 1267/1734/2085 1572/2088/2085 1265/1732/2085
f 1265/1732/2086 1572/2088/2086 1573/2089/2086
f 1265/1732/2086 1573/2089/2086 1263/1730/2086
f 1263/1730/2087 1573/2089/2087 1574/2090/2087
f 1263/1730/2087 1574/2090/2087 1258/1725/2087
f 1258/1725/2088 1574/2090/2088 1576/2092/2088
f 1258/1725/2088 1576/2092/2088 1259/1726/2088
f 1259/1726/2089 1576/2092/2089 1575/2091/2089
f 1259/1726/2089 1575/2091/2089 1261/1728/2089
f 1261/1728/2090 1575/2091/2090 1577/2093/2090
f 1261/1728/2090 1577/2093/2090 1262/1729/2090
f 1262/1729/2091 1577/2093/2091 1578/2094/2091
f 1262/1729/2091 1578/2094/2091 1256/1723/2091
f 1256/1723/2092 1578/2094/2092 1580/2096/2092
f 1256/1723/2092 1580/2096/2092 1257/1724/2092
f 1257/1724/2093 1580/2096/2093 1579/2095/2093
f 1257/1724/2093 1579/2095/2093 1253/1720/2093
f 1253/1720/2094 1579/2095/2094 1581/2097/2094
f 1253/1720/2094 1581/2097/2094 1254/1721/2094
f 1254/1721/2095 1581/2097/2095 1582/2098/2095
f 1254/1721/2095 1582/2098/2095 1248/1709/2095
f 1248/1709/2096 1582/2098/2096 1584/2101/2096
f 1248/1709/2096 1584/2101/2096 1250/1711/2096
f 1250/2155/2097 1584/2100/2097 1583/2099/2097
f 1250/2155/2097 1583/2099/2097 1251/1718/2097
f 1251/1718/2098 1583/2099/2098 1585/2102/2098
f 1251/1718/2098 1585/2102/2098 1243/1704/2098
f 1243/1704/2099 1585/2102/2099 1586/2103/2099
f 1243/1704/2099 1586/2103/2099 1244/1705/2099
f 1244/1705/2100 1586/2103/2100 1587/2104/2100
f 1244/1705/2100 1587/2104/2100 1245/1706/2100
f 1245/1706/2101 1587/2104/2101 1588/2105/2101
f 1245/1706/2101 1588/2105/2101 1246/1707/2101
f 1246/1707/2102 1588/2105/2102 1589/2106/2102
f 1246/1707/2102 1589/2106/2102 1237/1698/2102
f 1237/1698/2103 1589/2106/2103 1590/2107/2103
f 1237/1698/2103 1590/2107/2103 1238/1699/2103
f 1238/1699/2104 1590/2107/2104 1591/2108/2104
f 1238/1699/2105 1591/2108/2105 1239/1700/2105
f 1239/1700/2106 1591/2108/2106 1592/2109/2106
f 1239/1700/2106 1592/2109/2106 1240/1701/2106
f 1240/1701/2107 1592/2109/2107 1593/2110/2107
f 1240/1701/2107 1593/2110/2107 1231/1692/2107
f 1231/1692/2108 1593/2110/2108 1595/2111/2108
f 1231/1692/2108 1595/2111/2108 1638/1693/2108
f 1638/1693/2109 1595/2111/2109 1596/2112/2109
f 1638/1693/2109 1596/2112/2109 1233/1694/2109
f 1233/1694/2110 1596/2112/2110 1597/2113/2110
f 1233/1694/2110 1597/2113/2110 1234/1695/2110
f 1234/1695/2111 1597/2113/2111 1598/2114/2111
f 1234/1695/2111 1598/2114/2111 1225/1686/2111
f 1225/1686/2112 1598/2114/2112 1599/2115/2112
f 1225/1686/2113 1599/2115/2113 1226/1687/2113
f 1226/1687/2114 1599/2115/2114 1600/2116/2114
f 1226/1687/2114 1600/2116/2114 1227/1688/2114
f 1227/1688/2115 1600/2116/2115 1601/2117/2115
f 1227/1688/2115 1601/2117/2115 1228/1689/2115
f 1228/1689/2116 1601/2117/2116 1602/2118/2116
f 1228/1689/2116 1602/2118/2116 1219/1678/2116
f 1219/1678/2117 1602/2118/2117 1603/2119/2117
f 1219/1678/2117 1603/2119/2117 1220/1679/2117
f 1220/1679/2118 1603/2119/2118 1604/2120/2118
f 1220/1679/2118 1604/2120/2118 1221/1680/2118
f 1221/1682/2119 1604/2121/2119 1605/2122/2119
f 1221/1682/2119 1605/2122/2119 1222/1683/2119
f 1222/1683/2120 1605/2122/2120 1606/2123/2120
f 1222/1683/2120 1606/2123/2120 1213/1672/2120
f 1213/1672/2121 1606/2123/2121 1607/2124/2121
f 1213/1672/2121 1607/2124/2121 1214/1673/2121
f 1214/1673/2122 1607/2124/2122 1608/2125/2122
f 1214/1673/2122 1608/2125/2122 1215/1674/2122
f 1215/1674/2123 1608/2125/2123 1609/2126/2123
f 1215/1674/2123 1609/2126/2123 1216/1675/2123
f 1216/1675/2124 1609/2126/2124 1610/2127/2124
f 1216/1675/2124 1610/2127/2124 1207/1666/2124
f 1207/1666/2125 1610/2127/2125 1611/2128/2125
f 1207/1666/2125 1611/2128/2125 1208/1667/2125
f 1208/1667/2126 1611/2128/2126 1612/2129/2126
f 1208/1667/2126 1612/2129/2126 1209/1668/2126
f 1209/1668/2127 1612/2129/2127 1613/2130/2127
f 1209/1668/2127 1613/2130/2127 1210/1669/2127
f 1210/1669/2128 1613/2130/2128 1614/2131/2128
f 1210/1669/2128 1614/2131/2128 1201/1660/2128
f 1201/1660/2129 1614/2131/2129 1616/2133/2129
f 1201/1660/2129 1616/2133/2129 1202/1661/2129
f 1202/1661/2130 1616/2133/2130 1615/2132/2130
f 1202/1661/2130 1615/2132/2130 1203/1662/2130
f 1203/1662/2131 1615/2132/2131 1617/2134/2131
f 1203/1662/2131 1617/2134/2131 1204/1663/2131
f 1204/1663/2132 1617/2134/2132 1618/2135/2132
f 1204/1663/2132 1618/2135/2132 1195/1654/2132
f 1195/1654/2133 1618/2135/2133 1620/2137/2133
f 1195/1654/2133 1620/2137/2133 1196/1655/2133
f 1196/1655/2134 1620/2137/2134 1619/2136/2134
f 1196/1655/2134 1619/2136/2134 1197/1656/2134
f 1197/1656/2135 1619/2136/2135 1621/2138/2135
f 1197/1656/2135 1621/2138/2135 1198/1657/2135
f 1198/1657/2136 1621/2138/2136 1622/2139/2136
f 1198/1657/2136 1622/2139/2136 1189/1646/2136
f 1189/1646/2137 1622/2139/2137 1624/2141/2137
f 1189/1646/2137 1624/2141/2137 1190/1647/2137
f 1190/1647/2138 1624/2141/2138 1623/2140/2138
f 1190/1647/2138 1623/2140/2138 1191/1648/2138
f 1191/1648/2139 1623/2140/2139 1625/2142/2139
f 1191/1648/2139 1625/2142/2139 1192/1650/2139
f 1192/1651/2140 1625/2143/2140 1626/2144/2140
f 1192/1651/2140 1626/2144/2140 1183/1640/2140
f 1183/1640/2141 1626/2144/2141 1627/2145/2141
f 1183/1640/2141 1627/2145/2141 1184/1641/2141
f 1184/1641/2142 1627/2145/2142 1628/2146/2142
f 1184/1641/2142 1628/2146/2142 1185/1642/2142
f 1185/1642/2143 1628/2146/2143 1629/2147/2143
f 1185/1642/2143 1629/2147/2143 1186/1643/2143
f 1186/1643/2144 1629/2147/2144 1630/2148/2144
f 1186/1643/2144 1630/2148/2144 1176/1633/2144
f 1176/1633/2145 1630/2148/2145 1631/2149/2145
f 1176/1633/2146 1631/2149/2146 1180/1637/2146
f 1180/1637/2147 1631/2149/2147 1632/2150/2147
f 1180/1637/2147 1632/2150/2147 1179/1636/2147
f 1179/1636/2148 1632/2150/2148 1633/2151/2148
f 1179/1636/2148 1633/2151/2148 1177/1634/2148
f 1177/1634/2067 1633/2151/2067 1635/2152/2067
f 1639/2156/2149 1640/1812/2149 1641/2157/2149
f 1641/2157/2150 1640/1812/2150 1342/1811/2150
f 1641/2157/2150 1342/1811/2150 1642/2158/2150
f 1642/2158/2151 1342/1811/2151 1325/1794/2151
f 1642/2158/2152 1325/1794/2152 1643/2159/2152
f 1643/2159/2153 1325/1794/2153 1324/1793/2153
f 1643/2159/2154 1324/1793/2154 1644/2160/2154
f 1644/2160/2155 1324/1793/2155 1361/1830/2155
f 1644/2160/2156 1361/1830/2156 1645/2161/2156
f 1645/2161/2157 1361/1830/2157 1360/1829/2157
f 1645/2161/2158 1360/1829/2158 1646/2162/2158
f 1646/2162/2159 1360/1829/2159 1359/1828/2159
f 1646/2162/2160 1359/1828/2160 1647/2163/2160
f 1647/2163/2161 1359/1828/2161 1358/1827/2161
f 1647/2163/2162 1358/1827/2162 1648/2164/2162
f 1648/2164/2163 1358/1827/2163 1357/1826/2163
f 1648/2164/2164 1357/1826/2164 1649/2165/2164
f 1649/2165/2165 1357/1826/2165 1356/1825/2165
f 1649/2165/2165 1356/1825/2165 1650/2166/2165
f 1650/2166/2166 1356/1825/2166 1355/1824/2166
f 1650/2166/2166 1355/1824/2166 1651/2167/2166
f 1651/2167/2167 1355/1824/2167 1354/1823/2167
f 1651/2167/2167 1354/1823/2167 1652/2168/2167
f 1652/2168/2168 1354/1823/2168 1353/1822/2168
f 1652/2168/2169 1353/1822/2169 1653/2169/2169
f 1653/2169/2170 1353/1822/2170 1339/1808/2170
f 1653/2169/2170 1339/1808/2170 1654/2170/2170
f 1654/2170/2171 1339/1808/2171 1338/1807/2171
f 1654/2170/2171 1338/1807/2171 1655/2171/2171
f 1655/2171/2172 1338/1807/2172 1337/1806/2172
f 1655/2171/2172 1337/1806/2172 1656/2172/2172
f 1656/2172/2173 1337/1806/2173 1323/1792/2173
f 1656/2172/2174 1323/1792/2174 1657/2173/2174
f 1657/2173/2175 1323/1792/2175 1365/1834/2175
f 1657/2173/2176 1365/1834/2176 1658/2174/2176
f 1658/2174/2177 1365/1834/2177 1333/1802/2177
f 1658/2174/2178 1333/1802/2178 1659/2175/2178
f 1659/2175/2179 1333/1802/2179 1332/1801/2179
f 1659/2175/2180 1332/1801/2180 1660/2176/2180
f 1660/2176/2181 1332/1801/2181 1331/1800/2181
f 1660/2176/2182 1331/1800/2182 1661/2177/2182
f 1661/2177/2183 1331/1800/2183 1305/1774/2183
f 1661/2177/2184 1305/1774/2184 1662/2178/2184
f 1662/2178/2185 1305/1774/2185 1304/1773/2185
f 1662/2178/2186 1304/1773/2186 1663/2179/2186
f 1663/2179/2187 1304/1773/2187 1303/1772/2187
f 1663/2179/2188 1303/1772/2188 1664/2180/2188
f 1664/2180/2189 1303/1772/2189 1302/1771/2189
f 1664/2180/2189 1302/1771/2189 1665/2181/2189
f 1665/2181/2190 1302/1771/2190 1322/1791/2190
f 1665/2181/2191 1322/1791/2191 1666/2182/2191
f 1666/2182/2192 1322/1791/2192 1321/1790/2192
f 1666/2182/2193 1321/1790/2193 1667/2183/2193
f 1667/2183/2194 1321/1790/2194 1301/1770/2194
f 1667/2183/2195 1301/1770/2195 1668/2184/2195
f 1668/2184/2196 1301/1770/2196 1300/1769/2196
f 1668/2184/2196 1300/1769/2196 1669/2185/2196
f 1669/2185/2197 1300/1769/2197 1299/1768/2197
f 1669/2185/2197 1299/1768/2197 1670/2186/2197
f 1670/2186/2198 1299/1768/2198 1298/1767/2198
f 1670/2186/2198 1298/1767/2198 1671/2187/2198
f 1671/2187/2199 1298/1767/2199 1297/1766/2199
f 1671/2187/2200 1297/1766/2200 1672/2188/2200
f 1672/2188/2201 1297/1766/2201 1293/1762/2201
f 1672/2188/2201 1293/1762/2201 1673/2189/2201
f 1673/2189/2202 1293/1762/2202 1320/1789/2202
f 1673/2189/2203 1320/1789/2203 1674/2190/2203
f 1674/2190/2204 1320/1789/2204 1336/1805/2204
f 1674/2190/2205 1336/1805/2205 1675/2191/2205
f 1675/2191/2206 1336/1805/2206 1348/1817/2206
f 1675/2191/2207 1348/1817/2207 1676/2192/2207
f 1676/2192/2208 1348/1817/2208 1352/1821/2208
f 1676/2192/2209 1352/1821/2209 1677/2193/2209
f 1677/2193/2210 1352/1821/2210 1351/1820/2210
f 1677/2193/2211 1351/1820/2211 1678/2194/2211
f 1678/2194/2212 1351/1820/2212 1350/1819/2212
f 1678/2194/2212 1350/1819/2212 1679/2195/2212
f 1679/2195/2213 1350/1819/2213 1349/1818/2213
f 1679/2195/2213 1349/1818/2213 1680/2196/2213
f 1680/2196/2214 1349/1818/2214 1347/1816/2214
f 1680/2196/2215 1347/1816/2215 1681/2197/2215
f 1681/2197/2216 1347/1816/2216 1346/1815/2216
f 1681/2197/2217 1346/1815/2217 1682/2198/2217
f 1682/2198/2218 1346/1815/2218 1335/1804/2218
f 1682/2198/2219 1335/1804/2219 1683/2199/2219
f 1683/2199/2220 1335/1804/2220 1334/1803/2220
f 1683/2199/2221 1334/1803/2221 1684/2200/2221
f 1684/2200/2222 1334/1803/2222 1345/1814/2222
f 1684/2200/2223 1345/1814/2223 1685/2201/2223
f 1685/2201/2224 1345/1814/2224 1319/1788/2224
f 1685/2201/2225 1319/1788/2225 1686/2202/2225
f 1686/2202/2226 1319/1788/2226 1318/1787/2226
f 1686/2202/2227 1318/1787/2227 1687/2203/2227
f 1687/2203/2228 1318/1787/2228 1317/1786/2228
f 1687/2203/2228 1317/1786/2228 1688/2204/2228
f 1688/2204/2229 1317/1786/2229 1316/1785/2229
f 1688/2204/2229 1316/1785/2229 1689/2205/2229
f 1689/2205/2230 1316/1785/2230 1315/1784/2230
f 1689/2205/2230 1315/1784/2230 1690/2206/2230
f 1690/2206/2231 1315/1784/2231 1314/1783/2231
f 1690/2206/2232 1314/1783/2232 1691/2207/2232
f 1691/2207/2233 1314/1783/2233 1330/1799/2233
f 1691/2207/2233 1330/1799/2233 1692/2208/2233
f 1692/2208/2234 1330/1799/2234 1329/1798/2234
f 1692/2208/2234 1329/1798/2234 1693/2209/2234
f 1693/2209/2235 1329/1798/2235 1313/1782/2235
f 1693/2209/2235 1313/1782/2235 1694/2210/2235
f 1694/2210/2236 1313/1782/2236 1312/1781/2236
f 1694/2210/2237 1312/1781/2237 1695/2211/2237
f 1695/2211/2238 1312/1781/2238 1341/1810/2238
f 1695/2211/2239 1341/1810/2239 1696/2212/2239
f 1696/2212/2240 1341/1810/2240 1340/1809/2240
f 1696/2212/2241 1340/1809/2241 1697/2213/2241
f 1697/2213/2242 1340/1809/2242 1328/1797/2242
f 1697/2213/2243 1328/1797/2243 1698/2214/2243
f 1698/2214/2244 1328/1797/2244 1327/1796/2244
f 1698/2214/2245 1327/1796/2245 1699/2215/2245
f 1699/2215/2246 1327/1796/2246 1326/1795/2246
f 1699/2215/2247 1326/1795/2247 1700/2216/2247
f 1700/2216/2248 1326/1795/2248 1311/1780/2248
f 1700/2216/2249 1311/1780/2249 1701/2217/2249
f 1701/2217/2250 1311/1780/2250 1310/1779/2250
f 1701/2217/2251 1310/1779/2251 1702/2218/2251
f 1702/2218/2252 1310/1779/2252 1309/1778/2252
f 1702/2218/2252 1309/1778/2252 1703/2219/2252
f 1703/2219/2253 1309/1778/2253 1308/1777/2253
f 1703/2219/2254 1308/1777/2254 1704/2220/2254
f 1704/2220/2255 1308/1777/2255 1307/1776/2255
f 1704/2220/2256 1307/1776/2256 1705/2221/2256
f 1705/2221/2257 1307/1776/2257 1306/1775/2257
f 1705/2221/2258 1306/1775/2258 1706/2222/2258
f 1706/2222/2259 1306/1775/2259 1295/1764/2259
f 1706/2222/2259 1295/1764/2259 1707/2223/2259
f 1707/2223/2260 1295/1764/2260 1294/1763/2260
f 1707/2223/2260 1294/1763/2260 1708/2224/2260
f 1708/2224/2261 1294/1763/2261 1292/1761/2261
f 1708/2224/2261 1292/1761/2261 1709/2225/2261
f 1709/2225/2262 1292/1761/2262 1291/1760/2262
f 1709/2225/2263 1291/1760/2263 1710/2226/2263
f 1710/2226/2264 1291/1760/2264 1296/1765/2264
f 1710/2226/2264 1296/1765/2264 1711/2227/2264
f 1711/2227/2265 1296/1765/2265 1366/1835/2265
f 1711/2227/2266 1366/1835/2266 1712/2228/2266
f 1712/2228/2267 1366/1835/2267 1364/1833/2267
f 1712/2228/2268 1364/1833/2268 1713/2229/2268
f 1713/2229/2269 1364/1833/2269 1363/1832/2269
f 1713/2229/2270 1363/1832/2270 1714/2230/2270
f 1714/2230/2271 1363/1832/2271 1362/1831/2271
f 1714/2230/2272 1362/1831/2272 1715/2231/2272
f 1715/2231/2273 1362/1831/2273 1344/1813/2273
f 1715/2231/2274 1344/1813/2274 1639/2156/2274
f 1639/2156/2149 1344/1813/2149 1640/1812/2149
f 1716/2232/2275 1641/2157/2275 1717/2233/2275
f 1717/2233/2276 1641/2157/2276 1642/2158/2276
f 1717/2233/2276 1642/2158/2276 1718/2234/2276
f 1718/2234/2277 1642/2158/2277 1643/2159/2277
f 1718/2234/2277 1643/2159/2277 1719/2235/2277
f 1719/2235/2278 1643/2159/2278 1644/2160/2278
f 1719/2235/2278 1644/2160/2278 1720/2236/2278
f 1720/2236/2279 1644/2160/2279 1645/2161/2279
f 1720/2236/2280 1645/2161/2280 1721/2237/2280
f 1721/2237/2281 1645/2161/2281 1646/2162/2281
f 1721/2237/2281 1646/2162/2281 1722/2238/2281
f 1722/2238/2282 1646/2162/2282 1647/2163/2282
f 1722/2238/2282 1647/2163/2282 1723/2239/2282
f 1723/2239/2283 1647/2163/2283 1648/2164/2283
f 1723/2239/2283 1648/2164/2283 1724/2240/2283
f 1724/2240/2284 1648/2164/2284 1649/2165/2284
f 1724/2240/2284 1649/2165/2284 1725/2241/2284
f 1725/2241/2285 1649/2165/2285 1650/2166/2285
f 1725/2241/2286 1650/2166/2286 1726/2242/2286
f 1726/2242/2287 1650/2166/2287 1651/2167/2287
f 1726/2242/2287 1651/2167/2287 1727/2243/2287
f 1727/2243/2288 1651/2167/2288 1652/2168/2288
f 1727/2243/2288 1652/2168/2288 1728/2244/2288
f 1728/2244/2289 1652/2168/2289 1653/2169/2289
f 1728/2244/2289 1653/2169/2289 1729/2245/2289
f 1729/2245/2290 1653/2169/2290 1654/2170/2290
f 1729/2245/2290 1654/2170/2290 1730/2246/2290
f 1730/2246/2291 1654/2170/2291 1655/2171/2291
f 1730/2246/2291 1655/2171/2291 1731/2247/2291
f 1731/2247/2292 1655/2171/2292 1656/2172/2292
f 1731/2247/2292 1656/2172/2292 1732/2248/2292
f 1732/2248/2293 1656/2172/2293 1657/2173/2293
f 1732/2248/2294 1657/2173/2294 1733/2249/2294
f 1733/2249/2295 1657/2173/2295 1658/2174/2295
f 1733/2249/2296 1658/2174/2296 1734/2250/2296
f 1734/2250/2297 1658/2174/2297 1659/2175/2297
f 1734/2250/2297 1659/2175/2297 1735/2251/2297
f 1735/2251/2298 1659/2175/2298 1660/2176/2298
f 1735/2251/2298 1660/2176/2298 1736/2252/2298
f 1736/2252/2299 1660/2176/2299 1661/2177/2299
f 1736/2252/2299 1661/2177/2299 1737/2253/2299
f 1737/2253/2300 1661/2177/2300 1662/2178/2300
f 1737/2253/2300 1662/2178/2300 1738/2254/2300
f 1738/2254/2301 1662/2178/2301 1663/2179/2301
f 1738/2254/2302 1663/2179/2302 1739/2255/2302
f 1739/2255/2303 1663/2179/2303 1664/2180/2303
f 1739/2255/2304 1664/2180/2304 1740/2256/2304
f 1740/2256/2305 1664/2180/2305 1665/2181/2305
f 1740/2256/2305 1665/2181/2305 1741/2257/2305
f 1741/2257/2306 1665/2181/2306 1666/2182/2306
f 1741/2257/2306 1666/2182/2306 1742/2258/2306
f 1742/2258/2307 1666/2182/2307 1667/2183/2307
f 1742/2258/2307 1667/2183/2307 1743/2259/2307
f 1743/2259/2308 1667/2183/2308 1668/2184/2308
f 1743/2259/2308 1668/2184/2308 1744/2260/2308
f 1744/2260/2309 1668/2184/2309 1669/2185/2309
f 1744/2260/2310 1669/2185/2310 1745/2261/2310
f 1745/2261/2311 1669/2185/2311 1670/2186/2311
f 1745/2261/2311 1670/2186/2311 1746/2262/2311
f 1746/2262/2312 1670/2186/2312 1671/2187/2312
f 1746/2262/2313 1671/2187/2313 1747/2263/2313
f 1747/2263/2314 1671/2187/2314 1672/2188/2314
f 1747/2263/2314 1672/2188/2314 1748/2264/2314
f 1748/2264/2315 1672/2188/2315 1673/2189/2315
f 1748/2264/2315 1673/2189/2315 1749/2265/2315
f 1749/2265/2316 1673/2189/2316 1674/2190/2316
f 1749/2265/2316 1674/2190/2316 1750/2266/2316
f 1750/2266/2317 1674/2190/2317 1675/2191/2317
f 1750/2266/2317 1675/2191/2317 1751/2267/2317
f 1751/2267/2318 1675/2191/2318 1676/2192/2318
f 1751/2267/2319 1676/2192/2319 1752/2268/2319
f 1752/2268/2320 1676/2192/2320 1677/2193/2320
f 1752/2268/2321 1677/2193/2321 1753/2269/2321
f 1753/2269/2322 1677/2193/2322 1678/2194/2322
f 1753/2269/2322 1678/2194/2322 1754/2270/2322
f 1754/2270/2323 1678/2194/2323 1679/2195/2323
f 1754/2270/2323 1679/2195/2323 1755/2271/2323
f 1755/2271/2324 1679/2195/2324 1680/2196/2324
f 1755/2271/2324 1680/2196/2324 1756/2272/2324
f 1756/2272/2325 1680/2196/2325 1681/2197/2325
f 1756/2272/2325 1681/2197/2325 1757/2273/2325
f 1757/2273/2326 1681/2197/2326 1682/2198/2326
f 1757/2273/2326 1682/2198/2326 1758/2274/2326
f 1758/2274/2327 1682/2198/2327 1683/2199/2327
f 1758/2274/2328 1683/2199/2328 1759/2275/2328
f 1759/2275/2329 1683/2199/2329 1684/2200/2329
f 1759/2275/2329 1684/2200/2329 1760/2276/2329
f 1760/2276/2330 1684/2200/2330 1685/2201/2330
f 1760/2276/2330 1685/2201/2330 1761/2277/2330
f 1761/2277/2331 1685/2201/2331 1686/2202/2331
f 1761/2277/2331 1686/2202/2331 1762/2278/2331
f 1762/2278/2332 1686/2202/2332 1687/2203/2332
f 1762/2278/2332 1687/2203/2332 1763/2279/2332
f 1763/2279/2333 1687/2203/2333 1688/2204/2333
f 1763/2279/2334 1688/2204/2334 1764/2280/2334
f 1764/2280/2335 1688/2204/2335 1689/2205/2335
f 1764/2280/2335 1689/2205/2335 1765/2281/2335
f 1765/2281/2336 1689/2205/2336 1690/2206/2336
f 1765/2281/2336 1690/2206/2336 1766/2282/2336
f 1766/2282/2337 1690/2206/2337 1691/2207/2337
f 1766/2282/2337 1691/2207/2337 1767/2283/2337
f 1767/2283/2338 1691/2207/2338 1692/2208/2338
f 1767/2283/2338 1692/2208/2338 1768/2284/2338
f 1768/2284/2339 1692/2208/2339 1693/2209/2339
f 1768/2284/2339 1693/2209/2339 1769/2285/2339
f 1769/2285/2340 1693/2209/2340 1694/2210/2340
f 1769/2285/2340 1694/2210/2340 1770/2286/2340
f 1770/2286/2341 1694/2210/2341 1695/2211/2341
f 1770/2286/2342 1695/2211/2342 1771/2287/2342
f 1771/2287/2343 1695/2211/2343 1696/2212/2343
f 1771/2287/2344 1696/2212/2344 1772/2288/2344
f 1772/2288/2345 1696/2212/2345 1697/2213/2345
f 1772/2288/2345 1697/2213/2345 1773/2289/2345
f 1773/2289/2346 1697/2213/2346 1698/2214/2346
f 1773/2289/2346 1698/2214/2346 1774/2290/2346
f 1774/2290/2347 1698/2214/2347 1699/2215/2347
f 1774/2290/2347 1699/2215/2347 1775/2291/2347
f 1775/2291/2348 1699/2215/2348 1700/2216/2348
f 1775/2291/2348 1700/2216/2348 1776/2292/2348
f 1776/2292/2349 1700/2216/2349 1701/2217/2349
f 1776/2292/2350 1701/2217/2350 1777/2293/2350
f 1777/2293/2351 1701/2217/2351 1702/2218/2351
f 1777/2293/2352 1702/2218/2352 1778/2294/2352
f 1778/2294/2353 1702/2218/2353 1703/2219/2353
f 1778/2294/2353 1703/2219/2353 1779/2295/2353
f 1779/2295/2354 1703/2219/2354 1704/2220/2354
f 1779/2295/2354 1704/2220/2354 1780/2296/2354
f 1780/2296/2355 1704/2220/2355 1705/2221/2355
f 1780/2296/2355 1705/2221/2355 1781/2297/2355
f 1781/2297/2356 1705/2221/2356 1706/2222/2356
f 1781/2297/2356 1706/2222/2356 1782/2298/2356
f 1782/2298/2357 1706/2222/2357 1707/2223/2357
f 1782/2298/2358 1707/2223/2358 1783/2299/2358
f 1783/2299/2359 1707/2223/2359 1708/2224/2359
f 1783/2299/2359 1708/2224/2359 1784/2300/2359
f 1784/2300/2360 1708/2224/2360 1709/2225/2360
f 1784/2300/2361 1709/2225/2361 1785/2301/2361
f 1785/2301/2362 1709/2225/2362 1710/2226/2362
f 1785/2301/2362 1710/2226/2362 1786/2302/2362
f 1786/2302/2363 1710/2226/2363 1711/2227/2363
f 1786/2302/2363 1711/2227/2363 1787/2303/2363
f 1787/2303/2364 1711/2227/2364 1712/2228/2364
f 1787/2303/2364 1712/2228/2364 1788/2304/2364
f 1788/2304/2365 1712/2228/2365 1713/2229/2365
f 1788/2304/2365 1713/2229/2365 1789/2305/2365
f 1789/2305/2366 1713/2229/2366 1714/2230/2366
f 1789/2305/2367 1714/2230/2367 1790/2306/2367
f 1790/2306/2368 1714/2230/2368 1715/2231/2368
f 1790/2306/2369 1715/2231/2369 1791/2307/2369
f 1791/2307/2370 1715/2231/2370 1639/2156/2370
f 1791/2307/2370 1639/2156/2370 1716/2232/2370
f 1716/2232/2275 1639/2156/2275 1641/2157/2275
f 1456/1967/2371 1717/2308/2371 1792/1976/2371
f 1792/1976/2372 1717/2308/2372 1718/2309/2372
f 1792/1976/2372 1718/2309/2372 1463/1974/2372
f 1463/1974/2373 1718/2309/2373 1719/2310/2373
f 1463/1974/2373 1719/2310/2373 1455/1966/2373
f 1455/1966/2374 1719/2310/2374 1720/2311/2374
f 1455/1966/2374 1720/2311/2374 1453/1964/2374
f 1453/1964/2375 1720/2311/2375 1721/2312/2375
f 1453/1964/2375 1721/2312/2375 1450/1961/2375
f 1450/1961/2376 1721/2312/2376 1722/2313/2376
f 1450/1961/2376 1722/2313/2376 1448/1959/2376
f 1448/1959/2377 1722/2313/2377 1723/2314/2377
f 1448/1959/2377 1723/2314/2377 1445/1956/2377
f 1445/1956/2378 1723/2314/2378 1724/2315/2378
f 1445/1956/2378 1724/2315/2378 1443/1954/2378
f 1443/1954/2379 1724/2315/2379 1725/2316/2379
f 1443/1954/2379 1725/2316/2379 1440/1951/2379
f 1440/1951/2380 1725/2316/2380 1726/2317/2380
f 1440/1951/2380 1726/2317/2380 1438/1949/2380
f 1438/1949/2381 1726/2317/2381 1727/2318/2381
f 1438/1949/2381 1727/2318/2381 1435/1946/2381
f 1435/1946/2382 1727/2318/2382 1728/2319/2382
f 1435/1946/2383 1728/2319/2383 1433/1944/2383
f 1433/1942/2384 1728/2320/2384 1729/2321/2384
f 1433/1942/2384 1729/2321/2384 1430/1939/2384
f 1430/1939/2385 1729/2321/2385 1730/2322/2385
f 1430/1939/2385 1730/2322/2385 1428/1937/2385
f 1428/1937/2386 1730/2322/2386 1731/2323/2386
f 1428/1937/2386 1731/2323/2386 1425/1934/2386
f 1425/1934/2387 1731/2323/2387 1732/2324/2387
f 1425/1934/2387 1732/2324/2387 1423/1932/2387
f 1423/1932/2388 1732/2324/2388 1733/2325/2388
f 1423/1932/2388 1733/2325/2388 1420/1929/2388
f 1420/1929/2389 1733/2325/2389 1734/2326/2389
f 1420/1929/2389 1734/2326/2389 1418/1927/2389
f 1418/1927/2390 1734/2326/2390 1735/2327/2390
f 1418/1927/2391 1735/2327/2391 1415/1924/2391
f 1415/1924/2392 1735/2327/2392 1736/2328/2392
f 1415/1924/2392 1736/2328/2392 1793/1922/2392
f 1793/1922/2393 1736/2328/2393 1737/2329/2393
f 1793/1922/2393 1737/2329/2393 1404/1913/2393
f 1404/1913/2394 1737/2329/2394 1738/2330/2394
f 1404/1913/2394 1738/2330/2394 1405/1914/2394
f 1405/1914/2395 1738/2330/2395 1739/2331/2395
f 1405/1914/2395 1739/2331/2395 1408/1917/2395
f 1408/1917/2396 1739/2331/2396 1740/2332/2396
f 1408/1917/2396 1740/2332/2396 1397/1904/2396
f 1397/1904/2397 1740/2332/2397 1741/2333/2397
f 1397/1904/2397 1741/2333/2397 1395/1902/2397
f 1395/1902/2398 1741/2333/2398 1742/2334/2398
f 1395/1902/2398 1742/2334/2398 1393/1900/2398
f 1393/1900/2399 1742/2334/2399 1743/2335/2399
f 1393/1900/2399 1743/2335/2399 1400/1909/2399
f 1400/1909/2400 1743/2335/2400 1744/2336/2400
f 1400/1909/2400 1744/2336/2400 1387/1906/2400
f 1387/1894/2401 1744/2337/2401 1745/2338/2401
f 1387/1894/2401 1745/2338/2401 1385/1892/2401
f 1385/1892/2402 1745/2338/2402 1746/2339/2402
f 1385/1892/2402 1746/2339/2402 1383/1890/2402
f 1383/1890/2403 1746/2339/2403 1747/2340/2403
f 1383/1890/2403 1747/2340/2403 1390/1897/2403
f 1390/1897/2404 1747/2340/2404 1748/2341/2404
f 1390/1897/2404 1748/2341/2404 1377/1884/2404
f 1377/1884/2405 1748/2341/2405 1749/2342/2405
f 1377/1884/2405 1749/2342/2405 1375/1882/2405
f 1375/1882/2406 1749/2342/2406 1750/2343/2406
f 1375/1882/2406 1750/2343/2406 1373/1880/2406
f 1373/1880/2407 1750/2343/2407 1751/2344/2407
f 1373/1880/2407 1751/2344/2407 1380/1887/2407
f 1380/1887/2408 1751/2344/2408 1752/2345/2408
f 1380/1887/2409 1752/2345/2409 1372/1879/2409
f 1372/1879/2410 1752/2345/2410 1753/2346/2410
f 1372/1879/2410 1753/2346/2410 1370/1877/2410
f 1370/1877/2411 1753/2346/2411 1754/2347/2411
f 1370/1877/2412 1754/2347/2412 1368/1875/2412
f 1368/1875/2413 1754/2347/2413 1755/2348/2413
f 1368/1875/2413 1755/2348/2413 1794/2070/2413
f 1794/2070/2414 1755/2348/2414 1756/2349/2414
f 1794/2070/2414 1756/2349/2414 1553/2068/2414
f 1553/2068/2415 1756/2349/2415 1757/2350/2415
f 1553/2068/2415 1757/2350/2415 1550/2065/2415
f 1550/2065/2416 1757/2350/2416 1758/2351/2416
f 1550/2065/2416 1758/2351/2416 1548/2063/2416
f 1548/2063/2417 1758/2351/2417 1759/2352/2417
f 1548/2063/2417 1759/2352/2417 1545/2060/2417
f 1545/2060/2418 1759/2352/2418 1760/2353/2418
f 1545/2060/2418 1760/2353/2418 1543/2058/2418
f 1543/2058/2419 1760/2353/2419 1761/2354/2419
f 1543/2058/2419 1761/2354/2419 1540/2055/2419
f 1540/2055/2420 1761/2354/2420 1762/2355/2420
f 1540/2055/2420 1762/2355/2420 1538/2053/2420
f 1538/2053/2421 1762/2355/2421 1763/2356/2421
f 1538/2053/2421 1763/2356/2421 1535/2051/2421
f 1535/2048/2422 1763/2357/2422 1764/2358/2422
f 1535/2048/2422 1764/2358/2422 1533/2046/2422
f 1533/2046/2423 1764/2358/2423 1765/2359/2423
f 1533/2046/2423 1765/2359/2423 1530/2043/2423
f 1530/2043/2424 1765/2359/2424 1766/2360/2424
f 1530/2043/2425 1766/2360/2425 1528/2041/2425
f 1528/2041/2426 1766/2360/2426 1767/2361/2426
f 1528/2041/2426 1767/2361/2426 1525/2038/2426
f 1525/2038/2427 1767/2361/2427 1768/2362/2427
f 1525/2038/2427 1768/2362/2427 1523/2036/2427
f 1523/2036/2428 1768/2362/2428 1769/2363/2428
f 1523/2036/2428 1769/2363/2428 1520/2033/2428
f 1520/2033/2429 1769/2363/2429 1770/2364/2429
f 1520/2033/2429 1770/2364/2429 1518/2031/2429
f 1518/2031/2430 1770/2364/2430 1771/2365/2430
f 1518/2031/2430 1771/2365/2430 1515/2028/2430
f 1515/2028/2431 1771/2365/2431 1772/2366/2431
f 1515/2028/2431 1772/2366/2431 1513/2026/2431
f 1513/2026/2432 1772/2366/2432 1773/2367/2432
f 1513/2026/2433 1773/2367/2433 1510/2023/2433
f 1510/2023/2434 1773/2367/2434 1774/2368/2434
f 1510/2023/2434 1774/2368/2434 1795/2021/2434
f 1795/2021/2435 1774/2368/2435 1775/2369/2435
f 1795/2021/2435 1775/2369/2435 1499/2012/2435
f 1499/2012/2436 1775/2369/2436 1776/2370/2436
f 1499/2012/2436 1776/2370/2436 1500/2013/2436
f 1500/2013/2437 1776/2370/2437 1777/2371/2437
f 1500/2013/2437 1777/2371/2437 1503/2016/2437
f 1503/2016/2438 1777/2371/2438 1778/2372/2438
f 1503/2016/2438 1778/2372/2438 1492/2005/2438
f 1492/2005/2439 1778/2372/2439 1779/2373/2439
f 1492/2005/2439 1779/2373/2439 1490/2003/2439
f 1490/2003/2440 1779/2373/2440 1780/2374/2440
f 1490/2003/2440 1780/2374/2440 1488/2001/2440
f 1488/2001/2441 1780/2374/2441 1781/2375/2441
f 1488/2001/2441 1781/2375/2441 1495/2008/2441
f 1495/2008/2442 1781/2375/2442 1782/2376/2442
f 1495/2008/2442 1782/2376/2442 1482/1993/2442
f 1482/1993/2443 1782/2376/2443 1783/2377/2443
f 1482/1993/2443 1783/2377/2443 1480/1991/2443
f 1480/2378/2444 1783/2299/2444 1784/2300/2444
f 1480/2378/2444 1784/2300/2444 1478/2379/2444
f 1478/2379/2445 1784/2300/2445 1785/2301/2445
f 1478/2379/2445 1785/2301/2445 1485/2380/2445
f 1485/1996/2446 1785/2381/2446 1786/2382/2446
f 1485/1996/2446 1786/2382/2446 1472/1983/2446
f 1472/1983/2447 1786/2382/2447 1787/2383/2447
f 1472/1983/2447 1787/2383/2447 1470/1981/2447
f 1470/1981/2448 1787/2383/2448 1788/2384/2448
f 1470/1981/2448 1788/2384/2448 1468/1979/2448
f 1468/1979/2449 1788/2384/2449 1789/2385/2449
f 1468/1979/2449 1789/2385/2449 1475/1986/2449
f 1475/1986/2450 1789/2385/2450 1790/2386/2450
f 1475/1986/2451 1790/2386/2451 1460/1971/2451
f 1460/1971/2452 1790/2386/2452 1791/2387/2452
f 1460/1971/2452 1791/2387/2452 1458/1969/2452
f 1458/1969/2453 1791/2387/2453 1716/2388/2453
f 1458/1969/2454 1716/2388/2454 1456/1967/2454
f 1456/1967/2371 1716/2388/2371 1717/2308/2371
