# Blender 3.6.0
# www.blender.org
mtllib estop_link.mtl
o estop_link
v -0.008397 0.012768 0.001507
v -0.008735 0.013300 0.001895
v -0.006690 0.013753 0.001375
v -0.007012 0.014301 0.001764
v -0.004890 0.014515 0.001098
v -0.004818 0.015217 0.001420
v -0.003032 0.015038 0.000681
v -0.002548 0.015796 0.000881
v -0.001154 0.015312 0.000134
v -0.000266 0.016022 0.000163
v 0.000704 0.015331 -0.000534
v 0.000854 0.016000 -0.000256
v 0.008406 -0.004141 -0.012999
v 0.008158 -0.004441 -0.013058
v 0.007637 -0.004071 -0.012685
v 0.009748 -0.002204 -0.012526
v 0.008797 -0.002512 -0.012333
v 0.010767 -0.000130 -0.011868
v 0.009734 -0.000843 -0.011846
v 0.010430 0.000900 -0.011234
v 0.011435 0.002026 -0.011042
v 0.010870 0.002684 -0.010509
v 0.011735 0.004203 -0.010070
v 0.011045 0.004470 -0.009686
v 0.011748 0.004558 -0.009899
v 0.002031 -0.007142 -0.013820
v 0.001814 -0.006644 -0.013516
v 0.002738 -0.006136 -0.013600
v 0.007403 -0.003656 -0.013837
v 0.007878 -0.004059 -0.013828
v 0.007211 -0.004801 -0.013954
v 0.006928 -0.003282 -0.013688
v 0.006761 -0.004371 -0.013958
v 0.005656 -0.004616 -0.013886
v 0.005898 -0.003616 -0.013500
v 0.006313 -0.003967 -0.013803
v 0.006485 -0.002963 -0.013389
v 0.004473 -0.004927 -0.013632
v 0.004942 -0.004521 -0.013600
v 0.005271 -0.004235 -0.013579
v 0.004819 -0.005342 -0.013942
v 0.003931 -0.006008 -0.013949
v 0.003627 -0.005562 -0.013639
v 0.003185 -0.005848 -0.013619
v 0.003000 -0.006609 -0.013908
v 0.001259 -0.006899 -0.013440
v 0.001031 -0.007602 -0.013685
v 0.000861 -0.007083 -0.013386
v 0.000006 -0.007987 -0.013503
v -0.000116 -0.007450 -0.013213
v -0.000779 -0.007645 -0.013069
v -0.001035 -0.008295 -0.013276
v -0.001110 -0.007743 -0.012997
v -0.002087 -0.008521 -0.013006
v -0.002113 -0.007960 -0.012739
v -0.002868 -0.008064 -0.012516
v -0.003142 -0.008667 -0.012694
v -0.003118 -0.008098 -0.012442
v -0.004192 -0.008729 -0.012343
v -0.004120 -0.008158 -0.012107
v -0.004948 -0.008142 -0.011797
v -0.005231 -0.008709 -0.011955
v -0.005111 -0.008138 -0.011737
v -0.006251 -0.008606 -0.011532
v -0.006084 -0.008040 -0.011334
v 0.006498 -0.005505 -0.014043
v 0.006074 -0.005049 -0.014045
v 0.005591 -0.006292 -0.014104
v 0.005200 -0.005807 -0.014103
v 0.004629 -0.007013 -0.014112
v 0.004273 -0.006503 -0.014110
v 0.003619 -0.007665 -0.014068
v 0.003300 -0.007131 -0.014068
v 0.002569 -0.008243 -0.013972
v 0.002288 -0.007687 -0.013976
v 0.001485 -0.008742 -0.013825
v 0.001244 -0.008168 -0.013834
v 0.000374 -0.009159 -0.013628
v 0.000174 -0.008570 -0.013644
v -0.000755 -0.009492 -0.013382
v -0.000914 -0.008891 -0.013408
v -0.001895 -0.009738 -0.013089
v -0.002013 -0.009128 -0.013125
v -0.003038 -0.009896 -0.012751
v -0.003114 -0.009280 -0.012800
v -0.004177 -0.009964 -0.012371
v -0.004211 -0.009345 -0.012433
v -0.005303 -0.009942 -0.011950
v -0.005297 -0.009324 -0.012027
v -0.006409 -0.009830 -0.011491
v -0.006362 -0.009216 -0.011586
v -0.007488 -0.009628 -0.010999
v -0.007402 -0.009022 -0.011111
v -0.008531 -0.009340 -0.010476
v -0.008407 -0.008744 -0.010607
v -0.009538 -0.008962 -0.009922
v -0.009377 -0.008380 -0.010074
v -0.007246 -0.008420 -0.011078
v -0.008209 -0.008154 -0.010595
v -0.009138 -0.007806 -0.010085
v -0.006958 -0.007877 -0.010935
v -0.007033 -0.007863 -0.010900
v -0.007951 -0.007609 -0.010440
v -0.008837 -0.007277 -0.009953
v -0.006684 -0.008254 -0.010181
v -0.008562 -0.007651 -0.009199
v -0.004675 -0.008521 -0.011045
v -0.002594 -0.008445 -0.011765
v -0.000502 -0.008028 -0.012319
v 0.001537 -0.007282 -0.012691
v 0.003465 -0.006230 -0.012871
v 0.005223 -0.004902 -0.012852
v 0.006759 -0.003338 -0.012635
v 0.009405 0.009446 -0.008273
v 0.008847 0.009175 -0.008225
v 0.008450 0.009988 -0.007677
v 0.000365 0.016039 -0.001502
v 0.000573 0.016382 -0.001026
v 0.001686 0.016270 -0.001486
v 0.000190 0.015575 -0.001877
v 0.001437 0.015931 -0.001946
v 0.002211 0.015285 -0.002757
v 0.001037 0.014920 -0.002532
v 0.001216 0.015471 -0.002302
v 0.000059 0.015019 -0.002127
v 0.004097 0.014673 -0.003747
v 0.002904 0.014489 -0.003425
v 0.003174 0.015019 -0.003239
v 0.002059 0.014723 -0.003001
v 0.001986 0.014743 -0.002965
v 0.005803 0.013754 -0.004824
v 0.004623 0.013757 -0.004414
v 0.004976 0.014251 -0.004276
v 0.003922 0.014094 -0.003992
v 0.003785 0.014160 -0.003910
v 0.007282 0.012554 -0.005958
v 0.006147 0.012743 -0.005472
v 0.006574 0.013187 -0.005386
v 0.005595 0.013149 -0.005070
v 0.005412 0.013283 -0.004936
v 0.007434 0.011475 -0.006570
v 0.007026 0.011917 -0.006202
v 0.006822 0.012139 -0.006018
v 0.007924 0.011858 -0.006537
v 0.008494 0.011105 -0.007118
v 0.007978 0.010757 -0.007124
v 0.008175 0.010435 -0.007355
v 0.008989 0.010299 -0.007698
v 0.009007 0.008746 -0.008496
v 0.009740 0.008552 -0.008838
v 0.009166 0.008323 -0.008765
v 0.009991 0.007624 -0.009390
v 0.009406 0.007437 -0.009291
v 0.002764 0.016069 -0.001979
v 0.002476 0.015737 -0.002420
v 0.003808 0.015780 -0.002502
v 0.003482 0.015459 -0.002924
v 0.004809 0.015405 -0.003052
v 0.004447 0.015098 -0.003455
v 0.005762 0.014947 -0.003626
v 0.005364 0.014656 -0.004008
v 0.006658 0.014409 -0.004220
v 0.006228 0.014138 -0.004579
v 0.007494 0.013794 -0.004829
v 0.007033 0.013546 -0.005166
v 0.008262 0.013108 -0.005449
v 0.007773 0.012884 -0.005764
v 0.008957 0.012353 -0.006076
v 0.008443 0.012157 -0.006368
v 0.009575 0.011537 -0.006707
v 0.009039 0.011371 -0.006976
v 0.010112 0.010663 -0.007335
v 0.009556 0.010529 -0.007581
v 0.010563 0.009739 -0.007958
v 0.009991 0.009638 -0.008182
v 0.010926 0.008770 -0.008571
v 0.010340 0.008705 -0.008772
v 0.011198 0.007763 -0.009170
v 0.010603 0.007735 -0.009349
v 0.011378 0.006725 -0.009750
v 0.010776 0.006735 -0.009908
v 0.011456 0.005839 -0.010219
v 0.010851 0.005881 -0.010359
v 0.011468 0.004940 -0.010669
v 0.010863 0.005015 -0.010794
v 0.010157 0.006666 -0.009926
v 0.010229 0.005849 -0.010358
v 0.010240 0.005019 -0.010773
v 0.009499 0.006901 -0.009591
v 0.009564 0.006524 -0.009802
v 0.009633 0.005744 -0.010214
v 0.009643 0.004953 -0.010610
v 0.009918 0.004579 -0.009856
v 0.009783 0.006529 -0.008839
v 0.009292 0.008377 -0.007743
v 0.008459 0.010067 -0.006601
v 0.007308 0.011549 -0.005447
v 0.005874 0.012781 -0.004314
v 0.004200 0.013724 -0.003237
v 0.002335 0.014352 -0.002246
v 0.000333 0.014645 -0.001372
v -0.008893 -0.008725 -0.008978
v -0.009258 -0.009345 -0.009152
v -0.010424 -0.007923 -0.008023
v -0.010205 -0.008889 -0.008582
v -0.011785 -0.006902 -0.007020
v -0.011937 -0.007736 -0.007379
v -0.012947 -0.005681 -0.005992
v -0.013400 -0.006295 -0.006131
v -0.013887 -0.004286 -0.004957
v -0.014555 -0.004605 -0.004872
v -0.014586 -0.002746 -0.003938
v -0.015256 -0.003045 -0.003843
v -0.015537 -0.002663 -0.004613
v -0.015634 -0.002324 -0.004409
v -0.015157 -0.002311 -0.004958
v -0.015528 -0.001020 -0.004183
v -0.014671 -0.001994 -0.005187
v -0.014452 -0.000556 -0.004574
v -0.014113 -0.001735 -0.005282
v -0.015027 -0.000758 -0.004444
v -0.014570 0.000125 -0.004193
v -0.015192 0.000199 -0.003909
v -0.014610 0.000357 -0.004064
v -0.015272 0.001178 -0.003394
v -0.014686 0.001291 -0.003573
v -0.014680 0.002079 -0.003184
v -0.015264 0.002173 -0.002903
v -0.014678 0.002239 -0.003105
v -0.015169 0.003177 -0.002440
v -0.014588 0.003196 -0.002663
v -0.014429 0.004074 -0.002285
v -0.014987 0.004182 -0.002007
v -0.014415 0.004155 -0.002250
v -0.014720 0.005182 -0.001608
v -0.014160 0.005109 -0.001869
v -0.014370 0.006170 -0.001245
v -0.013826 0.006051 -0.001523
v -0.013939 0.007140 -0.000921
v -0.013415 0.006975 -0.001214
v -0.013430 0.008084 -0.000637
v -0.012930 0.007876 -0.000944
v -0.012883 0.007949 -0.000925
v -0.012847 0.008996 -0.000397
v -0.012374 0.008746 -0.000715
v -0.012193 0.009870 -0.000201
v -0.011750 0.009580 -0.000528
v -0.011633 0.009714 -0.000504
v -0.011473 0.010701 -0.000051
v -0.011063 0.010371 -0.000385
v -0.010691 0.011481 0.000052
v -0.010318 0.011116 -0.000287
v -0.015922 -0.001323 -0.003808
v -0.016101 -0.000285 -0.003228
v -0.015701 -0.000020 -0.003624
v -0.016187 0.000776 -0.002669
v -0.015784 0.001003 -0.003086
v -0.016179 0.001855 -0.002137
v -0.015775 0.002042 -0.002573
v -0.016075 0.002943 -0.001635
v -0.015676 0.003090 -0.002089
v -0.015879 0.004032 -0.001166
v -0.015486 0.004140 -0.001637
v -0.015590 0.005116 -0.000733
v -0.015208 0.005185 -0.001220
v -0.015210 0.006188 -0.000340
v -0.014842 0.006217 -0.000841
v -0.014743 0.007238 0.000012
v -0.014392 0.007229 -0.000503
v -0.014191 0.008262 0.000319
v -0.013860 0.008215 -0.000207
v -0.013559 0.009251 0.000579
v -0.013251 0.009168 0.000044
v -0.012850 0.010199 0.000791
v -0.012568 0.010081 0.000249
v -0.012069 0.011099 0.000954
v -0.011816 0.010949 0.000405
v -0.011222 0.011945 0.001066
v -0.010999 0.011764 0.000513
v -0.010314 0.012732 0.001126
v -0.010125 0.012522 0.000571
v -0.009353 0.013454 0.001134
v -0.009198 0.013218 0.000579
v -0.009015 0.013683 0.001125
v -0.008873 0.013438 0.000570
v -0.009854 0.012207 0.000107
v -0.008967 0.012873 0.000115
v -0.008656 0.013084 0.000106
v -0.010115 0.011292 -0.000273
v -0.009519 0.011808 -0.000234
v -0.008673 0.012443 -0.000227
v -0.008377 0.012644 -0.000235
v -0.009845 0.010923 0.000485
v -0.008102 0.012270 0.000520
v -0.011363 0.009342 0.000254
v -0.012611 0.007576 -0.000169
v -0.013552 0.005677 -0.000769
v -0.014158 0.003699 -0.001529
v -0.014411 0.001703 -0.002428
v -0.014303 -0.000252 -0.003437
v -0.013839 -0.002109 -0.004528
v -0.013380 0.003692 0.004688
v 0.012317 -0.002243 -0.007610
v -0.012361 0.005767 0.005347
v -0.011020 0.007703 0.005820
v -0.014049 0.001537 0.003862
v -0.014348 -0.000640 0.002891
v -0.014271 -0.002780 0.001801
v -0.013819 -0.004825 0.000622
v -0.013005 -0.006718 -0.000614
v -0.011850 -0.008408 -0.001873
v 0.013285 0.002090 -0.005812
v 0.013208 0.004230 -0.004722
v -0.009392 0.009450 0.006094
v 0.012756 0.006275 -0.003543
v -0.007522 0.010958 0.006162
v -0.010387 -0.009849 -0.003121
v -0.008655 -0.011002 -0.004323
v -0.006701 -0.011835 -0.005448
v 0.012985 -0.000087 -0.006783
v -0.004579 -0.012325 -0.006463
v -0.002347 -0.012459 -0.007342
v -0.000065 -0.012234 -0.008061
v 0.002204 -0.011655 -0.008600
v 0.009956 -0.006254 -0.008741
v 0.011298 -0.004317 -0.008268
v 0.004399 -0.010738 -0.008944
v 0.006459 -0.009509 -0.009083
v 0.008329 -0.008000 -0.009015
v 0.011942 0.008168 -0.002307
v 0.010787 0.009858 -0.001048
v 0.005638 0.013284 0.002526
v 0.009324 0.011299 0.000200
v 0.007592 0.012452 0.001402
v 0.001283 0.013909 0.004421
v -0.000999 0.013683 0.005140
v 0.003516 0.013775 0.003542
v -0.003268 0.013104 0.005678
v -0.005462 0.012188 0.006022
v -0.014265 -0.002300 -0.004467
v -0.008794 -0.008045 -0.009310
v 0.000428 0.015071 -0.001196
v -0.008317 0.012608 0.000766
v 0.007091 -0.003573 -0.012872
v 0.010365 0.004635 -0.009991
v -0.013593 -0.003780 -0.005446
v -0.012690 -0.005120 -0.006440
v -0.011573 -0.006293 -0.007429
v -0.010266 -0.007275 -0.008392
v -0.001358 0.015053 -0.000554
v -0.003162 0.014790 -0.000028
v -0.004947 0.014287 0.000372
v -0.006678 0.013555 0.000639
v 0.008205 -0.002075 -0.012534
v 0.009106 -0.000472 -0.012066
v 0.009774 0.001204 -0.011478
v 0.010197 0.002918 -0.010782
v -0.012028 -0.002310 -0.005287
v -0.011396 -0.003387 -0.006051
v -0.000998 0.013206 -0.001602
v -0.002388 0.013073 -0.001162
v 0.006279 -0.001698 -0.011646
v 0.007038 -0.000488 -0.011322
v -0.005138 0.012299 -0.000545
v 0.007637 0.000783 -0.010909
v 0.008067 0.002093 -0.010416
v -0.010607 -0.004354 -0.006818
v -0.009676 -0.005193 -0.007574
v -0.003776 0.012769 -0.000808
v -0.010777 0.007830 -0.000710
v -0.011535 0.006620 -0.001035
v -0.012134 0.005349 -0.001447
v -0.012565 0.004039 -0.001941
v -0.006450 0.011671 -0.000379
v -0.007691 0.010895 -0.000312
v -0.008838 0.009986 -0.000346
v -0.009873 0.008958 -0.000479
v -0.008617 -0.005892 -0.008306
v -0.007449 -0.006437 -0.009001
v -0.006193 -0.006820 -0.009648
v 0.008321 0.003419 -0.009850
v 0.008394 0.004740 -0.009221
v 0.008284 0.006031 -0.008541
v 0.007995 0.007272 -0.007819
v 0.007530 0.008442 -0.007070
v 0.006898 0.009519 -0.006305
v 0.006110 0.010486 -0.005539
v 0.005178 0.011325 -0.004783
v 0.004119 0.012024 -0.004051
v 0.002952 0.012569 -0.003355
v 0.001695 0.012952 -0.002708
v 0.000371 0.013165 -0.002120
v -0.012818 0.002713 -0.002507
v -0.012891 0.001392 -0.003135
v -0.012782 0.000100 -0.003816
v -0.012492 -0.001141 -0.004537
v -0.004869 -0.007033 -0.010236
v -0.003500 -0.007074 -0.010755
v -0.002109 -0.006941 -0.011195
v -0.000721 -0.006637 -0.011549
v 0.000640 -0.006167 -0.011811
v 0.001953 -0.005539 -0.011977
v 0.003193 -0.004763 -0.012044
v 0.004340 -0.003854 -0.012011
v 0.005375 -0.002827 -0.011877
v 0.003840 0.005102 -0.008125
v 0.003906 0.004331 -0.008532
v 0.001714 0.004024 -0.007979
v 0.000659 0.009003 -0.005032
v 0.001355 0.008678 -0.005447
v 0.000034 0.006887 -0.005947
v -0.006376 0.007462 -0.003236
v -0.005691 0.008004 -0.003216
v -0.004608 0.006443 -0.004478
v -0.008794 0.002334 -0.004900
v -0.008751 0.003122 -0.004525
v -0.006623 0.003227 -0.005340
v -0.004798 -0.002566 -0.008786
v -0.005547 -0.002337 -0.008400
v -0.004513 -0.000369 -0.007893
v 0.002104 -0.000183 -0.010116
v 0.001487 -0.000796 -0.010196
v 0.000121 0.000646 -0.009076
v 0.000987 -0.003645 -0.011149
v 0.001979 -0.003026 -0.011203
v -0.006528 -0.004363 -0.008770
v -0.005523 -0.004669 -0.009288
v -0.004465 -0.004840 -0.009758
v -0.003371 -0.004872 -0.010172
v -0.002259 -0.004766 -0.010524
v -0.001150 -0.004523 -0.010807
v -0.000062 -0.004147 -0.011017
v -0.010819 0.002950 -0.003579
v -0.010878 0.001895 -0.004082
v -0.010790 0.000862 -0.004626
v -0.010559 -0.000130 -0.005202
v -0.010187 -0.001064 -0.005801
v -0.009682 -0.001925 -0.006412
v -0.009052 -0.002698 -0.007025
v -0.008307 -0.003369 -0.007629
v -0.007461 -0.003928 -0.008214
v -0.006721 0.009491 -0.001825
v -0.007638 0.008764 -0.001852
v -0.008465 0.007942 -0.001959
v -0.009187 0.007040 -0.002143
v -0.009794 0.006073 -0.002403
v -0.010273 0.005057 -0.002732
v -0.010616 0.004010 -0.003127
v 0.002719 0.010393 -0.004814
v 0.001786 0.010828 -0.004258
v 0.000782 0.011134 -0.003740
v -0.000277 0.011305 -0.003270
v -0.001371 0.011337 -0.002856
v -0.002482 0.011231 -0.002504
v -0.003592 0.010988 -0.002221
v -0.004680 0.010612 -0.002011
v -0.005729 0.010110 -0.001879
v 0.006136 0.004570 -0.008946
v 0.006048 0.005603 -0.008402
v 0.005817 0.006595 -0.007826
v 0.005446 0.007529 -0.007227
v 0.004940 0.008390 -0.006616
v 0.004310 0.009163 -0.006003
v 0.003565 0.009834 -0.005399
v 0.002896 -0.002299 -0.011176
v 0.003723 -0.001477 -0.011069
v 0.004446 -0.000575 -0.010885
v 0.005052 0.000392 -0.010625
v 0.005531 0.001407 -0.010296
v 0.005875 0.002454 -0.009901
v 0.006077 0.003515 -0.009449
v -0.004008 -0.002693 -0.009137
v -0.003191 -0.002717 -0.009447
v -0.002361 -0.002638 -0.009709
v -0.001533 -0.002457 -0.009921
v -0.000721 -0.002176 -0.010077
v -0.008729 0.001563 -0.005307
v -0.008557 0.000823 -0.005737
v -0.008279 0.000125 -0.006184
v -0.007902 -0.000518 -0.006640
v -0.007432 -0.001094 -0.007098
v -0.006876 -0.001595 -0.007549
v -0.006244 -0.002012 -0.007985
v -0.006993 0.006849 -0.003316
v -0.007533 0.006175 -0.003453
v -0.007985 0.005453 -0.003647
v -0.008343 0.004695 -0.003893
v -0.008600 0.003913 -0.004188
v -0.000091 0.009231 -0.004645
v -0.000881 0.009359 -0.004295
v -0.001698 0.009383 -0.003985
v -0.002528 0.009304 -0.003723
v -0.003356 0.009122 -0.003511
v -0.004168 0.008842 -0.003355
v -0.004951 0.008467 -0.003256
v 0.003668 0.005843 -0.007695
v 0.003390 0.006540 -0.007248
v 0.003013 0.007183 -0.006792
v 0.002543 0.007760 -0.006334
v 0.001987 0.008261 -0.005883
v 0.002644 0.000490 -0.009979
v 0.003096 0.001212 -0.009785
v 0.003454 0.001970 -0.009539
v 0.003711 0.002752 -0.009245
v 0.003862 0.003543 -0.008907
v 0.000803 -0.001339 -0.010216
v -0.000330 0.000289 -0.009089
v -0.000137 0.000442 -0.009083
v 0.000062 -0.001801 -0.010176
v -0.000818 -0.000016 -0.009063
v -0.001260 -0.000227 -0.009007
v -0.002492 -0.000574 -0.008730
v -0.002414 -0.000567 -0.008755
v -0.001869 -0.000447 -0.008894
v -0.001333 -0.000263 -0.008997
v -0.004019 -0.000519 -0.008147
v -0.003722 -0.000567 -0.008279
v -0.003499 -0.000603 -0.008378
v -0.002961 -0.000619 -0.008582
v -0.004841 -0.000216 -0.007698
v -0.006365 0.001384 -0.006349
v -0.006312 0.001253 -0.006433
v -0.006064 0.000830 -0.006733
v -0.005754 0.000450 -0.007035
v -0.005388 0.000120 -0.007332
v -0.004972 -0.000155 -0.007620
v -0.006652 0.002708 -0.005587
v -0.006633 0.002491 -0.005702
v -0.006609 0.002201 -0.005855
v -0.006495 0.001713 -0.006139
v -0.006538 0.003674 -0.005150
v -0.006076 0.004831 -0.004744
v -0.006119 0.004763 -0.004762
v -0.006354 0.004264 -0.004924
v -0.006523 0.003749 -0.005118
v -0.005059 0.006086 -0.004491
v -0.005291 0.005855 -0.004521
v -0.005465 0.005682 -0.004544
v -0.005821 0.005239 -0.004634
v -0.004260 0.006661 -0.004497
v -0.001824 0.007347 -0.005043
v -0.001977 0.007352 -0.004985
v -0.002524 0.007299 -0.004812
v -0.003069 0.007180 -0.004673
v -0.003604 0.006995 -0.004569
v -0.004120 0.006748 -0.004504
v -0.000425 0.007101 -0.005674
v -0.000637 0.007166 -0.005565
v -0.000919 0.007252 -0.005420
v -0.001439 0.007336 -0.005189
v 0.000391 0.006652 -0.006194
v 0.001162 0.005842 -0.006876
v 0.001126 0.005902 -0.006833
v 0.000816 0.006282 -0.006532
v 0.000450 0.006612 -0.006235
v 0.001671 0.004532 -0.007712
v 0.001606 0.004811 -0.007550
v 0.001557 0.005020 -0.007428
v 0.001375 0.005479 -0.007134
v 0.001693 0.003653 -0.008156
v 0.000528 0.001050 -0.009023
v 0.000781 0.001367 -0.008959
v 0.000883 0.001494 -0.008933
v 0.001181 0.001969 -0.008805
v 0.001416 0.002469 -0.008643
v 0.001586 0.002984 -0.008449
v 0.001685 0.003505 -0.008227
v -0.000756 0.004262 -0.008394
v -0.000785 0.003847 -0.008590
v -0.002856 0.003894 -0.007848
v -0.000970 0.005026 -0.007938
v -0.000819 0.004661 -0.008174
v -0.001509 0.005591 -0.007461
v -0.001204 0.005340 -0.007696
v -0.002710 0.005869 -0.006886
v -0.002279 0.005861 -0.007047
v -0.004307 0.005082 -0.006695
v -0.003964 0.005387 -0.006669
v -0.004909 0.003917 -0.007054
v -0.004790 0.004331 -0.006892
v -0.004724 0.002738 -0.007707
v -0.004875 0.003102 -0.007471
v -0.004185 0.002172 -0.008184
v -0.004490 0.002423 -0.007948
v -0.003821 0.001996 -0.008403
v -0.002984 0.001895 -0.008758
v -0.003415 0.001902 -0.008598
v -0.002547 0.001974 -0.008878
v -0.001731 0.002376 -0.008976
v -0.002123 0.002137 -0.008952
v -0.000904 0.003433 -0.008752
v -0.001107 0.003039 -0.008874
v 0.000420 0.001851 -0.009912
v -0.001387 0.002681 -0.008949
v -0.001371 0.000355 -0.010003
v -0.000587 0.000833 -0.010051
v -0.000489 0.000920 -0.010043
v 0.000100 0.001443 -0.009998
v -0.003954 -0.000115 -0.009296
v -0.003092 -0.000129 -0.009617
v -0.002843 -0.000084 -0.009685
v -0.002219 0.000030 -0.009856
v -0.001613 0.000262 -0.009961
v -0.004070 -0.000088 -0.009240
v -0.004767 0.000073 -0.008907
v -0.005182 0.000274 -0.008656
v -0.005494 0.000425 -0.008467
v -0.006873 0.002285 -0.007042
v -0.006700 0.001869 -0.007312
v -0.006571 0.001556 -0.007514
v -0.006104 0.000927 -0.007996
v -0.006981 0.002969 -0.006664
v -0.004938 0.003501 -0.007250
v -0.006704 0.004741 -0.005885
v -0.006874 0.004149 -0.006117
v -0.006942 0.003913 -0.006210
v -0.006999 0.003083 -0.006601
v -0.006413 0.005304 -0.005712
v -0.004587 0.004725 -0.006771
v -0.005051 0.006853 -0.005439
v -0.005640 0.006330 -0.005484
v -0.005738 0.006243 -0.005491
v -0.006297 0.005529 -0.005642
v -0.004603 0.007126 -0.005466
v -0.003571 0.005626 -0.006693
v -0.004267 0.007331 -0.005487
v -0.003419 0.007657 -0.005634
v -0.003147 0.005789 -0.006766
v -0.001683 0.007801 -0.006194
v -0.002176 0.007810 -0.006011
v -0.002545 0.007816 -0.005873
v -0.000987 0.007640 -0.006527
v -0.000871 0.007614 -0.006583
v -0.001873 0.005768 -0.007241
v 0.000466 0.006759 -0.007493
v 0.000030 0.007118 -0.007157
v -0.000144 0.007261 -0.007022
v 0.001236 0.005401 -0.008448
v 0.000933 0.006130 -0.007976
v 0.000800 0.006310 -0.007838
v 0.001253 0.005287 -0.008510
v 0.001361 0.004604 -0.008889
v 0.001328 0.004129 -0.009113
v 0.001304 0.003773 -0.009280
v 0.001067 0.002946 -0.009604
v 0.000659 0.002158 -0.009847
v -0.007913 0.012156 0.000840
v -0.007940 0.012064 0.000804
v 0.000371 0.014488 -0.001018
v -0.014197 0.001592 -0.002115
v -0.014100 -0.000330 -0.003105
v -0.008010 0.011990 0.000793
v 0.002473 0.014090 -0.001981
v 0.000511 0.014389 -0.001118
v 0.000424 0.014419 -0.001072
v -0.011342 -0.008153 -0.007990
v -0.009410 -0.009232 -0.009229
v -0.013777 -0.002401 -0.004249
v -0.006463 0.014656 0.001552
v -0.008679 0.013438 0.001754
v 0.000366 0.014579 -0.000971
v 0.006751 -0.003513 -0.012273
v 0.006834 -0.003452 -0.012273
v 0.001158 0.000805 -0.008095
v 0.001843 0.001988 -0.007757
v 0.008185 -0.004283 -0.013177
v 0.008189 -0.004277 -0.013176
v 0.008153 -0.004252 -0.013150
v 0.009632 -0.002248 -0.012694
v 0.007018 -0.003462 -0.012345
v 0.010717 -0.000062 -0.012004
v 0.006931 -0.003433 -0.012299
v -0.012423 0.007363 0.000103
v -0.013346 0.005496 -0.000488
v -0.011201 0.009100 0.000520
v -0.009716 0.010658 0.000752
v -0.013943 0.003554 -0.001234
v -0.013655 -0.002159 -0.004174
v -0.008419 -0.007746 -0.008852
v -0.013651 -0.002250 -0.004221
v -0.008513 -0.007781 -0.008835
v -0.013696 -0.002339 -0.004248
v -0.008584 -0.007855 -0.008846
v -0.009385 -0.009190 -0.009217
v -0.009405 -0.009235 -0.009232
v -0.015271 -0.003075 -0.004040
v -0.015269 -0.003080 -0.004044
v -0.015222 -0.003059 -0.004050
v -0.014317 -0.005029 -0.005358
v -0.012995 -0.006738 -0.006687
v -0.007935 0.012242 0.000891
v -0.008656 0.013400 0.001727
v -0.008684 0.013434 0.001755
v 0.010033 0.004342 -0.009570
v 0.010126 0.004329 -0.009610
v 0.011412 0.002214 -0.011128
v 0.011647 0.004506 -0.010076
v 0.011696 0.004511 -0.010091
v 0.011696 0.004517 -0.010088
v 0.009942 0.004484 -0.009466
v 0.009797 0.006397 -0.008464
v 0.009306 0.008209 -0.007386
v 0.008483 0.009867 -0.006264
v 0.007351 0.011323 -0.005130
v 0.005944 0.012534 -0.004016
v 0.004302 0.013465 -0.002957
v 0.000692 0.016074 -0.000348
v 0.000686 0.016074 -0.000346
v 0.000676 0.016028 -0.000365
v -0.001709 0.015994 0.000486
v -0.004116 0.015516 0.001125
v 0.002138 0.003261 -0.007233
v 0.002016 0.004499 -0.006574
v 0.009966 0.004398 -0.009517
v 0.001487 0.005581 -0.005844
v 0.005233 -0.005042 -0.012480
v 0.000152 -0.000173 -0.008214
v 0.003501 -0.006341 -0.012494
v -0.006278 0.001312 -0.005136
v -0.006400 0.002550 -0.004477
v -0.006105 0.003823 -0.003953
v 0.001606 -0.007371 -0.012315
v -0.001078 -0.000849 -0.008101
v -0.000399 -0.008102 -0.011948
v -0.002411 -0.001157 -0.007769
v -0.002453 -0.008513 -0.011404
v -0.004498 -0.008593 -0.010700
v -0.003716 -0.001068 -0.007250
v -0.006475 -0.008339 -0.009854
v -0.008325 -0.007758 -0.008892
v -0.004867 -0.000590 -0.006594
v -0.005749 0.000230 -0.005866
v -0.001851 0.006968 -0.003941
v -0.000546 0.006879 -0.004460
v -0.005420 0.005006 -0.003615
v -0.004414 0.005984 -0.003497
v -0.003184 0.006660 -0.003609
v 0.000605 0.006401 -0.005116
v -0.002099 -0.004325 -0.011774
v -0.001796 -0.004270 -0.011857
v -0.001459 -0.006454 -0.012704
v 0.000282 0.009428 -0.006110
v -0.000744 0.007716 -0.006760
v -0.001281 0.007882 -0.006482
v 0.000428 0.009273 -0.006252
v 0.000691 0.009672 -0.006100
v 0.001263 0.009381 -0.006453
v -0.011116 0.004752 -0.003988
v -0.011178 0.004463 -0.004109
v -0.013218 0.004715 -0.002882
v -0.013478 0.003458 -0.003411
v -0.011363 0.003596 -0.004471
v -0.013480 0.003430 -0.003424
v -0.011439 0.002730 -0.004873
v -0.011758 0.002674 -0.004737
v -0.013163 0.004881 -0.002820
v -0.012804 0.005956 -0.002417
v -0.010706 0.005887 -0.003573
v -0.012641 0.006305 -0.002303
v -0.010565 0.006161 -0.003489
v -0.012241 0.007163 -0.002022
v -0.010141 0.006981 -0.003236
v -0.011929 0.007677 -0.001881
v -0.009609 0.007754 -0.003046
v -0.011539 0.008319 -0.001705
v -0.009432 0.008012 -0.002983
v -0.011040 0.008970 -0.001563
v -0.010707 0.009405 -0.001468
v -0.008593 0.008960 -0.002818
v -0.009990 0.010162 -0.001354
v -0.008354 0.009171 -0.002800
v -0.009758 0.010407 -0.001317
v -0.007639 0.009806 -0.002745
v -0.008798 0.011230 -0.001258
v -0.005961 0.008899 -0.004062
v -0.006385 0.009589 -0.003454
v -0.006149 0.009738 -0.003466
v -0.006861 0.010364 -0.002752
v -0.008470 0.006312 -0.004433
v -0.008063 0.006903 -0.004287
v -0.006505 0.005502 -0.005761
v -0.006156 0.006009 -0.005637
v -0.009001 0.003133 -0.005867
v -0.007106 0.003838 -0.006369
v -0.007126 0.003554 -0.006502
v -0.009090 0.002904 -0.005937
v -0.008794 0.005684 -0.004626
v -0.006783 0.004964 -0.005927
v -0.008902 0.005475 -0.004691
v -0.006833 0.004825 -0.005978
v -0.009216 0.004606 -0.005008
v -0.006984 0.004406 -0.006131
v -0.009264 0.004385 -0.005100
v -0.009405 0.003722 -0.005377
v -0.009463 0.003060 -0.005685
v -0.007145 0.003271 -0.006636
v -0.007101 0.002716 -0.006927
v -0.009458 0.001951 -0.006229
v -0.009507 0.001822 -0.006268
v -0.007006 0.002318 -0.007159
v -0.006974 0.002185 -0.007237
v -0.006768 0.001688 -0.007559
v -0.010005 0.000502 -0.006647
v -0.009891 0.000805 -0.006560
v -0.010163 0.000697 -0.006479
v -0.013308 -0.000228 -0.005302
v -0.010815 0.001506 -0.005784
v -0.013451 0.000570 -0.004854
v -0.010888 0.001596 -0.005707
v -0.013523 0.000968 -0.004630
v -0.011563 0.002432 -0.004955
v -0.013570 0.001984 -0.004109
v -0.013580 0.002203 -0.003996
v 0.002583 0.010993 -0.005877
v 0.001834 0.011374 -0.005415
v 0.004034 0.012712 -0.005193
v 0.002022 0.011648 -0.005299
v 0.003262 0.010520 -0.006358
v 0.004741 0.012274 -0.005667
v 0.003488 0.010363 -0.006519
v 0.005169 0.011919 -0.005999
v 0.005658 0.011513 -0.006379
v 0.004272 0.009604 -0.007181
v 0.006154 0.010967 -0.006830
v 0.004434 0.009385 -0.007348
v 0.006455 0.010636 -0.007104
v 0.004920 0.008730 -0.007850
v 0.006971 0.009874 -0.007670
v 0.007118 0.009657 -0.007831
v 0.005294 0.008002 -0.008347
v 0.007605 0.008661 -0.008503
v 0.005418 0.007760 -0.008513
v 0.007639 0.008589 -0.008551
v 0.005758 0.006711 -0.009157
v 0.008011 0.007449 -0.009251
v 0.008030 0.007343 -0.009311
v 0.005802 0.006435 -0.009310
v 0.008226 0.006253 -0.009923
v 0.005932 0.005605 -0.009769
v 0.003841 0.004605 -0.009761
v 0.004828 0.004676 -0.009973
v 0.004815 0.004424 -0.010094
v 0.005952 0.004750 -0.010201
v 0.000198 0.007165 -0.007376
v 0.002556 0.008318 -0.007451
v 0.000583 0.006792 -0.007701
v 0.002680 0.008151 -0.007578
v 0.000743 0.006577 -0.007866
v 0.003052 0.007650 -0.007962
v 0.000902 0.006363 -0.008030
v 0.003338 0.007093 -0.008343
v 0.001147 0.005885 -0.008356
v 0.003433 0.006908 -0.008470
v 0.001272 0.005499 -0.008594
v 0.003693 0.006105 -0.008962
v 0.001314 0.005370 -0.008673
v 0.003726 0.005894 -0.009079
v 0.001400 0.004826 -0.008974
v 0.003826 0.005259 -0.009431
v 0.001402 0.004264 -0.009254
v -0.000248 0.007475 -0.007060
v -0.000136 0.007398 -0.007139
v 0.001783 0.009019 -0.006821
v 0.001956 0.008899 -0.006944
v -0.001850 0.007971 -0.006230
v -0.000407 0.010159 -0.005444
v -0.000325 0.010072 -0.005523
v -0.002019 0.011040 -0.004323
v -0.001213 0.011037 -0.004618
v -0.001233 0.011033 -0.004614
v -0.001145 0.014032 -0.002652
v -0.000052 0.013984 -0.003074
v -0.000943 0.011089 -0.004678
v 0.000149 0.013975 -0.003152
v 0.000256 0.011322 -0.004942
v 0.001403 0.013766 -0.003712
v 0.000390 0.011348 -0.004972
v 0.002598 0.013409 -0.004324
v 0.001655 0.011581 -0.005226
v 0.002771 0.013332 -0.004426
v 0.003716 0.012910 -0.004979
v -0.000214 -0.006079 -0.012971
v -0.000602 -0.003894 -0.012105
v 0.000039 -0.005972 -0.013010
v -0.000314 -0.003762 -0.012145
v 0.001053 -0.005546 -0.013168
v 0.000551 -0.003369 -0.012264
v 0.001484 -0.005309 -0.013207
v 0.001374 -0.002883 -0.012323
v 0.001544 -0.003154 -0.012471
v -0.001517 -0.006471 -0.012692
v -0.002836 -0.006716 -0.012333
v -0.003009 -0.004491 -0.011525
v -0.002982 -0.006727 -0.012285
v -0.003915 -0.004536 -0.011218
v -0.004152 -0.006810 -0.011901
v -0.004217 -0.004551 -0.011116
v -0.004497 -0.006795 -0.011768
v -0.005446 -0.006753 -0.011401
v -0.005395 -0.004450 -0.010636
v -0.005976 -0.006665 -0.011165
v -0.005677 -0.004385 -0.010502
v -0.006700 -0.006544 -0.010841
v -0.006523 -0.004190 -0.010097
v -0.006313 -0.002007 -0.009346
v -0.006788 -0.002888 -0.009499
v -0.007011 -0.002785 -0.009366
v -0.007321 -0.003893 -0.009659
v -0.005244 0.000212 -0.008845
v -0.004725 0.000008 -0.009135
v -0.005702 -0.002234 -0.009681
v -0.004448 -0.000056 -0.009268
v -0.005055 -0.002384 -0.009991
v -0.004171 -0.000120 -0.009401
v -0.004840 -0.002434 -0.010094
v -0.003591 -0.000169 -0.009636
v -0.003938 -0.002511 -0.010460
v -0.003707 -0.002499 -0.010539
v -0.003146 -0.000147 -0.009787
v -0.003014 -0.002464 -0.010774
v -0.002997 -0.000139 -0.009838
v -0.002318 -0.002338 -0.010964
v -0.002401 -0.000031 -0.010001
v -0.002086 -0.002296 -0.011028
v -0.001814 0.000154 -0.010123
v -0.001173 -0.002008 -0.011217
v 0.000345 -0.000793 -0.011205
v 0.000101 -0.000855 -0.011158
v -0.001247 0.000413 -0.010201
v -0.000952 -0.001907 -0.011248
v -0.000291 -0.001606 -0.011339
v 0.000339 -0.001235 -0.011384
v -0.000711 0.000739 -0.010234
v -0.000588 0.000836 -0.010231
v 0.001357 -0.000535 -0.011399
v -0.000218 0.001127 -0.010221
v 0.001493 -0.000500 -0.011425
v 0.000224 0.001569 -0.010162
v 0.002571 -0.000236 -0.011612
v 0.003397 0.000497 -0.011526
v 0.002885 -0.000175 -0.011673
v 0.002893 -0.000157 -0.011668
v 0.002771 -0.000423 -0.011742
v 0.004461 -0.003185 -0.013237
v 0.002269 -0.001526 -0.012051
v 0.004110 -0.003486 -0.013258
v 0.002213 -0.001648 -0.012085
v 0.003408 -0.004088 -0.013301
v 0.001695 -0.002815 -0.012384
v 0.002850 -0.004475 -0.013290
v 0.002266 -0.004879 -0.013278
v 0.008240 0.005952 -0.010078
v 0.008283 0.005019 -0.010557
v 0.008243 0.004517 -0.010791
v 0.008181 0.003764 -0.011142
v 0.004672 0.003412 -0.010544
v 0.008037 0.003065 -0.011436
v 0.007921 0.002507 -0.011672
v 0.004384 0.002407 -0.010938
v 0.007019 0.000219 -0.012478
v 0.003956 0.001429 -0.011267
v 0.007507 0.001265 -0.012137
v 0.007626 0.001624 -0.012002
v 0.006944 0.000058 -0.012531
v 0.006242 -0.001097 -0.012849
v 0.006223 -0.001121 -0.012854
v 0.005410 -0.002183 -0.013085
v 0.005241 -0.002361 -0.013112
v -0.009924 -0.005123 -0.008963
v -0.007851 -0.002294 -0.008817
v -0.009013 -0.005688 -0.009575
v -0.008714 -0.005821 -0.009749
v -0.007895 -0.006187 -0.010230
v -0.007390 -0.006338 -0.010488
v -0.010038 -0.005053 -0.008886
v -0.010955 -0.004291 -0.008174
v -0.008592 -0.001685 -0.008245
v -0.010991 -0.004252 -0.008142
v -0.011752 -0.003414 -0.007450
v -0.009220 -0.000969 -0.007661
v -0.011884 -0.003218 -0.007304
v -0.012415 -0.002435 -0.006722
v -0.009723 -0.000160 -0.007077
v -0.012600 -0.002056 -0.006466
v -0.010016 0.000515 -0.006635
v -0.012936 -0.001368 -0.006003
v -0.013126 -0.000785 -0.005645
v -0.008705 0.011310 -0.001252
v -0.007563 0.012101 -0.001275
v -0.007482 0.012145 -0.001282
v -0.006350 0.012768 -0.001386
v -0.005166 0.010259 -0.003565
v -0.006069 0.012886 -0.001429
v -0.005083 0.013301 -0.001582
v -0.004136 0.010655 -0.003744
v -0.004591 0.013449 -0.001688
v -0.003780 0.013693 -0.001862
v -0.003080 0.010917 -0.003998
v -0.003077 0.013824 -0.002053
v -0.002461 0.013938 -0.002220
v -0.001554 0.014003 -0.002518
v 0.001160 0.003130 -0.009728
v 0.001322 0.003695 -0.009507
v 0.000415 0.001813 -0.010111
v 0.000605 0.002057 -0.010059
v 0.000920 0.002580 -0.009914
v 0.001107 0.002991 -0.009778
v -0.005598 0.000419 -0.008614
v -0.006485 0.001233 -0.007887
v -0.006132 0.000831 -0.008215
v -0.005716 0.000488 -0.008537
v -0.007928 0.007100 -0.004239
v -0.007286 0.007825 -0.004113
v -0.005743 0.006475 -0.005556
v -0.007104 0.007987 -0.004099
v -0.005275 0.006892 -0.005520
v -0.006557 0.008473 -0.004057
v -0.005146 0.006981 -0.005522
v -0.004759 0.007250 -0.005530
v -0.004207 0.007543 -0.005585
v -0.003917 0.007654 -0.005636
v -0.003628 0.007765 -0.005686
v -0.003035 0.007912 -0.005829
v -0.002587 0.007964 -0.005966
v -0.002438 0.007981 -0.006011
v -0.001043 0.010832 -0.004804
v -0.005301 0.014394 -0.000636
v -0.013549 -0.003306 -0.006418
v -0.005473 0.015407 0.000404
v -0.003849 0.015895 0.000056
v -0.003836 0.014835 -0.000951
v -0.014617 -0.004216 -0.006005
v -0.015266 -0.002885 -0.005108
v -0.014135 -0.002106 -0.005609
v 0.012149 0.001559 -0.012258
v 0.011594 -0.000104 -0.012881
v 0.010226 0.000398 -0.012757
v -0.008359 0.015035 0.001894
v -0.007327 0.015602 0.001799
v -0.007053 0.014741 0.000649
v -0.014333 -0.006900 -0.006817
v -0.014703 -0.006494 -0.006480
v -0.013789 -0.005437 -0.006912
v -0.013214 -0.008024 -0.007782
v -0.013615 -0.007691 -0.007470
v -0.012796 -0.006531 -0.007816
v -0.011940 -0.008993 -0.008726
v -0.012362 -0.008731 -0.008442
v -0.011652 -0.007480 -0.008704
v 0.000387 0.016422 -0.001160
v 0.000339 0.016302 -0.001267
v -0.000563 0.016319 -0.000930
v -0.008370 0.012835 -0.000304
v -0.008384 0.012858 -0.000277
v -0.008091 0.013044 -0.000291
v -0.014138 -0.001736 -0.005462
v -0.014212 -0.001808 -0.005444
v -0.014243 -0.001827 -0.005431
v -0.016320 -0.003699 -0.004505
v -0.015696 -0.002667 -0.004702
v -0.015642 -0.002696 -0.004754
v -0.015577 -0.002695 -0.004805
v -0.015512 -0.002664 -0.004845
v -0.015386 -0.002576 -0.004911
v -0.015730 -0.002613 -0.004656
v -0.016626 -0.002759 -0.003927
v -0.016023 -0.001637 -0.004065
v -0.016827 -0.002143 -0.003548
v -0.016231 -0.000487 -0.003419
v -0.016999 -0.001187 -0.003011
v -0.016299 -0.000108 -0.003206
v -0.017122 -0.000510 -0.002630
v -0.016372 0.001470 -0.002396
v -0.017166 0.000445 -0.002141
v -0.017200 0.001176 -0.001765
v -0.016350 0.001740 -0.002270
v -0.017123 0.002114 -0.001328
v -0.016241 0.003074 -0.001648
v -0.017060 0.002890 -0.000966
v -0.016047 0.004013 -0.001252
v -0.016872 0.003797 -0.000584
v -0.015909 0.004681 -0.000971
v -0.016705 0.004607 -0.000243
v -0.015379 0.006268 -0.000377
v -0.016417 0.005470 0.000080
v -0.016139 0.006301 0.000392
v -0.015762 0.007110 0.000656
v -0.014660 0.007811 0.000127
v -0.015371 0.007949 0.000930
v -0.014287 0.008425 0.000296
v -0.014919 0.008693 0.001135
v -0.013763 0.009287 0.000533
v -0.014412 0.009527 0.001364
v -0.012878 0.010443 0.000785
v -0.013898 0.010198 0.001510
v -0.013276 0.011010 0.001687
v -0.012699 0.010676 0.000835
v -0.012714 0.011604 0.001776
v -0.011486 0.011957 0.001029
v -0.011980 0.012379 0.001894
v -0.011152 0.012243 0.001050
v -0.011383 0.012890 0.001930
v -0.010139 0.013111 0.001112
v -0.008984 0.013831 0.000996
v -0.009043 0.013844 0.001052
v -0.008983 0.014691 0.001951
v -0.008945 0.013795 0.000932
v -0.008566 0.013910 0.000787
v -0.008891 0.013704 0.000803
v -0.009113 0.013833 0.001090
v -0.009183 0.013799 0.001105
v -0.009925 0.014039 0.001970
v -0.010542 0.013611 0.001982
v -0.009268 0.012020 -0.000435
v -0.008459 0.012602 -0.000440
v -0.008419 0.012635 -0.000437
v -0.008387 0.012673 -0.000424
v -0.008355 0.012758 -0.000374
v -0.010155 0.011259 -0.000489
v -0.010431 0.011023 -0.000506
v -0.011479 0.009916 -0.000674
v -0.011640 0.009706 -0.000720
v -0.012398 0.008716 -0.000935
v -0.012854 0.007967 -0.001141
v -0.013174 0.007441 -0.001286
v -0.013795 0.006108 -0.001721
v -0.014098 -0.001641 -0.005449
v -0.014095 -0.001593 -0.005431
v -0.014104 -0.001547 -0.005407
v -0.014351 -0.000722 -0.004907
v -0.014533 0.000286 -0.004341
v -0.014589 0.000599 -0.004165
v -0.014653 0.001963 -0.003466
v -0.014633 0.002205 -0.003353
v -0.014540 0.003349 -0.002819
v -0.014371 0.004165 -0.002476
v -0.014252 0.004737 -0.002235
v 0.005271 -0.003988 -0.013670
v 0.006303 -0.002901 -0.013506
v 0.006322 -0.002883 -0.013504
v 0.009525 -0.001107 -0.013249
v 0.008649 -0.002547 -0.013645
v 0.007437 -0.001801 -0.013309
v 0.006612 -0.002892 -0.013550
v 0.006583 -0.002869 -0.013539
v 0.006489 -0.002831 -0.013513
v 0.006387 -0.002842 -0.013501
v 0.006341 -0.002866 -0.013501
v 0.007917 -0.003919 -0.013963
v 0.007863 -0.003857 -0.013945
v 0.007734 -0.003756 -0.013912
v 0.007942 -0.003994 -0.013983
v 0.009867 -0.003329 -0.013853
v 0.007936 -0.004072 -0.014001
v 0.008795 -0.004729 -0.014157
v 0.007902 -0.004136 -0.014013
v 0.008731 -0.004813 -0.014175
v 0.007899 -0.004141 -0.014014
v 0.007532 -0.006078 -0.014367
v 0.006689 -0.005418 -0.014208
v 0.007434 -0.006181 -0.014383
v 0.006125 -0.005901 -0.014242
v 0.005343 -0.006572 -0.014290
v 0.006132 -0.007298 -0.014463
v 0.005996 -0.007414 -0.014471
v 0.004125 -0.007416 -0.014266
v 0.004614 -0.008371 -0.014443
v 0.003884 -0.007582 -0.014261
v 0.004438 -0.008494 -0.014439
v 0.003000 -0.009284 -0.014308
v 0.002333 -0.008435 -0.014119
v 0.002781 -0.009404 -0.014288
v 0.001927 -0.008606 -0.014057
v 0.001312 -0.010023 -0.014061
v 0.000714 -0.009116 -0.013868
v 0.001051 -0.010132 -0.014020
v -0.000396 -0.009451 -0.013630
v -0.000425 -0.010577 -0.013703
v -0.000951 -0.009618 -0.013511
v -0.000727 -0.010668 -0.013638
v -0.002189 -0.010939 -0.013241
v -0.002637 -0.009931 -0.013053
v -0.002528 -0.011002 -0.013149
v -0.002776 -0.009941 -0.013007
v -0.003953 -0.011104 -0.012681
v -0.004320 -0.010051 -0.012500
v -0.004326 -0.011131 -0.012559
v -0.005145 -0.010015 -0.012182
v -0.005693 -0.011070 -0.012031
v -0.005975 -0.009978 -0.011861
v -0.009692 -0.008876 -0.010014
v -0.009682 -0.008956 -0.010030
v -0.010963 -0.009598 -0.009382
v -0.010531 -0.009791 -0.009635
v -0.006093 -0.011053 -0.011876
v -0.007385 -0.010837 -0.011299
v -0.007440 -0.009734 -0.011207
v -0.007805 -0.010768 -0.011112
v -0.007577 -0.009711 -0.011146
v -0.009005 -0.010409 -0.010497
v -0.009104 -0.009255 -0.010364
v -0.009436 -0.010280 -0.010276
v -0.009588 -0.009064 -0.010093
v -0.009645 -0.009022 -0.010058
v -0.009674 -0.008795 -0.010012
v -0.010373 -0.008272 -0.009562
v -0.009612 -0.008640 -0.010022
v -0.009722 -0.006965 -0.009627
v -0.009035 -0.007297 -0.010041
v -0.008373 -0.007303 -0.010349
v -0.008774 -0.007146 -0.010125
v -0.008818 -0.007134 -0.010102
v -0.008866 -0.007136 -0.010080
v -0.008955 -0.007179 -0.010049
v -0.009019 -0.007262 -0.010040
v -0.007054 -0.007697 -0.011025
v -0.006921 -0.007720 -0.011084
v -0.005670 -0.007928 -0.011643
v -0.004943 -0.007960 -0.011924
v -0.004240 -0.007991 -0.012195
v -0.002901 -0.007895 -0.012635
v -0.002787 -0.007887 -0.012672
v -0.001330 -0.007617 -0.013068
v -0.000851 -0.007472 -0.013171
v 0.000109 -0.007184 -0.013377
v 0.001152 -0.006744 -0.013539
v 0.001508 -0.006595 -0.013594
v 0.002847 -0.005858 -0.013716
v 0.003047 -0.005720 -0.013720
v 0.004108 -0.004985 -0.013742
v 0.004771 -0.004416 -0.013701
v -0.000872 0.015217 -0.001840
v -0.000059 0.015202 -0.002144
v -0.000069 0.015172 -0.002165
v -0.000070 0.015091 -0.002232
v -0.000023 0.015028 -0.002300
v 0.000016 0.015010 -0.002329
v 0.000062 0.015001 -0.002351
v 0.001178 0.016517 -0.001317
v 0.000636 0.016563 -0.001097
v 0.000280 0.017306 -0.000123
v 0.000560 0.016556 -0.001079
v -0.000220 0.017329 0.000070
v 0.000485 0.016527 -0.001085
v 0.000424 0.016480 -0.001114
v 0.001548 0.017250 -0.000613
v 0.001999 0.017175 -0.000814
v 0.002781 0.016251 -0.002032
v 0.003259 0.016965 -0.001377
v 0.002911 0.016212 -0.002099
v 0.003659 0.016846 -0.001582
v 0.004308 0.015795 -0.002815
v 0.004890 0.016478 -0.002212
v 0.005024 0.015474 -0.003234
v 0.005236 0.016324 -0.002415
v 0.005737 0.015156 -0.003652
v 0.006417 0.015796 -0.003107
v 0.006707 0.015616 -0.003302
v 0.006939 0.014411 -0.004459
v 0.007817 0.014928 -0.004046
v 0.007047 0.014344 -0.004532
v 0.008053 0.014732 -0.004230
v 0.008220 0.013371 -0.005441
v 0.009070 0.013888 -0.005019
v 0.008559 0.012997 -0.005750
v 0.009254 0.013685 -0.005186
v 0.009238 0.012250 -0.006368
v 0.010157 0.012691 -0.006008
v 0.010294 0.012489 -0.006158
v 0.009874 0.011312 -0.007065
v 0.011063 0.011354 -0.007002
v 0.010086 0.010998 -0.007298
v 0.011157 0.011162 -0.007131
v 0.010752 0.009634 -0.008218
v 0.011775 0.009897 -0.007984
v 0.010831 0.009393 -0.008365
v 0.011832 0.009721 -0.008092
v 0.011227 0.008176 -0.009113
v 0.012282 0.008340 -0.008941
v 0.012309 0.008186 -0.009027
v 0.011387 0.007288 -0.009613
v 0.012576 0.006707 -0.009858
v 0.011503 0.006648 -0.009972
v 0.011576 0.005074 -0.010780
v 0.012582 0.006580 -0.009924
v 0.012654 0.005021 -0.010723
v 0.011574 0.005070 -0.010782
v 0.011558 0.005006 -0.010814
v 0.012646 0.004924 -0.010769
v 0.011510 0.004948 -0.010844
v 0.012515 0.003308 -0.011523
v 0.011440 0.004911 -0.010864
v 0.011357 0.004900 -0.010871
v 0.011067 0.003514 -0.011517
v 0.011190 0.004906 -0.010871
v 0.009619 0.003666 -0.011390
v 0.009730 0.004922 -0.010808
v 0.009519 0.005008 -0.010745
v 0.009591 0.004944 -0.010784
v 0.009692 0.004922 -0.010804
v 0.009499 0.005050 -0.010722
v 0.009496 0.005072 -0.010711
v 0.009493 0.005096 -0.010699
v 0.009430 0.006436 -0.010011
v 0.009327 0.007003 -0.009693
v 0.009191 0.007757 -0.009269
v 0.008846 0.008817 -0.008618
v 0.008781 0.009016 -0.008495
v 0.008206 0.010194 -0.007701
v 0.008020 0.010469 -0.007497
v 0.007473 0.011276 -0.006897
v 0.006887 0.011921 -0.006364
v 0.006594 0.012244 -0.006097
v 0.005580 0.013085 -0.005311
v 0.000510 0.014963 -0.002533
v 0.001894 0.014732 -0.003152
v 0.002021 0.014694 -0.003217
v 0.003213 0.014338 -0.003827
v 0.003841 0.014058 -0.004195
v 0.004448 0.013787 -0.004551
v 0.005491 0.013140 -0.005251
v 0.009903 -0.003270 -0.013836
v 0.010826 -0.001752 -0.013419
v 0.010840 -0.001721 -0.013409
v -0.016052 -0.004249 -0.004875
v -0.015609 -0.005157 -0.005487
v -0.015284 -0.005636 -0.005843
v -0.006707 0.015863 0.001703
v -0.005597 0.016330 0.001531
v -0.004993 0.016512 0.001402
v -0.003818 0.016865 0.001149
v -0.003241 0.016972 0.000992
v -0.001475 0.017239 0.000482
v -0.002204 0.016201 -0.000391
v -0.002017 0.017200 0.000660
v 0.012501 0.003243 -0.011550
v 0.012159 0.001591 -0.012246
v 0.010743 0.001946 -0.012177
v 0.008227 -0.000502 -0.012952
v 0.008860 0.000856 -0.012509
v -0.011907 -0.005394 -0.008052
v -0.010875 -0.006251 -0.008852
v -0.012803 -0.004408 -0.007236
v -0.006727 0.013794 -0.000415
v -0.002352 0.015111 -0.001354
v 0.009326 0.002252 -0.011985
v -0.017011 0.003759 -0.000424
v -0.017265 0.002056 -0.001177
v -0.017308 0.000367 -0.001999
v -0.017139 -0.001284 -0.002880
v -0.016761 -0.002875 -0.003807
v -0.016179 -0.004382 -0.004767
v -0.015402 -0.005784 -0.005746
v -0.014440 -0.007063 -0.006730
v -0.013306 -0.008200 -0.007707
v -0.012017 -0.009179 -0.008662
v -0.005697 -0.011276 -0.012003
v -0.003937 -0.011310 -0.012660
v -0.002153 -0.011141 -0.013226
v -0.000371 -0.010774 -0.013692
v 0.001386 -0.010212 -0.014053
v 0.003092 -0.009464 -0.014302
v 0.004722 -0.008540 -0.014438
v 0.006255 -0.007454 -0.014457
v 0.007669 -0.006220 -0.014359
v 0.008944 -0.004856 -0.014146
v -0.017058 0.003696 -0.000250
v -0.016594 0.005400 0.000427
v -0.016550 0.005452 0.000248
v 0.011143 -0.001915 -0.013299
v 0.010192 -0.003491 -0.013735
v 0.010062 -0.003381 -0.013821
v 0.012927 0.003052 -0.011263
v 0.012565 0.001336 -0.011983
v 0.012474 0.001419 -0.012129
v 0.013076 0.004766 -0.010467
v 0.012834 0.003131 -0.011410
v 0.013013 0.006454 -0.009606
v 0.012984 0.004841 -0.010616
v 0.012737 0.008092 -0.008693
v 0.012920 0.006525 -0.009757
v 0.012252 0.009657 -0.007740
v 0.012644 0.008159 -0.008846
v 0.011565 0.011128 -0.006760
v 0.012161 0.009721 -0.007895
v 0.010686 0.012483 -0.005768
v 0.011475 0.011188 -0.006918
v 0.009627 0.013703 -0.004776
v 0.010598 0.012540 -0.005928
v 0.008403 0.014772 -0.003800
v 0.009542 0.013758 -0.004939
v 0.007031 0.015675 -0.002853
v 0.008320 0.014824 -0.003965
v 0.005530 0.016398 -0.001948
v 0.006952 0.015725 -0.003020
v 0.003922 0.016932 -0.001098
v 0.005454 0.016446 -0.002117
v 0.002229 0.017268 -0.000315
v 0.003850 0.016979 -0.001269
v 0.000475 0.017404 0.000391
v 0.002161 0.017315 -0.000487
v -0.001316 0.017335 0.001009
v 0.000411 0.017450 0.000217
v -0.003119 0.017065 0.001530
v -0.001376 0.017382 0.000833
v -0.004907 0.016595 0.001948
v -0.003174 0.017111 0.001354
v -0.006656 0.015933 0.002257
v -0.004959 0.016643 0.001771
v -0.008342 0.015088 0.002451
v -0.006704 0.015983 0.002078
v -0.009941 0.014073 0.002529
v -0.008386 0.015140 0.002272
v -0.011430 0.012900 0.002489
v -0.009981 0.014127 0.002350
v -0.012789 0.011588 0.002332
v -0.011467 0.012957 0.002310
v -0.013998 0.010153 0.002060
v -0.012823 0.011647 0.002154
v -0.015040 0.008617 0.001677
v -0.014029 0.010216 0.001883
v -0.015901 0.007000 0.001189
v -0.015069 0.008683 0.001500
v -0.016569 0.005326 0.000601
v -0.015928 0.007070 0.001013
v -0.003844 -0.011584 -0.012422
v -0.005620 -0.011550 -0.011759
v -0.005670 -0.011438 -0.011905
v -0.002045 -0.011414 -0.012993
v -0.003899 -0.011472 -0.012566
v -0.000246 -0.011043 -0.013463
v -0.002103 -0.011302 -0.013136
v 0.001526 -0.010476 -0.013827
v -0.000309 -0.010932 -0.013605
v 0.003247 -0.009722 -0.014079
v 0.001459 -0.010367 -0.013968
v 0.004892 -0.008790 -0.014215
v 0.003176 -0.009614 -0.014220
v 0.006438 -0.007694 -0.014234
v 0.004818 -0.008684 -0.014356
v 0.007865 -0.006449 -0.014136
v 0.006361 -0.007591 -0.014375
v 0.009151 -0.005073 -0.013921
v 0.007784 -0.006349 -0.014276
v 0.010279 -0.003585 -0.013593
v 0.009067 -0.004976 -0.014062
v 0.011232 -0.002006 -0.013156
v 0.011998 -0.000358 -0.012617
v -0.017034 0.003618 -0.000077
v -0.017290 0.001900 -0.000837
v 0.011907 -0.000271 -0.012761
v -0.009048 -0.010610 -0.010453
v -0.007409 -0.011042 -0.011264
v -0.007393 -0.011202 -0.011161
v -0.007347 -0.011314 -0.011013
v -0.009043 -0.010767 -0.010345
v -0.010591 -0.009986 -0.009581
v 0.012328 0.001497 -0.012225
v 0.011766 -0.000182 -0.012854
v 0.011007 -0.001816 -0.013388
v -0.009000 -0.010878 -0.010195
v -0.010596 -0.010139 -0.009467
v -0.010557 -0.010248 -0.009316
v -0.012032 -0.009327 -0.008542
v -0.011996 -0.009434 -0.008388
v -0.013329 -0.008341 -0.007581
v -0.013296 -0.008447 -0.007425
v -0.014470 -0.007197 -0.006598
v -0.014440 -0.007300 -0.006439
v -0.015439 -0.005910 -0.005606
v -0.015411 -0.006010 -0.005446
v -0.016221 -0.004498 -0.004621
v -0.016195 -0.004595 -0.004458
v -0.016807 -0.002981 -0.003655
v -0.016782 -0.003074 -0.003490
v -0.017187 -0.001380 -0.002722
v -0.017163 -0.001470 -0.002555
v -0.017357 0.000282 -0.001836
v -0.017334 0.000196 -0.001666
v -0.017314 0.001982 -0.001008
v -0.015888 0.007111 0.000831
v -0.015034 0.008713 0.001315
v -0.014001 0.010236 0.001695
v -0.012803 0.011658 0.001964
v -0.011456 0.012959 0.002120
v -0.009980 0.014122 0.002159
v -0.008396 0.015128 0.002082
v -0.006724 0.015966 0.001889
v -0.004990 0.016622 0.001584
v -0.003218 0.017087 0.001169
v -0.001431 0.017355 0.000652
v 0.000344 0.017423 0.000040
v 0.002083 0.017289 -0.000660
v 0.003761 0.016955 -0.001436
v 0.005355 0.016426 -0.002279
v 0.006842 0.015709 -0.003176
v 0.008202 0.014815 -0.004115
v 0.009415 0.013755 -0.005082
v 0.010465 0.012545 -0.006064
v 0.011337 0.011202 -0.007048
v 0.012017 0.009745 -0.008019
v 0.012498 0.008193 -0.008964
v 0.012772 0.006570 -0.009869
v 0.012835 0.004897 -0.010723
v 0.012686 0.003198 -0.011511
v -0.016097 0.001374 -0.001532
v -0.008915 0.013435 0.001839
v -0.010897 0.011891 0.001794
v -0.012622 0.010085 0.001526
v -0.014041 0.008070 0.001042
v -0.015112 0.005904 0.000357
v -0.015804 0.003650 -0.000509
v -0.015982 -0.000856 -0.002681
v -0.015463 -0.002977 -0.003922
v -0.002510 -0.010312 -0.012277
v -0.009321 -0.009428 -0.009359
v -0.007175 -0.010106 -0.010476
v -0.004883 -0.010403 -0.011458
v -0.000126 -0.009835 -0.012908
v 0.004399 -0.007790 -0.013539
v 0.002200 -0.008986 -0.013333
v 0.006407 -0.006282 -0.013522
v 0.008166 -0.004505 -0.013281
v 0.011843 0.004710 -0.010046
v 0.011679 0.006931 -0.008884
v 0.011111 0.009035 -0.007634
v 0.010157 0.010959 -0.006331
v 0.008844 0.012648 -0.005015
v 0.007211 0.014053 -0.003724
v 0.005305 0.015132 -0.002494
v 0.000903 0.016199 -0.000363
v 0.003182 0.015855 -0.001363
v -0.011821 0.002759 -0.004908
v -0.011395 0.002232 -0.005382
v -0.010950 0.001681 -0.005878
v -0.010676 0.001341 -0.006170
v -0.010067 0.000587 -0.006818
v -0.011501 0.002815 -0.005045
v -0.011466 0.003343 -0.004795
v -0.011266 0.004507 -0.004291
v -0.011253 0.004548 -0.004275
v -0.010899 0.005658 -0.003853
v -0.010622 0.006245 -0.003663
v -0.010373 0.006772 -0.003492
v -0.009698 0.007828 -0.003214
v -0.009683 0.007846 -0.003210
v -0.008887 0.008806 -0.003024
v -0.008413 0.009253 -0.002974
v -0.007956 0.009685 -0.002926
v -0.006923 0.010449 -0.002923
v -0.006023 0.008984 -0.004233
v -0.008134 0.006993 -0.004453
v -0.009525 0.003145 -0.005856
v -0.009499 0.003549 -0.005665
v -0.009346 0.004439 -0.005279
v -0.009335 0.004470 -0.005267
v -0.009065 0.005319 -0.004945
v -0.008853 0.005768 -0.004799
v -0.008662 0.006171 -0.004668
v -0.008146 0.006979 -0.004455
v -0.007525 0.007727 -0.004310
v -0.007163 0.008070 -0.004272
v -0.006813 0.008400 -0.004236
v -0.009063 0.003218 -0.006038
v -0.009570 0.001907 -0.006439
v -0.009644 0.001710 -0.006496
v -0.009259 0.002710 -0.006193
v 0.001960 0.011733 -0.005471
v 0.001162 0.011586 -0.005311
v 0.000328 0.011433 -0.005143
v -0.000176 0.011335 -0.005032
v -0.001295 0.011118 -0.004785
v 0.001772 0.011459 -0.005587
v 0.002235 0.011236 -0.005866
v 0.003178 0.010642 -0.006504
v 0.003208 0.010616 -0.006528
v 0.004003 0.009913 -0.007166
v 0.004368 0.009466 -0.007520
v 0.004694 0.009065 -0.007838
v 0.005238 0.008114 -0.008508
v 0.005245 0.008095 -0.008520
v 0.005622 0.007078 -0.009162
v 0.005734 0.006518 -0.009481
v 0.005841 0.005978 -0.009788
v 0.005890 0.004835 -0.010372
v 0.003779 0.004690 -0.009932
v 0.003285 0.007184 -0.008515
v 0.000629 0.009757 -0.006271
v 0.000983 0.009586 -0.006484
v 0.001705 0.009132 -0.006972
v 0.001727 0.009112 -0.006991
v 0.002336 0.008575 -0.007479
v 0.002614 0.008233 -0.007750
v 0.002865 0.007926 -0.007993
v 0.003280 0.007198 -0.008506
v 0.003574 0.006405 -0.009006
v 0.003660 0.005977 -0.009250
v 0.003742 0.005564 -0.009485
v 0.000366 0.009358 -0.006423
v -0.000593 0.010374 -0.005491
v -0.000469 0.010244 -0.005615
v 0.000042 0.009701 -0.006110
v 0.001482 -0.003069 -0.012642
v 0.001809 -0.002333 -0.012453
v 0.002150 -0.001563 -0.012256
v 0.002361 -0.001101 -0.012127
v 0.002830 -0.000072 -0.011839
v 0.001312 -0.002798 -0.012494
v 0.000814 -0.003103 -0.012464
v -0.000329 -0.003673 -0.012331
v -0.000372 -0.003688 -0.012323
v -0.001521 -0.004095 -0.012107
v -0.002163 -0.004235 -0.011943
v -0.002739 -0.004361 -0.011795
v -0.003957 -0.004466 -0.011404
v -0.003978 -0.004465 -0.011396
v -0.005153 -0.004407 -0.010940
v -0.005738 -0.004295 -0.010671
v -0.006303 -0.004187 -0.010412
v -0.007383 -0.003808 -0.009830
v -0.006375 -0.001922 -0.009517
v -0.003770 -0.002425 -0.010715
v 0.000277 -0.001150 -0.011555
v -0.000104 -0.001383 -0.011532
v -0.000979 -0.001819 -0.011430
v -0.001011 -0.001831 -0.011424
v -0.001891 -0.002142 -0.011258
v -0.002381 -0.002249 -0.011133
v -0.002822 -0.002346 -0.011020
v -0.003754 -0.002426 -0.010721
v -0.004669 -0.002381 -0.010366
v -0.005117 -0.002295 -0.010160
v -0.005548 -0.002212 -0.009962
v 0.000039 -0.000770 -0.011329
v 0.001431 -0.000415 -0.011596
v 0.001640 -0.000364 -0.011632
v 0.000578 -0.000632 -0.011433
v -0.015296 -0.003078 -0.004033
v -0.015369 -0.003069 -0.004002
v -0.015427 -0.003034 -0.003963
v -0.008703 0.013448 0.001768
v -0.008770 0.013471 0.001804
v -0.008844 0.013466 0.001829
v 0.000705 0.016097 -0.000342
v 0.000759 0.016154 -0.000333
v 0.000829 0.016190 -0.000340
v 0.011721 0.004528 -0.010092
v 0.011784 0.004575 -0.010091
v 0.011827 0.004639 -0.010075
v -0.009411 -0.009259 -0.009242
v -0.009408 -0.009329 -0.009278
v -0.009376 -0.009389 -0.009319
v 0.008198 -0.004302 -0.013191
v 0.008216 -0.004368 -0.013230
v 0.008205 -0.004439 -0.013262
v 0.011559 0.006760 -0.008925
v 0.002995 0.015754 -0.001345
v 0.011006 0.008891 -0.007667
v 0.010055 0.010841 -0.006353
v 0.008732 0.012549 -0.005024
v 0.007080 0.013964 -0.003720
v 0.005148 0.015044 -0.002481
v 0.006433 -0.006089 -0.013435
v -0.007257 -0.009943 -0.010365
v -0.004948 -0.010263 -0.011365
v -0.002554 -0.010183 -0.012196
v -0.000146 -0.009705 -0.012836
v 0.002201 -0.008844 -0.013263
v 0.004416 -0.007627 -0.013465
v -0.010695 0.011900 0.001725
v -0.015821 -0.000949 -0.002785
v -0.012452 0.010089 0.001466
v -0.013894 0.008059 0.000984
v -0.014980 0.005873 0.000294
v -0.015675 0.003597 -0.000583
v -0.015958 0.001300 -0.001619
v 0.012161 -0.006912 -0.001956
v 0.013896 -0.005746 0.000575
v 0.013214 -0.004816 -0.001299
v 0.014552 -0.003558 0.001421
v 0.013870 -0.002628 -0.000452
v 0.014789 -0.001353 0.002429
v 0.014107 -0.000423 0.000556
v 0.014598 0.000794 0.003564
v 0.013916 0.001724 0.001690
v 0.013987 0.002810 0.004787
v 0.013305 0.003740 0.002913
v 0.012975 0.004626 0.006056
v 0.012293 0.005556 0.004183
v 0.011598 0.006181 0.007329
v 0.010916 0.007111 0.005456
v 0.009902 0.007421 0.008562
v 0.009220 0.008351 0.006688
v 0.007946 0.008305 0.009713
v 0.007264 0.009235 0.007839
v 0.005795 0.008802 0.010742
v 0.005113 0.009731 0.008868
v 0.003522 0.008895 0.011615
v 0.002841 0.009825 0.009742
v 0.001207 0.008581 0.012302
v 0.000525 0.009511 0.010429
v -0.001074 0.007871 0.012780
v -0.001756 0.008801 0.010907
v -0.003242 0.006789 0.013032
v -0.003924 0.007719 0.011159
v -0.005223 0.005372 0.013050
v -0.005905 0.006302 0.011176
v -0.006950 0.003668 0.012833
v -0.007632 0.004598 0.010959
v -0.008364 0.001735 0.012388
v -0.009046 0.002665 0.010515
v -0.009417 -0.000361 0.011732
v -0.010099 0.000569 0.009858
v -0.010073 -0.002549 0.010885
v -0.010755 -0.001619 0.009011
v -0.010310 -0.004754 0.009877
v -0.010992 -0.003824 0.008003
v -0.010119 -0.006901 0.008742
v -0.010801 -0.005971 0.006868
v -0.009508 -0.008917 0.007519
v -0.010190 -0.007987 0.005645
v -0.008496 -0.010733 0.006250
v -0.009178 -0.009803 0.004376
v -0.007119 -0.012288 0.004977
v -0.007801 -0.011358 0.003103
v -0.005423 -0.013528 0.003744
v -0.006105 -0.012598 0.001871
v -0.003467 -0.014412 0.002594
v -0.004148 -0.013482 0.000720
v -0.001315 -0.014908 0.001564
v -0.001997 -0.013979 -0.000309
v 0.000957 -0.015002 0.000691
v 0.000275 -0.014072 -0.001183
v 0.003272 -0.014688 0.000004
v 0.002590 -0.013758 -0.001870
v 0.005553 -0.013978 -0.000474
v 0.004871 -0.013048 -0.002348
v 0.007721 -0.012896 -0.000726
v 0.007039 -0.011966 -0.002600
v 0.009702 -0.011479 -0.000744
v 0.009020 -0.010549 -0.002617
v 0.011429 -0.009775 -0.000527
v 0.010747 -0.008845 -0.002400
v 0.012843 -0.007842 -0.000082
v 0.012785 -0.007629 -0.004195
v 0.013681 -0.006144 -0.003784
v 0.014157 -0.007489 -0.000571
v 0.013338 -0.008818 -0.000932
v 0.013233 -0.008987 -0.000978
v 0.011725 -0.009027 -0.004503
v 0.012321 -0.010152 -0.001225
v 0.012135 -0.010390 -0.001275
v 0.010516 -0.010321 -0.004705
v 0.011164 -0.011386 -0.001415
v 0.010880 -0.011677 -0.001456
v 0.009176 -0.011491 -0.004798
v 0.009882 -0.012501 -0.001502
v 0.009488 -0.012826 -0.001520
v 0.007722 -0.012521 -0.004780
v 0.008493 -0.013483 -0.001484
v 0.007981 -0.013820 -0.001465
v 0.006175 -0.013397 -0.004651
v 0.007016 -0.014318 -0.001360
v 0.006383 -0.014644 -0.001292
v 0.004558 -0.014106 -0.004415
v 0.005472 -0.014994 -0.001134
v 0.004718 -0.015283 -0.001003
v 0.002892 -0.014639 -0.004073
v 0.003882 -0.015502 -0.000808
v 0.001202 -0.014988 -0.003630
v 0.003014 -0.015729 -0.000604
v 0.002268 -0.015835 -0.000386
v -0.000490 -0.015147 -0.003094
v 0.001296 -0.015974 -0.000100
v 0.000654 -0.015989 0.000126
v -0.002159 -0.015116 -0.002471
v -0.000407 -0.016013 0.000500
v -0.000940 -0.015960 0.000720
v -0.003782 -0.014893 -0.001770
v -0.002069 -0.015848 0.001187
v -0.002491 -0.015751 0.001388
v -0.005336 -0.014484 -0.001001
v -0.003665 -0.015479 0.001950
v -0.003976 -0.015362 0.002122
v -0.006800 -0.013892 -0.000174
v -0.005167 -0.014914 0.002778
v -0.005377 -0.014800 0.002910
v -0.008152 -0.013126 0.000698
v -0.006554 -0.014160 0.003657
v -0.006672 -0.014073 0.003743
v -0.009375 -0.012198 0.001603
v -0.007803 -0.013231 0.004572
v -0.007844 -0.013189 0.004608
v -0.010449 -0.011120 0.002529
v -0.008874 -0.012160 0.005493
v -0.008894 -0.012139 0.005511
v -0.011362 -0.009908 0.003463
v -0.009742 -0.010997 0.006387
v -0.009811 -0.010904 0.006458
v -0.012099 -0.008577 0.004392
v -0.010442 -0.009723 0.007274
v -0.010538 -0.009543 0.007398
v -0.012651 -0.007148 0.005302
v -0.010965 -0.008355 0.008143
v -0.011064 -0.008079 0.008316
v -0.013009 -0.005640 0.006180
v -0.011304 -0.006914 0.008981
v -0.011382 -0.006535 0.009198
v -0.013169 -0.004074 0.007016
v -0.011454 -0.005418 0.009778
v -0.011485 -0.004935 0.010029
v -0.013129 -0.002473 0.007796
v -0.011413 -0.003888 0.010522
v -0.011373 -0.003304 0.010798
v -0.012888 -0.000858 0.008509
v -0.011182 -0.002347 0.011203
v -0.011046 -0.001668 0.011491
v -0.012451 0.000748 0.009147
v -0.010764 -0.000815 0.011811
v -0.011823 0.002321 0.009699
v -0.010511 -0.000053 0.012097
v -0.010165 0.000687 0.012338
v -0.011014 0.003841 0.010159
v -0.009776 0.001516 0.012608
v -0.009393 0.002138 0.012777
v -0.010034 0.005285 0.010519
v -0.008852 0.003014 0.013015
v -0.008459 0.003517 0.013122
v -0.008897 0.006633 0.010774
v -0.007754 0.004417 0.013312
v -0.007375 0.004805 0.013367
v -0.007620 0.007867 0.010922
v -0.006499 0.005703 0.013494
v -0.006158 0.005985 0.013509
v -0.006221 0.008969 0.010959
v -0.005107 0.006853 0.013557
v -0.004823 0.007040 0.013547
v -0.004718 0.009924 0.010886
v -0.003600 0.007847 0.013502
v -0.003389 0.007956 0.013479
v -0.003133 0.010718 0.010703
v -0.002001 0.008671 0.013329
v -0.001876 0.008719 0.013307
v -0.001489 0.011340 0.010413
v -0.000337 0.009310 0.013040
v -0.000305 0.009318 0.013033
v 0.000192 0.011781 0.010021
v 0.001303 0.009739 0.012656
v 0.001368 0.009756 0.012641
v 0.001886 0.012036 0.009530
v 0.002923 0.009977 0.012185
v 0.003085 0.010000 0.012138
v 0.003570 0.012100 0.008950
v 0.004531 0.010034 0.011628
v 0.004788 0.010040 0.011537
v 0.005219 0.011973 0.008286
v 0.006106 0.009909 0.010993
v 0.006451 0.009875 0.010850
v 0.006810 0.011656 0.007550
v 0.007625 0.009603 0.010288
v 0.008046 0.009506 0.010087
v 0.008322 0.011155 0.006751
v 0.009067 0.009122 0.009525
v 0.009548 0.008941 0.009259
v 0.009732 0.010475 0.005900
v 0.010412 0.008471 0.008712
v 0.010935 0.008187 0.008381
v 0.011022 0.009627 0.005010
v 0.011642 0.007661 0.007862
v 0.012184 0.007257 0.007465
v 0.012172 0.008622 0.004092
v 0.012740 0.006701 0.006986
v 0.013168 0.007475 0.003161
v 0.013275 0.006166 0.006526
v 0.013690 0.005607 0.006097
v 0.013994 0.006201 0.002228
v 0.014192 0.004930 0.005579
v 0.014480 0.004391 0.005207
v 0.014640 0.004819 0.001307
v 0.014919 0.003570 0.004639
v 0.015098 0.003073 0.004328
v 0.015096 0.003348 0.000411
v 0.015445 0.002106 0.003721
v 0.015535 0.001669 0.003472
v 0.015355 0.001808 -0.000447
v 0.015763 0.000562 0.002840
v 0.015786 0.000200 0.002651
v 0.015415 0.000221 -0.001256
v 0.015866 -0.001038 0.002008
v 0.015847 -0.001315 0.001877
v 0.015274 -0.001390 -0.002005
v 0.015754 -0.002669 0.001239
v 0.015717 -0.002854 0.001161
v 0.014935 -0.003003 -0.002681
v 0.015428 -0.004305 0.000546
v 0.015397 -0.004396 0.000512
v 0.014401 -0.004595 -0.003277
v 0.014893 -0.005920 -0.000060
v 0.014199 -0.007400 -0.000542
v 0.014305 -0.001580 -0.005832
v 0.014655 0.000085 -0.005133
v 0.014801 0.001749 -0.004361
v 0.014739 0.003387 -0.003525
v 0.014471 0.004976 -0.002639
v 0.014000 0.006496 -0.001714
v 0.013334 0.007923 -0.000763
v 0.012480 0.009238 0.000200
v 0.011453 0.010422 0.001162
v 0.010265 0.011460 0.002109
v 0.008933 0.012335 0.003028
v 0.007477 0.013037 0.003906
v 0.005916 0.013555 0.004732
v 0.004273 0.013882 0.005492
v 0.002571 0.014013 0.006177
v 0.000833 0.013947 0.006776
v -0.000916 0.013684 0.007282
v -0.002652 0.013228 0.007688
v -0.004350 0.012586 0.007987
v -0.005986 0.011766 0.008176
v -0.007538 0.010781 0.008252
v -0.008983 0.009643 0.008213
v -0.010301 0.008369 0.008061
v -0.011475 0.006977 0.007797
v -0.012486 0.005486 0.007425
v -0.013322 0.003917 0.006951
v -0.013970 0.002292 0.006380
v -0.014422 0.000635 0.005722
v -0.014670 -0.001033 0.004985
v -0.014712 -0.002686 0.004180
v -0.014547 -0.004303 0.003318
v -0.014177 -0.005860 0.002410
v -0.013607 -0.007336 0.001471
v -0.012846 -0.008709 0.000512
v -0.011904 -0.009961 -0.000452
v -0.010794 -0.011074 -0.001408
v -0.009532 -0.012033 -0.002343
v -0.008136 -0.012823 -0.003244
v -0.006625 -0.013434 -0.004097
v -0.005020 -0.013857 -0.004891
v -0.003344 -0.014086 -0.005615
v -0.001621 -0.014119 -0.006258
v 0.000126 -0.013954 -0.006812
v 0.001871 -0.013594 -0.007269
v 0.003591 -0.013044 -0.007622
v 0.005261 -0.012312 -0.007866
v 0.006858 -0.011408 -0.007998
v 0.008359 -0.010344 -0.008017
v 0.009743 -0.009136 -0.007921
v 0.010991 -0.007800 -0.007713
v 0.012085 -0.006356 -0.007394
v 0.013011 -0.004824 -0.006971
v 0.013754 -0.003224 -0.006447
v 0.013514 -0.000133 -0.008935
v 0.013872 0.001567 -0.008222
v 0.014020 0.003265 -0.007433
v 0.013957 0.004937 -0.006581
v 0.013684 0.006559 -0.005676
v 0.013203 0.008110 -0.004732
v 0.012523 0.009566 -0.003762
v 0.011652 0.010908 -0.002779
v 0.010603 0.012117 -0.001797
v 0.009391 0.013176 -0.000830
v 0.008032 0.014070 0.000108
v 0.006546 0.014786 0.001005
v 0.004953 0.015315 0.001847
v 0.003276 0.015649 0.002623
v 0.001538 0.015783 0.003322
v -0.000236 0.015715 0.003934
v -0.002021 0.015447 0.004450
v -0.003792 0.014981 0.004864
v -0.005525 0.014326 0.005170
v -0.007195 0.013489 0.005362
v -0.008779 0.012483 0.005439
v -0.010254 0.011322 0.005400
v -0.011600 0.010022 0.005244
v -0.012797 0.008601 0.004975
v -0.013830 0.007079 0.004596
v -0.014683 0.005478 0.004112
v -0.015344 0.003819 0.003530
v -0.015805 0.002128 0.002858
v -0.016058 0.000426 0.002106
v -0.016101 -0.001262 0.001284
v -0.015933 -0.002912 0.000404
v -0.015555 -0.004501 -0.000523
v -0.014974 -0.006007 -0.001481
v -0.014197 -0.007409 -0.002460
v -0.013235 -0.008687 -0.003444
v -0.012102 -0.009823 -0.004420
v -0.010814 -0.010801 -0.005374
v -0.009389 -0.011607 -0.006293
v -0.007847 -0.012231 -0.007164
v -0.006209 -0.012663 -0.007974
v -0.004499 -0.012897 -0.008713
v -0.002740 -0.012930 -0.009370
v -0.000957 -0.012762 -0.009935
v 0.000824 -0.012395 -0.010401
v 0.002579 -0.011833 -0.010761
v 0.004284 -0.011086 -0.011011
v 0.005913 -0.010163 -0.011146
v 0.007445 -0.009077 -0.011165
v 0.008858 -0.007844 -0.011067
v 0.010132 -0.006481 -0.010855
v 0.011249 -0.005007 -0.010530
v 0.012194 -0.003443 -0.010097
v 0.012952 -0.001810 -0.009563
v -0.008695 -0.012082 0.005653
v -0.007618 -0.013158 0.004727
v -0.011139 -0.003366 0.010867
v -0.011250 -0.004975 0.010109
v -0.009565 0.001388 0.012653
v -0.010290 -0.000160 0.012149
v -0.010818 -0.001753 0.011551
v 0.003122 0.009757 0.012189
v 0.001428 0.009516 0.012686
v 0.015618 -0.002740 0.001439
v 0.015729 -0.001132 0.002197
v 0.014044 -0.007495 -0.000347
v 0.014769 -0.005947 0.000157
v 0.015297 -0.004354 0.000755
v 0.006374 -0.014552 -0.001058
v 0.007951 -0.013740 -0.001229
v -0.011148 -0.006554 0.009289
v -0.010835 -0.008077 0.008419
v -0.010316 -0.009521 0.007513
v -0.009599 -0.010863 0.006586
v -0.006332 0.005519 0.013526
v -0.007570 0.004250 0.013347
v -0.008653 0.002865 0.013055
v 0.013174 0.005975 0.006654
v 0.012097 0.007051 0.007580
v 0.009438 -0.012759 -0.001283
v 0.010811 -0.011625 -0.001220
v 0.012049 -0.010356 -0.001041
v 0.013132 -0.008972 -0.000749
v 0.001357 -0.015864 0.000117
v 0.003051 -0.015622 -0.000380
v 0.004733 -0.015183 -0.000773
v -0.000253 0.009076 0.013080
v -0.001895 0.008445 0.013364
v -0.003472 0.007633 0.013535
v -0.004959 0.006652 0.013589
v 0.015627 0.000447 0.003017
v 0.015314 0.001970 0.003887
v 0.014795 0.003414 0.004793
v 0.014078 0.004756 0.005720
v 0.010865 0.007968 0.008483
v 0.009497 0.008712 0.009350
v 0.008015 0.009270 0.010166
v 0.006442 0.009633 0.010919
v 0.004802 0.009796 0.011597
v -0.006386 -0.014075 0.003823
v -0.005018 -0.014819 0.002956
v -0.003536 -0.015376 0.002140
v -0.001963 -0.015740 0.001387
v -0.000323 -0.015903 0.000709
v -0.010986 -0.001706 0.011546
v -0.010453 -0.000095 0.012151
v -0.011312 -0.003337 0.010854
v -0.011424 -0.004964 0.010088
v -0.011320 -0.006560 0.009258
v -0.011004 -0.008100 0.008379
v -0.010479 -0.009560 0.007463
v -0.009754 -0.010917 0.006526
v -0.008840 -0.012149 0.005582
v -0.007751 -0.013238 0.004646
v -0.006506 -0.014165 0.003732
v -0.005123 -0.014917 0.002856
v -0.002033 -0.015848 0.001269
v -0.003624 -0.015481 0.002030
v 0.001324 -0.015974 -0.000015
v -0.000375 -0.016013 0.000584
v 0.004736 -0.015285 -0.000915
v 0.003037 -0.015729 -0.000517
v 0.006397 -0.014647 -0.001203
v 0.007991 -0.013826 -0.001376
v 0.009494 -0.012834 -0.001431
v 0.010882 -0.011688 -0.001367
v 0.012134 -0.010405 -0.001186
v 0.013229 -0.009005 -0.000890
v 0.014151 -0.007512 -0.000485
v 0.014884 -0.005947 0.000025
v 0.015418 -0.004336 0.000630
v 0.015743 -0.002705 0.001321
v 0.015752 0.000518 0.002917
v 0.015855 -0.001078 0.002088
v 0.014910 0.003518 0.004712
v 0.015435 0.002058 0.003797
v 0.013271 0.006107 0.006594
v 0.014185 0.004875 0.005650
v 0.012183 0.007196 0.007530
v 0.010937 0.008123 0.008444
v 0.009554 0.008875 0.009320
v 0.008055 0.009439 0.010145
v 0.006464 0.009806 0.010907
v 0.004807 0.009971 0.011592
v 0.003108 0.009932 0.012191
v 0.001395 0.009687 0.012693
v -0.000305 0.009243 0.013091
v -0.001965 0.008605 0.013379
v -0.003559 0.007784 0.013552
v -0.005062 0.006792 0.013607
v -0.007702 0.004363 0.013362
v -0.006451 0.005646 0.013543
v -0.009719 0.001470 0.012660
v -0.008798 0.002963 0.013066
v -0.009644 0.001424 0.012676
v -0.008727 0.002910 0.013080
v -0.007637 0.004303 0.013375
v -0.006391 0.005580 0.013555
v -0.005009 0.006721 0.013618
v -0.003514 0.007708 0.013563
v -0.001927 0.008525 0.013391
v -0.000275 0.009159 0.013105
v 0.001416 0.009602 0.012709
v 0.003121 0.009845 0.012209
v 0.004811 0.009884 0.011613
v 0.006461 0.009720 0.010931
v 0.008044 0.009354 0.010174
v 0.009536 0.008793 0.009352
v 0.010912 0.008045 0.008480
v 0.012152 0.007122 0.007571
v 0.013235 0.006039 0.006639
v 0.014144 0.004813 0.005700
v 0.014866 0.003462 0.004767
v 0.015389 0.002010 0.003856
v 0.015704 0.000477 0.002981
v 0.015806 -0.001111 0.002155
v 0.015695 -0.002730 0.001393
v 0.015371 -0.004354 0.000705
v 0.014840 -0.005957 0.000103
v 0.014110 -0.007514 -0.000404
v 0.013193 -0.009000 -0.000808
v 0.012103 -0.010393 -0.001103
v 0.010858 -0.011670 -0.001283
v 0.009476 -0.012810 -0.001346
v 0.007980 -0.013797 -0.001292
v 0.006394 -0.014614 -0.001120
v 0.004742 -0.015249 -0.000833
v 0.003050 -0.015691 -0.000437
v 0.001346 -0.015934 0.000063
v -0.000345 -0.015974 0.000658
v -0.001995 -0.015809 0.001341
v -0.003578 -0.015444 0.002098
v -0.005069 -0.014883 0.002920
v -0.006446 -0.014135 0.003792
v -0.007685 -0.013212 0.004701
v -0.008768 -0.012129 0.005632
v -0.009678 -0.010902 0.006572
v -0.010400 -0.009552 0.007505
v -0.010922 -0.008099 0.008416
v -0.011237 -0.006567 0.009291
v -0.011340 -0.004978 0.010117
v -0.011228 -0.003360 0.010879
v -0.010904 -0.001736 0.011567
v -0.010373 -0.000133 0.012169
v 0.008662 0.009722 0.007572
v 0.010547 0.008669 0.006363
v 0.012160 0.007288 0.005091
v 0.013450 0.005621 0.003794
v 0.014379 0.003718 0.002512
v 0.014918 0.001638 0.001283
v 0.015052 -0.000556 0.000146
v 0.014775 -0.002798 -0.000866
v 0.014097 -0.005020 -0.001722
v 0.013038 -0.007153 -0.002395
v 0.011630 -0.009134 -0.002865
v 0.009916 -0.010901 -0.003119
v 0.007948 -0.012402 -0.003147
v 0.005785 -0.013591 -0.002950
v 0.003495 -0.014431 -0.002533
v 0.001145 -0.014897 -0.001909
v -0.001192 -0.014975 -0.001097
v -0.003445 -0.014663 -0.000122
v -0.005547 -0.013970 0.000987
v -0.007432 -0.012916 0.002196
v -0.009045 -0.011535 0.003468
v -0.010335 -0.009868 0.004765
v -0.011264 -0.007965 0.006047
v -0.011803 -0.005885 0.007276
v -0.011937 -0.003691 0.008413
v -0.011660 -0.001449 0.009425
v -0.010982 0.000773 0.010281
v -0.009923 0.002906 0.010954
v -0.008515 0.004887 0.011424
v -0.006801 0.006654 0.011677
v -0.004833 0.008155 0.011706
v -0.002670 0.009344 0.011509
v -0.000380 0.010184 0.011092
v 0.001970 0.010650 0.010468
v 0.004307 0.010728 0.009656
v 0.006560 0.010416 0.008681
v -0.006571 0.010564 0.007546
v -0.004355 0.011782 0.007344
v -0.002008 0.012643 0.006916
v 0.000399 0.013120 0.006277
v 0.005103 0.012880 0.004446
v 0.002794 0.013200 0.005445
v 0.007256 0.012170 0.003310
v 0.009188 0.011090 0.002071
v 0.010840 0.009675 0.000767
v 0.012162 0.007967 -0.000562
v 0.013114 0.006017 -0.001875
v 0.013667 0.003886 -0.003134
v 0.013804 0.001638 -0.004300
v 0.013520 -0.000660 -0.005336
v 0.012825 -0.002936 -0.006213
v 0.011740 -0.005122 -0.006903
v 0.008541 -0.008962 -0.007644
v 0.010297 -0.007151 -0.007385
v 0.006524 -0.010500 -0.007674
v 0.004309 -0.011718 -0.007471
v 0.001962 -0.012579 -0.007044
v -0.000446 -0.013057 -0.006405
v -0.002840 -0.013137 -0.005573
v -0.005149 -0.012817 -0.004574
v -0.007303 -0.012106 -0.003438
v -0.009235 -0.011027 -0.002199
v -0.010887 -0.009612 -0.000895
v -0.012209 -0.007903 0.000434
v -0.013713 -0.003823 0.003006
v -0.013161 -0.005954 0.001747
v -0.013850 -0.001574 0.004172
v -0.013567 0.000723 0.005208
v -0.012872 0.002999 0.006085
v -0.011786 0.005185 0.006775
v -0.010344 0.007215 0.007257
v -0.008587 0.009026 0.007516
v 0.013706 -0.001952 -0.000057
v 0.013278 -0.003829 -0.000833
v 0.012331 -0.004612 -0.000876
v 0.012546 -0.005663 -0.001476
v 0.011477 -0.006351 -0.001429
v 0.011530 -0.007404 -0.001971
v 0.010352 -0.007975 -0.001825
v 0.010256 -0.009009 -0.002303
v 0.008987 -0.009439 -0.002055
v 0.008757 -0.010436 -0.002465
v 0.007419 -0.010704 -0.002112
v 0.007070 -0.011647 -0.002453
v 0.005692 -0.011735 -0.001995
v 0.005242 -0.012611 -0.002266
v 0.003852 -0.012504 -0.001706
v 0.003317 -0.013304 -0.001909
v 0.001949 -0.012989 -0.001255
v 0.001348 -0.013708 -0.001393
v 0.000036 -0.013178 -0.000652
v -0.000617 -0.013811 -0.000729
v -0.001836 -0.013066 0.000085
v -0.002525 -0.013612 0.000064
v -0.003615 -0.012655 0.000936
v -0.004327 -0.013115 0.000967
v -0.005254 -0.011956 0.001879
v -0.005977 -0.012333 0.001955
v -0.006706 -0.010990 0.002887
v -0.007432 -0.011287 0.003004
v -0.007933 -0.009782 0.003934
v -0.008654 -0.010004 0.004086
v -0.008901 -0.008365 0.004989
v -0.009611 -0.008517 0.005172
v -0.009584 -0.006777 0.006025
v -0.010279 -0.006864 0.006236
v -0.009963 -0.005063 0.007014
v -0.010641 -0.005088 0.007248
v -0.010028 -0.003268 0.007928
v -0.010687 -0.003235 0.008184
v -0.009776 -0.001442 0.008743
v -0.010415 -0.001354 0.009019
v -0.009216 0.000365 0.009435
v -0.009834 0.000507 0.009731
v -0.008361 0.002104 0.009987
v -0.008957 0.002301 0.010302
v -0.007236 0.003728 0.010384
v -0.007808 0.003979 0.010717
v -0.005872 0.005192 0.010614
v -0.006417 0.005500 0.010965
v -0.004304 0.006457 0.010671
v -0.004819 0.006823 0.011040
v -0.002577 0.007488 0.010554
v -0.003056 0.007914 0.010940
v -0.000737 0.008256 0.010265
v -0.001173 0.008746 0.010667
v 0.001166 0.008742 0.009814
v 0.000780 0.009296 0.010229
v 0.003079 0.008931 0.009211
v 0.002754 0.009550 0.009637
v 0.004951 0.008818 0.008474
v 0.004696 0.009502 0.008906
v 0.006731 0.008407 0.007622
v 0.006557 0.009153 0.008055
v 0.008369 0.007709 0.006680
v 0.008289 0.008511 0.007107
v 0.009821 0.006743 0.005672
v 0.009846 0.007595 0.006085
v 0.011048 0.005534 0.004625
v 0.011189 0.006426 0.005017
v 0.012016 0.004117 0.003570
v 0.012282 0.005036 0.003929
v 0.012699 0.002530 0.002533
v 0.013098 0.003461 0.002850
v 0.013078 0.000816 0.001545
v 0.013615 0.001741 0.001809
v 0.013143 -0.000979 0.000631
v 0.013819 -0.000079 0.000831
v 0.012891 -0.002805 -0.000184
v -0.008226 -0.003556 0.013001
v -0.007666 -0.001748 0.013694
v -0.006811 -0.000009 0.014246
v -0.005687 0.001615 0.014642
v -0.004322 0.003079 0.014872
v -0.002754 0.004344 0.014929
v -0.001027 0.005375 0.014812
v 0.000813 0.006143 0.014524
v 0.002716 0.006629 0.014072
v 0.004629 0.006818 0.013469
v 0.006501 0.006705 0.012732
v 0.008281 0.006294 0.011881
v 0.009919 0.005596 0.010938
v 0.011371 0.004630 0.009930
v 0.012598 0.003421 0.008884
v 0.013566 0.002004 0.007828
v 0.014249 0.000417 0.006792
v 0.014628 -0.001297 0.005803
v 0.014693 -0.003092 0.004889
v 0.014441 -0.004918 0.004075
v 0.013881 -0.006725 0.003382
v 0.013026 -0.008464 0.002830
v 0.011901 -0.010088 0.002433
v 0.010537 -0.011553 0.002203
v 0.008969 -0.012817 0.002146
v 0.007242 -0.013848 0.002263
v 0.005402 -0.014617 0.002552
v 0.003499 -0.015102 0.003003
v 0.001586 -0.015291 0.003606
v -0.000286 -0.015179 0.004343
v -0.002066 -0.014768 0.005195
v -0.003704 -0.014070 0.006137
v -0.005156 -0.013103 0.007146
v -0.006383 -0.011895 0.008192
v -0.007351 -0.010478 0.009247
v -0.008034 -0.008890 0.010284
v -0.008413 -0.007176 0.011272
v -0.008478 -0.005381 0.012186
v 0.013080 -0.009517 0.002287
v 0.014096 -0.007776 0.002782
v 0.014828 -0.005943 0.003425
v 0.015256 -0.004065 0.004201
v 0.015369 -0.002192 0.005090
v 0.015164 -0.000372 0.006067
v 0.014648 0.001348 0.007109
v 0.013832 0.002923 0.008187
v 0.012739 0.004313 0.009275
v 0.011396 0.005482 0.010343
v 0.009839 0.006398 0.011365
v 0.008107 0.007040 0.012314
v 0.006246 0.007389 0.013164
v 0.004303 0.007437 0.013895
v 0.002330 0.007183 0.014487
v 0.000377 0.006633 0.014926
v -0.001506 0.005801 0.015198
v -0.003269 0.004710 0.015298
v -0.004867 0.003387 0.015223
v -0.006259 0.001866 0.014975
v -0.007407 0.000188 0.014560
v -0.008284 -0.001606 0.013989
v -0.008865 -0.003467 0.013277
v -0.009137 -0.005348 0.012443
v -0.009091 -0.007201 0.011507
v -0.008730 -0.008977 0.010494
v -0.008061 -0.010630 0.009430
v -0.007104 -0.012117 0.008344
v -0.005882 -0.013400 0.007262
v -0.004427 -0.014446 0.006214
v -0.002777 -0.015228 0.005225
v -0.000975 -0.015725 0.004323
v 0.000933 -0.015924 0.003529
v 0.002898 -0.015821 0.002866
v 0.004867 -0.015418 0.002349
v 0.006792 -0.014725 0.001992
v 0.008620 -0.013760 0.001805
v 0.010306 -0.012549 0.001793
v 0.011806 -0.011122 0.001955
v 0.014651 -0.011123 0.010195
v 0.014205 -0.011020 0.010409
v 0.013803 -0.012439 0.009850
v 0.013125 -0.012612 0.010012
v 0.012484 -0.013953 0.009579
v 0.011779 -0.014028 0.009799
v 0.010930 -0.015250 0.009502
v 0.010216 -0.015218 0.009777
v 0.009193 -0.016287 0.009619
v 0.008490 -0.016140 0.009948
v 0.007333 -0.017028 0.009928
v 0.006661 -0.016763 0.010304
v 0.005413 -0.017449 0.010418
v 0.004793 -0.017064 0.010835
v 0.003497 -0.017534 0.011073
v 0.002952 -0.017033 0.011520
v 0.001652 -0.017282 0.011870
v 0.001203 -0.016670 0.012337
v -0.000061 -0.016701 0.012782
v -0.000395 -0.015989 0.013256
v -0.001584 -0.015810 0.013778
v -0.001784 -0.015014 0.014246
v -0.002864 -0.014639 0.014825
v -0.002916 -0.013778 0.015271
v -0.003859 -0.013229 0.015887
v -0.003751 -0.012325 0.016296
v -0.004534 -0.011627 0.016928
v -0.004261 -0.010706 0.017285
v -0.004867 -0.009888 0.017912
v -0.004426 -0.008977 0.018204
v -0.004847 -0.008070 0.018806
v -0.004243 -0.007199 0.019019
v -0.004473 -0.006236 0.019581
v -0.003716 -0.005434 0.019703
v 0.015262 -0.008370 0.011339
v 0.015708 -0.008473 0.011125
v 0.015527 -0.006590 0.012126
v 0.015965 -0.007020 0.011753
v 0.015443 -0.004844 0.013023
v 0.015974 -0.005204 0.012650
v 0.015014 -0.003193 0.013998
v 0.015630 -0.003468 0.013637
v 0.014253 -0.001696 0.015018
v 0.014944 -0.001872 0.014679
v 0.013187 -0.000405 0.016046
v 0.013939 -0.000469 0.015741
v 0.011854 0.000635 0.017048
v 0.012650 0.000693 0.016787
v 0.010301 0.001387 0.017986
v 0.011121 0.001574 0.017781
v 0.008582 0.001826 0.018830
v 0.009402 0.002145 0.018689
v 0.006757 0.001936 0.019549
v 0.007553 0.002386 0.019482
v 0.004889 0.001713 0.020117
v 0.005637 0.002289 0.020132
v 0.003045 0.001164 0.020516
v 0.003717 0.001858 0.020616
v 0.001289 0.000309 0.020731
v 0.001860 0.001107 0.020919
v -0.000317 -0.000821 0.020755
v 0.000129 0.000061 0.021030
v -0.001718 -0.002188 0.020587
v -0.001419 -0.001244 0.020946
v -0.002864 -0.003744 0.020232
v -0.002729 -0.002764 0.020669
v -0.003759 -0.004447 0.020209
v 0.014704 -0.007610 0.009806
v 0.014969 -0.005829 0.010593
v 0.014885 -0.004083 0.011490
v 0.014456 -0.002433 0.012465
v 0.013695 -0.000936 0.013485
v 0.012629 0.000355 0.014513
v 0.011296 0.001396 0.015515
v 0.009743 0.002148 0.016453
v 0.008024 0.002587 0.017297
v 0.006199 0.002697 0.018016
v 0.004331 0.002473 0.018584
v 0.002488 0.001925 0.018983
v 0.000732 0.001070 0.019198
v -0.000875 -0.000060 0.019222
v -0.002276 -0.001428 0.019054
v -0.003422 -0.002983 0.018699
v -0.004274 -0.004673 0.018170
v -0.004801 -0.006438 0.017486
v -0.004984 -0.008216 0.016671
v -0.004819 -0.009945 0.015752
v -0.004309 -0.011564 0.014763
v -0.003474 -0.013017 0.013738
v -0.002342 -0.014253 0.012713
v -0.000953 -0.015229 0.011723
v 0.000645 -0.015910 0.010804
v 0.002394 -0.016272 0.009987
v 0.004235 -0.016303 0.009302
v 0.006103 -0.016002 0.008771
v 0.007932 -0.015380 0.008415
v 0.009658 -0.014457 0.008244
v 0.011221 -0.013267 0.008266
v 0.012567 -0.011851 0.008479
v 0.013647 -0.010259 0.008876
v 0.013900 -0.015325 0.006270
v 0.014272 -0.010403 0.008577
v 0.015453 -0.013627 0.006547
v 0.014899 -0.010405 0.008348
v 0.016736 -0.011753 0.007010
v 0.015506 -0.010144 0.008256
v 0.017714 -0.009752 0.007647
v 0.012116 -0.016802 0.006186
v -0.008562 -0.007006 0.018573
v -0.008689 -0.009097 0.017582
v -0.008461 -0.011129 0.016491
v -0.007884 -0.013049 0.015328
v -0.006974 -0.014807 0.014124
v -0.005753 -0.016359 0.012910
v -0.004254 -0.017663 0.011717
v -0.002516 -0.018686 0.010577
v 0.015974 -0.009672 0.008320
v 0.016209 -0.009082 0.008527
v 0.018364 -0.007674 0.008442
v 0.016165 -0.008492 0.008836
v 0.018667 -0.005574 0.009374
v 0.015851 -0.008018 0.009186
v 0.018615 -0.003506 0.010419
v 0.015329 -0.007754 0.009507
v 0.018212 -0.001523 0.011549
v -0.008085 -0.004910 0.019440
v -0.007268 -0.002864 0.020158
v -0.006134 -0.000920 0.020710
v -0.004712 0.000872 0.021081
v -0.003038 0.002464 0.021262
v -0.001156 0.003816 0.021248
v 0.000886 0.004893 0.021039
v -0.000583 -0.019402 0.009518
v 0.001495 -0.019792 0.008568
v 0.003663 -0.019846 0.007752
v 0.005866 -0.019562 0.007091
v 0.008047 -0.018948 0.006602
v 0.010148 -0.018020 0.006298
v 0.003034 0.005666 0.020641
v 0.005233 0.006117 0.020064
v 0.007425 0.006232 0.019324
v 0.009555 0.006009 0.018438
v 0.011567 0.005455 0.017430
v 0.013409 0.004582 0.016327
v 0.015033 0.003415 0.015157
v 0.017466 0.000322 0.012736
v 0.016397 0.001982 0.013949
v 0.017870 -0.009963 0.008073
v 0.018519 -0.007885 0.008868
v 0.016321 -0.008703 0.009262
v 0.016006 -0.008229 0.009612
v 0.018822 -0.005785 0.009800
v 0.015484 -0.007966 0.009933
v 0.018771 -0.003717 0.010845
v 0.018367 -0.001735 0.011976
v -0.005459 -0.009381 0.016853
v -0.008305 -0.011340 0.016917
v -0.005120 -0.011152 0.015851
v -0.007729 -0.013260 0.015754
v -0.004433 -0.012783 0.014792
v -0.006818 -0.015019 0.014550
v -0.003420 -0.014219 0.013711
v -0.005598 -0.016570 0.013336
v -0.002117 -0.015410 0.012645
v -0.004099 -0.017875 0.012144
v -0.000566 -0.016318 0.011630
v -0.002361 -0.018898 0.011003
v 0.001178 -0.016910 0.010702
v -0.000428 -0.019614 0.009944
v 0.003057 -0.017166 0.009890
v 0.016364 -0.009294 0.008954
v 0.016129 -0.009883 0.008747
v 0.016891 -0.011965 0.007436
v 0.015662 -0.010355 0.008683
v 0.015609 -0.013839 0.006973
v 0.015054 -0.010616 0.008774
v 0.014055 -0.015536 0.006696
v 0.014427 -0.010615 0.009003
v 0.012272 -0.017013 0.006612
v 0.014426 -0.010615 0.009004
v 0.013551 -0.011979 0.008645
v 0.001650 -0.020004 0.008995
v 0.003818 -0.020057 0.008179
v 0.005007 -0.017079 0.009224
v 0.006021 -0.019774 0.007518
v 0.006963 -0.016651 0.008725
v 0.008202 -0.019160 0.007029
v 0.008856 -0.015896 0.008410
v 0.010303 -0.018232 0.006724
v 0.010625 -0.014840 0.008290
v 0.012207 -0.013520 0.008370
v -0.000373 0.000749 0.020029
v -0.002883 0.002252 0.021688
v -0.001948 -0.000580 0.019943
v -0.004556 0.000660 0.021507
v -0.003283 -0.002127 0.019661
v -0.005979 -0.001131 0.021136
v -0.004331 -0.003841 0.019192
v -0.007113 -0.003076 0.020584
v -0.005058 -0.005662 0.018553
v -0.007930 -0.005122 0.019866
v -0.005438 -0.007530 0.017764
v -0.008407 -0.007218 0.019000
v -0.008533 -0.009309 0.018008
v 0.015483 -0.007965 0.009933
v 0.015752 -0.006461 0.010582
v 0.015761 -0.004612 0.011496
v 0.015410 -0.002845 0.012501
v 0.012377 0.001392 0.015708
v 0.013564 0.004371 0.016753
v 0.010819 0.002289 0.016720
v 0.011722 0.005243 0.017857
v 0.009070 0.002871 0.017645
v 0.009711 0.005798 0.018864
v 0.007187 0.003116 0.018452
v 0.007581 0.006020 0.019750
v 0.005236 0.003018 0.019114
v 0.005388 0.005905 0.020491
v 0.003281 0.002579 0.019607
v 0.003189 0.005455 0.021068
v 0.001391 0.001814 0.019915
v 0.001041 0.004681 0.021466
v -0.001000 0.003604 0.021674
v 0.014712 -0.001219 0.013562
v 0.017621 0.000110 0.013163
v 0.013689 0.000209 0.014643
v 0.016552 0.001770 0.014376
v 0.015188 0.003203 0.015583
v 0.015985 -0.006808 0.011851
v 0.015535 -0.006406 0.012214
v 0.015930 -0.004823 0.012856
v 0.015383 -0.004492 0.013219
v 0.015451 -0.002950 0.013959
v 0.014812 -0.002710 0.014311
v 0.014567 -0.001267 0.015117
v 0.013847 -0.001134 0.015445
v 0.013313 0.000158 0.016280
v 0.012528 0.000167 0.016570
v 0.011743 0.001266 0.017401
v 0.010913 0.001138 0.017640
v 0.009919 0.002012 0.018436
v 0.009069 0.001738 0.018609
v 0.007916 0.002366 0.019340
v 0.007076 0.001941 0.019435
v 0.005817 0.002313 0.020078
v 0.005018 0.001739 0.020083
v 0.003707 0.001855 0.020618
v 0.002983 0.001139 0.020527
v 0.001673 0.001011 0.020940
v 0.001058 0.000169 0.020746
v -0.000202 -0.000185 0.021029
v -0.000676 -0.001131 0.020732
v -0.001842 -0.001683 0.020882
v -0.002144 -0.002706 0.020485
v -0.003178 -0.003422 0.020506
v -0.003285 -0.004488 0.020015
v -0.004157 -0.005332 0.019915
v -0.004048 -0.006402 0.019344
v -0.004739 -0.007333 0.019133
v -0.004402 -0.008366 0.018498
v 0.012997 -0.012767 0.009981
v 0.013664 -0.012624 0.009809
v 0.011472 -0.014294 0.009778
v 0.012169 -0.014251 0.009546
v 0.009695 -0.015535 0.009810
v 0.010402 -0.015605 0.009517
v 0.007742 -0.016436 0.010073
v 0.008438 -0.016630 0.009724
v 0.005696 -0.016960 0.010558
v 0.006355 -0.017284 0.010157
v 0.003643 -0.017084 0.011244
v 0.004239 -0.017541 0.010800
v 0.001673 -0.016803 0.012100
v 0.002178 -0.017390 0.011625
v -0.000133 -0.016129 0.013092
v 0.000255 -0.016837 0.012599
v -0.001696 -0.015090 0.014176
v -0.001451 -0.015905 0.013683
v -0.002950 -0.013731 0.015307
v -0.002871 -0.014632 0.014831
v -0.003841 -0.012110 0.016436
v -0.003945 -0.013070 0.015997
v -0.004333 -0.010296 0.017515
v -0.004630 -0.011283 0.017133
v -0.004898 -0.009344 0.018193
v 0.014977 -0.005646 0.010681
v 0.014825 -0.003732 0.011686
v 0.014254 -0.001949 0.012778
v 0.013289 -0.000374 0.013912
v 0.011970 0.000927 0.015037
v 0.010355 0.001898 0.016107
v 0.008511 0.002498 0.017076
v 0.006518 0.002702 0.017902
v 0.004460 0.002499 0.018551
v 0.002425 0.001900 0.018994
v 0.000500 0.000930 0.019213
v -0.001234 -0.000370 0.019199
v -0.002702 -0.001945 0.018952
v -0.003843 -0.003728 0.018482
v -0.004606 -0.005641 0.017811
v -0.004960 -0.007605 0.016965
v -0.004891 -0.009535 0.015982
v -0.004399 -0.011350 0.014903
v -0.003508 -0.012971 0.013774
v -0.002254 -0.014329 0.012643
v -0.000691 -0.015368 0.011559
v 0.001115 -0.016042 0.010567
v 0.003085 -0.016323 0.009711
v 0.005138 -0.016199 0.009025
v 0.007184 -0.015675 0.008540
v 0.009137 -0.014774 0.008277
v 0.010914 -0.013533 0.008245
v 0.012439 -0.012007 0.008448
v 0.015629 -0.007823 0.009363
v 0.013533 -0.015778 0.006178
v 0.011523 -0.017311 0.006149
v 0.009316 -0.018524 0.006351
v -0.005828 -0.016425 0.012904
v -0.004181 -0.017835 0.011605
v -0.002256 -0.018911 0.010370
v -0.000110 -0.019619 0.009238
v 0.002191 -0.019938 0.008242
v 0.004577 -0.019858 0.007413
v 0.006976 -0.019382 0.006776
v -0.007806 -0.003857 0.019861
v -0.008499 -0.006126 0.018987
v -0.008781 -0.008415 0.017954
v -0.008645 -0.010656 0.016792
v -0.008094 -0.012780 0.015538
v -0.007145 -0.014722 0.014229
v 0.018641 -0.002974 0.010673
v 0.018778 -0.005214 0.009512
v 0.016221 -0.008154 0.008984
v 0.018495 -0.007504 0.008478
v 0.016512 -0.008751 0.008581
v 0.017803 -0.009772 0.007605
v 0.016425 -0.009454 0.008264
v 0.016721 -0.011951 0.006917
v 0.015984 -0.010075 0.008116
v 0.015283 -0.013973 0.006437
v 0.015305 -0.010448 0.008178
v 0.014572 -0.010473 0.008433
v 0.018091 -0.000850 0.011928
v 0.017142 0.001093 0.013237
v 0.015824 0.002796 0.014561
v 0.014178 0.004206 0.015860
v 0.012253 0.005282 0.017095
v 0.010107 0.005990 0.018227
v 0.007806 0.006309 0.019223
v 0.005419 0.006229 0.020052
v 0.003020 0.005753 0.020689
v 0.000681 0.004895 0.021115
v -0.001527 0.003681 0.021316
v -0.003536 0.002149 0.021287
v -0.005287 0.000344 0.021028
v -0.006724 -0.001679 0.020548
v -0.007961 -0.003646 0.019435
v -0.008654 -0.005914 0.018561
v -0.008936 -0.008204 0.017528
v -0.008800 -0.010444 0.016367
v -0.008249 -0.012568 0.015112
v -0.007300 -0.014511 0.013803
v -0.005983 -0.016214 0.012478
v -0.004336 -0.017624 0.011179
v -0.002411 -0.018700 0.009945
v -0.000265 -0.019408 0.008812
v 0.002036 -0.019727 0.007816
v 0.004422 -0.019647 0.006987
v 0.006822 -0.019171 0.006350
v 0.009161 -0.018313 0.005925
v 0.011368 -0.017099 0.005724
v 0.013378 -0.015567 0.005753
v 0.015128 -0.013762 0.006011
v 0.016566 -0.011739 0.006492
v 0.017648 -0.009561 0.007179
v 0.018340 -0.007292 0.008053
v 0.018623 -0.005003 0.009086
v 0.018486 -0.002762 0.010247
v 0.017936 -0.000638 0.011502
v 0.016987 0.001304 0.012811
v 0.015670 0.003007 0.014135
v 0.014023 0.004417 0.015435
v 0.012098 0.005493 0.016669
v 0.009952 0.006201 0.017802
v 0.007651 0.006520 0.018797
v 0.005264 0.006440 0.019626
v 0.002865 0.005964 0.020263
v 0.000526 0.005106 0.020689
v -0.001682 0.003893 0.020890
v -0.003691 0.002360 0.020861
v -0.005442 0.000555 0.020603
v -0.006879 -0.001467 0.020122
v 0.001123 -0.017918 0.008166
v 0.002094 -0.018052 0.007746
v 0.012263 -0.014322 0.005895
v 0.013648 -0.012894 0.006100
v 0.011945 -0.014565 0.005891
v 0.010461 -0.015697 0.005869
v 0.009996 -0.015952 0.005912
v 0.008481 -0.016785 0.006050
v 0.007865 -0.017011 0.006162
v 0.006384 -0.017554 0.006431
v 0.005626 -0.017704 0.006633
v 0.004233 -0.017981 0.007002
v 0.003353 -0.018010 0.007308
v 0.000031 -0.017766 0.008639
v -0.000988 -0.017430 0.009176
v -0.001893 -0.017131 0.009654
v -0.002909 -0.016564 0.010305
v -0.003619 -0.016167 0.010761
v -0.004575 -0.015349 0.011514
v -0.005095 -0.014902 0.011925
v -0.005929 -0.013825 0.012764
v -0.006277 -0.013376 0.013113
v -0.006927 -0.012044 0.014011
v -0.007127 -0.011634 0.014287
v -0.007534 -0.010066 0.015213
v -0.007621 -0.009730 0.015411
v -0.007729 -0.007957 0.016330
v -0.007743 -0.007721 0.016453
v -0.007505 -0.005789 0.017325
v -0.007490 -0.005669 0.017379
v -0.006869 -0.003635 0.018162
v -0.005899 -0.001682 0.018779
v -0.005824 -0.001575 0.018804
v -0.004610 0.000131 0.019209
v -0.004426 0.000321 0.019236
v -0.003041 0.001750 0.019441
v -0.002723 0.001992 0.019446
v -0.001239 0.003124 0.019467
v -0.000774 0.003380 0.019425
v 0.000740 0.004212 0.019287
v 0.001357 0.004438 0.019174
v 0.002837 0.004981 0.018905
v 0.003596 0.005132 0.018704
v 0.004988 0.005408 0.018334
v 0.007128 0.005479 0.017591
v 0.005869 0.005437 0.018028
v 0.010209 0.004857 0.016160
v 0.009191 0.005193 0.016698
v 0.008099 0.005345 0.017171
v 0.012130 0.003991 0.015031
v 0.011115 0.004559 0.015683
v 0.013796 0.002776 0.013822
v 0.012841 0.003594 0.014576
v 0.015151 0.001252 0.012573
v 0.014317 0.002330 0.013411
v 0.016149 -0.000529 0.011326
v 0.015498 0.000803 0.012224
v 0.016756 -0.002507 0.010123
v 0.016349 -0.000938 0.011050
v 0.016950 -0.004616 0.009006
v 0.016843 -0.002843 0.009925
v 0.016726 -0.006784 0.008012
v 0.016965 -0.004852 0.008884
v 0.013832 -0.012704 0.006127
v 0.015045 -0.010997 0.006533
v 0.015121 -0.010891 0.006558
v 0.016091 -0.008938 0.007174
v 0.016712 -0.006904 0.007957
v -0.008372 -0.001585 0.014032
v -0.009018 -0.003740 0.013198
v -0.009252 -0.005911 0.012205
v -0.009064 -0.008026 0.011087
v -0.008462 -0.010011 0.009883
v -0.007465 -0.011800 0.008633
v -0.006109 -0.013331 0.007379
v -0.004439 -0.014553 0.006165
v -0.002512 -0.015423 0.005032
v -0.000394 -0.015912 0.004018
v 0.001844 -0.016004 0.003158
v 0.004125 -0.015695 0.002482
v 0.006371 -0.014996 0.002011
v 0.008506 -0.013930 0.001763
v 0.010457 -0.012534 0.001745
v 0.012158 -0.010856 0.001959
v 0.013550 -0.008952 0.002397
v 0.014587 -0.006888 0.003044
v 0.015233 -0.004734 0.003878
v 0.015467 -0.002562 0.004870
v 0.015279 -0.000448 0.005988
v 0.014677 0.001538 0.007192
v 0.013680 0.003326 0.008443
v 0.012324 0.004858 0.009696
v 0.010654 0.006079 0.010910
v 0.008727 0.006949 0.012043
v 0.006609 0.007439 0.013057
v 0.004371 0.007530 0.013917
v 0.002090 0.007221 0.014594
v -0.000156 0.006522 0.015064
v -0.002291 0.005457 0.015313
v -0.004242 0.004061 0.015330
v -0.005943 0.002383 0.015116
v -0.007335 0.000479 0.014679
v 0.013423 -0.007738 0.003046
v 0.012233 -0.009659 0.002525
v 0.010714 -0.011385 0.002222
v 0.008919 -0.012852 0.002147
v 0.006914 -0.014008 0.002303
v 0.004772 -0.014811 0.002685
v 0.002569 -0.015231 0.003278
v 0.000386 -0.015254 0.004061
v -0.001698 -0.014879 0.005006
v -0.003609 -0.014120 0.006078
v -0.005278 -0.013003 0.007240
v -0.006643 -0.011569 0.008448
v -0.007656 -0.009870 0.009660
v -0.008279 -0.007968 0.010831
v -0.008492 -0.005931 0.011919
v -0.008285 -0.003832 0.012885
v -0.006658 0.000245 0.014316
v -0.005297 0.002077 0.014730
v -0.003632 0.003681 0.014920
v -0.001723 0.004999 0.014879
v 0.000359 0.005982 0.014609
v 0.002542 0.006597 0.014120
v 0.004744 0.006820 0.013428
v 0.006888 0.006643 0.012560
v 0.008895 0.006073 0.011547
v 0.010693 0.005130 0.010425
v 0.012216 0.003849 0.009235
v 0.013411 0.002276 0.008019
v 0.014233 0.000467 0.006823
v 0.014653 -0.001512 0.005688
v 0.014655 -0.003589 0.004656
v 0.014241 -0.005690 0.003765
v -0.009247 0.000407 0.009350
v -0.009865 -0.001677 0.008541
v -0.010072 -0.003775 0.007575
v -0.009860 -0.005813 0.006487
v -0.009236 -0.007715 0.005316
v -0.008224 -0.009414 0.004104
v -0.006858 -0.010847 0.002896
v -0.005190 -0.011964 0.001735
v -0.003279 -0.012724 0.000662
v -0.001195 -0.013099 -0.000283
v 0.000988 -0.013076 -0.001066
v 0.003191 -0.012655 -0.001659
v 0.005333 -0.011853 -0.002040
v 0.007338 -0.010697 -0.002196
v 0.009133 -0.009230 -0.002121
v 0.010653 -0.007504 -0.001818
v 0.011843 -0.005582 -0.001298
v 0.012660 -0.003534 -0.000579
v 0.013074 -0.001434 0.000313
v 0.013072 0.000644 0.001344
v 0.012652 0.002622 0.002479
v 0.011830 0.004431 0.003676
v 0.010635 0.006004 0.004891
v 0.009112 0.007286 0.006082
v 0.007314 0.008228 0.007204
v 0.005307 0.008798 0.008217
v 0.003164 0.008975 0.009085
v 0.000961 0.008752 0.009776
v -0.001221 0.008138 0.010266
v -0.003304 0.007154 0.010535
v -0.005213 0.005836 0.010576
v -0.006878 0.004233 0.010386
v -0.008239 0.002401 0.009973
v 0.011834 0.003585 0.003254
v 0.012500 0.001707 0.002080
v 0.012744 -0.000317 0.000987
v 0.012558 -0.002409 0.000017
v 0.011947 -0.004488 -0.000793
v 0.010935 -0.006475 -0.001410
v 0.009563 -0.008292 -0.001813
v 0.007881 -0.009871 -0.001984
v 0.005955 -0.011151 -0.001918
v 0.003859 -0.012082 -0.001618
v 0.001673 -0.012629 -0.001093
v -0.000518 -0.012771 -0.000366
v -0.002631 -0.012501 0.000537
v -0.004584 -0.011832 0.001580
v -0.006302 -0.010787 0.002723
v -0.007719 -0.009408 0.003924
v -0.008781 -0.007748 0.005134
v -0.009447 -0.005869 0.006309
v -0.009691 -0.003845 0.007402
v -0.009504 -0.001754 0.008372
v -0.008893 0.000325 0.009181
v -0.007882 0.002312 0.009799
v -0.006509 0.004130 0.010201
v -0.004828 0.005709 0.010373
v -0.002902 0.006989 0.010307
v -0.000806 0.007920 0.010006
v 0.001380 0.008467 0.009482
v 0.003571 0.008608 0.008755
v 0.005684 0.008339 0.007852
v 0.007637 0.007669 0.006809
v 0.009355 0.006625 0.005665
v 0.010772 0.005246 0.004465
v -0.009916 0.001720 0.006371
v -0.010527 -0.000359 0.005561
v -0.010714 -0.002451 0.004591
v -0.010470 -0.004475 0.003498
v -0.009804 -0.006353 0.002324
v -0.008742 -0.008014 0.001113
v -0.007325 -0.009393 -0.000087
v -0.005606 -0.010437 -0.001231
v -0.003653 -0.011107 -0.002274
v -0.001541 -0.011376 -0.003176
v 0.000651 -0.011235 -0.003904
v 0.002836 -0.010688 -0.004428
v 0.004932 -0.009757 -0.004729
v 0.006858 -0.008477 -0.004795
v 0.008540 -0.006898 -0.004623
v 0.009913 -0.005080 -0.004221
v 0.010924 -0.003093 -0.003603
v 0.011535 -0.001014 -0.002794
v 0.011721 0.001077 -0.001824
v 0.011477 0.003101 -0.000730
v 0.010811 0.004980 0.000444
v 0.009749 0.006640 0.001655
v 0.008332 0.008019 0.002855
v 0.006614 0.009064 0.003998
v 0.004661 0.009733 0.005042
v 0.002548 0.010003 0.005944
v 0.000357 0.009861 0.006671
v -0.001829 0.009314 0.007196
v -0.003925 0.008383 0.007496
v -0.005851 0.007103 0.007562
v -0.007532 0.005524 0.007391
v -0.008905 0.003707 0.006988
v 0.004005 0.010989 0.005903
v 0.001767 0.011080 0.006763
v -0.000513 0.010771 0.007440
v -0.002760 0.010072 0.007910
v -0.004894 0.009007 0.008159
v -0.006846 0.007611 0.008176
v -0.008546 0.005933 0.007963
v -0.009939 0.004029 0.007525
v -0.010976 0.001965 0.006878
v -0.011622 -0.000190 0.006044
v -0.011855 -0.002361 0.005051
v -0.011668 -0.004476 0.003934
v -0.011065 -0.006461 0.002729
v -0.010069 -0.008250 0.001479
v -0.008713 -0.009781 0.000226
v -0.007043 -0.011003 -0.000989
v -0.005116 -0.011873 -0.002122
v -0.002997 -0.012362 -0.003136
v -0.000760 -0.012454 -0.003995
v 0.001521 -0.012145 -0.004672
v 0.003767 -0.011446 -0.005143
v 0.005902 -0.010380 -0.005391
v 0.007853 -0.008984 -0.005409
v 0.009554 -0.007306 -0.005195
v 0.010946 -0.005402 -0.004757
v 0.011983 -0.003338 -0.004110
v 0.012630 -0.001184 -0.003276
v 0.012863 0.000988 -0.002283
v 0.012675 0.003102 -0.001166
v 0.012073 0.005088 0.000039
v 0.011077 0.006876 0.001289
v 0.009720 0.008408 0.002542
v 0.008050 0.009629 0.003756
v 0.006123 0.010499 0.004889
v -0.011224 0.002303 0.006196
v -0.011870 0.000148 0.005363
v -0.012103 -0.002023 0.004370
v -0.011916 -0.004138 0.003252
v -0.011313 -0.006123 0.002048
v -0.010317 -0.007912 0.000798
v -0.008961 -0.009443 -0.000456
v -0.007291 -0.010665 -0.001670
v -0.005364 -0.011535 -0.002803
v -0.003245 -0.012024 -0.003817
v -0.001008 -0.012116 -0.004677
v 0.001273 -0.011807 -0.005354
v 0.003519 -0.011107 -0.005824
v 0.005654 -0.010042 -0.006072
v 0.007605 -0.008646 -0.006090
v 0.009306 -0.006968 -0.005876
v 0.010698 -0.005064 -0.005438
v 0.011735 -0.003000 -0.004791
v 0.012382 -0.000845 -0.003957
v 0.012615 0.001326 -0.002965
v 0.012427 0.003440 -0.001847
v 0.011825 0.005426 -0.000643
v 0.010829 0.007215 0.000607
v 0.009472 0.008746 0.001861
v 0.007802 0.009967 0.003075
v 0.005875 0.010838 0.004208
v 0.003757 0.011327 0.005222
v 0.001519 0.011419 0.006082
v -0.000761 0.011109 0.006759
v -0.003008 0.010410 0.007229
v -0.005142 0.009345 0.007477
v -0.007094 0.007949 0.007495
v -0.008794 0.006271 0.007281
v -0.010187 0.004367 0.006843
v 0.009591 -0.018522 0.016232
v 0.011462 -0.017658 0.015980
v 0.016114 -0.005998 0.020073
v 0.002106 -0.018051 0.019190
v 0.003797 -0.018766 0.018220
v 0.013153 -0.016455 0.015961
v 0.016747 -0.009556 0.018077
v 0.016641 -0.007714 0.019030
v 0.014587 -0.014969 0.016177
v 0.015695 -0.013270 0.016617
v 0.016426 -0.011437 0.017260
v 0.015190 -0.004489 0.021158
v 0.013913 -0.003256 0.022234
v -0.000433 -0.015601 0.021330
v 0.012342 -0.002358 0.023252
v 0.010551 -0.001836 0.024163
v 0.000674 -0.016980 0.020243
v 0.005667 -0.019089 0.017379
v 0.007629 -0.019007 0.016706
v 0.008624 -0.001715 0.024925
v 0.006650 -0.002000 0.025501
v 0.004723 -0.002678 0.025866
v 0.000081 -0.006672 0.025574
v -0.000844 -0.008449 0.025029
v -0.001373 -0.010317 0.024294
v -0.001481 -0.012189 0.023404
v -0.001162 -0.013978 0.022401
v 0.002931 -0.003718 0.026003
v 0.001359 -0.005070 0.025903
v -0.000908 -0.010951 0.025572
v -0.000379 -0.009083 0.026306
v 0.000546 -0.007306 0.026851
v 0.001824 -0.005704 0.027181
v 0.003396 -0.004352 0.027280
v 0.005188 -0.003312 0.027144
v 0.007115 -0.002634 0.026779
v 0.009089 -0.002349 0.026202
v 0.011016 -0.002470 0.025440
v 0.012807 -0.002992 0.024529
v 0.014378 -0.003890 0.023512
v 0.015655 -0.005123 0.022435
v 0.016578 -0.006632 0.021350
v 0.017106 -0.008348 0.020307
v 0.017212 -0.010189 0.019355
v 0.016891 -0.012071 0.018538
v 0.016160 -0.013904 0.017894
v 0.015052 -0.015603 0.017454
v 0.013618 -0.017089 0.017239
v 0.011927 -0.018292 0.017257
v 0.010056 -0.019156 0.017509
v 0.008094 -0.019641 0.017983
v 0.006132 -0.019723 0.018656
v 0.004262 -0.019400 0.019498
v 0.002571 -0.018685 0.020467
v 0.001139 -0.017614 0.021521
v 0.000032 -0.016234 0.022608
v -0.000697 -0.014612 0.023678
v -0.001016 -0.012823 0.024682
v 0.018526 -0.010274 0.018834
v 0.004720 -0.020856 0.018608
v 0.006781 -0.021007 0.017783
v 0.008897 -0.020750 0.017141
v 0.010979 -0.020095 0.016707
v 0.012944 -0.019070 0.016501
v 0.014710 -0.017717 0.016530
v 0.016206 -0.016089 0.016793
v 0.017370 -0.014256 0.017279
v 0.018154 -0.012290 0.017969
v 0.018472 -0.008288 0.019839
v 0.017993 -0.006416 0.020943
v 0.017108 -0.004733 0.022100
v 0.015855 -0.003308 0.023263
v 0.014284 -0.002200 0.024385
v 0.012460 -0.001453 0.025419
v 0.010458 -0.001099 0.026324
v 0.008359 -0.001153 0.027061
v 0.006249 -0.001611 0.027602
v 0.004214 -0.002455 0.027923
v 0.002339 -0.003650 0.028013
v 0.000700 -0.005149 0.027866
v -0.000637 -0.006888 0.027489
v -0.001616 -0.008797 0.026898
v -0.002197 -0.010799 0.026117
v -0.002357 -0.012810 0.025177
v -0.002088 -0.014749 0.024117
v -0.001403 -0.016536 0.022981
v -0.000329 -0.018098 0.021815
v 0.001090 -0.019371 0.020666
v 0.002796 -0.020303 0.019583
v 0.015612 -0.008825 0.010986
v 0.014828 -0.010790 0.010296
v 0.016187 -0.008584 0.010896
v 0.016779 -0.008914 0.010517
v 0.015130 -0.011233 0.009966
v 0.015863 -0.011209 0.009711
v 0.016541 -0.010836 0.009649
v 0.016983 -0.010215 0.009797
v 0.017070 -0.009511 0.010114
v 0.001873 -0.006714 0.024901
v -0.000756 -0.008469 0.024987
v -0.000149 -0.007215 0.025388
v 0.002682 -0.004007 0.025950
v 0.002930 -0.004065 0.025831
v 0.001590 -0.004958 0.025875
v 0.000639 -0.006036 0.025686
v 0.012584 -0.016807 0.015994
v 0.012336 -0.016749 0.016113
v 0.013676 -0.015856 0.016068
v 0.013393 -0.014100 0.017043
v 0.014627 -0.014778 0.016257
v 0.015415 -0.013598 0.016556
v 0.003349 -0.017378 0.019072
v 0.002324 -0.016797 0.019733
v 0.005307 -0.015512 0.019285
v 0.015424 -0.004973 0.020833
v 0.016027 -0.006048 0.020080
v 0.014589 -0.009651 0.018815
v 0.016176 -0.007124 0.019492
v 0.016424 -0.007181 0.019373
v 0.015119 -0.009773 0.018562
v 0.016637 -0.008433 0.018674
v 0.016640 -0.009732 0.018028
v 0.016434 -0.011045 0.017452
v 0.016022 -0.012344 0.016957
v 0.011481 -0.002150 0.023669
v 0.012479 -0.002523 0.023120
v 0.011913 -0.003434 0.022874
v 0.005790 -0.002343 0.025644
v 0.006807 -0.002053 0.025418
v 0.006902 -0.003020 0.024903
v -0.001374 -0.011082 0.023915
v -0.001167 -0.009768 0.024492
v 0.000147 -0.011041 0.023382
v 0.000677 -0.011163 0.023128
v 0.001436 -0.016051 0.020426
v 0.000626 -0.016792 0.020354
v -0.000157 -0.015842 0.021110
v 0.008937 -0.007863 0.021759
v 0.009959 -0.005302 0.022658
v 0.012863 -0.013978 0.017296
v 0.008016 -0.002836 0.024589
v -0.000910 -0.013690 0.022452
v -0.001158 -0.013633 0.022571
v -0.001371 -0.012380 0.023270
v 0.009476 -0.018470 0.016299
v 0.008460 -0.018761 0.016525
v 0.008364 -0.017794 0.017040
v 0.006329 -0.012951 0.020184
v -0.000761 -0.014766 0.021864
v 0.002783 -0.018289 0.018826
v 0.003782 -0.018663 0.018277
v 0.004843 -0.018905 0.017770
v 0.005948 -0.019012 0.017315
v 0.010421 -0.001909 0.024174
v 0.009123 -0.002799 0.024205
v 0.009318 -0.001802 0.024629
v 0.006859 -0.013073 0.019931
v 0.008407 -0.007741 0.022013
v 0.009429 -0.005180 0.022912
v 0.014642 -0.004023 0.021589
v 0.013832 -0.004764 0.021516
v 0.012941 -0.004016 0.022211
v 0.002403 -0.006836 0.024647
v 0.003841 -0.003233 0.025912
v 0.004797 -0.002739 0.025809
v 0.011426 -0.017580 0.016032
v 0.010469 -0.018075 0.016134
v 0.005837 -0.015634 0.019032
v 0.007250 -0.017978 0.017354
v 0.006143 -0.018015 0.017738
v 0.000308 -0.016476 0.022388
v 0.000801 -0.017113 0.021892
v 0.001981 -0.016034 0.021998
v 0.014217 -0.006050 0.022499
v 0.006794 -0.013585 0.021462
v 0.007324 -0.013707 0.021208
v 0.016487 -0.012978 0.018234
v 0.016899 -0.011679 0.018729
v 0.015584 -0.010407 0.019839
v 0.015054 -0.010285 0.020093
v 0.016492 -0.006682 0.021357
v 0.015889 -0.005607 0.022110
v 0.015397 -0.004970 0.022605
v 0.007983 -0.018133 0.018772
v 0.009257 -0.017865 0.018441
v 0.013328 -0.014612 0.018574
v 0.013858 -0.014734 0.018320
v 0.012801 -0.017383 0.017390
v 0.013049 -0.017441 0.017271
v -0.000693 -0.014266 0.023848
v -0.000445 -0.014324 0.023729
v -0.000906 -0.013014 0.024547
v 0.000612 -0.011675 0.024659
v 0.003395 -0.004699 0.027108
v 0.003147 -0.004641 0.027227
v 0.002338 -0.007348 0.026178
v 0.002055 -0.005592 0.027153
v 0.001104 -0.006670 0.026964
v 0.000316 -0.007849 0.026665
v -0.000291 -0.009103 0.026264
v 0.006302 -0.016268 0.020309
v 0.006697 -0.018196 0.019208
v -0.000703 -0.010402 0.025769
v -0.000909 -0.011716 0.025193
v 0.001142 -0.011797 0.024406
v 0.002868 -0.007470 0.025925
v 0.016889 -0.007815 0.020650
v 0.016641 -0.007758 0.020769
v 0.017102 -0.009067 0.019951
v 0.017105 -0.010366 0.019306
v 0.014141 -0.016490 0.017346
v 0.015092 -0.015412 0.017535
v 0.015880 -0.014232 0.017833
v -0.000296 -0.015400 0.023141
v 0.011891 -0.018214 0.017309
v 0.010934 -0.018709 0.017412
v 0.009941 -0.019104 0.017577
v 0.009397 -0.019274 0.017691
v 0.004071 -0.017598 0.020461
v 0.003248 -0.018923 0.020103
v 0.009402 -0.008497 0.023037
v 0.013609 -0.005434 0.023025
v 0.006413 -0.019646 0.018593
v 0.005308 -0.019539 0.019048
v 0.004247 -0.019297 0.019554
v 0.003295 -0.017178 0.020952
v 0.005772 -0.016146 0.020563
v 0.002587 -0.016647 0.021473
v 0.009894 -0.005814 0.024189
v 0.009499 -0.003885 0.025290
v 0.008872 -0.008375 0.023291
v 0.008213 -0.003948 0.025727
v 0.006939 -0.004217 0.026057
v 0.006799 -0.002808 0.026808
v 0.006255 -0.002977 0.026922
v 0.005262 -0.003373 0.027087
v 0.010424 -0.005936 0.023936
v 0.012898 -0.004902 0.023548
v 0.012121 -0.004482 0.024040
v 0.012943 -0.003157 0.024398
v 0.004305 -0.003867 0.027189
v 0.009783 -0.002436 0.025906
v 0.010886 -0.002543 0.025452
v 0.011945 -0.002784 0.024946
v 0.001002 -0.017304 0.021385
v 0.001812 -0.016563 0.021458
v 0.003724 -0.017890 0.020104
v 0.002902 -0.017444 0.020624
v 0.002148 -0.016880 0.021178
v 0.002708 -0.017299 0.020767
v 0.006519 -0.018527 0.018770
v 0.008739 -0.018306 0.018072
v 0.007886 -0.018460 0.018306
v 0.007627 -0.018473 0.018394
v 0.008835 -0.019273 0.017557
v 0.015017 -0.004535 0.022620
v 0.014207 -0.005276 0.022547
v 0.012288 -0.003946 0.023906
v 0.013113 -0.004392 0.023384
v 0.013869 -0.004958 0.022829
v 0.013308 -0.004538 0.023241
v 0.009498 -0.003311 0.025237
v 0.007278 -0.003532 0.025935
v 0.008131 -0.003377 0.025701
v 0.008390 -0.003365 0.025613
v 0.007182 -0.002564 0.026450
v 0.016455 -0.006895 0.021265
v 0.015990 -0.006261 0.019987
v 0.016279 -0.007337 0.021110
v 0.014651 -0.009617 0.018810
v 0.015292 -0.009809 0.020242
v 0.015116 -0.010251 0.020087
v 0.017602 -0.012958 0.026587
v 0.018588 -0.010485 0.027455
v 0.017924 -0.011489 0.026552
v 0.017054 -0.010881 0.024441
v 0.017083 -0.010654 0.024391
v 0.017149 -0.010432 0.024423
v 0.017244 -0.010249 0.024533
v 0.017353 -0.010132 0.024704
v 0.017829 -0.011672 0.026442
v 0.017720 -0.011789 0.026271
v 0.017614 -0.011822 0.026065
v 0.018005 -0.010843 0.026409
v 0.018019 -0.011040 0.026534
v 0.017991 -0.011267 0.026585
v 0.017459 -0.010099 0.024911
v 0.017547 -0.010156 0.025120
v 0.017950 -0.010706 0.026227
v 0.017527 -0.011765 0.025855
v 0.017124 -0.011216 0.024748
v 0.017069 -0.011078 0.024567
v 0.018650 -0.011223 0.027712
v 0.018051 -0.012724 0.027185
v 0.018921 -0.011285 0.027582
v 0.018322 -0.012787 0.027055
v 0.015734 -0.009911 0.020031
v 0.015558 -0.010353 0.019876
v 0.015093 -0.009719 0.018598
v 0.017795 -0.010234 0.024493
v 0.017686 -0.010351 0.024322
v 0.016720 -0.007439 0.020899
v 0.018461 -0.011142 0.026323
v 0.018446 -0.010945 0.026197
v 0.019030 -0.010587 0.027243
v 0.016431 -0.006363 0.019776
v 0.016896 -0.006997 0.021054
v 0.018056 -0.011924 0.025854
v 0.018162 -0.011891 0.026060
v 0.018043 -0.013060 0.026375
v 0.017591 -0.010534 0.024212
v 0.017524 -0.010756 0.024180
v 0.017496 -0.010983 0.024230
v 0.018271 -0.011774 0.026231
v 0.018366 -0.011591 0.026341
v 0.018433 -0.011369 0.026373
v 0.018391 -0.010808 0.026016
v 0.017988 -0.010258 0.024909
v 0.017901 -0.010201 0.024699
v 0.017510 -0.011180 0.024356
v 0.017565 -0.011318 0.024537
v 0.017968 -0.011867 0.025644
v 0.012457 -0.018124 0.017148
v 0.011992 -0.017490 0.015870
v 0.012633 -0.017682 0.017303
v 0.013331 -0.014134 0.017048
v 0.013620 -0.015209 0.018171
v 0.013796 -0.014768 0.018326
v 0.014955 -0.019695 0.023126
v 0.015062 -0.019662 0.023332
v 0.014943 -0.020831 0.023648
v 0.014695 -0.018005 0.021765
v 0.014586 -0.018122 0.021594
v 0.014491 -0.018305 0.021484
v 0.014424 -0.018527 0.021452
v 0.014396 -0.018754 0.021502
v 0.015929 -0.018358 0.024516
v 0.015361 -0.018913 0.023595
v 0.015346 -0.018716 0.023470
v 0.015171 -0.019545 0.023503
v 0.015266 -0.019362 0.023613
v 0.015332 -0.019140 0.023646
v 0.014410 -0.018951 0.021628
v 0.014465 -0.019089 0.021809
v 0.014868 -0.019638 0.022916
v 0.015291 -0.018578 0.023288
v 0.014888 -0.018029 0.022181
v 0.014801 -0.017972 0.021971
v 0.015221 -0.020558 0.024328
v 0.015820 -0.019056 0.024855
v 0.014951 -0.020495 0.024457
v 0.015550 -0.018994 0.024984
v 0.013178 -0.015108 0.018382
v 0.013355 -0.014666 0.018537
v 0.012890 -0.014032 0.017260
v 0.011551 -0.017388 0.016082
v 0.012016 -0.018022 0.017359
v 0.012192 -0.017580 0.017514
v 0.013954 -0.018652 0.021714
v 0.013982 -0.018425 0.021663
v 0.014904 -0.018614 0.023681
v 0.014919 -0.018811 0.023806
v 0.015488 -0.018256 0.024727
v 0.014501 -0.020729 0.023859
v 0.014620 -0.019560 0.023543
v 0.014514 -0.019593 0.023337
v 0.014049 -0.018203 0.021695
v 0.014144 -0.018020 0.021806
v 0.014253 -0.017903 0.021977
v 0.014891 -0.019038 0.023857
v 0.014824 -0.019260 0.023825
v 0.014729 -0.019443 0.023714
v 0.014427 -0.019536 0.023128
v 0.014024 -0.018987 0.022020
v 0.013969 -0.018849 0.021839
v 0.014359 -0.017870 0.022183
v 0.014446 -0.017927 0.022392
v 0.014849 -0.018476 0.023500
v 0.021383 -0.012709 0.015413
v 0.021081 -0.010795 0.016472
v 0.019105 -0.010339 0.017418
v -0.002742 -0.021206 0.019977
v -0.000792 -0.021657 0.019043
v 0.000879 -0.020174 0.019171
v 0.010614 -0.019936 0.015746
v 0.008669 -0.020542 0.016153
v 0.008806 -0.023873 0.014450
v 0.018318 -0.000031 0.022820
v 0.016368 0.000420 0.023753
v 0.014698 -0.001063 0.023625
v 0.004962 -0.001301 0.027051
v 0.006907 -0.000695 0.026643
v 0.006771 0.002636 0.028346
v -0.002653 -0.016465 0.022297
v -0.001368 -0.017169 0.021481
v -0.002231 -0.015619 0.022563
v 0.010853 -0.023297 0.013991
v 0.012501 -0.021834 0.014117
v 0.012196 -0.019894 0.015191
v 0.018229 -0.004772 0.020499
v 0.016945 -0.004068 0.021316
v 0.017808 -0.005618 0.020233
v 0.004724 0.002060 0.028805
v 0.003075 0.000597 0.028679
v 0.003380 -0.001343 0.027605
v -0.005806 -0.008528 0.027384
v -0.005505 -0.010442 0.026324
v -0.003529 -0.010898 0.025379
v -0.004323 -0.017948 0.022169
v -0.004022 -0.019862 0.021110
v -0.000194 -0.018495 0.020395
v 0.001253 -0.019553 0.019344
v 0.002921 -0.020306 0.018362
v 0.016992 -0.015637 0.015558
v 0.016832 -0.014702 0.016080
v 0.016116 -0.016758 0.015320
v 0.015626 -0.016351 0.015701
v 0.014852 -0.018036 0.015146
v 0.014153 -0.017805 0.015516
v 0.013426 -0.019146 0.015114
v 0.012463 -0.019013 0.015531
v 0.019900 -0.003289 0.020627
v 0.019599 -0.001375 0.021686
v 0.015770 -0.002742 0.022401
v 0.014324 -0.001684 0.023453
v 0.012655 -0.000931 0.024434
v -0.001415 -0.005600 0.027238
v -0.001256 -0.006535 0.026716
v -0.000540 -0.004479 0.027476
v -0.000049 -0.004886 0.027096
v 0.000725 -0.003201 0.027650
v 0.001424 -0.003432 0.027281
v 0.002150 -0.002091 0.027682
v 0.003113 -0.002224 0.027266
v 0.018967 -0.016094 0.014612
v 0.020616 -0.014630 0.014739
v 0.017730 -0.012915 0.016640
v 0.018290 -0.011049 0.017362
v 0.018492 -0.009168 0.018222
v 0.019197 -0.009037 0.018031
v 0.018329 -0.007337 0.019190
v 0.019079 -0.007440 0.018866
v 0.018705 -0.005914 0.019759
v 0.013559 -0.000509 0.024314
v 0.012016 -0.000022 0.025118
v 0.010820 -0.000507 0.025312
v 0.010377 0.000226 0.025837
v 0.008883 -0.000428 0.026057
v 0.009026 0.000247 0.026339
v 0.008721 0.002186 0.027413
v -0.003391 -0.005143 0.028184
v -0.005040 -0.006607 0.028058
v -0.002154 -0.008322 0.026156
v -0.002713 -0.010188 0.025434
v -0.002915 -0.012069 0.024574
v -0.003620 -0.012200 0.024766
v -0.002753 -0.013900 0.023606
v -0.003503 -0.013797 0.023930
v -0.003129 -0.015323 0.023037
v 0.002018 -0.020728 0.018482
v 0.003561 -0.021215 0.017678
v 0.004756 -0.020730 0.017484
v 0.005199 -0.021463 0.016959
v 0.006694 -0.020809 0.016739
v 0.006551 -0.021484 0.016457
v 0.006856 -0.023423 0.015384
v -0.001894 -0.015084 0.017070
v -0.004587 -0.015680 0.017755
v -0.002835 -0.013612 0.018143
v -0.005437 -0.013938 0.018929
v -0.003426 -0.011947 0.019184
v -0.005931 -0.012034 0.020053
v -0.003642 -0.010154 0.020153
v -0.006053 -0.010025 0.021095
v -0.003476 -0.008300 0.021013
v -0.005800 -0.007972 0.022021
v -0.002935 -0.006457 0.021730
v -0.005179 -0.005939 0.022804
v -0.002039 -0.004696 0.022278
v -0.004210 -0.003985 0.023421
v -0.000822 -0.003085 0.022634
v -0.002921 -0.002172 0.023851
v 0.000668 -0.001685 0.022786
v -0.001351 -0.000554 0.024083
v 0.000450 0.000820 0.024109
v 0.002375 -0.000551 0.022728
v 0.002430 0.001908 0.023929
v 0.004233 0.000274 0.022461
v 0.004527 0.002678 0.023547
v 0.006170 0.000759 0.021997
v 0.006678 0.003104 0.022976
v 0.008112 0.000884 0.021352
v 0.008817 0.003176 0.022233
v 0.009985 0.000646 0.020552
v 0.010880 0.002890 0.021340
v 0.011716 0.000052 0.019628
v 0.012804 0.002255 0.020325
v 0.013239 -0.000874 0.018614
v 0.014530 0.001291 0.019218
v 0.014495 -0.002096 0.017550
v 0.016007 0.000026 0.018053
v 0.017188 -0.001500 0.016866
v 0.015436 -0.003568 0.016477
v 0.018038 -0.003242 0.015692
v 0.016026 -0.005233 0.015436
v 0.018532 -0.005146 0.014567
v 0.016243 -0.007026 0.014467
v 0.018654 -0.007155 0.013526
v 0.016077 -0.008880 0.013608
v 0.018401 -0.009208 0.012599
v 0.015536 -0.010723 0.012890
v 0.017780 -0.011241 0.011816
v 0.014640 -0.012484 0.012343
v 0.016810 -0.013195 0.011200
v 0.013423 -0.014095 0.011986
v 0.015521 -0.015008 0.010769
v 0.011932 -0.015494 0.011834
v 0.013952 -0.016626 0.010537
v 0.012151 -0.018000 0.010511
v 0.010225 -0.016629 0.011893
v 0.010171 -0.019088 0.010692
v 0.008368 -0.017454 0.012159
v 0.008074 -0.019857 0.011073
v 0.006431 -0.017939 0.012624
v 0.005923 -0.020284 0.011645
v 0.004488 -0.018064 0.013268
v 0.003783 -0.020356 0.012388
v 0.002616 -0.017825 0.014068
v 0.001720 -0.020070 0.013281
v 0.000885 -0.017232 0.014993
v -0.000203 -0.019435 0.014296
v -0.000638 -0.016306 0.016007
v -0.001930 -0.018471 0.015403
v -0.003406 -0.017206 0.016567
v -0.005396 -0.005643 0.022208
v -0.006785 -0.005322 0.022873
v -0.006331 -0.004296 0.023216
v -0.004427 -0.003690 0.022824
v -0.005183 -0.002329 0.023775
v -0.003138 -0.001876 0.023255
v -0.003743 -0.000516 0.024151
v -0.001568 -0.000258 0.023487
v -0.002049 0.001096 0.024334
v 0.000233 0.001116 0.023513
v -0.000144 0.002464 0.024320
v 0.002213 0.002204 0.023333
v 0.001921 0.003554 0.024108
v 0.004310 0.002973 0.022951
v 0.004095 0.004337 0.023706
v 0.006461 0.003400 0.022380
v 0.006321 0.004792 0.023122
v 0.008600 0.003472 0.021637
v 0.008540 0.004909 0.022372
v 0.010663 0.003186 0.020744
v 0.010695 0.004684 0.021476
v 0.012587 0.002551 0.019729
v 0.012731 0.004123 0.020456
v 0.014314 0.001586 0.018622
v 0.014595 0.003240 0.019340
v 0.015790 0.000322 0.017457
v 0.007857 -0.019562 0.010477
v 0.006962 -0.021195 0.009993
v 0.005706 -0.019988 0.011048
v 0.004732 -0.021482 0.010662
v 0.003567 -0.020060 0.011792
v 0.002538 -0.021427 0.011487
v 0.001503 -0.019774 0.012684
v 0.000435 -0.021033 0.012448
v -0.000420 -0.019139 0.013700
v -0.001521 -0.020308 0.013520
v -0.002147 -0.018175 0.014807
v -0.003280 -0.019273 0.014674
v -0.003623 -0.016910 0.015971
v -0.004797 -0.017953 0.015881
v -0.004804 -0.015384 0.017159
v -0.006032 -0.016383 0.017110
v -0.005655 -0.013642 0.018333
v -0.006954 -0.014603 0.018329
v -0.006148 -0.011738 0.019457
v -0.007537 -0.012660 0.019505
v -0.006270 -0.009729 0.020499
v -0.007768 -0.010604 0.020609
v -0.006017 -0.007676 0.021425
v -0.007640 -0.008488 0.021613
v -0.007157 -0.006367 0.022489
v 0.016239 0.002058 0.018155
v 0.017619 0.000608 0.016933
v 0.016971 -0.001204 0.016270
v 0.018701 -0.001072 0.015706
v 0.017821 -0.002946 0.015096
v 0.019456 -0.002939 0.014504
v 0.018315 -0.004850 0.013971
v 0.019864 -0.004945 0.013360
v 0.018437 -0.006859 0.012930
v 0.019916 -0.007038 0.012303
v 0.018184 -0.008912 0.012003
v 0.019609 -0.009164 0.011360
v 0.017563 -0.010945 0.011220
v 0.018952 -0.011266 0.010555
v 0.016594 -0.012899 0.010604
v 0.017962 -0.013292 0.009910
v 0.015304 -0.014712 0.010173
v 0.016664 -0.015189 0.009442
v 0.013735 -0.016330 0.009941
v 0.015092 -0.016906 0.009161
v 0.011933 -0.017704 0.009915
v 0.013287 -0.018401 0.009077
v 0.009954 -0.018792 0.010096
v 0.011295 -0.019634 0.009190
v 0.009168 -0.020573 0.009498
v 0.007451 -0.022184 0.011085
v 0.007515 -0.022171 0.011068
v 0.005616 -0.021733 0.011977
v -0.001266 -0.021274 0.014709
v -0.002031 -0.019966 0.015637
v -0.003074 -0.020210 0.015896
v -0.003931 -0.019528 0.016546
v 0.005507 -0.021042 0.012359
v 0.003657 -0.021037 0.013035
v -0.001437 -0.019438 0.015683
v 0.000105 -0.020217 0.014735
v 0.001828 -0.020761 0.013838
v 0.000744 -0.022018 0.013608
v 0.002905 -0.022424 0.012621
v 0.005160 -0.022480 0.011772
v -0.005270 -0.018121 0.017731
v -0.005563 -0.016257 0.018763
v -0.005902 -0.017240 0.018399
v -0.006848 -0.015411 0.019651
v -0.007038 -0.006887 0.023949
v -0.007057 -0.006948 0.023926
v -0.006745 -0.008751 0.022918
v -0.007554 -0.009127 0.023026
v -0.007685 -0.011302 0.021994
v -0.006041 -0.008914 0.022581
v -0.006191 -0.010694 0.021752
v -0.006060 -0.012478 0.020819
v -0.007448 -0.013414 0.020860
v -0.005642 -0.014181 0.019822
v -0.004968 -0.015729 0.018808
v -0.006208 -0.004820 0.024673
v -0.006236 -0.004878 0.024655
v -0.004631 -0.003453 0.024778
v 0.000149 0.002127 0.025807
v 0.001835 0.002287 0.025272
v 0.002272 0.003247 0.025590
v 0.003441 0.003712 0.025395
v -0.003927 -0.003615 0.024441
v -0.002751 -0.002072 0.024779
v 0.001944 0.001597 0.024890
v 0.000253 0.000595 0.025009
v -0.001339 -0.000645 0.024973
v -0.001808 0.000721 0.025822
v -0.003549 -0.000935 0.025633
v -0.005029 -0.002798 0.025247
v 0.005582 0.004315 0.024915
v 0.007481 0.003876 0.024006
v 0.006792 0.004519 0.024576
v 0.009072 0.004639 0.023806
v 0.017027 0.001671 0.019437
v 0.016984 0.001710 0.019472
v 0.015128 0.002110 0.020346
v 0.015295 0.002924 0.020690
v 0.013380 0.003831 0.021837
v 0.014534 0.001582 0.020301
v 0.012992 0.002361 0.021248
v 0.011269 0.002905 0.022145
v 0.011287 0.004408 0.022885
v 0.009439 0.003181 0.022948
v 0.007589 0.003186 0.023624
v 0.018402 0.000220 0.018217
v 0.018366 0.000265 0.018252
v 0.018660 -0.001599 0.017220
v 0.020762 -0.007638 0.013459
v 0.019841 -0.009105 0.013066
v 0.020447 -0.009821 0.012490
v 0.020135 -0.010969 0.012034
v 0.018065 -0.002127 0.017175
v 0.018739 -0.003675 0.016161
v 0.019138 -0.008943 0.013402
v 0.019288 -0.007162 0.014231
v 0.019157 -0.005378 0.015164
v 0.020709 -0.005487 0.014545
v 0.020289 -0.003426 0.015721
v 0.019514 -0.001507 0.016955
v 0.019333 -0.012978 0.011329
v 0.017728 -0.014403 0.011206
v 0.018755 -0.014064 0.011000
v 0.017421 -0.016013 0.010519
v 0.009656 -0.021569 0.010588
v 0.009719 -0.021546 0.010576
v 0.011262 -0.020143 0.010711
v 0.011904 -0.020581 0.010260
v 0.013951 -0.019314 0.010144
v 0.011153 -0.019453 0.011093
v 0.012844 -0.018451 0.010975
v 0.014436 -0.017211 0.011010
v 0.015806 -0.017778 0.010231
v 0.015848 -0.015784 0.011205
v 0.017024 -0.014241 0.011542
v 0.019772 -0.011982 0.011663
v 0.019562 -0.012483 0.011491
v -0.004632 -0.018853 0.017136
v -0.004959 -0.018494 0.017433
v 0.004505 0.004051 0.025176
v 0.005042 0.004193 0.025051
v 0.019376 -0.012940 0.011332
v 0.020143 -0.011019 0.012006
v 0.019794 -0.011987 0.011652
v 0.018359 0.000315 0.018280
v 0.017078 0.001660 0.019413
v 0.005531 0.004327 0.024939
v 0.003484 0.003751 0.025398
v 0.004502 0.004073 0.025188
v -0.006279 -0.004916 0.024651
v -0.007046 -0.006837 0.023977
v -0.005262 -0.018171 0.017703
v -0.003981 -0.019516 0.016570
v -0.004651 -0.018870 0.017134
v 0.007566 -0.022183 0.011044
v 0.009613 -0.021607 0.010585
v 0.017296 -0.010680 0.016968
v 0.017307 -0.010571 0.017018
v 0.017483 -0.008933 0.017767
v 0.017464 -0.008721 0.017879
v 0.017332 -0.007232 0.018666
v 0.017241 -0.006933 0.018847
v 0.016848 -0.005635 0.019635
v 0.016648 -0.005275 0.019886
v 0.016046 -0.004196 0.020640
v 0.015706 -0.003811 0.020955
v 0.014955 -0.002964 0.021649
v 0.014452 -0.002596 0.022015
v 0.013612 -0.001981 0.022625
v 0.012933 -0.001675 0.023024
v 0.012061 -0.001281 0.023537
v 0.011209 -0.001084 0.023945
v 0.010357 -0.000888 0.024353
v 0.009344 -0.000846 0.024742
v 0.008557 -0.000814 0.025045
v 0.007410 -0.000969 0.025385
v 0.006722 -0.001062 0.025589
v 0.005479 -0.001449 0.025849
v 0.004915 -0.001625 0.025968
v 0.003626 -0.002268 0.026117
v 0.003197 -0.002482 0.026167
v 0.001922 -0.003395 0.026179
v 0.001628 -0.003605 0.026181
v 0.000430 -0.004787 0.026031
v 0.000260 -0.004955 0.026009
v -0.000791 -0.006391 0.025679
v -0.000861 -0.006487 0.025657
v -0.001695 -0.008147 0.025137
v -0.002215 -0.009881 0.024466
v -0.002227 -0.009990 0.024416
v -0.002402 -0.011628 0.023667
v -0.002384 -0.011840 0.023555
v -0.002252 -0.013329 0.022768
v -0.002161 -0.013628 0.022587
v -0.001767 -0.014926 0.021799
v -0.001567 -0.015285 0.021548
v -0.000966 -0.016365 0.020793
v -0.000625 -0.016750 0.020478
v 0.000125 -0.017597 0.019785
v 0.000629 -0.017965 0.019419
v 0.001469 -0.018580 0.018808
v 0.002147 -0.018886 0.018410
v 0.003019 -0.019280 0.017897
v 0.003871 -0.019477 0.017489
v 0.004724 -0.019673 0.017081
v 0.005736 -0.019715 0.016692
v 0.006524 -0.019747 0.016389
v 0.007671 -0.019592 0.016049
v 0.008359 -0.019498 0.015845
v 0.009601 -0.019112 0.015584
v 0.010166 -0.018936 0.015466
v 0.011454 -0.018293 0.015316
v 0.011883 -0.018079 0.015266
v 0.013159 -0.017166 0.015255
v 0.013453 -0.016956 0.015252
v 0.014650 -0.015774 0.015403
v 0.014821 -0.015606 0.015424
v 0.015872 -0.014170 0.015755
v 0.015942 -0.014074 0.015777
v 0.016776 -0.012413 0.016297
vn -0.3100 0.4226 -0.8517
vn -0.3100 0.4226 -0.8516
vn -0.3099 0.4227 -0.8517
vn -0.3099 0.4226 -0.8517
vn -0.3100 0.4227 -0.8516
vn -0.2989 0.4000 -0.8664
vn 0.0917 0.0854 -0.9921
vn -0.1025 0.2548 -0.9615
vn -0.2913 0.4056 -0.8664
vn -0.2899 0.4070 -0.8662
vn -0.2900 0.4070 -0.8662
vn -0.2929 0.4041 -0.8666
vn -0.2948 0.4026 -0.8666
vn -0.2968 0.4012 -0.8666
vn -0.2968 0.4011 -0.8666
vn -0.2988 0.3999 -0.8665
vn -0.3010 0.3989 -0.8662
vn -0.3010 0.3988 -0.8662
vn -0.3012 0.3989 -0.8661
vn -0.3033 0.3980 -0.8658
vn -0.3032 0.3979 -0.8659
vn -0.3055 0.3971 -0.8654
vn -0.3054 0.3972 -0.8654
vn -0.3055 0.3972 -0.8654
vn -0.3078 0.3966 -0.8649
vn -0.3077 0.3966 -0.8649
vn -0.3101 0.3962 -0.8642
vn -0.3103 0.3962 -0.8641
vn -0.3123 0.3959 -0.8636
vn -0.3124 0.3960 -0.8635
vn -0.3146 0.3959 -0.8627
vn -0.3147 0.3959 -0.8627
vn -0.3169 0.3961 -0.8618
vn 0.0669 0.0594 -0.9960
vn 0.0668 0.0594 -0.9960
vn 0.0379 0.0325 -0.9988
vn 0.0043 0.0054 -1.0000
vn 0.0044 0.0054 -1.0000
vn -0.0311 -0.0193 -0.9993
vn -0.0681 -0.0414 -0.9968
vn -0.1065 -0.0608 -0.9925
vn -0.1065 -0.0607 -0.9925
vn -0.1459 -0.0772 -0.9863
vn -0.1862 -0.0907 -0.9783
vn -0.1862 -0.0908 -0.9783
vn -0.2270 -0.1012 -0.9686
vn -0.2680 -0.1084 -0.9573
vn -0.3091 -0.1125 -0.9444
vn -0.3497 -0.1133 -0.9300
vn -0.3498 -0.1132 -0.9300
vn -0.3899 -0.1108 -0.9142
vn -0.3899 -0.1109 -0.9142
vn -0.4292 -0.1053 -0.8971
vn -0.4673 -0.0965 -0.8788
vn -0.4673 -0.0964 -0.8788
vn -0.5042 -0.0844 -0.8595
vn -0.5042 -0.0845 -0.8595
vn -0.1026 0.2548 -0.9615
vn -0.1162 0.2406 -0.9636
vn -0.1161 0.2406 -0.9637
vn -0.1319 0.2258 -0.9652
vn -0.1502 0.2110 -0.9659
vn -0.1503 0.2110 -0.9659
vn -0.1696 0.1975 -0.9655
vn -0.1697 0.1976 -0.9655
vn -0.1899 0.1855 -0.9641
vn -0.2109 0.1749 -0.9617
vn -0.2108 0.1749 -0.9618
vn -0.2324 0.1659 -0.9584
vn -0.2325 0.1660 -0.9583
vn -0.2544 0.1586 -0.9540
vn -0.2767 0.1529 -0.9487
vn -0.2991 0.1489 -0.9425
vn -0.2992 0.1490 -0.9425
vn -0.3216 0.1468 -0.9354
vn -0.3215 0.1467 -0.9355
vn -0.3438 0.1462 -0.9276
vn -0.3438 0.1461 -0.9276
vn -0.3657 0.1475 -0.9190
vn -0.3872 0.1506 -0.9096
vn -0.3872 0.1507 -0.9096
vn -0.4080 0.1555 -0.8996
vn -0.4080 0.1554 -0.8997
vn -0.4282 0.1619 -0.8891
vn -0.3191 0.3964 -0.8609
vn -0.3191 0.3963 -0.8609
vn -0.3192 0.3964 -0.8608
vn -0.3212 0.3968 -0.8599
vn -0.3212 0.3969 -0.8598
vn -0.3233 0.3975 -0.8588
vn 0.3166 0.8892 0.3302
vn 0.3168 0.8892 0.3301
vn 0.4190 0.8673 0.2687
vn 0.3558 0.9114 0.2065
vn 0.4590 0.8510 0.2552
vn 0.2126 0.9348 0.2845
vn 0.2642 0.9046 0.3345
vn 0.1655 0.9032 0.3959
vn 0.0100 0.8929 0.4502
vn 0.1016 0.9150 0.3905
vn 0.0621 0.9339 0.3522
vn 0.1657 0.9032 0.3959
vn -0.1459 0.8583 0.4919
vn -0.0638 0.8981 0.4351
vn -0.0913 0.9085 0.4079
vn 0.0101 0.8929 0.4502
vn -0.2982 0.8005 0.5198
vn -0.2274 0.8547 0.4666
vn -0.2430 0.8591 0.4505
vn -0.1460 0.8583 0.4919
vn -0.4423 0.7211 0.5333
vn -0.3843 0.7862 0.4840
vn -0.3890 0.7870 0.4788
vn -0.5745 0.6221 0.5319
vn -0.5299 0.6946 0.4866
vn -0.5250 0.6942 0.4924
vn -0.6414 0.5864 0.4947
vn -0.6612 0.5845 0.4703
vn -0.6813 0.5261 0.5090
vn -0.2842 0.4365 -0.8536
vn -0.1388 0.8314 -0.5380
vn -0.2285 0.6625 -0.7133
vn -0.3006 0.4485 -0.8417
vn -0.3028 0.4488 -0.8407
vn -0.3028 0.4489 -0.8407
vn -0.2964 0.4473 -0.8438
vn -0.2985 0.4480 -0.8427
vn -0.2983 0.4480 -0.8428
vn -0.2926 0.4455 -0.8461
vn -0.2944 0.4465 -0.8450
vn -0.2944 0.4466 -0.8449
vn -0.2945 0.4466 -0.8449
vn -0.2964 0.4474 -0.8438
vn -0.2892 0.4431 -0.8485
vn -0.2908 0.4444 -0.8473
vn -0.2908 0.4443 -0.8474
vn -0.2909 0.4443 -0.8473
vn -0.2878 0.4415 -0.8498
vn -0.2893 0.4430 -0.8486
vn -0.2878 0.4416 -0.8498
vn -0.2864 0.4400 -0.8511
vn -0.2853 0.4383 -0.8524
vn -0.2853 0.4383 -0.8523
vn -0.2834 0.4346 -0.8549
vn -0.2828 0.4326 -0.8561
vn -0.1388 0.8315 -0.5380
vn -0.0994 0.8258 -0.5551
vn -0.0612 0.8170 -0.5734
vn -0.0612 0.8170 -0.5733
vn -0.0245 0.8051 -0.5926
vn -0.0245 0.8051 -0.5927
vn 0.0107 0.7901 -0.6129
vn 0.0107 0.7901 -0.6128
vn 0.0439 0.7723 -0.6338
vn 0.0439 0.7722 -0.6339
vn 0.0750 0.7515 -0.6555
vn 0.1038 0.7281 -0.6775
vn 0.1038 0.7281 -0.6776
vn 0.1301 0.7022 -0.7000
vn 0.1537 0.6740 -0.7226
vn 0.1538 0.6740 -0.7226
vn 0.1745 0.6436 -0.7452
vn 0.1923 0.6112 -0.7677
vn 0.1923 0.6113 -0.7677
vn 0.2069 0.5772 -0.7899
vn 0.2183 0.5418 -0.8117
vn 0.2183 0.5417 -0.8117
vn 0.2265 0.5050 -0.8329
vn 0.2309 0.4704 -0.8517
vn 0.2308 0.4703 -0.8518
vn 0.2324 0.4383 -0.8683
vn 0.2325 0.4383 -0.8682
vn -0.2285 0.6625 -0.7134
vn -0.2069 0.6594 -0.7227
vn -0.1861 0.6546 -0.7327
vn -0.1861 0.6547 -0.7327
vn -0.1660 0.6481 -0.7432
vn -0.1660 0.6481 -0.7433
vn -0.1468 0.6399 -0.7543
vn -0.1286 0.6301 -0.7658
vn -0.1286 0.6301 -0.7657
vn -0.1116 0.6188 -0.7776
vn -0.0959 0.6060 -0.7897
vn -0.0959 0.6061 -0.7896
vn -0.0815 0.5919 -0.8019
vn -0.0686 0.5765 -0.8142
vn -0.0686 0.5764 -0.8143
vn -0.0573 0.5598 -0.8266
vn -0.0476 0.5422 -0.8389
vn -0.0476 0.5421 -0.8389
vn -0.0396 0.5236 -0.8511
vn -0.0334 0.5042 -0.8630
vn -0.0333 0.5042 -0.8630
vn -0.0289 0.4841 -0.8745
vn -0.0265 0.4651 -0.8848
vn -0.0256 0.4477 -0.8938
vn -0.0257 0.4476 -0.8939
vn -0.2824 0.4305 -0.8573
vn -0.2824 0.4306 -0.8572
vn -0.2825 0.4305 -0.8573
vn -0.2822 0.4286 -0.8583
vn -0.2821 0.4287 -0.8583
vn -0.2820 0.4268 -0.8593
vn -0.9507 -0.1492 0.2719
vn -0.9667 -0.1810 0.1811
vn -0.9588 -0.1806 0.2194
vn -0.9351 -0.2819 0.2146
vn -0.8977 -0.4203 0.1327
vn -0.9356 -0.3273 0.1324
vn -0.9367 -0.3273 0.1246
vn -0.8358 -0.5471 0.0469
vn -0.8358 -0.5471 0.0468
vn -0.8849 -0.4640 0.0412
vn -0.8845 -0.4641 0.0478
vn -0.8977 -0.4202 0.1327
vn -0.8086 -0.5875 -0.0316
vn -0.8081 -0.5867 -0.0518
vn -0.7512 -0.6588 -0.0406
vn -0.6464 -0.7523 -0.1273
vn -0.7077 -0.6918 -0.1437
vn -0.7110 -0.6943 -0.1115
vn -0.7512 -0.6589 -0.0406
vn -0.5239 -0.8253 -0.2109
vn -0.5865 -0.7760 -0.2320
vn -0.5943 -0.7816 -0.1895
vn -0.6462 -0.7525 -0.1274
vn -0.3874 -0.8754 -0.2892
vn -0.4483 -0.8369 -0.3141
vn -0.4617 -0.8470 -0.2633
vn -0.2402 -0.9015 -0.3600
vn -0.2971 -0.8726 -0.3877
vn -0.3168 -0.8889 -0.3308
vn -0.3875 -0.8753 -0.2891
vn -0.7453 0.1725 -0.6440
vn -0.7453 0.1726 -0.6440
vn -0.5600 0.3025 -0.7713
vn -0.3368 0.4120 -0.8467
vn -0.3368 0.4119 -0.8467
vn -0.3373 0.4143 -0.8453
vn -0.3373 0.4144 -0.8453
vn -0.3376 0.4165 -0.8442
vn -0.3377 0.4186 -0.8431
vn -0.3377 0.4187 -0.8430
vn -0.3376 0.4208 -0.8420
vn -0.3377 0.4207 -0.8420
vn -0.3374 0.4230 -0.8410
vn -0.3372 0.4229 -0.8411
vn -0.3373 0.4228 -0.8411
vn -0.3368 0.4252 -0.8401
vn -0.3367 0.4252 -0.8401
vn -0.3360 0.4273 -0.8393
vn -0.3361 0.4273 -0.8393
vn -0.3352 0.4294 -0.8386
vn -0.3351 0.4295 -0.8386
vn -0.3341 0.4315 -0.8379
vn -0.3343 0.4315 -0.8379
vn -0.3331 0.4335 -0.8374
vn -0.3331 0.4336 -0.8373
vn -0.3330 0.4336 -0.8373
vn -0.3317 0.4355 -0.8369
vn -0.3302 0.4373 -0.8365
vn -0.3302 0.4374 -0.8365
vn -0.3285 0.4392 -0.8362
vn -0.7453 0.1726 -0.6439
vn -0.7550 0.2157 -0.6193
vn -0.7550 0.2156 -0.6192
vn -0.7598 0.2534 -0.5988
vn -0.7612 0.2918 -0.5792
vn -0.7592 0.3308 -0.5606
vn -0.7538 0.3699 -0.5431
vn -0.7450 0.4090 -0.5269
vn -0.7330 0.4477 -0.5121
vn -0.7178 0.4859 -0.4987
vn -0.7178 0.4859 -0.4986
vn -0.6995 0.5232 -0.4868
vn -0.6782 0.5593 -0.4766
vn -0.6782 0.5593 -0.4767
vn -0.6541 0.5942 -0.4682
vn -0.6541 0.5942 -0.4681
vn -0.6273 0.6274 -0.4614
vn -0.5981 0.6588 -0.4564
vn -0.5980 0.6588 -0.4565
vn -0.5665 0.6881 -0.4534
vn -0.5664 0.6881 -0.4535
vn -0.5328 0.7152 -0.4523
vn -0.5329 0.7152 -0.4522
vn -0.5093 0.7319 -0.4527
vn -0.5092 0.7319 -0.4527
vn -0.5652 0.3260 -0.7578
vn -0.5652 0.3259 -0.7578
vn -0.5678 0.3466 -0.7466
vn -0.5686 0.3676 -0.7359
vn -0.5675 0.3889 -0.7258
vn -0.5674 0.3889 -0.7258
vn -0.5645 0.4103 -0.7163
vn -0.5645 0.4102 -0.7162
vn -0.5598 0.4316 -0.7074
vn -0.5598 0.4316 -0.7073
vn -0.5532 0.4528 -0.6992
vn -0.5532 0.4528 -0.6993
vn -0.5449 0.4736 -0.6919
vn -0.5349 0.4940 -0.6854
vn -0.5349 0.4940 -0.6855
vn -0.5233 0.5138 -0.6799
vn -0.5101 0.5328 -0.6752
vn -0.4955 0.5510 -0.6715
vn -0.4954 0.5510 -0.6716
vn -0.4794 0.5681 -0.6689
vn -0.4795 0.5681 -0.6689
vn -0.4622 0.5842 -0.6672
vn -0.4439 0.5990 -0.6665
vn -0.4309 0.6081 -0.6667
vn -0.4309 0.6081 -0.6668
vn -0.3268 0.4408 -0.8360
vn -0.3249 0.4423 -0.8359
vn -0.3249 0.4423 -0.8360
vn -0.3235 0.4433 -0.8360
vn 0.5812 -0.6312 -0.5137
vn 0.5114 -0.6473 -0.5651
vn 0.5069 -0.6695 -0.5430
vn 0.4689 -0.7113 -0.5236
vn 0.6337 -0.5644 -0.5291
vn 0.6384 -0.5317 -0.5565
vn 0.6967 -0.5139 -0.5005
vn 0.7931 -0.3824 -0.4740
vn 0.7931 -0.3825 -0.4740
vn 0.7462 -0.4001 -0.5321
vn 0.7428 -0.4433 -0.5018
vn 0.6968 -0.5139 -0.5005
vn 0.8313 -0.3097 -0.4616
vn 0.8317 -0.2562 -0.4926
vn 0.8677 -0.2403 -0.4351
vn 0.9377 -0.0202 -0.3468
vn 0.9075 -0.1237 -0.4014
vn 0.8850 -0.0512 -0.4628
vn 0.8969 -0.1673 -0.4095
vn 0.9529 0.1281 -0.2751
vn 0.9529 0.1279 -0.2752
vn 0.9387 0.0353 -0.3429
vn 0.9166 0.0927 -0.3888
vn 0.9377 -0.0200 -0.3467
vn 0.9222 0.2356 -0.3065
vn 0.9421 0.1932 -0.2740
vn 0.9418 0.2727 -0.1965
vn 0.9271 0.3330 -0.1721
vn 0.8937 0.3901 -0.2215
vn 0.9418 0.2729 -0.1964
vn 0.3100 -0.4226 0.8516
vn 0.3100 -0.4226 0.8517
vn 0.3100 -0.4227 0.8516
vn 0.3099 -0.4226 0.8517
vn 0.3099 -0.4227 0.8516
vn 0.3101 -0.4225 0.8517
vn -0.5199 -0.8306 -0.1995
vn -0.8204 -0.5716 0.0150
vn -0.7301 -0.6796 -0.0715
vn -0.6200 -0.7690 -0.1559
vn -0.6199 -0.7690 -0.1559
vn -0.4929 -0.8374 -0.2362
vn -0.8865 -0.4504 0.1057
vn -0.8835 -0.4590 0.0938
vn -0.3969 0.7524 0.5257
vn 0.0465 0.9014 0.4304
vn -0.1105 0.8737 0.4738
vn -0.1104 0.8737 0.4738
vn -0.2644 0.8221 0.5042
vn -0.4111 0.7481 0.5209
vn 0.2052 0.9003 0.3838
vn 0.1634 0.9061 0.3902
vn 0.9599 0.0920 -0.2648
vn 0.9497 0.1800 -0.2563
vn 0.9542 0.1442 -0.2619
vn 0.7696 -0.4145 -0.4858
vn 0.8510 -0.2762 -0.4468
vn 0.9091 -0.1303 -0.3956
vn 0.9425 0.0190 -0.3336
vn 0.9425 0.0191 -0.3336
vn 0.9502 0.1679 -0.2625
vn 0.6813 -0.5261 -0.5090
vn 0.6338 -0.5758 -0.5164
vn 0.6783 -0.5371 -0.5014
vn 0.6688 -0.5438 -0.5069
vn 0.7124 -0.4900 -0.5024
vn 0.5783 -0.6272 -0.5217
vn 0.5492 -0.6573 -0.5162
vn 0.5139 -0.6791 -0.5241
vn 0.4461 -0.7264 -0.5228
vn 0.4137 -0.7517 -0.5137
vn 0.3753 -0.7686 -0.5180
vn 0.3019 -0.8057 -0.5097
vn 0.2670 -0.8257 -0.4970
vn 0.2264 -0.8372 -0.4979
vn 0.1494 -0.8630 -0.4826
vn 0.1131 -0.8772 -0.4666
vn 0.0713 -0.8829 -0.4641
vn -0.0072 -0.8968 -0.4424
vn -0.0439 -0.9050 -0.4232
vn -0.0857 -0.9045 -0.4177
vn -0.1636 -0.9061 -0.3901
vn -0.1995 -0.9081 -0.3681
vn -0.2404 -0.9015 -0.3599
vn -0.3155 -0.8907 -0.3272
vn -0.3497 -0.8866 -0.3028
vn -0.3885 -0.8739 -0.2923
vn -0.4590 -0.8510 -0.2552
vn -0.9201 -0.3589 0.1568
vn -0.9195 -0.3629 0.1512
vn -0.9210 -0.3576 0.1544
vn -0.9293 -0.3158 0.1914
vn -0.9389 -0.2768 0.2044
vn -0.9481 -0.2046 0.2435
vn -0.9476 -0.1715 0.2697
vn -0.9507 -0.1310 0.2810
vn -0.9469 -0.0565 0.3166
vn -0.9399 -0.0226 0.3407
vn -0.9366 0.0184 0.3500
vn -0.9198 0.0932 0.3810
vn -0.9065 0.1268 0.4027
vn -0.8969 0.1673 0.4094
vn -0.8677 0.2403 0.4351
vn -0.8483 0.2726 0.4539
vn -0.8327 0.3116 0.4577
vn -0.7920 0.3808 0.4772
vn -0.7669 0.4109 0.4929
vn -0.7458 0.4475 0.4935
vn -0.6946 0.5110 0.5064
vn -0.6645 0.5379 0.5187
vn -0.6386 0.5711 0.5158
vn -0.5783 0.6272 0.5217
vn -0.5440 0.6501 0.5305
vn -0.5139 0.6791 0.5241
vn -0.4690 0.7112 0.5236
vn 0.2402 0.9015 0.3600
vn 0.3155 0.8907 0.3272
vn 0.3549 0.8795 0.3171
vn 0.4954 0.8339 0.2434
vn 0.4588 0.8510 0.2553
vn 0.3885 0.8739 0.2922
vn 0.6225 0.7654 0.1631
vn 0.5896 0.7882 0.1765
vn 0.5260 0.8224 0.2166
vn 0.7327 0.6760 0.0786
vn 0.7043 0.7038 0.0929
vn 0.6492 0.7485 0.1352
vn 0.8230 0.5680 -0.0078
vn 0.7999 0.6001 0.0067
vn 0.7547 0.6542 0.0500
vn 0.8909 0.4445 -0.0938
vn 0.8736 0.4802 -0.0797
vn 0.8395 0.5421 -0.0366
vn 0.9476 0.2106 -0.2404
vn 0.9389 0.2768 -0.2044
vn 0.9345 0.3087 -0.1771
vn 0.9234 0.3472 -0.1638
vn 0.9015 0.4151 -0.1222
vn 0.2898 -0.8111 -0.5080
vn 0.2899 -0.8111 -0.5080
vn -0.8128 0.3469 0.4680
vn -0.9291 0.0554 0.3657
vn 0.8336 0.5516 -0.0297
vn 0.8336 0.5516 -0.0296
vn 0.8335 0.5517 -0.0296
vn 0.6392 0.7558 0.1423
vn 0.6393 0.7557 0.1423
vn 0.6392 0.7557 0.1424
vn -0.0207 -0.8986 -0.4384
vn -0.0208 -0.8986 -0.4383
vn -0.0207 -0.8986 -0.4383
vn -0.8437 -0.0282 -0.5361
vn -0.8016 -0.1036 -0.5888
vn -0.8016 -0.1036 -0.5889
vn -0.7475 -0.1708 -0.6419
vn -0.6827 -0.2284 -0.6941
vn -0.6084 -0.2753 -0.7444
vn -0.1235 0.9401 -0.3178
vn -0.2195 0.9326 -0.2865
vn -0.3155 0.9121 -0.2618
vn -0.4095 0.8791 -0.2440
vn -0.4095 0.8791 -0.2439
vn -0.4997 0.8342 -0.2334
vn 0.3104 -0.0165 -0.9505
vn 0.3104 -0.0166 -0.9504
vn 0.3643 0.0664 -0.9289
vn 0.4063 0.1541 -0.9007
vn 0.4064 0.1540 -0.9006
vn 0.4355 0.2447 -0.8663
vn 0.4513 0.3364 -0.8265
vn -0.2768 0.4296 -0.8595
vn -0.2918 0.4511 -0.8434
vn -0.3285 0.4454 -0.8329
vn -0.3428 0.4192 -0.8407
vn -0.3241 0.3922 -0.8609
vn -0.2877 0.4024 -0.8691
vn -0.2306 0.2889 -0.9292
vn -0.2120 0.3019 -0.9294
vn -0.3761 0.2660 -0.8876
vn -0.3562 0.2614 -0.8971
vn -0.3353 0.2594 -0.9057
vn -0.3139 0.2601 -0.9131
vn -0.2924 0.2635 -0.9193
vn -0.2711 0.2695 -0.9241
vn -0.2504 0.2780 -0.9274
vn -0.4697 0.4005 -0.7868
vn -0.4697 0.4005 -0.7867
vn -0.4694 0.3803 -0.7969
vn -0.4663 0.3607 -0.8078
vn -0.4663 0.3606 -0.8078
vn -0.4605 0.3420 -0.8192
vn -0.4605 0.3420 -0.8191
vn -0.4520 0.3246 -0.8309
vn -0.4409 0.3087 -0.8428
vn -0.4276 0.2947 -0.8546
vn -0.4122 0.2828 -0.8661
vn -0.3950 0.2732 -0.8771
vn -0.3985 0.5305 -0.7481
vn -0.4154 0.5155 -0.7494
vn -0.4305 0.4988 -0.7523
vn -0.4305 0.4988 -0.7522
vn -0.4434 0.4807 -0.7566
vn -0.4539 0.4615 -0.7623
vn -0.4619 0.4415 -0.7693
vn -0.4618 0.4415 -0.7693
vn -0.4671 0.4210 -0.7775
vn -0.2156 0.5593 -0.8004
vn -0.2157 0.5593 -0.8004
vn -0.2344 0.5665 -0.7900
vn -0.2544 0.5711 -0.7804
vn -0.2753 0.5731 -0.7719
vn -0.2967 0.5724 -0.7644
vn -0.3182 0.5690 -0.7583
vn -0.3395 0.5630 -0.7535
vn -0.3602 0.5545 -0.7502
vn -0.3800 0.5436 -0.7484
vn -0.1412 0.4522 -0.8807
vn -0.1443 0.4718 -0.8698
vn -0.1501 0.4905 -0.8584
vn -0.1586 0.5079 -0.8467
vn -0.1696 0.5237 -0.8348
vn -0.1697 0.5237 -0.8348
vn -0.1830 0.5377 -0.8230
vn -0.1829 0.5377 -0.8230
vn -0.1984 0.5497 -0.8115
vn -0.1951 0.3169 -0.9282
vn -0.1951 0.3170 -0.9281
vn -0.1801 0.3336 -0.9253
vn -0.1672 0.3518 -0.9210
vn -0.1567 0.3710 -0.9153
vn -0.1487 0.3910 -0.9083
vn -0.1434 0.4114 -0.9001
vn -0.1409 0.4319 -0.8908
vn -0.3509 0.3299 -0.8764
vn -0.3510 0.3299 -0.8764
vn -0.3390 0.3271 -0.8821
vn -0.3389 0.3271 -0.8821
vn -0.3263 0.3259 -0.8873
vn -0.3135 0.3263 -0.8918
vn -0.3005 0.3284 -0.8955
vn -0.2877 0.3320 -0.8983
vn -0.4072 0.4109 -0.8157
vn -0.4072 0.4108 -0.8157
vn -0.4071 0.3987 -0.8218
vn -0.4070 0.3987 -0.8218
vn -0.4052 0.3868 -0.8284
vn -0.4052 0.3869 -0.8283
vn -0.4017 0.3756 -0.8352
vn -0.3966 0.3651 -0.8423
vn -0.3899 0.3556 -0.8494
vn -0.3900 0.3556 -0.8494
vn -0.3819 0.3472 -0.8565
vn -0.3727 0.3400 -0.8634
vn -0.3644 0.4891 -0.7925
vn -0.3644 0.4892 -0.7924
vn -0.3746 0.4801 -0.7932
vn -0.3836 0.4701 -0.7949
vn -0.3836 0.4700 -0.7949
vn -0.3914 0.4591 -0.7975
vn -0.3977 0.4475 -0.8010
vn -0.4025 0.4355 -0.8052
vn -0.4025 0.4356 -0.8051
vn -0.2544 0.5065 -0.8239
vn -0.2656 0.5108 -0.8177
vn -0.2777 0.5135 -0.8119
vn -0.2776 0.5135 -0.8119
vn -0.2902 0.5147 -0.8067
vn -0.2903 0.5147 -0.8067
vn -0.3031 0.5143 -0.8023
vn -0.3161 0.5123 -0.7986
vn -0.3289 0.5086 -0.7957
vn -0.3289 0.5087 -0.7957
vn -0.3414 0.5035 -0.7937
vn -0.2095 0.4420 -0.8722
vn -0.2114 0.4538 -0.8657
vn -0.2113 0.4537 -0.8657
vn -0.2149 0.4650 -0.8588
vn -0.2200 0.4755 -0.8517
vn -0.2266 0.4850 -0.8446
vn -0.2346 0.4935 -0.8375
vn -0.2420 0.3606 -0.9008
vn -0.2420 0.3605 -0.9008
vn -0.2329 0.3706 -0.8991
vn -0.2252 0.3815 -0.8965
vn -0.2189 0.3931 -0.8931
vn -0.2141 0.4051 -0.8888
vn -0.2141 0.4051 -0.8889
vn -0.2109 0.4174 -0.8839
vn -0.2910 0.3994 -0.8694
vn -0.2522 0.3515 -0.9016
vn -0.2911 0.3994 -0.8694
vn -0.2910 0.3994 -0.8693
vn -0.2633 0.3436 -0.9014
vn -0.2633 0.3437 -0.9014
vn -0.2947 0.3968 -0.8693
vn -0.2503 0.2780 -0.9274
vn -0.2752 0.3371 -0.9003
vn -0.2988 0.3946 -0.8689
vn -0.2988 0.3945 -0.8689
vn -0.3116 0.3910 -0.8661
vn -0.3113 0.3910 -0.8661
vn -0.3072 0.3917 -0.8673
vn -0.3029 0.3929 -0.8683
vn -0.2987 0.3946 -0.8689
vn -0.3240 0.3922 -0.8609
vn -0.3200 0.3912 -0.8629
vn -0.3200 0.3912 -0.8628
vn -0.3199 0.3912 -0.8629
vn -0.3158 0.3909 -0.8646
vn -0.3159 0.3908 -0.8646
vn -0.3115 0.3910 -0.8661
vn -0.3949 0.2732 -0.8772
vn -0.3623 0.3342 -0.8701
vn -0.3622 0.3342 -0.8701
vn -0.3278 0.3936 -0.8589
vn -0.3278 0.3936 -0.8588
vn -0.3410 0.4074 -0.8472
vn -0.3393 0.4039 -0.8495
vn -0.3392 0.4039 -0.8496
vn -0.3371 0.4008 -0.8519
vn -0.3370 0.4008 -0.8519
vn -0.3344 0.3979 -0.8543
vn -0.3344 0.3980 -0.8543
vn -0.3313 0.3956 -0.8566
vn -0.3280 0.3937 -0.8587
vn -0.3428 0.4151 -0.8427
vn -0.3428 0.4152 -0.8427
vn -0.3422 0.4112 -0.8449
vn -0.3421 0.4112 -0.8449
vn -0.4057 0.4232 -0.8101
vn -0.3423 0.4233 -0.8388
vn -0.3375 0.4353 -0.8346
vn -0.3376 0.4352 -0.8346
vn -0.3397 0.4314 -0.8358
vn -0.3397 0.4315 -0.8357
vn -0.3413 0.4275 -0.8371
vn -0.3413 0.4274 -0.8372
vn -0.3424 0.4232 -0.8389
vn -0.3286 0.4453 -0.8329
vn -0.3319 0.4423 -0.8332
vn -0.3350 0.4389 -0.8337
vn -0.3349 0.4390 -0.8337
vn -0.3533 0.4970 -0.7926
vn -0.3248 0.4479 -0.8330
vn -0.3247 0.4480 -0.8330
vn -0.3038 0.4539 -0.8377
vn -0.3036 0.4539 -0.8378
vn -0.3080 0.4537 -0.8362
vn -0.3124 0.4530 -0.8350
vn -0.3124 0.4531 -0.8350
vn -0.3166 0.4519 -0.8340
vn -0.3167 0.4519 -0.8340
vn -0.3208 0.4501 -0.8333
vn -0.3209 0.4501 -0.8333
vn -0.3249 0.4479 -0.8330
vn -0.2917 0.4511 -0.8434
vn -0.2956 0.4526 -0.8413
vn -0.2955 0.4526 -0.8413
vn -0.2995 0.4535 -0.8394
vn -0.2439 0.5006 -0.8306
vn -0.2883 0.4492 -0.8456
vn -0.2884 0.4492 -0.8456
vn -0.2803 0.4408 -0.8527
vn -0.2804 0.4409 -0.8526
vn -0.2825 0.4439 -0.8504
vn -0.2825 0.4440 -0.8503
vn -0.2852 0.4468 -0.8480
vn -0.2852 0.4467 -0.8480
vn -0.2882 0.4491 -0.8457
vn -0.2768 0.4295 -0.8596
vn -0.2774 0.4335 -0.8574
vn -0.2786 0.4373 -0.8551
vn -0.1409 0.4320 -0.8908
vn -0.2093 0.4298 -0.8783
vn -0.2768 0.4255 -0.8616
vn -0.2846 0.4058 -0.8685
vn -0.2820 0.4094 -0.8677
vn -0.2821 0.4093 -0.8677
vn -0.2799 0.4133 -0.8665
vn -0.2783 0.4172 -0.8651
vn -0.2783 0.4173 -0.8651
vn -0.2773 0.4214 -0.8634
vn -0.2773 0.4213 -0.8635
vn -0.2767 0.4259 -0.8614
vn -0.2968 0.4237 -0.8558
vn -0.2976 0.4287 -0.8530
vn -0.3005 0.4326 -0.8501
vn -0.3077 0.4351 -0.8462
vn -0.3181 0.4311 -0.8444
vn -0.3226 0.4241 -0.8462
vn -0.3223 0.4165 -0.8501
vn -0.3193 0.4125 -0.8531
vn -0.3173 0.4112 -0.8545
vn -0.3122 0.4100 -0.8570
vn -0.3094 0.4103 -0.8579
vn -0.3041 0.4123 -0.8588
vn -0.2983 0.4186 -0.8578
vn -0.2795 0.4028 -0.8716
vn -0.2997 0.4163 -0.8584
vn -0.3018 0.4140 -0.8588
vn -0.2973 0.4211 -0.8569
vn -0.2923 0.3915 -0.8725
vn -0.2923 0.3914 -0.8725
vn -0.2852 0.3967 -0.8725
vn -0.2853 0.3966 -0.8725
vn -0.2794 0.4029 -0.8716
vn -0.3164 0.3847 -0.8671
vn -0.3082 0.3854 -0.8698
vn -0.3082 0.3853 -0.8698
vn -0.3081 0.3853 -0.8698
vn -0.3000 0.3876 -0.8716
vn -0.3001 0.3876 -0.8716
vn -0.2999 0.3877 -0.8716
vn -0.3066 0.4111 -0.8585
vn -0.3243 0.3856 -0.8638
vn -0.3317 0.3882 -0.8598
vn -0.3316 0.3882 -0.8599
vn -0.3379 0.3922 -0.8556
vn -0.3245 0.3857 -0.8637
vn -0.3148 0.4104 -0.8559
vn -0.3467 0.4040 -0.8465
vn -0.3467 0.4041 -0.8465
vn -0.3431 0.3976 -0.8510
vn -0.3487 0.4112 -0.8422
vn -0.3230 0.4189 -0.8487
vn -0.3379 0.3922 -0.8555
vn -0.3211 0.4144 -0.8516
vn -0.3477 0.4269 -0.8348
vn -0.3477 0.4268 -0.8348
vn -0.3477 0.4267 -0.8349
vn -0.3491 0.4190 -0.8382
vn -0.3447 0.4344 -0.8322
vn -0.3446 0.4345 -0.8321
vn -0.3216 0.4267 -0.8453
vn -0.3487 0.4113 -0.8421
vn -0.3231 0.4215 -0.8473
vn -0.3341 0.4479 -0.8293
vn -0.3342 0.4478 -0.8293
vn -0.3400 0.4416 -0.8303
vn -0.3272 0.4530 -0.8293
vn -0.3158 0.4328 -0.8443
vn -0.3445 0.4347 -0.8321
vn -0.3400 0.4417 -0.8302
vn -0.3200 0.4291 -0.8447
vn -0.3194 0.4569 -0.8302
vn -0.3112 0.4592 -0.8320
vn -0.3104 0.4349 -0.8453
vn -0.3030 0.4598 -0.8347
vn -0.3113 0.4591 -0.8320
vn -0.3271 0.4530 -0.8293
vn -0.3194 0.4568 -0.8302
vn -0.3132 0.4341 -0.8447
vn -0.2950 0.4589 -0.8381
vn -0.2878 0.4563 -0.8420
vn -0.3026 0.4339 -0.8486
vn -0.2815 0.4523 -0.8463
vn -0.2814 0.4523 -0.8463
vn -0.2813 0.4522 -0.8464
vn -0.2951 0.4589 -0.8381
vn -0.2951 0.4589 -0.8380
vn -0.3051 0.4348 -0.8473
vn -0.2727 0.4405 -0.8553
vn -0.2764 0.4469 -0.8508
vn -0.2706 0.4331 -0.8598
vn -0.2707 0.4332 -0.8597
vn -0.2969 0.4262 -0.8545
vn -0.2764 0.4470 -0.8508
vn -0.2989 0.4309 -0.8515
vn -0.2707 0.4333 -0.8596
vn -0.2704 0.4255 -0.8636
vn -0.2704 0.4256 -0.8636
vn -0.2718 0.4177 -0.8670
vn -0.2718 0.4176 -0.8670
vn -0.2748 0.4101 -0.8697
vn -0.2748 0.4100 -0.8697
vn -0.2793 0.4029 -0.8716
vn 0.7259 -0.4600 -0.5113
vn 0.7185 -0.4710 -0.5118
vn 0.7265 -0.4609 -0.5097
vn 0.7205 -0.4736 -0.5066
vn 0.6378 -0.5758 -0.5116
vn 0.5818 -0.6090 -0.5390
vn 0.5378 -0.6592 -0.5255
vn 0.5879 -0.6171 -0.5229
vn 0.5402 -0.6624 -0.5191
vn 0.4176 -0.7385 -0.5294
vn 0.4258 -0.7276 -0.5379
vn 0.2421 -0.8453 -0.4763
vn 0.3132 -0.7927 -0.5230
vn 0.3133 -0.7927 -0.5230
vn 0.2278 -0.8257 -0.5161
vn 0.1977 -0.8475 -0.4925
vn 0.0746 -0.8822 -0.4649
vn 0.0311 -0.8810 -0.4720
vn -0.0538 -0.8961 -0.4407
vn 0.0332 -0.8839 -0.4664
vn -0.0473 -0.9051 -0.4225
vn -0.1659 -0.8993 -0.4047
vn -0.1757 -0.9025 -0.3933
vn -0.3487 -0.8881 -0.2997
vn -0.2945 -0.8936 -0.3389
vn -0.2945 -0.8935 -0.3389
vn -0.3588 -0.8738 -0.3281
vn -0.4076 -0.8701 -0.2771
vn -0.5311 -0.8174 -0.2232
vn -0.5221 -0.8203 -0.2336
vn -0.5331 -0.8145 -0.2290
vn -0.6150 -0.7740 -0.1509
vn -0.6871 -0.7152 -0.1283
vn -0.7065 -0.7018 -0.0911
vn -0.8041 -0.5945 -0.0024
vn -0.7930 -0.6071 -0.0502
vn -0.8446 -0.5328 0.0525
vn -0.8968 -0.4326 0.0930
vn -0.9004 -0.4232 0.1011
vn -0.8963 -0.4332 0.0947
vn -0.8987 -0.4254 0.1066
vn -0.9283 -0.3233 0.1837
vn -0.9473 -0.2559 0.1927
vn -0.9485 -0.2066 0.2401
vn -0.9416 -0.2640 0.2090
vn -0.9461 -0.2100 0.2465
vn -0.9516 -0.0749 0.2982
vn -0.9551 -0.0828 0.2846
vn -0.9065 0.0992 0.4104
vn -0.9388 0.0333 0.3427
vn -0.9388 0.0336 0.3428
vn -0.9210 0.1190 0.3709
vn -0.9043 0.1457 0.4014
vn -0.8581 0.2613 0.4420
vn -0.8475 0.3035 0.4356
vn -0.8016 0.3776 0.4636
vn -0.8455 0.3008 0.4413
vn -0.7948 0.3690 0.4818
vn -0.7358 0.4735 0.4840
vn -0.7254 0.4803 0.4930
vn -0.5846 0.6132 0.5312
vn -0.6368 0.5745 0.5142
vn -0.6369 0.5744 0.5142
vn -0.5951 0.6270 0.5027
vn -0.5368 0.6579 0.5282
vn -0.4234 0.7464 0.5135
vn -0.4359 0.7415 0.5101
vn -0.4253 0.7492 0.5078
vn -0.3149 0.7950 0.5185
vn -0.2402 0.8426 0.4820
vn -0.1977 0.8475 0.4925
vn -0.0373 0.8897 0.4551
vn -0.0845 0.8953 0.4375
vn 0.0522 0.8983 0.4362
vn 0.1560 0.9128 0.3774
vn 0.1688 0.9118 0.3744
vn 0.1567 0.9120 0.3790
vn 0.1707 0.9093 0.3796
vn 0.2955 0.8922 0.3414
vn 0.3456 0.8919 0.2917
vn 0.4086 0.8688 0.2797
vn 0.3514 0.8841 0.3081
vn 0.4110 0.8656 0.2862
vn 0.5253 0.8253 0.2074
vn 0.5119 0.8340 0.2057
vn 0.6891 0.7122 0.1339
vn 0.6133 0.7762 0.1464
vn 0.6135 0.7760 0.1462
vn 0.6747 0.7321 0.0942
vn 0.7065 0.7018 0.0911
vn 0.7836 0.6209 0.0229
vn 0.7977 0.6029 -0.0147
vn 0.8429 0.5350 -0.0569
vn 0.7998 0.6002 -0.0089
vn 0.8496 0.5260 -0.0387
vn 0.8869 0.4460 -0.1203
vn 0.8937 0.4322 -0.1202
vn 0.9446 0.2597 -0.2008
vn 0.9293 0.3220 -0.1811
vn 0.9341 0.2739 -0.2292
vn 0.9494 0.2054 -0.2374
vn 0.9458 0.0829 -0.3141
vn 0.9450 0.0966 -0.3126
vn 0.9450 0.0968 -0.3124
vn 0.9436 0.0857 -0.3197
vn 0.9373 -0.0312 -0.3472
vn 0.9087 -0.1021 -0.4049
vn 0.9042 -0.1458 -0.4014
vn 0.8414 -0.2951 -0.4527
vn 0.8478 -0.2476 -0.4690
vn 0.7998 -0.3757 -0.4681
vn 0.3100 -0.4225 0.8517
vn 0.3100 -0.4228 0.8515
vn 0.3099 -0.4224 0.8518
vn 0.3102 -0.4227 0.8515
vn 0.3098 -0.4228 0.8516
vn 0.3101 -0.4228 0.8515
vn 0.3099 -0.4227 0.8517
vn 0.3100 -0.4228 0.8516
vn 0.3101 -0.4226 0.8516
vn 0.3101 -0.4227 0.8516
vn 0.3099 -0.4228 0.8516
vn -0.3025 0.3038 -0.9035
vn -0.2801 0.4826 -0.8299
vn -0.2631 0.4899 -0.8311
vn -0.4273 0.4252 -0.7979
vn -0.4275 0.4244 -0.7982
vn -0.4277 0.4252 -0.7976
vn -0.4300 0.4103 -0.8042
vn -0.4299 0.4109 -0.8040
vn -0.4176 0.4346 -0.7980
vn -0.4245 0.4385 -0.7922
vn -0.4245 0.4386 -0.7922
vn -0.4222 0.4413 -0.7918
vn -0.4192 0.4524 -0.7871
vn -0.4170 0.4574 -0.7854
vn -0.4186 0.4523 -0.7875
vn -0.4151 0.4569 -0.7867
vn -0.4122 0.4659 -0.7830
vn -0.4080 0.4727 -0.7811
vn -0.4097 0.4649 -0.7849
vn -0.4061 0.4717 -0.7827
vn -0.4034 0.4786 -0.7799
vn -0.4035 0.4785 -0.7799
vn -0.3953 0.4857 -0.7796
vn -0.3932 0.4903 -0.7778
vn -0.3839 0.4996 -0.7765
vn -0.3922 0.4894 -0.7789
vn -0.3830 0.4985 -0.7777
vn -0.3817 0.5009 -0.7768
vn -0.3494 0.4896 -0.7989
vn -0.3549 0.4988 -0.7907
vn -0.3648 0.4512 -0.8145
vn -0.3742 0.4162 -0.8287
vn -0.3735 0.4007 -0.8367
vn -0.3698 0.4428 -0.8168
vn -0.3698 0.4427 -0.8168
vn -0.3737 0.4339 -0.8198
vn -0.3736 0.4340 -0.8198
vn -0.3762 0.4250 -0.8233
vn -0.3762 0.4249 -0.8233
vn -0.3762 0.4253 -0.8232
vn -0.3889 0.4157 -0.8221
vn -0.3760 0.4161 -0.8279
vn -0.3760 0.4073 -0.8323
vn -0.3775 0.4016 -0.8344
vn -0.3775 0.4017 -0.8343
vn -0.3767 0.3978 -0.8366
vn -0.3767 0.3979 -0.8365
vn -0.3786 0.3871 -0.8407
vn -0.3771 0.3835 -0.8431
vn -0.3771 0.3836 -0.8430
vn -0.4194 0.3728 -0.8277
vn -0.4255 0.3838 -0.8196
vn -0.4231 0.3694 -0.8274
vn -0.4261 0.3835 -0.8194
vn -0.4263 0.3900 -0.8162
vn -0.4302 0.3963 -0.8111
vn -0.4300 0.3867 -0.8158
vn -0.4317 0.3960 -0.8105
vn -0.4323 0.4099 -0.8031
vn -0.2368 0.5251 -0.8174
vn -0.2229 0.5050 -0.8338
vn -0.2247 0.5181 -0.8253
vn -0.2310 0.5190 -0.8229
vn -0.2265 0.5164 -0.8258
vn -0.2183 0.5130 -0.8302
vn -0.2183 0.5129 -0.8302
vn -0.2146 0.5066 -0.8350
vn -0.2086 0.5037 -0.8383
vn -0.2024 0.4966 -0.8441
vn -0.2098 0.5028 -0.8385
vn -0.2044 0.4953 -0.8443
vn -0.2005 0.4930 -0.8466
vn -0.2006 0.4930 -0.8466
vn -0.1961 0.4825 -0.8536
vn -0.1945 0.4811 -0.8548
vn -0.1949 0.4830 -0.8536
vn -0.1942 0.4812 -0.8548
vn -0.1896 0.4685 -0.8629
vn -0.1897 0.4686 -0.8628
vn -0.1858 0.4556 -0.8706
vn -0.1853 0.4534 -0.8718
vn -0.1861 0.4555 -0.8705
vn -0.1866 0.4531 -0.8717
vn -0.2195 0.4297 -0.8759
vn -0.2062 0.4300 -0.8789
vn -0.2569 0.4708 -0.8440
vn -0.2512 0.4643 -0.8493
vn -0.2513 0.4644 -0.8492
vn -0.2512 0.4644 -0.8493
vn -0.2467 0.4571 -0.8545
vn -0.2434 0.4491 -0.8597
vn -0.2434 0.4489 -0.8598
vn -0.2414 0.4406 -0.8646
vn -0.2414 0.4407 -0.8646
vn -0.2406 0.4317 -0.8693
vn -0.2720 0.4794 -0.8344
vn -0.2903 0.4810 -0.8273
vn -0.2632 0.4761 -0.8391
vn -0.2636 0.4763 -0.8389
vn -0.2635 0.4763 -0.8389
vn -0.2636 0.4763 -0.8388
vn -0.2881 0.4866 -0.8248
vn -0.2843 0.4859 -0.8264
vn -0.2842 0.4859 -0.8265
vn -0.2811 0.5672 -0.7741
vn -0.2896 0.5297 -0.7972
vn -0.2847 0.5304 -0.7985
vn -0.2797 0.5297 -0.8008
vn -0.2847 0.5301 -0.7987
vn -0.2797 0.5294 -0.8010
vn -0.2702 0.5311 -0.8030
vn -0.2800 0.5333 -0.7983
vn -0.2563 0.5290 -0.8090
vn -0.2593 0.5314 -0.8064
vn -0.2420 0.5266 -0.8149
vn -0.2594 0.5333 -0.8052
vn -0.2402 0.5292 -0.8138
vn -0.2309 0.5191 -0.8230
vn -0.2873 0.3076 -0.9071
vn -0.2857 0.3090 -0.9072
vn -0.2726 0.3124 -0.9100
vn -0.2686 0.3139 -0.9107
vn -0.2728 0.3129 -0.9098
vn -0.2693 0.3157 -0.9099
vn -0.2585 0.3190 -0.9118
vn -0.2545 0.3211 -0.9122
vn -0.2829 0.3173 -0.9052
vn -0.2876 0.3095 -0.9064
vn -0.3021 0.3043 -0.9034
vn -0.3026 0.3044 -0.9032
vn -0.3170 0.3019 -0.8991
vn -0.3197 0.3015 -0.8983
vn -0.3169 0.3030 -0.8988
vn -0.3195 0.3030 -0.8978
vn -0.3316 0.3013 -0.8940
vn -0.3317 0.3013 -0.8940
vn -0.3364 0.3036 -0.8914
vn -0.3462 0.3027 -0.8880
vn -0.3531 0.3038 -0.8849
vn -0.3460 0.3036 -0.8878
vn -0.3525 0.3062 -0.8843
vn -0.3569 0.3431 -0.8688
vn -0.3634 0.3314 -0.8707
vn -0.3431 0.3605 -0.8673
vn -0.3346 0.3579 -0.8717
vn -0.3345 0.3579 -0.8718
vn -0.3344 0.3579 -0.8718
vn -0.3255 0.3565 -0.8758
vn -0.3162 0.3563 -0.8792
vn -0.3161 0.3563 -0.8793
vn -0.3160 0.3563 -0.8793
vn -0.3159 0.3563 -0.8793
vn -0.3064 0.3574 -0.8822
vn -0.3065 0.3574 -0.8822
vn -0.3067 0.3574 -0.8822
vn -0.2969 0.3598 -0.8845
vn -0.2670 0.3840 -0.8839
vn -0.2878 0.3633 -0.8861
vn -0.2877 0.3633 -0.8861
vn -0.2881 0.3631 -0.8861
vn -0.2746 0.3576 -0.8926
vn -0.2796 0.3693 -0.8863
vn -0.2717 0.3748 -0.8864
vn -0.2660 0.3782 -0.8867
vn -0.2700 0.3732 -0.8876
vn -0.2656 0.3772 -0.8872
vn -0.2627 0.3800 -0.8869
vn -0.2494 0.3883 -0.8871
vn -0.1831 0.3411 -0.9220
vn -0.2225 0.3551 -0.9080
vn -0.2354 0.3399 -0.9105
vn -0.2191 0.3543 -0.9091
vn -0.2349 0.3392 -0.9109
vn -0.2365 0.3384 -0.9108
vn -0.2453 0.3276 -0.9124
vn -0.2321 0.3369 -0.9125
vn -0.2440 0.3257 -0.9135
vn -0.2585 0.3189 -0.9119
vn -0.1839 0.4419 -0.8780
vn -0.1839 0.4420 -0.8780
vn -0.1849 0.4394 -0.8791
vn -0.1844 0.4278 -0.8848
vn -0.1943 0.3800 -0.9043
vn -0.1914 0.4278 -0.8834
vn -0.1934 0.4214 -0.8860
vn -0.1933 0.4143 -0.8894
vn -0.1933 0.4144 -0.8893
vn -0.1967 0.4061 -0.8924
vn -0.2023 0.3880 -0.8992
vn -0.2019 0.3910 -0.8980
vn -0.1970 0.4009 -0.8947
vn -0.1970 0.4010 -0.8946
vn -0.2023 0.3882 -0.8991
vn -0.2096 0.3756 -0.9028
vn -0.2089 0.3762 -0.9027
vn -0.2173 0.3638 -0.9058
vn -0.2173 0.3637 -0.9058
vn -0.2174 0.3635 -0.9059
vn -0.2243 0.3558 -0.9072
vn -0.2269 0.3524 -0.9079
vn -0.3809 0.3237 -0.8661
vn -0.3784 0.3231 -0.8674
vn -0.3697 0.3175 -0.8732
vn -0.4138 0.3387 -0.8450
vn -0.3732 0.3107 -0.8742
vn -0.3661 0.3098 -0.8775
vn -0.3600 0.3058 -0.8814
vn -0.3601 0.3059 -0.8814
vn -0.3910 0.3315 -0.8586
vn -0.3908 0.3311 -0.8589
vn -0.4005 0.3401 -0.8509
vn -0.4004 0.3400 -0.8510
vn -0.4010 0.3415 -0.8500
vn -0.4082 0.3496 -0.8433
vn -0.4083 0.3497 -0.8432
vn -0.4094 0.3532 -0.8412
vn -0.4148 0.3605 -0.8355
vn -0.4166 0.3642 -0.8329
vn -0.4138 0.3612 -0.8357
vn -0.4195 0.3726 -0.8278
vn -0.4194 0.3724 -0.8279
vn -0.3690 0.5100 -0.7770
vn -0.3716 0.5095 -0.7761
vn -0.3556 0.5177 -0.7781
vn -0.3144 0.5363 -0.7833
vn -0.3536 0.5134 -0.7819
vn -0.3515 0.5140 -0.7825
vn -0.3403 0.5201 -0.7834
vn -0.3404 0.5200 -0.7834
vn -0.3361 0.5208 -0.7848
vn -0.3267 0.5250 -0.7859
vn -0.3267 0.5251 -0.7859
vn -0.3202 0.5257 -0.7881
vn -0.3126 0.5285 -0.7893
vn -0.3127 0.5285 -0.7893
vn -0.3042 0.5286 -0.7925
vn -0.2986 0.5302 -0.7935
vn -0.2373 0.4127 -0.8794
vn -0.2352 0.4226 -0.8753
vn -0.2352 0.4225 -0.8753
vn -0.2383 0.3694 -0.8982
vn -0.2411 0.4328 -0.8687
vn -0.2520 0.3849 -0.8879
vn -0.2510 0.3861 -0.8877
vn -0.2518 0.3846 -0.8881
vn -0.2457 0.3935 -0.8859
vn -0.2456 0.3936 -0.8859
vn -0.2408 0.4029 -0.8830
vn -0.2410 0.4016 -0.8835
vn -0.2395 0.4065 -0.8817
vn -0.3420 0.3605 -0.8678
vn -0.3997 0.3807 -0.8338
vn -0.3546 0.3592 -0.8633
vn -0.4526 0.3424 -0.8233
vn -0.3783 0.3857 -0.8415
vn -0.3746 0.3786 -0.8464
vn -0.3747 0.3786 -0.8463
vn -0.3691 0.3711 -0.8521
vn -0.3624 0.3646 -0.8578
vn -0.3624 0.3646 -0.8577
vn -0.3547 0.3592 -0.8632
vn -0.3647 0.4513 -0.8145
vn -0.3587 0.4590 -0.8128
vn -0.3517 0.4660 -0.8119
vn -0.3516 0.4661 -0.8119
vn -0.3439 0.4721 -0.8117
vn -0.3446 0.4715 -0.8118
vn -0.3435 0.4720 -0.8119
vn -0.2871 0.5114 -0.8100
vn -0.3373 0.4822 -0.8085
vn -0.3274 0.4867 -0.8099
vn -0.3273 0.4867 -0.8099
vn -0.3171 0.4900 -0.8120
vn -0.3171 0.4899 -0.8120
vn -0.3068 0.4918 -0.8148
vn -0.3068 0.4918 -0.8149
vn -0.2978 0.4923 -0.8179
vn -0.2964 0.4920 -0.8186
vn -0.3005 0.4921 -0.8171
vn -0.3005 0.4921 -0.8170
vn -0.3338 0.5777 -0.7449
vn -0.4694 0.3243 -0.8213
vn -0.3409 0.6450 -0.6839
vn -0.5403 0.2727 -0.7961
vn 0.0397 0.3390 -0.9399
vn -0.4253 0.6733 -0.6048
vn -0.5647 0.1571 -0.8102
vn -0.5375 0.1311 -0.8330
vn -0.5067 0.1089 -0.8552
vn -0.2402 0.6946 -0.6781
vn -0.4034 0.5809 -0.7070
vn -0.4610 0.2570 -0.8494
vn -0.4724 0.3315 -0.8167
vn -0.5101 0.3131 -0.8011
vn -0.5469 0.2891 -0.7857
vn -0.6147 0.2278 -0.7551
vn -0.5915 0.2537 -0.7653
vn -0.5857 0.2622 -0.7670
vn -0.6243 0.2356 -0.7448
vn -0.6356 0.2434 -0.7326
vn -0.6351 0.2516 -0.7303
vn -0.6295 0.2478 -0.7365
vn -0.6390 0.2860 -0.7140
vn -0.6390 0.2859 -0.7141
vn -0.6390 0.2860 -0.7141
vn -0.6435 0.3257 -0.6928
vn -0.6435 0.3257 -0.6927
vn -0.6435 0.3256 -0.6928
vn -0.6427 0.3664 -0.6728
vn -0.6427 0.3663 -0.6729
vn -0.6368 0.4074 -0.6546
vn -0.6368 0.4073 -0.6547
vn -0.6368 0.4073 -0.6546
vn -0.6258 0.4481 -0.6384
vn -0.6258 0.4482 -0.6384
vn -0.6099 0.4881 -0.6244
vn -0.5892 0.5267 -0.6127
vn -0.5892 0.5267 -0.6128
vn -0.5892 0.5266 -0.6128
vn -0.5641 0.5633 -0.6037
vn -0.5642 0.5633 -0.6037
vn -0.5351 0.5974 -0.5974
vn -0.5350 0.5974 -0.5973
vn -0.5023 0.6285 -0.5938
vn -0.5024 0.6285 -0.5938
vn -0.4201 0.6743 -0.6073
vn -0.3818 0.6867 -0.6186
vn -0.4334 0.6684 -0.6044
vn -0.4359 0.6376 -0.6352
vn -0.4386 0.6685 -0.6006
vn -0.4534 0.6643 -0.5942
vn -0.4693 0.6604 -0.5863
vn -0.4745 0.6542 -0.5890
vn -0.4665 0.6562 -0.5931
vn -0.3928 0.5387 -0.7453
vn -0.3845 0.5487 -0.7424
vn -0.3773 0.5566 -0.7402
vn -0.4008 0.5776 -0.7112
vn -0.3916 0.5436 -0.7424
vn -0.4089 0.5302 -0.7427
vn -0.4090 0.5302 -0.7427
vn -0.4248 0.5151 -0.7444
vn -0.4247 0.5152 -0.7445
vn -0.4247 0.5151 -0.7445
vn -0.4389 0.4986 -0.7475
vn -0.4388 0.4986 -0.7475
vn -0.4510 0.4808 -0.7519
vn -0.4510 0.4809 -0.7519
vn -0.4510 0.4810 -0.7519
vn -0.4610 0.4622 -0.7575
vn -0.4677 0.3106 -0.8275
vn -0.4683 0.3284 -0.8203
vn -0.4682 0.3471 -0.8126
vn -0.4636 0.3402 -0.8181
vn -0.4678 0.3473 -0.8127
vn -0.4713 0.3491 -0.8099
vn -0.4751 0.3644 -0.8009
vn -0.4751 0.3643 -0.8010
vn -0.4773 0.3836 -0.7906
vn -0.4773 0.3837 -0.7906
vn -0.4769 0.4032 -0.7810
vn -0.4769 0.4033 -0.7810
vn -0.4740 0.4231 -0.7722
vn -0.4687 0.4428 -0.7643
vn -0.4687 0.4429 -0.7643
vn -0.1852 0.3160 -0.9305
vn -0.1850 0.3162 -0.9305
vn -0.1744 0.3282 -0.9284
vn -0.0744 0.3061 -0.9491
vn -0.0919 0.2806 -0.9554
vn -0.1291 0.3060 -0.9432
vn -0.1690 0.3315 -0.9282
vn -0.1479 0.3356 -0.9303
vn -0.1706 0.3324 -0.9276
vn -0.1666 0.3376 -0.9264
vn -0.0412 0.2466 -0.9682
vn -0.0512 0.2522 -0.9663
vn -0.0119 0.2250 -0.9743
vn -0.0098 0.2198 -0.9755
vn -0.0189 0.2085 -0.9778
vn -0.0107 0.2203 -0.9754
vn -0.0202 0.2092 -0.9777
vn -0.0396 0.1861 -0.9817
vn -0.0397 0.1861 -0.9817
vn -0.0396 0.1863 -0.9817
vn -0.0724 0.1551 -0.9852
vn -0.0723 0.1551 -0.9852
vn -0.1082 0.1274 -0.9859
vn -0.1083 0.1274 -0.9859
vn -0.1081 0.1276 -0.9859
vn -0.1467 0.1037 -0.9837
vn -0.1466 0.1037 -0.9837
vn -0.1871 0.0841 -0.9787
vn -0.1872 0.0840 -0.9787
vn -0.2291 0.0689 -0.9710
vn -0.2290 0.0690 -0.9710
vn -0.2720 0.0585 -0.9605
vn -0.2718 0.0586 -0.9606
vn -0.3151 0.0530 -0.9476
vn -0.3150 0.0530 -0.9476
vn -0.3576 0.0524 -0.9324
vn -0.4916 0.1089 -0.8640
vn -0.4793 0.0737 -0.8746
vn -0.3577 0.0524 -0.9324
vn -0.3992 0.0567 -0.9151
vn -0.4392 0.0660 -0.8960
vn -0.4393 0.0660 -0.8959
vn -0.4644 0.0753 -0.8824
vn -0.4799 0.0721 -0.8743
vn -0.4811 0.0742 -0.8735
vn -0.4912 0.0896 -0.8664
vn -0.4647 0.1321 -0.8756
vn -0.4440 0.1782 -0.8781
vn -0.3880 0.2677 -0.8819
vn -0.3973 0.2671 -0.8779
vn -0.3954 0.2671 -0.8788
vn -0.4082 0.2637 -0.8740
vn -0.4235 0.2600 -0.8678
vn -0.4088 0.2625 -0.8740
vn -0.4213 0.2262 -0.8783
vn -0.4240 0.2201 -0.8785
vn -0.3966 0.2646 -0.8790
vn -0.3783 0.2578 -0.8891
vn -0.3784 0.2578 -0.8890
vn -0.3783 0.2579 -0.8890
vn -0.3587 0.2533 -0.8984
vn -0.3590 0.2534 -0.8983
vn -0.3590 0.2533 -0.8983
vn -0.3388 0.2512 -0.9067
vn -0.3389 0.2512 -0.9067
vn -0.3182 0.2515 -0.9141
vn -0.3182 0.2516 -0.9140
vn -0.3183 0.2515 -0.9140
vn -0.3180 0.2516 -0.9141
vn -0.2973 0.2542 -0.9203
vn -0.2765 0.2593 -0.9254
vn -0.2766 0.2592 -0.9253
vn -0.2767 0.2592 -0.9253
vn -0.2563 0.2666 -0.9291
vn -0.2564 0.2665 -0.9291
vn -0.2367 0.2760 -0.9315
vn -0.2367 0.2761 -0.9315
vn -0.2182 0.2875 -0.9326
vn -0.2181 0.2876 -0.9326
vn -0.2008 0.3009 -0.9323
vn -0.2007 0.3010 -0.9323
vn -0.2007 0.3009 -0.9323
vn -0.1848 0.3160 -0.9306
vn -0.2638 0.6214 -0.7378
vn -0.2905 0.5931 -0.7509
vn -0.2801 0.5849 -0.7612
vn -0.2715 0.5776 -0.7698
vn -0.2736 0.5774 -0.7693
vn -0.2715 0.5776 -0.7699
vn -0.1967 0.7433 -0.6394
vn -0.2169 0.7361 -0.6412
vn -0.2147 0.7368 -0.6411
vn -0.2339 0.7259 -0.6468
vn -0.2393 0.7021 -0.6706
vn -0.2171 0.7312 -0.6467
vn -0.1755 0.7269 -0.6640
vn -0.1755 0.7268 -0.6640
vn -0.1356 0.7176 -0.6831
vn -0.1355 0.7176 -0.6831
vn -0.0978 0.7036 -0.7038
vn -0.0977 0.7036 -0.7038
vn -0.0978 0.7037 -0.7038
vn -0.0627 0.6851 -0.7257
vn -0.0628 0.6851 -0.7257
vn -0.0310 0.6623 -0.7486
vn -0.0311 0.6623 -0.7486
vn -0.0031 0.6356 -0.7720
vn -0.0030 0.6356 -0.7720
vn 0.0208 0.6053 -0.7958
vn 0.0208 0.6052 -0.7958
vn 0.0401 0.5719 -0.8194
vn 0.0401 0.5718 -0.8194
vn 0.0402 0.5718 -0.8194
vn 0.0548 0.5357 -0.8426
vn 0.0547 0.5358 -0.8426
vn 0.0643 0.4975 -0.8650
vn 0.0643 0.4976 -0.8650
vn 0.0687 0.4580 -0.8863
vn 0.0691 0.4578 -0.8864
vn 0.0688 0.4580 -0.8863
vn 0.0682 0.4306 -0.9000
vn 0.0682 0.4305 -0.9000
vn 0.0689 0.4173 -0.9061
vn 0.0686 0.4117 -0.9087
vn 0.0685 0.4172 -0.9062
vn 0.0475 0.4069 -0.9123
vn 0.0156 0.4197 -0.9075
vn -0.0349 0.4232 -0.9054
vn -0.1165 0.4136 -0.9030
vn -0.1260 0.4231 -0.8973
vn -0.0890 0.4255 -0.9006
vn -0.0817 0.4255 -0.9013
vn -0.1282 0.4241 -0.8965
vn -0.1328 0.4280 -0.8940
vn -0.1349 0.4328 -0.8913
vn -0.1326 0.4279 -0.8940
vn -0.1325 0.4331 -0.8915
vn -0.1326 0.4476 -0.8843
vn -0.1325 0.4478 -0.8843
vn -0.1324 0.4476 -0.8844
vn -0.1345 0.4668 -0.8740
vn -0.1345 0.4668 -0.8741
vn -0.1345 0.4669 -0.8740
vn -0.1392 0.4853 -0.8632
vn -0.1392 0.4852 -0.8632
vn -0.1462 0.5027 -0.8520
vn -0.1463 0.5028 -0.8520
vn -0.1462 0.5028 -0.8520
vn -0.1556 0.5190 -0.8405
vn -0.1556 0.5189 -0.8405
vn -0.1672 0.5336 -0.8290
vn -0.1807 0.5466 -0.8177
vn -0.2640 0.5793 -0.7712
vn -0.2507 0.5778 -0.7767
vn -0.2312 0.5733 -0.7860
vn -0.2313 0.5734 -0.7860
vn -0.2130 0.5666 -0.7960
vn -0.2131 0.5666 -0.7960
vn -0.1961 0.5576 -0.8066
vn -0.1961 0.5577 -0.8066
vn -0.1806 0.5466 -0.8177
vn -0.0183 0.2424 -0.9700
vn -0.0155 0.2338 -0.9721
vn 0.0042 0.2627 -0.9649
vn 0.0242 0.3001 -0.9536
vn -0.5067 0.1090 -0.8552
vn -0.4858 0.0979 -0.8686
vn -0.4994 0.1290 -0.8567
vn -0.6024 0.2163 -0.7683
vn -0.6079 0.2221 -0.7623
vn -0.6066 0.2189 -0.7643
vn -0.5878 0.1865 -0.7872
vn -0.3860 0.6923 -0.6097
vn -0.3452 0.7070 -0.6172
vn -0.3453 0.7070 -0.6172
vn -0.3036 0.7171 -0.6274
vn -0.2484 0.7180 -0.6502
vn -0.2385 0.7230 -0.6484
vn -0.2620 0.7225 -0.6398
vn -0.2619 0.7225 -0.6398
vn -0.2619 0.7225 -0.6399
vn -0.3037 0.7171 -0.6273
vn 0.0504 0.3785 -0.9242
vn 0.0553 0.4123 -0.9094
vn 0.0303 0.3974 -0.9172
vn 0.0505 0.3786 -0.9242
vn 0.0398 0.3390 -0.9399
vn -0.0591 0.3347 -0.9405
vn 0.0243 0.3002 -0.9536
vn -0.0744 0.3062 -0.9491
vn -0.1523 0.3470 -0.9254
vn -0.1635 0.3306 -0.9295
vn -0.1205 0.3401 -0.9326
vn -0.4876 0.2057 -0.8485
vn -0.5083 0.2255 -0.8311
vn -0.4194 0.6087 -0.6735
vn -0.4020 0.6193 -0.6744
vn -0.2528 0.6573 -0.7100
vn -0.2774 0.6569 -0.7011
vn -0.2774 0.6568 -0.7012
vn -0.4641 0.1888 -0.8654
vn -0.4176 0.2672 -0.8685
vn -0.4596 0.3073 -0.8333
vn -0.4477 0.2922 -0.8451
vn -0.4477 0.2921 -0.8451
vn -0.4478 0.2922 -0.8450
vn -0.4336 0.2787 -0.8569
vn -0.4175 0.2671 -0.8685
vn -0.4597 0.3075 -0.8332
vn -0.4597 0.3074 -0.8332
vn -0.5259 0.2480 -0.8136
vn -0.4695 0.3243 -0.8213
vn -0.4695 0.3243 -0.8212
vn -0.5260 0.2480 -0.8136
vn -0.3635 0.5708 -0.7363
vn -0.3741 0.5610 -0.7385
vn -0.3753 0.5602 -0.7384
vn -0.3548 0.5702 -0.7410
vn -0.3549 0.5701 -0.7410
vn -0.3720 0.6339 -0.6781
vn -0.4020 0.6194 -0.6744
vn -0.3337 0.5777 -0.7449
vn -0.3337 0.5778 -0.7449
vn -0.3409 0.6451 -0.6839
vn -0.3860 0.6924 -0.6096
vn -0.3860 0.6924 -0.6097
vn -0.3122 0.5830 -0.7501
vn -0.3092 0.6527 -0.6916
vn -0.3092 0.6528 -0.6916
vn -0.3121 0.5830 -0.7501
vn -0.2905 0.5858 -0.7566
vn -0.2756 0.5860 -0.7620
vn -0.3133 0.6078 -0.7297
vn -0.1282 0.4072 -0.9043
vn 0.0504 0.3786 -0.9242
vn -0.0391 0.3945 -0.9181
vn -0.1283 0.4072 -0.9043
vn -0.1417 0.3666 -0.9195
vn -0.1419 0.3665 -0.9196
vn -0.1419 0.3665 -0.9195
vn -0.1339 0.3865 -0.9125
vn 0.0398 0.3390 -0.9400
vn -0.0472 0.3643 -0.9301
vn -0.1338 0.3866 -0.9125
vn -0.7409 0.3850 -0.5503
vn -0.7492 0.3292 -0.5747
vn -0.7505 0.2739 -0.6015
vn -0.7449 0.2196 -0.6300
vn -0.7326 0.1671 -0.6598
vn -0.7134 0.1173 -0.6909
vn -0.6877 0.0707 -0.7225
vn -0.6560 0.0279 -0.7543
vn -0.6183 -0.0104 -0.7859
vn -0.5754 -0.0436 -0.8167
vn -0.3622 -0.1173 -0.9247
vn -0.3020 -0.1197 -0.9458
vn -0.2405 -0.1150 -0.9638
vn -0.1786 -0.1038 -0.9784
vn -0.1173 -0.0858 -0.9894
vn -0.0571 -0.0613 -0.9965
vn 0.0011 -0.0304 -0.9995
vn 0.0563 0.0060 -0.9984
vn 0.1079 0.0482 -0.9930
vn 0.1549 0.0952 -0.9833
vn -0.9392 0.3124 -0.1425
vn 0.5078 -0.0691 -0.8587
vn 0.8552 0.0369 -0.5169
vn 0.8709 0.1423 -0.4704
vn 0.8735 0.2469 -0.4195
vn 0.8631 0.3490 -0.3649
vn 0.8397 0.4475 -0.3077
vn 0.8037 0.5408 -0.2482
vn 0.7557 0.6276 -0.1875
vn 0.6960 0.7067 -0.1266
vn 0.6258 0.7772 -0.0663
vn 0.5462 0.8376 -0.0068
vn 0.4579 0.8876 0.0499
vn 0.3623 0.9263 0.1037
vn 0.2609 0.9530 0.1540
vn 0.1550 0.9675 0.1998
vn 0.0460 0.9696 0.2405
vn -0.0645 0.9592 0.2754
vn -0.1748 0.9365 0.3041
vn -0.2835 0.9016 0.3266
vn -0.3891 0.8553 0.3421
vn -0.4900 0.7982 0.3503
vn -0.5849 0.7309 0.3516
vn -0.6724 0.6546 0.3455
vn -0.7513 0.5702 0.3323
vn -0.8205 0.4789 0.3122
vn -0.8790 0.3820 0.2854
vn -0.9260 0.2808 0.2524
vn -0.2190 -0.8089 -0.5456
vn -0.1090 -0.8048 -0.5834
vn 0.0014 -0.7880 -0.6157
vn 0.1112 -0.7593 -0.6412
vn 0.2185 -0.7186 -0.6602
vn 0.3219 -0.6668 -0.6721
vn 0.4200 -0.6044 -0.6770
vn 0.5114 -0.5326 -0.6744
vn 0.5948 -0.4521 -0.6647
vn 0.6689 -0.3640 -0.6481
vn 0.7330 -0.2699 -0.6245
vn 0.7328 -0.2697 -0.6247
vn 0.7857 -0.1706 -0.5947
vn -0.9608 0.1770 0.2134
vn -0.9608 0.1769 0.2135
vn -0.9829 0.0716 0.1694
vn 0.8267 -0.0679 -0.5586
vn -0.4861 -0.5050 -0.7132
vn -0.3266 -0.8005 -0.5024
vn -0.4305 -0.7799 -0.4544
vn -0.4861 -0.5049 -0.7133
vn -0.5704 -0.4773 -0.6684
vn 0.5879 0.1033 -0.8023
vn 0.5529 0.0156 -0.8331
vn 0.1971 0.1468 -0.9693
vn 0.1982 0.1482 -0.9689
vn 0.5080 -0.0693 -0.8586
vn 0.5531 0.0154 -0.8330
vn 0.7857 -0.1706 -0.5946
vn 0.8267 -0.0679 -0.5585
vn 0.6690 -0.3641 -0.6479
vn 0.4532 -0.1497 -0.8787
vn 0.4532 -0.1497 -0.8788
vn 0.1570 0.0977 -0.9828
vn 0.1800 0.0756 -0.9808
vn 0.5947 -0.4520 -0.6648
vn 0.3898 -0.2249 -0.8930
vn 0.1110 0.0512 -0.9925
vn 0.1400 0.0172 -0.9900
vn 0.3186 -0.2937 -0.9013
vn 0.3186 -0.2937 -0.9012
vn 0.0607 0.0095 -0.9981
vn 0.0937 -0.0380 -0.9949
vn 0.4200 -0.6045 -0.6769
vn 0.2406 -0.3552 -0.9033
vn 0.2405 -0.3552 -0.9033
vn 0.0067 -0.0268 -0.9996
vn 0.0415 -0.0890 -0.9952
vn 0.3219 -0.6668 -0.6722
vn 0.1567 -0.4084 -0.8992
vn 0.1568 -0.4085 -0.8992
vn -0.0500 -0.0578 -0.9971
vn -0.0163 -0.1347 -0.9908
vn 0.0684 -0.4528 -0.8890
vn 0.0684 -0.4527 -0.8890
vn -0.1088 -0.0826 -0.9906
vn -0.0784 -0.1755 -0.9814
vn 0.1112 -0.7592 -0.6413
vn -0.0234 -0.4872 -0.8730
vn -0.0233 -0.4875 -0.8728
vn -0.1689 -0.1012 -0.9804
vn -0.1445 -0.2095 -0.9671
vn 0.0015 -0.7881 -0.6155
vn -0.1170 -0.5121 -0.8509
vn -0.1171 -0.5119 -0.8511
vn -0.2295 -0.1136 -0.9666
vn -0.2136 -0.2372 -0.9477
vn -0.1092 -0.8046 -0.5837
vn -0.2116 -0.5261 -0.8237
vn -0.2115 -0.5263 -0.8236
vn -0.2899 -0.1188 -0.9496
vn -0.2848 -0.2571 -0.9235
vn -0.2190 -0.8088 -0.5458
vn -0.3054 -0.5297 -0.7913
vn -0.3493 -0.1182 -0.9295
vn -0.3572 -0.2691 -0.8944
vn -0.3266 -0.8007 -0.5023
vn -0.3974 -0.5227 -0.7543
vn -0.3974 -0.5226 -0.7543
vn -0.4069 -0.1111 -0.9067
vn -0.4298 -0.2732 -0.8606
vn -0.5275 -0.0711 -0.8466
vn -0.5276 -0.0711 -0.8465
vn -0.5425 -0.2034 -0.8151
vn -0.4758 -0.0929 -0.8746
vn -0.4619 -0.0973 -0.8816
vn -0.5015 -0.2694 -0.8221
vn -0.4203 -0.1085 -0.9009
vn -0.4306 -0.7798 -0.4545
vn -0.5292 -0.7472 -0.4021
vn -0.5704 -0.4772 -0.6685
vn -0.6491 -0.4390 -0.6213
vn -0.6025 -0.1782 -0.7780
vn -0.5291 -0.7473 -0.4020
vn -0.6212 -0.7029 -0.3465
vn -0.7210 -0.3917 -0.5717
vn -0.6578 -0.1452 -0.7391
vn -0.6212 -0.7028 -0.3467
vn -0.7054 -0.6474 -0.2886
vn -0.7210 -0.3921 -0.5714
vn -0.7852 -0.3360 -0.5202
vn -0.7075 -0.1050 -0.6989
vn -0.7805 -0.5818 -0.2287
vn -0.7851 -0.3358 -0.5204
vn -0.8406 -0.2718 -0.4685
vn -0.7506 -0.0580 -0.6582
vn -0.8455 -0.5069 -0.1679
vn -0.8406 -0.2718 -0.4684
vn -0.8868 -0.2010 -0.4161
vn -0.7868 -0.0053 -0.6172
vn -0.8455 -0.5069 -0.1678
vn -0.8994 -0.4238 -0.1070
vn -0.8867 -0.2008 -0.4165
vn -0.9227 -0.1237 -0.3651
vn -0.8154 0.0523 -0.5765
vn -0.8994 -0.4239 -0.1069
vn -0.9415 -0.3336 -0.0468
vn -0.9481 -0.0417 -0.3152
vn -0.8357 0.1144 -0.5371
vn -0.9416 -0.3335 -0.0470
vn -0.9713 -0.2375 0.0115
vn -0.9482 -0.0418 -0.3150
vn -0.9627 0.0441 -0.2671
vn -0.8476 0.1797 -0.4993
vn -0.9713 -0.2376 0.0117
vn -0.9882 -0.1371 0.0677
vn -0.9626 0.0441 -0.2672
vn -0.9660 0.1326 -0.2221
vn -0.8508 0.2474 -0.4637
vn -0.9882 -0.1372 0.0679
vn -0.9922 -0.0335 0.1204
vn -0.9660 0.1326 -0.2220
vn -0.9581 0.2224 -0.1803
vn -0.8451 0.3164 -0.4309
vn -0.9921 -0.0335 0.1205
vn -0.9830 0.0716 0.1693
vn -0.9581 0.2225 -0.1803
vn -0.8308 0.3856 -0.4013
vn -0.7257 0.4404 -0.5286
vn -0.7042 0.4945 -0.5095
vn -0.9260 0.2809 0.2523
vn -0.9094 0.4012 -0.1093
vn -0.9094 0.4013 -0.1096
vn -0.8080 0.4541 -0.3754
vn -0.7257 0.4403 -0.5286
vn -0.6765 0.5469 -0.4932
vn -0.8790 0.3819 0.2855
vn -0.8693 0.4876 -0.0810
vn -0.8693 0.4876 -0.0811
vn -0.7768 0.5208 -0.3541
vn -0.6425 0.5966 -0.4809
vn -0.8205 0.4788 0.3122
vn -0.8193 0.5704 -0.0583
vn -0.8193 0.5704 -0.0581
vn -0.7381 0.5847 -0.3366
vn -0.6763 0.5468 -0.4936
vn -0.6034 0.6431 -0.4716
vn -0.7602 0.6484 -0.0412
vn -0.7602 0.6484 -0.0411
vn -0.6923 0.6448 -0.3240
vn -0.6425 0.5966 -0.4810
vn -0.5590 0.6855 -0.4665
vn -0.6724 0.6546 0.3454
vn -0.6928 0.7205 -0.0297
vn -0.6928 0.7206 -0.0296
vn -0.6400 0.7001 -0.3166
vn -0.6032 0.6429 -0.4720
vn -0.5106 0.7236 -0.4644
vn -0.6180 0.7858 -0.0245
vn -0.5822 0.7501 -0.3138
vn -0.5591 0.6855 -0.4665
vn -0.4584 0.7565 -0.4665
vn -0.4900 0.7982 0.3504
vn -0.5370 0.8432 -0.0259
vn -0.5369 0.8432 -0.0255
vn -0.5196 0.7936 -0.3164
vn -0.4032 0.7839 -0.4721
vn -0.3891 0.8554 0.3419
vn -0.4507 0.8921 -0.0328
vn -0.4507 0.8921 -0.0326
vn -0.4534 0.8305 -0.3237
vn -0.3457 0.8054 -0.4815
vn -0.3605 0.9316 -0.0459
vn -0.3605 0.9316 -0.0460
vn -0.3845 0.8598 -0.3359
vn -0.2869 0.8208 -0.4939
vn -0.1748 0.9364 0.3043
vn -0.2676 0.9613 -0.0649
vn -0.2676 0.9613 -0.0650
vn -0.3139 0.8816 -0.3526
vn -0.3458 0.8053 -0.4815
vn -0.2270 0.8294 -0.5104
vn -0.0643 0.9591 0.2757
vn -0.1734 0.9808 -0.0897
vn -0.1733 0.9808 -0.0896
vn -0.2427 0.8952 -0.3739
vn -0.2868 0.8206 -0.4943
vn -0.1675 0.8316 -0.5296
vn 0.0460 0.9696 0.2403
vn -0.0790 0.9897 -0.1195
vn -0.0790 0.9897 -0.1197
vn -0.1721 0.9005 -0.3993
vn -0.2271 0.8294 -0.5104
vn -0.1088 0.8268 -0.5518
vn 0.0141 0.9879 -0.1542
vn 0.0140 0.9879 -0.1546
vn -0.1032 0.8976 -0.4286
vn -0.0518 0.8153 -0.5767
vn 0.2609 0.9530 0.1541
vn 0.1045 0.9755 -0.1935
vn 0.1045 0.9755 -0.1936
vn -0.0368 0.8868 -0.4608
vn 0.0027 0.7971 -0.6038
vn 0.3623 0.9263 0.1038
vn 0.1913 0.9527 -0.2362
vn 0.1912 0.9527 -0.2364
vn 0.0260 0.8681 -0.4958
vn -0.0519 0.8153 -0.5767
vn 0.0539 0.7725 -0.6327
vn 0.4578 0.8877 0.0498
vn 0.2728 0.9196 -0.2826
vn 0.2730 0.9197 -0.2823
vn 0.0842 0.8419 -0.5331
vn 0.0026 0.7972 -0.6037
vn 0.1012 0.7417 -0.6631
vn 0.5461 0.8377 -0.0071
vn 0.3482 0.8770 -0.3311
vn 0.3481 0.8770 -0.3313
vn 0.1371 0.8087 -0.5720
vn 0.0539 0.7726 -0.6327
vn 0.1440 0.7050 -0.6944
vn 0.6260 0.7770 -0.0659
vn 0.4165 0.8252 -0.3815
vn 0.4164 0.8252 -0.3816
vn 0.1838 0.7692 -0.6120
vn 0.1813 0.6627 -0.7266
vn 0.6961 0.7067 -0.1265
vn 0.4763 0.7651 -0.4333
vn 0.4764 0.7651 -0.4332
vn 0.2238 0.7240 -0.6525
vn 0.1440 0.7050 -0.6945
vn 0.2129 0.6154 -0.7589
vn 0.7556 0.6276 -0.1876
vn 0.5272 0.6975 -0.4854
vn 0.5272 0.6975 -0.4853
vn 0.2565 0.6739 -0.6929
vn 0.2380 0.5637 -0.7909
vn 0.8038 0.5407 -0.2481
vn 0.5683 0.6233 -0.5371
vn 0.2814 0.6196 -0.7327
vn 0.2564 0.5081 -0.8222
vn 0.8397 0.4475 -0.3076
vn 0.5993 0.5436 -0.5877
vn 0.5991 0.5436 -0.5878
vn 0.2985 0.5622 -0.7713
vn 0.2680 0.4498 -0.8520
vn 0.8630 0.3491 -0.3651
vn 0.6193 0.4595 -0.6367
vn 0.6189 0.4596 -0.6370
vn 0.3075 0.5024 -0.8081
vn 0.2564 0.5082 -0.8222
vn 0.2720 0.3884 -0.8805
vn 0.8736 0.2468 -0.4194
vn 0.6281 0.3722 -0.6833
vn 0.6282 0.3721 -0.6833
vn 0.3083 0.4414 -0.8427
vn 0.2679 0.4496 -0.8521
vn 0.2684 0.3259 -0.9065
vn 0.8709 0.1424 -0.4705
vn 0.6259 0.2828 -0.7268
vn 0.3008 0.3799 -0.8747
vn 0.2720 0.3886 -0.8804
vn 0.6123 0.1929 -0.7667
vn 0.6125 0.1928 -0.7666
vn 0.2857 0.3190 -0.9037
vn 0.2684 0.3260 -0.9065
vn 0.2131 0.1365 -0.9675
vn 0.2333 0.2018 -0.9512
vn 0.2337 0.2025 -0.9510
vn 0.2392 0.1989 -0.9504
vn 0.2631 0.2596 -0.9292
vn 0.2576 0.2625 -0.9299
vn 0.2577 0.2627 -0.9298
vn 0.9531 0.0606 -0.2964
vn 0.4945 -0.6934 -0.5241
vn 0.5260 -0.5681 -0.6329
vn 0.5379 -0.6758 -0.5039
vn 0.5805 -0.6410 -0.5021
vn 0.6458 -0.5363 -0.5434
vn 0.6529 -0.5379 -0.5333
vn 0.8141 -0.3725 -0.4456
vn 0.8141 -0.3724 -0.4456
vn 0.7446 -0.3952 -0.5380
vn 0.7435 -0.4647 -0.4808
vn 0.7436 -0.4647 -0.4808
vn 0.8352 -0.2253 -0.5016
vn 0.8497 -0.2787 -0.4476
vn 0.9027 -0.1503 -0.4031
vn 0.8927 -0.1057 -0.4381
vn 0.9410 -0.0542 -0.3339
vn 0.9488 0.0195 -0.3152
vn 0.9062 0.1159 -0.4066
vn 0.9420 0.1867 -0.2789
vn 0.9379 0.1958 -0.2864
vn 0.9449 0.2724 -0.1816
vn 0.9449 0.2725 -0.1815
vn 0.9070 0.3549 -0.2269
vn 0.9176 0.3673 -0.1517
vn -0.2977 0.8076 0.5091
vn -0.2978 0.8075 0.5091
vn -0.9507 -0.0641 0.3034
vn -0.9457 -0.1820 0.2694
vn -0.9440 -0.1872 0.2716
vn -0.9415 -0.2773 0.1914
vn -0.9318 -0.3231 0.1652
vn -0.9146 -0.3105 0.2590
vn -0.9179 -0.3666 0.1521
vn -0.9334 -0.0394 0.3566
vn -0.9368 0.0480 0.3466
vn -0.9368 0.0479 0.3465
vn -0.9014 0.1168 0.4170
vn -0.9027 0.1503 0.4031
vn -0.8602 0.2569 0.4406
vn -0.8413 0.2672 0.4698
vn -0.8098 0.3663 0.4583
vn -0.5770 0.6362 0.5122
vn -0.6547 0.5404 0.5285
vn -0.6538 0.5452 0.5248
vn -0.7411 0.4613 0.4878
vn -0.7679 0.4248 0.4795
vn -0.7185 0.4315 0.5456
vn -0.5219 0.6516 0.5505
vn -0.4951 0.6929 0.5241
vn -0.8376 -0.5453 0.0343
vn -0.8375 -0.5454 0.0342
vn -0.8374 -0.5455 0.0341
vn 0.0766 0.8997 0.4297
vn 0.4727 0.8457 0.2476
vn 0.3875 0.8909 0.2370
vn 0.4132 0.8712 0.2652
vn 0.3014 0.8896 0.3432
vn 0.3013 0.8896 0.3432
vn 0.2481 0.9212 0.2999
vn 0.1969 0.8918 0.4074
vn 0.1098 0.9016 0.4185
vn 0.0447 0.9390 0.3411
vn -0.0446 0.8936 0.4466
vn -0.0694 0.9043 0.4213
vn -0.1467 0.8492 0.5073
vn -0.4725 0.6978 0.5384
vn -0.3826 0.7785 0.4975
vn -0.3818 0.7859 0.4863
vn -0.2600 0.8108 0.5244
vn -0.2090 0.8308 0.5158
vn -0.3071 0.8710 0.3835
vn -0.5322 0.7030 0.4718
vn -0.5638 0.6183 0.5476
vn -0.6430 0.5666 0.5152
vn -0.6816 0.5782 0.4486
vn -0.6331 -0.7601 -0.1467
vn -0.6331 -0.7600 -0.1467
vn 0.6600 -0.5492 -0.5127
vn 0.6501 -0.5789 -0.4922
vn 0.5685 -0.6247 -0.5353
vn 0.2634 -0.8158 -0.5149
vn 0.3816 -0.7771 -0.5005
vn 0.3741 -0.7767 -0.5067
vn 0.4752 -0.7015 -0.5311
vn 0.5109 -0.6758 -0.5313
vn 0.4948 -0.7282 -0.4743
vn 0.2635 -0.8157 -0.5150
vn 0.2259 -0.8540 -0.4687
vn 0.1509 -0.8551 -0.4960
vn 0.1510 -0.8551 -0.4960
vn 0.0629 -0.8956 -0.4403
vn 0.0428 -0.8913 -0.4515
vn -0.0972 -0.9174 -0.3858
vn -0.0751 -0.9018 -0.4256
vn -0.2559 -0.9107 -0.3243
vn -0.1923 -0.8985 -0.3946
vn -0.4721 -0.8460 -0.2480
vn -0.3966 -0.8801 -0.2611
vn -0.4139 -0.8690 -0.2711
vn -0.3000 -0.8914 -0.3397
vn -0.3001 -0.8914 -0.3397
vn 0.8084 -0.3543 -0.4700
vn 0.8085 -0.3542 -0.4700
vn 0.8085 -0.3542 -0.4701
vn 0.8085 -0.3541 -0.4700
vn -0.9498 -0.1766 0.2581
vn -0.9633 -0.1768 0.2019
vn -0.9282 -0.2950 0.2270
vn -0.9282 -0.2949 0.2270
vn -0.9417 -0.3336 0.0439
vn -0.9181 -0.3539 0.1787
vn -0.9070 -0.3912 0.1562
vn -0.8793 -0.4732 0.0551
vn -0.8850 -0.4633 0.0464
vn -0.7495 -0.6616 -0.0231
vn -0.8119 -0.5801 -0.0652
vn -0.8145 -0.5791 0.0365
vn -0.8144 -0.5791 0.0365
vn -0.6998 -0.6971 -0.1560
vn -0.6978 -0.7073 -0.1131
vn -0.5961 -0.7863 -0.1622
vn -0.5961 -0.7864 -0.1622
vn -0.5895 -0.7727 -0.2356
vn -0.4958 -0.8446 -0.2021
vn -0.2249 -0.9029 -0.3662
vn -0.2985 -0.8762 -0.3785
vn -0.3019 -0.8888 -0.3448
vn -0.4021 -0.8732 -0.2755
vn -0.4322 -0.8635 -0.2598
vn -0.4321 -0.8260 -0.3620
vn 0.9308 -0.0475 -0.3624
vn 0.9308 -0.0476 -0.3624
vn 0.2888 0.8922 0.3472
vn 0.3065 0.8822 0.3575
vn 0.2257 0.9029 0.3659
vn 0.4451 0.8464 0.2925
vn 0.4032 0.8715 0.2792
vn 0.4034 0.8714 0.2791
vn 0.5975 0.7844 0.1663
vn 0.5976 0.7844 0.1662
vn 0.5820 0.7851 0.2117
vn 0.5007 0.8385 0.2150
vn 0.6854 0.7192 0.1139
vn 0.7007 0.7031 0.1209
vn 0.7538 0.6562 0.0346
vn 0.9097 0.3877 -0.1487
vn 0.8771 0.4752 -0.0697
vn 0.8770 0.4766 -0.0605
vn 0.8181 0.5745 -0.0269
vn 0.7903 0.6127 0.0022
vn 0.8418 0.5380 0.0438
vn 0.7539 0.6561 0.0345
vn 0.9097 0.3876 -0.1488
vn 0.9324 0.3344 -0.1374
vn 0.9330 0.2889 -0.2146
vn 0.9564 0.1889 -0.2227
vn 0.9498 0.1774 -0.2577
vn 0.0290 0.8996 0.4358
vn 0.0290 0.8995 0.4359
vn 0.0290 0.8996 0.4359
vn -0.7866 -0.6171 -0.0200
vn -0.7866 -0.6172 -0.0200
vn -0.7867 -0.6171 -0.0199
vn -0.7865 -0.6172 -0.0199
vn -0.7865 -0.6173 -0.0199
vn 0.0291 0.8995 0.4359
vn 0.0291 0.8996 0.4358
vn -0.9489 -0.0815 0.3049
vn -0.9275 -0.0880 0.3633
vn -0.9624 0.0498 0.2671
vn -0.8991 0.0092 0.4377
vn -0.8839 0.1093 0.4547
vn -0.9078 0.0189 0.4191
vn -0.9312 0.1755 0.3195
vn -0.8637 0.1347 0.4857
vn -0.8822 0.2985 0.3641
vn -0.8498 0.3075 0.4281
vn -0.8664 0.2739 0.4175
vn -0.8109 0.2570 0.5257
vn -0.8164 0.4165 0.4001
vn -0.7419 0.3733 0.5570
vn -0.6855 0.4593 0.5649
vn -0.7461 0.3786 0.5477
vn -0.7349 0.5271 0.4267
vn -0.6579 0.4820 0.5787
vn -0.6396 0.6279 0.4434
vn -0.5973 0.6301 0.4962
vn -0.6239 0.6058 0.4937
vn -0.5605 0.5805 0.5907
vn -0.5321 0.7172 0.4500
vn -0.4933 0.6944 0.5239
vn 0.8375 0.5453 -0.0341
vn 0.8376 0.5453 -0.0340
vn 0.8375 0.5454 -0.0343
vn 0.7525 -0.3866 -0.5332
vn 0.9475 0.0631 -0.3135
vn 0.9232 0.1127 -0.3673
vn 0.9626 -0.1007 -0.2514
vn 0.9115 0.0213 -0.4107
vn 0.8897 -0.1157 -0.4417
vn 0.8772 -0.2903 -0.3825
vn 0.8480 -0.3043 -0.4339
vn 0.8625 -0.0854 -0.4988
vn 0.9250 -0.2213 -0.3090
vn 0.9135 -0.0257 -0.4060
vn 0.8152 -0.2101 -0.5397
vn 0.8027 -0.4584 -0.3815
vn 0.7685 -0.3503 -0.5354
vn 0.6918 -0.4670 -0.5508
vn 0.7171 -0.5638 -0.4098
vn 0.6714 -0.4415 -0.5952
vn 0.6343 -0.6204 -0.4613
vn 0.5077 -0.6838 -0.5241
vn 0.5183 -0.7284 -0.4480
vn 0.5778 -0.5444 -0.6080
vn 0.5953 -0.6273 -0.5022
vn 0.5955 -0.6273 -0.5019
vn 0.0290 0.8996 0.4357
vn 0.8806 -0.2101 -0.4247
vn 0.8807 -0.2101 -0.4245
vn 0.8806 -0.2102 -0.4247
vn -0.3892 0.4041 -0.8278
vn -0.4187 0.3965 -0.8170
vn -0.4040 0.4122 -0.8166
vn -0.4043 0.4018 -0.8216
vn -0.4021 0.3949 -0.8261
vn -0.4026 0.4107 -0.8181
vn -0.4006 0.4065 -0.8212
vn -0.4011 0.3889 -0.8294
vn -0.4011 0.3890 -0.8293
vn -0.4030 0.4216 -0.8123
vn -0.4031 0.4216 -0.8123
vn -0.4000 0.4341 -0.8072
vn -0.3999 0.4344 -0.8071
vn -0.3999 0.4343 -0.8071
vn -0.3950 0.4469 -0.8027
vn -0.3950 0.4468 -0.8027
vn -0.3884 0.4589 -0.7991
vn -0.3883 0.4589 -0.7991
vn -0.3801 0.4702 -0.7965
vn -0.3801 0.4701 -0.7965
vn -0.3705 0.4804 -0.7950
vn -0.3596 0.4895 -0.7944
vn -0.0691 0.8834 0.4635
vn -0.0693 0.8834 0.4634
vn -0.0692 0.8834 0.4635
vn -0.0692 0.8833 0.4636
vn -0.0693 0.8835 0.4633
vn 0.8084 -0.3542 -0.4701
vn 0.5260 0.8224 0.2168
vn 0.5593 0.7881 0.2569
vn 0.5729 0.8149 0.0880
vn 0.6584 0.7190 0.2228
vn 0.7201 0.6769 0.1525
vn 0.6525 0.7298 0.2040
vn 0.6698 0.7423 0.0181
vn 0.7503 0.6436 0.1507
vn 0.7529 0.6559 -0.0538
vn 0.7949 0.6063 -0.0220
vn 0.7746 0.6324 -0.0018
vn 0.8281 0.5552 0.0770
vn 0.8208 0.5572 -0.1259
vn 0.8904 0.4551 0.0034
vn 0.9229 0.3805 -0.0596
vn 0.8876 0.4605 -0.0064
vn 0.8718 0.4484 -0.1972
vn 0.9359 0.3455 -0.0690
vn 0.9053 0.3313 -0.2660
vn 0.9316 0.2770 -0.2355
vn 0.9260 0.3082 -0.2181
vn 0.9637 0.2284 -0.1385
vn 0.9204 0.2083 -0.3308
vn 0.9505 0.1574 -0.2679
vn -0.0290 -0.8996 -0.4357
vn -0.0290 -0.8995 -0.4359
vn -0.0291 -0.8995 -0.4360
vn -0.8833 -0.4683 0.0216
vn -0.5419 -0.8146 -0.2069
vn -0.5474 -0.7889 -0.2793
vn -0.5885 -0.8076 -0.0373
vn -0.6258 -0.7449 -0.2313
vn -0.7160 -0.6841 -0.1393
vn -0.7607 -0.6481 0.0360
vn -0.7970 -0.6037 0.0163
vn -0.7333 -0.6504 -0.1984
vn -0.6844 -0.7287 0.0248
vn -0.6483 -0.7370 -0.1909
vn -0.7971 -0.6037 0.0163
vn -0.8150 -0.5662 -0.1233
vn -0.8244 -0.5398 0.1702
vn -0.8710 -0.4911 -0.0088
vn -0.9185 -0.3883 0.0746
vn -0.8726 -0.4276 0.2362
vn -0.9314 -0.3630 0.0270
vn -0.9129 -0.3232 0.2492
vn -0.9500 -0.1732 0.2598
vn -0.9199 -0.1935 0.3411
vn -0.9636 -0.2482 0.0995
vn -0.9338 -0.2742 0.2298
vn -0.9338 -0.2740 0.2300
vn -0.7507 -0.6584 -0.0536
vn -0.7507 -0.6584 -0.0535
vn -0.7508 -0.6584 -0.0537
vn -0.7508 -0.6584 -0.0536
vn -0.7507 -0.6585 -0.0533
vn -0.2736 0.4944 -0.8251
vn -0.2589 0.5208 -0.8134
vn -0.2554 0.5033 -0.8255
vn -0.2647 0.5074 -0.8200
vn -0.2727 0.5081 -0.8170
vn -0.2580 0.5028 -0.8250
vn -0.2632 0.5027 -0.8234
vn -0.2787 0.5095 -0.8141
vn -0.2789 0.5094 -0.8141
vn -0.2474 0.4991 -0.8305
vn -0.2474 0.4991 -0.8304
vn -0.2377 0.4918 -0.8376
vn -0.2376 0.4918 -0.8377
vn -0.2376 0.4918 -0.8376
vn -0.2293 0.4831 -0.8450
vn -0.2292 0.4831 -0.8450
vn -0.2224 0.4731 -0.8524
vn -0.2173 0.4621 -0.8598
vn -0.2174 0.4623 -0.8597
vn -0.2173 0.4622 -0.8598
vn -0.2173 0.4622 -0.8597
vn -0.2140 0.4503 -0.8668
vn -0.2125 0.4379 -0.8735
vn -0.2125 0.4380 -0.8735
vn 0.8557 -0.2661 -0.4437
vn 0.8558 -0.2662 -0.4436
vn 0.8558 -0.2661 -0.4436
vn 0.8558 -0.2663 -0.4436
vn 0.4231 -0.7409 -0.5216
vn 0.4232 -0.7751 -0.4691
vn 0.3040 -0.7481 -0.5898
vn 0.3244 -0.8423 -0.4303
vn 0.2261 -0.8711 -0.4360
vn 0.3179 -0.8342 -0.4505
vn 0.1770 -0.8028 -0.5694
vn 0.1961 -0.8912 -0.4091
vn 0.0459 -0.8409 -0.5393
vn 0.0284 -0.8772 -0.4794
vn 0.0651 -0.8697 -0.4892
vn 0.0644 -0.9234 -0.3785
vn -0.0865 -0.8618 -0.4999
vn -0.0680 -0.9383 -0.3392
vn -0.1680 -0.9341 -0.3149
vn -0.0718 -0.9342 -0.3495
vn -0.2180 -0.8648 -0.4523
vn -0.1987 -0.9356 -0.2917
vn -0.3456 -0.8502 -0.3970
vn -0.3611 -0.8705 -0.3344
vn -0.3290 -0.8772 -0.3496
vn -0.3250 -0.9154 -0.2374
vn -0.4670 -0.8181 -0.3355
vn -0.4573 -0.8516 -0.2563
vn -0.8085 0.3542 0.4700
vn -0.8084 0.3541 0.4701
vn 0.0772 0.9279 0.3646
vn -0.4055 0.7514 0.5205
vn -0.4448 0.7702 0.4571
vn -0.2559 0.7473 0.6132
vn -0.3565 0.8202 0.4475
vn -0.2218 0.8652 0.4497
vn -0.3134 0.8284 0.4643
vn -0.1318 0.8016 0.5831
vn -0.2421 0.8897 0.3871
vn 0.0004 0.8322 0.5545
vn -0.0672 0.8728 0.4834
vn -0.0305 0.8802 0.4736
vn -0.1101 0.9261 0.3608
vn 0.1310 0.8491 0.5117
vn 0.0376 0.9299 0.3658
vn 0.1733 0.9279 0.3301
vn 0.2590 0.8502 0.4583
vn 0.1558 0.9468 0.2817
vn 0.3400 0.8599 0.3807
vn 0.4424 0.8570 0.2644
vn 0.4826 0.8115 0.3295
vn 0.2843 0.9307 0.2301
vn 0.3591 0.8734 0.3289
vn -0.8375 -0.5453 0.0341
vn -0.1298 0.8686 0.4783
vn -0.1299 0.8685 0.4783
vn -0.1299 0.8686 0.4782
vn -0.1299 0.8686 0.4783
vn -0.1298 0.8685 0.4783
vn -0.2639 0.3649 -0.8929
vn -0.2459 0.3418 -0.9070
vn -0.2658 0.3458 -0.8999
vn -0.2561 0.3521 -0.9002
vn -0.2505 0.3586 -0.8992
vn -0.2649 0.3482 -0.8992
vn -0.2618 0.3527 -0.8984
vn -0.2455 0.3632 -0.8988
vn -0.2454 0.3632 -0.8988
vn -0.2657 0.3458 -0.8999
vn -0.2747 0.3407 -0.8992
vn -0.2875 0.3352 -0.8972
vn -0.2875 0.3353 -0.8972
vn -0.2876 0.3352 -0.8972
vn -0.3010 0.3314 -0.8942
vn -0.3009 0.3314 -0.8942
vn -0.3144 0.3293 -0.8903
vn -0.3276 0.3291 -0.8856
vn -0.3277 0.3291 -0.8856
vn -0.3407 0.3306 -0.8801
vn -0.3408 0.3306 -0.8801
vn -0.3406 0.3306 -0.8801
vn -0.3406 0.3306 -0.8802
vn -0.3531 0.3340 -0.8740
vn -0.3531 0.3339 -0.8740
vn -0.0280 -0.9010 -0.4328
vn -0.9258 0.1261 0.3563
vn -0.9301 0.0672 0.3611
vn -0.9116 -0.3846 0.1450
vn -0.9427 -0.2625 0.2061
vn -0.9536 -0.2094 0.2161
vn -0.9507 -0.1417 0.2757
vn -0.9421 -0.0158 0.3351
vn -0.9117 -0.3844 0.1451
vn -0.8798 -0.4713 0.0620
vn -0.8711 -0.4876 0.0588
vn -0.6320 -0.7615 -0.1438
vn -0.7329 -0.6735 -0.0959
vn -0.7197 -0.6873 -0.0981
vn -0.8027 -0.5964 0.0016
vn -0.8026 -0.5965 0.0015
vn -0.4931 -0.8303 -0.2596
vn -0.5300 -0.8189 -0.2202
vn -0.0278 -0.9010 -0.4329
vn -0.1628 -0.9037 -0.3960
vn -0.2170 -0.8941 -0.3918
vn -0.2898 -0.8951 -0.3387
vn -0.4131 -0.8667 -0.2797
vn 0.0960 -0.8650 -0.4926
vn 0.0820 -0.8725 -0.4817
vn 0.2354 -0.8363 -0.4952
vn 0.3688 -0.7597 -0.5356
vn 0.3557 -0.7710 -0.5283
vn 0.2355 -0.8362 -0.4953
vn 0.6868 -0.5199 -0.5079
vn 0.5768 -0.6022 -0.5520
vn 0.6240 -0.5787 -0.5251
vn 0.4801 -0.7058 -0.5209
vn 0.4800 -0.7059 -0.5209
vn 0.8959 -0.1744 -0.4086
vn 0.8958 -0.1746 -0.4086
vn 0.8142 -0.3357 -0.4737
vn 0.8294 -0.2794 -0.4837
vn 0.7716 -0.4116 -0.4850
vn 0.9231 -0.0373 -0.3828
vn 0.9222 -0.0565 -0.3826
vn 0.9501 0.0768 -0.3023
vn 0.9401 0.2279 -0.2534
vn 0.9438 0.2096 -0.2557
vn 0.9501 0.0771 -0.3022
vn 0.8375 0.5453 -0.0342
vn 0.8800 0.4545 -0.1379
vn 0.8706 0.4841 -0.0875
vn 0.9301 0.3234 -0.1740
vn 0.9302 0.3232 -0.1741
vn 0.7119 0.6981 0.0765
vn 0.6691 0.7388 0.0799
vn 0.7667 0.6408 0.0389
vn 0.3538 0.8811 0.3139
vn 0.4674 0.8519 0.2363
vn 0.4795 0.8489 0.2223
vn 0.5831 0.7912 0.1844
vn 0.5832 0.7911 0.1844
vn 0.0963 0.9036 0.4174
vn 0.2034 0.9127 0.3545
vn 0.2217 0.9086 0.3539
vn 0.3537 0.8811 0.3139
vn -0.0391 0.8921 0.4501
vn -0.0941 0.8889 0.4483
vn -0.1692 0.8569 0.4868
vn -0.5340 0.6614 0.5266
vn -0.5339 0.6615 0.5266
vn -0.3781 0.7725 0.5102
vn -0.4317 0.7575 0.4898
vn -0.6465 0.5805 0.4950
vn -0.6318 0.5894 0.5035
vn -0.7295 0.4649 0.5016
vn -0.8891 0.1884 0.4171
vn -0.8634 0.2499 0.4383
vn -0.8233 0.3483 0.4481
vn -0.8127 0.3600 0.4582
vn -0.7295 0.4650 0.5017
vn 0.0463 -0.8880 -0.4575
vn -0.4302 -0.8612 -0.2708
vn -0.4301 -0.8612 -0.2708
vn 0.6099 -0.5988 -0.5191
vn 0.6096 -0.5991 -0.5191
vn 0.5095 -0.6794 -0.5280
vn 0.4024 -0.7533 -0.5202
vn 0.0467 -0.8879 -0.4576
vn -0.1780 0.8541 0.4886
vn -0.1117 0.8714 0.4776
vn 0.0089 0.8970 0.4419
vn 0.2587 0.8995 0.3522
vn 0.2588 0.8995 0.3522
vn 0.5918 0.7869 0.1751
vn 0.8330 0.5525 -0.0290
vn 0.8331 0.5523 -0.0291
vn -0.5193 0.6751 0.5240
vn -0.5191 0.6752 0.5240
vn -0.8456 0.2870 0.4502
vn -0.8457 0.2867 0.4501
vn -0.9472 -0.0598 0.3151
vn -0.9512 -0.1751 0.2539
vn -0.9366 -0.2895 0.1972
vn -0.7722 -0.6345 -0.0338
vn -0.7307 -0.6795 -0.0667
vn -0.6480 -0.7494 -0.1360
vn -0.4423 -0.8570 -0.2643
vn -0.4421 -0.8571 -0.2644
vn -0.0828 -0.9044 -0.4186
vn -0.0832 -0.9044 -0.4185
vn 0.2887 -0.8116 -0.5078
vn 0.2889 -0.8115 -0.5079
vn -0.5665 0.6373 0.5224
vn -0.6617 0.5507 0.5087
vn -0.7434 0.4507 0.4942
vn -0.9125 0.1195 0.3913
vn -0.9126 0.1191 0.3912
vn -0.9249 -0.3416 0.1671
vn -0.9248 -0.3418 0.1670
vn 0.8978 -0.1645 -0.4084
vn 0.8751 -0.2276 -0.4270
vn 0.8190 -0.3363 -0.4650
vn 0.6629 -0.5461 -0.5123
vn 0.6628 -0.5461 -0.5123
vn 0.3483 -0.7830 -0.5154
vn 0.3485 -0.7829 -0.5154
vn -0.0199 -0.8985 -0.4386
vn -0.0200 -0.8984 -0.4386
vn 0.9494 0.1860 -0.2532
vn 0.9493 0.1862 -0.2531
vn 0.7991 0.6011 0.0074
vn 0.7991 0.6011 0.0075
vn 0.5449 0.8130 0.2051
vn 0.4375 0.8601 0.2622
vn 0.3269 0.8885 0.3219
vn -0.0945 0.8776 0.4699
vn -0.1588 0.8582 0.4882
vn -0.2785 0.8161 0.5064
vn -0.5082 0.6834 0.5241
vn -0.5080 0.6835 0.5241
vn -0.7787 0.4011 0.4825
vn -0.7788 0.4009 0.4824
vn -0.9289 0.0562 0.3660
vn -0.9289 0.0563 0.3660
vn -0.9289 0.0559 0.3660
vn 0.9445 0.2394 -0.2250
vn 0.9445 0.2393 -0.2250
vn 0.9210 0.3525 -0.1657
vn 0.8851 0.4552 -0.0963
vn 0.6875 0.7183 0.1062
vn 0.6874 0.7184 0.1063
vn 0.2715 0.8978 0.3467
vn 0.2714 0.8978 0.3468
vn 0.8664 -0.2432 -0.4361
vn 0.8927 -0.1836 -0.4115
vn 0.9266 -0.0665 -0.3702
vn 0.9500 0.1737 -0.2595
vn 0.9500 0.1735 -0.2597
vn 0.8617 0.5034 -0.0638
vn 0.8616 0.5037 -0.0637
vn 0.6400 0.7552 0.1418
vn -0.7197 -0.6896 -0.0803
vn -0.7597 -0.6490 -0.0410
vn -0.8278 -0.5606 0.0231
vn -0.9216 -0.3536 0.1600
vn -0.9217 -0.3533 0.1601
vn -0.9403 -0.0036 0.3405
vn -0.9403 -0.0040 0.3402
vn -0.8132 0.3463 0.4678
vn -0.8135 0.3457 0.4677
vn -0.8132 0.3462 0.4677
vn -0.3779 -0.8767 -0.2975
vn -0.2636 -0.8971 -0.3546
vn -0.1419 -0.9063 -0.3981
vn 0.2250 -0.8377 -0.4976
vn 0.2252 -0.8376 -0.4976
vn 0.6533 -0.5562 -0.5138
vn 0.6533 -0.5561 -0.5137
vn -0.3101 0.4223 -0.8518
vn -0.3097 0.4227 -0.8517
vn -0.3101 0.4226 -0.8516
vn -0.3102 0.4226 -0.8516
vn -0.3101 0.4225 -0.8516
vn -0.3101 0.4225 -0.8517
vn -0.3099 0.4227 -0.8516
vn -0.3099 0.4228 -0.8516
vn -0.3100 0.4225 -0.8517
vn -0.3099 0.4225 -0.8517
vn -0.3101 0.4228 -0.8515
vn -0.3095 0.4229 -0.8517
vn -0.3098 0.4225 -0.8518
vn -0.3102 0.4228 -0.8515
vn -0.3098 0.4225 -0.8517
vn -0.3098 0.4226 -0.8517
vn -0.3098 0.4227 -0.8517
vn -0.3100 0.4224 -0.8517
vn -0.8468 0.2846 0.4494
vn -0.9118 0.1216 0.3922
vn -0.9458 -0.0455 0.3217
vn -0.9475 -0.2111 0.2402
vn -0.9475 -0.2110 0.2402
vn -0.9170 -0.3694 0.1504
vn -0.8553 -0.5152 0.0556
vn -0.7644 -0.6434 -0.0411
vn -0.6475 -0.7497 -0.1364
vn -0.6475 -0.7498 -0.1364
vn -0.5086 -0.8305 -0.2270
vn -0.5086 -0.8306 -0.2270
vn -0.3523 -0.8831 -0.3100
vn -0.1840 -0.9055 -0.3823
vn -0.0095 -0.8971 -0.4417
vn 0.1653 -0.8582 -0.4860
vn 0.3346 -0.7900 -0.5138
vn 0.4924 -0.6949 -0.5241
vn 0.6334 -0.5762 -0.5165
vn 0.7529 -0.4378 -0.4913
vn 0.8468 -0.2846 -0.4494
vn 0.9118 -0.1216 -0.3922
vn 0.9458 0.0455 -0.3217
vn 0.9458 0.0455 -0.3216
vn 0.9475 0.2110 -0.2401
vn 0.9170 0.3694 -0.1505
vn 0.9170 0.3694 -0.1504
vn 0.8553 0.5152 -0.0556
vn 0.7644 0.6434 0.0411
vn 0.6475 0.7498 0.1364
vn 0.5086 0.8306 0.2270
vn 0.5086 0.8305 0.2271
vn 0.3523 0.8831 0.3100
vn 0.1840 0.9055 0.3824
vn 0.0095 0.8971 0.4417
vn -0.1653 0.8582 0.4860
vn -0.3346 0.7900 0.5138
vn -0.4924 0.6949 0.5241
vn -0.6334 0.5762 0.5165
vn -0.7529 0.4378 0.4913
vn 0.8502 -0.4288 -0.3055
vn 0.8456 -0.4392 -0.3033
vn 0.7859 -0.5227 -0.3303
vn 0.7767 -0.5389 -0.3262
vn 0.7114 -0.6105 -0.3481
vn 0.6964 -0.6312 -0.3414
vn 0.6277 -0.6909 -0.3586
vn 0.6061 -0.7147 -0.3490
vn 0.6061 -0.7148 -0.3490
vn 0.5360 -0.7627 -0.3618
vn 0.5072 -0.7882 -0.3486
vn 0.5073 -0.7882 -0.3486
vn 0.4376 -0.8250 -0.3576
vn 0.4012 -0.8504 -0.3403
vn 0.3339 -0.8768 -0.3460
vn 0.2898 -0.9005 -0.3243
vn 0.2897 -0.9005 -0.3243
vn 0.2262 -0.9175 -0.3272
vn 0.1747 -0.9376 -0.3007
vn 0.1207 -0.9501 -0.2877
vn 0.1665 -0.9301 -0.3275
vn 0.0577 -0.9611 -0.2700
vn 0.0101 -0.9667 -0.2558
vn 0.0499 -0.9547 -0.2933
vn -0.0592 -0.9708 -0.2326
vn -0.0998 -0.9708 -0.2182
vn -0.0664 -0.9653 -0.2526
vn -0.1745 -0.9663 -0.1891
vn -0.2076 -0.9624 -0.1754
vn -0.1808 -0.9618 -0.2057
vn -0.2861 -0.9479 -0.1403
vn -0.3117 -0.9415 -0.1281
vn -0.2915 -0.9442 -0.1535
vn -0.3923 -0.9157 -0.0868
vn -0.4107 -0.9085 -0.0768
vn -0.3967 -0.9128 -0.0967
vn -0.4916 -0.8703 -0.0295
vn -0.5032 -0.8639 -0.0222
vn -0.4947 -0.8683 -0.0362
vn -0.5823 -0.8124 0.0306
vn -0.5880 -0.8081 0.0347
vn -0.5841 -0.8112 0.0271
vn -0.6631 -0.7428 0.0927
vn -0.6638 -0.7421 0.0933
vn -0.6633 -0.7426 0.0922
vn -0.6634 -0.7425 0.0922
vn -0.7296 -0.6666 0.1527
vn -0.7313 -0.6635 0.1581
vn -0.7313 -0.6635 0.1582
vn -0.7843 -0.5829 0.2124
vn -0.7868 -0.5752 0.2239
vn -0.8271 -0.4921 0.2715
vn -0.8291 -0.4790 0.2885
vn -0.8574 -0.3956 0.3292
vn -0.8574 -0.3766 0.3508
vn -0.8574 -0.3765 0.3509
vn -0.8748 -0.2945 0.3846
vn -0.8714 -0.2694 0.4101
vn -0.8791 -0.1905 0.4369
vn -0.8707 -0.1592 0.4653
vn -0.8707 -0.1593 0.4652
vn -0.8701 -0.0850 0.4855
vn -0.8555 -0.0478 0.5155
vn -0.8481 0.0207 0.5295
vn -0.8260 0.0632 0.5601
vn -0.8062 0.1181 0.5798
vn -0.8406 0.0771 0.5361
vn -0.7826 0.1720 0.5983
vn -0.7592 0.2192 0.6128
vn -0.7954 0.1848 0.5772
vn -0.7260 0.2768 0.6295
vn -0.7009 0.3161 0.6394
vn -0.7369 0.2886 0.6113
vn -0.6571 0.3762 0.6532
vn -0.6319 0.4075 0.6592
vn -0.6662 0.3865 0.6378
vn -0.5770 0.4684 0.6691
vn -0.5533 0.4923 0.6720
vn -0.5843 0.4773 0.6564
vn -0.4869 0.5521 0.6768
vn -0.4662 0.5690 0.6774
vn -0.4924 0.5594 0.6668
vn -0.3881 0.6260 0.6764
vn -0.3717 0.6368 0.6755
vn -0.3921 0.6315 0.6689
vn -0.2826 0.6888 0.6676
vn -0.2712 0.6947 0.6662
vn -0.2849 0.6925 0.6628
vn -0.1717 0.7396 0.6508
vn -0.1661 0.7418 0.6497
vn -0.1724 0.7414 0.6485
vn -0.0568 0.7778 0.6259
vn -0.0579 0.7775 0.6262
vn -0.0566 0.7775 0.6264
vn -0.0565 0.7775 0.6263
vn 0.0521 0.8013 0.5960
vn 0.0610 0.8002 0.5967
vn 0.0611 0.8002 0.5967
vn 0.1622 0.8126 0.5599
vn 0.1784 0.8090 0.5600
vn 0.2710 0.8112 0.5182
vn 0.2938 0.8040 0.5169
vn 0.2937 0.8041 0.5169
vn 0.3768 0.7973 0.4715
vn 0.4054 0.7852 0.4681
vn 0.4782 0.7710 0.4205
vn 0.5114 0.7528 0.4143
vn 0.5115 0.7528 0.4143
vn 0.5738 0.7326 0.3660
vn 0.6103 0.7075 0.3565
vn 0.6103 0.7074 0.3565
vn 0.6622 0.6828 0.3086
vn 0.7004 0.6497 0.2954
vn 0.7421 0.6223 0.2492
vn 0.7804 0.5806 0.2322
vn 0.8148 0.5438 0.2010
vn 0.7751 0.5968 0.2073
vn 0.8490 0.5011 0.1677
vn 0.8743 0.4647 0.1400
vn 0.8447 0.5151 0.1454
vn 0.9051 0.4126 0.1030
vn 0.9224 0.3781 0.0792
vn 0.9017 0.4243 0.0834
vn 0.9479 0.3163 0.0391
vn 0.9583 0.2850 0.0195
vn 0.9451 0.3259 0.0223
vn 0.9766 0.2138 -0.0230
vn 0.9816 0.1870 -0.0385
vn 0.9745 0.2214 -0.0369
vn 0.9909 0.1068 -0.0824
vn 0.9919 0.0852 -0.0937
vn 0.9893 0.1124 -0.0933
vn 0.9904 -0.0032 -0.1381
vn 0.9892 -0.0189 -0.1456
vn 0.9893 0.0007 -0.1460
vn 0.9753 -0.1143 -0.1893
vn 0.9733 -0.1237 -0.1934
vn 0.9746 -0.1121 -0.1941
vn 0.9456 -0.2249 -0.2352
vn 0.9445 -0.2280 -0.2364
vn 0.9453 -0.2242 -0.2368
vn 0.9033 -0.3301 -0.2740
vn 0.9021 -0.3338 -0.2734
vn 0.9022 -0.3336 -0.2733
vn 0.9655 -0.1027 -0.2395
vn 0.9813 0.0036 -0.1925
vn 0.9840 0.1091 -0.1411
vn 0.9840 0.1090 -0.1411
vn 0.9734 0.2121 -0.0861
vn 0.9734 0.2122 -0.0861
vn 0.9498 0.3115 -0.0282
vn 0.9135 0.4056 0.0317
vn 0.8650 0.4932 0.0928
vn 0.8049 0.5730 0.1543
vn 0.7341 0.6440 0.2153
vn 0.6536 0.7051 0.2749
vn 0.5646 0.7555 0.3324
vn 0.4682 0.7945 0.3868
vn 0.3658 0.8215 0.4374
vn 0.2590 0.8361 0.4836
vn 0.2589 0.8361 0.4836
vn 0.1490 0.8382 0.5246
vn 0.1491 0.8382 0.5246
vn 0.0377 0.8277 0.5599
vn -0.0737 0.8047 0.5891
vn -0.1833 0.7696 0.6116
vn -0.2899 0.7229 0.6272
vn -0.3917 0.6653 0.6356
vn -0.4874 0.5974 0.6368
vn -0.5757 0.5204 0.6307
vn -0.6553 0.4352 0.6174
vn -0.7251 0.3431 0.5971
vn -0.7841 0.2453 0.5701
vn -0.7841 0.2454 0.5701
vn -0.8315 0.1434 0.5367
vn -0.8315 0.1433 0.5367
vn -0.8666 0.0385 0.4975
vn -0.8890 -0.0677 0.4529
vn -0.8983 -0.1738 0.4036
vn -0.8943 -0.2783 0.3504
vn -0.8943 -0.2783 0.3503
vn -0.8772 -0.3797 0.2938
vn -0.8472 -0.4766 0.2348
vn -0.8047 -0.5675 0.1742
vn -0.7503 -0.6514 0.1127
vn -0.7503 -0.6514 0.1128
vn -0.6847 -0.7270 0.0514
vn -0.6090 -0.7931 -0.0090
vn -0.5241 -0.8490 -0.0676
vn -0.5240 -0.8490 -0.0676
vn -0.4312 -0.8938 -0.1236
vn -0.3316 -0.9268 -0.1763
vn -0.2269 -0.9476 -0.2247
vn -0.2268 -0.9476 -0.2247
vn -0.1183 -0.9560 -0.2684
vn -0.0074 -0.9518 -0.3067
vn 0.1041 -0.9350 -0.3390
vn 0.2148 -0.9060 -0.3648
vn 0.2148 -0.9059 -0.3648
vn 0.3231 -0.8650 -0.3839
vn 0.4275 -0.8127 -0.3959
vn 0.5264 -0.7498 -0.4008
vn 0.5264 -0.7499 -0.4008
vn 0.6186 -0.6773 -0.3983
vn 0.7027 -0.5960 -0.3886
vn 0.7775 -0.5072 -0.3717
vn 0.7775 -0.5072 -0.3718
vn 0.8420 -0.4121 -0.3481
vn 0.8420 -0.4122 -0.3480
vn 0.8953 -0.3121 -0.3178
vn 0.9367 -0.2085 -0.2814
vn 0.9367 -0.2084 -0.2814
vn 0.9558 -0.0828 -0.2821
vn 0.9717 0.0241 -0.2348
vn 0.9744 0.1301 -0.1832
vn 0.9744 0.1302 -0.1832
vn 0.9638 0.2339 -0.1279
vn 0.9401 0.3337 -0.0697
vn 0.9036 0.4283 -0.0094
vn 0.8548 0.5164 0.0521
vn 0.8547 0.5164 0.0521
vn 0.7943 0.5967 0.1139
vn 0.7231 0.6681 0.1752
vn 0.6422 0.7296 0.2352
vn 0.6422 0.7295 0.2352
vn 0.5527 0.7802 0.2929
vn 0.4558 0.8194 0.3476
vn 0.4557 0.8194 0.3476
vn 0.3528 0.8466 0.3985
vn 0.3529 0.8465 0.3985
vn 0.2454 0.8613 0.4450
vn 0.1349 0.8634 0.4862
vn 0.0228 0.8528 0.5218
vn 0.0228 0.8528 0.5217
vn -0.0891 0.8297 0.5510
vn -0.1994 0.7944 0.5737
vn -0.3065 0.7475 0.5894
vn -0.4089 0.6895 0.5979
vn -0.5052 0.6213 0.5990
vn -0.5939 0.5438 0.5929
vn -0.6740 0.4581 0.5795
vn -0.7442 0.3655 0.5591
vn -0.7441 0.3655 0.5591
vn -0.8035 0.2672 0.5320
vn -0.8035 0.2672 0.5319
vn -0.8512 0.1646 0.4984
vn -0.8865 0.0592 0.4589
vn -0.9090 -0.0476 0.4141
vn -0.9183 -0.1543 0.3646
vn -0.9143 -0.2593 0.3110
vn -0.8972 -0.3613 0.2542
vn -0.8972 -0.3613 0.2541
vn -0.8670 -0.4587 0.1948
vn -0.8242 -0.5502 0.1339
vn -0.8242 -0.5502 0.1338
vn -0.7695 -0.6346 0.0721
vn -0.7036 -0.7105 0.0104
vn -0.6274 -0.7771 -0.0504
vn -0.5420 -0.8332 -0.1093
vn -0.4486 -0.8782 -0.1656
vn -0.4486 -0.8782 -0.1657
vn -0.3485 -0.9115 -0.2186
vn -0.2432 -0.9324 -0.2673
vn -0.1340 -0.9408 -0.3112
vn -0.1339 -0.9408 -0.3112
vn -0.0225 -0.9366 -0.3497
vn 0.0897 -0.9197 -0.3822
vn 0.2010 -0.8905 -0.4082
vn 0.2010 -0.8905 -0.4081
vn 0.3099 -0.8493 -0.4273
vn 0.3099 -0.8493 -0.4274
vn 0.4148 -0.7967 -0.4395
vn 0.5143 -0.7335 -0.4443
vn 0.6070 -0.6605 -0.4418
vn 0.6070 -0.6606 -0.4418
vn 0.6915 -0.5789 -0.4321
vn 0.6916 -0.5788 -0.4321
vn 0.7668 -0.4895 -0.4151
vn 0.7668 -0.4896 -0.4151
vn 0.8317 -0.3940 -0.3913
vn 0.8317 -0.3939 -0.3913
vn 0.8853 -0.2933 -0.3609
vn 0.9269 -0.1891 -0.3243
vn 0.9439 -0.0627 -0.3241
vn 0.9599 0.0446 -0.2767
vn 0.9626 0.1510 -0.2249
vn 0.9520 0.2550 -0.1694
vn 0.9282 0.3551 -0.1110
vn 0.9282 0.3552 -0.1110
vn 0.8915 0.4501 -0.0505
vn 0.8426 0.5385 0.0111
vn 0.7819 0.6190 0.0732
vn 0.7820 0.6190 0.0732
vn 0.7105 0.6907 0.1347
vn 0.6294 0.7523 0.1948
vn 0.5395 0.8031 0.2528
vn 0.4423 0.8425 0.3077
vn 0.3391 0.8697 0.3588
vn 0.3390 0.8697 0.3588
vn 0.2312 0.8845 0.4053
vn 0.2312 0.8844 0.4053
vn 0.1203 0.8865 0.4467
vn 0.1204 0.8865 0.4467
vn 0.0080 0.8759 0.4824
vn -0.1043 0.8528 0.5117
vn -0.1043 0.8528 0.5118
vn -0.2150 0.8174 0.5345
vn -0.3224 0.7703 0.5502
vn -0.4252 0.7121 0.5587
vn -0.5218 0.6436 0.5599
vn -0.6108 0.5659 0.5537
vn -0.6911 0.4800 0.5403
vn -0.7615 0.3871 0.5199
vn -0.7615 0.3871 0.5198
vn -0.8211 0.2885 0.4926
vn -0.8689 0.1855 0.4589
vn -0.8689 0.1856 0.4589
vn -0.9043 0.0798 0.4193
vn -0.9269 -0.0274 0.3744
vn -0.9362 -0.1344 0.3247
vn -0.9323 -0.2398 0.2709
vn -0.9150 -0.3421 0.2139
vn -0.8847 -0.4398 0.1544
vn -0.8418 -0.5316 0.0932
vn -0.7870 -0.6162 0.0312
vn -0.7208 -0.6924 -0.0307
vn -0.6444 -0.7592 -0.0916
vn -0.5587 -0.8155 -0.1507
vn -0.5587 -0.8155 -0.1508
vn -0.4650 -0.8607 -0.2073
vn -0.4650 -0.8607 -0.2072
vn -0.3646 -0.8940 -0.2603
vn -0.2589 -0.9151 -0.3093
vn -0.1493 -0.9235 -0.3533
vn -0.1494 -0.9235 -0.3533
vn -0.0375 -0.9192 -0.3919
vn 0.0750 -0.9023 -0.4245
vn 0.1867 -0.8730 -0.4506
vn 0.2960 -0.8317 -0.4698
vn 0.2959 -0.8317 -0.4698
vn 0.4012 -0.7789 -0.4820
vn 0.4012 -0.7790 -0.4820
vn 0.5010 -0.7155 -0.4868
vn 0.5940 -0.6423 -0.4843
vn 0.5940 -0.6423 -0.4844
vn 0.6789 -0.5603 -0.4746
vn 0.6788 -0.5604 -0.4745
vn 0.7543 -0.4708 -0.4576
vn 0.7543 -0.4707 -0.4576
vn 0.8194 -0.3748 -0.4337
vn 0.8732 -0.2739 -0.4031
vn 0.9149 -0.1693 -0.3665
vn 0.9149 -0.1694 -0.3664
vn -0.6870 -0.0449 0.7253
vn -0.6869 -0.0450 0.7254
vn -0.7141 -0.1475 0.6843
vn -0.7143 -0.1474 0.6842
vn -0.7144 -0.1474 0.6841
vn -0.7282 -0.2505 0.6379
vn -0.7284 -0.2504 0.6378
vn -0.7280 -0.2505 0.6382
vn -0.7283 -0.3525 0.5877
vn -0.7284 -0.3525 0.5876
vn -0.7285 -0.3524 0.5874
vn -0.7153 -0.4515 0.5334
vn -0.7150 -0.4517 0.5336
vn -0.7153 -0.4516 0.5333
vn -0.6885 -0.5466 0.4768
vn -0.6886 -0.5465 0.4766
vn -0.6487 -0.6358 0.4182
vn -0.6489 -0.6357 0.4181
vn -0.5970 -0.7176 0.3587
vn -0.5972 -0.7176 0.3585
vn -0.5971 -0.7176 0.3586
vn -0.5336 -0.7911 0.2990
vn -0.5338 -0.7910 0.2991
vn -0.5340 -0.7909 0.2990
vn -0.4599 -0.8548 0.2406
vn -0.4598 -0.8548 0.2408
vn -0.4600 -0.8547 0.2405
vn -0.3767 -0.9079 0.1841
vn -0.3767 -0.9079 0.1840
vn -0.1879 -0.9789 0.0799
vn -0.3769 -0.9078 0.1837
vn -0.2855 -0.9495 0.1303
vn -0.2855 -0.9495 0.1302
vn -0.2855 -0.9495 0.1304
vn -0.1877 -0.9789 0.0802
vn 0.0212 -0.9998 -0.0063
vn -0.0851 -0.9958 0.0342
vn -0.0852 -0.9958 0.0339
vn -0.0850 -0.9958 0.0343
vn 0.0210 -0.9998 -0.0067
vn 0.2369 -0.9690 -0.0699
vn 0.0211 -0.9998 -0.0068
vn 0.1291 -0.9908 -0.0412
vn 0.1291 -0.9908 -0.0411
vn 0.1291 -0.9908 -0.0409
vn 0.2371 -0.9690 -0.0694
vn 0.2370 -0.9690 -0.0699
vn 0.3433 -0.9348 -0.0917
vn 0.3433 -0.9348 -0.0913
vn 0.3434 -0.9348 -0.0910
vn 0.4462 -0.8886 -0.1060
vn 0.4462 -0.8886 -0.1058
vn 0.5443 -0.8312 -0.1132
vn 0.5442 -0.8313 -0.1131
vn 0.6356 -0.7637 -0.1129
vn 0.6357 -0.7636 -0.1129
vn 0.6357 -0.7636 -0.1133
vn 0.7192 -0.6868 -0.1055
vn 0.7192 -0.6868 -0.1054
vn 0.7192 -0.6868 -0.1051
vn 0.7934 -0.6020 -0.0900
vn 0.7935 -0.6019 -0.0901
vn 0.7934 -0.6019 -0.0901
vn 0.8573 -0.5104 -0.0678
vn 0.8573 -0.5104 -0.0679
vn 0.8573 -0.5104 -0.0680
vn 0.9095 -0.4139 -0.0391
vn 0.9096 -0.4136 -0.0390
vn 0.9096 -0.4137 -0.0387
vn 0.9497 -0.3131 -0.0039
vn 0.9497 -0.3132 -0.0037
vn 0.9498 -0.3129 -0.0039
vn 0.9769 -0.2105 0.0371
vn 0.9768 -0.2106 0.0374
vn 0.9910 -0.0056 0.1341
vn 0.9769 -0.2106 0.0374
vn 0.9907 -0.1076 0.0835
vn 0.9907 -0.1075 0.0834
vn 0.9907 -0.1076 0.0834
vn 0.9910 -0.0056 0.1340
vn 0.9511 0.1886 0.2447
vn 0.9910 -0.0057 0.1341
vn 0.9776 0.0934 0.1885
vn 0.9777 0.0935 0.1882
vn 0.9777 0.0936 0.1880
vn 0.9511 0.1885 0.2447
vn 0.8597 0.3596 0.3628
vn 0.9115 0.2775 0.3036
vn 0.9115 0.2776 0.3034
vn 0.8597 0.3595 0.3629
vn 0.8597 0.3594 0.3630
vn 0.7963 0.4329 0.4225
vn 0.7963 0.4330 0.4223
vn 0.7963 0.4327 0.4226
vn 0.7225 0.4965 0.4811
vn 0.7225 0.4966 0.4810
vn 0.7225 0.4968 0.4808
vn 0.6394 0.5499 0.5375
vn 0.6393 0.5498 0.5376
vn 0.5482 0.5914 0.5914
vn 0.5482 0.5916 0.5912
vn 0.5482 0.5915 0.5913
vn 0.4505 0.6206 0.6418
vn 0.4504 0.6210 0.6415
vn 0.4504 0.6209 0.6415
vn 0.3477 0.6378 0.6873
vn 0.3477 0.6376 0.6874
vn 0.3476 0.6378 0.6872
vn 0.2415 0.6418 0.7279
vn 0.2415 0.6417 0.7279
vn 0.2414 0.6420 0.7277
vn 0.1336 0.6327 0.7628
vn 0.1335 0.6328 0.7627
vn 0.0256 0.6109 0.7913
vn 0.0258 0.6106 0.7915
vn 0.0255 0.6110 0.7913
vn -0.0807 0.5767 0.8130
vn -0.0806 0.5766 0.8131
vn -0.0805 0.5767 0.8130
vn -0.1836 0.5305 0.8275
vn -0.1837 0.5305 0.8276
vn -0.2816 0.4731 0.8348
vn -0.2816 0.4733 0.8347
vn -0.4568 0.3290 0.8265
vn -0.3731 0.4056 0.8344
vn -0.3730 0.4055 0.8345
vn -0.4565 0.3286 0.8268
vn -0.5944 0.1522 0.7896
vn -0.4566 0.3287 0.8267
vn -0.5309 0.2439 0.8116
vn -0.5307 0.2438 0.8117
vn -0.5945 0.1523 0.7895
vn -0.5946 0.1523 0.7895
vn -0.6469 0.0555 0.7605
vn -0.6473 0.0558 0.7602
vn -0.6472 0.0558 0.7602
vn -0.6873 -0.0446 0.7250
vn -0.2635 -0.0982 0.9597
vn -0.2634 -0.0983 0.9597
vn -0.2188 -0.0349 0.9751
vn -0.2189 -0.0348 0.9751
vn -0.1676 0.0244 0.9856
vn -0.1673 0.0241 0.9856
vn -0.1093 0.0774 0.9910
vn -0.1094 0.0775 0.9910
vn -0.0459 0.1245 0.9912
vn -0.0460 0.1247 0.9911
vn 0.0221 0.1646 0.9861
vn 0.0221 0.1645 0.9861
vn 0.0936 0.1965 0.9760
vn 0.0938 0.1962 0.9761
vn 0.1674 0.2204 0.9609
vn 0.1675 0.2204 0.9609
vn 0.2424 0.2355 0.9411
vn 0.2425 0.2354 0.9412
vn 0.3175 0.2417 0.9170
vn 0.3175 0.2416 0.9170
vn 0.3912 0.2389 0.8888
vn 0.4626 0.2275 0.8569
vn 0.4626 0.2272 0.8570
vn 0.5305 0.2068 0.8221
vn 0.5305 0.2065 0.8222
vn 0.5938 0.1776 0.7848
vn 0.5937 0.1773 0.7849
vn 0.6516 0.1409 0.7454
vn 0.7029 0.0966 0.7047
vn 0.7030 0.0968 0.7046
vn 0.7468 0.0454 0.6635
vn 0.7468 0.0456 0.6635
vn 0.7831 -0.0110 0.6218
vn 0.7828 -0.0113 0.6221
vn 0.8103 -0.0733 0.5814
vn 0.8103 -0.0732 0.5814
vn 0.8289 -0.1391 0.5419
vn 0.8290 -0.1389 0.5417
vn 0.8380 -0.2081 0.5044
vn 0.8379 -0.2081 0.5046
vn 0.8377 -0.2789 0.4695
vn 0.8378 -0.2789 0.4694
vn 0.8282 -0.3504 0.4374
vn 0.8280 -0.3505 0.4376
vn 0.8094 -0.4216 0.4087
vn 0.8094 -0.4217 0.4088
vn 0.7816 -0.4914 0.3843
vn 0.7815 -0.4914 0.3843
vn 0.7451 -0.5586 0.3644
vn 0.7452 -0.5586 0.3641
vn 0.7009 -0.6222 0.3487
vn 0.7009 -0.6222 0.3486
vn 0.6493 -0.6812 0.3381
vn 0.6492 -0.6812 0.3384
vn 0.5912 -0.7345 0.3330
vn 0.5913 -0.7346 0.3326
vn 0.5277 -0.7815 0.3327
vn 0.5277 -0.7815 0.3328
vn 0.4597 -0.8213 0.3378
vn 0.4597 -0.8213 0.3379
vn 0.3882 -0.8533 0.3480
vn 0.3143 -0.8771 0.3631
vn 0.3144 -0.8771 0.3631
vn 0.2393 -0.8924 0.3825
vn 0.2394 -0.8922 0.3829
vn 0.1644 -0.8986 0.4067
vn 0.1645 -0.8984 0.4072
vn 0.0908 -0.8957 0.4354
vn 0.0906 -0.8958 0.4351
vn 0.0192 -0.8841 0.4668
vn 0.0191 -0.8842 0.4667
vn -0.0488 -0.8637 0.5016
vn -0.0486 -0.8636 0.5018
vn -0.1119 -0.8347 0.5392
vn -0.1697 -0.7978 0.5785
vn -0.2210 -0.7536 0.6191
vn -0.2208 -0.7535 0.6193
vn -0.2648 -0.7025 0.6606
vn -0.2650 -0.7026 0.6604
vn -0.3010 -0.6457 0.7018
vn -0.3284 -0.5838 0.7425
vn -0.3286 -0.5838 0.7424
vn -0.3472 -0.5178 0.7819
vn -0.3471 -0.5178 0.7819
vn -0.3563 -0.4489 0.8194
vn -0.3562 -0.4489 0.8195
vn -0.3561 -0.3781 0.8545
vn -0.3562 -0.3781 0.8545
vn -0.3462 -0.3066 0.8867
vn -0.3465 -0.3065 0.8866
vn -0.3272 -0.2354 0.9152
vn -0.3276 -0.2353 0.9150
vn -0.2998 -0.1655 0.9396
vn -0.2994 -0.1657 0.9396
vn 0.1218 -0.3295 0.9363
vn 0.1374 -0.3066 0.9419
vn 0.1558 -0.2855 0.9456
vn 0.1561 -0.2858 0.9455
vn 0.1768 -0.2667 0.9474
vn 0.1765 -0.2663 0.9476
vn 0.1995 -0.2498 0.9475
vn 0.1994 -0.2498 0.9475
vn 0.2238 -0.2355 0.9458
vn 0.2239 -0.2357 0.9457
vn 0.2494 -0.2241 0.9421
vn 0.2495 -0.2243 0.9421
vn 0.2757 -0.2154 0.9368
vn 0.2758 -0.2156 0.9367
vn 0.3026 -0.2102 0.9296
vn 0.3026 -0.2103 0.9296
vn 0.3294 -0.2081 0.9210
vn 0.3294 -0.2077 0.9211
vn 0.3558 -0.2087 0.9110
vn 0.3557 -0.2091 0.9109
vn 0.3813 -0.2130 0.8996
vn 0.4056 -0.2203 0.8871
vn 0.4055 -0.2205 0.8871
vn 0.4282 -0.2308 0.8737
vn 0.4283 -0.2306 0.8737
vn 0.4489 -0.2440 0.8597
vn 0.4491 -0.2437 0.8596
vn 0.4674 -0.2595 0.8451
vn 0.4672 -0.2598 0.8451
vn 0.4832 -0.2778 0.8303
vn 0.4828 -0.2781 0.8304
vn 0.4957 -0.2984 0.8156
vn 0.4958 -0.2984 0.8156
vn 0.5056 -0.3205 0.8010
vn 0.5122 -0.3441 0.7869
vn 0.5123 -0.3440 0.7869
vn 0.5156 -0.3687 0.7734
vn 0.5155 -0.3687 0.7735
vn 0.5154 -0.3940 0.7610
vn 0.5156 -0.3940 0.7609
vn 0.5119 -0.4196 0.7496
vn 0.5121 -0.4196 0.7494
vn 0.5054 -0.4451 0.7392
vn 0.5052 -0.4451 0.7394
vn 0.4955 -0.4701 0.7304
vn 0.4953 -0.4700 0.7306
vn 0.4823 -0.4941 0.7234
vn 0.4824 -0.4941 0.7233
vn 0.4666 -0.5168 0.7178
vn 0.4664 -0.5168 0.7179
vn 0.4480 -0.5378 0.7142
vn 0.4478 -0.5377 0.7144
vn 0.4274 -0.5571 0.7120
vn 0.4273 -0.5569 0.7122
vn 0.4045 -0.5737 0.7122
vn 0.4047 -0.5740 0.7118
vn 0.3802 -0.5880 0.7139
vn 0.3803 -0.5882 0.7137
vn 0.3547 -0.5996 0.7174
vn 0.3547 -0.5994 0.7176
vn 0.3283 -0.6079 0.7230
vn 0.3283 -0.6081 0.7228
vn 0.3015 -0.6133 0.7301
vn 0.3015 -0.6134 0.7300
vn 0.2747 -0.6156 0.7386
vn 0.2747 -0.6157 0.7386
vn 0.2483 -0.6147 0.7487
vn 0.2482 -0.6148 0.7486
vn 0.2227 -0.6107 0.7599
vn 0.2228 -0.6104 0.7601
vn 0.1986 -0.6030 0.7726
vn 0.1760 -0.5927 0.7860
vn 0.1756 -0.5931 0.7858
vn 0.1554 -0.5794 0.8001
vn 0.1551 -0.5797 0.7999
vn 0.1368 -0.5638 0.8145
vn 0.1367 -0.5639 0.8144
vn 0.1209 -0.5456 0.8292
vn 0.1212 -0.5455 0.8293
vn 0.1084 -0.5252 0.8441
vn 0.1084 -0.5251 0.8441
vn 0.0989 -0.5029 0.8586
vn 0.0988 -0.5029 0.8586
vn 0.0922 -0.4794 0.8727
vn 0.0920 -0.4795 0.8727
vn 0.0882 -0.4549 0.8862
vn 0.0883 -0.4549 0.8862
vn 0.0890 -0.4295 0.8987
vn 0.0887 -0.4295 0.8987
vn 0.0921 -0.4039 0.9101
vn 0.0919 -0.4039 0.9102
vn 0.0988 -0.3785 0.9203
vn 0.0991 -0.3785 0.9203
vn 0.1090 -0.3536 0.9290
vn 0.1084 -0.3534 0.9292
vn 0.2179 -0.8403 -0.4963
vn 0.0539 -0.8865 -0.4595
vn -0.1117 -0.9058 -0.4088
vn -0.2038 -0.8909 -0.4060
vn -0.2740 -0.8975 -0.3456
vn -0.1118 -0.9058 -0.4088
vn -0.2742 -0.8974 -0.3455
vn -0.4279 -0.8619 -0.2720
vn -0.5689 -0.8002 -0.1900
vn -0.6925 -0.7141 -0.1023
vn -0.7951 -0.6064 -0.0115
vn -0.8735 -0.4802 0.0797
vn -0.8735 -0.4802 0.0796
vn -0.9254 -0.3394 0.1684
vn -0.9492 -0.1886 0.2519
vn -0.9492 -0.1883 0.2519
vn -0.9503 -0.1109 0.2909
vn -0.9442 -0.0316 0.3280
vn -0.9442 -0.0315 0.3280
vn -0.9104 0.1262 0.3940
vn -0.8490 0.2802 0.4480
vn -0.7618 0.4256 0.4884
vn -0.7188 0.5073 0.4754
vn -0.6514 0.5580 0.5140
vn -0.6513 0.5582 0.5141
vn -0.5213 0.6736 0.5240
vn -0.3753 0.7686 0.5180
vn -0.2179 0.8403 0.4963
vn -0.0539 0.8865 0.4595
vn 0.1117 0.9058 0.4088
vn 0.1118 0.9058 0.4088
vn 0.2740 0.8975 0.3456
vn 0.4277 0.8620 0.2721
vn 0.4279 0.8620 0.2719
vn 0.5002 0.8343 0.2319
vn 0.5689 0.8002 0.1900
vn 0.5688 0.8002 0.1900
vn 0.6925 0.7141 0.1023
vn 0.7951 0.6064 0.0115
vn 0.8735 0.4802 -0.0797
vn 0.8925 0.4245 -0.1522
vn 0.9254 0.3394 -0.1684
vn 0.8735 0.4802 -0.0796
vn 0.9255 0.3393 -0.1685
vn 0.9492 0.1883 -0.2520
vn 0.9492 0.1884 -0.2520
vn 0.9442 0.0315 -0.3280
vn 0.9104 -0.1262 -0.3940
vn 0.8490 -0.2801 -0.4480
vn 0.7618 -0.4256 -0.4884
vn 0.7618 -0.4256 -0.4885
vn 0.6514 -0.5581 -0.5140
vn 0.6514 -0.5580 -0.5140
vn 0.5215 -0.6734 -0.5240
vn 0.5213 -0.6735 -0.5241
vn 0.4503 -0.7236 -0.5230
vn 0.7389 -0.3957 -0.5454
vn 0.6288 -0.5279 -0.5709
vn 0.4989 -0.6432 -0.5808
vn 0.4989 -0.6432 -0.5809
vn 0.3533 -0.7380 -0.5749
vn 0.1963 -0.8096 -0.5533
vn 0.1963 -0.8096 -0.5532
vn 0.0326 -0.8556 -0.5166
vn -0.1326 -0.8748 -0.4659
vn -0.2945 -0.8666 -0.4029
vn -0.4481 -0.8311 -0.3294
vn -0.5887 -0.7695 -0.2477
vn -0.7120 -0.6836 -0.1602
vn -0.8144 -0.5761 -0.0696
vn -0.8926 -0.4502 0.0214
vn -0.8926 -0.4503 0.0214
vn -0.9444 -0.3098 0.1099
vn -0.9681 -0.1591 0.1934
vn -0.9681 -0.1591 0.1933
vn -0.9631 -0.0027 0.2691
vn -0.9631 -0.0026 0.2691
vn -0.9294 0.1548 0.3350
vn -0.8682 0.3083 0.3889
vn -0.7811 0.4534 0.4292
vn -0.7812 0.4534 0.4292
vn -0.6711 0.5856 0.4547
vn -0.5412 0.7008 0.4647
vn -0.3956 0.7957 0.4587
vn -0.2386 0.8672 0.4371
vn -0.2385 0.8672 0.4371
vn -0.0749 0.9133 0.4004
vn 0.0903 0.9325 0.3498
vn 0.0904 0.9325 0.3498
vn 0.2522 0.9242 0.2867
vn 0.4058 0.8887 0.2132
vn 0.5464 0.8271 0.1315
vn 0.5464 0.8272 0.1315
vn 0.6697 0.7413 0.0440
vn 0.7721 0.6338 -0.0466
vn 0.8504 0.5079 -0.1376
vn 0.8504 0.5079 -0.1375
vn 0.9021 0.3675 -0.2261
vn 0.9259 0.2168 -0.3095
vn 0.9259 0.2167 -0.3095
vn 0.9208 0.0603 -0.3853
vn 0.8871 -0.0971 -0.4512
vn 0.8259 -0.2507 -0.5051
vn -0.3101 0.4227 -0.8516
vn 0.6672 -0.5415 -0.5115
vn 0.5466 -0.6537 -0.5233
vn 0.4111 -0.7481 -0.5209
vn 0.2644 -0.8221 -0.5042
vn 0.1104 -0.8737 -0.4738
vn -0.0465 -0.9014 -0.4304
vn -0.2021 -0.9046 -0.3753
vn -0.4928 -0.8375 -0.2362
vn -0.6199 -0.7690 -0.1560
vn -0.6200 -0.7690 -0.1560
vn -0.7301 -0.6795 -0.0715
vn -0.8883 -0.4480 0.1010
vn -0.9320 -0.3122 0.1843
vn -0.9320 -0.3123 0.1843
vn -0.9502 -0.1680 0.2625
vn -0.9425 -0.0191 0.3336
vn -0.9091 0.1303 0.3956
vn -0.8509 0.2762 0.4468
vn -0.7696 0.4145 0.4858
vn -0.6672 0.5415 0.5115
vn -0.5466 0.6537 0.5233
vn -0.5466 0.6537 0.5234
vn 0.2022 0.9046 0.3753
vn 0.4928 0.8374 0.2362
vn 0.6199 0.7690 0.1560
vn 0.7301 0.6796 0.0715
vn 0.7301 0.6795 0.0715
vn 0.8204 0.5716 -0.0150
vn 0.8883 0.4480 -0.1010
vn 0.9320 0.3122 -0.1843
vn 0.9320 0.3123 -0.1842
vn -0.8518 0.2744 0.4462
vn -0.9085 0.1322 0.3963
vn -0.9417 -0.0133 0.3362
vn -0.9505 -0.1585 0.2673
vn -0.9346 -0.2996 0.1915
vn -0.9347 -0.2996 0.1915
vn -0.8946 -0.4329 0.1108
vn -0.8314 -0.5550 0.0272
vn -0.7466 -0.6628 -0.0571
vn -0.6426 -0.7533 -0.1400
vn -0.6425 -0.7534 -0.1400
vn -0.5218 -0.8244 -0.2192
vn -0.3876 -0.8741 -0.2927
vn -0.2433 -0.9012 -0.3587
vn -0.0927 -0.9049 -0.4153
vn 0.0603 -0.8852 -0.4612
vn 0.2117 -0.8426 -0.4952
vn 0.3576 -0.7781 -0.5163
vn 0.4943 -0.6935 -0.5241
vn 0.6182 -0.5910 -0.5183
vn 0.7260 -0.4731 -0.4990
vn 0.8151 -0.3430 -0.4669
vn 0.8831 -0.2040 -0.4226
vn 0.8831 -0.2039 -0.4226
vn 0.9281 -0.0597 -0.3674
vn 0.9492 0.0862 -0.3027
vn 0.9456 0.2298 -0.2302
vn 0.9176 0.3674 -0.1517
vn 0.9176 0.3675 -0.1516
vn 0.8658 0.4956 -0.0692
vn 0.7916 0.6109 0.0150
vn 0.6968 0.7104 0.0989
vn 0.5841 0.7914 0.1802
vn 0.5841 0.7915 0.1802
vn 0.4562 0.8520 0.2568
vn 0.3165 0.8906 0.3267
vn 0.1686 0.9060 0.3882
vn 0.1685 0.9060 0.3883
vn 0.0163 0.8980 0.4397
vn -0.1364 0.8667 0.4798
vn -0.2856 0.8130 0.5074
vn -0.4274 0.7382 0.5219
vn -0.4273 0.7382 0.5219
vn -0.5581 0.6443 0.5229
vn -0.6743 0.5338 0.5103
vn -0.7731 0.4094 0.4845
vn -0.8518 0.2743 0.4462
vn -0.9411 -0.0091 0.3380
vn -0.9498 -0.1778 0.2575
vn -0.9252 -0.3402 0.1679
vn -0.8683 -0.4908 0.0725
vn -0.7809 -0.6241 -0.0255
vn -0.6662 -0.7356 -0.1226
vn -0.5282 -0.8214 -0.2153
vn -0.3717 -0.8784 -0.3006
vn -0.2022 -0.9046 -0.3753
vn -0.0255 -0.8991 -0.4369
vn -0.0255 -0.8992 -0.4369
vn 0.1520 -0.8622 -0.4832
vn 0.3241 -0.7951 -0.5126
vn 0.3242 -0.7951 -0.5125
vn 0.4850 -0.7002 -0.5240
vn 0.6288 -0.5807 -0.5170
vn 0.6289 -0.5807 -0.5170
vn 0.7507 -0.4409 -0.4920
vn 0.8462 -0.2857 -0.4498
vn 0.9121 -0.1205 -0.3918
vn 0.9461 0.0490 -0.3201
vn 0.9461 0.0490 -0.3200
vn 0.9470 0.2167 -0.2371
vn 0.9147 0.3769 -0.1459
vn 0.8504 0.5238 -0.0496
vn 0.7563 0.6525 0.0485
vn 0.6357 0.7582 0.1449
vn 0.4929 0.8374 0.2362
vn 0.3328 0.8873 0.3192
vn 0.1610 0.9062 0.3910
vn 0.1610 0.9062 0.3911
vn -0.0164 0.8933 0.4492
vn -0.0163 0.8933 0.4492
vn -0.1932 0.8491 0.4916
vn -0.3632 0.7752 0.5169
vn -0.5205 0.6742 0.5240
vn -0.5205 0.6741 0.5240
vn -0.6596 0.5495 0.5128
vn -0.7756 0.4056 0.4836
vn 0.3094 -0.4230 0.8517
vn 0.3081 -0.4225 0.8524
vn 0.3082 -0.4225 0.8524
vn 0.8286 -0.4415 -0.3443
vn 0.8282 -0.4431 -0.3431
vn 0.7317 -0.5713 -0.3719
vn 0.6020 -0.6981 -0.3876
vn 0.4535 -0.8034 -0.3858
vn 0.2912 -0.8836 -0.3666
vn 0.1206 -0.9360 -0.3305
vn 0.1206 -0.9361 -0.3305
vn -0.0524 -0.9589 -0.2789
vn -0.2221 -0.9514 -0.2134
vn -0.3827 -0.9138 -0.1363
vn -0.3827 -0.9138 -0.1362
vn -0.5287 -0.8473 -0.0501
vn -0.5287 -0.8473 -0.0502
vn -0.6552 -0.7543 0.0420
vn -0.6552 -0.7543 0.0421
vn -0.7578 -0.6379 0.1372
vn -0.8332 -0.5020 0.2320
vn -0.8787 -0.3512 0.3234
vn -0.8927 -0.1907 0.4082
vn -0.8750 -0.0259 0.4835
vn -0.8750 -0.0260 0.4835
vn -0.8259 0.1376 0.5468
vn -0.7472 0.2943 0.5959
vn -0.7472 0.2942 0.5959
vn -0.6416 0.4387 0.6291
vn -0.6416 0.4387 0.6292
vn -0.5126 0.5662 0.6455
vn -0.5127 0.5662 0.6454
vn -0.3647 0.6723 0.6442
vn -0.2028 0.7534 0.6256
vn -0.2028 0.7534 0.6255
vn -0.0324 0.8068 0.5900
vn -0.0324 0.8067 0.5900
vn 0.1407 0.8306 0.5388
vn 0.3106 0.8240 0.4738
vn 0.3106 0.8241 0.4738
vn 0.4716 0.7874 0.3970
vn 0.6181 0.7219 0.3111
vn 0.7453 0.6297 0.2191
vn 0.8488 0.5140 0.1240
vn 0.8488 0.5139 0.1240
vn 0.9251 0.3786 0.0291
vn 0.9716 0.2283 -0.0624
vn 0.9867 0.0680 -0.1475
vn 0.9730 -0.0806 -0.2160
vn 0.9730 -0.0789 -0.2169
vn 0.9085 -0.1322 -0.3963
vn 0.8518 -0.2744 -0.4462
vn 0.7731 -0.4094 -0.4845
vn 0.6743 -0.5338 -0.5103
vn 0.5580 -0.6444 -0.5229
vn 0.5581 -0.6444 -0.5228
vn 0.4274 -0.7382 -0.5219
vn 0.2856 -0.8130 -0.5074
vn 0.1364 -0.8667 -0.4798
vn -0.0163 -0.8980 -0.4397
vn -0.1686 -0.9060 -0.3882
vn -0.3165 -0.8906 -0.3268
vn -0.3165 -0.8906 -0.3267
vn -0.4562 -0.8520 -0.2568
vn -0.5841 -0.7915 -0.1801
vn -0.5841 -0.7915 -0.1802
vn -0.6968 -0.7104 -0.0989
vn -0.7916 -0.6109 -0.0150
vn -0.7916 -0.6108 -0.0151
vn -0.8658 -0.4955 0.0691
vn -0.8658 -0.4956 0.0692
vn -0.9176 -0.3674 0.1517
vn -0.9456 -0.2298 0.2302
vn -0.9492 -0.0862 0.3027
vn -0.9281 0.0597 0.3674
vn -0.8831 0.2040 0.4226
vn -0.8831 0.2040 0.4225
vn -0.8151 0.3430 0.4668
vn -0.8151 0.3430 0.4669
vn -0.7261 0.4731 0.4990
vn -0.6182 0.5910 0.5183
vn -0.6182 0.5910 0.5182
vn -0.4943 0.6936 0.5240
vn -0.4943 0.6935 0.5241
vn -0.3576 0.7781 0.5163
vn -0.3576 0.7782 0.5163
vn -0.2117 0.8426 0.4952
vn -0.0603 0.8852 0.4612
vn 0.0927 0.9049 0.4153
vn 0.2433 0.9012 0.3587
vn 0.3876 0.8741 0.2927
vn 0.5218 0.8244 0.2192
vn 0.6426 0.7534 0.1400
vn 0.6426 0.7534 0.1399
vn 0.7466 0.6628 0.0571
vn 0.8314 0.5551 -0.0272
vn 0.8946 0.4329 -0.1108
vn 0.8946 0.4329 -0.1107
vn 0.9347 0.2996 -0.1914
vn 0.9347 0.2995 -0.1914
vn 0.9505 0.1585 -0.2672
vn 0.9417 0.0133 -0.3361
vn 0.9086 -0.1322 -0.3963
vn -0.3527 -0.8828 -0.3104
vn -0.3524 -0.8831 -0.3099
vn 0.3512 0.8837 0.3094
vn 0.3524 0.8830 0.3100
vn 0.3523 0.8830 0.3100
vn -0.5399 -0.8156 -0.2082
vn -0.5400 -0.8155 -0.2082
vn -0.8261 -0.5632 0.0211
vn -0.8260 -0.5633 0.0211
vn -0.9485 -0.1994 0.2463
vn -0.8830 0.2039 0.4227
vn -0.8830 0.2040 0.4226
vn -0.6428 0.5669 0.5153
vn -0.2751 0.8176 0.5058
vn 0.1469 0.9063 0.3963
vn 0.1470 0.9063 0.3962
vn -0.3099 0.4226 -0.8516
vn 0.9424 0.0179 -0.3341
vn 0.9481 0.2036 -0.2441
vn 0.9135 0.3805 -0.1437
vn 0.8400 0.5413 -0.0371
vn 0.7307 0.6790 0.0710
vn 0.5902 0.7878 0.1761
vn 0.4247 0.8630 0.2737
vn 0.2410 0.9014 0.3596
vn 0.0470 0.9015 0.4302
vn -0.1489 0.8631 0.4825
vn -0.3386 0.7880 0.5143
vn -0.3385 0.7880 0.5142
vn -0.5137 0.6793 0.5241
vn -0.6670 0.5416 0.5116
vn -0.6671 0.5416 0.5116
vn -0.7919 0.3809 0.4773
vn -0.9366 0.0183 0.3500
vn -0.9502 -0.1681 0.2624
vn -0.9233 -0.3474 0.1637
vn -0.8571 -0.5118 0.0580
vn -0.7544 -0.6545 -0.0502
vn -0.6196 -0.7692 -0.1562
vn -0.4583 -0.8512 -0.2556
vn -0.4583 -0.8513 -0.2556
vn -0.2775 -0.8970 -0.3441
vn -0.0849 -0.9045 -0.4179
vn 0.1113 -0.8735 -0.4740
vn 0.3028 -0.8052 -0.5098
vn 0.4814 -0.7027 -0.5239
vn 0.6394 -0.5702 -0.5157
vn 0.7703 -0.4135 -0.4855
vn -0.8490 0.2801 0.4481
vn -0.9104 0.1262 0.3941
vn -0.9441 -0.0316 0.3281
vn -0.9492 -0.1883 0.2520
vn -0.9492 -0.1884 0.2521
vn -0.9254 -0.3395 0.1684
vn -0.9255 -0.3394 0.1683
vn -0.8736 -0.4802 0.0796
vn -0.6925 -0.7142 -0.1023
vn -0.5688 -0.8002 -0.1900
vn -0.4279 -0.8619 -0.2719
vn 0.2179 -0.8404 -0.4963
vn 0.3753 -0.7686 -0.5181
vn 0.5213 -0.6736 -0.5240
vn 0.5213 -0.6735 -0.5240
vn 0.6514 -0.5580 -0.5141
vn 0.6515 -0.5581 -0.5139
vn 0.8490 -0.2801 -0.4481
vn 0.9104 -0.1262 -0.3941
vn 0.7951 0.6063 0.0116
vn 0.6925 0.7141 0.1024
vn 0.4279 0.8619 0.2720
vn 0.1117 0.9058 0.4087
vn 0.1118 0.9057 0.4089
vn -0.0539 0.8865 0.4596
vn -0.2179 0.8403 0.4964
vn -0.6514 0.5581 0.5140
vn -0.6514 0.5580 0.5141
vn -0.7618 0.4255 0.4885
vn -0.3999 -0.0249 -0.9162
vn 0.0152 0.1274 -0.9917
vn -0.0432 0.0756 -0.9962
vn -0.1087 0.0329 -0.9935
vn -0.1793 0.0007 -0.9838
vn -0.1793 0.0008 -0.9838
vn -0.2528 -0.0200 -0.9673
vn -0.2529 -0.0200 -0.9673
vn -0.2529 -0.0199 -0.9673
vn -0.3272 -0.0286 -0.9445
vn -0.3271 -0.0286 -0.9445
vn -0.4000 -0.0249 -0.9162
vn -0.4690 -0.0089 -0.8832
vn -0.4690 -0.0089 -0.8831
vn -0.5322 0.0188 -0.8464
vn -0.5322 0.0187 -0.8464
vn -0.5877 0.0574 -0.8071
vn -0.6337 0.1057 -0.7663
vn -0.6337 0.1058 -0.7663
vn -0.6689 0.1623 -0.7254
vn -0.6922 0.2255 -0.6856
vn -0.6921 0.2255 -0.6856
vn -0.6921 0.2254 -0.6856
vn -0.7028 0.2932 -0.6481
vn -0.7028 0.2934 -0.6481
vn -0.7006 0.3636 -0.6140
vn -0.7006 0.3634 -0.6141
vn -0.6854 0.4343 -0.5844
vn -0.6579 0.5034 -0.5602
vn -0.6189 0.5684 -0.5421
vn -0.6188 0.5686 -0.5420
vn -0.6187 0.5686 -0.5421
vn -0.5692 0.6280 -0.5306
vn -0.5693 0.6280 -0.5306
vn -0.5109 0.6798 -0.5261
vn -0.5109 0.6799 -0.5261
vn -0.4454 0.7225 -0.5288
vn -0.3748 0.7547 -0.5385
vn -0.3012 0.7754 -0.5550
vn -0.2269 0.7840 -0.5778
vn -0.2270 0.7840 -0.5778
vn -0.0851 0.7644 -0.6392
vn -0.1541 0.7803 -0.6061
vn -0.1542 0.7803 -0.6061
vn -0.0219 0.7367 -0.6759
vn -0.0218 0.7367 -0.6759
vn -0.0851 0.7644 -0.6391
vn 0.0336 0.6981 -0.7153
vn 0.0336 0.6980 -0.7153
vn 0.0796 0.6497 -0.7560
vn 0.0336 0.6981 -0.7152
vn 0.1148 0.5931 -0.7969
vn 0.1381 0.5300 -0.8367
vn 0.1488 0.4622 -0.8742
vn 0.1381 0.5301 -0.8366
vn 0.1465 0.3919 -0.9083
vn 0.0647 0.1868 -0.9803
vn 0.0647 0.1867 -0.9803
vn 0.1038 0.2520 -0.9621
vn 0.1038 0.2521 -0.9621
vn 0.1313 0.3211 -0.9379
vn 0.1314 0.3211 -0.9379
vn 0.1465 0.3918 -0.9083
vn -0.9125 0.1226 0.3902
vn -0.9472 -0.0436 0.3178
vn -0.9435 -0.0325 0.3299
vn -0.9435 -0.0326 0.3299
vn -0.9495 -0.2084 0.2347
vn -0.9479 -0.1901 0.2556
vn -0.9479 -0.1900 0.2557
vn -0.9194 -0.3660 0.1437
vn -0.9236 -0.3419 0.1734
vn -0.8581 -0.5113 0.0478
vn -0.8712 -0.4833 0.0859
vn -0.7675 -0.6391 -0.0497
vn -0.7924 -0.6099 -0.0043
vn -0.7925 -0.6099 -0.0043
vn -0.6509 -0.7451 -0.1456
vn -0.6896 -0.7180 -0.0944
vn -0.6896 -0.7181 -0.0944
vn -0.5120 -0.8257 -0.2366
vn -0.5657 -0.8043 -0.1816
vn -0.5658 -0.8043 -0.1816
vn -0.3558 -0.8782 -0.3197
vn -0.4248 -0.8662 -0.2633
vn -0.1875 -0.9007 -0.3919
vn -0.2708 -0.9017 -0.3370
vn -0.0129 -0.8925 -0.4509
vn -0.1087 -0.9099 -0.4004
vn 0.1622 -0.8538 -0.4947
vn 0.0568 -0.8904 -0.4516
vn 0.3317 -0.7861 -0.5216
vn 0.2205 -0.8439 -0.4891
vn 0.4899 -0.6916 -0.5308
vn 0.3776 -0.7717 -0.5118
vn 0.6315 -0.5735 -0.5219
vn 0.5231 -0.6760 -0.5189
vn 0.5231 -0.6761 -0.5189
vn 0.7515 -0.4359 -0.4952
vn 0.6528 -0.5598 -0.5104
vn 0.6527 -0.5598 -0.5104
vn 0.8460 -0.2835 -0.4515
vn 0.7627 -0.4263 -0.4865
vn 0.7625 -0.4265 -0.4865
vn 0.9111 -0.1206 -0.3943
vn 0.9444 0.0474 -0.3255
vn 0.9449 0.0306 -0.3261
vn 0.9449 0.0307 -0.3260
vn 0.9455 0.2137 -0.2455
vn 0.9505 0.1866 -0.2484
vn 0.9505 0.1865 -0.2485
vn 0.9145 0.3727 -0.1572
vn 0.9273 0.3369 -0.1633
vn 0.8524 0.5191 -0.0634
vn 0.8758 0.4771 -0.0734
vn 0.8758 0.4770 -0.0734
vn 0.7612 0.6477 0.0324
vn 0.7977 0.6028 0.0187
vn 0.6441 0.7543 0.1271
vn 0.6954 0.7101 0.1102
vn 0.6953 0.7102 0.1103
vn 0.5050 0.8353 0.2174
vn 0.5719 0.7960 0.1984
vn 0.3487 0.8878 0.3002
vn 0.4311 0.8576 0.2806
vn 0.4310 0.8576 0.2806
vn 0.1805 0.9102 0.3727
vn 0.2771 0.8931 0.3543
vn 0.2772 0.8931 0.3543
vn 0.0062 0.9016 0.4324
vn 0.1148 0.9015 0.4172
vn -0.1685 0.8624 0.4774
vn -0.0510 0.8825 0.4675
vn -0.3374 0.7938 0.5060
vn -0.2152 0.8368 0.5035
vn -0.2153 0.8367 0.5035
vn -0.4948 0.6982 0.5173
vn -0.3730 0.7655 0.5243
vn -0.6354 0.5789 0.5111
vn -0.5195 0.6710 0.5290
vn -0.7543 0.4397 0.4875
vn -0.6501 0.5562 0.5176
vn -0.6501 0.5563 0.5176
vn -0.8490 0.2801 0.4480
vn -0.8475 0.2856 0.4474
vn -0.7612 0.4245 0.4903
vn -0.7611 0.4246 0.4904
vn -0.9125 0.1191 0.3912
vn -0.9465 -0.0531 0.3182
vn -0.9463 -0.2234 0.2336
vn -0.9119 -0.3856 0.1406
vn -0.8445 -0.5338 0.0425
vn -0.6218 -0.7678 -0.1547
vn -0.6217 -0.7678 -0.1547
vn -0.4744 -0.8451 -0.2467
vn -0.4744 -0.8450 -0.2467
vn -0.3099 -0.8918 -0.3297
vn -0.1342 -0.9063 -0.4009
vn -0.1342 -0.9062 -0.4009
vn 0.0464 -0.8880 -0.4575
vn 0.3960 -0.7570 -0.5198
vn 0.5524 -0.6490 -0.5231
vn 0.6889 -0.5175 -0.5076
vn 0.8004 -0.3674 -0.4737
vn 0.8830 -0.2040 -0.4226
vn 0.9338 -0.0331 -0.3563
vn 0.9507 0.1388 -0.2771
vn 0.9507 0.1389 -0.2771
vn 0.9333 0.3058 -0.1879
vn 0.9334 0.3058 -0.1880
vn 0.8822 0.4618 -0.0920
vn 0.7992 0.6010 0.0074
vn 0.6873 0.7185 0.1064
vn 0.5506 0.8101 0.2016
vn 0.3939 0.8724 0.2895
vn 0.2231 0.9031 0.3670
vn 0.2230 0.9031 0.3670
vn 0.0441 0.9012 0.4312
vn -0.3120 0.8009 0.5110
vn -0.4764 0.7062 0.5238
vn -0.4763 0.7062 0.5238
vn -0.6234 0.5859 0.5177
vn -0.6235 0.5859 0.5177
vn -0.7480 0.4445 0.4928
vn -0.3100 0.4228 -0.8516
vn -0.3101 0.4226 -0.8517
vn -0.8443 0.2895 0.4510
vn -0.9133 0.1164 0.3902
vn -0.9473 -0.0612 0.3144
vn -0.9449 -0.2364 0.2266
vn -0.9061 -0.4025 0.1300
vn -0.8325 -0.5532 0.0285
vn -0.7270 -0.6826 -0.0741
vn -0.7270 -0.6827 -0.0741
vn -0.5935 -0.7858 -0.1739
vn -0.4372 -0.8588 -0.2671
vn -0.2641 -0.8988 -0.3499
vn -0.0808 -0.9042 -0.4193
vn 0.1056 -0.8749 -0.4726
vn 0.2879 -0.8120 -0.5077
vn 0.4591 -0.7179 -0.5233
vn 0.6127 -0.5961 -0.5188
vn 0.7428 -0.4515 -0.4944
vn 0.8443 -0.2895 -0.4509
vn 0.8443 -0.2895 -0.4510
vn 0.9133 -0.1164 -0.3902
vn 0.9473 0.0612 -0.3144
vn 0.9449 0.2364 -0.2266
vn 0.9061 0.4026 -0.1300
vn 0.8325 0.5532 -0.0285
vn 0.8326 0.5532 -0.0285
vn 0.7270 0.6826 0.0742
vn 0.7270 0.6826 0.0741
vn 0.5935 0.7858 0.1739
vn 0.5935 0.7858 0.1740
vn 0.4372 0.8588 0.2671
vn 0.4372 0.8588 0.2670
vn 0.2640 0.8988 0.3499
vn 0.0808 0.9042 0.4193
vn -0.1056 0.8749 0.4726
vn -0.2879 0.8120 0.5077
vn -0.4591 0.7179 0.5233
vn -0.6127 0.5962 0.5188
vn -0.6127 0.5961 0.5188
vn -0.7428 0.4515 0.4944
vn -0.8468 0.2845 0.4494
vn -0.9458 -0.0455 0.3216
vn -0.9475 -0.2110 0.2401
vn -0.7644 -0.6435 -0.0410
vn -0.6475 -0.7498 -0.1363
vn -0.5085 -0.8306 -0.2270
vn -0.5086 -0.8305 -0.2271
vn -0.3523 -0.8830 -0.3100
vn -0.3523 -0.8831 -0.3099
vn -0.1841 -0.9055 -0.3824
vn 0.4924 -0.6949 -0.5240
vn 0.6335 -0.5762 -0.5164
vn 0.9118 -0.1216 -0.3923
vn 0.9457 0.0455 -0.3217
vn 0.9475 0.2111 -0.2402
vn 0.1841 0.9055 0.3823
vn 0.1841 0.9055 0.3824
vn -0.1654 0.8582 0.4860
vn -0.4924 0.6949 0.5240
vn -0.6335 0.5762 0.5164
vn -0.6335 0.5762 0.5165
vn 0.9160 -0.1073 -0.3866
vn 0.8398 -0.2982 -0.4537
vn 0.7243 -0.4752 -0.4995
vn 0.5750 -0.6300 -0.5220
vn 0.5750 -0.6300 -0.5219
vn 0.3988 -0.7554 -0.5200
vn 0.2040 -0.8454 -0.4937
vn -0.0004 -0.8958 -0.4444
vn -0.0005 -0.8958 -0.4444
vn -0.2048 -0.9044 -0.3743
vn -0.3996 -0.8707 -0.2867
vn -0.5757 -0.7963 -0.1856
vn -0.7249 -0.6847 -0.0759
vn -0.8402 -0.5410 0.0374
vn -0.9162 -0.3721 0.1489
vn -0.9162 -0.3720 0.1489
vn -0.9494 -0.1857 0.2534
vn -0.9381 0.0094 0.3461
vn -0.8831 0.2039 0.4226
vn -0.7867 0.3890 0.4794
vn -0.6535 0.5559 0.5137
vn -0.4898 0.6968 0.5240
vn -0.3032 0.8051 0.5098
vn -0.3032 0.8051 0.5099
vn -0.1024 0.8757 0.4718
vn -0.1024 0.8757 0.4719
vn 0.1032 0.9054 0.4118
vn 0.1032 0.9054 0.4117
vn 0.3040 0.8928 0.3324
vn 0.4905 0.8384 0.2375
vn 0.6541 0.7448 0.1315
vn 0.7872 0.6164 0.0194
vn 0.8834 0.4592 -0.0937
vn 0.8834 0.4592 -0.0936
vn 0.9383 0.2805 -0.2023
vn 0.9493 0.0887 -0.3015
vn 0.9186 -0.0977 -0.3829
vn 0.9371 -0.0237 -0.3482
vn 0.9387 -0.0059 -0.3446
vn 0.9504 0.1608 -0.2661
vn 0.9260 0.3371 -0.1698
vn 0.8637 0.4995 -0.0665
vn 0.7661 0.6415 0.0395
vn 0.6371 0.7573 0.1439
vn 0.4820 0.8420 0.2424
vn 0.3071 0.8923 0.3310
vn 0.1197 0.9060 0.4060
vn -0.0726 0.8826 0.4644
vn -0.2619 0.8231 0.5038
vn -0.4405 0.7300 0.5226
vn -0.6011 0.6069 0.5199
vn -0.7371 0.4590 0.4960
vn -0.8429 0.2922 0.4518
vn -0.9142 0.1136 0.3891
vn -0.9480 -0.0697 0.3104
vn -0.9480 -0.0698 0.3104
vn -0.9431 -0.2502 0.2191
vn -0.8995 -0.4205 0.1188
vn -0.8191 -0.5735 0.0136
vn -0.8191 -0.5734 0.0136
vn -0.7052 -0.7030 -0.0922
vn -0.5624 -0.8037 -0.1942
vn -0.3966 -0.8716 -0.2882
vn -0.2145 -0.9038 -0.3704
vn -0.0237 -0.8989 -0.4375
vn 0.1681 -0.8573 -0.4866
vn 0.3531 -0.7806 -0.5158
vn 0.3530 -0.7806 -0.5158
vn 0.5235 -0.6719 -0.5240
vn 0.6726 -0.5357 -0.5106
vn 0.7847 -0.3921 -0.4802
vn 0.7953 -0.3792 -0.4730
vn 0.8350 -0.3073 -0.4564
vn 0.3752 -0.7687 -0.5180
vn 0.7618 -0.4255 -0.4884
vn 0.5688 0.8002 0.1901
vn -0.3524 -0.8830 -0.3100
vn 0.3524 0.8830 0.3099
vn -0.9393 -0.2744 0.2057
vn -0.9394 -0.2744 0.2057
vn -0.9507 -0.1398 0.2766
vn -0.9508 -0.1398 0.2766
vn -0.9400 -0.0019 0.3411
vn -0.9074 0.1360 0.3977
vn -0.9074 0.1359 0.3977
vn -0.8536 0.2707 0.4450
vn -0.7800 0.3992 0.4820
vn -0.6882 0.5183 0.5077
vn -0.5803 0.6254 0.5216
vn -0.3522 -0.8831 -0.3100
vn -0.8543 -0.5170 0.0544
vn -0.7532 -0.6558 -0.0514
vn -0.7861 -0.6168 -0.0395
vn 0.6016 -0.6065 -0.5199
vn -0.5601 -0.8050 -0.1956
vn -0.5775 -0.7915 -0.2000
vn -0.7180 -0.6912 -0.0817
vn -0.6937 -0.7094 -0.1249
vn -0.6507 -0.7495 -0.1219
vn -0.7996 0.3687 0.4740
vn -0.7997 0.3687 0.4739
vn -0.2360 -0.9019 -0.3617
vn -0.3502 -0.8836 -0.3110
vn -0.3502 -0.8835 -0.3110
vn -0.4589 -0.8510 -0.2553
vn 0.9341 -0.0317 -0.3557
vn 0.9340 -0.0317 -0.3557
vn 0.0363 -0.8899 -0.4548
vn 0.0170 -0.8874 -0.4607
vn -0.0913 -0.9117 -0.4006
vn -0.0914 -0.9117 -0.4006
vn -0.9468 -0.2192 0.2359
vn -0.9468 -0.2192 0.2358
vn 0.1119 -0.8733 -0.4741
vn 0.1376 -0.8611 -0.4894
vn 0.1654 -0.8581 -0.4861
vn 0.2467 -0.8293 -0.5014
vn 0.3494 -0.7824 -0.5155
vn -0.3524 -0.8830 -0.3099
vn 0.9393 0.2745 -0.2057
vn 0.9393 0.2744 -0.2057
vn 0.9507 0.1398 -0.2767
vn 0.9400 0.0019 -0.3412
vn 0.9074 -0.1360 -0.3978
vn 0.9074 -0.1360 -0.3977
vn 0.8536 -0.2707 -0.4450
vn 0.7800 -0.3992 -0.4820
vn 0.6882 -0.5184 -0.5077
vn 0.6881 -0.5184 -0.5077
vn 0.5804 -0.6254 -0.5216
vn 0.5803 -0.6254 -0.5216
vn 0.3522 0.8831 0.3100
vn 0.8543 0.5169 -0.0544
vn 0.7533 0.6557 0.0511
vn 0.7759 0.6307 0.0111
vn 0.7952 0.6063 0.0114
vn -0.6015 0.6065 0.5199
vn 0.5597 0.8052 0.1959
vn 0.5679 0.8043 0.1749
vn 0.7182 0.6911 0.0816
vn 0.6803 0.7276 0.0880
vn 0.6575 0.7401 0.1413
vn 0.7996 -0.3687 -0.4740
vn 0.2359 0.9020 0.3617
vn 0.2359 0.9019 0.3617
vn 0.3499 0.8836 0.3111
vn 0.3500 0.8836 0.3111
vn 0.4584 0.8512 0.2555
vn -0.9341 0.0317 0.3557
vn 0.1117 0.9057 0.4088
vn -0.0363 0.8899 0.4548
vn -0.0245 0.8976 0.4401
vn 0.1012 0.8983 0.4275
vn 0.9468 0.2191 -0.2358
vn 0.9467 0.2192 -0.2358
vn -0.1118 0.8733 0.4741
vn -0.1439 0.8698 0.4720
vn -0.1655 0.8581 0.4860
vn -0.2467 0.8294 0.5013
vn -0.2467 0.8293 0.5014
vn -0.3495 0.7824 0.5155
vn -0.3494 0.7824 0.5154
vn 0.2906 -0.7914 0.5378
vn 0.3015 -0.8089 0.5048
vn 0.2199 -0.8195 0.5292
vn -0.2049 -0.4756 0.8555
vn -0.2050 -0.4756 0.8555
vn -0.0895 -0.6970 0.7115
vn -0.0121 -0.7689 0.6393
vn -0.0121 -0.7689 0.6392
vn -0.0593 -0.7387 0.6714
vn -0.0593 -0.7388 0.6713
vn -0.0908 -0.7117 0.6966
vn 0.5693 -0.6692 0.4776
vn 0.5692 -0.6692 0.4776
vn 0.7418 -0.2564 0.6197
vn 0.2565 0.0454 0.9655
vn 0.2349 0.0775 0.9689
vn 0.3166 0.0882 0.9444
vn 0.3165 0.0882 0.9445
vn -0.0323 -0.0628 0.9975
vn 0.6305 -0.0409 0.7751
vn 0.5486 0.0373 0.8353
vn 0.5485 0.0375 0.8353
vn 0.5958 0.0073 0.8031
vn 0.5959 0.0073 0.8030
vn 0.6276 -0.0202 0.7783
vn -0.8830 0.2040 0.4227
vn -0.8830 0.2041 0.4226
vn -0.8831 0.2038 0.4225
vn -0.8830 0.2041 0.4227
vn -0.8830 0.2043 0.4225
vn -0.8831 0.2042 0.4224
vn -0.8831 0.2039 0.4225
vn -0.8830 0.2043 0.4227
vn 0.8831 -0.2041 -0.4226
vn 0.8831 -0.2039 -0.4227
vn 0.8830 -0.2040 -0.4227
vn 0.8830 -0.2041 -0.4226
vn 0.8831 -0.2038 -0.4226
vn 0.8830 -0.2038 -0.4227
vn 0.8831 -0.2039 -0.4225
vn 0.9235 -0.2743 -0.2683
vn -0.8158 0.1275 0.5641
vn -0.8158 0.1274 0.5641
vn 0.4684 0.3255 0.8214
vn 0.4683 0.3256 0.8214
vn -0.0299 -0.9233 0.3830
vn -0.0300 -0.9232 0.3831
vn -0.4060 -0.7837 -0.4701
vn -0.4651 -0.4994 -0.7309
vn -0.4651 -0.4994 -0.7310
vn -0.4534 -0.1392 -0.8804
vn -0.4535 -0.1392 -0.8803
vn -0.3728 0.2420 -0.8958
vn -0.3727 0.2422 -0.8958
vn -0.2352 0.5868 -0.7748
vn -0.0620 0.8420 -0.5359
vn -0.0620 0.8420 -0.5360
vn 0.1208 0.9691 -0.2153
vn 0.1206 0.9690 -0.2157
vn 0.2850 0.9486 0.1378
vn 0.2853 0.9484 0.1383
vn 0.4061 0.7836 0.4702
vn 0.4060 0.7837 0.4702
vn 0.4651 0.4995 0.7309
vn 0.4650 0.4996 0.7308
vn 0.4536 0.1391 0.8803
vn 0.4535 0.1394 0.8803
vn 0.3727 -0.2423 0.8958
vn 0.3727 -0.2423 0.8957
vn 0.2353 -0.5867 0.7749
vn 0.2353 -0.5868 0.7748
vn 0.0620 -0.8421 0.5358
vn 0.0620 -0.8420 0.5359
vn -0.1207 -0.9690 0.2154
vn -0.2850 -0.9486 -0.1378
vn 0.8832 -0.2040 -0.4223
vn 0.8830 -0.2039 -0.4227
vn 0.8831 -0.2041 -0.4225
vn 0.8832 -0.2037 -0.4226
vn 0.8830 -0.2041 -0.4227
vn -0.8831 0.2038 0.4227
vn -0.8831 0.2041 0.4225
vn -0.8830 0.2038 0.4227
vn -0.8830 0.2042 0.4226
vn 0.9235 -0.2743 -0.2682
vn -0.0299 -0.9232 0.3831
vn 0.2851 0.9485 0.1378
vn 0.2850 0.9486 0.1377
vn 0.1207 0.9690 -0.2155
vn -0.0619 0.8421 -0.5358
vn -0.2353 0.5868 -0.7748
vn -0.3727 0.2421 -0.8958
vn -0.4534 -0.1391 -0.8804
vn -0.4652 -0.4994 -0.7309
vn -0.4060 -0.7836 -0.4702
vn -0.2850 -0.9485 -0.1380
vn -0.1207 -0.9691 0.2153
vn 0.0621 -0.8419 0.5360
vn 0.3728 -0.2422 0.8958
vn 0.3728 -0.2423 0.8957
vn 0.4535 0.1392 0.8803
vn 0.4535 0.1393 0.8803
vn 0.4651 0.4994 0.7309
vn 0.4651 0.4995 0.7308
vn 0.4060 0.7837 0.4701
vn 0.4059 0.7838 0.4700
vn 0.3106 -0.4211 0.8522
vn -0.0382 -0.9945 -0.0974
vn -0.0486 -0.9949 -0.0887
vn -0.1668 -0.9851 -0.0412
vn -0.2923 -0.9561 0.0188
vn -0.4075 -0.9093 0.0841
vn -0.4002 -0.9135 0.0731
vn 0.3117 -0.4221 0.8513
vn -0.7378 -0.5640 0.3708
vn -0.7394 -0.5551 0.3809
vn -0.7740 -0.4503 0.4452
vn -0.7934 -0.3271 0.5134
vn -0.7934 -0.3270 0.5134
vn -0.7926 -0.2012 0.5756
vn -0.7969 -0.2105 0.5663
vn 0.3109 -0.4238 0.8508
vn -0.5987 0.2930 0.7455
vn -0.5886 0.3003 0.7505
vn -0.5051 0.3956 0.7671
vn -0.3989 0.4898 0.7752
vn -0.3990 0.4898 0.7752
vn -0.2829 0.5689 0.7722
vn -0.2962 0.5660 0.7694
vn 0.3093 -0.4243 0.8510
vn 0.2400 0.7194 0.6518
vn 0.2530 0.7161 0.6505
vn 0.3711 0.7066 0.6025
vn 0.4966 0.6776 0.5424
vn 0.6118 0.6308 0.4773
vn 0.6012 0.6395 0.4792
vn 0.3081 -0.4231 0.8521
vn 0.3099 -0.4226 0.8516
vn 0.9396 0.2889 0.1835
vn 0.9439 0.2764 0.1809
vn 0.9783 0.1717 0.1161
vn 0.9977 0.0485 0.0479
vn 0.9969 -0.0774 -0.0143
vn 0.9979 -0.0636 -0.0140
vn 0.3089 -0.4215 0.8526
vn 0.0507 -0.7263 -0.6856
vn 0.6397 0.7502 -0.1673
vn 0.7661 -0.1039 -0.6343
vn 0.7451 -0.1297 -0.6542
vn 0.7272 -0.1416 -0.6717
vn 0.7266 -0.1873 -0.6610
vn 0.6669 -0.2865 -0.6879
vn 0.6669 -0.2864 -0.6879
vn 0.5715 -0.4066 -0.7128
vn 0.5715 -0.4067 -0.7128
vn 0.4592 -0.5135 -0.7249
vn 0.3329 -0.6042 -0.7240
vn 0.1959 -0.6764 -0.7100
vn 0.1225 -0.7052 -0.6984
vn 0.0507 -0.7262 -0.6856
vn -0.0200 -0.7453 -0.6664
vn -0.0957 -0.7585 -0.6446
vn -0.2428 -0.7663 -0.5949
vn -0.2428 -0.7663 -0.5948
vn -0.3857 -0.7514 -0.5354
vn -0.3857 -0.7513 -0.5354
vn -0.5207 -0.7141 -0.4678
vn -0.6443 -0.6556 -0.3938
vn -0.7532 -0.5773 -0.3153
vn -0.7348 -0.5636 -0.3773
vn -0.7793 -0.5531 -0.2946
vn -0.8121 -0.5194 -0.2660
vn -0.8338 -0.4883 -0.2574
vn -0.8472 -0.4640 -0.2587
vn -0.8636 -0.4558 -0.2155
vn -0.9165 -0.3697 -0.1529
vn -0.9665 -0.2460 -0.0732
vn -0.9665 -0.2460 -0.0733
vn -0.9936 -0.1129 0.0026
vn -0.9970 0.0258 0.0727
vn -0.9767 0.1667 0.1352
vn -0.9462 0.2718 0.1756
vn -0.9586 0.2493 0.1377
vn -0.9131 0.3205 0.2518
vn -0.9334 0.3073 0.1855
vn -0.9039 0.3726 0.2100
vn -0.8675 0.4404 0.2313
vn -0.7814 0.5661 0.2624
vn -0.6772 0.6800 0.2809
vn -0.6772 0.6800 0.2810
vn -0.5576 0.7791 0.2866
vn -0.5575 0.7791 0.2866
vn -0.4255 0.8608 0.2791
vn -0.2845 0.9231 0.2587
vn -0.3310 0.9196 0.2117
vn -0.2464 0.9362 0.2506
vn -0.1948 0.9513 0.2391
vn -0.1636 0.9621 0.2183
vn -0.1466 0.9693 0.1976
vn -0.1035 0.9709 0.2158
vn 0.0096 0.9833 0.1815
vn 0.1551 0.9797 0.1267
vn 0.1551 0.9797 0.1268
vn 0.2945 0.9536 0.0630
vn 0.4242 0.9056 -0.0080
vn 0.4242 0.9055 -0.0080
vn 0.5408 0.8369 -0.0845
vn 0.5943 0.7943 -0.1261
vn 0.6398 0.7502 -0.1673
vn 0.6833 0.7008 -0.2048
vn 0.7233 0.6453 -0.2460
vn 0.7232 0.6453 -0.2460
vn 0.7843 0.5273 -0.3268
vn 0.8230 0.3985 -0.4048
vn 0.8383 0.2622 -0.4780
vn 0.8298 0.1219 -0.5445
vn 0.7978 -0.0187 -0.6026
vn 0.7766 0.0382 -0.6288
vn 0.7852 -0.0551 -0.6168
vn 0.8005 -0.5681 -0.1911
vn 0.7931 -0.5791 -0.1888
vn 0.7094 -0.6741 -0.2058
vn 0.7093 -0.6742 -0.2058
vn 0.6032 -0.7683 -0.2139
vn 0.4872 -0.8474 -0.2109
vn 0.4972 -0.8400 -0.2171
vn 0.5886 -0.6181 -0.5210
vn 0.5886 -0.6182 -0.5210
vn 0.9409 0.2649 -0.2110
vn -0.3117 0.4230 -0.8508
vn -0.3104 0.4228 -0.8514
vn -0.3116 0.4230 -0.8509
vn 0.8953 -0.1718 -0.4111
vn 0.8861 -0.2081 -0.4142
vn 0.8697 -0.2358 -0.4336
vn 0.9410 0.2644 -0.2110
vn 0.3525 0.8830 0.3099
vn -0.3110 0.4217 -0.8517
vn -0.3115 0.4213 -0.8518
vn -0.5886 0.6182 0.5210
vn -0.5886 0.6181 0.5210
vn -0.3097 0.4210 -0.8526
vn -0.3097 0.4209 -0.8526
vn -0.9409 -0.2649 0.2110
vn -0.1704 0.8566 0.4871
vn -0.1334 0.8625 0.4881
vn -0.1022 0.8758 0.4718
vn -0.5890 0.6179 0.5210
vn -0.9409 -0.2648 0.2110
vn -0.3082 0.4222 -0.8525
vn -0.3086 0.4223 -0.8523
vn -0.3087 0.4238 -0.8515
vn -0.3085 0.4238 -0.8516
vn -0.7248 -0.6848 -0.0760
vn -0.7435 -0.6669 -0.0487
vn -0.7675 -0.6399 -0.0382
vn 0.5885 -0.6183 -0.5210
vn -0.3103 0.4246 -0.8506
vn -0.3102 0.4241 -0.8508
vn 0.1364 -0.8667 -0.4797
vn 0.8490 -0.2802 -0.4480
vn -0.4280 -0.8619 -0.2720
vn -0.5689 -0.8002 -0.1901
vn -0.6925 -0.7141 -0.1024
vn -0.9441 -0.0316 0.3280
vn -0.5213 0.6735 0.5241
vn -0.3753 0.7686 0.5181
vn -0.3753 0.7687 0.5180
vn -0.2179 0.8404 0.4963
vn 0.2740 0.8975 0.3457
vn 0.4279 0.8619 0.2719
vn 0.5689 0.8002 0.1901
vn -0.9125 0.1152 0.3926
vn -0.9466 -0.0444 0.3194
vn -0.9457 -0.0634 0.3189
vn -0.9490 -0.2090 0.2360
vn -0.9426 -0.2395 0.2328
vn -0.9191 -0.3666 0.1446
vn -0.9191 -0.3665 0.1447
vn -0.9033 -0.4064 0.1378
vn -0.8578 -0.5117 0.0485
vn -0.8578 -0.5116 0.0485
vn -0.8292 -0.5576 0.0374
vn -0.7674 -0.6393 -0.0492
vn -0.7234 -0.6875 -0.0643
vn -0.6507 -0.7453 -0.1453
vn -0.5896 -0.7909 -0.1635
vn -0.5119 -0.8259 -0.2364
vn -0.4332 -0.8641 -0.2564
vn -0.3557 -0.8783 -0.3194
vn -0.3557 -0.8783 -0.3195
vn -0.2601 -0.9040 -0.3392
vn -0.1874 -0.9008 -0.3917
vn -0.0770 -0.9093 -0.4089
vn -0.0128 -0.8926 -0.4506
vn 0.1091 -0.8797 -0.4628
vn 0.1624 -0.8541 -0.4942
vn 0.1623 -0.8541 -0.4942
vn 0.2911 -0.8164 -0.4988
vn 0.3320 -0.7864 -0.5209
vn 0.3319 -0.7864 -0.5209
vn 0.4619 -0.7217 -0.5156
vn 0.4903 -0.6920 -0.5298
vn 0.4904 -0.6920 -0.5298
vn 0.6150 -0.5992 -0.5126
vn 0.6319 -0.5741 -0.5206
vn 0.7444 -0.4537 -0.4899
vn 0.7521 -0.4367 -0.4935
vn 0.7522 -0.4366 -0.4935
vn 0.8451 -0.2907 -0.4486
vn 0.9142 -0.1176 -0.3878
vn 0.9450 0.0466 -0.3239
vn 0.9489 0.0590 -0.3100
vn 0.9460 0.2131 -0.2443
vn 0.9471 0.2333 -0.2204
vn 0.9149 0.3723 -0.1562
vn 0.9089 0.3987 -0.1223
vn 0.8527 0.5187 -0.0628
vn 0.8357 0.5488 -0.0196
vn 0.7614 0.6475 0.0329
vn 0.7614 0.6474 0.0329
vn 0.7305 0.6777 0.0839
vn 0.6442 0.7541 0.1275
vn 0.6443 0.7541 0.1275
vn 0.5972 0.7806 0.1843
vn 0.5052 0.8351 0.2177
vn 0.5051 0.8351 0.2177
vn 0.4410 0.8534 0.2777
vn 0.3488 0.8877 0.3005
vn 0.2679 0.8934 0.3606
vn 0.1806 0.9101 0.3730
vn 0.0846 0.8990 0.4297
vn 0.0063 0.9015 0.4328
vn -0.1020 0.8700 0.4824
vn -0.1683 0.8622 0.4778
vn -0.2846 0.8075 0.5166
vn -0.3371 0.7935 0.5067
vn -0.3372 0.7935 0.5067
vn -0.4563 0.7140 0.5310
vn -0.4945 0.6978 0.5183
vn -0.6104 0.5930 0.5251
vn -0.6350 0.5782 0.5123
vn -0.7411 0.4493 0.4988
vn -0.7537 0.4389 0.4891
vn -0.8434 0.2884 0.4533
vn -0.3148 0.0121 0.9491
vn -0.2302 0.1101 0.9669
vn -0.2301 0.1101 0.9669
vn -0.1302 0.1942 0.9723
vn -0.0183 0.2616 0.9650
vn -0.0184 0.2616 0.9650
vn 0.1016 0.3100 0.9453
vn 0.1015 0.3099 0.9453
vn 0.2255 0.3375 0.9139
vn 0.3491 0.3434 0.8719
vn 0.3491 0.3435 0.8719
vn 0.4684 0.3276 0.8206
vn 0.4684 0.3275 0.8206
vn 0.5791 0.2903 0.7618
vn 0.5791 0.2904 0.7618
vn 0.6776 0.2331 0.6975
vn 0.6776 0.2331 0.6976
vn 0.7604 0.1578 0.6300
vn 0.8248 0.0669 0.5615
vn 0.8685 -0.0364 0.4943
vn 0.8685 -0.0364 0.4944
vn 0.8901 -0.1487 0.4308
vn 0.8889 -0.2660 0.3730
vn 0.8889 -0.2662 0.3729
vn 0.8648 -0.3844 0.3230
vn 0.8649 -0.3844 0.3230
vn 0.8188 -0.4998 0.2824
vn 0.8188 -0.4998 0.2825
vn 0.7522 -0.6086 0.2527
vn 0.7522 -0.6085 0.2528
vn 0.7523 -0.6084 0.2527
vn 0.6676 -0.7065 0.2349
vn 0.5677 -0.7906 0.2296
vn 0.5676 -0.7906 0.2295
vn 0.4557 -0.8581 0.2368
vn 0.4558 -0.8580 0.2369
vn 0.3359 -0.9063 0.2565
vn 0.2119 -0.9339 0.2879
vn 0.2120 -0.9339 0.2879
vn 0.0883 -0.9399 0.3300
vn -0.0309 -0.9240 0.3813
vn -0.0309 -0.9240 0.3812
vn -0.1417 -0.8867 0.4400
vn -0.1417 -0.8868 0.4400
vn -0.2401 -0.8295 0.5043
vn -0.3230 -0.7541 0.5718
vn -0.3229 -0.7541 0.5719
vn -0.3873 -0.6633 0.6404
vn -0.3874 -0.6633 0.6404
vn -0.3874 -0.6633 0.6403
vn -0.4311 -0.5600 0.7075
vn -0.4311 -0.5598 0.7077
vn -0.4527 -0.4478 0.7711
vn -0.4527 -0.4477 0.7711
vn -0.4515 -0.3305 0.8288
vn -0.4514 -0.3302 0.8290
vn -0.4274 -0.2120 0.8789
vn -0.4274 -0.2120 0.8788
vn -0.3814 -0.0966 0.9194
vn -0.3813 -0.0966 0.9194
vn -0.3149 0.0118 0.9490
s 0
usemtl Material_001
f 1//1 2//1 3//1
f 3//1 2//1 4//1
f 3//1 4//1 5//1
f 5//2 4//2 6//2
f 5//1 6//1 7//1
f 7//1 6//1 8//1
f 7//1 8//1 9//1
f 9//1 8//1 10//1
f 9//1 10//1 11//1
f 11//1 10//1 12//1
f 13//3 14//3 15//3
f 13//4 15//4 16//4
f 16//4 15//4 17//4
f 16//4 17//4 18//4
f 17//5 19//5 18//5
f 18//2 19//2 20//2
f 18//2 20//2 21//2
f 21//1 20//1 22//1
f 21//1 22//1 23//1
f 23//1 22//1 24//1
f 23//2 24//2 25//2
f 26//6 27//6 28//6
f 29//7 30//7 31//7
f 32//8 29//8 33//8
f 34//9 35//9 36//9
f 36//10 35//10 37//10
f 36//11 37//11 32//11
f 38//12 39//12 34//12
f 34//12 39//12 40//12
f 34//9 40//9 35//9
f 34//12 41//12 38//12
f 38//13 41//13 42//13
f 38//13 42//13 43//13
f 43//14 42//14 44//14
f 44//15 42//15 28//15
f 28//15 42//15 45//15
f 28//16 45//16 26//16
f 27//17 26//17 46//17
f 46//18 26//18 47//18
f 46//19 47//19 48//19
f 48//20 47//20 49//20
f 48//21 49//21 50//21
f 50//22 49//22 51//22
f 51//23 49//23 52//23
f 51//24 52//24 53//24
f 53//25 52//25 54//25
f 53//26 54//26 55//26
f 55//27 54//27 56//27
f 56//27 54//27 57//27
f 56//28 57//28 58//28
f 58//29 57//29 59//29
f 58//30 59//30 60//30
f 60//31 59//31 61//31
f 61//31 59//31 62//31
f 61//32 62//32 63//32
f 63//33 62//33 64//33
f 63//33 64//33 65//33
f 29//7 31//7 33//7
f 33//34 31//34 66//34
f 33//35 66//35 67//35
f 67//36 66//36 68//36
f 67//36 68//36 69//36
f 69//37 68//37 70//37
f 69//38 70//38 71//38
f 71//39 70//39 72//39
f 71//39 72//39 73//39
f 73//40 72//40 74//40
f 73//40 74//40 75//40
f 75//41 74//41 76//41
f 75//42 76//42 77//42
f 77//43 76//43 78//43
f 77//43 78//43 79//43
f 79//44 78//44 80//44
f 79//45 80//45 81//45
f 81//46 80//46 82//46
f 81//46 82//46 83//46
f 83//47 82//47 84//47
f 83//47 84//47 85//47
f 85//48 84//48 86//48
f 85//48 86//48 87//48
f 87//49 86//49 88//49
f 87//50 88//50 89//50
f 89//51 88//51 90//51
f 89//52 90//52 91//52
f 91//53 90//53 92//53
f 91//53 92//53 93//53
f 93//54 92//54 94//54
f 93//55 94//55 95//55
f 95//56 94//56 96//56
f 95//57 96//57 97//57
f 32//58 33//58 36//58
f 36//59 33//59 67//59
f 36//60 67//60 34//60
f 34//61 67//61 69//61
f 34//61 69//61 41//61
f 41//62 69//62 71//62
f 41//63 71//63 42//63
f 42//64 71//64 73//64
f 42//65 73//65 45//65
f 45//66 73//66 75//66
f 45//66 75//66 26//66
f 26//67 75//67 77//67
f 26//68 77//68 47//68
f 47//69 77//69 79//69
f 47//70 79//70 49//70
f 49//71 79//71 81//71
f 49//71 81//71 52//71
f 52//72 81//72 83//72
f 52//72 83//72 54//72
f 54//73 83//73 85//73
f 54//74 85//74 57//74
f 57//75 85//75 87//75
f 57//76 87//76 59//76
f 59//77 87//77 89//77
f 59//78 89//78 62//78
f 62//79 89//79 91//79
f 62//79 91//79 64//79
f 64//80 91//80 93//80
f 64//81 93//81 98//81
f 98//82 93//82 95//82
f 98//83 95//83 99//83
f 99//84 95//84 97//84
f 99//84 97//84 100//84
f 65//85 64//85 101//85
f 101//86 64//86 98//86
f 101//87 98//87 102//87
f 102//88 98//88 99//88
f 102//89 99//89 103//89
f 103//90 99//90 100//90
f 103//90 100//90 104//90
f 65//91 101//91 105//91
f 105//92 101//92 102//92
f 105//93 102//93 106//93
f 106//94 102//94 103//94
f 106//95 103//95 104//95
f 65//96 105//96 63//96
f 63//97 105//97 107//97
f 63//98 107//98 61//98
f 108//99 56//99 58//99
f 108//100 58//100 107//100
f 107//101 58//101 60//101
f 107//102 60//102 61//102
f 109//103 51//103 53//103
f 109//104 53//104 108//104
f 108//105 53//105 55//105
f 108//106 55//106 56//106
f 110//107 46//107 48//107
f 110//108 48//108 109//108
f 109//109 48//109 50//109
f 109//110 50//110 51//110
f 111//111 44//111 28//111
f 111//112 28//112 110//112
f 110//113 28//113 27//113
f 110//107 27//107 46//107
f 40//114 39//114 112//114
f 112//114 39//114 38//114
f 112//115 38//115 111//115
f 111//116 38//116 43//116
f 111//111 43//111 44//111
f 40//117 112//117 35//117
f 35//118 112//118 113//118
f 35//119 113//119 37//119
f 114//120 115//120 116//120
f 117//121 118//121 119//121
f 120//122 117//122 121//122
f 122//123 123//123 124//123
f 124//124 123//124 125//124
f 124//125 125//125 120//125
f 126//126 127//126 128//126
f 128//127 127//127 129//127
f 128//127 129//127 122//127
f 122//128 129//128 130//128
f 122//123 130//123 123//123
f 131//129 132//129 133//129
f 133//130 132//130 134//130
f 133//131 134//131 126//131
f 126//132 134//132 135//132
f 126//133 135//133 127//133
f 136//134 137//134 138//134
f 138//135 137//135 139//135
f 138//136 139//136 131//136
f 131//137 139//137 140//137
f 131//129 140//129 132//129
f 141//138 142//138 136//138
f 136//138 142//138 143//138
f 136//139 143//139 137//139
f 136//140 144//140 141//140
f 141//141 144//141 145//141
f 141//141 145//141 146//141
f 146//142 145//142 147//142
f 147//143 145//143 116//143
f 116//143 145//143 148//143
f 116//120 148//120 114//120
f 115//144 114//144 149//144
f 149//144 114//144 150//144
f 149//144 150//144 151//144
f 151//145 150//145 152//145
f 151//145 152//145 153//145
f 117//146 119//146 121//146
f 121//147 119//147 154//147
f 121//147 154//147 155//147
f 155//148 154//148 156//148
f 155//149 156//149 157//149
f 157//150 156//150 158//150
f 157//151 158//151 159//151
f 159//152 158//152 160//152
f 159//153 160//153 161//153
f 161//154 160//154 162//154
f 161//155 162//155 163//155
f 163//156 162//156 164//156
f 163//156 164//156 165//156
f 165//157 164//157 166//157
f 165//158 166//158 167//158
f 167//159 166//159 168//159
f 167//159 168//159 169//159
f 169//160 168//160 170//160
f 169//161 170//161 171//161
f 171//162 170//162 172//162
f 171//162 172//162 173//162
f 173//163 172//163 174//163
f 173//164 174//164 175//164
f 175//165 174//165 176//165
f 175//165 176//165 177//165
f 177//166 176//166 178//166
f 177//167 178//167 179//167
f 179//168 178//168 180//168
f 179//168 180//168 181//168
f 181//169 180//169 182//169
f 181//170 182//170 183//170
f 183//171 182//171 184//171
f 183//172 184//172 185//172
f 120//173 121//173 124//173
f 124//174 121//174 155//174
f 124//174 155//174 122//174
f 122//175 155//175 157//175
f 122//176 157//176 128//176
f 128//177 157//177 159//177
f 128//178 159//178 126//178
f 126//179 159//179 161//179
f 126//179 161//179 133//179
f 133//180 161//180 163//180
f 133//181 163//181 131//181
f 131//182 163//182 165//182
f 131//182 165//182 138//182
f 138//183 165//183 167//183
f 138//184 167//184 136//184
f 136//185 167//185 169//185
f 136//185 169//185 144//185
f 144//186 169//186 171//186
f 144//187 171//187 145//187
f 145//188 171//188 173//188
f 145//188 173//188 148//188
f 148//189 173//189 175//189
f 148//190 175//190 114//190
f 114//191 175//191 177//191
f 114//191 177//191 150//191
f 150//192 177//192 179//192
f 150//193 179//193 152//193
f 152//194 179//194 181//194
f 152//194 181//194 186//194
f 186//195 181//195 183//195
f 186//195 183//195 187//195
f 187//196 183//196 185//196
f 187//197 185//197 188//197
f 153//198 152//198 189//198
f 189//199 152//199 186//199
f 189//200 186//200 190//200
f 190//201 186//201 187//201
f 190//202 187//202 191//202
f 191//203 187//203 188//203
f 191//203 188//203 192//203
f 191//204 192//204 193//204
f 191//205 193//205 190//205
f 190//206 193//206 194//206
f 190//207 194//207 189//207
f 195//208 149//208 151//208
f 195//209 151//209 194//209
f 194//210 151//210 153//210
f 194//207 153//207 189//207
f 146//211 147//211 196//211
f 196//212 147//212 116//212
f 196//213 116//213 195//213
f 195//214 116//214 115//214
f 195//215 115//215 149//215
f 146//216 196//216 141//216
f 141//217 196//217 197//217
f 141//218 197//218 142//218
f 198//219 139//219 137//219
f 198//220 137//220 197//220
f 197//221 137//221 143//221
f 197//222 143//222 142//222
f 199//223 134//223 132//223
f 199//224 132//224 198//224
f 198//225 132//225 140//225
f 198//226 140//226 139//226
f 200//227 129//227 127//227
f 200//228 127//228 199//228
f 199//229 127//229 135//229
f 199//223 135//223 134//223
f 201//230 125//230 123//230
f 201//231 123//231 200//231
f 200//232 123//232 130//232
f 200//233 130//233 129//233
f 202//1 203//1 204//1
f 204//1 203//1 205//1
f 204//1 205//1 206//1
f 206//1 205//1 207//1
f 206//2 207//2 208//2
f 208//2 207//2 209//2
f 208//4 209//4 210//4
f 210//2 209//2 211//2
f 210//1 211//1 212//1
f 212//4 211//4 213//4
f 214//234 215//234 216//234
f 216//235 215//235 217//235
f 216//236 217//236 218//236
f 219//237 220//237 221//237
f 221//238 220//238 218//238
f 219//239 221//239 222//239
f 222//239 221//239 223//239
f 222//240 223//240 224//240
f 224//241 223//241 225//241
f 224//241 225//241 226//241
f 226//242 225//242 227//242
f 227//242 225//242 228//242
f 227//243 228//243 229//243
f 229//244 228//244 230//244
f 229//245 230//245 231//245
f 231//246 230//246 232//246
f 232//247 230//247 233//247
f 232//248 233//248 234//248
f 234//249 233//249 235//249
f 234//250 235//250 236//250
f 236//251 235//251 237//251
f 236//252 237//252 238//252
f 238//253 237//253 239//253
f 238//254 239//254 240//254
f 240//255 239//255 241//255
f 240//256 241//256 242//256
f 242//257 241//257 243//257
f 243//258 241//258 244//258
f 243//259 244//259 245//259
f 245//260 244//260 246//260
f 245//260 246//260 247//260
f 247//261 246//261 248//261
f 248//262 246//262 249//262
f 248//262 249//262 250//262
f 250//263 249//263 251//263
f 250//263 251//263 252//263
f 215//264 253//264 217//264
f 217//265 253//265 254//265
f 217//266 254//266 255//266
f 255//267 254//267 256//267
f 255//267 256//267 257//267
f 257//268 256//268 258//268
f 257//268 258//268 259//268
f 259//269 258//269 260//269
f 259//269 260//269 261//269
f 261//270 260//270 262//270
f 261//270 262//270 263//270
f 263//271 262//271 264//271
f 263//271 264//271 265//271
f 265//272 264//272 266//272
f 265//272 266//272 267//272
f 267//273 266//273 268//273
f 267//274 268//274 269//274
f 269//275 268//275 270//275
f 269//275 270//275 271//275
f 271//276 270//276 272//276
f 271//277 272//277 273//277
f 273//278 272//278 274//278
f 273//279 274//279 275//279
f 275//280 274//280 276//280
f 275//280 276//280 277//280
f 277//281 276//281 278//281
f 277//282 278//282 279//282
f 279//283 278//283 280//283
f 279//284 280//284 281//284
f 281//285 280//285 282//285
f 281//286 282//286 283//286
f 283//287 282//287 284//287
f 283//288 284//288 285//288
f 218//236 217//236 221//236
f 221//289 217//289 255//289
f 221//290 255//290 223//290
f 223//291 255//291 257//291
f 223//291 257//291 225//291
f 225//292 257//292 259//292
f 225//292 259//292 228//292
f 228//293 259//293 261//293
f 228//294 261//294 230//294
f 230//295 261//295 263//295
f 230//296 263//296 233//296
f 233//297 263//297 265//297
f 233//298 265//298 235//298
f 235//299 265//299 267//299
f 235//300 267//300 237//300
f 237//301 267//301 269//301
f 237//301 269//301 239//301
f 239//302 269//302 271//302
f 239//303 271//303 241//303
f 241//304 271//304 273//304
f 241//304 273//304 244//304
f 244//305 273//305 275//305
f 244//305 275//305 246//305
f 246//306 275//306 277//306
f 246//307 277//307 249//307
f 249//308 277//308 279//308
f 249//309 279//309 251//309
f 251//310 279//310 281//310
f 251//310 281//310 286//310
f 286//311 281//311 283//311
f 286//311 283//311 287//311
f 287//312 283//312 285//312
f 287//313 285//313 288//313
f 252//314 251//314 289//314
f 289//314 251//314 286//314
f 289//314 286//314 290//314
f 290//315 286//315 287//315
f 290//316 287//316 291//316
f 291//317 287//317 288//317
f 291//317 288//317 292//317
f 252//318 289//318 293//318
f 293//318 289//318 290//318
f 293//319 290//319 294//319
f 294//320 290//320 291//320
f 294//321 291//321 292//321
f 252//322 293//322 250//322
f 250//323 293//323 295//323
f 250//324 295//324 248//324
f 242//325 243//325 296//325
f 296//326 243//326 245//326
f 296//327 245//327 295//327
f 295//328 245//328 247//328
f 295//329 247//329 248//329
f 242//330 296//330 240//330
f 240//331 296//331 297//331
f 240//332 297//332 238//332
f 298//333 232//333 234//333
f 298//334 234//334 297//334
f 297//335 234//335 236//335
f 297//336 236//336 238//336
f 226//337 227//337 299//337
f 299//338 227//338 229//338
f 299//339 229//339 298//339
f 298//340 229//340 231//340
f 298//341 231//341 232//341
f 226//342 299//342 224//342
f 224//343 299//343 300//343
f 224//344 300//344 222//344
f 301//345 220//345 300//345
f 300//346 220//346 219//346
f 300//347 219//347 222//347
f 302//348 303//348 304//348
f 304//349 303//349 305//349
f 302//349 306//349 303//349
f 303//348 306//348 307//348
f 303//348 307//348 308//348
f 308//349 309//349 303//349
f 303//349 309//349 310//349
f 303//349 310//349 311//349
f 312//348 313//348 314//348
f 314//348 313//348 315//348
f 314//349 315//349 316//349
f 311//348 317//348 303//348
f 303//348 317//348 318//348
f 303//349 318//349 319//349
f 305//349 303//349 314//349
f 314//348 303//348 320//348
f 314//349 320//349 312//349
f 319//349 321//349 303//349
f 303//349 321//349 322//349
f 303//348 322//348 323//348
f 324//348 325//348 323//348
f 323//350 325//350 326//350
f 323//349 326//349 303//349
f 324//348 327//348 325//348
f 325//351 327//351 328//351
f 325//351 328//351 329//351
f 330//352 331//352 332//352
f 332//349 331//349 333//349
f 332//353 333//353 334//353
f 335//349 336//349 315//349
f 330//349 332//349 315//349
f 315//349 332//349 337//349
f 315//349 337//349 335//349
f 336//349 338//349 315//349
f 315//349 338//349 339//349
f 315//348 339//348 316//348
f 205//354 203//354 319//354
f 310//355 209//355 311//355
f 311//356 209//356 207//356
f 311//356 207//356 317//356
f 317//357 207//357 205//357
f 317//358 205//358 318//358
f 318//359 205//359 319//359
f 309//360 213//360 310//360
f 310//361 213//361 211//361
f 310//355 211//355 209//355
f 4//362 2//362 316//362
f 335//363 8//363 336//363
f 336//364 8//364 6//364
f 336//365 6//365 338//365
f 338//366 6//366 4//366
f 338//366 4//366 339//366
f 339//367 4//367 316//367
f 337//368 12//368 335//368
f 335//369 12//369 10//369
f 335//363 10//363 8//363
f 23//370 25//370 313//370
f 313//371 25//371 184//371
f 313//372 184//372 182//372
f 325//373 16//373 326//373
f 326//374 16//374 18//374
f 326//374 18//374 303//374
f 303//375 18//375 21//375
f 303//375 21//375 320//375
f 320//376 21//376 23//376
f 320//377 23//377 312//377
f 312//378 23//378 313//378
f 31//379 30//379 14//379
f 66//380 31//380 329//380
f 329//381 31//381 14//381
f 329//382 14//382 325//382
f 325//383 14//383 13//383
f 325//373 13//373 16//373
f 66//384 329//384 68//384
f 68//385 329//385 328//385
f 68//386 328//386 70//386
f 70//387 328//387 72//387
f 72//388 328//388 327//388
f 72//389 327//389 74//389
f 74//390 327//390 76//390
f 76//391 327//391 324//391
f 76//392 324//392 78//392
f 78//393 324//393 80//393
f 80//394 324//394 323//394
f 80//395 323//395 82//395
f 82//396 323//396 84//396
f 84//397 323//397 322//397
f 84//398 322//398 86//398
f 86//399 322//399 88//399
f 88//400 322//400 321//400
f 88//401 321//401 90//401
f 90//402 321//402 92//402
f 92//403 321//403 319//403
f 92//404 319//404 94//404
f 94//405 319//405 203//405
f 94//405 203//405 96//405
f 214//406 213//406 215//406
f 215//407 213//407 309//407
f 215//408 309//408 253//408
f 253//409 309//409 308//409
f 253//410 308//410 254//410
f 254//411 308//411 256//411
f 256//412 308//412 307//412
f 256//413 307//413 258//413
f 258//414 307//414 260//414
f 260//415 307//415 306//415
f 260//416 306//416 262//416
f 262//417 306//417 264//417
f 264//418 306//418 302//418
f 264//419 302//419 266//419
f 266//420 302//420 268//420
f 268//421 302//421 304//421
f 268//422 304//422 270//422
f 270//423 304//423 272//423
f 272//424 304//424 305//424
f 272//425 305//425 274//425
f 274//426 305//426 276//426
f 276//427 305//427 314//427
f 276//428 314//428 278//428
f 278//429 314//429 280//429
f 280//430 314//430 316//430
f 280//431 316//431 282//431
f 282//432 316//432 2//432
f 282//432 2//432 284//432
f 118//433 12//433 119//433
f 119//433 12//433 337//433
f 119//434 337//434 154//434
f 154//435 337//435 332//435
f 334//436 158//436 332//436
f 332//437 158//437 156//437
f 332//438 156//438 154//438
f 333//439 162//439 334//439
f 334//440 162//440 160//440
f 334//441 160//441 158//441
f 331//442 166//442 333//442
f 333//443 166//443 164//443
f 333//444 164//444 162//444
f 330//445 170//445 331//445
f 331//446 170//446 168//446
f 331//447 168//447 166//447
f 315//448 174//448 330//448
f 330//449 174//449 172//449
f 330//450 172//450 170//450
f 182//451 180//451 313//451
f 313//452 180//452 178//452
f 313//453 178//453 315//453
f 315//454 178//454 176//454
f 315//455 176//455 174//455
f 220//456 301//456 218//456
f 218//457 301//457 340//457
f 218//457 340//457 216//457
f 216//457 340//457 212//457
f 216//457 212//457 214//457
f 214//457 212//457 213//457
f 96//458 203//458 97//458
f 97//458 203//458 202//458
f 97//458 202//458 100//458
f 100//458 202//458 341//458
f 100//458 341//458 104//458
f 104//458 341//458 106//458
f 125//459 201//459 120//459
f 120//459 201//459 342//459
f 120//459 342//459 117//459
f 117//459 342//459 11//459
f 117//459 11//459 118//459
f 118//459 11//459 12//459
f 284//460 2//460 285//460
f 285//460 2//460 1//460
f 285//461 1//461 288//461
f 288//462 1//462 343//462
f 288//462 343//462 292//462
f 292//462 343//462 294//462
f 37//463 113//463 32//463
f 32//464 113//464 344//464
f 32//464 344//464 29//464
f 29//464 344//464 15//464
f 29//465 15//465 30//465
f 30//465 15//465 14//465
f 184//466 25//466 185//466
f 185//467 25//467 24//467
f 185//468 24//468 188//468
f 188//468 24//468 345//468
f 188//468 345//468 192//468
f 192//468 345//468 193//468
f 212//469 340//469 210//469
f 210//469 340//469 346//469
f 210//470 346//470 208//470
f 208//471 346//471 347//471
f 208//472 347//472 206//472
f 206//472 347//472 348//472
f 206//473 348//473 204//473
f 204//473 348//473 349//473
f 204//474 349//474 202//474
f 202//474 349//474 341//474
f 11//475 342//475 9//475
f 9//475 342//475 350//475
f 9//476 350//476 7//476
f 7//476 350//476 351//476
f 7//477 351//477 5//477
f 5//477 351//477 352//477
f 5//478 352//478 3//478
f 3//479 352//479 353//479
f 3//480 353//480 1//480
f 1//480 353//480 343//480
f 15//481 344//481 17//481
f 17//482 344//482 354//482
f 17//483 354//483 19//483
f 19//483 354//483 355//483
f 19//484 355//484 20//484
f 20//485 355//485 356//485
f 20//486 356//486 22//486
f 22//486 356//486 357//486
f 22//487 357//487 24//487
f 24//487 357//487 345//487
f 358//1 359//1 301//1
f 360//2 361//2 201//2
f 362//4 363//4 113//4
f 349//2 348//2 359//2
f 345//1 357//1 363//1
f 363//1 357//1 356//1
f 364//5 294//5 343//5
f 345//1 363//1 193//1
f 193//2 363//2 365//2
f 193//1 365//1 366//1
f 106//1 367//1 368//1
f 367//3 106//3 359//3
f 359//1 106//1 341//1
f 359//1 341//1 349//1
f 340//2 301//2 346//2
f 346//2 301//2 359//2
f 346//1 359//1 347//1
f 347//1 359//1 348//1
f 342//1 201//1 350//1
f 350//1 201//1 361//1
f 350//1 361//1 351//1
f 351//4 361//4 369//4
f 351//2 369//2 352//2
f 352//2 369//2 364//2
f 352//1 364//1 353//1
f 353//1 364//1 343//1
f 295//1 370//1 296//1
f 296//1 370//1 371//1
f 296//1 371//1 297//1
f 297//1 371//1 372//1
f 297//4 372//4 298//4
f 298//2 372//2 373//2
f 298//1 373//1 299//1
f 364//1 374//1 294//1
f 294//1 374//1 375//1
f 294//1 375//1 293//1
f 293//1 375//1 376//1
f 293//1 376//1 295//1
f 295//2 376//2 377//2
f 295//1 377//1 370//1
f 344//1 113//1 354//1
f 354//2 113//2 363//2
f 354//2 363//2 355//2
f 355//1 363//1 356//1
f 368//2 378//2 106//2
f 106//1 378//1 379//1
f 106//1 379//1 105//1
f 105//1 379//1 380//1
f 105//1 380//1 107//1
f 366//2 381//2 193//2
f 193//1 381//1 382//1
f 193//2 382//2 194//2
f 194//2 382//2 383//2
f 194//2 383//2 195//2
f 383//1 384//1 195//1
f 195//1 384//1 385//1
f 195//1 385//1 196//1
f 196//2 385//2 386//2
f 196//1 386//1 197//1
f 197//4 386//4 387//4
f 197//1 387//1 198//1
f 198//2 387//2 388//2
f 198//2 388//2 199//2
f 388//1 389//1 199//1
f 199//2 389//2 390//2
f 199//1 390//1 200//1
f 200//1 390//1 391//1
f 200//1 391//1 201//1
f 201//1 391//1 392//1
f 201//2 392//2 360//2
f 373//1 393//1 299//1
f 299//2 393//2 394//2
f 299//1 394//1 300//1
f 300//1 394//1 395//1
f 300//2 395//2 301//2
f 301//1 395//1 396//1
f 301//2 396//2 358//2
f 380//1 397//1 107//1
f 107//1 397//1 398//1
f 107//1 398//1 108//1
f 108//2 398//2 399//2
f 108//1 399//1 109//1
f 109//1 399//1 400//1
f 109//1 400//1 110//1
f 110//1 400//1 401//1
f 110//1 401//1 111//1
f 401//1 402//1 111//1
f 111//1 402//1 403//1
f 111//1 403//1 112//1
f 112//1 403//1 404//1
f 112//1 404//1 113//1
f 113//2 404//2 405//2
f 113//1 405//1 362//1
f 406//488 407//488 408//488
f 409//489 410//489 411//489
f 412//490 413//490 414//490
f 415//491 416//491 417//491
f 418//492 419//492 420//492
f 421//493 422//493 423//493
f 403//494 402//494 424//494
f 404//495 403//495 425//495
f 379//496 426//496 380//496
f 380//496 426//496 427//496
f 380//497 427//497 397//497
f 397//497 427//497 428//497
f 397//498 428//498 398//498
f 398//498 428//498 429//498
f 398//499 429//499 399//499
f 399//499 429//499 430//499
f 399//500 430//500 400//500
f 400//500 430//500 431//500
f 400//501 431//501 401//501
f 401//501 431//501 432//501
f 401//502 432//502 402//502
f 393//503 433//503 394//503
f 394//504 433//504 434//504
f 394//505 434//505 395//505
f 395//505 434//505 435//505
f 395//506 435//506 396//506
f 396//507 435//507 436//507
f 396//508 436//508 358//508
f 358//509 436//509 437//509
f 358//510 437//510 359//510
f 359//510 437//510 438//510
f 359//511 438//511 367//511
f 367//511 438//511 439//511
f 367//512 439//512 368//512
f 368//512 439//512 440//512
f 368//513 440//513 378//513
f 378//513 440//513 441//513
f 378//514 441//514 379//514
f 375//515 442//515 376//515
f 376//515 442//515 443//515
f 376//516 443//516 377//516
f 377//516 443//516 444//516
f 377//517 444//517 370//517
f 370//518 444//518 445//518
f 370//519 445//519 371//519
f 371//519 445//519 446//519
f 371//520 446//520 372//520
f 372//520 446//520 447//520
f 372//521 447//521 373//521
f 373//522 447//522 448//522
f 373//523 448//523 393//523
f 389//524 449//524 390//524
f 390//525 449//525 450//525
f 390//526 450//526 391//526
f 391//526 450//526 451//526
f 391//527 451//527 392//527
f 392//527 451//527 452//527
f 392//528 452//528 360//528
f 360//528 452//528 453//528
f 360//529 453//529 361//529
f 361//529 453//529 454//529
f 361//530 454//530 369//530
f 369//530 454//530 455//530
f 369//531 455//531 364//531
f 364//531 455//531 456//531
f 364//532 456//532 374//532
f 374//532 456//532 457//532
f 374//533 457//533 375//533
f 382//534 458//534 383//534
f 383//534 458//534 459//534
f 383//535 459//535 384//535
f 384//535 459//535 460//535
f 384//536 460//536 385//536
f 385//536 460//536 461//536
f 385//537 461//537 386//537
f 386//537 461//537 462//537
f 386//538 462//538 387//538
f 387//539 462//539 463//539
f 387//540 463//540 388//540
f 388//541 463//541 464//541
f 388//542 464//542 389//542
f 404//543 465//543 405//543
f 405//544 465//544 466//544
f 405//545 466//545 362//545
f 362//545 466//545 467//545
f 362//546 467//546 363//546
f 363//546 467//546 468//546
f 363//547 468//547 365//547
f 365//547 468//547 469//547
f 365//548 469//548 366//548
f 366//548 469//548 470//548
f 366//549 470//549 381//549
f 381//549 470//549 471//549
f 381//550 471//550 382//550
f 426//551 419//551 427//551
f 427//552 419//552 418//552
f 427//553 418//553 428//553
f 428//554 418//554 472//554
f 428//555 472//555 429//555
f 429//555 472//555 473//555
f 429//556 473//556 430//556
f 430//556 473//556 474//556
f 430//557 474//557 431//557
f 431//557 474//557 475//557
f 431//558 475//558 432//558
f 432//558 475//558 476//558
f 433//559 416//559 434//559
f 434//560 416//560 415//560
f 434//561 415//561 435//561
f 435//562 415//562 477//562
f 435//563 477//563 436//563
f 436//564 477//564 478//564
f 436//565 478//565 437//565
f 437//565 478//565 479//565
f 437//566 479//566 438//566
f 438//566 479//566 480//566
f 438//567 480//567 439//567
f 439//568 480//568 481//568
f 439//569 481//569 440//569
f 440//569 481//569 482//569
f 440//570 482//570 441//570
f 441//570 482//570 483//570
f 442//571 413//571 443//571
f 443//572 413//572 412//572
f 443//573 412//573 444//573
f 444//573 412//573 484//573
f 444//574 484//574 445//574
f 445//575 484//575 485//575
f 445//576 485//576 446//576
f 446//576 485//576 486//576
f 446//577 486//577 447//577
f 447//577 486//577 487//577
f 447//578 487//578 448//578
f 448//579 487//579 488//579
f 449//580 410//580 450//580
f 450//580 410//580 409//580
f 450//581 409//581 451//581
f 451//581 409//581 489//581
f 451//582 489//582 452//582
f 452//583 489//583 490//583
f 452//584 490//584 453//584
f 453//585 490//585 491//585
f 453//586 491//586 454//586
f 454//586 491//586 492//586
f 454//587 492//587 455//587
f 455//587 492//587 493//587
f 455//588 493//588 456//588
f 456//589 493//589 494//589
f 456//590 494//590 457//590
f 457//590 494//590 495//590
f 458//591 407//591 459//591
f 459//591 407//591 406//591
f 459//592 406//592 460//592
f 460//593 406//593 496//593
f 460//594 496//594 461//594
f 461//594 496//594 497//594
f 461//595 497//595 462//595
f 462//595 497//595 498//595
f 462//596 498//596 463//596
f 463//596 498//596 499//596
f 463//597 499//597 464//597
f 464//597 499//597 500//597
f 465//598 422//598 466//598
f 466//599 422//599 421//599
f 466//600 421//600 467//600
f 467//600 421//600 501//600
f 467//601 501//601 468//601
f 468//601 501//601 502//601
f 468//602 502//602 469//602
f 469//602 502//602 503//602
f 469//603 503//603 470//603
f 470//604 503//604 504//604
f 470//605 504//605 471//605
f 471//605 504//605 505//605
f 506//606 507//606 508//606
f 404//495 425//495 465//495
f 465//607 425//607 506//607
f 465//607 506//607 422//607
f 422//608 506//608 508//608
f 422//609 508//609 423//609
f 403//494 424//494 425//494
f 425//610 424//610 509//610
f 425//611 509//611 506//611
f 506//612 509//612 510//612
f 506//612 510//612 507//612
f 402//613 432//613 424//613
f 424//614 432//614 476//614
f 424//614 476//614 509//614
f 509//615 476//615 511//615
f 509//616 511//616 510//616
f 473//617 512//617 474//617
f 474//618 512//618 513//618
f 474//619 513//619 475//619
f 475//619 513//619 514//619
f 475//620 514//620 476//620
f 476//620 514//620 515//620
f 476//621 515//621 511//621
f 420//622 516//622 418//622
f 418//623 516//623 517//623
f 418//624 517//624 472//624
f 472//625 517//625 518//625
f 472//626 518//626 473//626
f 473//627 518//627 519//627
f 473//628 519//628 512//628
f 379//629 441//629 426//629
f 426//630 441//630 483//630
f 426//631 483//631 419//631
f 419//632 483//632 520//632
f 419//633 520//633 420//633
f 478//634 521//634 479//634
f 479//634 521//634 522//634
f 479//635 522//635 480//635
f 480//636 522//636 523//636
f 480//637 523//637 481//637
f 481//638 523//638 524//638
f 481//639 524//639 482//639
f 482//640 524//640 525//640
f 482//641 525//641 483//641
f 483//641 525//641 526//641
f 483//642 526//642 520//642
f 417//491 527//491 415//491
f 415//643 527//643 528//643
f 415//643 528//643 477//643
f 477//644 528//644 529//644
f 477//645 529//645 478//645
f 478//646 529//646 530//646
f 478//634 530//634 521//634
f 393//523 448//523 433//523
f 433//647 448//647 488//647
f 433//647 488//647 416//647
f 416//648 488//648 531//648
f 416//648 531//648 417//648
f 485//649 532//649 486//649
f 486//650 532//650 533//650
f 486//651 533//651 487//651
f 487//652 533//652 534//652
f 487//653 534//653 488//653
f 488//654 534//654 535//654
f 488//655 535//655 531//655
f 414//656 536//656 412//656
f 412//657 536//657 537//657
f 412//657 537//657 484//657
f 484//657 537//657 538//657
f 484//658 538//658 485//658
f 485//659 538//659 539//659
f 485//649 539//649 532//649
f 375//533 457//533 442//533
f 442//660 457//660 495//660
f 442//660 495//660 413//660
f 413//661 495//661 540//661
f 413//662 540//662 414//662
f 490//663 541//663 491//663
f 491//664 541//664 542//664
f 491//665 542//665 492//665
f 492//665 542//665 543//665
f 492//666 543//666 493//666
f 493//667 543//667 544//667
f 493//668 544//668 494//668
f 494//669 544//669 545//669
f 494//670 545//670 495//670
f 495//671 545//671 546//671
f 495//672 546//672 540//672
f 411//673 547//673 409//673
f 409//674 547//674 548//674
f 409//675 548//675 489//675
f 489//675 548//675 549//675
f 489//676 549//676 490//676
f 490//676 549//676 550//676
f 490//663 550//663 541//663
f 389//542 464//542 449//542
f 449//677 464//677 500//677
f 449//677 500//677 410//677
f 410//678 500//678 551//678
f 410//679 551//679 411//679
f 497//680 552//680 498//680
f 498//681 552//681 553//681
f 498//682 553//682 499//682
f 499//683 553//683 554//683
f 499//684 554//684 500//684
f 500//685 554//685 555//685
f 500//686 555//686 551//686
f 408//687 556//687 406//687
f 406//688 556//688 557//688
f 406//688 557//688 496//688
f 496//688 557//688 558//688
f 496//689 558//689 497//689
f 497//689 558//689 559//689
f 497//680 559//680 552//680
f 382//690 471//690 458//690
f 458//691 471//691 505//691
f 458//691 505//691 407//691
f 407//692 505//692 560//692
f 407//692 560//692 408//692
f 423//493 561//493 421//493
f 421//693 561//693 562//693
f 421//693 562//693 501//693
f 501//693 562//693 563//693
f 501//694 563//694 502//694
f 502//695 563//695 564//695
f 502//696 564//696 503//696
f 503//696 564//696 565//696
f 503//697 565//697 504//697
f 504//698 565//698 566//698
f 504//699 566//699 505//699
f 505//700 566//700 567//700
f 505//701 567//701 560//701
f 568//702 569//702 570//702
f 571//703 572//703 570//703
f 573//704 574//704 570//704
f 575//705 576//705 570//705
f 577//706 578//706 570//706
f 579//707 580//707 570//707
f 581//708 582//708 570//708
f 583//709 584//709 570//709
f 583//710 570//710 585//710
f 586//711 587//711 570//711
f 586//712 570//712 588//712
f 589//713 590//713 570//713
f 591//714 592//714 570//714
f 593//715 594//715 592//715
f 592//716 594//716 570//716
f 589//717 570//717 594//717
f 569//718 591//718 570//718
f 595//719 590//719 596//719
f 596//720 590//720 589//720
f 596//721 589//721 597//721
f 597//722 589//722 594//722
f 597//722 594//722 598//722
f 598//723 594//723 593//723
f 599//724 587//724 600//724
f 600//724 587//724 586//724
f 600//725 586//725 601//725
f 601//726 586//726 588//726
f 601//727 588//727 602//727
f 602//728 588//728 603//728
f 595//729 603//729 590//729
f 590//730 603//730 588//730
f 590//731 588//731 570//731
f 604//732 605//732 585//732
f 585//733 605//733 606//733
f 585//733 606//733 583//733
f 583//734 606//734 607//734
f 583//735 607//735 584//735
f 599//736 604//736 587//736
f 587//732 604//732 585//732
f 587//737 585//737 570//737
f 608//738 582//738 609//738
f 609//738 582//738 581//738
f 609//739 581//739 610//739
f 610//740 581//740 611//740
f 608//741 612//741 582//741
f 582//741 612//741 613//741
f 582//742 613//742 570//742
f 607//743 611//743 584//743
f 584//740 611//740 581//740
f 584//744 581//744 570//744
f 614//745 580//745 615//745
f 615//746 580//746 579//746
f 615//747 579//747 616//747
f 616//748 579//748 617//748
f 614//749 618//749 580//749
f 580//750 618//750 619//750
f 580//751 619//751 570//751
f 612//752 617//752 613//752
f 613//748 617//748 579//748
f 613//753 579//753 570//753
f 620//754 578//754 621//754
f 621//754 578//754 577//754
f 621//755 577//755 622//755
f 622//756 577//756 623//756
f 620//757 624//757 578//757
f 578//757 624//757 625//757
f 578//758 625//758 570//758
f 618//759 623//759 619//759
f 619//760 623//760 577//760
f 619//761 577//761 570//761
f 626//762 627//762 628//762
f 628//763 627//763 575//763
f 628//764 575//764 570//764
f 629//765 576//765 630//765
f 630//765 576//765 575//765
f 630//765 575//765 631//765
f 631//766 575//766 627//766
f 624//767 626//767 625//767
f 625//768 626//768 628//768
f 625//769 628//769 570//769
f 632//770 633//770 634//770
f 634//771 633//771 573//771
f 634//772 573//772 570//772
f 635//773 574//773 636//773
f 636//774 574//774 573//774
f 636//775 573//775 637//775
f 637//771 573//771 633//771
f 629//776 632//776 576//776
f 576//777 632//777 634//777
f 576//778 634//778 570//778
f 638//779 572//779 639//779
f 639//779 572//779 571//779
f 639//780 571//780 640//780
f 638//781 641//781 572//781
f 572//782 641//782 568//782
f 572//783 568//783 570//783
f 635//780 640//780 574//780
f 574//784 640//784 571//784
f 574//785 571//785 570//785
f 641//786 642//786 568//786
f 568//787 642//787 643//787
f 568//788 643//788 569//788
f 569//788 643//788 644//788
f 569//789 644//789 591//789
f 591//790 644//790 645//790
f 591//791 645//791 592//791
f 592//792 645//792 646//792
f 592//793 646//793 593//793
f 646//794 563//794 593//794
f 593//795 563//795 562//795
f 593//796 562//796 598//796
f 562//797 561//797 598//797
f 598//798 561//798 423//798
f 598//799 423//799 597//799
f 597//800 423//800 508//800
f 597//801 508//801 596//801
f 596//802 508//802 507//802
f 596//803 507//803 595//803
f 595//804 507//804 510//804
f 595//805 510//805 603//805
f 510//806 511//806 603//806
f 603//807 511//807 515//807
f 603//808 515//808 602//808
f 515//809 514//809 602//809
f 602//810 514//810 513//810
f 602//811 513//811 601//811
f 601//812 513//812 512//812
f 601//813 512//813 600//813
f 600//814 512//814 519//814
f 600//815 519//815 599//815
f 599//816 519//816 518//816
f 599//817 518//817 604//817
f 518//818 517//818 604//818
f 604//819 517//819 516//819
f 604//820 516//820 605//820
f 605//821 516//821 420//821
f 605//822 420//822 606//822
f 420//823 520//823 606//823
f 606//823 520//823 526//823
f 606//824 526//824 607//824
f 607//825 526//825 525//825
f 607//826 525//826 611//826
f 611//827 525//827 524//827
f 611//828 524//828 610//828
f 524//829 523//829 610//829
f 610//830 523//830 522//830
f 610//831 522//831 609//831
f 609//832 522//832 521//832
f 609//833 521//833 608//833
f 521//834 530//834 608//834
f 608//835 530//835 529//835
f 608//836 529//836 612//836
f 612//837 529//837 528//837
f 612//838 528//838 617//838
f 617//839 528//839 527//839
f 617//840 527//840 616//840
f 616//841 527//841 417//841
f 616//842 417//842 615//842
f 417//843 531//843 615//843
f 615//844 531//844 535//844
f 615//845 535//845 614//845
f 535//846 534//846 614//846
f 614//847 534//847 533//847
f 614//848 533//848 618//848
f 618//849 533//849 532//849
f 618//850 532//850 623//850
f 623//851 532//851 539//851
f 623//852 539//852 622//852
f 622//853 539//853 538//853
f 622//854 538//854 621//854
f 538//855 537//855 621//855
f 621//856 537//856 536//856
f 621//857 536//857 620//857
f 620//858 536//858 414//858
f 620//859 414//859 624//859
f 414//860 540//860 624//860
f 624//860 540//860 546//860
f 624//861 546//861 626//861
f 626//862 546//862 545//862
f 626//863 545//863 627//863
f 627//864 545//864 544//864
f 627//865 544//865 631//865
f 544//866 543//866 631//866
f 631//867 543//867 542//867
f 631//868 542//868 630//868
f 630//869 542//869 541//869
f 630//870 541//870 629//870
f 541//871 550//871 629//871
f 629//872 550//872 549//872
f 629//873 549//873 632//873
f 632//874 549//874 548//874
f 632//875 548//875 633//875
f 633//876 548//876 547//876
f 633//877 547//877 637//877
f 637//878 547//878 411//878
f 637//879 411//879 636//879
f 411//880 551//880 636//880
f 636//881 551//881 555//881
f 636//882 555//882 635//882
f 555//883 554//883 635//883
f 635//884 554//884 553//884
f 635//885 553//885 640//885
f 640//886 553//886 552//886
f 640//887 552//887 639//887
f 639//888 552//888 559//888
f 639//889 559//889 638//889
f 638//890 559//890 558//890
f 638//891 558//891 641//891
f 558//892 557//892 641//892
f 641//892 557//892 556//892
f 641//893 556//893 642//893
f 642//894 556//894 408//894
f 642//895 408//895 643//895
f 408//896 560//896 643//896
f 643//897 560//897 567//897
f 643//898 567//898 644//898
f 644//899 567//899 566//899
f 644//900 566//900 645//900
f 645//901 566//901 565//901
f 645//902 565//902 646//902
f 646//903 565//903 564//903
f 646//904 564//904 563//904
f 647//905 648//905 649//905
f 650//348 651//348 652//348
f 653//348 654//348 648//348
f 648//906 654//906 655//906
f 648//907 655//907 649//907
f 656//349 657//349 658//349
f 659//349 660//349 661//349
f 662//349 663//349 664//349
f 664//348 663//348 665//348
f 666//349 667//349 668//349
f 668//908 667//908 669//908
f 668//349 669//349 670//349
f 670//348 669//348 671//348
f 670//348 671//348 672//348
f 673//348 674//348 675//348
f 675//348 674//348 676//348
f 676//349 674//349 652//349
f 652//349 674//349 677//349
f 652//349 677//349 650//349
f 651//349 678//349 679//349
f 679//351 678//351 680//351
f 679//352 680//352 681//352
f 681//352 680//352 682//352
f 681//352 682//352 683//352
f 683//909 682//909 658//909
f 683//349 658//349 684//349
f 684//349 658//349 657//349
f 684//910 657//910 685//910
f 686//351 687//351 688//351
f 688//911 687//911 689//911
f 688//348 689//348 658//348
f 658//348 689//348 690//348
f 658//349 690//349 656//349
f 647//349 649//349 691//349
f 691//905 649//905 661//905
f 691//349 661//349 692//349
f 692//912 661//912 660//912
f 692//352 660//352 693//352
f 694//913 671//913 695//913
f 695//348 671//348 696//348
f 695//348 696//348 697//348
f 697//913 696//913 698//913
f 697//914 698//914 699//914
f 700//349 701//349 653//349
f 653//349 701//349 702//349
f 653//349 702//349 703//349
f 703//349 704//349 653//349
f 653//348 704//348 705//348
f 653//352 705//352 706//352
f 707//351 708//351 709//351
f 709//348 708//348 710//348
f 709//348 710//348 661//348
f 661//350 710//350 711//350
f 661//349 711//349 659//349
f 663//349 672//349 665//349
f 665//348 672//348 671//348
f 665//348 671//348 712//348
f 712//349 671//349 694//349
f 712//348 694//348 713//348
f 713//350 694//350 714//350
f 713//349 714//349 715//349
f 662//349 664//349 716//349
f 716//349 664//349 717//349
f 716//349 717//349 718//349
f 679//348 719//348 720//348
f 651//349 679//349 652//349
f 652//349 679//349 720//349
f 652//348 720//348 721//348
f 718//348 717//348 722//348
f 722//348 717//348 723//348
f 722//348 723//348 724//348
f 724//349 723//349 725//349
f 724//349 725//349 726//349
f 726//348 725//348 727//348
f 727//351 725//351 728//351
f 727//349 728//349 729//349
f 729//349 728//349 730//349
f 730//348 728//348 731//348
f 730//348 731//348 679//348
f 679//348 731//348 732//348
f 679//349 732//349 719//349
f 648//349 733//349 734//349
f 721//351 735//351 652//351
f 652//348 735//348 736//348
f 652//348 736//348 648//348
f 648//351 736//351 737//351
f 648//349 737//349 733//349
f 653//349 648//349 700//349
f 700//349 648//349 734//349
f 700//915 734//915 714//915
f 714//348 734//348 738//348
f 714//349 738//349 715//349
f 739//916 740//916 741//916
f 742//917 743//917 744//917
f 745//918 746//918 747//918
f 748//919 749//919 750//919
f 750//920 749//920 751//920
f 751//921 749//921 752//921
f 751//922 752//922 753//922
f 753//923 752//923 754//923
f 753//924 754//924 755//924
f 750//925 756//925 748//925
f 748//926 756//926 757//926
f 748//927 757//927 758//927
f 758//928 757//928 759//928
f 758//929 759//929 760//929
f 760//930 759//930 761//930
f 760//931 761//931 762//931
f 762//932 761//932 763//932
f 762//933 763//933 764//933
f 764//934 763//934 765//934
f 764//935 765//935 766//935
f 765//936 767//936 766//936
f 766//937 767//937 768//937
f 766//938 768//938 769//938
f 769//939 768//939 770//939
f 769//940 770//940 771//940
f 771//941 770//941 772//941
f 771//942 772//942 773//942
f 773//943 772//943 774//943
f 775//944 776//944 777//944
f 777//945 776//945 778//945
f 779//946 780//946 781//946
f 781//946 780//946 782//946
f 783//947 784//947 785//947
f 783//948 785//948 786//948
f 779//949 781//949 787//949
f 787//950 781//950 788//950
f 787//950 788//950 789//950
f 789//951 788//951 790//951
f 789//952 790//952 791//952
f 791//952 790//952 792//952
f 791//953 792//953 793//953
f 793//954 792//954 784//954
f 793//954 784//954 794//954
f 794//955 784//955 783//955
f 794//956 783//956 795//956
f 785//957 796//957 786//957
f 786//958 796//958 797//958
f 786//959 797//959 798//959
f 798//960 797//960 799//960
f 799//961 797//961 800//961
f 799//962 800//962 801//962
f 802//963 803//963 801//963
f 801//964 803//964 804//964
f 801//965 804//965 799//965
f 805//966 806//966 807//966
f 807//967 806//967 808//967
f 807//968 808//968 809//968
f 809//969 808//969 810//969
f 809//970 810//970 811//970
f 811//971 810//971 812//971
f 811//972 812//972 755//972
f 755//973 812//973 813//973
f 755//974 813//974 753//974
f 814//975 815//975 816//975
f 816//976 815//976 817//976
f 814//977 816//977 818//977
f 818//978 816//978 819//978
f 818//979 819//979 820//979
f 819//980 821//980 820//980
f 820//981 821//981 822//981
f 820//982 822//982 823//982
f 823//983 822//983 824//983
f 823//984 824//984 825//984
f 825//985 824//985 826//985
f 825//986 826//986 827//986
f 826//987 828//987 827//987
f 827//988 828//988 829//988
f 827//989 829//989 830//989
f 830//990 829//990 831//990
f 830//991 831//991 832//991
f 832//992 831//992 833//992
f 832//993 833//993 834//993
f 833//994 835//994 834//994
f 834//995 835//995 836//995
f 834//996 836//996 837//996
f 837//997 836//997 838//997
f 837//998 838//998 839//998
f 840//999 841//999 842//999
f 842//1000 841//1000 843//1000
f 844//1001 845//1001 846//1001
f 846//1002 845//1002 847//1002
f 846//1002 847//1002 848//1002
f 848//1003 847//1003 849//1003
f 848//1004 849//1004 850//1004
f 850//1005 849//1005 851//1005
f 850//1005 851//1005 852//1005
f 852//1005 851//1005 853//1005
f 852//1006 853//1006 854//1006
f 854//1006 853//1006 855//1006
f 854//1007 855//1007 856//1007
f 856//1008 855//1008 857//1008
f 856//1009 857//1009 858//1009
f 858//1008 857//1008 859//1008
f 858//1010 859//1010 860//1010
f 743//1011 742//1011 861//1011
f 742//1012 745//1012 861//1012
f 861//1013 745//1013 747//1013
f 861//1014 747//1014 862//1014
f 862//1015 747//1015 863//1015
f 862//1016 863//1016 844//1016
f 844//1016 863//1016 864//1016
f 844//1001 864//1001 845//1001
f 865//1017 866//1017 744//1017
f 744//1018 866//1018 867//1018
f 744//1019 867//1019 742//1019
f 868//1020 869//1020 870//1020
f 868//1021 871//1021 869//1021
f 869//1022 871//1022 872//1022
f 869//1023 872//1023 873//1023
f 873//1024 872//1024 874//1024
f 873//1025 874//1025 875//1025
f 875//1026 874//1026 876//1026
f 875//1027 876//1027 877//1027
f 877//1028 876//1028 878//1028
f 877//1029 878//1029 879//1029
f 879//1030 878//1030 880//1030
f 879//1031 880//1031 817//1031
f 817//1032 880//1032 881//1032
f 817//1033 881//1033 816//1033
f 741//1034 740//1034 882//1034
f 882//1035 740//1035 883//1035
f 882//1036 883//1036 884//1036
f 884//1037 883//1037 885//1037
f 884//1038 885//1038 886//1038
f 886//1039 885//1039 887//1039
f 886//1040 887//1040 888//1040
f 888//1041 887//1041 889//1041
f 888//1042 889//1042 890//1042
f 741//1043 891//1043 739//1043
f 739//1044 891//1044 892//1044
f 739//1045 892//1045 893//1045
f 893//1046 892//1046 894//1046
f 893//1047 894//1047 895//1047
f 895//1048 894//1048 896//1048
f 895//1049 896//1049 897//1049
f 896//1050 898//1050 897//1050
f 897//1051 898//1051 899//1051
f 897//1052 899//1052 900//1052
f 900//1053 899//1053 901//1053
f 900//1054 901//1054 902//1054
f 902//1055 901//1055 903//1055
f 902//1056 903//1056 904//1056
f 905//1057 906//1057 907//1057
f 907//1058 906//1058 908//1058
f 909//1059 910//1059 911//1059
f 911//1060 910//1060 912//1060
f 911//1061 912//1061 913//1061
f 913//1062 912//1062 914//1062
f 913//1061 914//1061 915//1061
f 915//1063 914//1063 916//1063
f 915//1063 916//1063 917//1063
f 917//1064 916//1064 918//1064
f 918//1065 916//1065 919//1065
f 918//1066 919//1066 920//1066
f 920//1067 919//1067 921//1067
f 920//1068 921//1068 922//1068
f 922//1069 921//1069 923//1069
f 922//1070 923//1070 924//1070
f 924//1071 923//1071 925//1071
f 924//1071 925//1071 926//1071
f 927//1072 928//1072 929//1072
f 926//1073 925//1073 930//1073
f 930//1073 925//1073 929//1073
f 930//1074 929//1074 931//1074
f 931//1075 929//1075 928//1075
f 931//1076 928//1076 932//1076
f 929//1077 933//1077 927//1077
f 927//1078 933//1078 934//1078
f 927//1079 934//1079 935//1079
f 935//1080 934//1080 936//1080
f 935//1081 936//1081 937//1081
f 937//1082 936//1082 938//1082
f 937//1083 938//1083 939//1083
f 940//1084 941//1084 942//1084
f 943//1085 944//1085 945//1085
f 945//1086 944//1086 946//1086
f 945//1087 946//1087 947//1087
f 947//1088 946//1088 948//1088
f 947//1089 948//1089 949//1089
f 949//1090 948//1090 950//1090
f 949//1091 950//1091 890//1091
f 890//1092 950//1092 951//1092
f 890//1093 951//1093 888//1093
f 838//1094 952//1094 839//1094
f 839//1095 952//1095 953//1095
f 839//1096 953//1096 843//1096
f 843//1097 953//1097 954//1097
f 843//1098 954//1098 842//1098
f 842//1099 954//1099 955//1099
f 842//1100 955//1100 956//1100
f 955//1101 957//1101 956//1101
f 956//1102 957//1102 958//1102
f 956//1103 958//1103 959//1103
f 960//1104 961//1104 962//1104
f 962//1105 961//1105 959//1105
f 962//1106 959//1106 963//1106
f 963//1107 959//1107 958//1107
f 960//1108 964//1108 961//1108
f 961//1109 964//1109 965//1109
f 961//1110 965//1110 940//1110
f 940//1111 965//1111 966//1111
f 940//1112 966//1112 941//1112
f 941//1113 966//1113 967//1113
f 941//1114 967//1114 943//1114
f 943//1115 967//1115 968//1115
f 943//1115 968//1115 944//1115
f 969//1116 970//1116 971//1116
f 971//1117 970//1117 907//1117
f 971//1118 907//1118 972//1118
f 972//1119 907//1119 908//1119
f 972//1120 908//1120 973//1120
f 973//1121 908//1121 904//1121
f 973//1122 904//1122 974//1122
f 974//1123 904//1123 903//1123
f 969//1116 975//1116 970//1116
f 970//1124 975//1124 976//1124
f 970//1125 976//1125 977//1125
f 976//1126 978//1126 977//1126
f 977//1127 978//1127 979//1127
f 977//1128 979//1128 980//1128
f 979//1129 981//1129 980//1129
f 980//1130 981//1130 982//1130
f 980//1131 982//1131 983//1131
f 983//1132 982//1132 984//1132
f 983//1133 984//1133 985//1133
f 985//1134 984//1134 986//1134
f 985//1135 986//1135 805//1135
f 805//1136 986//1136 987//1136
f 805//1136 987//1136 806//1136
f 774//943 988//943 773//943
f 773//1137 988//1137 989//1137
f 773//1138 989//1138 778//1138
f 778//1139 989//1139 990//1139
f 778//1140 990//1140 777//1140
f 777//1141 990//1141 991//1141
f 777//1142 991//1142 992//1142
f 991//1143 993//1143 992//1143
f 992//1144 993//1144 994//1144
f 992//1145 994//1145 995//1145
f 994//1146 996//1146 995//1146
f 995//1147 996//1147 997//1147
f 995//1148 997//1148 998//1148
f 997//1149 999//1149 998//1149
f 998//1150 999//1150 1000//1150
f 998//1151 1000//1151 868//1151
f 868//1152 1000//1152 1001//1152
f 868//1152 1001//1152 871//1152
f 959//1153 1002//1153 956//1153
f 956//1153 1002//1153 1003//1153
f 956//1154 1003//1154 842//1154
f 842//1155 1003//1155 860//1155
f 842//1156 860//1156 840//1156
f 840//1157 860//1157 859//1157
f 939//1083 938//1083 942//1083
f 942//1158 938//1158 1004//1158
f 942//1159 1004//1159 940//1159
f 940//1160 1004//1160 1005//1160
f 940//1161 1005//1161 961//1161
f 961//1162 1005//1162 1006//1162
f 961//1163 1006//1163 959//1163
f 959//1164 1006//1164 1007//1164
f 959//1165 1007//1165 1002//1165
f 911//1166 905//1166 909//1166
f 909//1167 905//1167 907//1167
f 909//1168 907//1168 1008//1168
f 1008//1168 907//1168 970//1168
f 985//1169 803//1169 983//1169
f 983//1170 803//1170 802//1170
f 983//1171 802//1171 980//1171
f 980//1172 802//1172 1009//1172
f 980//1173 1009//1173 977//1173
f 977//1173 1009//1173 1010//1173
f 977//1174 1010//1174 970//1174
f 970//1175 1010//1175 1011//1175
f 970//1176 1011//1176 1008//1176
f 780//1177 1012//1177 782//1177
f 782//1178 1012//1178 1013//1178
f 782//1178 1013//1178 1014//1178
f 1014//1179 1013//1179 1015//1179
f 1014//1180 1015//1180 1016//1180
f 1016//1180 1015//1180 1017//1180
f 1016//1181 1017//1181 1018//1181
f 1018//1182 1017//1182 775//1182
f 1018//1183 775//1183 1019//1183
f 1019//1184 775//1184 777//1184
f 1019//1185 777//1185 1020//1185
f 1020//1185 777//1185 992//1185
f 1020//1186 992//1186 1021//1186
f 1021//1187 992//1187 995//1187
f 1021//1187 995//1187 1022//1187
f 1022//1188 995//1188 1023//1188
f 1023//1189 995//1189 998//1189
f 1023//1190 998//1190 1024//1190
f 1024//1191 998//1191 868//1191
f 1024//1191 868//1191 1025//1191
f 1025//1192 868//1192 870//1192
f 1025//1193 870//1193 865//1193
f 865//1194 870//1194 1026//1194
f 865//1195 1026//1195 866//1195
f 996//1196 994//1196 1027//1196
f 984//1197 982//1197 1028//1197
f 1029//1198 1030//1198 1031//1198
f 1032//1199 1033//1199 1034//1199
f 1035//1200 1036//1200 1037//1200
f 1038//1201 1039//1201 1040//1201
f 1041//1202 1042//1202 1043//1202
f 1044//1203 1045//1203 1046//1203
f 1047//1204 1048//1204 1049//1204
f 1050//1205 1051//1205 1052//1205
f 1053//1206 1054//1206 1055//1206
f 1056//1207 986//1207 1057//1207
f 1057//1208 986//1208 1034//1208
f 1057//1209 1034//1209 1058//1209
f 1058//1210 1034//1210 1033//1210
f 1059//1211 1060//1211 1061//1211
f 1062//1212 1063//1212 1033//1212
f 1033//1213 1063//1213 1064//1213
f 1033//1210 1064//1210 1058//1210
f 1060//1214 1059//1214 1065//1214
f 1065//1215 1059//1215 1066//1215
f 1065//1216 1066//1216 1067//1216
f 1067//1217 1066//1217 1068//1217
f 1067//1218 1068//1218 1069//1218
f 1069//1219 1068//1219 1070//1219
f 1069//1220 1070//1220 1071//1220
f 1071//1220 1070//1220 1072//1220
f 1071//1221 1072//1221 1073//1221
f 1072//1222 1074//1222 1073//1222
f 1073//1223 1074//1223 1075//1223
f 1073//1224 1075//1224 1076//1224
f 1076//1225 1075//1225 1077//1225
f 1076//1225 1077//1225 1078//1225
f 1078//1225 1077//1225 1079//1225
f 1078//1226 1079//1226 1080//1226
f 1080//1227 1079//1227 1081//1227
f 1080//1227 1081//1227 1082//1227
f 1082//1228 1081//1228 1083//1228
f 1082//1229 1083//1229 1084//1229
f 1084//1230 1083//1230 1085//1230
f 1085//1229 1086//1229 1084//1229
f 1084//1231 1086//1231 1087//1231
f 1084//1231 1087//1231 1088//1231
f 1088//1231 1087//1231 1089//1231
f 1088//1232 1089//1232 1090//1232
f 1090//1233 1089//1233 1091//1233
f 1090//1233 1091//1233 1092//1233
f 1092//1234 1091//1234 1093//1234
f 1092//1235 1093//1235 1094//1235
f 1093//1235 1095//1235 1094//1235
f 1094//1235 1095//1235 1096//1235
f 1094//1236 1096//1236 1097//1236
f 1097//1237 1096//1237 1098//1237
f 1097//1237 1098//1237 1099//1237
f 1099//1238 1098//1238 1100//1238
f 1099//1239 1100//1239 1101//1239
f 1101//1239 1100//1239 1102//1239
f 1101//1240 1102//1240 1103//1240
f 1104//1241 1105//1241 1106//1241
f 1104//1242 1106//1242 1107//1242
f 1107//1243 1106//1243 1108//1243
f 1107//1244 1108//1244 1109//1244
f 1105//1245 1110//1245 1106//1245
f 1106//1246 1110//1246 1111//1246
f 1106//1247 1111//1247 1112//1247
f 1112//1248 1111//1248 1103//1248
f 1112//1249 1103//1249 1113//1249
f 1113//1240 1103//1240 1102//1240
f 1114//1250 1115//1250 989//1250
f 989//1251 1115//1251 1116//1251
f 989//1252 1116//1252 1117//1252
f 1053//1253 1055//1253 1118//1253
f 989//1254 988//1254 1114//1254
f 1114//1255 988//1255 774//1255
f 1114//1255 774//1255 1119//1255
f 1119//1255 774//1255 772//1255
f 1119//1256 772//1256 1120//1256
f 1120//1257 772//1257 770//1257
f 1120//1258 770//1258 1121//1258
f 1121//1259 770//1259 768//1259
f 1121//1260 768//1260 1122//1260
f 1122//1260 768//1260 767//1260
f 1122//1261 767//1261 1123//1261
f 1123//1261 767//1261 765//1261
f 1123//1262 765//1262 1124//1262
f 1124//1263 765//1263 763//1263
f 1124//1264 763//1264 1125//1264
f 763//1263 761//1263 1125//1263
f 1125//1265 761//1265 759//1265
f 1125//1265 759//1265 1126//1265
f 1056//1266 1127//1266 986//1266
f 986//1267 1127//1267 1128//1267
f 986//1268 1128//1268 987//1268
f 987//1269 1128//1269 1129//1269
f 987//1270 1129//1270 806//1270
f 806//1271 1129//1271 1130//1271
f 806//1272 1130//1272 808//1272
f 808//1273 1130//1273 1131//1273
f 808//1273 1131//1273 810//1273
f 810//1272 1131//1272 1132//1272
f 810//1274 1132//1274 812//1274
f 812//1274 1132//1274 1133//1274
f 812//1275 1133//1275 813//1275
f 813//1276 1133//1276 1134//1276
f 813//1277 1134//1277 753//1277
f 753//1277 1134//1277 1135//1277
f 753//1277 1135//1277 751//1277
f 751//1278 1135//1278 1136//1278
f 751//1278 1136//1278 750//1278
f 750//1278 1136//1278 1137//1278
f 750//1279 1137//1279 756//1279
f 756//1280 1137//1280 1126//1280
f 756//1280 1126//1280 757//1280
f 757//1265 1126//1265 759//1265
f 1138//1281 968//1281 1139//1281
f 1139//1282 968//1282 967//1282
f 1139//1283 967//1283 1140//1283
f 1141//1284 1142//1284 1143//1284
f 1143//1285 1142//1285 1144//1285
f 1143//1286 1144//1286 1145//1286
f 965//1287 1146//1287 966//1287
f 966//1288 1146//1288 1147//1288
f 966//1289 1147//1289 967//1289
f 967//1290 1147//1290 1148//1290
f 967//1283 1148//1283 1140//1283
f 1149//1291 1150//1291 1142//1291
f 1142//1292 1150//1292 1151//1292
f 1142//1285 1151//1285 1144//1285
f 1152//1293 1153//1293 1154//1293
f 1154//1294 1153//1294 1155//1294
f 1154//1295 1155//1295 1156//1295
f 1156//1296 1155//1296 1157//1296
f 1156//1297 1157//1297 1158//1297
f 1158//1298 1157//1298 1159//1298
f 1158//1299 1159//1299 1160//1299
f 1160//1300 1159//1300 1161//1300
f 1160//1301 1161//1301 1162//1301
f 1162//1301 1161//1301 1163//1301
f 1161//1301 1164//1301 1163//1301
f 1163//1302 1164//1302 1165//1302
f 1163//1303 1165//1303 1166//1303
f 1166//1303 1165//1303 1167//1303
f 1166//1304 1167//1304 1168//1304
f 1167//1305 1169//1305 1168//1305
f 1168//1306 1169//1306 1170//1306
f 1168//1306 1170//1306 1171//1306
f 1171//1307 1170//1307 1172//1307
f 1171//1308 1172//1308 1173//1308
f 1173//1309 1172//1309 1174//1309
f 1173//1309 1174//1309 1175//1309
f 1175//1309 1174//1309 1176//1309
f 1175//1310 1176//1310 1177//1310
f 1177//1310 1176//1310 1178//1310
f 1177//1310 1178//1310 1179//1310
f 1178//1311 1180//1311 1179//1311
f 1179//1312 1180//1312 1181//1312
f 1179//1312 1181//1312 1182//1312
f 1182//1313 1181//1313 1183//1313
f 1182//1314 1183//1314 1184//1314
f 1184//1315 1183//1315 1185//1315
f 1184//1315 1185//1315 1186//1315
f 1186//1315 1185//1315 1187//1315
f 1186//1316 1187//1316 1188//1316
f 1188//1316 1187//1316 1189//1316
f 1188//1316 1189//1316 1190//1316
f 1191//1317 1192//1317 1193//1317
f 1193//1318 1192//1318 1194//1318
f 1189//1319 1195//1319 1190//1319
f 1190//1320 1195//1320 1196//1320
f 1190//1320 1196//1320 1197//1320
f 1197//1320 1196//1320 1198//1320
f 1197//1320 1198//1320 1199//1320
f 1199//1321 1198//1321 1200//1321
f 1199//1321 1200//1321 1201//1321
f 1201//1322 1200//1322 1202//1322
f 1201//1323 1202//1323 1203//1323
f 1203//1324 1202//1324 1194//1324
f 1203//1325 1194//1325 1204//1325
f 1204//1326 1194//1326 1192//1326
f 1205//1327 1206//1327 1207//1327
f 1207//1328 1206//1328 1208//1328
f 1207//1328 1208//1328 1209//1328
f 1210//1329 1211//1329 972//1329
f 972//1330 1211//1330 1212//1330
f 972//1331 1212//1331 971//1331
f 1212//1332 1213//1332 971//1332
f 971//1333 1213//1333 1214//1333
f 971//1334 1214//1334 1208//1334
f 1208//1335 1214//1335 1215//1335
f 1208//1336 1215//1336 1209//1336
f 972//1337 973//1337 1210//1337
f 1210//1338 973//1338 974//1338
f 1210//1339 974//1339 1216//1339
f 1216//1340 974//1340 903//1340
f 1216//1341 903//1341 1217//1341
f 1217//1342 903//1342 901//1342
f 1217//1343 901//1343 1218//1343
f 1218//1343 901//1343 899//1343
f 1218//1344 899//1344 1219//1344
f 1219//1345 899//1345 898//1345
f 1219//1344 898//1344 1220//1344
f 898//1344 896//1344 1220//1344
f 1220//1346 896//1346 894//1346
f 1220//1347 894//1347 1221//1347
f 1221//1348 894//1348 892//1348
f 1221//1349 892//1349 1222//1349
f 1222//1350 892//1350 891//1350
f 1222//1350 891//1350 1223//1350
f 1223//1351 891//1351 741//1351
f 1223//1352 741//1352 1224//1352
f 1224//1352 741//1352 882//1352
f 1224//1353 882//1353 1225//1353
f 1225//1354 882//1354 884//1354
f 1225//1354 884//1354 1226//1354
f 1226//1354 884//1354 886//1354
f 1226//1355 886//1355 1227//1355
f 1227//1356 886//1356 888//1356
f 1227//1357 888//1357 1228//1357
f 1228//1356 888//1356 951//1356
f 1228//1358 951//1358 1229//1358
f 1229//1359 951//1359 950//1359
f 1229//1359 950//1359 1230//1359
f 1230//1359 950//1359 948//1359
f 1230//1360 948//1360 1231//1360
f 1231//1361 948//1361 946//1361
f 1231//1361 946//1361 1138//1361
f 1138//1362 946//1362 944//1362
f 1138//1363 944//1363 968//1363
f 1232//1364 1233//1364 1234//1364
f 1235//1365 1236//1365 871//1365
f 871//1366 1236//1366 1237//1366
f 871//1367 1237//1367 872//1367
f 872//1368 1237//1368 1238//1368
f 872//1369 1238//1369 874//1369
f 1239//1370 1240//1370 1241//1370
f 1241//1371 1240//1371 1242//1371
f 1241//1372 1242//1372 1243//1372
f 1243//1373 1242//1373 1244//1373
f 1050//1374 1052//1374 1245//1374
f 1241//1375 1246//1375 1239//1375
f 1239//1376 1246//1376 1247//1376
f 1239//1377 1247//1377 1248//1377
f 1248//1376 1247//1376 1249//1376
f 1248//1378 1249//1378 1250//1378
f 1250//1379 1249//1379 1251//1379
f 1250//1379 1251//1379 1252//1379
f 1252//1378 1251//1378 1253//1378
f 1252//1380 1253//1380 1254//1380
f 1254//1381 1253//1381 1255//1381
f 1254//1380 1255//1380 1256//1380
f 1255//1382 1257//1382 1256//1382
f 1256//1383 1257//1383 1258//1383
f 1256//1384 1258//1384 1259//1384
f 1259//1384 1258//1384 1260//1384
f 1259//1383 1260//1383 1261//1383
f 1261//1385 1260//1385 1262//1385
f 1261//1385 1262//1385 1263//1385
f 1263//1386 1262//1386 1264//1386
f 1263//1387 1264//1387 1265//1387
f 1265//1387 1264//1387 1266//1387
f 1265//1387 1266//1387 1267//1387
f 1266//1388 1268//1388 1267//1388
f 1267//1389 1268//1389 1269//1389
f 1267//1389 1269//1389 1270//1389
f 1270//1389 1269//1389 1271//1389
f 1270//1390 1271//1390 1272//1390
f 1272//1391 1271//1391 1273//1391
f 1272//1392 1273//1392 1274//1392
f 1274//1393 1273//1393 1275//1393
f 1274//1394 1275//1394 1276//1394
f 1276//1395 1275//1395 1277//1395
f 1276//1395 1277//1395 1278//1395
f 1277//1395 1279//1395 1278//1395
f 1278//1396 1279//1396 1280//1396
f 1278//1397 1280//1397 1281//1397
f 1281//1397 1280//1397 1282//1397
f 1281//1397 1282//1397 1283//1397
f 1283//1398 1282//1398 1284//1398
f 1282//1399 1285//1399 1284//1399
f 1284//1400 1285//1400 1286//1400
f 1284//1401 1286//1401 1287//1401
f 1287//1402 1286//1402 1288//1402
f 1288//1403 1286//1403 1289//1403
f 1288//1404 1289//1404 1290//1404
f 1290//1405 1289//1405 1291//1405
f 1290//1406 1291//1406 1292//1406
f 1293//1407 1294//1407 1295//1407
f 1295//1408 1294//1408 1296//1408
f 1295//1408 1296//1408 1297//1408
f 1298//1409 1299//1409 955//1409
f 955//1410 1299//1410 1296//1410
f 1296//1411 1299//1411 1300//1411
f 1296//1412 1300//1412 1297//1412
f 1298//1413 955//1413 1301//1413
f 1301//1414 955//1414 954//1414
f 1301//1415 954//1415 1302//1415
f 1302//1416 954//1416 953//1416
f 1302//1417 953//1417 1303//1417
f 1303//1418 953//1418 952//1418
f 1303//1419 952//1419 1304//1419
f 1304//1420 952//1420 838//1420
f 1304//1421 838//1421 1305//1421
f 1305//1422 838//1422 836//1422
f 1305//1423 836//1423 1306//1423
f 1306//1422 836//1422 835//1422
f 1306//1424 835//1424 1307//1424
f 1307//1424 835//1424 833//1424
f 1307//1425 833//1425 1308//1425
f 1308//1426 833//1426 831//1426
f 1308//1427 831//1427 1309//1427
f 1309//1428 831//1428 829//1428
f 1309//1429 829//1429 1310//1429
f 1310//1429 829//1429 828//1429
f 1310//1430 828//1430 1311//1430
f 1311//1430 828//1430 826//1430
f 1311//1431 826//1431 1312//1431
f 1312//1431 826//1431 824//1431
f 1312//1431 824//1431 1313//1431
f 1313//1431 824//1431 822//1431
f 1313//1432 822//1432 1314//1432
f 1238//1433 1315//1433 874//1433
f 874//1434 1315//1434 1316//1434
f 874//1434 1316//1434 876//1434
f 876//1435 1316//1435 1317//1435
f 876//1436 1317//1436 878//1436
f 878//1436 1317//1436 1318//1436
f 878//1437 1318//1437 880//1437
f 880//1437 1318//1437 1319//1437
f 880//1437 1319//1437 881//1437
f 881//1438 1319//1438 1320//1438
f 881//1439 1320//1439 816//1439
f 816//1439 1320//1439 1321//1439
f 816//1439 1321//1439 819//1439
f 819//1440 1321//1440 1314//1440
f 819//1432 1314//1432 821//1432
f 821//1441 1314//1441 822//1441
f 1152//1442 1149//1442 1153//1442
f 1153//1443 1149//1443 1142//1443
f 1153//1444 1142//1444 1322//1444
f 1322//1444 1142//1444 1141//1444
f 1322//1444 1141//1444 1323//1444
f 1323//1445 1141//1445 1324//1445
f 1047//1446 1206//1446 1193//1446
f 1193//1447 1206//1447 1205//1447
f 1193//1448 1205//1448 1191//1448
f 1061//1449 1062//1449 1059//1449
f 1059//1450 1062//1450 1033//1450
f 1059//1451 1033//1451 1325//1451
f 1325//1451 1033//1451 1032//1451
f 1325//1451 1032//1451 1326//1451
f 1326//1452 1032//1452 1327//1452
f 1328//1453 1329//1453 1029//1453
f 1029//1454 1329//1454 1330//1454
f 1029//1454 1330//1454 1030//1454
f 1030//1455 1330//1455 1331//1455
f 1030//1456 1331//1456 1332//1456
f 1244//1457 1245//1457 1243//1457
f 1243//1458 1245//1458 1052//1458
f 1243//1459 1052//1459 1333//1459
f 1333//1460 1052//1460 1334//1460
f 1333//1461 1334//1461 1335//1461
f 1335//1462 1334//1462 1332//1462
f 1336//1463 1294//1463 1291//1463
f 1291//1464 1294//1464 1293//1464
f 1291//1465 1293//1465 1292//1465
f 1336//1466 1337//1466 1338//1466
f 1338//1467 1337//1467 1035//1467
f 1339//1468 1340//1468 1037//1468
f 1036//1469 1324//1469 1037//1469
f 1037//1469 1324//1469 1141//1469
f 1037//1468 1141//1468 1339//1468
f 1339//1470 1141//1470 1143//1470
f 1339//1471 1143//1471 965//1471
f 965//1472 1143//1472 1145//1472
f 965//1473 1145//1473 1146//1473
f 1341//1474 1342//1474 1049//1474
f 1048//1203 1044//1203 1049//1203
f 1049//1203 1044//1203 1046//1203
f 1049//1474 1046//1474 1341//1474
f 1341//1475 1046//1475 1343//1475
f 1054//1476 1109//1476 1055//1476
f 1055//1476 1109//1476 1108//1476
f 1055//1477 1108//1477 1344//1477
f 1051//1478 1233//1478 1052//1478
f 1052//1478 1233//1478 1232//1478
f 1052//1479 1232//1479 1334//1479
f 1334//1480 1232//1480 1345//1480
f 1047//1204 1049//1204 1206//1204
f 1206//1481 1049//1481 1342//1481
f 1206//1481 1342//1481 1208//1481
f 1208//1482 1342//1482 969//1482
f 1208//1482 969//1482 971//1482
f 981//1483 979//1483 1343//1483
f 1343//1484 979//1484 978//1484
f 1343//1485 978//1485 1341//1485
f 1341//1486 978//1486 976//1486
f 1341//1487 976//1487 1342//1487
f 1342//1487 976//1487 975//1487
f 1342//1488 975//1488 969//1488
f 982//1489 981//1489 1028//1489
f 1028//1490 981//1490 1343//1490
f 1028//1491 1343//1491 1043//1491
f 1043//1475 1343//1475 1046//1475
f 1043//1202 1046//1202 1041//1202
f 1041//1202 1046//1202 1045//1202
f 986//1492 984//1492 1034//1492
f 1034//1493 984//1493 1028//1493
f 1034//1199 1028//1199 1032//1199
f 1032//1494 1028//1494 1043//1494
f 1032//1452 1043//1452 1327//1452
f 1327//1452 1043//1452 1042//1452
f 1117//1495 1118//1495 989//1495
f 989//1496 1118//1496 1055//1496
f 989//1497 1055//1497 990//1497
f 990//1497 1055//1497 1344//1497
f 990//1497 1344//1497 991//1497
f 991//1498 1344//1498 993//1498
f 994//1499 993//1499 1027//1499
f 1027//1499 993//1499 1344//1499
f 1027//1500 1344//1500 1040//1500
f 1040//1501 1344//1501 1108//1501
f 1040//1201 1108//1201 1038//1201
f 1038//1201 1108//1201 1106//1201
f 997//1502 996//1502 1031//1502
f 1031//1503 996//1503 1027//1503
f 1031//1504 1027//1504 1029//1504
f 1029//1500 1027//1500 1040//1500
f 1029//1505 1040//1505 1328//1505
f 1328//1506 1040//1506 1039//1506
f 1345//1507 1000//1507 999//1507
f 1332//1462 1334//1462 1030//1462
f 1030//1508 1334//1508 1345//1508
f 1030//1509 1345//1509 1031//1509
f 1031//1507 1345//1507 999//1507
f 1031//1510 999//1510 997//1510
f 1000//1511 1345//1511 1001//1511
f 1001//1511 1345//1511 1232//1511
f 1001//1511 1232//1511 871//1511
f 871//1512 1232//1512 1234//1512
f 871//1513 1234//1513 1235//1513
f 1346//1514 958//1514 957//1514
f 1336//1515 1338//1515 1294//1515
f 1294//1516 1338//1516 1346//1516
f 1294//1516 1346//1516 1296//1516
f 1296//1517 1346//1517 957//1517
f 1296//1517 957//1517 955//1517
f 965//1471 964//1471 1339//1471
f 1339//1518 964//1518 960//1518
f 1339//1519 960//1519 1340//1519
f 1340//1520 960//1520 962//1520
f 1340//1521 962//1521 963//1521
f 1035//1522 1037//1522 1338//1522
f 1338//1523 1037//1523 1340//1523
f 1338//1523 1340//1523 1346//1523
f 1346//1524 1340//1524 963//1524
f 1346//1524 963//1524 958//1524
f 1083//1525 1081//1525 1347//1525
f 1079//1526 1077//1526 1348//1526
f 1075//1527 1074//1527 1349//1527
f 1072//1528 1070//1528 1350//1528
f 1068//1529 1066//1529 1351//1529
f 1059//1530 1325//1530 1352//1530
f 1326//1531 1327//1531 1353//1531
f 1042//1532 1041//1532 1354//1532
f 1045//1533 1044//1533 1355//1533
f 1048//1534 1047//1534 1356//1534
f 1195//1535 1189//1535 1357//1535
f 1187//1536 1185//1536 1358//1536
f 1183//1537 1181//1537 1359//1537
f 1180//1538 1178//1538 1360//1538
f 1176//1539 1174//1539 1361//1539
f 1172//1540 1170//1540 1362//1540
f 1169//1541 1167//1541 1363//1541
f 1165//1542 1164//1542 1364//1542
f 1161//1543 1159//1543 1365//1543
f 1157//1544 1155//1544 1366//1544
f 1367//1545 1368//1545 1369//1545
f 1370//1546 1371//1546 1372//1546
f 1373//1547 1374//1547 1375//1547
f 1376//1548 1373//1548 1377//1548
f 1378//1549 1376//1549 1379//1549
f 1380//1550 1378//1550 1381//1550
f 1382//1551 1380//1551 1383//1551
f 1384//1552 1382//1552 1385//1552
f 1386//1553 1384//1553 1387//1553
f 1388//1554 1386//1554 1389//1554
f 1390//1555 1388//1555 1391//1555
f 1392//1556 1390//1556 1393//1556
f 1394//1557 1392//1557 1395//1557
f 1396//1558 1394//1558 1397//1558
f 1398//1559 1396//1559 1399//1559
f 1400//1560 1398//1560 1401//1560
f 1402//1561 1400//1561 1403//1561
f 1404//1562 1402//1562 1405//1562
f 1406//1563 1404//1563 1407//1563
f 1408//1564 1406//1564 1409//1564
f 1410//1565 1408//1565 1411//1565
f 1412//1566 1410//1566 1413//1566
f 1414//1567 1412//1567 1415//1567
f 1416//1568 1414//1568 1417//1568
f 1418//1569 1416//1569 1419//1569
f 1420//1570 1418//1570 1421//1570
f 1422//1571 1420//1571 1423//1571
f 1424//1572 1422//1572 1425//1572
f 1426//1573 1427//1573 1428//1573
f 1429//1574 1426//1574 1430//1574
f 1431//1575 1429//1575 1432//1575
f 1433//1576 1431//1576 1434//1576
f 1435//1577 1433//1577 1436//1577
f 1437//1578 1435//1578 1438//1578
f 1439//1579 1437//1579 1440//1579
f 1441//1580 1439//1580 1442//1580
f 1443//1581 1441//1581 1444//1581
f 1445//1582 1443//1582 1446//1582
f 1445//1583 1371//1583 1447//1583
f 1447//1584 1371//1584 1370//1584
f 1447//1585 1370//1585 1448//1585
f 1424//1586 1368//1586 1449//1586
f 1449//1587 1368//1587 1367//1587
f 1449//1588 1367//1588 1450//1588
f 1375//1589 1374//1589 1451//1589
f 1452//1590 1453//1590 1454//1590
f 1427//1591 1455//1591 1454//1591
f 1454//1592 1455//1592 1456//1592
f 1454//1593 1456//1593 1452//1593
f 1452//1594 1456//1594 1457//1594
f 1458//1595 1375//1595 1459//1595
f 1459//1595 1375//1595 1451//1595
f 1459//1596 1451//1596 1460//1596
f 1153//1597 1322//1597 1372//1597
f 1372//1598 1322//1598 1460//1598
f 1372//1599 1460//1599 1370//1599
f 1370//1600 1460//1600 1451//1600
f 1370//1601 1451//1601 1448//1601
f 1448//1602 1451//1602 1374//1602
f 1445//1603 1446//1603 1371//1603
f 1371//1604 1446//1604 1366//1604
f 1371//1605 1366//1605 1372//1605
f 1372//1606 1366//1606 1155//1606
f 1372//1607 1155//1607 1153//1607
f 1443//1608 1444//1608 1446//1608
f 1446//1609 1444//1609 1365//1609
f 1446//1609 1365//1609 1366//1609
f 1366//1610 1365//1610 1159//1610
f 1366//1611 1159//1611 1157//1611
f 1441//1580 1442//1580 1444//1580
f 1444//1612 1442//1612 1364//1612
f 1444//1613 1364//1613 1365//1613
f 1365//1614 1364//1614 1164//1614
f 1365//1615 1164//1615 1161//1615
f 1439//1616 1440//1616 1442//1616
f 1442//1617 1440//1617 1363//1617
f 1442//1618 1363//1618 1364//1618
f 1364//1619 1363//1619 1167//1619
f 1364//1620 1167//1620 1165//1620
f 1437//1621 1438//1621 1440//1621
f 1440//1622 1438//1622 1362//1622
f 1440//1623 1362//1623 1363//1623
f 1363//1624 1362//1624 1170//1624
f 1363//1625 1170//1625 1169//1625
f 1435//1577 1436//1577 1438//1577
f 1438//1626 1436//1626 1361//1626
f 1438//1627 1361//1627 1362//1627
f 1362//1628 1361//1628 1174//1628
f 1362//1629 1174//1629 1172//1629
f 1433//1630 1434//1630 1436//1630
f 1436//1631 1434//1631 1360//1631
f 1436//1632 1360//1632 1361//1632
f 1361//1633 1360//1633 1178//1633
f 1361//1634 1178//1634 1176//1634
f 1431//1635 1432//1635 1434//1635
f 1434//1636 1432//1636 1359//1636
f 1434//1637 1359//1637 1360//1637
f 1360//1638 1359//1638 1181//1638
f 1360//1639 1181//1639 1180//1639
f 1429//1640 1430//1640 1432//1640
f 1432//1641 1430//1641 1358//1641
f 1432//1642 1358//1642 1359//1642
f 1359//1643 1358//1643 1185//1643
f 1359//1644 1185//1644 1183//1644
f 1426//1645 1428//1645 1430//1645
f 1430//1646 1428//1646 1357//1646
f 1430//1646 1357//1646 1358//1646
f 1358//1647 1357//1647 1189//1647
f 1358//1648 1189//1648 1187//1648
f 1427//1649 1454//1649 1428//1649
f 1428//1650 1454//1650 1453//1650
f 1428//1651 1453//1651 1357//1651
f 1357//1652 1453//1652 1196//1652
f 1357//1653 1196//1653 1195//1653
f 1193//1654 1194//1654 1457//1654
f 1457//1655 1194//1655 1202//1655
f 1457//1656 1202//1656 1452//1656
f 1452//1657 1202//1657 1200//1657
f 1452//1658 1200//1658 1453//1658
f 1453//1659 1200//1659 1198//1659
f 1453//1660 1198//1660 1196//1660
f 1455//1661 1461//1661 1456//1661
f 1456//1662 1461//1662 1462//1662
f 1456//1663 1462//1663 1457//1663
f 1457//1664 1462//1664 1356//1664
f 1457//1665 1356//1665 1193//1665
f 1193//1534 1356//1534 1047//1534
f 1461//1666 1463//1666 1462//1666
f 1462//1667 1463//1667 1464//1667
f 1462//1664 1464//1664 1356//1664
f 1356//1668 1464//1668 1355//1668
f 1356//1669 1355//1669 1048//1669
f 1048//1533 1355//1533 1044//1533
f 1463//1670 1465//1670 1464//1670
f 1464//1671 1465//1671 1466//1671
f 1464//1672 1466//1672 1355//1672
f 1355//1673 1466//1673 1354//1673
f 1355//1674 1354//1674 1045//1674
f 1045//1532 1354//1532 1041//1532
f 1465//1671 1467//1671 1466//1671
f 1466//1675 1467//1675 1468//1675
f 1466//1676 1468//1676 1354//1676
f 1354//1677 1468//1677 1353//1677
f 1354//1678 1353//1678 1042//1678
f 1042//1531 1353//1531 1327//1531
f 1467//1675 1469//1675 1468//1675
f 1468//1679 1469//1679 1470//1679
f 1468//1680 1470//1680 1353//1680
f 1353//1681 1470//1681 1352//1681
f 1353//1682 1352//1682 1326//1682
f 1326//1530 1352//1530 1325//1530
f 1469//1683 1471//1683 1470//1683
f 1470//1684 1471//1684 1472//1684
f 1470//1685 1472//1685 1352//1685
f 1352//1686 1472//1686 1351//1686
f 1352//1687 1351//1687 1059//1687
f 1059//1529 1351//1529 1066//1529
f 1471//1688 1473//1688 1472//1688
f 1472//1689 1473//1689 1474//1689
f 1472//1686 1474//1686 1351//1686
f 1351//1690 1474//1690 1350//1690
f 1351//1691 1350//1691 1068//1691
f 1068//1528 1350//1528 1070//1528
f 1473//1692 1475//1692 1474//1692
f 1474//1693 1475//1693 1476//1693
f 1474//1694 1476//1694 1350//1694
f 1350//1695 1476//1695 1349//1695
f 1350//1696 1349//1696 1072//1696
f 1072//1527 1349//1527 1074//1527
f 1475//1697 1477//1697 1476//1697
f 1476//1698 1477//1698 1478//1698
f 1476//1699 1478//1699 1349//1699
f 1349//1700 1478//1700 1348//1700
f 1349//1701 1348//1701 1075//1701
f 1075//1526 1348//1526 1077//1526
f 1477//1702 1479//1702 1478//1702
f 1478//1703 1479//1703 1480//1703
f 1478//1704 1480//1704 1348//1704
f 1348//1705 1480//1705 1347//1705
f 1348//1706 1347//1706 1079//1706
f 1079//1525 1347//1525 1081//1525
f 1479//1707 1450//1707 1480//1707
f 1480//1708 1450//1708 1367//1708
f 1480//1709 1367//1709 1347//1709
f 1347//1545 1367//1545 1369//1545
f 1347//1710 1369//1710 1083//1710
f 1083//1711 1369//1711 1085//1711
f 1481//1712 1087//1712 1086//1712
f 1424//1713 1425//1713 1368//1713
f 1368//1714 1425//1714 1481//1714
f 1368//1715 1481//1715 1369//1715
f 1369//1716 1481//1716 1086//1716
f 1369//1717 1086//1717 1085//1717
f 1482//1718 1091//1718 1089//1718
f 1422//1719 1423//1719 1425//1719
f 1425//1720 1423//1720 1482//1720
f 1425//1721 1482//1721 1481//1721
f 1481//1722 1482//1722 1089//1722
f 1481//1712 1089//1712 1087//1712
f 1483//1723 1095//1723 1093//1723
f 1420//1724 1421//1724 1423//1724
f 1423//1725 1421//1725 1483//1725
f 1423//1726 1483//1726 1482//1726
f 1482//1727 1483//1727 1093//1727
f 1482//1728 1093//1728 1091//1728
f 1484//1729 1098//1729 1096//1729
f 1418//1569 1419//1569 1421//1569
f 1421//1730 1419//1730 1484//1730
f 1421//1731 1484//1731 1483//1731
f 1483//1732 1484//1732 1096//1732
f 1483//1733 1096//1733 1095//1733
f 1485//1734 1102//1734 1100//1734
f 1416//1735 1417//1735 1419//1735
f 1419//1736 1417//1736 1485//1736
f 1419//1737 1485//1737 1484//1737
f 1484//1738 1485//1738 1100//1738
f 1484//1739 1100//1739 1098//1739
f 1486//1740 1112//1740 1113//1740
f 1414//1567 1415//1567 1417//1567
f 1417//1741 1415//1741 1486//1741
f 1417//1741 1486//1741 1485//1741
f 1485//1742 1486//1742 1113//1742
f 1485//1743 1113//1743 1102//1743
f 1487//1744 1038//1744 1106//1744
f 1412//1745 1413//1745 1415//1745
f 1415//1746 1413//1746 1487//1746
f 1415//1747 1487//1747 1486//1747
f 1486//1748 1487//1748 1106//1748
f 1486//1740 1106//1740 1112//1740
f 1488//1749 1328//1749 1039//1749
f 1410//1750 1411//1750 1413//1750
f 1413//1751 1411//1751 1488//1751
f 1413//1752 1488//1752 1487//1752
f 1487//1753 1488//1753 1039//1753
f 1487//1744 1039//1744 1038//1744
f 1489//1754 1330//1754 1329//1754
f 1408//1564 1409//1564 1411//1564
f 1411//1755 1409//1755 1489//1755
f 1411//1756 1489//1756 1488//1756
f 1488//1757 1489//1757 1329//1757
f 1488//1749 1329//1749 1328//1749
f 1490//1758 1332//1758 1331//1758
f 1406//1759 1407//1759 1409//1759
f 1409//1760 1407//1760 1490//1760
f 1409//1761 1490//1761 1489//1761
f 1489//1762 1490//1762 1331//1762
f 1489//1763 1331//1763 1330//1763
f 1491//1764 1333//1764 1335//1764
f 1404//1765 1405//1765 1407//1765
f 1407//1766 1405//1766 1491//1766
f 1407//1767 1491//1767 1490//1767
f 1490//1768 1491//1768 1335//1768
f 1490//1769 1335//1769 1332//1769
f 1492//1770 1241//1770 1243//1770
f 1402//1771 1403//1771 1405//1771
f 1405//1772 1403//1772 1492//1772
f 1405//1773 1492//1773 1491//1773
f 1491//1774 1492//1774 1243//1774
f 1491//1775 1243//1775 1333//1775
f 1493//1776 1247//1776 1246//1776
f 1400//1560 1401//1560 1403//1560
f 1403//1777 1401//1777 1493//1777
f 1403//1778 1493//1778 1492//1778
f 1492//1779 1493//1779 1246//1779
f 1492//1770 1246//1770 1241//1770
f 1494//1780 1251//1780 1249//1780
f 1398//1781 1399//1781 1401//1781
f 1401//1782 1399//1782 1494//1782
f 1401//1783 1494//1783 1493//1783
f 1493//1784 1494//1784 1249//1784
f 1493//1776 1249//1776 1247//1776
f 1495//1785 1255//1785 1253//1785
f 1396//1786 1397//1786 1399//1786
f 1399//1787 1397//1787 1495//1787
f 1399//1788 1495//1788 1494//1788
f 1494//1789 1495//1789 1253//1789
f 1494//1790 1253//1790 1251//1790
f 1496//1791 1258//1791 1257//1791
f 1394//1792 1395//1792 1397//1792
f 1397//1793 1395//1793 1496//1793
f 1397//1794 1496//1794 1495//1794
f 1495//1795 1496//1795 1257//1795
f 1495//1796 1257//1796 1255//1796
f 1497//1797 1262//1797 1260//1797
f 1392//1798 1393//1798 1395//1798
f 1395//1799 1393//1799 1497//1799
f 1395//1800 1497//1800 1496//1800
f 1496//1801 1497//1801 1260//1801
f 1496//1802 1260//1802 1258//1802
f 1498//1803 1266//1803 1264//1803
f 1390//1804 1391//1804 1393//1804
f 1393//1805 1391//1805 1498//1805
f 1393//1806 1498//1806 1497//1806
f 1497//1807 1498//1807 1264//1807
f 1497//1797 1264//1797 1262//1797
f 1499//1808 1269//1808 1268//1808
f 1388//1809 1389//1809 1391//1809
f 1391//1810 1389//1810 1499//1810
f 1391//1811 1499//1811 1498//1811
f 1498//1812 1499//1812 1268//1812
f 1498//1813 1268//1813 1266//1813
f 1500//1814 1273//1814 1271//1814
f 1386//1815 1387//1815 1389//1815
f 1389//1816 1387//1816 1500//1816
f 1389//1817 1500//1817 1499//1817
f 1499//1818 1500//1818 1271//1818
f 1499//1808 1271//1808 1269//1808
f 1501//1819 1277//1819 1275//1819
f 1384//1820 1385//1820 1387//1820
f 1387//1821 1385//1821 1501//1821
f 1387//1821 1501//1821 1500//1821
f 1500//1822 1501//1822 1275//1822
f 1500//1814 1275//1814 1273//1814
f 1502//1823 1280//1823 1279//1823
f 1382//1824 1383//1824 1385//1824
f 1385//1825 1383//1825 1502//1825
f 1385//1826 1502//1826 1501//1826
f 1501//1827 1502//1827 1279//1827
f 1501//1819 1279//1819 1277//1819
f 1503//1828 1285//1828 1282//1828
f 1380//1829 1381//1829 1383//1829
f 1383//1830 1381//1830 1503//1830
f 1383//1831 1503//1831 1502//1831
f 1502//1832 1503//1832 1282//1832
f 1502//1833 1282//1833 1280//1833
f 1504//1834 1289//1834 1286//1834
f 1378//1835 1379//1835 1381//1835
f 1381//1836 1379//1836 1504//1836
f 1381//1837 1504//1837 1503//1837
f 1503//1838 1504//1838 1286//1838
f 1503//1839 1286//1839 1285//1839
f 1505//1840 1336//1840 1291//1840
f 1376//1841 1377//1841 1379//1841
f 1379//1842 1377//1842 1505//1842
f 1379//1842 1505//1842 1504//1842
f 1504//1843 1505//1843 1291//1843
f 1504//1844 1291//1844 1289//1844
f 1373//1547 1375//1547 1377//1547
f 1377//1845 1375//1845 1458//1845
f 1377//1846 1458//1846 1505//1846
f 1505//1847 1458//1847 1337//1847
f 1505//1848 1337//1848 1336//1848
f 1322//1849 1323//1849 1460//1849
f 1460//1850 1323//1850 1324//1850
f 1460//1851 1324//1851 1459//1851
f 1459//1852 1324//1852 1036//1852
f 1459//1853 1036//1853 1458//1853
f 1458//1854 1036//1854 1035//1854
f 1458//1855 1035//1855 1337//1855
f 1073//1856 1076//1856 1506//1856
f 1103//1857 1111//1857 1507//1857
f 1103//1858 1507//1858 1101//1858
f 1101//1859 1507//1859 1508//1859
f 1101//1860 1508//1860 1099//1860
f 1099//1861 1508//1861 1509//1861
f 1099//1862 1509//1862 1097//1862
f 1088//1863 1090//1863 1510//1863
f 1510//1864 1090//1864 1092//1864
f 1510//1865 1092//1865 1509//1865
f 1509//1866 1092//1866 1094//1866
f 1509//1867 1094//1867 1097//1867
f 1088//1868 1510//1868 1084//1868
f 1084//1869 1510//1869 1511//1869
f 1084//1870 1511//1870 1082//1870
f 1082//1871 1511//1871 1512//1871
f 1082//1872 1512//1872 1080//1872
f 1506//1873 1076//1873 1512//1873
f 1512//1874 1076//1874 1078//1874
f 1512//1872 1078//1872 1080//1872
f 1073//1875 1506//1875 1071//1875
f 1071//1876 1506//1876 1513//1876
f 1071//1877 1513//1877 1069//1877
f 1069//1878 1513//1878 1067//1878
f 1067//1879 1513//1879 1514//1879
f 1067//1880 1514//1880 1065//1880
f 1063//1881 688//1881 1064//1881
f 1064//1881 688//1881 658//1881
f 1064//1881 658//1881 1058//1881
f 1058//1882 658//1882 1057//1882
f 1134//1883 1133//1883 650//1883
f 650//1884 1133//1884 1132//1884
f 650//1885 1132//1885 651//1885
f 651//1886 1132//1886 1131//1886
f 651//1887 1131//1887 678//1887
f 678//1888 1131//1888 1130//1888
f 678//1889 1130//1889 1129//1889
f 1134//1883 650//1883 1135//1883
f 1135//1890 650//1890 677//1890
f 1135//1891 677//1891 1136//1891
f 1136//1892 677//1892 1137//1892
f 1137//1893 677//1893 674//1893
f 1137//1894 674//1894 1126//1894
f 1126//1895 674//1895 1125//1895
f 1125//1896 674//1896 673//1896
f 1125//1897 673//1897 1124//1897
f 1119//1898 1120//1898 676//1898
f 676//1899 1120//1899 1121//1899
f 676//1900 1121//1900 675//1900
f 675//1901 1121//1901 1122//1901
f 675//1902 1122//1902 673//1902
f 673//1903 1122//1903 1123//1903
f 673//1897 1123//1897 1124//1897
f 1119//1898 676//1898 1114//1898
f 1114//1904 676//1904 652//1904
f 1114//1905 652//1905 1115//1905
f 1054//1906 1053//1906 691//1906
f 1054//1907 691//1907 1109//1907
f 1109//1907 691//1907 692//1907
f 1109//1908 692//1908 1107//1908
f 1182//1909 1184//1909 1515//1909
f 1201//1910 1203//1910 1516//1910
f 1201//1911 1516//1911 1199//1911
f 1199//1912 1516//1912 1517//1912
f 1199//1913 1517//1913 1197//1913
f 1197//1914 1517//1914 1190//1914
f 1190//1915 1517//1915 1518//1915
f 1190//1916 1518//1916 1188//1916
f 1515//1917 1184//1917 1518//1917
f 1518//1918 1184//1918 1186//1918
f 1518//1916 1186//1916 1188//1916
f 1182//1919 1515//1919 1179//1919
f 1179//1920 1515//1920 1519//1920
f 1179//1921 1519//1921 1177//1921
f 1166//1922 1168//1922 1520//1922
f 1520//1923 1168//1923 1171//1923
f 1520//1924 1171//1924 1521//1924
f 1521//1925 1171//1925 1173//1925
f 1521//1926 1173//1926 1519//1926
f 1519//1927 1173//1927 1175//1927
f 1519//1921 1175//1921 1177//1921
f 1166//1922 1520//1922 1163//1922
f 1163//1928 1520//1928 1522//1928
f 1163//1929 1522//1929 1162//1929
f 1523//1930 1158//1930 1522//1930
f 1522//1931 1158//1931 1160//1931
f 1522//1929 1160//1929 1162//1929
f 1150//1932 668//1932 1151//1932
f 1151//1932 668//1932 670//1932
f 1151//1932 670//1932 1144//1932
f 1144//1933 670//1933 1145//1933
f 1139//1934 662//1934 1138//1934
f 1138//1935 662//1935 716//1935
f 1138//1936 716//1936 1231//1936
f 1226//1937 1227//1937 722//1937
f 722//1938 1227//1938 1228//1938
f 722//1939 1228//1939 718//1939
f 718//1940 1228//1940 1229//1940
f 718//1941 1229//1941 716//1941
f 716//1942 1229//1942 1230//1942
f 716//1936 1230//1936 1231//1936
f 1226//1943 722//1943 1225//1943
f 1225//1944 722//1944 724//1944
f 1225//1945 724//1945 1224//1945
f 1224//1946 724//1946 1223//1946
f 1223//1947 724//1947 726//1947
f 1223//1948 726//1948 1222//1948
f 727//1949 1220//1949 726//1949
f 726//1950 1220//1950 1221//1950
f 726//1950 1221//1950 1222//1950
f 729//1951 1218//1951 727//1951
f 727//1952 1218//1952 1219//1952
f 727//1952 1219//1952 1220//1952
f 1211//1953 1210//1953 730//1953
f 730//1954 1210//1954 1216//1954
f 730//1955 1216//1955 729//1955
f 729//1956 1216//1956 1217//1956
f 729//1957 1217//1957 1218//1957
f 1209//1958 1215//1958 683//1958
f 1209//1959 683//1959 1207//1959
f 1207//1960 683//1960 684//1960
f 1207//1961 684//1961 1205//1961
f 1284//1962 1524//1962 1283//1962
f 1283//1963 1524//1963 1525//1963
f 1283//1964 1525//1964 1281//1964
f 1281//1965 1525//1965 1278//1965
f 1278//1966 1525//1966 1276//1966
f 1276//1967 1525//1967 1526//1967
f 1276//1968 1526//1968 1274//1968
f 1274//1969 1526//1969 1527//1969
f 1274//1970 1527//1970 1272//1970
f 1263//1971 1265//1971 1528//1971
f 1528//1971 1265//1971 1267//1971
f 1528//1972 1267//1972 1527//1972
f 1527//1973 1267//1973 1270//1973
f 1527//1974 1270//1974 1272//1974
f 1263//1975 1528//1975 1261//1975
f 1261//1976 1528//1976 1529//1976
f 1261//1977 1529//1977 1259//1977
f 1259//1978 1529//1978 1256//1978
f 1256//1979 1529//1979 1530//1979
f 1256//1980 1530//1980 1254//1980
f 1531//1981 1240//1981 1239//1981
f 1531//1982 1239//1982 1532//1982
f 1239//1983 1248//1983 1532//1983
f 1532//1984 1248//1984 1250//1984
f 1532//1985 1250//1985 1530//1985
f 1530//1986 1250//1986 1252//1986
f 1530//1980 1252//1980 1254//1980
f 1050//1987 709//1987 1051//1987
f 1051//1987 709//1987 661//1987
f 1051//1987 661//1987 1233//1987
f 1233//1988 661//1988 1234//1988
f 653//1989 1316//1989 654//1989
f 654//1990 1316//1990 1315//1990
f 654//1991 1315//1991 1238//1991
f 706//1992 1318//1992 653//1992
f 653//1993 1318//1993 1317//1993
f 653//1994 1317//1994 1316//1994
f 1314//1995 1321//1995 705//1995
f 705//1996 1321//1996 1320//1996
f 705//1997 1320//1997 706//1997
f 706//1998 1320//1998 1319//1998
f 706//1998 1319//1998 1318//1998
f 1314//1999 705//1999 1313//1999
f 1313//2000 705//2000 704//2000
f 1313//2001 704//2001 1312//2001
f 1307//2002 1308//2002 702//2002
f 702//2003 1308//2003 1309//2003
f 702//2004 1309//2004 703//2004
f 703//2005 1309//2005 1310//2005
f 703//2006 1310//2006 704//2006
f 704//2007 1310//2007 1311//2007
f 704//2008 1311//2008 1312//2008
f 1307//2009 702//2009 1306//2009
f 1306//2010 702//2010 701//2010
f 1306//2011 701//2011 1305//2011
f 1305//2011 701//2011 1304//2011
f 1304//2012 701//2012 700//2012
f 1304//2013 700//2013 1303//2013
f 1297//2014 1300//2014 695//2014
f 1297//2014 695//2014 1295//2014
f 1295//2015 695//2015 697//2015
f 1295//2016 697//2016 1293//2016
f 755//2017 1533//2017 811//2017
f 811//2017 1533//2017 1534//2017
f 811//2018 1534//2018 809//2018
f 809//2018 1534//2018 1535//2018
f 809//2019 1535//2019 807//2019
f 807//2020 1535//2020 1536//2020
f 807//2020 1536//2020 805//2020
f 805//2020 1536//2020 1537//2020
f 805//2021 1537//2021 985//2021
f 985//2018 1537//2018 803//2018
f 1538//2022 1533//2022 754//2022
f 754//2023 1533//2023 755//2023
f 1538//2024 754//2024 1539//2024
f 1539//2025 754//2025 752//2025
f 1539//2026 752//2026 1540//2026
f 1540//2027 752//2027 749//2027
f 1540//2028 749//2028 1541//2028
f 1541//2029 749//2029 748//2029
f 1541//2030 748//2030 1542//2030
f 1542//2031 748//2031 758//2031
f 1542//2032 758//2032 1543//2032
f 1543//2033 758//2033 760//2033
f 1543//2034 760//2034 1544//2034
f 1544//2035 760//2035 762//2035
f 1544//2036 762//2036 1545//2036
f 1545//2037 762//2037 764//2037
f 1545//2038 764//2038 1546//2038
f 1546//2039 764//2039 766//2039
f 1546//2040 766//2040 1547//2040
f 1547//2041 766//2041 769//2041
f 1547//2042 769//2042 1548//2042
f 1548//2043 769//2043 771//2043
f 1548//2044 771//2044 1549//2044
f 1549//2045 771//2045 773//2045
f 1549//2046 773//2046 1550//2046
f 1550//2047 773//2047 778//2047
f 775//2048 1551//2048 776//2048
f 776//2049 1551//2049 1550//2049
f 776//2050 1550//2050 778//2050
f 1012//2051 780//2051 1552//2051
f 795//2052 1553//2052 794//2052
f 794//2053 1553//2053 1554//2053
f 794//2054 1554//2054 793//2054
f 793//2055 1554//2055 1555//2055
f 793//2056 1555//2056 1556//2056
f 1557//2057 1558//2057 789//2057
f 789//2058 1558//2058 787//2058
f 1557//2059 789//2059 1556//2059
f 1556//2060 789//2060 791//2060
f 1556//2061 791//2061 793//2061
f 787//2058 1558//2058 779//2058
f 779//2062 1558//2062 1559//2062
f 779//2063 1559//2063 780//2063
f 780//2064 1559//2064 1560//2064
f 780//2065 1560//2065 1552//2065
f 1012//2066 1552//2066 1013//2066
f 1013//2067 1552//2067 1561//2067
f 1013//2068 1561//2068 1562//2068
f 1551//2069 775//2069 1563//2069
f 1563//2070 775//2070 1017//2070
f 1563//2071 1017//2071 1562//2071
f 1562//2072 1017//2072 1015//2072
f 1562//2073 1015//2073 1013//2073
f 1564//2014 1553//2014 783//2014
f 783//2074 1553//2074 795//2074
f 804//2075 803//2075 1537//2075
f 798//2075 799//2075 1565//2075
f 1564//2076 783//2076 786//2076
f 804//2077 1537//2077 799//2077
f 799//2077 1537//2077 1566//2077
f 799//2075 1566//2075 1565//2075
f 798//2075 1565//2075 786//2075
f 786//2077 1565//2077 1567//2077
f 786//2075 1567//2075 1564//2075
f 1553//2078 1564//2078 1567//2078
f 1534//2079 1533//2079 1538//2079
f 1554//2080 1553//2080 1538//2080
f 1538//2081 1553//2081 1534//2081
f 1534//2082 1553//2082 1567//2082
f 1534//2083 1567//2083 1535//2083
f 1535//2084 1567//2084 1565//2084
f 1535//2085 1565//2085 1536//2085
f 1536//2086 1565//2086 1566//2086
f 1536//2085 1566//2085 1537//2085
f 1538//2080 1539//2080 1554//2080
f 1554//2087 1539//2087 1540//2087
f 1554//2088 1540//2088 1555//2088
f 1555//2089 1540//2089 1541//2089
f 1555//2090 1541//2090 1556//2090
f 1556//2090 1541//2090 1542//2090
f 1556//2091 1542//2091 1557//2091
f 1557//2092 1542//2092 1558//2092
f 1558//2092 1542//2092 1543//2092
f 1558//2093 1543//2093 1559//2093
f 1543//2092 1544//2092 1559//2092
f 1559//2094 1544//2094 1545//2094
f 1559//2095 1545//2095 1560//2095
f 1560//2096 1545//2096 1552//2096
f 1552//2096 1545//2096 1546//2096
f 1552//2097 1546//2097 1561//2097
f 1561//2097 1546//2097 1547//2097
f 1561//2098 1547//2098 1562//2098
f 1562//2098 1547//2098 1548//2098
f 1562//2098 1548//2098 1563//2098
f 1548//2098 1549//2098 1563//2098
f 1563//2099 1549//2099 1550//2099
f 1563//2099 1550//2099 1551//2099
f 817//2100 1568//2100 879//2100
f 879//2101 1568//2101 1569//2101
f 879//2101 1569//2101 877//2101
f 877//2102 1569//2102 1570//2102
f 877//2100 1570//2100 875//2100
f 875//2102 1570//2102 1571//2102
f 875//2102 1571//2102 873//2102
f 873//2103 1571//2103 1572//2103
f 873//2102 1572//2102 869//2102
f 869//2104 1572//2104 870//2104
f 1573//1959 1568//1959 815//1959
f 815//2105 1568//2105 817//2105
f 1573//2106 815//2106 1574//2106
f 1574//2107 815//2107 814//2107
f 1574//2108 814//2108 1575//2108
f 1575//2109 814//2109 818//2109
f 1575//2110 818//2110 1576//2110
f 1576//2111 818//2111 820//2111
f 1576//2112 820//2112 1577//2112
f 1577//2113 820//2113 823//2113
f 1577//2114 823//2114 1578//2114
f 1578//2115 823//2115 825//2115
f 1578//2116 825//2116 1579//2116
f 1579//2117 825//2117 827//2117
f 1579//2118 827//2118 1580//2118
f 1580//2119 827//2119 830//2119
f 1580//2120 830//2120 1581//2120
f 1581//2121 830//2121 832//2121
f 1581//2122 832//2122 1582//2122
f 1582//2123 832//2123 834//2123
f 1582//2124 834//2124 1583//2124
f 1583//2125 834//2125 837//2125
f 1583//2126 837//2126 1584//2126
f 1584//2127 837//2127 839//2127
f 1584//2128 839//2128 1585//2128
f 1585//2129 839//2129 843//2129
f 840//2130 1586//2130 841//2130
f 841//2131 1586//2131 1585//2131
f 841//2132 1585//2132 843//2132
f 853//2133 851//2133 1587//2133
f 746//2134 1588//2134 747//2134
f 747//2135 1588//2135 1589//2135
f 747//2136 1589//2136 863//2136
f 863//2137 1589//2137 1590//2137
f 863//2138 1590//2138 1591//2138
f 1592//2139 1593//2139 845//2139
f 845//2140 1593//2140 847//2140
f 1592//2141 845//2141 1591//2141
f 1591//2142 845//2142 864//2142
f 1591//2143 864//2143 863//2143
f 847//2144 1593//2144 849//2144
f 849//2145 1593//2145 1594//2145
f 849//2146 1594//2146 851//2146
f 851//2147 1594//2147 1595//2147
f 851//2148 1595//2148 1587//2148
f 853//2149 1587//2149 855//2149
f 855//2150 1587//2150 1596//2150
f 855//2151 1596//2151 1597//2151
f 1586//2152 840//2152 1598//2152
f 1598//2153 840//2153 859//2153
f 1598//2154 859//2154 1597//2154
f 1597//2155 859//2155 857//2155
f 1597//2156 857//2156 855//2156
f 1599//1960 1588//1960 745//1960
f 745//1960 1588//1960 746//1960
f 1600//2157 1601//2157 866//2157
f 1599//2158 745//2158 1602//2158
f 1602//2159 745//2159 742//2159
f 1602//2160 742//2160 1601//2160
f 1601//2158 742//2158 867//2158
f 1601//2157 867//2157 866//2157
f 1600//2158 866//2158 1572//2158
f 1572//2158 866//2158 1026//2158
f 1572//2161 1026//2161 870//2161
f 1588//2162 1599//2162 1602//2162
f 1569//2163 1568//2163 1573//2163
f 1589//2164 1588//2164 1573//2164
f 1573//2165 1588//2165 1569//2165
f 1569//2166 1588//2166 1602//2166
f 1569//2167 1602//2167 1570//2167
f 1570//2168 1602//2168 1601//2168
f 1570//2169 1601//2169 1571//2169
f 1571//2169 1601//2169 1600//2169
f 1571//2170 1600//2170 1572//2170
f 1573//2164 1574//2164 1589//2164
f 1589//2171 1574//2171 1575//2171
f 1589//2172 1575//2172 1590//2172
f 1590//2173 1575//2173 1591//2173
f 1591//2174 1575//2174 1576//2174
f 1591//2175 1576//2175 1592//2175
f 1592//2175 1576//2175 1577//2175
f 1592//2176 1577//2176 1593//2176
f 1593//2177 1577//2177 1578//2177
f 1593//2177 1578//2177 1594//2177
f 1578//2176 1579//2176 1594//2176
f 1594//2178 1579//2178 1580//2178
f 1594//2178 1580//2178 1595//2178
f 1595//2179 1580//2179 1587//2179
f 1587//2180 1580//2180 1581//2180
f 1587//2181 1581//2181 1596//2181
f 1596//2182 1581//2182 1582//2182
f 1596//2183 1582//2183 1597//2183
f 1597//2183 1582//2183 1583//2183
f 1597//2183 1583//2183 1598//2183
f 1583//2183 1584//2183 1598//2183
f 1598//2184 1584//2184 1585//2184
f 1598//2185 1585//2185 1586//2185
f 890//2186 1603//2186 949//2186
f 949//2187 1603//2187 1604//2187
f 949//2187 1604//2187 947//2187
f 947//2187 1604//2187 1605//2187
f 947//2188 1605//2188 945//2188
f 945//2187 1605//2187 1606//2187
f 945//2187 1606//2187 943//2187
f 943//2187 1606//2187 1607//2187
f 943//2187 1607//2187 941//2187
f 941//2189 1607//2189 942//2189
f 1608//1907 1603//1907 889//1907
f 889//1907 1603//1907 890//1907
f 1608//2190 889//2190 1609//2190
f 1609//2191 889//2191 887//2191
f 1609//2192 887//2192 1610//2192
f 1610//2193 887//2193 885//2193
f 1610//2194 885//2194 1611//2194
f 1611//2195 885//2195 883//2195
f 1611//2196 883//2196 1612//2196
f 1612//2197 883//2197 740//2197
f 1612//2198 740//2198 1613//2198
f 1613//2199 740//2199 739//2199
f 1613//2200 739//2200 1614//2200
f 1614//2201 739//2201 893//2201
f 1614//2202 893//2202 1615//2202
f 1615//2203 893//2203 895//2203
f 1615//2204 895//2204 1616//2204
f 1616//2205 895//2205 897//2205
f 1616//2206 897//2206 1617//2206
f 1617//2207 897//2207 900//2207
f 1617//2208 900//2208 1618//2208
f 1618//2209 900//2209 902//2209
f 1618//2210 902//2210 1619//2210
f 1619//2211 902//2211 904//2211
f 1619//2212 904//2212 1620//2212
f 1620//2213 904//2213 908//2213
f 905//2214 1621//2214 906//2214
f 906//2214 1621//2214 1620//2214
f 906//2215 1620//2215 908//2215
f 917//2216 918//2216 1622//2216
f 932//2217 1623//2217 931//2217
f 931//2218 1623//2218 1624//2218
f 931//2219 1624//2219 930//2219
f 1624//2220 1625//2220 930//2220
f 930//2221 1625//2221 1626//2221
f 930//2222 1626//2222 926//2222
f 926//2223 1626//2223 924//2223
f 924//2224 1626//2224 1627//2224
f 924//2225 1627//2225 922//2225
f 922//2226 1627//2226 1628//2226
f 922//2227 1628//2227 920//2227
f 920//2228 1628//2228 1629//2228
f 920//2229 1629//2229 918//2229
f 918//2230 1629//2230 1630//2230
f 918//2231 1630//2231 1622//2231
f 917//2232 1622//2232 915//2232
f 915//2233 1622//2233 1631//2233
f 915//2234 1631//2234 1632//2234
f 1621//2235 905//2235 1633//2235
f 1633//2236 905//2236 911//2236
f 1633//2237 911//2237 1632//2237
f 1632//2238 911//2238 913//2238
f 1632//2238 913//2238 915//2238
f 1634//1907 1623//1907 928//1907
f 928//2239 1623//2239 932//2239
f 939//2240 942//2240 1607//2240
f 935//2241 937//2241 1635//2241
f 1634//2240 928//2240 927//2240
f 939//2242 1607//2242 937//2242
f 937//2242 1607//2242 1636//2242
f 937//2240 1636//2240 1635//2240
f 935//2241 1635//2241 927//2241
f 927//2243 1635//2243 1637//2243
f 927//2244 1637//2244 1634//2244
f 1623//2245 1634//2245 1637//2245
f 1604//2246 1603//2246 1608//2246
f 1624//2247 1623//2247 1608//2247
f 1608//2248 1623//2248 1604//2248
f 1604//2249 1623//2249 1637//2249
f 1604//2250 1637//2250 1605//2250
f 1605//2251 1637//2251 1635//2251
f 1605//2252 1635//2252 1606//2252
f 1606//2252 1635//2252 1636//2252
f 1606//2253 1636//2253 1607//2253
f 1608//2254 1609//2254 1624//2254
f 1624//2255 1609//2255 1610//2255
f 1624//2255 1610//2255 1625//2255
f 1625//2256 1610//2256 1611//2256
f 1625//2257 1611//2257 1626//2257
f 1626//2258 1611//2258 1612//2258
f 1626//2258 1612//2258 1627//2258
f 1627//2259 1612//2259 1628//2259
f 1628//2260 1612//2260 1613//2260
f 1628//2260 1613//2260 1629//2260
f 1613//2260 1614//2260 1629//2260
f 1629//2261 1614//2261 1615//2261
f 1629//2261 1615//2261 1630//2261
f 1630//2262 1615//2262 1616//2262
f 1630//2262 1616//2262 1622//2262
f 1622//2263 1616//2263 1617//2263
f 1622//2263 1617//2263 1631//2263
f 1631//2264 1617//2264 1632//2264
f 1632//2265 1617//2265 1618//2265
f 1632//2266 1618//2266 1633//2266
f 1618//2267 1619//2267 1633//2267
f 1633//2268 1619//2268 1620//2268
f 1633//2269 1620//2269 1621//2269
f 1023//2270 1024//2270 733//2270
f 1003//2271 1002//2271 712//2271
f 712//2272 1002//2272 665//2272
f 854//2273 856//2273 713//2273
f 713//2274 856//2274 858//2274
f 713//2275 858//2275 712//2275
f 712//2276 858//2276 860//2276
f 712//2277 860//2277 1003//2277
f 854//2278 713//2278 852//2278
f 852//2279 713//2279 715//2279
f 852//2280 715//2280 850//2280
f 862//2281 844//2281 738//2281
f 738//2282 844//2282 846//2282
f 738//2283 846//2283 715//2283
f 715//2284 846//2284 848//2284
f 715//2285 848//2285 850//2285
f 734//2286 743//2286 738//2286
f 738//2287 743//2287 861//2287
f 738//2281 861//2281 862//2281
f 1024//2288 1025//2288 733//2288
f 733//2289 1025//2289 865//2289
f 733//2290 865//2290 734//2290
f 734//2291 865//2291 744//2291
f 734//2292 744//2292 743//2292
f 1023//2293 733//2293 1022//2293
f 1022//2294 733//2294 737//2294
f 1022//2295 737//2295 1021//2295
f 736//2296 1019//2296 737//2296
f 737//2297 1019//2297 1020//2297
f 737//2298 1020//2298 1021//2298
f 782//2299 1014//2299 735//2299
f 735//2300 1014//2300 1016//2300
f 735//2301 1016//2301 736//2301
f 736//2302 1016//2302 1018//2302
f 736//2303 1018//2303 1019//2303
f 792//2304 790//2304 721//2304
f 721//2305 790//2305 788//2305
f 721//2306 788//2306 735//2306
f 735//2307 788//2307 781//2307
f 735//2308 781//2308 782//2308
f 792//2309 721//2309 784//2309
f 784//2310 721//2310 720//2310
f 784//2311 720//2311 785//2311
f 719//2312 797//2312 720//2312
f 720//2313 797//2313 796//2313
f 720//2314 796//2314 785//2314
f 1009//2315 802//2315 732//2315
f 732//2316 802//2316 801//2316
f 732//2317 801//2317 719//2317
f 719//2318 801//2318 800//2318
f 719//2319 800//2319 797//2319
f 731//2320 1011//2320 732//2320
f 732//2321 1011//2321 1010//2321
f 732//2322 1010//2322 1009//2322
f 912//2323 910//2323 728//2323
f 728//2324 910//2324 909//2324
f 728//2325 909//2325 731//2325
f 731//2326 909//2326 1008//2326
f 731//2327 1008//2327 1011//2327
f 921//2328 919//2328 725//2328
f 725//2328 919//2328 916//2328
f 725//2329 916//2329 728//2329
f 728//2330 916//2330 914//2330
f 728//2331 914//2331 912//2331
f 921//2332 725//2332 923//2332
f 923//2333 725//2333 723//2333
f 923//2334 723//2334 925//2334
f 936//2335 934//2335 717//2335
f 717//2336 934//2336 933//2336
f 717//2337 933//2337 723//2337
f 723//2338 933//2338 929//2338
f 723//1881 929//1881 925//1881
f 936//2339 717//2339 938//2339
f 938//2340 717//2340 664//2340
f 938//2341 664//2341 1004//2341
f 1002//2342 1007//2342 665//2342
f 665//2343 1007//2343 1006//2343
f 665//2344 1006//2344 664//2344
f 664//2345 1006//2345 1005//2345
f 664//2346 1005//2346 1004//2346
f 663//2347 1146//2347 672//2347
f 672//2348 1146//2348 1145//2348
f 672//2349 1145//2349 670//2349
f 1139//2350 1140//2350 662//2350
f 662//2351 1140//2351 1148//2351
f 662//2352 1148//2352 663//2352
f 663//2353 1148//2353 1147//2353
f 663//2354 1147//2354 1146//2354
f 688//2355 1063//2355 686//2355
f 686//2356 1063//2356 1062//2356
f 686//2357 1062//2357 1638//2357
f 1638//2358 1062//2358 1061//2358
f 1638//2359 1061//2359 1639//2359
f 1639//2360 1061//2360 1060//2360
f 1639//2360 1060//2360 1640//2360
f 1640//2361 1060//2361 1065//2361
f 1640//2362 1065//2362 1514//2362
f 1057//2363 658//2363 682//2363
f 1057//2364 682//2364 1056//2364
f 1056//2365 682//2365 680//2365
f 1056//2366 680//2366 1127//2366
f 1127//2367 680//2367 1128//2367
f 1128//2368 680//2368 678//2368
f 1128//2369 678//2369 1129//2369
f 692//2370 693//2370 1107//2370
f 1107//2371 693//2371 1104//2371
f 693//2372 1641//2372 1104//2372
f 1104//2373 1641//2373 1642//2373
f 1104//2374 1642//2374 1105//2374
f 1105//2375 1642//2375 1643//2375
f 1105//2376 1643//2376 1110//2376
f 1110//2377 1643//2377 1507//2377
f 1110//2378 1507//2378 1111//2378
f 1115//2379 652//2379 1116//2379
f 1116//2380 652//2380 648//2380
f 1116//2381 648//2381 1117//2381
f 1117//2382 648//2382 647//2382
f 1117//2383 647//2383 1118//2383
f 1118//2384 647//2384 691//2384
f 1118//2385 691//2385 1053//2385
f 709//2386 1050//2386 707//2386
f 707//2387 1050//2387 1245//2387
f 707//2388 1245//2388 1644//2388
f 1644//2389 1245//2389 1244//2389
f 1644//2390 1244//2390 1645//2390
f 1645//2391 1244//2391 1242//2391
f 1645//2392 1242//2392 1646//2392
f 1646//2393 1242//2393 1240//2393
f 1646//2394 1240//2394 1531//2394
f 1234//2395 661//2395 649//2395
f 1234//2396 649//2396 1235//2396
f 1235//2397 649//2397 655//2397
f 1235//2398 655//2398 1236//2398
f 1236//2399 655//2399 1237//2399
f 1237//2400 655//2400 654//2400
f 1237//2401 654//2401 1238//2401
f 697//2402 699//2402 1293//2402
f 1293//2403 699//2403 1292//2403
f 699//2404 1647//2404 1292//2404
f 1292//2405 1647//2405 1648//2405
f 1292//2406 1648//2406 1290//2406
f 1290//2407 1648//2407 1649//2407
f 1290//2408 1649//2408 1288//2408
f 1288//2409 1649//2409 1287//2409
f 1287//2410 1649//2410 1524//2410
f 1287//2411 1524//2411 1284//2411
f 1302//2412 1303//2412 700//2412
f 1302//2413 700//2413 1301//2413
f 1301//2414 700//2414 714//2414
f 1301//2415 714//2415 1298//2415
f 1298//2416 714//2416 694//2416
f 1298//2417 694//2417 1299//2417
f 1299//2418 694//2418 695//2418
f 1299//2419 695//2419 1300//2419
f 684//2420 685//2420 1205//2420
f 1205//2421 685//2421 1191//2421
f 685//2422 1650//2422 1191//2422
f 1191//2423 1650//2423 1651//2423
f 1191//2424 1651//2424 1192//2424
f 1192//2425 1651//2425 1652//2425
f 1192//2426 1652//2426 1204//2426
f 1204//2427 1652//2427 1516//2427
f 1204//2427 1516//2427 1203//2427
f 668//2428 1150//2428 666//2428
f 666//2429 1150//2429 1149//2429
f 666//2430 1149//2430 1653//2430
f 1653//2431 1149//2431 1152//2431
f 1653//2432 1152//2432 1654//2432
f 1654//2433 1152//2433 1154//2433
f 1654//2434 1154//2434 1655//2434
f 1655//2435 1154//2435 1156//2435
f 1655//2436 1156//2436 1523//2436
f 1523//2437 1156//2437 1158//2437
f 1211//2438 730//2438 1212//2438
f 1212//2439 730//2439 679//2439
f 1212//2440 679//2440 1213//2440
f 1213//2441 679//2441 681//2441
f 1213//2442 681//2442 1214//2442
f 1214//2443 681//2443 683//2443
f 1214//2444 683//2444 1215//2444
f 1647//2 699//2 1656//2
f 1657//2445 707//2445 1644//2445
f 1649//2 1648//2 1524//2
f 1524//3 1648//3 1647//3
f 1524//3 1647//3 1525//3
f 1525//2446 1647//2446 1656//2446
f 1525//2447 1656//2447 1526//2447
f 1526//2448 1656//2448 1658//2448
f 1526//2449 1658//2449 1527//2449
f 1527//2447 1658//2447 1659//2447
f 1527//2450 1659//2450 1528//2450
f 1528//4 1659//4 1660//4
f 1528//2451 1660//2451 1529//2451
f 1529//1 1660//1 1661//1
f 1529//2 1661//2 1530//2
f 1530//2452 1661//2452 1662//2452
f 1530//2453 1662//2453 1532//2453
f 1532//2445 1662//2445 1657//2445
f 1532//2451 1657//2451 1531//2451
f 1531//2451 1657//2451 1644//2451
f 1531//2454 1644//2454 1646//2454
f 1646//2455 1644//2455 1645//2455
f 1663//2454 666//2454 1653//2454
f 1650//1 685//1 1664//1
f 1652//2456 1651//2456 1516//2456
f 1516//2453 1651//2453 1650//2453
f 1516//2451 1650//2451 1517//2451
f 1517//1 1650//1 1664//1
f 1517//1 1664//1 1518//1
f 1518//5 1664//5 1665//5
f 1518//2 1665//2 1515//2
f 1515//5 1665//5 1666//5
f 1515//5 1666//5 1519//5
f 1519//2453 1666//2453 1667//2453
f 1519//2453 1667//2453 1521//2453
f 1521//5 1667//5 1668//5
f 1521//2454 1668//2454 1520//2454
f 1520//5 1668//5 1669//5
f 1520//5 1669//5 1522//5
f 1522//1 1669//1 1663//1
f 1522//1 1663//1 1523//1
f 1523//2457 1663//2457 1653//2457
f 1523//4 1653//4 1655//4
f 1655//2447 1653//2447 1654//2447
f 1641//1 693//1 1670//1
f 1671//5 686//5 1638//5
f 1643//5 1642//5 1507//5
f 1507//5 1642//5 1641//5
f 1507//5 1641//5 1508//5
f 1508//2454 1641//2454 1670//2454
f 1508//2454 1670//2454 1509//2454
f 1509//2458 1670//2458 1672//2458
f 1509//2459 1672//2459 1510//2459
f 1510//2454 1672//2454 1673//2454
f 1510//2460 1673//2460 1511//2460
f 1511//4 1673//4 1674//4
f 1511//4 1674//4 1512//4
f 1512//4 1674//4 1675//4
f 1512//4 1675//4 1506//4
f 1506//4 1675//4 1676//4
f 1506//2461 1676//2461 1513//2461
f 1513//4 1676//4 1671//4
f 1513//4 1671//4 1514//4
f 1514//3 1671//3 1638//3
f 1514//2454 1638//2454 1640//2454
f 1640//2462 1638//2462 1639//2462
f 1677//2463 1678//2463 1679//2463
f 1679//2464 1678//2464 1680//2464
f 1679//2464 1680//2464 1681//2464
f 1681//2465 1680//2465 1682//2465
f 1681//2465 1682//2465 1683//2465
f 1683//2466 1682//2466 1684//2466
f 1683//2467 1684//2467 1685//2467
f 1685//2468 1684//2468 1686//2468
f 1685//2468 1686//2468 1687//2468
f 1687//2469 1686//2469 1688//2469
f 1687//2469 1688//2469 1689//2469
f 1689//2470 1688//2470 1690//2470
f 1689//2470 1690//2470 1691//2470
f 1691//2471 1690//2471 1692//2471
f 1691//2472 1692//2472 1693//2472
f 1693//2473 1692//2473 1694//2473
f 1693//2474 1694//2474 1695//2474
f 1695//2475 1694//2475 1696//2475
f 1695//2475 1696//2475 1697//2475
f 1697//2476 1696//2476 1698//2476
f 1697//2476 1698//2476 1699//2476
f 1699//2477 1698//2477 1700//2477
f 1699//2477 1700//2477 1701//2477
f 1701//2478 1700//2478 1702//2478
f 1701//2478 1702//2478 1703//2478
f 1703//2479 1702//2479 1704//2479
f 1703//2479 1704//2479 1705//2479
f 1705//2480 1704//2480 1706//2480
f 1705//2480 1706//2480 1707//2480
f 1707//2481 1706//2481 1708//2481
f 1707//2481 1708//2481 1709//2481
f 1709//2482 1708//2482 1710//2482
f 1709//2482 1710//2482 1711//2482
f 1711//2483 1710//2483 1712//2483
f 1711//2483 1712//2483 1713//2483
f 1713//2484 1712//2484 1714//2484
f 1713//2484 1714//2484 1715//2484
f 1715//2485 1714//2485 1716//2485
f 1715//2486 1716//2486 1717//2486
f 1717//2487 1716//2487 1718//2487
f 1717//2487 1718//2487 1719//2487
f 1719//2488 1718//2488 1720//2488
f 1719//2489 1720//2489 1721//2489
f 1721//2490 1720//2490 1722//2490
f 1721//2490 1722//2490 1723//2490
f 1723//2491 1722//2491 1724//2491
f 1723//2491 1724//2491 1725//2491
f 1725//2492 1724//2492 1726//2492
f 1725//2492 1726//2492 1727//2492
f 1727//2493 1726//2493 1728//2493
f 1727//2494 1728//2494 1729//2494
f 1729//2495 1728//2495 1730//2495
f 1729//2495 1730//2495 1731//2495
f 1731//2496 1730//2496 1732//2496
f 1731//2496 1732//2496 1733//2496
f 1733//2497 1732//2497 1734//2497
f 1733//2497 1734//2497 1735//2497
f 1735//2498 1734//2498 1736//2498
f 1735//2498 1736//2498 1737//2498
f 1737//2499 1736//2499 1738//2499
f 1737//2499 1738//2499 1739//2499
f 1739//2500 1738//2500 1740//2500
f 1739//2500 1740//2500 1741//2500
f 1741//2501 1740//2501 1742//2501
f 1741//2501 1742//2501 1743//2501
f 1743//2502 1742//2502 1744//2502
f 1743//2502 1744//2502 1677//2502
f 1677//2463 1744//2463 1678//2463
f 1745//2503 1746//2503 1747//2503
f 1747//2504 1748//2504 1745//2504
f 1745//2504 1748//2504 1749//2504
f 1745//2505 1749//2505 1750//2505
f 1749//2506 1751//2506 1750//2506
f 1750//2506 1751//2506 1752//2506
f 1750//2507 1752//2507 1753//2507
f 1752//2508 1754//2508 1753//2508
f 1753//2508 1754//2508 1755//2508
f 1753//2509 1755//2509 1756//2509
f 1755//2510 1757//2510 1756//2510
f 1756//2511 1757//2511 1758//2511
f 1756//2512 1758//2512 1759//2512
f 1758//2513 1760//2513 1759//2513
f 1759//2514 1760//2514 1761//2514
f 1759//2515 1761//2515 1762//2515
f 1761//2516 1763//2516 1762//2516
f 1762//2516 1763//2516 1764//2516
f 1762//2517 1764//2517 1765//2517
f 1764//2518 1766//2518 1765//2518
f 1765//2519 1766//2519 1767//2519
f 1765//2520 1767//2520 1768//2520
f 1768//2521 1767//2521 1769//2521
f 1768//2522 1769//2522 1770//2522
f 1769//2523 1771//2523 1770//2523
f 1770//2524 1771//2524 1772//2524
f 1770//2525 1772//2525 1773//2525
f 1772//2526 1774//2526 1773//2526
f 1773//2527 1774//2527 1775//2527
f 1773//2528 1775//2528 1776//2528
f 1775//2529 1777//2529 1776//2529
f 1776//2530 1777//2530 1778//2530
f 1776//2531 1778//2531 1779//2531
f 1778//2532 1780//2532 1779//2532
f 1779//2533 1780//2533 1781//2533
f 1779//2534 1781//2534 1782//2534
f 1781//2535 1783//2535 1782//2535
f 1782//2536 1783//2536 1784//2536
f 1782//2537 1784//2537 1785//2537
f 1784//2538 1786//2538 1785//2538
f 1785//2539 1786//2539 1787//2539
f 1785//2540 1787//2540 1788//2540
f 1787//2541 1789//2541 1788//2541
f 1788//2542 1789//2542 1790//2542
f 1788//2543 1790//2543 1791//2543
f 1790//2544 1792//2544 1791//2544
f 1791//2545 1792//2545 1793//2545
f 1791//2546 1793//2546 1794//2546
f 1793//2547 1795//2547 1794//2547
f 1794//2548 1795//2548 1796//2548
f 1794//2549 1796//2549 1797//2549
f 1796//2550 1798//2550 1797//2550
f 1797//2551 1798//2551 1799//2551
f 1797//2552 1799//2552 1800//2552
f 1799//2553 1801//2553 1800//2553
f 1800//2553 1801//2553 1802//2553
f 1800//2554 1802//2554 1803//2554
f 1802//2555 1804//2555 1803//2555
f 1803//2555 1804//2555 1805//2555
f 1803//2556 1805//2556 1806//2556
f 1805//2557 1807//2557 1806//2557
f 1806//2558 1807//2558 1808//2558
f 1806//2559 1808//2559 1809//2559
f 1808//2560 1810//2560 1809//2560
f 1809//2560 1810//2560 1811//2560
f 1809//2561 1811//2561 1812//2561
f 1811//2562 1813//2562 1812//2562
f 1812//2563 1813//2563 1814//2563
f 1812//2564 1814//2564 1815//2564
f 1814//2565 1816//2565 1815//2565
f 1815//2565 1816//2565 1817//2565
f 1815//2566 1817//2566 1818//2566
f 1818//2567 1817//2567 1819//2567
f 1818//2568 1819//2568 1820//2568
f 1819//2569 1821//2569 1820//2569
f 1820//2570 1821//2570 1822//2570
f 1820//2571 1822//2571 1823//2571
f 1822//2572 1824//2572 1823//2572
f 1823//2573 1824//2573 1825//2573
f 1823//2574 1825//2574 1826//2574
f 1825//2575 1827//2575 1826//2575
f 1826//2576 1827//2576 1828//2576
f 1826//2577 1828//2577 1829//2577
f 1828//2578 1830//2578 1829//2578
f 1829//2579 1830//2579 1831//2579
f 1829//2580 1831//2580 1832//2580
f 1831//2581 1833//2581 1832//2581
f 1832//2582 1833//2582 1834//2582
f 1832//2583 1834//2583 1835//2583
f 1834//2584 1836//2584 1835//2584
f 1835//2585 1836//2585 1837//2585
f 1835//2586 1837//2586 1838//2586
f 1837//2587 1839//2587 1838//2587
f 1838//2588 1839//2588 1840//2588
f 1838//2589 1840//2589 1841//2589
f 1840//2590 1842//2590 1841//2590
f 1841//2591 1842//2591 1843//2591
f 1841//2592 1843//2592 1844//2592
f 1843//2593 1845//2593 1844//2593
f 1844//2594 1845//2594 1846//2594
f 1844//2595 1846//2595 1847//2595
f 1846//2596 1848//2596 1847//2596
f 1847//2597 1848//2597 1849//2597
f 1847//2598 1849//2598 1850//2598
f 1849//2599 1851//2599 1850//2599
f 1850//2600 1851//2600 1852//2600
f 1850//2601 1852//2601 1853//2601
f 1852//2602 1854//2602 1853//2602
f 1853//2602 1854//2602 1855//2602
f 1853//2603 1855//2603 1856//2603
f 1855//2604 1857//2604 1856//2604
f 1856//2605 1857//2605 1858//2605
f 1856//2606 1858//2606 1859//2606
f 1858//2607 1860//2607 1859//2607
f 1859//2607 1860//2607 1861//2607
f 1859//2608 1861//2608 1862//2608
f 1861//2609 1863//2609 1862//2609
f 1862//2610 1863//2610 1864//2610
f 1862//2611 1864//2611 1865//2611
f 1864//2612 1866//2612 1865//2612
f 1865//2613 1866//2613 1867//2613
f 1865//2614 1867//2614 1868//2614
f 1867//2615 1869//2615 1868//2615
f 1868//2615 1869//2615 1870//2615
f 1868//2616 1870//2616 1871//2616
f 1871//2617 1870//2617 1872//2617
f 1871//2618 1872//2618 1873//2618
f 1872//2619 1874//2619 1873//2619
f 1873//2620 1874//2620 1875//2620
f 1873//2621 1875//2621 1876//2621
f 1875//2622 1877//2622 1876//2622
f 1876//2623 1877//2623 1878//2623
f 1876//2624 1878//2624 1879//2624
f 1878//2625 1880//2625 1879//2625
f 1879//2626 1880//2626 1881//2626
f 1879//2627 1881//2627 1882//2627
f 1881//2628 1883//2628 1882//2628
f 1882//2629 1883//2629 1884//2629
f 1882//2630 1884//2630 1885//2630
f 1884//2631 1886//2631 1885//2631
f 1885//2632 1886//2632 1887//2632
f 1885//2633 1887//2633 1888//2633
f 1887//2634 1889//2634 1888//2634
f 1888//2635 1889//2635 1890//2635
f 1888//2636 1890//2636 1891//2636
f 1890//2637 1892//2637 1891//2637
f 1891//2638 1892//2638 1893//2638
f 1891//2639 1893//2639 1894//2639
f 1893//2640 1895//2640 1894//2640
f 1894//2641 1895//2641 1896//2641
f 1894//2642 1896//2642 1897//2642
f 1897//2643 1896//2643 1898//2643
f 1897//2644 1898//2644 1746//2644
f 1746//2645 1898//2645 1899//2645
f 1746//2646 1899//2646 1747//2646
f 1894//2647 1900//2647 1891//2647
f 1891//2647 1900//2647 1901//2647
f 1891//2648 1901//2648 1888//2648
f 1888//2648 1901//2648 1902//2648
f 1888//2649 1902//2649 1885//2649
f 1885//2650 1902//2650 1903//2650
f 1885//2651 1903//2651 1882//2651
f 1882//2652 1903//2652 1904//2652
f 1882//2653 1904//2653 1879//2653
f 1879//2653 1904//2653 1905//2653
f 1879//2654 1905//2654 1876//2654
f 1876//2654 1905//2654 1906//2654
f 1876//2655 1906//2655 1873//2655
f 1873//2655 1906//2655 1907//2655
f 1873//2656 1907//2656 1871//2656
f 1871//2656 1907//2656 1908//2656
f 1871//2657 1908//2657 1868//2657
f 1868//2657 1908//2657 1909//2657
f 1868//2658 1909//2658 1865//2658
f 1865//2658 1909//2658 1910//2658
f 1865//2659 1910//2659 1862//2659
f 1862//2659 1910//2659 1911//2659
f 1862//2660 1911//2660 1859//2660
f 1859//2660 1911//2660 1912//2660
f 1859//2661 1912//2661 1856//2661
f 1856//2661 1912//2661 1913//2661
f 1856//2662 1913//2662 1853//2662
f 1853//2663 1913//2663 1914//2663
f 1853//2664 1914//2664 1850//2664
f 1850//2665 1914//2665 1915//2665
f 1850//2666 1915//2666 1847//2666
f 1847//2666 1915//2666 1916//2666
f 1847//2667 1916//2667 1844//2667
f 1844//2667 1916//2667 1917//2667
f 1844//2668 1917//2668 1841//2668
f 1841//2668 1917//2668 1918//2668
f 1841//2669 1918//2669 1838//2669
f 1838//2669 1918//2669 1919//2669
f 1838//2670 1919//2670 1835//2670
f 1835//2670 1919//2670 1920//2670
f 1835//2671 1920//2671 1832//2671
f 1832//2671 1920//2671 1921//2671
f 1832//2672 1921//2672 1829//2672
f 1829//2672 1921//2672 1922//2672
f 1829//2673 1922//2673 1826//2673
f 1826//2673 1922//2673 1923//2673
f 1826//2674 1923//2674 1823//2674
f 1823//2674 1923//2674 1924//2674
f 1823//2675 1924//2675 1820//2675
f 1820//2676 1924//2676 1925//2676
f 1820//2677 1925//2677 1818//2677
f 1818//2678 1925//2678 1926//2678
f 1818//2679 1926//2679 1815//2679
f 1815//2679 1926//2679 1927//2679
f 1815//2680 1927//2680 1812//2680
f 1812//2680 1927//2680 1928//2680
f 1812//2681 1928//2681 1809//2681
f 1809//2681 1928//2681 1929//2681
f 1809//2682 1929//2682 1806//2682
f 1806//2683 1929//2683 1930//2683
f 1806//2684 1930//2684 1803//2684
f 1803//2684 1930//2684 1931//2684
f 1803//2685 1931//2685 1800//2685
f 1800//2685 1931//2685 1932//2685
f 1800//2686 1932//2686 1797//2686
f 1797//2686 1932//2686 1933//2686
f 1797//2687 1933//2687 1794//2687
f 1794//2688 1933//2688 1934//2688
f 1794//2689 1934//2689 1791//2689
f 1791//2689 1934//2689 1935//2689
f 1791//2690 1935//2690 1788//2690
f 1788//2690 1935//2690 1936//2690
f 1788//2691 1936//2691 1785//2691
f 1785//2692 1936//2692 1937//2692
f 1785//2693 1937//2693 1782//2693
f 1782//2693 1937//2693 1938//2693
f 1782//2694 1938//2694 1779//2694
f 1779//2694 1938//2694 1939//2694
f 1779//2695 1939//2695 1776//2695
f 1776//2696 1939//2696 1940//2696
f 1776//2697 1940//2697 1773//2697
f 1773//2697 1940//2697 1941//2697
f 1773//2698 1941//2698 1770//2698
f 1770//2698 1941//2698 1942//2698
f 1770//2699 1942//2699 1768//2699
f 1768//2699 1942//2699 1943//2699
f 1768//2700 1943//2700 1765//2700
f 1765//2701 1943//2701 1944//2701
f 1765//2702 1944//2702 1762//2702
f 1762//2702 1944//2702 1945//2702
f 1762//2703 1945//2703 1759//2703
f 1759//2703 1945//2703 1946//2703
f 1759//2704 1946//2704 1756//2704
f 1756//2705 1946//2705 1947//2705
f 1756//2706 1947//2706 1753//2706
f 1753//2706 1947//2706 1948//2706
f 1753//2707 1948//2707 1750//2707
f 1750//2707 1948//2707 1949//2707
f 1750//2708 1949//2708 1745//2708
f 1745//2709 1949//2709 1950//2709
f 1745//2710 1950//2710 1746//2710
f 1746//2711 1950//2711 1951//2711
f 1746//2712 1951//2712 1897//2712
f 1897//2712 1951//2712 1952//2712
f 1897//2713 1952//2713 1894//2713
f 1894//2714 1952//2714 1900//2714
f 1900//2715 1953//2715 1901//2715
f 1901//2715 1953//2715 1954//2715
f 1901//2716 1954//2716 1902//2716
f 1902//2716 1954//2716 1955//2716
f 1902//2717 1955//2717 1903//2717
f 1903//2718 1955//2718 1956//2718
f 1903//2719 1956//2719 1904//2719
f 1904//2719 1956//2719 1957//2719
f 1904//2720 1957//2720 1905//2720
f 1905//2720 1957//2720 1958//2720
f 1905//2721 1958//2721 1906//2721
f 1906//2721 1958//2721 1959//2721
f 1906//2722 1959//2722 1907//2722
f 1907//2723 1959//2723 1960//2723
f 1907//2724 1960//2724 1908//2724
f 1908//2724 1960//2724 1961//2724
f 1908//2725 1961//2725 1909//2725
f 1909//2725 1961//2725 1962//2725
f 1909//2726 1962//2726 1910//2726
f 1910//2727 1962//2727 1963//2727
f 1910//2728 1963//2728 1911//2728
f 1911//2728 1963//2728 1964//2728
f 1911//2729 1964//2729 1912//2729
f 1912//2730 1964//2730 1965//2730
f 1912//2731 1965//2731 1913//2731
f 1913//2732 1965//2732 1966//2732
f 1913//2733 1966//2733 1914//2733
f 1914//2733 1966//2733 1967//2733
f 1914//2734 1967//2734 1915//2734
f 1915//2734 1967//2734 1968//2734
f 1915//2735 1968//2735 1916//2735
f 1916//2736 1968//2736 1969//2736
f 1916//2737 1969//2737 1917//2737
f 1917//2737 1969//2737 1970//2737
f 1917//2738 1970//2738 1918//2738
f 1918//2738 1970//2738 1971//2738
f 1918//2739 1971//2739 1919//2739
f 1919//2739 1971//2739 1972//2739
f 1919//2740 1972//2740 1920//2740
f 1920//2740 1972//2740 1973//2740
f 1920//2741 1973//2741 1921//2741
f 1921//2741 1973//2741 1974//2741
f 1921//2742 1974//2742 1922//2742
f 1922//2742 1974//2742 1975//2742
f 1922//2743 1975//2743 1923//2743
f 1923//2743 1975//2743 1976//2743
f 1923//2744 1976//2744 1924//2744
f 1924//2745 1976//2745 1977//2745
f 1924//2746 1977//2746 1925//2746
f 1925//2747 1977//2747 1978//2747
f 1925//2748 1978//2748 1926//2748
f 1926//2748 1978//2748 1979//2748
f 1926//2749 1979//2749 1927//2749
f 1927//2749 1979//2749 1980//2749
f 1927//2750 1980//2750 1928//2750
f 1928//2750 1980//2750 1981//2750
f 1928//2751 1981//2751 1929//2751
f 1929//2751 1981//2751 1982//2751
f 1929//2752 1982//2752 1930//2752
f 1930//2752 1982//2752 1983//2752
f 1930//2753 1983//2753 1931//2753
f 1931//2754 1983//2754 1984//2754
f 1931//2755 1984//2755 1932//2755
f 1932//2755 1984//2755 1985//2755
f 1932//2756 1985//2756 1933//2756
f 1933//2757 1985//2757 1986//2757
f 1933//2758 1986//2758 1934//2758
f 1934//2758 1986//2758 1987//2758
f 1934//2759 1987//2759 1935//2759
f 1935//2759 1987//2759 1988//2759
f 1935//2760 1988//2760 1936//2760
f 1936//2760 1988//2760 1989//2760
f 1936//2761 1989//2761 1937//2761
f 1937//2761 1989//2761 1990//2761
f 1937//2762 1990//2762 1938//2762
f 1938//2763 1990//2763 1991//2763
f 1938//2764 1991//2764 1939//2764
f 1939//2764 1991//2764 1992//2764
f 1939//2765 1992//2765 1940//2765
f 1940//2765 1992//2765 1993//2765
f 1940//2766 1993//2766 1941//2766
f 1941//2767 1993//2767 1994//2767
f 1941//2768 1994//2768 1942//2768
f 1942//2768 1994//2768 1995//2768
f 1942//2769 1995//2769 1943//2769
f 1943//2769 1995//2769 1996//2769
f 1943//2770 1996//2770 1944//2770
f 1944//2771 1996//2771 1997//2771
f 1944//2772 1997//2772 1945//2772
f 1945//2773 1997//2773 1998//2773
f 1945//2774 1998//2774 1946//2774
f 1946//2774 1998//2774 1999//2774
f 1946//2775 1999//2775 1947//2775
f 1947//2775 1999//2775 2000//2775
f 1947//2776 2000//2776 1948//2776
f 1948//2777 2000//2777 2001//2777
f 1948//2778 2001//2778 1949//2778
f 1949//2779 2001//2779 2002//2779
f 1949//2780 2002//2780 1950//2780
f 1950//2781 2002//2781 2003//2781
f 1950//2782 2003//2782 1951//2782
f 1951//2783 2003//2783 2004//2783
f 1951//2784 2004//2784 1952//2784
f 1952//2784 2004//2784 2005//2784
f 1952//2785 2005//2785 1900//2785
f 1900//2785 2005//2785 1953//2785
f 1953//2786 1374//2786 1954//2786
f 1954//2786 1374//2786 1373//2786
f 1954//2787 1373//2787 1955//2787
f 1955//2787 1373//2787 1376//2787
f 1955//2788 1376//2788 1956//2788
f 1956//2788 1376//2788 1378//2788
f 1956//2789 1378//2789 1957//2789
f 1957//2789 1378//2789 1380//2789
f 1957//2790 1380//2790 1958//2790
f 1958//2791 1380//2791 1382//2791
f 1958//2792 1382//2792 1959//2792
f 1959//2792 1382//2792 1384//2792
f 1959//2793 1384//2793 1960//2793
f 1960//2793 1384//2793 1386//2793
f 1960//2794 1386//2794 1961//2794
f 1961//2795 1386//2795 1388//2795
f 1961//2796 1388//2796 1962//2796
f 1962//2796 1388//2796 1390//2796
f 1962//2797 1390//2797 1963//2797
f 1963//2797 1390//2797 1392//2797
f 1963//2798 1392//2798 1964//2798
f 1964//2798 1392//2798 1394//2798
f 1964//2799 1394//2799 1965//2799
f 1965//2799 1394//2799 1396//2799
f 1965//2800 1396//2800 1966//2800
f 1966//2801 1396//2801 1398//2801
f 1966//2802 1398//2802 1967//2802
f 1967//2803 1398//2803 1400//2803
f 1967//2804 1400//2804 1968//2804
f 1968//2805 1400//2805 1402//2805
f 1968//2806 1402//2806 1969//2806
f 1969//2806 1402//2806 1404//2806
f 1969//2807 1404//2807 1970//2807
f 1970//2808 1404//2808 1406//2808
f 1970//2809 1406//2809 1971//2809
f 1971//2809 1406//2809 1408//2809
f 1971//2810 1408//2810 1972//2810
f 1972//2810 1408//2810 1410//2810
f 1972//2811 1410//2811 1973//2811
f 1973//2811 1410//2811 1412//2811
f 1973//2812 1412//2812 1974//2812
f 1974//2812 1412//2812 1414//2812
f 1974//2813 1414//2813 1975//2813
f 1975//2813 1414//2813 1416//2813
f 1975//2814 1416//2814 1976//2814
f 1976//2814 1416//2814 1418//2814
f 1976//2815 1418//2815 1977//2815
f 1977//2816 1418//2816 1420//2816
f 1977//2817 1420//2817 1978//2817
f 1978//2817 1420//2817 1422//2817
f 1978//2818 1422//2818 1979//2818
f 1979//2819 1422//2819 1424//2819
f 1979//2820 1424//2820 1980//2820
f 1980//2820 1424//2820 1449//2820
f 1980//2821 1449//2821 1981//2821
f 1981//2821 1449//2821 1450//2821
f 1981//2822 1450//2822 1982//2822
f 1982//2822 1450//2822 1479//2822
f 1982//2823 1479//2823 1983//2823
f 1983//2823 1479//2823 1477//2823
f 1983//2824 1477//2824 1984//2824
f 1984//2824 1477//2824 1475//2824
f 1984//2825 1475//2825 1985//2825
f 1985//2825 1475//2825 1473//2825
f 1985//2826 1473//2826 1986//2826
f 1986//2826 1473//2826 1471//2826
f 1986//2827 1471//2827 1987//2827
f 1987//2827 1471//2827 1469//2827
f 1987//2828 1469//2828 1988//2828
f 1988//2828 1469//2828 1467//2828
f 1988//2829 1467//2829 1989//2829
f 1989//2829 1467//2829 1465//2829
f 1989//2830 1465//2830 1990//2830
f 1990//2831 1465//2831 1463//2831
f 1990//2832 1463//2832 1991//2832
f 1991//2833 1463//2833 1461//2833
f 1991//2834 1461//2834 1992//2834
f 1992//2834 1461//2834 1455//2834
f 1992//2835 1455//2835 1993//2835
f 1993//2835 1455//2835 1427//2835
f 1993//2836 1427//2836 1994//2836
f 1994//2837 1427//2837 1426//2837
f 1994//2838 1426//2838 1995//2838
f 1995//2838 1426//2838 1429//2838
f 1995//2839 1429//2839 1996//2839
f 1996//2839 1429//2839 1431//2839
f 1996//2840 1431//2840 1997//2840
f 1997//2840 1431//2840 1433//2840
f 1997//2841 1433//2841 1998//2841
f 1998//2842 1433//2842 1435//2842
f 1998//2843 1435//2843 1999//2843
f 1999//2844 1435//2844 1437//2844
f 1999//2845 1437//2845 2000//2845
f 2000//2845 1437//2845 1439//2845
f 2000//2846 1439//2846 2001//2846
f 2001//2847 1439//2847 1441//2847
f 2001//2848 1441//2848 2002//2848
f 2002//2849 1441//2849 1443//2849
f 2002//2850 1443//2850 2003//2850
f 2003//2851 1443//2851 1445//2851
f 2003//2852 1445//2852 2004//2852
f 2004//2852 1445//2852 1447//2852
f 2004//2853 1447//2853 2005//2853
f 2005//2853 1447//2853 1448//2853
f 2005//2854 1448//2854 1953//2854
f 1953//2855 1448//2855 1374//2855
f 1722//349 2006//349 1724//349
f 1724//348 2006//348 2007//348
f 1724//348 2007//348 1726//348
f 1714//349 2008//349 1716//349
f 1716//351 2008//351 2009//351
f 1716//351 2009//351 1718//351
f 1710//349 2010//349 1712//349
f 1712//351 2010//351 2011//351
f 1712//351 2011//351 1714//351
f 1714//348 2011//348 2012//348
f 1714//348 2012//348 2008//348
f 1698//348 2013//348 1700//348
f 1700//349 2013//349 2014//349
f 1700//349 2014//349 1702//349
f 1680//348 2015//348 1682//348
f 1682//348 2015//348 2016//348
f 1682//348 2016//348 1684//348
f 1744//348 2017//348 1678//348
f 1678//349 2017//349 2018//349
f 1678//349 2018//349 1680//349
f 1680//351 2018//351 2019//351
f 1680//349 2019//349 2015//349
f 1736//349 2020//349 1738//349
f 1738//351 2020//351 2021//351
f 1738//351 2021//351 1740//351
f 2009//349 2022//349 1718//349
f 1718//348 2022//348 2023//348
f 1718//349 2023//349 1720//349
f 1720//351 2023//351 2024//351
f 1720//911 2024//911 1722//911
f 1722//351 2024//351 2025//351
f 1722//351 2025//351 2006//351
f 1706//348 2026//348 1708//348
f 1708//349 2026//349 2027//349
f 1708//349 2027//349 1710//349
f 1710//349 2027//349 2028//349
f 1710//349 2028//349 2010//349
f 1688//348 2029//348 1690//348
f 1690//349 2029//349 2030//349
f 1690//349 2030//349 1692//349
f 2021//349 2031//349 1740//349
f 1740//349 2031//349 2032//349
f 1740//349 2032//349 1742//349
f 1742//351 2032//351 2033//351
f 1742//351 2033//351 1744//351
f 1744//348 2033//348 2034//348
f 1744//348 2034//348 2017//348
f 1732//349 2035//349 1734//349
f 1734//348 2035//348 2036//348
f 1734//348 2036//348 1736//348
f 1736//349 2036//349 2037//349
f 1736//349 2037//349 2020//349
f 2014//349 2038//349 1702//349
f 1702//349 2038//349 2039//349
f 1702//349 2039//349 1704//349
f 1704//348 2039//348 2040//348
f 1704//348 2040//348 1706//348
f 1706//348 2040//348 2041//348
f 1706//348 2041//348 2026//348
f 2016//351 2042//351 1684//351
f 1684//349 2042//349 2043//349
f 1684//348 2043//348 1686//348
f 1686//348 2043//348 2044//348
f 1686//349 2044//349 1688//349
f 1688//348 2044//348 2045//348
f 1688//348 2045//348 2029//348
f 2030//350 2046//350 1692//350
f 1692//351 2046//351 2047//351
f 1692//349 2047//349 1694//349
f 1694//349 2047//349 2048//349
f 1694//348 2048//348 1696//348
f 1696//350 2048//350 2049//350
f 1696//350 2049//350 1698//350
f 1698//348 2049//348 2050//348
f 1698//348 2050//348 2013//348
f 2007//349 2051//349 1726//349
f 1726//349 2051//349 2052//349
f 1726//349 2052//349 1728//349
f 1728//348 2052//348 2053//348
f 1728//348 2053//348 1730//348
f 1730//349 2053//349 2054//349
f 1730//349 2054//349 1732//349
f 1732//348 2054//348 2055//348
f 1732//349 2055//349 2035//349
f 2056//2856 2057//2856 1819//2856
f 1819//2857 1817//2857 2056//2857
f 2056//2858 1817//2858 1816//2858
f 2056//2859 1816//2859 2058//2859
f 1816//2860 1814//2860 2058//2860
f 2058//2861 1814//2861 1813//2861
f 2058//2862 1813//2862 2059//2862
f 1813//2863 1811//2863 2059//2863
f 2059//2864 1811//2864 1810//2864
f 2059//2865 1810//2865 2060//2865
f 1810//2866 1808//2866 2060//2866
f 2060//2867 1808//2867 1807//2867
f 2060//2868 1807//2868 2061//2868
f 1807//2869 1805//2869 2061//2869
f 2061//2870 1805//2870 1804//2870
f 2061//2871 1804//2871 2062//2871
f 1804//2871 1802//2871 2062//2871
f 2062//2872 1802//2872 1801//2872
f 2062//2873 1801//2873 2063//2873
f 1801//2873 1799//2873 2063//2873
f 2063//2874 1799//2874 1798//2874
f 2063//2875 1798//2875 2064//2875
f 1798//2876 1796//2876 2064//2876
f 2064//2877 1796//2877 1795//2877
f 2064//2878 1795//2878 2065//2878
f 1795//2878 1793//2878 2065//2878
f 2065//2879 1793//2879 1792//2879
f 2065//2880 1792//2880 2066//2880
f 1792//2881 1790//2881 2066//2881
f 2066//2882 1790//2882 1789//2882
f 2066//2883 1789//2883 2067//2883
f 2067//2884 1789//2884 1787//2884
f 1781//2885 2068//2885 2069//2885
f 1787//2886 1786//2886 2067//2886
f 2067//2887 1786//2887 1784//2887
f 2067//2888 1784//2888 2069//2888
f 2069//2889 1784//2889 1783//2889
f 2069//2890 1783//2890 1781//2890
f 1775//2891 2070//2891 2071//2891
f 1781//2885 1780//2885 2068//2885
f 2068//2892 1780//2892 1778//2892
f 2068//2893 1778//2893 2071//2893
f 2071//2894 1778//2894 1777//2894
f 2071//2895 1777//2895 1775//2895
f 1769//2896 2072//2896 2073//2896
f 1775//2897 1774//2897 2070//2897
f 2070//2898 1774//2898 1772//2898
f 2070//2899 1772//2899 2073//2899
f 2073//2900 1772//2900 1771//2900
f 2073//2901 1771//2901 1769//2901
f 1769//2902 1767//2902 2072//2902
f 2072//2903 1767//2903 1766//2903
f 2072//2904 1766//2904 2074//2904
f 1766//2905 1764//2905 2074//2905
f 2074//2906 1764//2906 1763//2906
f 2074//2907 1763//2907 2075//2907
f 1763//2906 1761//2906 2075//2906
f 2075//2908 1761//2908 1760//2908
f 2075//2909 1760//2909 2076//2909
f 1760//2909 1758//2909 2076//2909
f 2076//2910 1758//2910 1757//2910
f 2076//2911 1757//2911 2077//2911
f 1757//2912 1755//2912 2077//2912
f 2077//2913 1755//2913 1754//2913
f 2077//2914 1754//2914 2078//2914
f 1754//2915 1752//2915 2078//2915
f 2078//2916 1752//2916 1751//2916
f 2078//2917 1751//2917 2079//2917
f 1751//2918 1749//2918 2079//2918
f 2079//2919 1749//2919 1748//2919
f 2079//2920 1748//2920 2080//2920
f 1748//2921 1747//2921 2080//2921
f 2080//2922 1747//2922 1899//2922
f 2080//2923 1899//2923 2081//2923
f 2081//2924 1899//2924 1898//2924
f 2081//2925 1898//2925 2082//2925
f 1898//2926 1896//2926 2082//2926
f 2082//2927 1896//2927 1895//2927
f 2082//2928 1895//2928 2083//2928
f 2083//2929 1895//2929 1893//2929
f 1887//2930 2084//2930 2085//2930
f 1893//2931 1892//2931 2083//2931
f 2083//2932 1892//2932 1890//2932
f 2083//2933 1890//2933 2085//2933
f 2085//2934 1890//2934 1889//2934
f 2085//2935 1889//2935 1887//2935
f 1881//2936 2086//2936 2087//2936
f 1887//2937 1886//2937 2084//2937
f 2084//2938 1886//2938 1884//2938
f 2084//2939 1884//2939 2087//2939
f 2087//2940 1884//2940 1883//2940
f 2087//2941 1883//2941 1881//2941
f 1875//2942 2088//2942 2089//2942
f 1881//2936 1880//2936 2086//2936
f 2086//2943 1880//2943 1878//2943
f 2086//2943 1878//2943 2089//2943
f 2089//2944 1878//2944 1877//2944
f 2089//2945 1877//2945 1875//2945
f 1875//2946 1874//2946 2088//2946
f 2088//2947 1874//2947 1872//2947
f 2088//2948 1872//2948 2090//2948
f 1872//2949 1870//2949 2090//2949
f 2090//2950 1870//2950 1869//2950
f 2090//2951 1869//2951 2091//2951
f 1869//2952 1867//2952 2091//2952
f 2091//2953 1867//2953 1866//2953
f 2091//2954 1866//2954 2092//2954
f 1866//2954 1864//2954 2092//2954
f 2092//2955 1864//2955 1863//2955
f 2092//2956 1863//2956 2093//2956
f 1863//2957 1861//2957 2093//2957
f 2093//2958 1861//2958 1860//2958
f 2093//2959 1860//2959 2094//2959
f 1860//2960 1858//2960 2094//2960
f 2094//2961 1858//2961 1857//2961
f 2094//2962 1857//2962 2095//2962
f 1857//2963 1855//2963 2095//2963
f 2095//2964 1855//2964 1854//2964
f 2095//2965 1854//2965 2096//2965
f 1854//2966 1852//2966 2096//2966
f 2096//2967 1852//2967 1851//2967
f 2096//2968 1851//2968 2097//2968
f 1851//2967 1849//2967 2097//2967
f 2097//2969 1849//2969 1848//2969
f 2097//2970 1848//2970 2098//2970
f 1848//2969 1846//2969 2098//2969
f 2098//2971 1846//2971 1845//2971
f 2098//2972 1845//2972 2099//2972
f 1845//2973 1843//2973 2099//2973
f 2099//2974 1843//2974 1842//2974
f 2099//2975 1842//2975 2100//2975
f 2100//2975 1842//2975 1840//2975
f 1840//2976 1839//2976 2100//2976
f 2100//2977 1839//2977 1837//2977
f 2100//2978 1837//2978 2101//2978
f 1831//2979 2102//2979 2103//2979
f 1837//2978 1836//2978 2101//2978
f 2101//2980 1836//2980 1834//2980
f 2101//2981 1834//2981 2103//2981
f 2103//2981 1834//2981 1833//2981
f 2103//2982 1833//2982 1831//2982
f 1825//2983 2104//2983 2105//2983
f 1831//2984 1830//2984 2102//2984
f 2102//2985 1830//2985 1828//2985
f 2102//2985 1828//2985 2105//2985
f 2105//2986 1828//2986 1827//2986
f 2105//2987 1827//2987 1825//2987
f 1825//2988 1824//2988 2104//2988
f 2104//2989 1824//2989 1822//2989
f 2104//2990 1822//2990 2057//2990
f 2057//2991 1822//2991 1821//2991
f 2057//2992 1821//2992 1819//2992
f 2104//2993 2106//2993 2105//2993
f 2105//2994 2106//2994 2107//2994
f 2105//2995 2107//2995 2102//2995
f 2102//2996 2107//2996 2108//2996
f 2102//2997 2108//2997 2103//2997
f 2103//2998 2108//2998 2109//2998
f 2103//2999 2109//2999 2101//2999
f 2101//3000 2109//3000 2110//3000
f 2101//3001 2110//3001 2100//3001
f 2100//3002 2110//3002 2111//3002
f 2100//3003 2111//3003 2099//3003
f 2099//3004 2111//3004 2112//3004
f 2099//3005 2112//3005 2098//3005
f 2098//3006 2112//3006 2113//3006
f 2098//3007 2113//3007 2097//3007
f 2097//3008 2113//3008 2114//3008
f 2097//3009 2114//3009 2096//3009
f 2096//3010 2114//3010 2115//3010
f 2096//3011 2115//3011 2095//3011
f 2095//3012 2115//3012 2116//3012
f 2095//3013 2116//3013 2094//3013
f 2094//3013 2116//3013 2117//3013
f 2094//3014 2117//3014 2093//3014
f 2093//3015 2117//3015 2118//3015
f 2093//3016 2118//3016 2092//3016
f 2092//3017 2118//3017 2119//3017
f 2092//3018 2119//3018 2091//3018
f 2091//3019 2119//3019 2120//3019
f 2091//3020 2120//3020 2090//3020
f 2090//3020 2120//3020 2121//3020
f 2090//3021 2121//3021 2088//3021
f 2088//3022 2121//3022 2122//3022
f 2088//3023 2122//3023 2089//3023
f 2089//3024 2122//3024 2123//3024
f 2089//3025 2123//3025 2086//3025
f 2086//3026 2123//3026 2124//3026
f 2086//3027 2124//3027 2087//3027
f 2087//3028 2124//3028 2125//3028
f 2087//3029 2125//3029 2084//3029
f 2084//3030 2125//3030 2126//3030
f 2084//3031 2126//3031 2085//3031
f 2085//3032 2126//3032 2127//3032
f 2085//3033 2127//3033 2083//3033
f 2083//3034 2127//3034 2128//3034
f 2083//3035 2128//3035 2082//3035
f 2082//3036 2128//3036 2129//3036
f 2082//3037 2129//3037 2081//3037
f 2081//3038 2129//3038 2130//3038
f 2081//3039 2130//3039 2080//3039
f 2080//3040 2130//3040 2131//3040
f 2080//3041 2131//3041 2079//3041
f 2079//3042 2131//3042 2132//3042
f 2079//3043 2132//3043 2078//3043
f 2078//3044 2132//3044 2133//3044
f 2078//3045 2133//3045 2077//3045
f 2077//3046 2133//3046 2134//3046
f 2077//3047 2134//3047 2076//3047
f 2076//3048 2134//3048 2135//3048
f 2076//3049 2135//3049 2075//3049
f 2075//3050 2135//3050 2136//3050
f 2075//3051 2136//3051 2074//3051
f 2074//3052 2136//3052 2137//3052
f 2074//3053 2137//3053 2072//3053
f 2072//3053 2137//3053 2138//3053
f 2072//3054 2138//3054 2073//3054
f 2073//3055 2138//3055 2139//3055
f 2073//3056 2139//3056 2070//3056
f 2070//3057 2139//3057 2140//3057
f 2070//3058 2140//3058 2071//3058
f 2071//3059 2140//3059 2141//3059
f 2071//3060 2141//3060 2068//3060
f 2068//3061 2141//3061 2142//3061
f 2068//3062 2142//3062 2069//3062
f 2069//3063 2142//3063 2143//3063
f 2069//3064 2143//3064 2067//3064
f 2067//3065 2143//3065 2144//3065
f 2067//3066 2144//3066 2066//3066
f 2066//3066 2144//3066 2145//3066
f 2066//3067 2145//3067 2065//3067
f 2065//3067 2145//3067 2146//3067
f 2065//3068 2146//3068 2064//3068
f 2064//3069 2146//3069 2147//3069
f 2064//3070 2147//3070 2063//3070
f 2063//3071 2147//3071 2148//3071
f 2063//3072 2148//3072 2062//3072
f 2062//3072 2148//3072 2149//3072
f 2062//3073 2149//3073 2061//3073
f 2061//3074 2149//3074 2150//3074
f 2061//3075 2150//3075 2060//3075
f 2060//3076 2150//3076 2151//3076
f 2060//3077 2151//3077 2059//3077
f 2059//3078 2151//3078 2152//3078
f 2059//3079 2152//3079 2058//3079
f 2058//3080 2152//3080 2153//3080
f 2058//3081 2153//3081 2056//3081
f 2056//3082 2153//3082 2154//3082
f 2056//3083 2154//3083 2057//3083
f 2057//3084 2154//3084 2155//3084
f 2057//3085 2155//3085 2104//3085
f 2104//3086 2155//3086 2106//3086
f 2106//3087 2010//3087 2107//3087
f 2107//3087 2010//3087 2028//3087
f 2107//3088 2028//3088 2108//3088
f 2108//3088 2028//3088 2027//3088
f 2108//3089 2027//3089 2109//3089
f 2109//3090 2027//3090 2026//3090
f 2109//3091 2026//3091 2110//3091
f 2110//3092 2026//3092 2041//3092
f 2110//3093 2041//3093 2111//3093
f 2111//3094 2041//3094 2040//3094
f 2111//3095 2040//3095 2112//3095
f 2112//3096 2040//3096 2039//3096
f 2112//3097 2039//3097 2113//3097
f 2113//3098 2039//3098 2038//3098
f 2113//3099 2038//3099 2114//3099
f 2114//3100 2038//3100 2014//3100
f 2114//3101 2014//3101 2115//3101
f 2115//3102 2014//3102 2013//3102
f 2115//3103 2013//3103 2116//3103
f 2116//3104 2013//3104 2050//3104
f 2116//3105 2050//3105 2117//3105
f 2117//3106 2050//3106 2049//3106
f 2117//3107 2049//3107 2118//3107
f 2118//3107 2049//3107 2048//3107
f 2118//3108 2048//3108 2119//3108
f 2119//3109 2048//3109 2047//3109
f 2119//3110 2047//3110 2120//3110
f 2120//3111 2047//3111 2046//3111
f 2120//3112 2046//3112 2121//3112
f 2121//3113 2046//3113 2030//3113
f 2121//3114 2030//3114 2122//3114
f 2122//3115 2030//3115 2029//3115
f 2122//3116 2029//3116 2123//3116
f 2123//3117 2029//3117 2045//3117
f 2123//3118 2045//3118 2124//3118
f 2124//3119 2045//3119 2044//3119
f 2124//3120 2044//3120 2125//3120
f 2125//3120 2044//3120 2043//3120
f 2125//3121 2043//3121 2126//3121
f 2126//3122 2043//3122 2042//3122
f 2126//3123 2042//3123 2127//3123
f 2127//3124 2042//3124 2016//3124
f 2127//3125 2016//3125 2128//3125
f 2128//3126 2016//3126 2015//3126
f 2128//3127 2015//3127 2129//3127
f 2129//3128 2015//3128 2019//3128
f 2129//3129 2019//3129 2130//3129
f 2130//3130 2019//3130 2018//3130
f 2130//3131 2018//3131 2131//3131
f 2131//3132 2018//3132 2017//3132
f 2131//3133 2017//3133 2132//3133
f 2132//3134 2017//3134 2034//3134
f 2132//3135 2034//3135 2133//3135
f 2133//3136 2034//3136 2033//3136
f 2133//3137 2033//3137 2134//3137
f 2134//3138 2033//3138 2032//3138
f 2134//3139 2032//3139 2135//3139
f 2135//3140 2032//3140 2031//3140
f 2135//3141 2031//3141 2136//3141
f 2136//3142 2031//3142 2021//3142
f 2136//3143 2021//3143 2137//3143
f 2137//3144 2021//3144 2020//3144
f 2137//3145 2020//3145 2138//3145
f 2138//3146 2020//3146 2037//3146
f 2138//3147 2037//3147 2139//3147
f 2139//3148 2037//3148 2036//3148
f 2139//3149 2036//3149 2140//3149
f 2140//3150 2036//3150 2035//3150
f 2140//3151 2035//3151 2141//3151
f 2141//3152 2035//3152 2055//3152
f 2141//3153 2055//3153 2142//3153
f 2142//3154 2055//3154 2054//3154
f 2142//3155 2054//3155 2143//3155
f 2143//3156 2054//3156 2053//3156
f 2143//3157 2053//3157 2144//3157
f 2144//3157 2053//3157 2052//3157
f 2144//3158 2052//3158 2145//3158
f 2145//3159 2052//3159 2051//3159
f 2145//3160 2051//3160 2146//3160
f 2146//3161 2051//3161 2007//3161
f 2146//3162 2007//3162 2147//3162
f 2147//3163 2007//3163 2006//3163
f 2147//3164 2006//3164 2148//3164
f 2148//3165 2006//3165 2025//3165
f 2148//3166 2025//3166 2149//3166
f 2149//3167 2025//3167 2024//3167
f 2149//3168 2024//3168 2150//3168
f 2150//3169 2024//3169 2023//3169
f 2150//3170 2023//3170 2151//3170
f 2151//3171 2023//3171 2022//3171
f 2151//3172 2022//3172 2152//3172
f 2152//3173 2022//3173 2009//3173
f 2152//3174 2009//3174 2153//3174
f 2153//3175 2009//3175 2008//3175
f 2153//3176 2008//3176 2154//3176
f 2154//3177 2008//3177 2012//3177
f 2154//3178 2012//3178 2155//3178
f 2155//3179 2012//3179 2011//3179
f 2155//3180 2011//3180 2106//3180
f 2106//3181 2011//3181 2010//3181
f 1695//1 2156//1 1693//1
f 1693//1 2156//1 2157//1
f 1693//1 2157//1 1691//1
f 1691//1 2157//1 2158//1
f 1691//1 2158//1 1689//1
f 1689//2 2158//2 2159//2
f 1689//2 2159//2 1687//2
f 1687//1 2159//1 2160//1
f 1687//2 2160//2 1685//2
f 1685//1 2160//1 2161//1
f 1685//1 2161//1 1683//1
f 1683//1 2161//1 2162//1
f 1683//2 2162//2 1681//2
f 1681//1 2162//1 2163//1
f 1681//1 2163//1 1679//1
f 1679//2 2163//2 2164//2
f 1679//2 2164//2 1677//2
f 1677//2 2164//2 2165//2
f 1677//2 2165//2 1743//2
f 1743//1 2165//1 2166//1
f 1743//1 2166//1 1741//1
f 1741//2 2166//2 2167//2
f 1741//2 2167//2 1739//2
f 1739//1 2167//1 2168//1
f 1739//1 2168//1 1737//1
f 1737//1 2168//1 2169//1
f 1737//1 2169//1 1735//1
f 1735//5 2169//5 2170//5
f 1735//5 2170//5 1733//5
f 1733//1 2170//1 2171//1
f 1733//1 2171//1 1731//1
f 2171//1 2172//1 1731//1
f 1731//1 2172//1 2173//1
f 1731//1 2173//1 1729//1
f 1729//1 2173//1 2174//1
f 1729//1 2174//1 1727//1
f 1727//1 2174//1 2175//1
f 1727//2 2175//2 1725//2
f 1725//2 2175//2 2176//2
f 1725//1 2176//1 1723//1
f 1723//2 2176//2 2177//2
f 1723//2 2177//2 1721//2
f 1721//2 2177//2 2178//2
f 1721//2 2178//2 1719//2
f 1719//1 2178//1 2179//1
f 1719//1 2179//1 1717//1
f 1717//2 2179//2 2180//2
f 1717//2 2180//2 1715//2
f 1715//2 2180//2 2181//2
f 1715//2 2181//2 1713//2
f 1713//4 2181//4 2182//4
f 1713//4 2182//4 1711//4
f 1711//2 2182//2 2183//2
f 1711//1 2183//1 1709//1
f 1709//1 2183//1 2184//1
f 1709//1 2184//1 1707//1
f 1707//2 2184//2 2185//2
f 1707//2 2185//2 1705//2
f 1705//1 2185//1 2186//1
f 1705//1 2186//1 1703//1
f 1703//1 2186//1 2187//1
f 1703//1 2187//1 1701//1
f 1701//5 2187//5 2188//5
f 1701//5 2188//5 1699//5
f 1699//2 2188//2 2189//2
f 1699//5 2189//5 1697//5
f 1697//1 2189//1 2190//1
f 1697//1 2190//1 1695//1
f 1695//1 2190//1 2191//1
f 1695//1 2191//1 2156//1
f 2192//389 659//389 2193//389
f 2193//3182 659//3182 711//3182
f 2193//3182 711//3182 2194//3182
f 2194//3183 711//3183 710//3183
f 2194//3183 710//3183 2195//3183
f 2195//3184 710//3184 708//3184
f 707//3185 2196//3185 708//3185
f 708//3186 2196//3186 2197//3186
f 708//3187 2197//3187 2195//3187
f 707//3188 1657//3188 2196//3188
f 2196//3189 1657//3189 1662//3189
f 2196//3189 1662//3189 2198//3189
f 2198//3190 1662//3190 1661//3190
f 2198//3190 1661//3190 2199//3190
f 2199//3191 1661//3191 1660//3191
f 2199//3191 1660//3191 2200//3191
f 2200//3192 1660//3192 1659//3192
f 2200//3192 1659//3192 2201//3192
f 2201//3193 1659//3193 1658//3193
f 2201//3194 1658//3194 2202//3194
f 2202//3195 1658//3195 1656//3195
f 2202//3195 1656//3195 2203//3195
f 2203//3196 1656//3196 699//3196
f 2203//3197 699//3197 2204//3197
f 699//3198 698//3198 2204//3198
f 2204//3199 698//3199 696//3199
f 2204//3200 696//3200 2205//3200
f 2205//3201 696//3201 671//3201
f 2205//3201 671//3201 2206//3201
f 2206//3202 671//3202 669//3202
f 2206//3202 669//3202 2207//3202
f 2207//3203 669//3203 667//3203
f 666//3204 2208//3204 667//3204
f 667//3205 2208//3205 2209//3205
f 667//3203 2209//3203 2207//3203
f 666//3206 1663//3206 2208//3206
f 2208//3207 1663//3207 1669//3207
f 2208//3207 1669//3207 2210//3207
f 2210//3208 1669//3208 1668//3208
f 2210//3208 1668//3208 2211//3208
f 2211//3209 1668//3209 1667//3209
f 2211//3209 1667//3209 2212//3209
f 2212//3210 1667//3210 1666//3210
f 2212//3210 1666//3210 2213//3210
f 2213//3211 1666//3211 1665//3211
f 2213//3212 1665//3212 2214//3212
f 2214//3213 1665//3213 1664//3213
f 2214//3213 1664//3213 2215//3213
f 2215//3214 1664//3214 685//3214
f 2215//3215 685//3215 2216//3215
f 685//3216 657//3216 2216//3216
f 2216//3217 657//3217 656//3217
f 2216//3218 656//3218 2217//3218
f 2217//3219 656//3219 690//3219
f 2217//3219 690//3219 2218//3219
f 2218//3220 690//3220 689//3220
f 2218//3220 689//3220 2219//3220
f 2219//3221 689//3221 687//3221
f 686//3222 2220//3222 687//3222
f 687//3223 2220//3223 2221//3223
f 687//3224 2221//3224 2219//3224
f 686//3225 1671//3225 2220//3225
f 2220//3226 1671//3226 1676//3226
f 2220//3227 1676//3227 2222//3227
f 2222//3228 1676//3228 1675//3228
f 2222//3228 1675//3228 2223//3228
f 2223//3229 1675//3229 1674//3229
f 2223//3229 1674//3229 2224//3229
f 2224//3230 1674//3230 1673//3230
f 2224//3230 1673//3230 2225//3230
f 2225//3231 1673//3231 1672//3231
f 2225//3232 1672//3232 2226//3232
f 2226//3233 1672//3233 1670//3233
f 2226//3234 1670//3234 2227//3234
f 2227//3235 1670//3235 693//3235
f 2227//3236 693//3236 2192//3236
f 2192//3237 693//3237 660//3237
f 2192//389 660//389 659//389
f 2183//3238 2225//3238 2184//3238
f 2184//3238 2225//3238 2226//3238
f 2184//3239 2226//3239 2185//3239
f 2185//3239 2226//3239 2227//3239
f 2185//3240 2227//3240 2186//3240
f 2186//3241 2227//3241 2192//3241
f 2186//3242 2192//3242 2187//3242
f 2187//3242 2192//3242 2193//3242
f 2187//3243 2193//3243 2188//3243
f 2188//3244 2193//3244 2194//3244
f 2188//3245 2194//3245 2189//3245
f 2189//3245 2194//3245 2195//3245
f 2189//3246 2195//3246 2190//3246
f 2190//3246 2195//3246 2197//3246
f 2190//3247 2197//3247 2191//3247
f 2191//3247 2197//3247 2196//3247
f 2191//3248 2196//3248 2156//3248
f 2156//3248 2196//3248 2198//3248
f 2156//3249 2198//3249 2157//3249
f 2157//3249 2198//3249 2199//3249
f 2157//3250 2199//3250 2158//3250
f 2158//3250 2199//3250 2200//3250
f 2158//3251 2200//3251 2159//3251
f 2159//3251 2200//3251 2201//3251
f 2159//3252 2201//3252 2160//3252
f 2160//3253 2201//3253 2202//3253
f 2160//3254 2202//3254 2161//3254
f 2161//3254 2202//3254 2203//3254
f 2161//3255 2203//3255 2162//3255
f 2162//3256 2203//3256 2204//3256
f 2162//3257 2204//3257 2163//3257
f 2163//3258 2204//3258 2205//3258
f 2163//3259 2205//3259 2164//3259
f 2164//3259 2205//3259 2206//3259
f 2164//3260 2206//3260 2165//3260
f 2165//3260 2206//3260 2207//3260
f 2165//3261 2207//3261 2166//3261
f 2166//3262 2207//3262 2209//3262
f 2166//3263 2209//3263 2167//3263
f 2167//3263 2209//3263 2208//3263
f 2167//3264 2208//3264 2168//3264
f 2168//3264 2208//3264 2210//3264
f 2168//3265 2210//3265 2169//3265
f 2169//3265 2210//3265 2211//3265
f 2169//3266 2211//3266 2170//3266
f 2170//3267 2211//3267 2212//3267
f 2170//3268 2212//3268 2171//3268
f 2171//3268 2212//3268 2213//3268
f 2171//3269 2213//3269 2172//3269
f 2172//3270 2213//3270 2214//3270
f 2172//3271 2214//3271 2173//3271
f 2173//3271 2214//3271 2215//3271
f 2173//3272 2215//3272 2174//3272
f 2174//3272 2215//3272 2216//3272
f 2174//3273 2216//3273 2175//3273
f 2175//3274 2216//3274 2217//3274
f 2175//3275 2217//3275 2176//3275
f 2176//3275 2217//3275 2218//3275
f 2176//3276 2218//3276 2177//3276
f 2177//3276 2218//3276 2219//3276
f 2177//3277 2219//3277 2178//3277
f 2178//3278 2219//3278 2221//3278
f 2178//3279 2221//3279 2179//3279
f 2179//3279 2221//3279 2220//3279
f 2179//3280 2220//3280 2180//3280
f 2180//3281 2220//3281 2222//3281
f 2180//3282 2222//3282 2181//3282
f 2181//3282 2222//3282 2223//3282
f 2181//3283 2223//3283 2182//3283
f 2182//3283 2223//3283 2224//3283
f 2182//3284 2224//3284 2183//3284
f 2183//3284 2224//3284 2225//3284
f 2228//2 2229//2 2230//2
f 2230//1 2229//1 2231//1
f 2230//1 2231//1 2232//1
f 2232//2 2231//2 2233//2
f 2232//2 2233//2 2234//2
f 2234//2 2233//2 2235//2
f 2234//2 2235//2 2236//2
f 2236//1 2235//1 2237//1
f 2236//1 2237//1 2238//1
f 2238//2 2237//2 2239//2
f 2238//2 2239//2 2240//2
f 2240//1 2239//1 2241//1
f 2240//1 2241//1 2242//1
f 2242//1 2241//1 2243//1
f 2242//2 2243//2 2244//2
f 2244//5 2243//5 2245//5
f 2244//5 2245//5 2246//5
f 2246//2 2245//2 2247//2
f 2246//2 2247//2 2248//2
f 2248//2 2247//2 2249//2
f 2248//2 2249//2 2250//2
f 2250//2 2249//2 2251//2
f 2250//1 2251//1 2252//1
f 2252//1 2251//1 2253//1
f 2252//2 2253//2 2254//2
f 2254//2 2253//2 2255//2
f 2254//1 2255//1 2256//1
f 2256//1 2255//1 2257//1
f 2256//1 2257//1 2258//1
f 2258//2 2257//2 2259//2
f 2258//2 2259//2 2260//2
f 2260//1 2259//1 2261//1
f 2260//1 2261//1 2262//1
f 2262//2 2261//2 2263//2
f 2262//2 2263//2 2264//2
f 2264//1 2263//1 2265//1
f 2264//1 2265//1 2266//1
f 2266//2 2265//2 2267//2
f 2266//2 2267//2 2268//2
f 2268//1 2267//1 2269//1
f 2268//1 2269//1 2270//1
f 2270//5 2269//5 2271//5
f 2270//2 2271//2 2272//2
f 2272//3285 2271//3285 2273//3285
f 2272//5 2273//5 2274//5
f 2274//2 2273//2 2275//2
f 2274//2 2275//2 2276//2
f 2276//1 2275//1 2277//1
f 2276//1 2277//1 2278//1
f 2278//2 2277//2 2279//2
f 2278//1 2279//1 2280//1
f 2280//1 2279//1 2281//1
f 2280//1 2281//1 2282//1
f 2282//2 2281//2 2283//2
f 2282//2 2283//2 2284//2
f 2284//2 2283//2 2285//2
f 2284//2 2285//2 2286//2
f 2286//2 2285//2 2287//2
f 2286//2451 2287//2451 2288//2451
f 2288//1 2287//1 2289//1
f 2288//1 2289//1 2290//1
f 2290//2 2289//2 2291//2
f 2290//2 2291//2 2292//2
f 2292//2 2291//2 2293//2
f 2292//1 2293//1 2294//1
f 2294//1 2293//1 2295//1
f 2294//1 2295//1 2296//1
f 2296//1 2295//1 2297//1
f 2296//2 2297//2 2298//2
f 2298//4 2297//4 2299//4
f 2298//4 2299//4 2300//4
f 2300//1 2299//1 2301//1
f 2300//4 2301//4 2302//4
f 2302//1 2301//1 2303//1
f 2302//1 2303//1 2304//1
f 2304//2 2303//2 2228//2
f 2304//2 2228//2 2230//2
f 2305//375 2268//375 2306//375
f 2306//374 2268//374 2270//374
f 2306//374 2270//374 2307//374
f 2307//373 2270//373 2272//373
f 2307//373 2272//373 2308//373
f 2308//3286 2272//3286 2274//3286
f 2308//3286 2274//3286 2309//3286
f 2309//3287 2274//3287 2276//3287
f 2309//3287 2276//3287 2310//3287
f 2310//3288 2276//3288 2278//3288
f 2310//3288 2278//3288 2311//3288
f 2311//3289 2278//3289 2280//3289
f 2311//3289 2280//3289 2312//3289
f 2312//3290 2280//3290 2282//3290
f 2312//3290 2282//3290 2313//3290
f 2313//3291 2282//3291 2284//3291
f 2313//3291 2284//3291 2314//3291
f 2314//3292 2284//3292 2286//3292
f 2314//3292 2286//3292 2315//3292
f 2315//2475 2286//2475 2288//2475
f 2315//2475 2288//2475 2316//2475
f 2316//359 2288//359 2290//359
f 2316//3293 2290//3293 2317//3293
f 2317//3294 2290//3294 2292//3294
f 2317//3295 2292//3295 2318//3295
f 2318//3296 2292//3296 2294//3296
f 2318//356 2294//356 2319//356
f 2319//355 2294//355 2296//355
f 2319//355 2296//355 2320//355
f 2320//3297 2296//3297 2298//3297
f 2320//3297 2298//3297 2321//3297
f 2321//3298 2298//3298 2300//3298
f 2321//3299 2300//3299 2322//3299
f 2322//3300 2300//3300 2302//3300
f 2322//3300 2302//3300 2323//3300
f 2323//3301 2302//3301 2304//3301
f 2323//3301 2304//3301 2324//3301
f 2324//3302 2304//3302 2230//3302
f 2324//3302 2230//3302 2325//3302
f 2325//3303 2230//3303 2232//3303
f 2325//3303 2232//3303 2326//3303
f 2326//3304 2232//3304 2234//3304
f 2326//3304 2234//3304 2327//3304
f 2327//3305 2234//3305 2236//3305
f 2327//3305 2236//3305 2328//3305
f 2328//3306 2236//3306 2238//3306
f 2328//3307 2238//3307 2329//3307
f 2329//367 2238//367 2240//367
f 2329//367 2240//367 2330//367
f 2330//366 2240//366 2242//366
f 2330//366 2242//366 2331//366
f 2331//365 2242//365 2244//365
f 2331//365 2244//365 2332//365
f 2332//363 2244//363 2246//363
f 2332//363 2246//363 2333//363
f 2333//3308 2246//3308 2248//3308
f 2333//3308 2248//3308 2334//3308
f 2334//2495 2248//2495 2250//2495
f 2334//2495 2250//2495 2335//2495
f 2335//3309 2250//3309 2252//3309
f 2335//3309 2252//3309 2336//3309
f 2336//3310 2252//3310 2254//3310
f 2336//3310 2254//3310 2337//3310
f 2337//3311 2254//3311 2256//3311
f 2337//3312 2256//3312 2338//3312
f 2338//3313 2256//3313 2258//3313
f 2338//3313 2258//3313 2339//3313
f 2339//3314 2258//3314 2260//3314
f 2339//3314 2260//3314 2340//3314
f 2340//3315 2260//3315 2262//3315
f 2340//3316 2262//3316 2341//3316
f 2341//378 2262//378 2264//378
f 2341//378 2264//378 2342//378
f 2342//377 2264//377 2266//377
f 2342//377 2266//377 2305//377
f 2305//375 2266//375 2268//375
f 2343//351 2344//351 2325//351
f 2325//349 2344//349 2345//349
f 2325//348 2345//348 2324//348
f 2324//349 2345//349 2346//349
f 2324//351 2346//351 2323//351
f 2323//351 2346//351 2347//351
f 2323//349 2347//349 2322//349
f 2322//911 2347//911 2348//911
f 2322//911 2348//911 2321//911
f 2321//351 2348//351 2349//351
f 2321//348 2349//348 2320//348
f 2320//348 2349//348 2350//348
f 2320//349 2350//349 2319//349
f 2319//349 2350//349 2351//349
f 2319//348 2351//348 2318//348
f 2318//349 2351//349 2352//349
f 2318//349 2352//349 2317//349
f 2317//349 2352//349 2353//349
f 2317//349 2353//349 2316//349
f 2316//348 2353//348 2354//348
f 2316//348 2354//348 2315//348
f 2315//350 2354//350 2355//350
f 2315//350 2355//350 2314//350
f 2314//349 2355//349 2356//349
f 2314//349 2356//349 2313//349
f 2313//349 2356//349 2357//349
f 2313//349 2357//349 2312//349
f 2312//348 2357//348 2358//348
f 2312//350 2358//350 2311//350
f 2311//348 2358//348 2359//348
f 2311//348 2359//348 2310//348
f 2310//349 2359//349 2360//349
f 2310//349 2360//349 2309//349
f 2309//348 2360//348 2361//348
f 2309//348 2361//348 2308//348
f 2308//348 2361//348 2362//348
f 2308//349 2362//349 2307//349
f 2307//349 2362//349 2363//349
f 2307//349 2363//349 2306//349
f 2306//351 2363//351 2364//351
f 2306//351 2364//351 2305//351
f 2305//349 2364//349 2365//349
f 2305//349 2365//349 2342//349
f 2342//349 2365//349 2366//349
f 2342//348 2366//348 2341//348
f 2341//351 2366//351 2367//351
f 2341//351 2367//351 2340//351
f 2340//349 2367//349 2368//349
f 2340//349 2368//349 2339//349
f 2339//351 2368//351 2369//351
f 2339//352 2369//352 2338//352
f 2338//348 2369//348 2370//348
f 2338//348 2370//348 2337//348
f 2337//349 2370//349 2371//349
f 2337//349 2371//349 2336//349
f 2336//905 2371//905 2372//905
f 2336//349 2372//349 2335//349
f 2335//349 2372//349 2373//349
f 2335//348 2373//348 2334//348
f 2334//349 2373//349 2374//349
f 2334//349 2374//349 2333//349
f 2333//349 2374//349 2375//349
f 2333//349 2375//349 2332//349
f 2332//348 2375//348 2376//348
f 2332//349 2376//349 2331//349
f 2331//349 2376//349 2377//349
f 2331//348 2377//348 2330//348
f 2330//349 2377//349 2378//349
f 2330//349 2378//349 2329//349
f 2329//349 2378//349 2379//349
f 2329//351 2379//351 2328//351
f 2328//348 2379//348 2380//348
f 2328//348 2380//348 2327//348
f 2327//348 2380//348 2381//348
f 2327//348 2381//348 2326//348
f 2326//351 2381//351 2343//351
f 2326//351 2343//351 2325//351
f 2363//3317 2269//3317 2364//3317
f 2364//3318 2269//3318 2267//3318
f 2364//3318 2267//3318 2365//3318
f 2365//3319 2267//3319 2265//3319
f 2365//3319 2265//3319 2366//3319
f 2366//3320 2265//3320 2263//3320
f 2366//3320 2263//3320 2367//3320
f 2367//3321 2263//3321 2261//3321
f 2367//3322 2261//3322 2368//3322
f 2368//3323 2261//3323 2259//3323
f 2368//3323 2259//3323 2369//3323
f 2369//3324 2259//3324 2257//3324
f 2369//3324 2257//3324 2370//3324
f 2370//3325 2257//3325 2255//3325
f 2370//3325 2255//3325 2371//3325
f 2371//3326 2255//3326 2253//3326
f 2371//3327 2253//3327 2372//3327
f 2372//3328 2253//3328 2251//3328
f 2372//3328 2251//3328 2373//3328
f 2373//3329 2251//3329 2249//3329
f 2373//3329 2249//3329 2374//3329
f 2374//3330 2249//3330 2247//3330
f 2374//3330 2247//3330 2375//3330
f 2375//3331 2247//3331 2245//3331
f 2375//3331 2245//3331 2376//3331
f 2376//3332 2245//3332 2243//3332
f 2376//3332 2243//3332 2377//3332
f 2377//3333 2243//3333 2241//3333
f 2377//3333 2241//3333 2378//3333
f 2378//3334 2241//3334 2239//3334
f 2378//3334 2239//3334 2379//3334
f 2379//3335 2239//3335 2237//3335
f 2379//3335 2237//3335 2380//3335
f 2380//3336 2237//3336 2235//3336
f 2380//3336 2235//3336 2381//3336
f 2381//3337 2235//3337 2233//3337
f 2381//3337 2233//3337 2343//3337
f 2343//3338 2233//3338 2231//3338
f 2343//3338 2231//3338 2344//3338
f 2344//3339 2231//3339 2229//3339
f 2344//3340 2229//3340 2345//3340
f 2345//3341 2229//3341 2228//3341
f 2345//3341 2228//3341 2346//3341
f 2346//3342 2228//3342 2303//3342
f 2346//3342 2303//3342 2347//3342
f 2347//3343 2303//3343 2301//3343
f 2347//3343 2301//3343 2348//3343
f 2348//3344 2301//3344 2299//3344
f 2348//3345 2299//3345 2349//3345
f 2349//3346 2299//3346 2297//3346
f 2349//3346 2297//3346 2350//3346
f 2350//3347 2297//3347 2295//3347
f 2350//3347 2295//3347 2351//3347
f 2351//3348 2295//3348 2293//3348
f 2351//3348 2293//3348 2352//3348
f 2352//3349 2293//3349 2291//3349
f 2352//3350 2291//3350 2353//3350
f 2353//3351 2291//3351 2289//3351
f 2353//3351 2289//3351 2354//3351
f 2354//3352 2289//3352 2287//3352
f 2354//3352 2287//3352 2355//3352
f 2355//3353 2287//3353 2285//3353
f 2355//3354 2285//3354 2356//3354
f 2356//3355 2285//3355 2283//3355
f 2356//3355 2283//3355 2357//3355
f 2357//3356 2283//3356 2281//3356
f 2357//3356 2281//3356 2358//3356
f 2358//3357 2281//3357 2279//3357
f 2358//3357 2279//3357 2359//3357
f 2359//3358 2279//3358 2277//3358
f 2359//3359 2277//3359 2360//3359
f 2360//3360 2277//3360 2275//3360
f 2360//3360 2275//3360 2361//3360
f 2361//3361 2275//3361 2273//3361
f 2361//3361 2273//3361 2362//3361
f 2362//3362 2273//3362 2271//3362
f 2362//3362 2271//3362 2363//3362
f 2363//3363 2271//3363 2269//3363
f 2382//348 2383//348 2384//348
f 2384//348 2383//348 2385//348
f 2384//348 2385//348 2386//348
f 2386//348 2385//348 2387//348
f 2386//350 2387//350 2388//350
f 2388//350 2387//350 2389//350
f 2388//350 2389//350 2390//350
f 2390//348 2389//348 2391//348
f 2390//348 2391//348 2392//348
f 2392//349 2391//349 2393//349
f 2392//349 2393//349 2394//349
f 2394//348 2393//348 2395//348
f 2394//349 2395//349 2396//349
f 2396//349 2395//349 2397//349
f 2396//349 2397//349 2398//349
f 2398//349 2397//349 2399//349
f 2398//349 2399//349 2400//349
f 2400//348 2399//348 2401//348
f 2400//349 2401//349 2402//349
f 2402//350 2401//350 2403//350
f 2402//352 2403//352 2404//352
f 2404//352 2403//352 2405//352
f 2404//352 2405//352 2406//352
f 2406//349 2405//349 2407//349
f 2406//349 2407//349 2408//349
f 2408//349 2407//349 2409//349
f 2408//348 2409//348 2410//348
f 2410//348 2409//348 2411//348
f 2410//348 2411//348 2412//348
f 2412//349 2411//349 2413//349
f 2412//348 2413//348 2414//348
f 2414//348 2413//348 2415//348
f 2416//349 2417//349 2418//349
f 2418//349 2417//349 2419//349
f 2418//351 2419//351 2420//351
f 2420//348 2419//348 2421//348
f 2420//349 2421//349 2422//349
f 2422//911 2421//911 2423//911
f 2422//911 2423//911 2424//911
f 2424//351 2423//351 2425//351
f 2424//352 2425//352 2426//352
f 2426//349 2425//349 2427//349
f 2426//349 2427//349 2428//349
f 2428//348 2427//348 2429//348
f 2428//349 2429//349 2430//349
f 2430//352 2429//352 2431//352
f 2430//350 2431//350 2432//350
f 2432//350 2431//350 2433//350
f 2432//350 2433//350 2434//350
f 2434//349 2433//349 2435//349
f 2434//349 2435//349 2436//349
f 2436//349 2435//349 2437//349
f 2436//351 2437//351 2438//351
f 2438//348 2437//348 2439//348
f 2438//350 2439//350 2440//350
f 2440//350 2439//350 2441//350
f 2440//350 2441//350 2442//350
f 2442//349 2441//349 2443//349
f 2442//351 2443//351 2444//351
f 2444//349 2443//349 2445//349
f 2444//348 2445//348 2446//348
f 2446//351 2445//351 2447//351
f 2446//351 2447//351 2415//351
f 2415//348 2447//348 2448//348
f 2415//348 2448//348 2414//348
f 2449//3364 2416//3364 2418//3364
f 2449//3364 2418//3364 2450//3364
f 2450//3365 2418//3365 2420//3365
f 2450//3365 2420//3365 2451//3365
f 2451//3366 2420//3366 2422//3366
f 2451//3366 2422//3366 2452//3366
f 2452//3367 2422//3367 2424//3367
f 2452//3367 2424//3367 2453//3367
f 2453//3368 2424//3368 2426//3368
f 2453//3368 2426//3368 2454//3368
f 2454//3369 2426//3369 2428//3369
f 2454//3369 2428//3369 2455//3369
f 2455//3370 2428//3370 2430//3370
f 2455//3370 2430//3370 2456//3370
f 2456//3371 2430//3371 2432//3371
f 2456//3371 2432//3371 2457//3371
f 2457//3292 2432//3292 2434//3292
f 2457//3372 2434//3372 2458//3372
f 2458//3373 2434//3373 2436//3373
f 2458//3374 2436//3374 2459//3374
f 2459//3375 2436//3375 2438//3375
f 2459//3375 2438//3375 2460//3375
f 2460//3376 2438//3376 2440//3376
f 2460//3377 2440//3377 2461//3377
f 2461//3378 2440//3378 2442//3378
f 2461//3378 2442//3378 2462//3378
f 2462//3379 2442//3379 2444//3379
f 2462//3380 2444//3380 2463//3380
f 2463//3381 2444//3381 2446//3381
f 2463//3381 2446//3381 2464//3381
f 2464//3382 2446//3382 2415//3382
f 2464//3382 2415//3382 2465//3382
f 2465//3383 2415//3383 2413//3383
f 2465//3383 2413//3383 2466//3383
f 2466//3384 2413//3384 2411//3384
f 2466//3385 2411//3385 2467//3385
f 2467//3386 2411//3386 2409//3386
f 2467//3386 2409//3386 2468//3386
f 2468//3387 2409//3387 2407//3387
f 2468//3387 2407//3387 2469//3387
f 2469//3388 2407//3388 2405//3388
f 2469//3388 2405//3388 2470//3388
f 2470//3389 2405//3389 2403//3389
f 2470//3389 2403//3389 2471//3389
f 2471//3390 2403//3390 2401//3390
f 2471//3390 2401//3390 2472//3390
f 2472//3391 2401//3391 2399//3391
f 2472//3391 2399//3391 2473//3391
f 2473//3392 2399//3392 2397//3392
f 2473//3392 2397//3392 2474//3392
f 2474//3393 2397//3393 2395//3393
f 2474//3394 2395//3394 2475//3394
f 2475//3395 2395//3395 2393//3395
f 2475//3396 2393//3396 2476//3396
f 2476//3397 2393//3397 2391//3397
f 2476//3397 2391//3397 2477//3397
f 2477//3398 2391//3398 2389//3398
f 2477//3398 2389//3398 2478//3398
f 2478//3399 2389//3399 2387//3399
f 2478//3400 2387//3400 2479//3400
f 2479//3401 2387//3401 2385//3401
f 2479//3401 2385//3401 2480//3401
f 2480//3402 2385//3402 2383//3402
f 2480//3402 2383//3402 2481//3402
f 2482//2 2483//2 2484//2
f 2484//1 2483//1 2485//1
f 2484//2 2485//2 2486//2
f 2486//2 2485//2 2487//2
f 2486//2 2487//2 2488//2
f 2482//2 2489//2 2483//2
f 2483//1 2489//1 2480//1
f 2483//2 2480//2 2481//2
f 2465//2 2466//2 2490//2
f 2490//1 2466//1 2491//1
f 2491//1 2466//1 2467//1
f 2491//2 2467//2 2492//2
f 2492//2 2467//2 2468//2
f 2492//1 2468//1 2493//1
f 2493//1 2468//1 2469//1
f 2493//2 2469//2 2494//2
f 2494//1 2469//1 2470//1
f 2494//2 2470//2 2495//2
f 2495//2 2470//2 2471//2
f 2495//1 2471//1 2496//1
f 2496//2 2471//2 2472//2
f 2496//2 2472//2 2497//2
f 2487//1 2498//1 2488//1
f 2488//5 2498//5 2499//5
f 2488//2 2499//2 2500//2
f 2500//1 2499//1 2501//1
f 2500//1 2501//1 2502//1
f 2502//2 2501//2 2503//2
f 2502//1 2503//1 2504//1
f 2504//4 2503//4 2505//4
f 2504//1 2505//1 2506//1
f 2506//2 2505//2 2449//2
f 2506//1 2449//1 2450//1
f 2490//1 2507//1 2465//1
f 2465//1 2507//1 2508//1
f 2465//2 2508//2 2464//2
f 2464//1 2508//1 2509//1
f 2464//1 2509//1 2463//1
f 2463//1 2509//1 2510//1
f 2463//1 2510//1 2462//1
f 2462//2 2510//2 2511//2
f 2462//2 2511//2 2461//2
f 2461//2 2511//2 2512//2
f 2461//2 2512//2 2460//2
f 2460//2 2512//2 2513//2
f 2460//1 2513//1 2459//1
f 2497//2 2472//2 2514//2
f 2514//2 2472//2 2473//2
f 2514//1 2473//1 2515//1
f 2515//1 2473//1 2474//1
f 2515//2 2474//2 2516//2
f 2516//2 2474//2 2475//2
f 2516//1 2475//1 2517//1
f 2517//1 2475//1 2476//1
f 2517//2 2476//2 2518//2
f 2518//2 2476//2 2477//2
f 2518//2 2477//2 2519//2
f 2519//2 2477//2 2478//2
f 2519//2 2478//2 2489//2
f 2489//2 2478//2 2479//2
f 2489//2 2479//2 2480//2
f 2513//1 2520//1 2459//1
f 2459//2 2520//2 2521//2
f 2459//1 2521//1 2458//1
f 2458//1 2521//1 2522//1
f 2458//2 2522//2 2457//2
f 2457//2 2522//2 2523//2
f 2457//2 2523//2 2456//2
f 2456//2 2523//2 2524//2
f 2456//1 2524//1 2455//1
f 2455//1 2524//1 2525//1
f 2455//1 2525//1 2454//1
f 2454//1 2525//1 2526//1
f 2454//2 2526//2 2453//2
f 2450//2 2451//2 2506//2
f 2506//2 2451//2 2452//2
f 2506//1 2452//1 2527//1
f 2527//1 2452//1 2453//1
f 2527//2 2453//2 2528//2
f 2528//2 2453//2 2526//2
f 2529//349 2530//349 2531//349
f 2531//349 2530//349 2532//349
f 2532//348 2530//348 2533//348
f 2532//349 2533//349 2534//349
f 2534//348 2533//348 2535//348
f 2534//349 2535//349 2536//349
f 2537//348 2538//348 2539//348
f 2539//349 2538//349 2540//349
f 2539//348 2540//348 2541//348
f 2541//348 2540//348 2542//348
f 2541//349 2542//349 2543//349
f 2543//349 2542//349 2544//349
f 2543//348 2544//348 2545//348
f 2545//348 2544//348 2546//348
f 2545//349 2546//349 2547//349
f 2547//349 2546//349 2548//349
f 2547//349 2548//349 2549//349
f 2549//348 2548//348 2550//348
f 2549//348 2550//348 2551//348
f 2531//352 2552//352 2529//352
f 2529//349 2552//349 2553//349
f 2529//349 2553//349 2554//349
f 2554//348 2553//348 2555//348
f 2554//348 2555//348 2556//348
f 2556//351 2555//351 2557//351
f 2556//348 2557//348 2558//348
f 2558//348 2557//348 2559//348
f 2558//348 2559//348 2560//348
f 2560//3403 2559//3403 2561//3403
f 2560//351 2561//351 2562//351
f 2550//349 2563//349 2551//349
f 2551//349 2563//349 2564//349
f 2551//349 2564//349 2565//349
f 2565//349 2564//349 2566//349
f 2565//349 2566//349 2567//349
f 2567//349 2566//349 2568//349
f 2567//351 2568//351 2569//351
f 2569//348 2568//348 2570//348
f 2569//348 2570//348 2571//348
f 2571//348 2570//348 2560//348
f 2571//348 2560//348 2572//348
f 2572//349 2560//349 2562//349
f 2573//348 2574//348 2575//348
f 2575//349 2574//349 2576//349
f 2575//348 2576//348 2577//348
f 2577//348 2576//348 2578//348
f 2577//349 2578//349 2579//349
f 2579//349 2578//349 2580//349
f 2579//349 2580//349 2581//349
f 2581//349 2580//349 2582//349
f 2581//349 2582//349 2583//349
f 2583//349 2582//349 2584//349
f 2583//349 2584//349 2537//349
f 2537//349 2584//349 2585//349
f 2537//348 2585//348 2538//348
f 2586//3404 2534//3404 2587//3405
f 2587//348 2534//348 2536//348
f 2587//348 2536//348 2588//348
f 2588//349 2536//349 2589//349
f 2590//349 2591//349 2592//349
f 2592//349 2591//349 2593//349
f 2592//348 2593//348 2594//348
f 2594//348 2593//348 2595//348
f 2594//349 2595//349 2596//349
f 2596//348 2595//348 2597//348
f 2596//348 2597//348 2598//348
f 2598//349 2597//349 2599//349
f 2598//349 2599//349 2600//349
f 2600//348 2599//348 2601//348
f 2600//348 2601//348 2602//348
f 2602//349 2601//349 2603//349
f 2602//349 2603//349 2573//349
f 2573//348 2603//348 2604//348
f 2573//348 2604//348 2574//348
f 2589//349 2536//349 2605//349
f 2605//348 2536//348 2606//348
f 2605//348 2606//348 2607//348
f 2607//349 2606//349 2608//349
f 2607//348 2608//348 2590//348
f 2590//349 2608//349 2609//349
f 2590//349 2609//349 2591//349
f 2561//3406 2382//3406 2562//3406
f 2562//3407 2382//3407 2384//3407
f 2562//3408 2384//3408 2572//3408
f 2572//3408 2384//3408 2386//3408
f 2572//3409 2386//3409 2571//3409
f 2571//3409 2386//3409 2388//3409
f 2571//3410 2388//3410 2569//3410
f 2569//3410 2388//3410 2390//3410
f 2569//3411 2390//3411 2567//3411
f 2567//3411 2390//3411 2392//3411
f 2567//3412 2392//3412 2565//3412
f 2565//3413 2392//3413 2394//3413
f 2565//3414 2394//3414 2551//3414
f 2551//3414 2394//3414 2396//3414
f 2551//3415 2396//3415 2549//3415
f 2549//3415 2396//3415 2398//3415
f 2549//3416 2398//3416 2547//3416
f 2547//3417 2398//3417 2400//3417
f 2547//3418 2400//3418 2545//3418
f 2545//3419 2400//3419 2402//3419
f 2545//3420 2402//3420 2543//3420
f 2543//3421 2402//3421 2404//3421
f 2543//3422 2404//3422 2541//3422
f 2541//3422 2404//3422 2406//3422
f 2541//3423 2406//3423 2539//3423
f 2539//3423 2406//3423 2408//3423
f 2539//3424 2408//3424 2537//3424
f 2537//3424 2408//3424 2410//3424
f 2537//3425 2410//3425 2583//3425
f 2583//3425 2410//3425 2412//3425
f 2583//3426 2412//3426 2581//3426
f 2581//3427 2412//3427 2414//3427
f 2581//3428 2414//3428 2579//3428
f 2579//3428 2414//3428 2448//3428
f 2579//3429 2448//3429 2577//3429
f 2577//3430 2448//3430 2447//3430
f 2577//3431 2447//3431 2575//3431
f 2575//3432 2447//3432 2445//3432
f 2575//3433 2445//3433 2573//3433
f 2573//3434 2445//3434 2443//3434
f 2573//3435 2443//3435 2602//3435
f 2602//3435 2443//3435 2441//3435
f 2602//3436 2441//3436 2600//3436
f 2600//3437 2441//3437 2439//3437
f 2600//3438 2439//3438 2598//3438
f 2598//3439 2439//3439 2437//3439
f 2598//3440 2437//3440 2596//3440
f 2596//3440 2437//3440 2435//3440
f 2596//3441 2435//3441 2594//3441
f 2594//3442 2435//3442 2433//3442
f 2594//3443 2433//3443 2592//3443
f 2592//3443 2433//3443 2431//3443
f 2592//3444 2431//3444 2590//3444
f 2590//3444 2431//3444 2429//3444
f 2590//3445 2429//3445 2607//3445
f 2607//3445 2429//3445 2427//3445
f 2607//3446 2427//3446 2605//3446
f 2605//3447 2427//3447 2425//3447
f 2605//3448 2425//3448 2589//3448
f 2589//3448 2425//3448 2423//3448
f 2589//3449 2423//3449 2588//3449
f 2588//3449 2423//3449 2421//3449
f 2588//3450 2421//3450 2587//3450
f 2587//3450 2421//3450 2419//3450
f 2587//3451 2419//3451 2586//3451
f 2586//3452 2419//3452 2417//3452
f 2500//3453 2529//3453 2488//3453
f 2488//3454 2529//3454 2554//3454
f 2488//3454 2554//3454 2486//3454
f 2486//3455 2554//3455 2556//3455
f 2486//3455 2556//3455 2484//3455
f 2484//3456 2556//3456 2558//3456
f 2484//3456 2558//3456 2482//3456
f 2482//3457 2558//3457 2560//3457
f 2482//3458 2560//3458 2489//3458
f 2489//3459 2560//3459 2570//3459
f 2489//3459 2570//3459 2519//3459
f 2519//3460 2570//3460 2568//3460
f 2519//3460 2568//3460 2518//3460
f 2518//3461 2568//3461 2566//3461
f 2518//3461 2566//3461 2517//3461
f 2517//3462 2566//3462 2564//3462
f 2517//3462 2564//3462 2516//3462
f 2516//3463 2564//3463 2563//3463
f 2516//3463 2563//3463 2515//3463
f 2515//3464 2563//3464 2550//3464
f 2515//3465 2550//3465 2514//3465
f 2514//3466 2550//3466 2548//3466
f 2514//3466 2548//3466 2497//3466
f 2497//3467 2548//3467 2546//3467
f 2497//3468 2546//3468 2496//3468
f 2496//3469 2546//3469 2544//3469
f 2496//3469 2544//3469 2495//3469
f 2495//3470 2544//3470 2542//3470
f 2495//3471 2542//3471 2494//3471
f 2494//3472 2542//3472 2540//3472
f 2494//3473 2540//3473 2493//3473
f 2493//3474 2540//3474 2538//3474
f 2493//3474 2538//3474 2492//3474
f 2492//3475 2538//3475 2585//3475
f 2492//3475 2585//3475 2491//3475
f 2491//3476 2585//3476 2584//3476
f 2491//3476 2584//3476 2490//3476
f 2490//3477 2584//3477 2582//3477
f 2490//3477 2582//3477 2507//3477
f 2507//3478 2582//3478 2580//3478
f 2507//3479 2580//3479 2508//3479
f 2508//3480 2580//3480 2578//3480
f 2508//3481 2578//3481 2509//3481
f 2509//3482 2578//3482 2576//3482
f 2509//3482 2576//3482 2510//3482
f 2510//3483 2576//3483 2574//3483
f 2510//3484 2574//3484 2511//3484
f 2511//3485 2574//3485 2604//3485
f 2511//3486 2604//3486 2512//3486
f 2512//3487 2604//3487 2603//3487
f 2512//3488 2603//3488 2513//3488
f 2513//3489 2603//3489 2601//3489
f 2513//3489 2601//3489 2520//3489
f 2520//3490 2601//3490 2599//3490
f 2520//3490 2599//3490 2521//3490
f 2521//3491 2599//3491 2597//3491
f 2521//3491 2597//3491 2522//3491
f 2522//3492 2597//3492 2595//3492
f 2522//3492 2595//3492 2523//3492
f 2523//3493 2595//3493 2593//3493
f 2523//3493 2593//3493 2524//3493
f 2524//3494 2593//3494 2591//3494
f 2524//3494 2591//3494 2525//3494
f 2525//3495 2591//3495 2609//3495
f 2525//3496 2609//3496 2526//3496
f 2526//3497 2609//3497 2608//3497
f 2526//3497 2608//3497 2528//3497
f 2528//3498 2608//3498 2606//3498
f 2528//3498 2606//3498 2527//3498
f 2527//3499 2606//3499 2536//3499
f 2527//3500 2536//3500 2506//3500
f 2506//3501 2536//3501 2535//3501
f 2506//3502 2535//3502 2504//3502
f 2504//3503 2535//3503 2533//3503
f 2504//3503 2533//3503 2502//3503
f 2502//3504 2533//3504 2530//3504
f 2502//3504 2530//3504 2500//3504
f 2500//3505 2530//3505 2529//3505
f 2417//2475 2416//2475 2586//2475
f 2586//2475 2416//2475 2449//2475
f 2586//3506 2449//3506 2534//3506
f 2534//3507 2449//3507 2505//3507
f 2559//3508 2483//3508 2561//3508
f 2561//3509 2483//3509 2481//3509
f 2561//3510 2481//3510 2382//3510
f 2382//3510 2481//3510 2383//3510
f 2534//3511 2505//3511 2503//3511
f 2534//3512 2503//3512 2532//3512
f 2532//3513 2503//3513 2501//3513
f 2532//3514 2501//3514 2531//3514
f 2531//3515 2501//3515 2499//3515
f 2531//3515 2499//3515 2552//3515
f 2552//3516 2499//3516 2498//3516
f 2552//3517 2498//3517 2553//3517
f 2553//3518 2498//3518 2487//3518
f 2553//3518 2487//3518 2555//3518
f 2555//3519 2487//3519 2485//3519
f 2555//3519 2485//3519 2557//3519
f 2557//3520 2485//3520 2483//3520
f 2557//3521 2483//3521 2559//3521
f 2417//1 2416//1 2610//1
f 2610//1 2416//1 2611//1
f 2610//1 2611//1 2612//1
f 2612//4 2611//4 2613//4
f 2612//4 2613//4 2614//4
f 2614//1 2613//1 2615//1
f 2614//3522 2615//3522 2616//3522
f 2616//3522 2615//3522 2617//3522
f 2616//1 2617//1 2618//1
f 2618//2 2617//2 2619//2
f 2618//2 2619//2 2620//2
f 2620//2451 2619//2451 2621//2451
f 2620//2451 2621//2451 2622//2451
f 2622//5 2621//5 2623//5
f 2622//1 2623//1 2624//1
f 2624//1 2623//1 2625//1
f 2624//1 2625//1 2626//1
f 2626//1 2625//1 2627//1
f 2626//1 2627//1 2628//1
f 2628//1 2627//1 2629//1
f 2628//2 2629//2 2630//2
f 2630//2 2629//2 2631//2
f 2630//2 2631//2 2632//2
f 2632//2 2631//2 2633//2
f 2632//1 2633//1 2634//1
f 2634//1 2633//1 2635//1
f 2634//1 2635//1 2636//1
f 2636//1 2635//1 2637//1
f 2636//2 2637//2 2638//2
f 2638//1 2637//1 2639//1
f 2638//1 2639//1 2640//1
f 2640//1 2639//1 2641//1
f 2383//5 2382//5 2642//5
f 2642//1 2382//1 2643//1
f 2642//1 2643//1 2644//1
f 2644//4 2643//4 2645//4
f 2644//4 2645//4 2646//4
f 2646//2 2645//2 2647//2
f 2646//2 2647//2 2648//2
f 2648//2 2647//2 2649//2
f 2648//2 2649//2 2650//2
f 2650//2453 2649//2453 2651//2453
f 2650//2453 2651//2453 2652//2453
f 2652//5 2651//5 2653//5
f 2652//2451 2653//2451 2654//2451
f 2654//2453 2653//2453 2655//2453
f 2654//2450 2655//2450 2656//2450
f 2656//1 2655//1 2657//1
f 2656//1 2657//1 2658//1
f 2658//2 2657//2 2659//2
f 2658//3522 2659//3522 2660//3522
f 2660//2 2659//2 2661//2
f 2660//1 2661//1 2662//1
f 2662//4 2661//4 2663//4
f 2662//2 2663//2 2664//2
f 2664//2 2663//2 2665//2
f 2664//4 2665//4 2641//4
f 2641//2 2665//2 2666//2
f 2641//2 2666//2 2640//2
f 2416//3523 2449//3523 2667//3523
f 2416//3523 2667//3523 2611//3523
f 2611//3524 2667//3524 2668//3524
f 2611//3524 2668//3524 2613//3524
f 2613//3525 2668//3525 2669//3525
f 2613//3525 2669//3525 2615//3525
f 2615//3526 2669//3526 2670//3526
f 2615//3526 2670//3526 2617//3526
f 2617//3527 2670//3527 2671//3527
f 2617//3527 2671//3527 2619//3527
f 2619//3528 2671//3528 2672//3528
f 2619//3528 2672//3528 2621//3528
f 2621//3529 2672//3529 2673//3529
f 2621//3529 2673//3529 2623//3529
f 2623//3530 2673//3530 2674//3530
f 2623//3530 2674//3530 2625//3530
f 2625//3531 2674//3531 2675//3531
f 2625//3531 2675//3531 2627//3531
f 2627//3532 2675//3532 2676//3532
f 2627//3532 2676//3532 2629//3532
f 2629//3533 2676//3533 2677//3533
f 2629//3534 2677//3534 2631//3534
f 2631//3535 2677//3535 2678//3535
f 2631//3535 2678//3535 2633//3535
f 2633//3536 2678//3536 2679//3536
f 2633//3537 2679//3537 2635//3537
f 2635//3538 2679//3538 2680//3538
f 2635//3538 2680//3538 2637//3538
f 2637//3478 2680//3478 2681//3478
f 2637//3478 2681//3478 2639//3478
f 2639//3539 2681//3539 2682//3539
f 2639//3539 2682//3539 2641//3539
f 2641//3540 2682//3540 2683//3540
f 2641//3540 2683//3540 2664//3540
f 2664//3541 2683//3541 2684//3541
f 2664//3541 2684//3541 2662//3541
f 2662//3542 2684//3542 2685//3542
f 2662//3542 2685//3542 2660//3542
f 2660//3543 2685//3543 2686//3543
f 2660//3543 2686//3543 2658//3543
f 2658//3544 2686//3544 2687//3544
f 2658//3544 2687//3544 2656//3544
f 2656//3545 2687//3545 2688//3545
f 2656//3546 2688//3546 2654//3546
f 2654//3547 2688//3547 2689//3547
f 2654//3547 2689//3547 2652//3547
f 2652//3548 2689//3548 2690//3548
f 2652//3548 2690//3548 2650//3548
f 2650//3549 2690//3549 2691//3549
f 2650//3549 2691//3549 2648//3549
f 2648//3550 2691//3550 2692//3550
f 2648//3550 2692//3550 2646//3550
f 2646//3551 2692//3551 2693//3551
f 2646//3551 2693//3551 2644//3551
f 2644//3552 2693//3552 2694//3552
f 2644//3552 2694//3552 2642//3552
f 2642//3553 2694//3553 2481//3553
f 2642//3553 2481//3553 2383//3553
f 2667//349 2449//349 2695//349
f 2481//349 2694//349 2696//349
f 2696//349 2694//349 2693//349
f 2696//349 2693//349 2697//349
f 2697//349 2693//349 2692//349
f 2697//349 2692//349 2698//349
f 2698//349 2692//349 2691//349
f 2685//348 2699//348 2686//348
f 2686//349 2699//349 2700//349
f 2686//348 2700//348 2687//348
f 2687//349 2700//349 2701//349
f 2687//349 2701//349 2688//349
f 2688//349 2701//349 2702//349
f 2688//349 2702//349 2689//349
f 2689//348 2702//348 2703//348
f 2689//348 2703//348 2690//348
f 2690//349 2703//349 2704//349
f 2690//349 2704//349 2691//349
f 2691//348 2704//348 2705//348
f 2691//349 2705//349 2698//349
f 2680//349 2706//349 2681//349
f 2681//349 2706//349 2707//349
f 2681//349 2707//349 2682//349
f 2682//348 2707//348 2708//348
f 2682//349 2708//349 2683//349
f 2683//349 2708//349 2709//349
f 2683//349 2709//349 2684//349
f 2684//348 2709//348 2710//348
f 2684//349 2710//349 2685//349
f 2685//349 2710//349 2711//349
f 2685//348 2711//348 2699//348
f 2669//348 2668//348 2712//348
f 2668//349 2667//349 2712//349
f 2712//348 2667//348 2695//348
f 2712//349 2695//349 2713//349
f 2713//348 2695//348 2714//348
f 2713//349 2714//349 2715//349
f 2715//349 2714//349 2716//349
f 2715//348 2716//348 2717//348
f 2717//349 2716//349 2718//349
f 2717//348 2718//348 2719//348
f 2719//351 2718//351 2720//351
f 2719//349 2720//349 2721//349
f 2721//348 2720//348 2722//348
f 2721//349 2722//349 2696//349
f 2696//351 2722//351 2723//351
f 2696//348 2723//348 2481//348
f 2712//348 2724//348 2669//348
f 2669//349 2724//349 2725//349
f 2669//348 2725//348 2670//348
f 2670//348 2725//348 2726//348
f 2670//349 2726//349 2671//349
f 2671//349 2726//349 2727//349
f 2671//348 2727//348 2672//348
f 2672//349 2727//349 2728//349
f 2672//349 2728//349 2673//349
f 2673//349 2728//349 2729//349
f 2673//348 2729//348 2674//348
f 2674//348 2729//348 2730//348
f 2674//348 2730//348 2675//348
f 2730//349 2731//349 2675//349
f 2675//348 2731//348 2732//348
f 2675//349 2732//349 2676//349
f 2676//349 2732//349 2733//349
f 2676//349 2733//349 2677//349
f 2677//348 2733//348 2734//348
f 2677//348 2734//348 2678//348
f 2678//348 2734//348 2735//348
f 2678//348 2735//348 2679//348
f 2679//348 2735//348 2736//348
f 2679//348 2736//348 2680//348
f 2680//348 2736//348 2737//348
f 2680//348 2737//348 2706//348
f 2737//3554 2738//3554 2706//3554
f 2706//3555 2738//3555 2739//3555
f 2706//3555 2739//3555 2707//3555
f 2707//3556 2739//3556 2740//3556
f 2707//3200 2740//3200 2708//3200
f 2708//3557 2740//3557 2741//3557
f 2708//3558 2741//3558 2709//3558
f 2709//3559 2741//3559 2742//3559
f 2709//3560 2742//3560 2710//3560
f 2710//3561 2742//3561 2743//3561
f 2710//3194 2743//3194 2711//3194
f 2711//3192 2743//3192 2744//3192
f 2711//3192 2744//3192 2699//3192
f 2699//3191 2744//3191 2745//3191
f 2699//3562 2745//3562 2700//3562
f 2700//3563 2745//3563 2746//3563
f 2700//3190 2746//3190 2701//3190
f 2701//3189 2746//3189 2747//3189
f 2701//3564 2747//3564 2702//3564
f 2702//3186 2747//3186 2748//3186
f 2702//3186 2748//3186 2703//3186
f 2703//3184 2748//3184 2749//3184
f 2703//3184 2749//3184 2704//3184
f 2704//3183 2749//3183 2750//3183
f 2704//3183 2750//3183 2705//3183
f 2705//3565 2750//3565 2751//3565
f 2705//3182 2751//3182 2698//3182
f 2698//3566 2751//3566 2752//3566
f 2698//389 2752//389 2697//389
f 2697//3567 2752//3567 2753//3567
f 2697//3568 2753//3568 2696//3568
f 2696//3569 2753//3569 2754//3569
f 2696//3570 2754//3570 2721//3570
f 2721//3231 2754//3231 2755//3231
f 2721//3232 2755//3232 2719//3232
f 2719//3230 2755//3230 2756//3230
f 2719//3571 2756//3571 2717//3571
f 2717//3572 2756//3572 2757//3572
f 2717//3229 2757//3229 2715//3229
f 2715//3228 2757//3228 2758//3228
f 2715//3228 2758//3228 2713//3228
f 2713//3226 2758//3226 2759//3226
f 2713//3226 2759//3226 2712//3226
f 2712//3223 2759//3223 2760//3223
f 2712//3223 2760//3223 2724//3223
f 2724//3224 2760//3224 2761//3224
f 2724//3224 2761//3224 2725//3224
f 2725//3220 2761//3220 2762//3220
f 2725//3573 2762//3573 2726//3573
f 2726//3574 2762//3574 2763//3574
f 2726//3219 2763//3219 2727//3219
f 2727//3217 2763//3217 2764//3217
f 2727//3217 2764//3217 2728//3217
f 2728//3575 2764//3575 2765//3575
f 2728//3575 2765//3575 2729//3575
f 2729//3213 2765//3213 2766//3213
f 2729//3213 2766//3213 2730//3213
f 2730//3576 2766//3576 2767//3576
f 2730//3577 2767//3577 2731//3577
f 2731//3578 2767//3578 2768//3578
f 2731//3578 2768//3578 2732//3578
f 2732//3579 2768//3579 2769//3579
f 2732//3209 2769//3209 2733//3209
f 2733//3208 2769//3208 2770//3208
f 2733//3208 2770//3208 2734//3208
f 2734//3207 2770//3207 2771//3207
f 2734//3207 2771//3207 2735//3207
f 2735//3580 2771//3580 2772//3580
f 2735//3581 2772//3581 2736//3581
f 2736//3582 2772//3582 2773//3582
f 2736//3582 2773//3582 2737//3582
f 2737//3554 2773//3554 2738//3554
f 2774//3583 2775//3583 2748//3583
f 2776//3584 2777//3584 2753//3584
f 2753//3584 2777//3584 2754//3584
f 2776//3585 2753//3585 2778//3585
f 2778//3585 2753//3585 2752//3585
f 2778//3585 2752//3585 2779//3585
f 2779//3586 2752//3586 2780//3586
f 2780//3586 2752//3586 2751//3586
f 2780//3586 2751//3586 2781//3586
f 2781//3587 2751//3587 2782//3587
f 2782//3588 2751//3588 2750//3588
f 2782//3587 2750//3587 2783//3587
f 2783//3589 2750//3589 2784//3589
f 2784//3590 2750//3590 2749//3590
f 2784//3591 2749//3591 2785//3591
f 2748//3592 2775//3592 2749//3592
f 2749//3592 2775//3592 2786//3592
f 2749//3593 2786//3593 2785//3593
f 2774//3594 2748//3594 2787//3594
f 2787//3583 2748//3583 2747//3583
f 2787//3595 2747//3595 2788//3595
f 2788//3596 2747//3596 2746//3596
f 2788//3596 2746//3596 2789//3596
f 2789//3597 2746//3597 2790//3597
f 2790//3598 2746//3598 2745//3598
f 2790//3597 2745//3597 2791//3597
f 2791//3599 2745//3599 2792//3599
f 2792//3599 2745//3599 2744//3599
f 2792//3599 2744//3599 2793//3599
f 2793//3600 2744//3600 2794//3600
f 2794//3600 2744//3600 2743//3600
f 2794//3601 2743//3601 2795//3601
f 2795//3602 2743//3602 2796//3602
f 2796//3602 2743//3602 2742//3602
f 2796//3602 2742//3602 2797//3602
f 2797//3603 2742//3603 2798//3603
f 2798//3604 2742//3604 2741//3604
f 2798//3605 2741//3605 2799//3605
f 2799//3606 2741//3606 2800//3606
f 2800//3606 2741//3606 2740//3606
f 2800//3607 2740//3607 2801//3607
f 2801//3608 2740//3608 2802//3608
f 2802//3608 2740//3608 2739//3608
f 2802//3609 2739//3609 2803//3609
f 2803//3610 2739//3610 2804//3610
f 2804//3610 2739//3610 2738//3610
f 2804//3611 2738//3611 2805//3611
f 2805//3611 2738//3611 2773//3611
f 2805//3612 2773//3612 2806//3612
f 2806//3613 2773//3613 2772//3613
f 2806//3614 2772//3614 2807//3614
f 2807//3615 2772//3615 2808//3615
f 2808//3616 2772//3616 2771//3616
f 2808//3615 2771//3615 2809//3615
f 2809//3617 2771//3617 2810//3617
f 2810//3618 2771//3618 2770//3618
f 2810//3618 2770//3618 2811//3618
f 2811//3619 2770//3619 2812//3619
f 2812//3619 2770//3619 2769//3619
f 2812//3619 2769//3619 2813//3619
f 2813//3620 2769//3620 2814//3620
f 2814//3620 2769//3620 2768//3620
f 2814//3620 2768//3620 2815//3620
f 2815//3621 2768//3621 2816//3621
f 2816//3621 2768//3621 2767//3621
f 2816//3621 2767//3621 2817//3621
f 2766//3622 2818//3622 2767//3622
f 2767//3622 2818//3622 2819//3622
f 2767//3623 2819//3623 2817//3623
f 2764//3624 2820//3624 2765//3624
f 2765//3624 2820//3624 2821//3624
f 2765//3625 2821//3625 2766//3625
f 2766//3625 2821//3625 2822//3625
f 2766//3626 2822//3626 2818//3626
f 2763//3627 2823//3627 2764//3627
f 2764//3628 2823//3628 2824//3628
f 2764//3629 2824//3629 2820//3629
f 2762//3630 2825//3630 2763//3630
f 2763//3631 2825//3631 2826//3631
f 2763//3627 2826//3627 2823//3627
f 2761//3632 2827//3632 2762//3632
f 2762//3632 2827//3632 2828//3632
f 2762//3633 2828//3633 2825//3633
f 2760//3634 2829//3634 2761//3634
f 2761//3634 2829//3634 2830//3634
f 2761//3632 2830//3632 2827//3632
f 2759//3635 2831//3635 2760//3635
f 2760//3635 2831//3635 2832//3635
f 2760//3634 2832//3634 2829//3634
f 2758//3636 2833//3636 2759//3636
f 2759//3636 2833//3636 2834//3636
f 2759//3637 2834//3637 2831//3637
f 2757//3638 2835//3638 2758//3638
f 2758//3638 2835//3638 2836//3638
f 2758//3636 2836//3636 2833//3636
f 2777//3584 2837//3584 2754//3584
f 2754//3639 2837//3639 2838//3639
f 2754//3639 2838//3639 2755//3639
f 2755//3640 2838//3640 2839//3640
f 2755//3641 2839//3641 2756//3641
f 2756//3642 2839//3642 2840//3642
f 2756//3643 2840//3643 2757//3643
f 2757//3644 2840//3644 2841//3644
f 2757//3645 2841//3645 2835//3645
f 2842//3646 2843//3646 2803//3646
f 2844//3647 2801//3647 2843//3647
f 2843//3648 2801//3648 2802//3648
f 2843//3649 2802//3649 2803//3649
f 2845//3650 2799//3650 2844//3650
f 2844//3651 2799//3651 2800//3651
f 2844//3652 2800//3652 2801//3652
f 2846//3653 2797//3653 2845//3653
f 2845//3654 2797//3654 2798//3654
f 2845//3654 2798//3654 2799//3654
f 2847//3655 2795//3655 2846//3655
f 2846//3656 2795//3656 2796//3656
f 2846//3656 2796//3656 2797//3656
f 2848//3657 2793//3657 2847//3657
f 2847//3658 2793//3658 2794//3658
f 2847//3659 2794//3659 2795//3659
f 2849//3660 2791//3660 2848//3660
f 2848//3661 2791//3661 2792//3661
f 2848//3662 2792//3662 2793//3662
f 2850//3663 2789//3663 2849//3663
f 2849//3664 2789//3664 2790//3664
f 2849//3665 2790//3665 2791//3665
f 2851//3666 2787//3666 2850//3666
f 2850//3667 2787//3667 2788//3667
f 2850//3667 2788//3667 2789//3667
f 2852//3668 2775//3668 2851//3668
f 2851//3669 2775//3669 2774//3669
f 2851//3669 2774//3669 2787//3669
f 2853//3670 2785//3670 2852//3670
f 2852//3671 2785//3671 2786//3671
f 2852//3671 2786//3671 2775//3671
f 2854//3672 2783//3672 2853//3672
f 2853//3673 2783//3673 2784//3673
f 2853//3673 2784//3673 2785//3673
f 2855//3674 2781//3674 2854//3674
f 2854//3675 2781//3675 2782//3675
f 2854//3675 2782//3675 2783//3675
f 2856//3676 2779//3676 2855//3676
f 2855//3677 2779//3677 2780//3677
f 2855//3677 2780//3677 2781//3677
f 2857//3678 2776//3678 2856//3678
f 2856//3679 2776//3679 2778//3679
f 2856//3680 2778//3680 2779//3680
f 2858//3681 2837//3681 2857//3681
f 2857//3682 2837//3682 2777//3682
f 2857//3683 2777//3683 2776//3683
f 2859//3684 2839//3684 2858//3684
f 2858//3685 2839//3685 2838//3685
f 2858//3686 2838//3686 2837//3686
f 2860//3687 2841//3687 2859//3687
f 2859//3229 2841//3229 2840//3229
f 2859//3230 2840//3230 2839//3230
f 2861//3688 2836//3688 2860//3688
f 2860//3689 2836//3689 2835//3689
f 2860//3690 2835//3690 2841//3690
f 2862//3691 2834//3691 2861//3691
f 2861//3692 2834//3692 2833//3692
f 2861//3693 2833//3693 2836//3693
f 2863//3694 2832//3694 2862//3694
f 2862//3695 2832//3695 2831//3695
f 2862//3695 2831//3695 2834//3695
f 2864//3696 2830//3696 2863//3696
f 2863//3697 2830//3697 2829//3697
f 2863//3698 2829//3698 2832//3698
f 2865//3699 2828//3699 2864//3699
f 2864//3700 2828//3700 2827//3700
f 2864//3700 2827//3700 2830//3700
f 2866//3701 2826//3701 2865//3701
f 2865//3702 2826//3702 2825//3702
f 2865//3703 2825//3703 2828//3703
f 2867//3704 2824//3704 2866//3704
f 2866//3705 2824//3705 2823//3705
f 2866//3705 2823//3705 2826//3705
f 2868//3706 2821//3706 2867//3706
f 2867//3707 2821//3707 2820//3707
f 2867//3708 2820//3708 2824//3708
f 2869//3709 2818//3709 2868//3709
f 2868//3710 2818//3710 2822//3710
f 2868//3711 2822//3711 2821//3711
f 2870//3712 2817//3712 2869//3712
f 2869//3713 2817//3713 2819//3713
f 2869//3713 2819//3713 2818//3713
f 2871//3714 2815//3714 2870//3714
f 2870//3715 2815//3715 2816//3715
f 2870//3715 2816//3715 2817//3715
f 2872//3716 2813//3716 2871//3716
f 2871//3717 2813//3717 2814//3717
f 2871//3718 2814//3718 2815//3718
f 2873//3719 2811//3719 2872//3719
f 2872//3720 2811//3720 2812//3720
f 2872//3720 2812//3720 2813//3720
f 2874//3721 2809//3721 2873//3721
f 2873//3722 2809//3722 2810//3722
f 2873//3722 2810//3722 2811//3722
f 2875//3723 2807//3723 2874//3723
f 2874//3724 2807//3724 2808//3724
f 2874//3725 2808//3725 2809//3725
f 2803//3201 2804//3201 2842//3201
f 2842//3726 2804//3726 2805//3726
f 2842//3727 2805//3727 2875//3727
f 2875//3728 2805//3728 2806//3728
f 2875//3729 2806//3729 2807//3729
f 2876//4 2858//4 2877//4
f 2877//4 2858//4 2857//4
f 2877//1 2857//1 2878//1
f 2878//1 2857//1 2856//1
f 2878//1 2856//1 2879//1
f 2879//1 2856//1 2855//1
f 2879//2 2855//2 2880//2
f 2880//5 2855//5 2854//5
f 2880//5 2854//5 2881//5
f 2881//1 2854//1 2853//1
f 2881//1 2853//1 2882//1
f 2882//2453 2853//2453 2852//2453
f 2882//1 2852//1 2883//1
f 2883//1 2852//1 2851//1
f 2883//2 2851//2 2884//2
f 2884//2 2851//2 2850//2
f 2884//1 2850//1 2885//1
f 2885//1 2850//1 2849//1
f 2885//2 2849//2 2886//2
f 2886//2 2849//2 2848//2
f 2886//2 2848//2 2887//2
f 2887//2 2848//2 2847//2
f 2887//1 2847//1 2888//1
f 2888//1 2847//1 2846//1
f 2888//2 2846//2 2889//2
f 2889//4 2846//4 2845//4
f 2889//4 2845//4 2890//4
f 2890//4 2845//4 2844//4
f 2890//1 2844//1 2891//1
f 2891//2 2844//2 2843//2
f 2891//2 2843//2 2306//2
f 2306//4 2843//4 2842//4
f 2306//4 2842//4 2892//4
f 2892//4 2842//4 2875//4
f 2892//1 2875//1 2893//1
f 2893//1 2875//1 2874//1
f 2893//2 2874//2 2894//2
f 2894//5 2874//5 2873//5
f 2894//2 2873//2 2895//2
f 2895//2 2873//2 2872//2
f 2895//5 2872//5 2896//5
f 2896//1 2872//1 2871//1
f 2896//1 2871//1 2897//1
f 2897//2 2871//2 2870//2
f 2897//2 2870//2 2898//2
f 2898//2 2870//2 2869//2
f 2898//2 2869//2 2899//2
f 2899//2 2869//2 2868//2
f 2899//2451 2868//2451 2900//2451
f 2900//2 2868//2 2867//2
f 2900//2 2867//2 2901//2
f 2901//1 2867//1 2866//1
f 2901//2 2866//2 2902//2
f 2902//2 2866//2 2865//2
f 2902//1 2865//1 2903//1
f 2903//1 2865//1 2864//1
f 2903//2 2864//2 2904//2
f 2904//2 2864//2 2863//2
f 2904//2 2863//2 2905//2
f 2905//4 2863//4 2862//4
f 2905//4 2862//4 2906//4
f 2906//2 2862//2 2861//2
f 2906//4 2861//4 2907//4
f 2907//1 2861//1 2860//1
f 2907//1 2860//1 2876//1
f 2876//2 2860//2 2859//2
f 2876//1 2859//1 2858//1
f 2892//2365 2908//2365 2306//2365
f 2306//3730 2908//3730 2909//3730
f 2306//3730 2909//3730 2891//3730
f 2891//3731 2909//3731 2910//3731
f 2891//3731 2910//3731 2890//3731
f 2890//3732 2910//3732 2911//3732
f 2890//3732 2911//3732 2889//3732
f 2889//3733 2911//3733 2912//3733
f 2889//3733 2912//3733 2888//3733
f 2888//3734 2912//3734 2913//3734
f 2888//3734 2913//3734 2887//3734
f 2887//3325 2913//3325 2914//3325
f 2887//3325 2914//3325 2886//3325
f 2886//3735 2914//3735 2915//3735
f 2886//3736 2915//3736 2885//3736
f 2885//3737 2915//3737 2916//3737
f 2885//3738 2916//3738 2884//3738
f 2884//3739 2916//3739 2917//3739
f 2884//3739 2917//3739 2883//3739
f 2883//3740 2917//3740 2918//3740
f 2883//3741 2918//3741 2882//3741
f 2882//3742 2918//3742 2919//3742
f 2882//3742 2919//3742 2881//3742
f 2881//2442 2919//2442 2920//2442
f 2881//2442 2920//2442 2880//2442
f 2880//3743 2920//3743 2921//3743
f 2880//3743 2921//3743 2879//3743
f 2879//3744 2921//3744 2922//3744
f 2879//3744 2922//3744 2878//3744
f 2878//3745 2922//3745 2923//3745
f 2878//3745 2923//3745 2877//3745
f 2877//3746 2923//3746 2924//3746
f 2877//3746 2924//3746 2876//3746
f 2876//3747 2924//3747 2925//3747
f 2876//3339 2925//3339 2907//3339
f 2907//3748 2925//3748 2926//3748
f 2907//3748 2926//3748 2906//3748
f 2906//3749 2926//3749 2927//3749
f 2906//3750 2927//3750 2905//3750
f 2905//3751 2927//3751 2928//3751
f 2905//3752 2928//3752 2904//3752
f 2904//3753 2928//3753 2929//3753
f 2904//3753 2929//3753 2903//3753
f 2903//3754 2929//3754 2930//3754
f 2903//3754 2930//3754 2902//3754
f 2902//3755 2930//3755 2931//3755
f 2902//3755 2931//3755 2901//3755
f 2901//3756 2931//3756 2932//3756
f 2901//3756 2932//3756 2900//3756
f 2900//3757 2932//3757 2933//3757
f 2900//3757 2933//3757 2899//3757
f 2899//3758 2933//3758 2934//3758
f 2899//3759 2934//3759 2898//3759
f 2898//3760 2934//3760 2935//3760
f 2898//3760 2935//3760 2897//3760
f 2897//3356 2935//3356 2936//3356
f 2897//3356 2936//3356 2896//3356
f 2896//3761 2936//3761 2937//3761
f 2896//3761 2937//3761 2895//3761
f 2895//3762 2937//3762 2938//3762
f 2895//3763 2938//3763 2894//3763
f 2894//3764 2938//3764 2939//3764
f 2894//3765 2939//3765 2893//3765
f 2893//3766 2939//3766 2940//3766
f 2893//3766 2940//3766 2892//3766
f 2892//2365 2940//2365 2908//2365
f 2930//1 2929//1 2941//1
f 2941//1 2929//1 2928//1
f 2941//1 2928//1 2942//1
f 2942//2 2928//2 2927//2
f 2942//2 2927//2 2943//2
f 2943//2 2927//2 2926//2
f 2943//1 2926//1 2944//1
f 2944//4 2926//4 2925//4
f 2944//4 2925//4 2945//4
f 2945//4 2925//4 2924//4
f 2945//4 2924//4 2946//4
f 2946//1 2924//1 2923//1
f 2946//1 2923//1 2947//1
f 2947//1 2923//1 2922//1
f 2947//1 2922//1 2948//1
f 2948//1 2922//1 2921//1
f 2948//1 2921//1 2949//1
f 2949//5 2921//5 2920//5
f 2949//5 2920//5 2950//5
f 2950//2453 2920//2453 2919//2453
f 2950//2453 2919//2453 2951//2453
f 2951//1 2919//1 2918//1
f 2951//1 2918//1 2952//1
f 2952//1 2918//1 2917//1
f 2952//1 2917//1 2953//1
f 2953//1 2917//1 2916//1
f 2953//1 2916//1 2954//1
f 2954//2453 2916//2453 2915//2453
f 2954//1 2915//1 2955//1
f 2955//2451 2915//2451 2914//2451
f 2955//3 2914//3 2956//3
f 2956//1 2914//1 2913//1
f 2956//2 2913//2 2957//2
f 2957//4 2913//4 2912//4
f 2957//3 2912//3 2958//3
f 2958//2 2912//2 2911//2
f 2958//2 2911//2 2959//2
f 2959//4 2911//4 2910//4
f 2959//4 2910//4 2960//4
f 2960//2 2910//2 2909//2
f 2960//2 2909//2 2961//2
f 2961//1 2909//1 2908//1
f 2961//2 2908//2 2962//2
f 2962//4 2908//4 2940//4
f 2962//2454 2940//2454 2963//2454
f 2963//5 2940//5 2939//5
f 2963//5 2939//5 2964//5
f 2964//5 2939//5 2938//5
f 2964//5 2938//5 2965//5
f 2965//4 2938//4 2937//4
f 2965//2453 2937//2453 2966//2453
f 2966//5 2937//5 2936//5
f 2966//3767 2936//3767 2967//3767
f 2967//5 2936//5 2935//5
f 2967//5 2935//5 2968//5
f 2968//1 2935//1 2934//1
f 2968//1 2934//1 2969//1
f 2969//1 2934//1 2933//1
f 2969//1 2933//1 2970//1
f 2970//1 2933//1 2932//1
f 2970//1 2932//1 2971//1
f 2971//1 2932//1 2931//1
f 2971//3768 2931//3768 2972//3768
f 2972//1 2931//1 2930//1
f 2972//2 2930//2 2941//2
f 2962//3769 2973//3769 2961//3769
f 2961//3770 2973//3770 2974//3770
f 2961//3770 2974//3770 2960//3770
f 2960//3771 2974//3771 2975//3771
f 2960//3771 2975//3771 2959//3771
f 2959//3772 2975//3772 2976//3772
f 2959//3772 2976//3772 2958//3772
f 2958//3773 2976//3773 2977//3773
f 2958//3773 2977//3773 2957//3773
f 2957//3774 2977//3774 2978//3774
f 2957//3774 2978//3774 2956//3774
f 2956//3775 2978//3775 2979//3775
f 2956//3776 2979//3776 2955//3776
f 2955//3777 2979//3777 2980//3777
f 2955//3777 2980//3777 2954//3777
f 2954//3778 2980//3778 2981//3778
f 2954//3778 2981//3778 2953//3778
f 2953//3779 2981//3779 2982//3779
f 2953//3779 2982//3779 2952//3779
f 2952//3780 2982//3780 2983//3780
f 2952//3780 2983//3780 2951//3780
f 2951//3781 2983//3781 2984//3781
f 2951//3781 2984//3781 2950//3781
f 2950//3782 2984//3782 2985//3782
f 2950//3782 2985//3782 2949//3782
f 2949//3783 2985//3783 2986//3783
f 2949//3783 2986//3783 2948//3783
f 2948//3784 2986//3784 2987//3784
f 2948//3784 2987//3784 2947//3784
f 2947//3785 2987//3785 2988//3785
f 2947//3785 2988//3785 2946//3785
f 2946//3786 2988//3786 2989//3786
f 2946//3787 2989//3787 2945//3787
f 2945//3788 2989//3788 2990//3788
f 2945//3788 2990//3788 2944//3788
f 2944//3789 2990//3789 2991//3789
f 2944//3789 2991//3789 2943//3789
f 2943//3790 2991//3790 2992//3790
f 2943//3790 2992//3790 2942//3790
f 2942//3791 2992//3791 2993//3791
f 2942//3791 2993//3791 2941//3791
f 2941//3792 2993//3792 2994//3792
f 2941//3793 2994//3793 2972//3793
f 2972//3794 2994//3794 2995//3794
f 2972//3795 2995//3795 2971//3795
f 2971//3796 2995//3796 2996//3796
f 2971//3797 2996//3797 2970//3797
f 2970//3798 2996//3798 2997//3798
f 2970//3799 2997//3799 2969//3799
f 2969//3800 2997//3800 2998//3800
f 2969//3800 2998//3800 2968//3800
f 2968//3801 2998//3801 2999//3801
f 2968//3801 2999//3801 2967//3801
f 2967//3802 2999//3802 3000//3802
f 2967//3802 3000//3802 2966//3802
f 2966//3803 3000//3803 3001//3803
f 2966//3803 3001//3803 2965//3803
f 2965//3804 3001//3804 3002//3804
f 2965//3804 3002//3804 2964//3804
f 2964//3805 3002//3805 3003//3805
f 2964//3806 3003//3806 2963//3806
f 2963//3807 3003//3807 3004//3807
f 2963//3807 3004//3807 2962//3807
f 2962//3769 3004//3769 2973//3769
f 2997//349 3005//349 2998//349
f 2998//348 3005//348 3006//348
f 2998//348 3006//348 2999//348
f 2999//348 3006//348 3007//348
f 2999//348 3007//348 3000//348
f 3000//348 3007//348 3008//348
f 3000//348 3008//348 3001//348
f 3001//349 3008//349 3009//349
f 3001//349 3009//349 3002//349
f 3002//349 3009//349 3010//349
f 3002//348 3010//348 3003//348
f 3003//349 3010//349 3011//349
f 3003//349 3011//349 3004//349
f 3004//349 3011//349 3012//349
f 3004//349 3012//349 2973//349
f 2973//349 3012//349 3013//349
f 2973//349 3013//349 2974//349
f 2974//348 3013//348 3014//348
f 2974//348 3014//348 2975//348
f 2975//348 3014//348 3015//348
f 2975//349 3015//349 2976//349
f 2976//349 3015//349 3016//349
f 2976//349 3016//349 2977//349
f 2977//349 3016//349 3017//349
f 2977//349 3017//349 2978//349
f 2978//349 3017//349 3018//349
f 2978//349 3018//349 2979//349
f 2979//349 3018//349 3019//349
f 2979//349 3019//349 2980//349
f 2980//348 3019//348 3020//348
f 2980//350 3020//350 2981//350
f 3020//349 3021//349 2981//349
f 2981//349 3021//349 3022//349
f 2981//349 3022//349 2982//349
f 2982//349 3022//349 3023//349
f 2982//349 3023//349 2983//349
f 2983//348 3023//348 3024//348
f 2983//348 3024//348 2984//348
f 2984//348 3024//348 3025//348
f 2984//348 3025//348 2985//348
f 2985//348 3025//348 3026//348
f 2985//348 3026//348 2986//348
f 2986//349 3026//349 3027//349
f 2986//349 3027//349 2987//349
f 2987//349 3027//349 3028//349
f 2987//351 3028//351 2988//351
f 2988//349 3028//349 3029//349
f 2988//349 3029//349 2989//349
f 2989//348 3029//348 3030//348
f 2989//348 3030//348 2990//348
f 2990//349 3030//349 3031//349
f 2990//348 3031//348 2991//348
f 2991//348 3031//348 3032//348
f 2991//349 3032//349 2992//349
f 2992//349 3032//349 3033//349
f 2992//349 3033//349 2993//349
f 2993//349 3033//349 3034//349
f 2993//349 3034//349 2994//349
f 2994//348 3034//348 3035//348
f 2994//349 3035//349 2995//349
f 2995//349 3035//349 3036//349
f 2995//348 3036//348 2996//348
f 2996//348 3036//348 3037//348
f 2996//349 3037//349 2997//349
f 2997//350 3037//350 3038//350
f 2997//349 3038//349 3005//349
f 3012//3808 3039//3808 3013//3808
f 3013//2464 3039//2464 3040//2464
f 3013//2464 3040//2464 3014//2464
f 3014//3809 3040//3809 3041//3809
f 3014//3809 3041//3809 3015//3809
f 3015//3810 3041//3810 3042//3810
f 3015//3810 3042//3810 3016//3810
f 3016//2468 3042//2468 3043//2468
f 3016//2468 3043//2468 3017//2468
f 3017//2469 3043//2469 3044//2469
f 3017//2469 3044//2469 3018//2469
f 3018//2470 3044//2470 3045//2470
f 3018//3811 3045//3811 3019//3811
f 3019//3812 3045//3812 3046//3812
f 3019//2471 3046//2471 3020//2471
f 3020//3813 3046//3813 3047//3813
f 3020//3814 3047//3814 3021//3814
f 3021//3815 3047//3815 3048//3815
f 3021//3816 3048//3816 3022//3816
f 3022//2476 3048//2476 3049//2476
f 3022//3817 3049//3817 3023//3817
f 3023//2477 3049//2477 3050//2477
f 3023//2477 3050//2477 3024//2477
f 3024//2478 3050//2478 3051//2478
f 3024//2478 3051//2478 3025//2478
f 3025//2479 3051//2479 3052//2479
f 3025//2479 3052//2479 3026//2479
f 3026//2480 3052//2480 3053//2480
f 3026//3818 3053//3818 3027//3818
f 3027//3819 3053//3819 3054//3819
f 3027//2481 3054//2481 3028//2481
f 3028//2482 3054//2482 3055//2482
f 3028//2482 3055//2482 3029//2482
f 3029//2483 3055//2483 3056//2483
f 3029//2483 3056//2483 3030//2483
f 3030//2484 3056//2484 3057//2484
f 3030//3820 3057//3820 3031//3820
f 3031//3821 3057//3821 3058//3821
f 3031//2485 3058//2485 3032//2485
f 3032//3822 3058//3822 3059//3822
f 3032//2487 3059//2487 3033//2487
f 3033//2489 3059//2489 3060//2489
f 3033//2489 3060//2489 3034//2489
f 3034//2490 3060//2490 3061//2490
f 3034//2490 3061//2490 3035//2490
f 3035//2491 3061//2491 3062//2491
f 3035//2491 3062//2491 3036//2491
f 3036//2492 3062//2492 3063//2492
f 3036//2492 3063//2492 3037//2492
f 3037//2494 3063//2494 3064//2494
f 3037//2494 3064//2494 3038//2494
f 3038//2495 3064//2495 3065//2495
f 3038//2495 3065//2495 3005//2495
f 3005//3823 3065//3823 3066//3823
f 3005//3824 3066//3824 3006//3824
f 3006//2497 3066//2497 3067//2497
f 3006//2497 3067//2497 3007//2497
f 3007//2498 3067//2498 3068//2498
f 3007//3825 3068//3825 3008//3825
f 3008//2499 3068//2499 3069//2499
f 3008//2499 3069//2499 3009//2499
f 3009//3826 3069//3826 3070//3826
f 3009//3826 3070//3826 3010//3826
f 3010//3827 3070//3827 3071//3827
f 3010//3828 3071//3828 3011//3828
f 3011//2502 3071//2502 3072//2502
f 3011//2502 3072//2502 3012//2502
f 3012//2463 3072//2463 3039//2463
f 3044//1 3043//1 3054//1
f 3040//1 3058//1 3041//1
f 3041//1 3058//1 3057//1
f 3041//2 3057//2 3056//2
f 3056//2 3055//2 3041//2
f 3041//1 3055//1 3054//1
f 3041//2 3054//2 3042//2
f 3042//2 3054//2 3043//2
f 3040//1 3039//1 3058//1
f 3058//2 3039//2 3072//2
f 3058//2 3072//2 3071//2
f 3071//1 3070//1 3058//1
f 3058//1 3070//1 3069//1
f 3058//1 3069//1 3068//1
f 3053//1 3052//1 3046//1
f 3068//1 3067//1 3058//1
f 3058//1 3067//1 3066//1
f 3058//1 3066//1 3065//1
f 3053//1 3046//1 3054//1
f 3054//1 3046//1 3045//1
f 3054//1 3045//1 3044//1
f 3065//1 3064//1 3058//1
f 3058//1 3064//1 3063//1
f 3058//4 3063//4 3062//4
f 3062//2 3061//2 3058//2
f 3058//1 3061//1 3060//1
f 3058//4 3060//4 3059//4
f 3052//2 3051//2 3046//2
f 3046//1 3051//1 3050//1
f 3046//1 3050//1 3047//1
f 3047//2 3050//2 3049//2
f 3047//2451 3049//2451 3048//2451
f 3073//349 3074//349 3075//349
f 3076//348 3077//348 3075//348
f 3078//348 3079//348 3074//348
f 3074//349 3079//349 3080//349
f 3074//348 3080//348 3075//348
f 3078//349 3081//349 3079//349
f 3079//348 3081//348 3082//348
f 3079//351 3082//351 3083//351
f 3084//349 3085//349 3086//349
f 3086//348 3085//348 3087//348
f 3086//349 3087//349 3088//349
f 3084//349 3086//349 3075//349
f 3075//348 3086//348 3089//348
f 3075//349 3089//349 3076//349
f 3077//349 3090//349 3075//349
f 3075//348 3090//348 3091//348
f 3075//348 3091//348 3073//348
f 3088//348 3092//348 3086//348
f 3086//349 3092//349 3093//349
f 3086//349 3093//349 3094//349
f 3095//348 3096//348 3097//348
f 3097//348 3098//348 3095//348
f 3095//351 3098//351 3099//351
f 3095//348 3099//348 3086//348
f 3094//348 3100//348 3086//348
f 3086//348 3100//348 3101//348
f 3086//348 3101//348 3095//348
f 3102//3829 3096//3829 3103//3829
f 3103//3830 3096//3830 3095//3830
f 3103//3830 3095//3830 3104//3830
f 3104//3831 3095//3831 3101//3831
f 3104//3831 3101//3831 3105//3831
f 3105//3832 3101//3832 3100//3832
f 3105//3833 3100//3833 3106//3833
f 3106//3834 3100//3834 3094//3834
f 3106//3834 3094//3834 3107//3834
f 3107//3835 3094//3835 3093//3835
f 3107//3835 3093//3835 3108//3835
f 3108//3836 3093//3836 3092//3836
f 3108//3837 3092//3837 3109//3837
f 3109//3838 3092//3838 3088//3838
f 3109//3838 3088//3838 3110//3838
f 3110//3839 3088//3839 3087//3839
f 3110//3839 3087//3839 3111//3839
f 3111//3840 3087//3840 3085//3840
f 3111//3840 3085//3840 3112//3840
f 3112//3841 3085//3841 3084//3841
f 3112//3841 3084//3841 3113//3841
f 3113//3842 3084//3842 3075//3842
f 3113//3842 3075//3842 3114//3842
f 3114//3843 3075//3843 3080//3843
f 3114//3844 3080//3844 3115//3844
f 3115//3845 3080//3845 3079//3845
f 3115//3845 3079//3845 3116//3845
f 3116//3846 3079//3846 3083//3846
f 3116//3846 3083//3846 3117//3846
f 3117//3847 3083//3847 3082//3847
f 3117//3478 3082//3478 3118//3478
f 3118//3848 3082//3848 3081//3848
f 3118//3848 3081//3848 3119//3848
f 3119//3849 3081//3849 3078//3849
f 3119//3849 3078//3849 3120//3849
f 3120//3850 3078//3850 3074//3850
f 3120//3850 3074//3850 3121//3850
f 3121//3851 3074//3851 3073//3851
f 3121//3852 3073//3852 3122//3852
f 3122//3853 3073//3853 3091//3853
f 3122//3854 3091//3854 3123//3854
f 3123//3855 3091//3855 3090//3855
f 3123//3856 3090//3856 3124//3856
f 3124//3857 3090//3857 3077//3857
f 3124//3857 3077//3857 3125//3857
f 3125//3858 3077//3858 3076//3858
f 3125//3858 3076//3858 3126//3858
f 3126//3859 3076//3859 3089//3859
f 3126//3859 3089//3859 3127//3859
f 3127//3860 3089//3860 3086//3860
f 3127//3860 3086//3860 3128//3860
f 3128//3861 3086//3861 3099//3861
f 3128//3862 3099//3862 3129//3862
f 3129//3863 3099//3863 3098//3863
f 3129//3863 3098//3863 3130//3863
f 3130//3864 3098//3864 3097//3864
f 3130//3864 3097//3864 3102//3864
f 3102//3829 3097//3829 3096//3829
f 3116//348 3117//348 3131//348
f 3125//349 3132//349 3124//349
f 3124//349 3132//349 3133//349
f 3124//349 3133//349 3123//349
f 3123//349 3133//349 3134//349
f 3123//349 3134//349 3122//349
f 3122//348 3134//348 3135//348
f 3122//348 3135//348 3121//348
f 3121//348 3135//348 3136//348
f 3121//348 3136//348 3120//348
f 3120//349 3136//349 3137//349
f 3120//349 3137//349 3119//349
f 3119//351 3137//351 3138//351
f 3119//351 3138//351 3118//351
f 3118//348 3138//348 3139//348
f 3118//348 3139//348 3117//348
f 3117//351 3139//351 3140//351
f 3117//349 3140//349 3131//349
f 3116//348 3131//348 3115//348
f 3115//348 3131//348 3141//348
f 3115//348 3141//348 3114//348
f 3114//348 3141//348 3142//348
f 3114//349 3142//349 3113//349
f 3113//349 3142//349 3143//349
f 3113//348 3143//348 3112//348
f 3112//348 3143//348 3144//348
f 3112//349 3144//349 3111//349
f 3111//349 3144//349 3145//349
f 3111//349 3145//349 3110//349
f 3145//348 3146//348 3110//348
f 3110//348 3146//348 3147//348
f 3110//348 3147//348 3109//348
f 3109//351 3147//351 3148//351
f 3109//349 3148//349 3108//349
f 3108//349 3148//349 3149//349
f 3108//349 3149//349 3107//349
f 3107//349 3149//349 3150//349
f 3107//349 3150//349 3106//349
f 3106//349 3150//349 3151//349
f 3106//349 3151//349 3105//349
f 3105//349 3151//349 3152//349
f 3105//349 3152//349 3104//349
f 3104//348 3152//348 3153//348
f 3104//348 3153//348 3103//348
f 3103//348 3153//348 3154//348
f 3103//348 3154//348 3102//348
f 3102//348 3154//348 3155//348
f 3102//349 3155//349 3130//349
f 3130//349 3155//349 3156//349
f 3130//348 3156//348 3129//348
f 3129//348 3156//348 3157//348
f 3129//348 3157//348 3128//348
f 3128//348 3157//348 3158//348
f 3128//349 3158//349 3127//349
f 3127//349 3158//349 3159//349
f 3127//348 3159//348 3126//348
f 3126//348 3159//348 3160//348
f 3126//349 3160//349 3125//349
f 3125//349 3160//349 3161//349
f 3125//349 3161//349 3132//349
f 3139//3339 3162//3339 3140//3339
f 3140//3865 3162//3865 2417//3865
f 3140//3866 2417//3866 3131//3866
f 2417//3867 2610//3867 3131//3867
f 3131//3868 2610//3868 2612//3868
f 3131//3868 2612//3868 3141//3868
f 3141//3869 2612//3869 2614//3869
f 3141//3869 2614//3869 3142//3869
f 3142//3870 2614//3870 2616//3870
f 3142//3870 2616//3870 3143//3870
f 3143//3871 2616//3871 2618//3871
f 3143//3871 2618//3871 3144//3871
f 3144//3872 2618//3872 2620//3872
f 3144//3872 2620//3872 3145//3872
f 3145//3873 2620//3873 2622//3873
f 3145//3873 2622//3873 3146//3873
f 3146//3874 2622//3874 2624//3874
f 3146//3874 2624//3874 3147//3874
f 3147//3875 2624//3875 2626//3875
f 3147//3875 2626//3875 3148//3875
f 3148//3876 2626//3876 2628//3876
f 3148//3876 2628//3876 3149//3876
f 3149//3877 2628//3877 2630//3877
f 3149//3877 2630//3877 3150//3877
f 3150//3878 2630//3878 2632//3878
f 3150//3878 2632//3878 3151//3878
f 3151//3879 2632//3879 2634//3879
f 3151//3879 2634//3879 3152//3879
f 3152//3880 2634//3880 2636//3880
f 3152//3880 2636//3880 3153//3880
f 3153//3881 2636//3881 2638//3881
f 3153//3881 2638//3881 3154//3881
f 3154//3882 2638//3882 2640//3882
f 3154//3882 2640//3882 3155//3882
f 3155//3883 2640//3883 2666//3883
f 3155//3884 2666//3884 3156//3884
f 3156//3885 2666//3885 2665//3885
f 3156//3885 2665//3885 3157//3885
f 3157//3886 2665//3886 2663//3886
f 3157//3886 2663//3886 3158//3886
f 3158//3887 2663//3887 2661//3887
f 3158//3888 2661//3888 3159//3888
f 3159//3889 2661//3889 2659//3889
f 3159//3889 2659//3889 3160//3889
f 3160//3890 2659//3890 2657//3890
f 3160//3890 2657//3890 3161//3890
f 3161//3891 2657//3891 2655//3891
f 3161//3891 2655//3891 3132//3891
f 3132//3892 2655//3892 2653//3892
f 3132//3892 2653//3892 3133//3892
f 3133//3893 2653//3893 2651//3893
f 3133//3893 2651//3893 3134//3893
f 3134//3894 2651//3894 2649//3894
f 3134//3894 2649//3894 3135//3894
f 3135//3895 2649//3895 2647//3895
f 3135//3896 2647//3896 3136//3896
f 3136//3897 2647//3897 2645//3897
f 3136//3897 2645//3897 3137//3897
f 3137//3898 2645//3898 2643//3898
f 3137//3898 2643//3898 3138//3898
f 3138//3899 2643//3899 2382//3899
f 3138//3900 2382//3900 3139//3900
f 3139//3901 2382//3901 3163//3901
f 3139//3340 3163//3340 3162//3340
f 2417//350 3162//350 3164//350
f 3164//349 3162//349 3165//349
f 2382//349 3166//349 3163//349
f 3163//351 3166//351 3167//351
f 3163//351 3167//351 3162//351
f 3162//349 3167//349 3168//349
f 3168//349 3169//349 3162//349
f 3162//349 3169//349 3170//349
f 3162//349 3170//349 3165//349
f 3166//3184 2723//3184 2722//3184
f 3166//3184 2722//3184 3167//3184
f 3167//389 2722//389 2720//389
f 3167//3902 2720//3902 3168//3902
f 3168//3903 2720//3903 2718//3903
f 3168//3903 2718//3903 3169//3903
f 3169//3228 2718//3228 2716//3228
f 3169//3228 2716//3228 3170//3228
f 3170//3224 2716//3224 2714//3224
f 3170//3224 2714//3224 3165//3224
f 3165//3904 2714//3904 2695//3904
f 3165//3217 2695//3217 3164//3217
f 3164//2495 2695//2495 2417//2495
f 2417//2495 2695//2495 2449//2495
f 2417//2495 2449//2495 2416//2495
f 2382//3905 2481//3905 2723//3905
f 2382//2475 2723//2475 3166//2475
f 3171//2 3172//2 3173//2
f 3174//5 3175//5 3176//5
f 3176//2 3175//2 3171//2
f 3176//2 3171//2 3177//2
f 3177//1 3171//1 3173//1
f 3178//5 3179//5 3180//5
f 3180//1 3179//1 3181//1
f 3180//1 3181//1 3182//1
f 3182//2 3181//2 3183//2
f 3184//1 3185//1 3186//1
f 3187//2 3188//2 3189//2
f 3190//1 3191//1 3192//1
f 3192//2 3191//2 3193//2
f 3192//2 3193//2 3194//2
f 3194//1 3195//1 3192//1
f 3192//2 3195//2 3196//2
f 3192//4 3196//4 3189//4
f 3197//4 3198//4 3199//4
f 3200//2 3201//2 3202//2
f 3203//2 3204//2 3205//2
f 3205//2 3204//2 3172//2
f 3205//2 3172//2 3206//2
f 3207//1 3208//1 3209//1
f 3210//1 3211//1 3212//1
f 3212//1 3211//1 3189//1
f 3212//2 3189//2 3181//2
f 3181//2 3189//2 3196//2
f 3181//1 3196//1 3183//1
f 3206//2 3202//2 3213//2
f 3214//2 3215//2 3205//2
f 3205//4 3215//4 3216//4
f 3205//2 3216//2 3203//2
f 3217//2 3218//2 3219//2
f 3186//2 3185//2 3220//2
f 3220//1 3185//1 3207//1
f 3220//1 3207//1 3206//1
f 3206//2 3207//2 3209//2
f 3206//4 3209//4 3221//4
f 3222//2 3184//2 3223//2
f 3223//2 3184//2 3186//2
f 3223//4 3186//4 3224//4
f 3224//2 3186//2 3225//2
f 3197//1 3199//1 3226//1
f 3226//1 3199//1 3227//1
f 3226//1 3227//1 3228//1
f 3229//1 3220//1 3230//1
f 3230//1 3220//1 3206//1
f 3230//2 3206//2 3231//2
f 3231//1 3206//1 3213//1
f 3231//2450 3213//2450 3211//2450
f 3211//2 3213//2 3227//2
f 3211//2 3227//2 3189//2
f 3189//2 3227//2 3199//2
f 3232//1 3187//1 3233//1
f 3233//1 3187//1 3189//1
f 3233//2 3189//2 3234//2
f 3234//4 3189//4 3199//4
f 3235//2 3236//2 3237//2
f 3212//2 3238//2 3239//2
f 3229//1 3219//1 3240//1
f 3240//1 3219//1 3241//1
f 3240//2 3241//2 3186//2
f 3186//1 3241//1 3242//1
f 3186//2 3242//2 3225//2
f 3172//2 3171//2 3206//2
f 3206//4 3171//4 3235//4
f 3206//2 3235//2 3202//2
f 3202//1 3235//1 3237//1
f 3202//1 3237//1 3200//1
f 3230//1 3210//1 3229//1
f 3229//1 3210//1 3212//1
f 3229//2 3212//2 3219//2
f 3219//2 3212//2 3239//2
f 3219//5 3239//5 3217//5
f 3243//349 3244//349 3245//349
f 3246//349 3247//349 3248//349
f 3249//348 3250//348 3251//348
f 3251//349 3252//349 3248//349
f 3248//348 3252//348 3253//348
f 3248//349 3253//349 3246//349
f 3246//349 3253//349 3254//349
f 3246//349 3254//349 3255//349
f 3256//349 3257//349 3258//349
f 3259//351 3260//351 3261//351
f 3262//348 3263//348 3264//348
f 3264//348 3263//348 3265//348
f 3266//351 3267//351 3268//351
f 3268//349 3267//349 3269//349
f 3269//348 3270//348 3268//348
f 3268//348 3270//348 3271//348
f 3268//348 3271//348 3272//348
f 3248//348 3273//348 3274//348
f 3272//349 3275//349 3265//349
f 3265//349 3275//349 3276//349
f 3265//348 3276//348 3264//348
f 3272//348 3265//348 3268//348
f 3268//351 3265//351 3277//351
f 3268//348 3277//348 3278//348
f 3279//913 3280//913 3281//913
f 3281//349 3280//349 3251//349
f 3281//348 3251//348 3282//348
f 3282//348 3251//348 3250//348
f 3261//348 3283//348 3259//348
f 3259//349 3283//349 3284//349
f 3259//349 3284//349 3285//349
f 3278//348 3277//348 3245//348
f 3245//348 3277//348 3286//348
f 3245//348 3286//348 3243//348
f 3287//348 3258//348 3288//348
f 3288//348 3258//348 3257//348
f 3288//348 3257//348 3289//348
f 3289//348 3257//348 3290//348
f 3273//348 3291//348 3292//348
f 3293//348 3246//348 3294//348
f 3285//349 3249//349 3259//349
f 3259//349 3249//349 3251//349
f 3259//349 3251//349 3258//349
f 3258//348 3251//348 3248//348
f 3258//349 3248//349 3256//349
f 3256//349 3248//349 3274//349
f 3295//351 3274//351 3296//351
f 3296//349 3274//349 3273//349
f 3296//348 3273//348 3297//348
f 3297//349 3273//349 3292//349
f 3291//349 3273//349 3298//349
f 3298//350 3273//350 3299//350
f 3298//348 3299//348 3300//348
f 3300//349 3299//349 3247//349
f 3300//349 3247//349 3245//349
f 3301//348 3302//348 3303//348
f 3303//348 3302//348 3304//348
f 3303//349 3304//349 3305//349
f 3306//349 3307//349 3305//349
f 3305//349 3307//349 3308//349
f 3293//349 3294//349 3309//349
f 3309//349 3294//349 3310//349
f 3309//349 3310//349 3301//349
f 3301//348 3310//348 3311//348
f 3301//351 3311//351 3312//351
f 3246//349 3293//349 3247//349
f 3247//348 3293//348 3303//348
f 3247//348 3303//348 3245//348
f 3245//349 3303//349 3305//349
f 3245//349 3305//349 3278//349
f 3278//349 3305//349 3308//349
f 3278//349 3308//349 3313//349
f 3314//351 3302//351 3315//351
f 3315//349 3302//349 3301//349
f 3315//348 3301//348 3316//348
f 3316//348 3301//348 3312//348
f 3175//2495 3174//2495 3266//2495
f 3266//3906 3174//3906 3267//3906
f 3215//3907 3262//3907 3264//3907
f 3215//3908 3264//3908 3216//3908
f 3216//3909 3264//3909 3276//3909
f 3216//3910 3276//3910 3203//3910
f 3203//3911 3276//3911 3275//3911
f 3203//3911 3275//3911 3204//3911
f 3204//3912 3275//3912 3272//3912
f 3204//3913 3272//3913 3172//3913
f 3172//3914 3272//3914 3271//3914
f 3172//3914 3271//3914 3173//3914
f 3173//3915 3271//3915 3270//3915
f 3173//3915 3270//3915 3177//3915
f 3177//3916 3270//3916 3269//3916
f 3177//3916 3269//3916 3176//3916
f 3176//3917 3269//3917 3267//3917
f 3176//3917 3267//3917 3174//3917
f 3215//2475 3214//2475 3262//2475
f 3262//3918 3214//3918 3263//3918
f 3214//3339 3205//3339 3263//3339
f 3263//3339 3205//3339 3265//3339
f 3205//2475 3206//2475 3265//2475
f 3265//3905 3206//3905 3277//3905
f 3206//3478 3221//3478 3277//3478
f 3277//3478 3221//3478 3286//3478
f 3286//3919 3221//3919 3209//3919
f 3208//3920 3317//3920 3244//3920
f 3208//3921 3244//3921 3209//3921
f 3209//3192 3244//3192 3243//3192
f 3209//3919 3243//3919 3286//3919
f 3317//3922 3208//3922 3318//3922
f 3318//3922 3208//3922 3207//3922
f 3319//3923 3320//3923 3184//3923
f 3184//3924 3320//3924 3185//3924
f 3318//3925 3207//3925 3321//3925
f 3321//3926 3207//3926 3185//3926
f 3321//3927 3185//3927 3322//3927
f 3322//3927 3185//3927 3320//3927
f 3184//3928 3222//3928 3319//3928
f 3319//3928 3222//3928 3292//3928
f 3319//3929 3292//3929 3291//3929
f 3225//3930 3295//3930 3296//3930
f 3225//3930 3296//3930 3224//3930
f 3224//3931 3296//3931 3297//3931
f 3224//3932 3297//3932 3223//3932
f 3223//3933 3297//3933 3292//3933
f 3223//3933 3292//3933 3222//3933
f 3225//3934 3242//3934 3295//3934
f 3295//3935 3242//3935 3323//3935
f 3295//3935 3323//3935 3274//3935
f 3323//3187 3242//3187 3241//3187
f 3219//3936 3324//3936 3325//3936
f 3219//3937 3325//3937 3241//3937
f 3241//3938 3325//3938 3326//3938
f 3241//3939 3326//3939 3323//3939
f 3324//3940 3219//3940 3327//3940
f 3327//3941 3219//3941 3218//3941
f 3327//3942 3218//3942 3290//3942
f 3290//3943 3218//3943 3217//3943
f 3290//3944 3217//3944 3289//3944
f 3289//3945 3217//3945 3239//3945
f 3289//3945 3239//3945 3288//3945
f 3288//3946 3239//3946 3238//3946
f 3288//3946 3238//3946 3287//3946
f 3238//3340 3212//3340 3287//3340
f 3287//3340 3212//3340 3258//3340
f 3212//2475 3181//2475 3258//2475
f 3258//2475 3181//2475 3259//2475
f 3181//3478 3179//3478 3259//3478
f 3259//3478 3179//3478 3260//3478
f 3179//2475 3178//2475 3260//2475
f 3260//3947 3178//3947 3261//3947
f 3191//3948 3279//3948 3281//3948
f 3191//3949 3281//3949 3193//3949
f 3193//3950 3281//3950 3282//3950
f 3193//3950 3282//3950 3194//3950
f 3194//3951 3282//3951 3250//3951
f 3194//3951 3250//3951 3195//3951
f 3195//3952 3250//3952 3249//3952
f 3195//3953 3249//3953 3196//3953
f 3196//3954 3249//3954 3285//3954
f 3196//3954 3285//3954 3183//3954
f 3183//3955 3285//3955 3284//3955
f 3183//3955 3284//3955 3182//3955
f 3182//3956 3284//3956 3283//3956
f 3182//3957 3283//3957 3180//3957
f 3180//3958 3283//3958 3261//3958
f 3180//3959 3261//3959 3178//3959
f 3191//3960 3190//3960 3279//3960
f 3279//2495 3190//2495 3280//2495
f 3190//3847 3192//3847 3280//3847
f 3280//3478 3192//3478 3251//3478
f 3192//2495 3189//2495 3251//2495
f 3251//2495 3189//2495 3252//2495
f 3189//3339 3188//3339 3252//3339
f 3252//3339 3188//3339 3253//3339
f 3253//3961 3188//3961 3187//3961
f 3232//3962 3328//3962 3255//3962
f 3232//3963 3255//3963 3187//3963
f 3187//3964 3255//3964 3254//3964
f 3187//3961 3254//3961 3253//3961
f 3328//3965 3232//3965 3329//3965
f 3329//3965 3232//3965 3233//3965
f 3330//3966 3331//3966 3199//3966
f 3199//3967 3331//3967 3234//3967
f 3329//3968 3233//3968 3332//3968
f 3332//3969 3233//3969 3234//3969
f 3332//3970 3234//3970 3333//3970
f 3333//3970 3234//3970 3331//3970
f 3199//3971 3198//3971 3330//3971
f 3330//3971 3198//3971 3312//3971
f 3330//3971 3312//3971 3311//3971
f 3228//3972 3314//3972 3315//3972
f 3228//3973 3315//3973 3226//3973
f 3226//3974 3315//3974 3316//3974
f 3226//3975 3316//3975 3197//3975
f 3197//3976 3316//3976 3312//3976
f 3197//3976 3312//3976 3198//3976
f 3228//3977 3227//3977 3314//3977
f 3314//3977 3227//3977 3334//3977
f 3314//3977 3334//3977 3302//3977
f 3334//3978 3227//3978 3213//3978
f 3202//3979 3335//3979 3336//3979
f 3202//3980 3336//3980 3213//3980
f 3213//3981 3336//3981 3337//3981
f 3213//3981 3337//3981 3334//3981
f 3335//3982 3202//3982 3338//3982
f 3338//3983 3202//3983 3201//3983
f 3338//3984 3201//3984 3306//3984
f 3306//3985 3201//3985 3200//3985
f 3306//3986 3200//3986 3307//3986
f 3307//3987 3200//3987 3237//3987
f 3307//3988 3237//3988 3308//3988
f 3308//3989 3237//3989 3236//3989
f 3308//3990 3236//3990 3313//3990
f 3236//3478 3235//3478 3313//3478
f 3313//3478 3235//3478 3278//3478
f 3235//2495 3171//2495 3278//2495
f 3278//3906 3171//3906 3268//3906
f 3171//3339 3175//3339 3268//3339
f 3268//3339 3175//3339 3266//3339
f 3303//2495 3293//2495 3230//2495
f 3230//2495 3293//2495 3210//2495
f 3301//3339 3303//3339 3231//3339
f 3231//3339 3303//3339 3230//3339
f 3309//2475 3301//2475 3211//2475
f 3211//2475 3301//2475 3231//2475
f 3293//3847 3309//3847 3210//3847
f 3210//3478 3309//3478 3211//3478
f 3247//2475 3220//2475 3248//2475
f 3248//2475 3220//2475 3229//2475
f 3299//3339 3186//3339 3247//3339
f 3247//3340 3186//3340 3220//3340
f 3273//3906 3240//3906 3299//3906
f 3299//2495 3240//2495 3186//2495
f 3248//3847 3229//3847 3273//3847
f 3273//3847 3229//3847 3240//3847
f 3324//3991 3257//3991 3325//3991
f 3325//3992 3257//3992 3256//3992
f 3325//3993 3256//3993 3326//3993
f 3326//3993 3256//3993 3274//3993
f 3326//3993 3274//3993 3323//3993
f 3327//3994 3290//3994 3324//3994
f 3324//3995 3290//3995 3257//3995
f 3300//3996 3245//3996 3318//3996
f 3319//3997 3291//3997 3320//3997
f 3320//3998 3291//3998 3298//3998
f 3320//3999 3298//3999 3322//3999
f 3322//4000 3298//4000 3300//4000
f 3322//4000 3300//4000 3321//4000
f 3321//4001 3300//4001 3318//4001
f 3318//4002 3245//4002 3317//4002
f 3317//4003 3245//4003 3244//4003
f 3305//4004 3335//4004 3306//4004
f 3306//4004 3335//4004 3338//4004
f 3335//4005 3305//4005 3336//4005
f 3336//4006 3305//4006 3304//4006
f 3336//4007 3304//4007 3337//4007
f 3337//4008 3304//4008 3302//4008
f 3337//4008 3302//4008 3334//4008
f 3329//4009 3246//4009 3328//4009
f 3328//4009 3246//4009 3255//4009
f 3294//4010 3246//4010 3329//4010
f 3330//4011 3311//4011 3331//4011
f 3331//4012 3311//4012 3310//4012
f 3331//4013 3310//4013 3333//4013
f 3333//4013 3310//4013 3294//4013
f 3333//4014 3294//4014 3332//4014
f 3332//4015 3294//4015 3329//4015
f 3339//4016 3340//4016 3341//4016
f 3341//3478 3340//3478 3342//3478
f 3341//3478 3342//3478 3343//3478
f 3343//3847 3342//3847 3344//3847
f 3345//3478 3346//3478 3347//3478
f 3348//4017 3349//4017 3343//4017
f 3343//3847 3349//3847 3350//3847
f 3343//3478 3350//3478 3341//3478
f 3341//4018 3350//4018 3351//4018
f 3341//4019 3351//4019 3352//4019
f 3347//3517 3353//3517 3345//3517
f 3345//3479 3353//3479 3354//3479
f 3345//4016 3354//4016 3355//4016
f 3356//4020 3357//4020 3346//4020
f 3346//3847 3357//3847 3358//3847
f 3346//4021 3358//4021 3347//4021
f 3352//3847 3359//3847 3341//3847
f 3341//3847 3359//3847 3360//3847
f 3341//3478 3360//3478 3346//3478
f 3346//3847 3360//3847 3361//3847
f 3346//3478 3361//3478 3356//3478
f 3355//4022 3362//4022 3345//4022
f 3345//4016 3362//4016 3363//4016
f 3345//3478 3363//3478 3343//3478
f 3343//4023 3363//4023 3364//4023
f 3343//3478 3364//3478 3348//3478
f 3365//351 3366//351 3367//351
f 3367//351 3366//351 3368//351
f 3369//3340 3370//3340 3371//3340
f 3372//3339 3373//3339 3374//3339
f 3375//4024 3376//4024 3377//4024
f 3378//3340 3379//3340 3371//3340
f 3371//4025 3379//4025 3374//4025
f 3371//3339 3374//3339 3369//3339
f 3369//3339 3374//3339 3373//3339
f 3380//4026 3381//4026 3382//4026
f 3373//4027 3383//4027 3369//4027
f 3369//4028 3383//4028 3384//4028
f 3369//4027 3384//4027 3385//4027
f 3381//3340 3386//3340 3382//3340
f 3382//3340 3386//3340 3387//3340
f 3382//3340 3387//3340 3377//3340
f 3377//4029 3387//4029 3388//4029
f 3377//3340 3388//3340 3375//3340
f 3376//3339 3389//3339 3377//3339
f 3377//3340 3389//3340 3390//3340
f 3377//3339 3390//3339 3374//3339
f 3374//3340 3390//3340 3391//3340
f 3374//3340 3391//3340 3372//3340
f 3385//3340 3392//3340 3369//3340
f 3369//3339 3392//3339 3393//3339
f 3369//3340 3393//3340 3382//3340
f 3382//3339 3393//3339 3394//3339
f 3382//4030 3394//4030 3380//4030
f 3379//3960 3378//3960 3339//3960
f 3339//3510 3378//3510 3340//3510
f 3371//4 3342//4 3378//4
f 3378//2 3342//2 3340//2
f 3344//2475 3342//2475 3370//2475
f 3370//2475 3342//2475 3371//2475
f 3345//2475 3343//2475 3382//2475
f 3382//2475 3343//2475 3369//2475
f 3370//349 3369//349 3344//349
f 3344//350 3369//350 3343//350
f 3377//2495 3374//2495 3346//2495
f 3346//2495 3374//2495 3341//2495
f 3379//348 3339//348 3374//348
f 3374//351 3339//351 3341//351
f 3367//4031 3368//4031 3377//4031
f 3377//4031 3368//4031 3382//4031
f 3346//4032 3345//4032 3365//4032
f 3365//4033 3345//4033 3366//4033
f 3367//4034 3377//4034 3365//4034
f 3365//4035 3377//4035 3346//4035
f 3382//4036 3368//4036 3345//4036
f 3345//4037 3368//4037 3366//4037
f 3390//2475 3389//2475 3360//2475
f 3360//2475 3389//2475 3361//2475
f 3361//4038 3389//4038 3376//4038
f 3361//4038 3376//4038 3356//4038
f 3356//4039 3376//4039 3375//4039
f 3356//4040 3375//4040 3357//4040
f 3357//4041 3375//4041 3388//4041
f 3357//4042 3388//4042 3358//4042
f 3358//4043 3388//4043 3387//4043
f 3358//4044 3387//4044 3347//4044
f 3347//4045 3387//4045 3386//4045
f 3347//4045 3386//4045 3353//4045
f 3353//4046 3386//4046 3381//4046
f 3353//4047 3381//4047 3354//4047
f 3354//4048 3381//4048 3380//4048
f 3354//4049 3380//4049 3355//4049
f 3355//4050 3380//4050 3394//4050
f 3355//4051 3394//4051 3362//4051
f 3394//2495 3393//2495 3362//2495
f 3362//2495 3393//2495 3363//2495
f 3363//4052 3393//4052 3392//4052
f 3363//4053 3392//4053 3364//4053
f 3364//4054 3392//4054 3385//4054
f 3364//4055 3385//4055 3348//4055
f 3348//4056 3385//4056 3384//4056
f 3348//4057 3384//4057 3349//4057
f 3349//4058 3384//4058 3383//4058
f 3349//4059 3383//4059 3350//4059
f 3350//4060 3383//4060 3373//4060
f 3350//4061 3373//4061 3351//4061
f 3351//4062 3373//4062 3372//4062
f 3351//4063 3372//4063 3352//4063
f 3352//4064 3372//4064 3391//4064
f 3352//4064 3391//4064 3359//4064
f 3359//4065 3391//4065 3390//4065
f 3359//4065 3390//4065 3360//4065
f 3395//3340 3396//3340 3397//3340
f 3397//3339 3396//3339 3398//3339
f 3397//3339 3398//3339 3399//3339
f 3399//3340 3398//3340 3400//3340
f 3401//3747 3402//3747 3403//3747
f 3404//4026 3405//4026 3399//4026
f 3399//3747 3405//3747 3406//3747
f 3399//3339 3406//3339 3397//3339
f 3397//4027 3406//4027 3407//4027
f 3397//4028 3407//4028 3408//4028
f 3409//4024 3410//4024 3411//4024
f 3402//3339 3412//3339 3403//3339
f 3403//4066 3412//4066 3413//4066
f 3403//4067 3413//4067 3409//4067
f 3409//4068 3413//4068 3414//4068
f 3409//4067 3414//4067 3410//4067
f 3408//4069 3415//4069 3397//4069
f 3397//3747 3415//3747 3416//3747
f 3397//3340 3416//3340 3403//3340
f 3403//4026 3416//4026 3417//4026
f 3403//4030 3417//4030 3401//4030
f 3411//3340 3418//3340 3409//3340
f 3409//3340 3418//3340 3419//3340
f 3409//3339 3419//3339 3399//3339
f 3399//4070 3419//4070 3420//4070
f 3399//3340 3420//3340 3404//3340
f 3421//348 3422//348 3423//348
f 3423//348 3422//348 3424//348
f 3425//3847 3426//3847 3427//3847
f 3428//3847 3429//3847 3430//3847
f 3431//3847 3432//3847 3430//3847
f 3430//3478 3432//3478 3425//3478
f 3430//3478 3425//3478 3428//3478
f 3428//3478 3425//3478 3427//3478
f 3433//4071 3434//4071 3435//4071
f 3436//3847 3437//3847 3438//3847
f 3432//4022 3439//4022 3425//4022
f 3425//4019 3439//4019 3440//4019
f 3425//3847 3440//3847 3441//3847
f 3434//4072 3442//4072 3435//4072
f 3435//4073 3442//4073 3443//4073
f 3435//3478 3443//3478 3436//3478
f 3436//4016 3443//4016 3444//4016
f 3436//4016 3444//4016 3437//4016
f 3438//3847 3445//3847 3436//3847
f 3436//3478 3445//3478 3446//3478
f 3436//3847 3446//3847 3430//3847
f 3430//3478 3446//3478 3447//3478
f 3430//4074 3447//4074 3431//4074
f 3441//4016 3448//4016 3425//4016
f 3425//3478 3448//3478 3449//3478
f 3425//3478 3449//3478 3435//3478
f 3435//3847 3449//3847 3450//3847
f 3435//4017 3450//4017 3433//4017
f 3429//2475 3428//2475 3395//2475
f 3395//2475 3428//2475 3396//2475
f 3427//2 3398//2 3428//2
f 3428//4 3398//4 3396//4
f 3400//2495 3398//2495 3426//2495
f 3426//2495 3398//2495 3427//2495
f 3409//2495 3399//2495 3435//2495
f 3435//2495 3399//2495 3425//2495
f 3426//350 3425//350 3400//350
f 3400//349 3425//349 3399//349
f 3436//2475 3430//2475 3403//2475
f 3403//2475 3430//2475 3397//2475
f 3429//352 3395//352 3430//352
f 3430//352 3395//352 3397//352
f 3423//4032 3424//4032 3436//4032
f 3436//4032 3424//4032 3435//4032
f 3403//4031 3409//4031 3421//4031
f 3421//4075 3409//4075 3422//4075
f 3423//4036 3436//4036 3421//4036
f 3421//4076 3436//4076 3403//4076
f 3435//4035 3424//4035 3409//4035
f 3409//4035 3424//4035 3422//4035
f 3446//2495 3445//2495 3416//2495
f 3416//3510 3445//3510 3417//3510
f 3417//4077 3445//4077 3438//4077
f 3417//4078 3438//4078 3401//4078
f 3401//4079 3438//4079 3437//4079
f 3401//4079 3437//4079 3402//4079
f 3402//4046 3437//4046 3444//4046
f 3402//4080 3444//4080 3412//4080
f 3412//4045 3444//4045 3443//4045
f 3412//4081 3443//4081 3413//4081
f 3413//4043 3443//4043 3442//4043
f 3413//4082 3442//4082 3414//4082
f 3414//4083 3442//4083 3434//4083
f 3414//4042 3434//4042 3410//4042
f 3410//4084 3434//4084 3433//4084
f 3410//4084 3433//4084 3411//4084
f 3411//4085 3433//4085 3450//4085
f 3411//4085 3450//4085 3418//4085
f 3450//3816 3449//3816 3418//3816
f 3418//2475 3449//2475 3419//2475
f 3419//4065 3449//4065 3448//4065
f 3419//4086 3448//4086 3420//4086
f 3420//4087 3448//4087 3441//4087
f 3420//4064 3441//4064 3404//4064
f 3404//4063 3441//4063 3440//4063
f 3404//4088 3440//4088 3405//4088
f 3405//4061 3440//4061 3439//4061
f 3405//4061 3439//4061 3406//4061
f 3406//4089 3439//4089 3432//4089
f 3406//4090 3432//4090 3407//4090
f 3407//4091 3432//4091 3431//4091
f 3407//4092 3431//4092 3408//4092
f 3408//4093 3431//4093 3447//4093
f 3408//4094 3447//4094 3415//4094
f 3415//4095 3447//4095 3446//4095
f 3415//4096 3446//4096 3416//4096
f 3451//348 3452//348 3453//348
f 3454//349 3455//349 3456//349
f 3457//349 3458//349 3459//349
f 3460//349 3461//349 3462//349
f 3463//348 3464//348 3465//348
f 3466//349 3467//349 3468//349
f 3469//349 3470//349 3471//349
f 3472//349 3473//349 3474//349
f 3475//349 3476//349 3477//349
f 3478//349 3479//349 3480//349
f 3466//349 3481//349 3467//349
f 3467//348 3481//348 3482//348
f 3467//349 3482//349 3483//349
f 3482//349 3454//349 3483//349
f 3483//348 3454//348 3456//348
f 3483//348 3456//348 3484//348
f 3484//348 3456//348 3485//348
f 3486//349 3487//349 3488//349
f 3488//349 3487//349 3489//349
f 3488//349 3489//349 3490//349
f 3490//349 3489//349 3491//349
f 3490//349 3491//349 3492//349
f 3492//349 3491//349 3493//349
f 3492//349 3493//349 3471//349
f 3471//348 3493//348 3457//348
f 3471//348 3457//348 3469//348
f 3469//348 3457//348 3459//348
f 3472//348 3494//348 3473//348
f 3473//348 3494//348 3495//348
f 3473//349 3495//349 3496//349
f 3495//349 3460//349 3496//349
f 3496//348 3460//348 3462//348
f 3496//350 3462//350 3497//350
f 3497//350 3462//350 3498//350
f 3499//349 3500//349 3501//349
f 3501//348 3500//348 3502//348
f 3501//349 3502//349 3503//349
f 3503//349 3502//349 3504//349
f 3503//349 3504//349 3505//349
f 3505//348 3504//348 3506//348
f 3505//349 3506//349 3477//349
f 3477//349 3506//349 3463//349
f 3477//349 3463//349 3475//349
f 3475//349 3463//349 3465//349
f 3486//349 3507//349 3487//349
f 3487//349 3507//349 3508//349
f 3487//348 3508//348 3509//348
f 3509//349 3508//349 3451//349
f 3509//349 3451//349 3510//349
f 3510//349 3451//349 3453//349
f 3510//348 3453//348 3511//348
f 3511//348 3453//348 3512//348
f 3511//349 3512//349 3513//349
f 3513//348 3512//348 3514//348
f 3513//348 3514//348 3474//348
f 3474//350 3514//350 3515//350
f 3474//349 3515//349 3472//349
f 3462//349 3516//349 3498//349
f 3498//348 3516//348 3517//348
f 3498//348 3517//348 3518//348
f 3518//349 3517//349 3519//349
f 3518//349 3519//349 3520//349
f 3520//349 3519//349 3521//349
f 3520//349 3521//349 3464//349
f 3464//348 3521//348 3522//348
f 3464//348 3522//348 3465//348
f 3499//349 3523//349 3500//349
f 3500//349 3523//349 3524//349
f 3500//349 3524//349 3525//349
f 3525//348 3524//348 3478//348
f 3525//349 3478//349 3526//349
f 3526//348 3478//348 3480//348
f 3526//348 3480//348 3527//348
f 3527//348 3480//348 3528//348
f 3527//348 3528//348 3529//348
f 3529//348 3528//348 3530//348
f 3529//349 3530//349 3468//349
f 3468//349 3530//349 3531//349
f 3468//348 3531//348 3466//348
f 3456//349 3532//349 3485//349
f 3485//349 3532//349 3533//349
f 3485//349 3533//349 3534//349
f 3534//349 3533//349 3535//349
f 3534//349 3535//349 3536//349
f 3536//349 3535//349 3537//349
f 3536//349 3537//349 3458//349
f 3458//349 3537//349 3538//349
f 3458//349 3538//349 3459//349
f 3539//1 3540//1 3541//1
f 3541//1 3540//1 3542//1
f 3541//2 3542//2 3543//2
f 3543//1 3542//1 3544//1
f 3543//1 3544//1 3545//1
f 3545//1 3544//1 3546//1
f 3545//1 3546//1 3547//1
f 3547//1 3546//1 3548//1
f 3547//1 3548//1 3549//1
f 3549//2 3548//2 3550//2
f 3549//1 3550//1 3551//1
f 3551//1 3550//1 3552//1
f 3551//1 3552//1 3553//1
f 3553//2 3552//2 3554//2
f 3553//2 3554//2 3555//2
f 3554//1 3556//1 3555//1
f 3555//1 3556//1 3557//1
f 3555//1 3557//1 3558//1
f 3558//1 3557//1 3559//1
f 3558//1 3559//1 3560//1
f 3560//1 3559//1 3561//1
f 3560//1 3561//1 3562//1
f 3562//2 3561//2 3563//2
f 3562//2 3563//2 3564//2
f 3564//2 3563//2 3565//2
f 3564//2 3565//2 3566//2
f 3566//2 3565//2 3567//2
f 3566//1 3567//1 3568//1
f 3568//1 3567//1 3569//1
f 3568//2 3569//2 3570//2
f 3570//4 3569//4 3571//4
f 3570//1 3571//1 3572//1
f 3571//2 3573//2 3572//2
f 3572//1 3573//1 3574//1
f 3572//1 3574//1 3575//1
f 3575//2 3574//2 3576//2
f 3575//2 3576//2 3577//2
f 3577//2 3576//2 3578//2
f 3577//1 3578//1 3579//1
f 3579//2 3578//2 3580//2
f 3579//2 3580//2 3581//2
f 3581//2 3580//2 3582//2
f 3581//2 3582//2 3583//2
f 3583//1 3582//1 3584//1
f 3583//1 3584//1 3585//1
f 3585//2 3584//2 3586//2
f 3585//2 3586//2 3587//2
f 3587//1 3586//1 3588//1
f 3587//1 3588//1 3589//1
f 3588//2 3590//2 3589//2
f 3589//2 3590//2 3591//2
f 3589//2 3591//2 3592//2
f 3592//2 3591//2 3593//2
f 3592//1 3593//1 3594//1
f 3594//4 3593//4 3595//4
f 3594//2 3595//2 3596//2
f 3596//2 3595//2 3597//2
f 3596//2 3597//2 3598//2
f 3598//2 3597//2 3599//2
f 3598//1 3599//1 3600//1
f 3600//1 3599//1 3601//1
f 3600//2 3601//2 3602//2
f 3602//2 3601//2 3603//2
f 3602//1 3603//1 3604//1
f 3604//2 3603//2 3605//2
f 3604//2 3605//2 3539//2
f 3539//1 3605//1 3606//1
f 3539//2 3606//2 3540//2
f 3607//3522 3608//3522 3609//3522
f 3607//2 3609//2 3610//2
f 3610//2 3609//2 3611//2
f 3610//2 3611//2 3612//2
f 3612//1 3611//1 3613//1
f 3612//1 3613//1 3614//1
f 3614//2 3613//2 3615//2
f 3614//2 3615//2 3616//2
f 3616//2 3615//2 3617//2
f 3616//2 3617//2 3618//2
f 3618//1 3617//1 3619//1
f 3618//1 3619//1 3620//1
f 3620//1 3619//1 3621//1
f 3620//1 3621//1 3622//1
f 3622//1 3621//1 3623//1
f 3622//1 3623//1 3624//1
f 3624//2 3623//2 3625//2
f 3624//2 3625//2 3626//2
f 3626//2 3625//2 3627//2
f 3626//2 3627//2 3628//2
f 3628//3522 3627//3522 3629//3522
f 3628//4 3629//4 3630//4
f 3630//2 3629//2 3631//2
f 3630//1 3631//1 3632//1
f 3633//1 3634//1 3635//1
f 3635//1 3634//1 3636//1
f 3635//1 3636//1 3637//1
f 3637//1 3636//1 3638//1
f 3637//1 3638//1 3639//1
f 3639//1 3638//1 3640//1
f 3639//1 3640//1 3641//1
f 3641//1 3640//1 3642//1
f 3641//2 3642//2 3643//2
f 3643//2 3642//2 3644//2
f 3643//1 3644//1 3645//1
f 3645//1 3644//1 3646//1
f 3645//2 3646//2 3647//2
f 3647//2 3646//2 3648//2
f 3647//1 3648//1 3649//1
f 3649//2 3648//2 3650//2
f 3649//2 3650//2 3651//2
f 3651//1 3650//1 3652//1
f 3651//2 3652//2 3653//2
f 3653//2 3652//2 3654//2
f 3653//2 3654//2 3655//2
f 3655//2 3654//2 3656//2
f 3655//2 3656//2 3607//2
f 3607//1 3656//1 3657//1
f 3607//1 3657//1 3608//1
f 3631//1 3658//1 3632//1
f 3632//1 3658//1 3659//1
f 3632//2 3659//2 3660//2
f 3660//2 3659//2 3661//2
f 3660//1 3661//1 3662//1
f 3662//1 3661//1 3663//1
f 3662//2 3663//2 3664//2
f 3664//2 3663//2 3665//2
f 3664//1 3665//1 3666//1
f 3666//1 3665//1 3667//1
f 3666//1 3667//1 3668//1
f 3668//1 3667//1 3669//1
f 3668//1 3669//1 3670//1
f 3670//2 3669//2 3671//2
f 3670//2 3671//2 3672//2
f 3672//1 3671//1 3673//1
f 3672//1 3673//1 3674//1
f 3674//2 3673//2 3675//2
f 3674//2 3675//2 3676//2
f 3676//1 3675//1 3677//1
f 3676//1 3677//1 3678//1
f 3678//1 3677//1 3679//1
f 3678//1 3679//1 3680//1
f 3680//2 3679//2 3681//2
f 3680//2 3681//2 3633//2
f 3633//2 3681//2 3682//2
f 3633//2 3682//2 3634//2
f 3683//4097 3684//4097 3685//4097
f 3686//348 3687//348 3688//348
f 3688//349 3687//349 3689//349
f 3685//349 3690//349 3691//349
f 3692//348 3687//348 3693//348
f 3693//348 3687//348 3686//348
f 3693//348 3686//348 3694//348
f 3694//349 3686//349 3695//349
f 3694//349 3695//349 3691//349
f 3691//348 3695//348 3696//348
f 3691//348 3696//348 3685//348
f 3685//350 3696//350 3697//350
f 3685//350 3697//350 3683//350
f 3690//4098 3537//4098 3691//4098
f 3691//4099 3537//4099 3535//4099
f 3691//4100 3535//4100 3694//4100
f 3694//4100 3535//4100 3533//4100
f 3694//4101 3533//4101 3693//4101
f 3693//4101 3533//4101 3532//4101
f 3693//4102 3532//4102 3692//4102
f 3692//4103 3532//4103 3456//4103
f 3698//348 3699//348 3700//348
f 3700//348 3699//348 3701//348
f 3702//4104 3703//4104 3704//4104
f 3704//348 3703//348 3705//348
f 3704//349 3705//349 3706//349
f 3707//351 3704//351 3708//351
f 3708//349 3704//349 3706//349
f 3708//348 3706//348 3709//348
f 3709//349 3706//349 3710//349
f 3709//348 3710//348 3711//348
f 3711//348 3710//348 3701//348
f 3711//349 3701//349 3712//349
f 3712//350 3701//350 3699//350
f 3712//4105 3466//4105 3711//4105
f 3711//4106 3466//4106 3531//4106
f 3711//4107 3531//4107 3709//4107
f 3709//4107 3531//4107 3530//4107
f 3709//4108 3530//4108 3708//4108
f 3708//4109 3530//4109 3528//4109
f 3708//4110 3528//4110 3707//4110
f 3707//4111 3528//4111 3480//4111
f 3713//4112 3714//4112 3715//4112
f 3716//349 3717//349 3718//349
f 3718//348 3717//348 3719//348
f 3715//348 3720//348 3721//348
f 3722//350 3717//350 3723//350
f 3723//349 3717//349 3716//349
f 3723//349 3716//349 3724//349
f 3724//349 3716//349 3725//349
f 3724//349 3725//349 3721//349
f 3721//348 3725//348 3726//348
f 3721//348 3726//348 3715//348
f 3715//351 3726//351 3727//351
f 3715//349 3727//349 3713//349
f 3720//4113 3499//4113 3721//4113
f 3721//4114 3499//4114 3501//4114
f 3721//4115 3501//4115 3724//4115
f 3724//4115 3501//4115 3503//4115
f 3724//4116 3503//4116 3723//4116
f 3723//4117 3503//4117 3505//4117
f 3723//4118 3505//4118 3722//4118
f 3722//4119 3505//4119 3477//4119
f 3728//351 3729//351 3730//351
f 3730//349 3729//349 3731//349
f 3732//4120 3733//4120 3734//4120
f 3734//349 3733//349 3735//349
f 3734//349 3735//349 3736//349
f 3737//349 3734//349 3738//349
f 3738//349 3734//349 3736//349
f 3738//348 3736//348 3739//348
f 3739//348 3736//348 3740//348
f 3739//348 3740//348 3741//348
f 3741//349 3740//349 3731//349
f 3741//349 3731//349 3742//349
f 3742//348 3731//348 3729//348
f 3742//4121 3521//4121 3741//4121
f 3741//4122 3521//4122 3519//4122
f 3741//4123 3519//4123 3739//4123
f 3739//4123 3519//4123 3517//4123
f 3739//4124 3517//4124 3738//4124
f 3738//4124 3517//4124 3516//4124
f 3738//4125 3516//4125 3737//4125
f 3737//4126 3516//4126 3462//4126
f 3743//4127 3744//4127 3745//4127
f 3746//349 3747//349 3748//349
f 3748//911 3747//911 3749//911
f 3745//4128 3750//4128 3751//4128
f 3752//348 3747//348 3753//348
f 3753//348 3747//348 3746//348
f 3753//348 3746//348 3754//348
f 3754//349 3746//349 3755//349
f 3754//349 3755//349 3751//349
f 3751//349 3755//349 3756//349
f 3751//348 3756//348 3745//348
f 3745//349 3756//349 3757//349
f 3745//348 3757//348 3743//348
f 3750//4129 3472//4129 3751//4129
f 3751//4130 3472//4130 3515//4130
f 3751//4131 3515//4131 3754//4131
f 3754//4131 3515//4131 3514//4131
f 3754//4132 3514//4132 3753//4132
f 3753//4132 3514//4132 3512//4132
f 3753//4133 3512//4133 3752//4133
f 3752//4134 3512//4134 3453//4134
f 3758//349 3759//349 3760//349
f 3760//348 3759//348 3761//348
f 3762//4135 3763//4135 3764//4135
f 3764//348 3763//348 3765//348
f 3764//350 3765//350 3766//350
f 3767//349 3764//349 3768//349
f 3768//349 3764//349 3766//349
f 3768//349 3766//349 3769//349
f 3769//349 3766//349 3770//349
f 3769//349 3770//349 3771//349
f 3771//348 3770//348 3761//348
f 3771//348 3761//348 3772//348
f 3772//348 3761//348 3759//348
f 3634//4136 3682//4136 3762//4136
f 3659//4137 3658//4137 3732//4137
f 3773//4138 3774//4138 3671//4138
f 3671//4139 3774//4139 3758//4139
f 3671//4140 3758//4140 3673//4140
f 3673//4141 3758//4141 3760//4141
f 3673//4142 3760//4142 3675//4142
f 3675//4143 3760//4143 3761//4143
f 3675//4144 3761//4144 3677//4144
f 3677//4145 3761//4145 3770//4145
f 3677//4146 3770//4146 3679//4146
f 3679//4146 3770//4146 3766//4146
f 3679//4147 3766//4147 3681//4147
f 3681//4147 3766//4147 3765//4147
f 3681//4148 3765//4148 3682//4148
f 3682//4148 3765//4148 3763//4148
f 3682//4149 3763//4149 3762//4149
f 3762//4150 3684//4150 3634//4150
f 3634//4151 3684//4151 3683//4151
f 3634//4152 3683//4152 3636//4152
f 3636//4152 3683//4152 3697//4152
f 3636//4153 3697//4153 3638//4153
f 3638//4154 3697//4154 3696//4154
f 3638//4155 3696//4155 3640//4155
f 3640//4156 3696//4156 3695//4156
f 3640//4157 3695//4157 3642//4157
f 3642//4157 3695//4157 3686//4157
f 3642//4158 3686//4158 3644//4158
f 3644//4158 3686//4158 3688//4158
f 3644//4159 3688//4159 3646//4159
f 3646//4160 3688//4160 3689//4160
f 3646//4161 3689//4161 3775//4161
f 3775//4162 3776//4162 3646//4162
f 3646//4163 3776//4163 3698//4163
f 3646//4164 3698//4164 3648//4164
f 3648//4165 3698//4165 3700//4165
f 3648//4166 3700//4166 3650//4166
f 3650//4166 3700//4166 3701//4166
f 3650//4167 3701//4167 3652//4167
f 3652//4168 3701//4168 3710//4168
f 3652//4169 3710//4169 3654//4169
f 3654//4169 3710//4169 3706//4169
f 3654//4170 3706//4170 3656//4170
f 3656//4170 3706//4170 3705//4170
f 3656//4171 3705//4171 3657//4171
f 3657//4171 3705//4171 3703//4171
f 3657//4172 3703//4172 3608//4172
f 3608//4173 3703//4173 3702//4173
f 3608//4174 3702//4174 3609//4174
f 3702//4175 3714//4175 3609//4175
f 3609//4176 3714//4176 3713//4176
f 3609//4177 3713//4177 3611//4177
f 3611//4177 3713//4177 3727//4177
f 3611//4178 3727//4178 3613//4178
f 3613//4178 3727//4178 3726//4178
f 3613//4179 3726//4179 3615//4179
f 3615//4180 3726//4180 3725//4180
f 3615//4181 3725//4181 3617//4181
f 3617//4182 3725//4182 3716//4182
f 3617//4183 3716//4183 3619//4183
f 3619//4183 3716//4183 3718//4183
f 3619//4184 3718//4184 3621//4184
f 3621//4185 3718//4185 3719//4185
f 3621//4186 3719//4186 3777//4186
f 3777//4187 3778//4187 3621//4187
f 3621//4188 3778//4188 3728//4188
f 3621//4189 3728//4189 3623//4189
f 3623//4190 3728//4190 3730//4190
f 3623//4191 3730//4191 3625//4191
f 3625//4191 3730//4191 3731//4191
f 3625//4192 3731//4192 3627//4192
f 3627//4193 3731//4193 3740//4193
f 3627//4194 3740//4194 3629//4194
f 3629//4194 3740//4194 3736//4194
f 3629//4195 3736//4195 3631//4195
f 3631//4196 3736//4196 3735//4196
f 3631//4197 3735//4197 3658//4197
f 3658//4197 3735//4197 3733//4197
f 3658//4198 3733//4198 3732//4198
f 3732//4199 3744//4199 3659//4199
f 3659//4200 3744//4200 3743//4200
f 3659//4201 3743//4201 3661//4201
f 3661//4202 3743//4202 3757//4202
f 3661//4203 3757//4203 3663//4203
f 3663//4203 3757//4203 3756//4203
f 3663//4204 3756//4204 3665//4204
f 3665//4204 3756//4204 3755//4204
f 3665//4205 3755//4205 3667//4205
f 3667//4205 3755//4205 3746//4205
f 3667//4206 3746//4206 3669//4206
f 3669//4206 3746//4206 3748//4206
f 3669//4207 3748//4207 3671//4207
f 3671//4208 3748//4208 3749//4208
f 3671//4209 3749//4209 3773//4209
f 3772//4210 3486//4210 3771//4210
f 3771//4211 3486//4211 3488//4211
f 3771//4212 3488//4212 3769//4212
f 3769//4213 3488//4213 3490//4213
f 3769//4214 3490//4214 3768//4214
f 3768//4214 3490//4214 3492//4214
f 3768//4215 3492//4215 3767//4215
f 3767//4216 3492//4216 3471//4216
f 3507//4217 3759//4217 3508//4217
f 3508//4218 3759//4218 3758//4218
f 3508//4218 3758//4218 3779//4218
f 3747//4219 3452//4219 3749//4219
f 3749//4219 3452//4219 3451//4219
f 3749//4219 3451//4219 3780//4219
f 3749//4220 3780//4220 3773//4220
f 3773//2 3780//2 3781//2
f 3773//4221 3781//4221 3774//4221
f 3774//4 3781//4 3779//4
f 3774//4222 3779//4222 3758//4222
f 3507//2475 3486//2475 3759//2475
f 3759//3815 3486//3815 3772//3815
f 3453//2495 3452//2495 3752//2495
f 3752//2495 3452//2495 3747//2495
f 3780//4223 3451//4223 3781//4223
f 3781//4224 3451//4224 3508//4224
f 3781//4225 3508//4225 3779//4225
f 3494//4219 3745//4219 3495//4219
f 3495//4219 3745//4219 3744//4219
f 3495//4226 3744//4226 3782//4226
f 3734//2495 3461//2495 3732//2495
f 3732//2495 3461//2495 3460//2495
f 3732//4227 3460//4227 3783//4227
f 3732//4228 3783//4228 3744//4228
f 3744//4229 3783//4229 3782//4229
f 3494//4218 3472//4218 3745//4218
f 3745//4218 3472//4218 3750//4218
f 3462//4230 3461//4230 3737//4230
f 3737//4231 3461//4231 3734//4231
f 3782//3497 3783//3497 3495//3497
f 3495//3497 3783//3497 3460//3497
f 3522//2495 3729//2495 3465//2495
f 3465//2495 3729//2495 3728//2495
f 3465//3906 3728//3906 3784//3906
f 3717//4231 3476//4231 3719//4231
f 3719//4230 3476//4230 3475//4230
f 3719//4230 3475//4230 3785//4230
f 3719//4232 3785//4232 3777//4232
f 3777//2 3785//2 3786//2
f 3777//2454 3786//2454 3778//2454
f 3778//2 3786//2 3784//2
f 3778//4233 3784//4233 3728//4233
f 3522//4219 3521//4219 3729//4219
f 3729//4219 3521//4219 3742//4219
f 3477//4234 3476//4234 3722//4234
f 3722//4234 3476//4234 3717//4234
f 3785//4235 3475//4235 3786//4235
f 3786//4236 3475//4236 3465//4236
f 3786//4237 3465//4237 3784//4237
f 3523//4230 3715//4230 3524//4230
f 3524//4231 3715//4231 3714//4231
f 3524//4238 3714//4238 3787//4238
f 3704//4234 3479//4234 3702//4234
f 3702//4234 3479//4234 3478//4234
f 3702//4239 3478//4239 3788//4239
f 3523//2495 3499//2495 3715//2495
f 3715//2495 3499//2495 3720//2495
f 3480//2475 3479//2475 3707//2475
f 3707//2475 3479//2475 3704//2475
f 3702//4240 3788//4240 3714//4240
f 3714//4241 3788//4241 3787//4241
f 3787//3478 3788//3478 3524//3478
f 3524//3478 3788//3478 3478//3478
f 3481//4234 3699//4234 3482//4234
f 3482//4234 3699//4234 3698//4234
f 3482//4239 3698//4239 3789//4239
f 3687//2475 3455//2475 3689//2475
f 3689//2475 3455//2475 3454//2475
f 3689//3918 3454//3918 3790//3918
f 3481//4231 3466//4231 3699//4231
f 3699//4230 3466//4230 3712//4230
f 3456//4218 3455//4218 3692//4218
f 3692//4218 3455//4218 3687//4218
f 3689//4242 3790//4242 3775//4242
f 3775//2453 3790//2453 3791//2453
f 3775//5 3791//5 3776//5
f 3776//2451 3791//2451 3789//2451
f 3776//4243 3789//4243 3698//4243
f 3790//4244 3454//4244 3791//4244
f 3791//4245 3454//4245 3482//4245
f 3791//4246 3482//4246 3789//4246
f 3538//2475 3685//2475 3459//2475
f 3459//2475 3685//2475 3684//2475
f 3459//2475 3684//2475 3792//2475
f 3764//4218 3470//4218 3762//4218
f 3762//4218 3470//4218 3469//4218
f 3762//4247 3469//4247 3793//4247
f 3538//4234 3537//4234 3685//4234
f 3685//4234 3537//4234 3690//4234
f 3471//4219 3470//4219 3767//4219
f 3767//4219 3470//4219 3764//4219
f 3762//4248 3793//4248 3684//4248
f 3684//4249 3793//4249 3792//4249
f 3792//4250 3793//4250 3459//4250
f 3459//3461 3793//3461 3469//3461
f 3548//3229 3607//3229 3550//3229
f 3550//4251 3607//4251 3610//4251
f 3550//4251 3610//4251 3552//4251
f 3552//3231 3610//3231 3612//3231
f 3552//3232 3612//3232 3554//3232
f 3554//3234 3612//3234 3614//3234
f 3554//3233 3614//3233 3556//3233
f 3556//3567 3614//3567 3616//3567
f 3556//3567 3616//3567 3557//3567
f 3557//389 3616//389 3618//389
f 3557//389 3618//389 3559//389
f 3559//3565 3618//3565 3620//3565
f 3559//3565 3620//3565 3561//3565
f 3561//3183 3620//3183 3622//3183
f 3561//3183 3622//3183 3563//3183
f 3563//3187 3622//3187 3624//3187
f 3563//3187 3624//3187 3565//3187
f 3565//3186 3624//3186 3626//3186
f 3565//3186 3626//3186 3567//3186
f 3567//3189 3626//3189 3628//3189
f 3567//4252 3628//4252 3569//4252
f 3569//4253 3628//4253 3630//4253
f 3569//4253 3630//4253 3571//4253
f 3571//4254 3630//4254 3632//4254
f 3571//4254 3632//4254 3573//4254
f 3573//3192 3632//3192 3660//3192
f 3573//3192 3660//3192 3574//3192
f 3574//3193 3660//3193 3662//3193
f 3574//3193 3662//3193 3576//3193
f 3576//3559 3662//3559 3664//3559
f 3576//3195 3664//3195 3578//3195
f 3578//3557 3664//3557 3666//3557
f 3578//3558 3666//3558 3580//3558
f 3580//4255 3666//4255 3668//4255
f 3580//3200 3668//3200 3582//3200
f 3582//3201 3668//3201 3670//3201
f 3582//3201 3670//3201 3584//3201
f 3584//3726 3670//3726 3672//3726
f 3584//3202 3672//3202 3586//3202
f 3586//3203 3672//3203 3674//3203
f 3586//3582 3674//3582 3588//3582
f 3588//3581 3674//3581 3676//3581
f 3588//3580 3676//3580 3590//3580
f 3590//3207 3676//3207 3678//3207
f 3590//4256 3678//4256 3591//4256
f 3591//4257 3678//4257 3680//4257
f 3591//4258 3680//4258 3593//4258
f 3593//4259 3680//4259 3633//4259
f 3593//3209 3633//3209 3595//3209
f 3595//3210 3633//3210 3635//3210
f 3595//3210 3635//3210 3597//3210
f 3597//3211 3635//3211 3637//3211
f 3597//3978 3637//3978 3599//3978
f 3599//4260 3637//4260 3639//4260
f 3599//3213 3639//3213 3601//3213
f 3601//4261 3639//4261 3641//4261
f 3601//3575 3641//3575 3603//3575
f 3603//4262 3641//4262 3643//4262
f 3603//3217 3643//3217 3605//3217
f 3605//3219 3643//3219 3645//3219
f 3605//3219 3645//3219 3606//3219
f 3606//3220 3645//3220 3647//3220
f 3606//3220 3647//3220 3540//3220
f 3540//3224 3647//3224 3649//3224
f 3540//3221 3649//3221 3542//3221
f 3542//3223 3649//3223 3651//3223
f 3542//3223 3651//3223 3544//3223
f 3544//3226 3651//3226 3653//3226
f 3544//3226 3653//3226 3546//3226
f 3546//3228 3653//3228 3655//3228
f 3546//3228 3655//3228 3548//3228
f 3548//3229 3655//3229 3607//3229
f 3794//4263 3581//4263 3583//4263
f 3794//4264 3795//4264 3581//4264
f 3581//4264 3795//4264 3796//4264
f 3581//4265 3796//4265 3579//4265
f 3796//4266 3797//4266 3579//4266
f 3579//4266 3797//4266 3798//4266
f 3579//4267 3798//4267 3577//4267
f 3798//4268 3799//4268 3577//4268
f 3577//4269 3799//4269 3800//4269
f 3577//4270 3800//4270 3575//4270
f 3800//4271 3801//4271 3575//4271
f 3575//4272 3801//4272 3802//4272
f 3575//4273 3802//4273 3572//4273
f 3802//4274 3803//4274 3572//4274
f 3572//4274 3803//4274 3804//4274
f 3572//4275 3804//4275 3570//4275
f 3804//4276 3805//4276 3570//4276
f 3570//4276 3805//4276 3806//4276
f 3570//4277 3806//4277 3568//4277
f 3806//4278 3807//4278 3568//4278
f 3568//4278 3807//4278 3808//4278
f 3568//4279 3808//4279 3566//4279
f 3808//4280 3809//4280 3566//4280
f 3566//4281 3809//4281 3810//4281
f 3566//4282 3810//4282 3564//4282
f 3810//4283 3811//4283 3564//4283
f 3564//4283 3811//4283 3812//4283
f 3564//4284 3812//4284 3562//4284
f 3812//4285 3813//4285 3562//4285
f 3562//4285 3813//4285 3814//4285
f 3562//4286 3814//4286 3560//4286
f 3814//4287 3815//4287 3560//4287
f 3560//4288 3815//4288 3816//4288
f 3560//4289 3816//4289 3558//4289
f 3816//4290 3817//4290 3558//4290
f 3558//4291 3817//4291 3818//4291
f 3558//4292 3818//4292 3555//4292
f 3818//4293 3819//4293 3555//4293
f 3555//4294 3819//4294 3820//4294
f 3555//4295 3820//4295 3553//4295
f 3820//4296 3821//4296 3553//4296
f 3553//4296 3821//4296 3822//4296
f 3553//4297 3822//4297 3551//4297
f 3822//4298 3823//4298 3551//4298
f 3551//4299 3823//4299 3824//4299
f 3551//4300 3824//4300 3549//4300
f 3824//2483 3825//2483 3549//2483
f 3549//2484 3825//2484 3826//2484
f 3549//4301 3826//4301 3547//4301
f 3826//4302 3827//4302 3547//4302
f 3547//4302 3827//4302 3828//4302
f 3547//4303 3828//4303 3545//4303
f 3828//4304 3829//4304 3545//4304
f 3545//4304 3829//4304 3830//4304
f 3545//4305 3830//4305 3543//4305
f 3830//4306 3831//4306 3543//4306
f 3543//4306 3831//4306 3832//4306
f 3543//4307 3832//4307 3541//4307
f 3832//4308 3833//4308 3541//4308
f 3541//4308 3833//4308 3834//4308
f 3541//4309 3834//4309 3539//4309
f 3834//4310 3835//4310 3539//4310
f 3539//4311 3835//4311 3836//4311
f 3539//4312 3836//4312 3604//4312
f 3836//4313 3837//4313 3604//4313
f 3604//4314 3837//4314 3838//4314
f 3604//4315 3838//4315 3602//4315
f 3838//4316 3839//4316 3602//4316
f 3602//4317 3839//4317 3840//4317
f 3602//4318 3840//4318 3600//4318
f 3840//4319 3841//4319 3600//4319
f 3600//4319 3841//4319 3842//4319
f 3600//4320 3842//4320 3598//4320
f 3842//4321 3843//4321 3598//4321
f 3598//4321 3843//4321 3844//4321
f 3598//4322 3844//4322 3596//4322
f 3844//4323 3845//4323 3596//4323
f 3596//4323 3845//4323 3846//4323
f 3596//4324 3846//4324 3594//4324
f 3846//4325 3847//4325 3594//4325
f 3594//4325 3847//4325 3848//4325
f 3594//4326 3848//4326 3592//4326
f 3848//4327 3849//4327 3592//4327
f 3592//4328 3849//4328 3850//4328
f 3592//4329 3850//4329 3589//4329
f 3850//4330 3851//4330 3589//4330
f 3589//4330 3851//4330 3852//4330
f 3589//4331 3852//4331 3587//4331
f 3852//4332 3853//4332 3587//4332
f 3587//4332 3853//4332 3854//4332
f 3587//4333 3854//4333 3585//4333
f 3854//4334 3855//4334 3585//4334
f 3585//4334 3855//4334 3856//4334
f 3585//4335 3856//4335 3583//4335
f 3583//2463 3856//2463 3857//2463
f 3583//2464 3857//2464 3794//2464
f 3489//4336 3487//4336 3855//4336
f 3855//4336 3854//4336 3489//4336
f 3489//4337 3854//4337 3853//4337
f 3489//4338 3853//4338 3491//4338
f 3853//4338 3852//4338 3491//4338
f 3491//4339 3852//4339 3851//4339
f 3491//4339 3851//4339 3493//4339
f 3851//4339 3850//4339 3493//4339
f 3493//4340 3850//4340 3849//4340
f 3493//4340 3849//4340 3457//4340
f 3849//4341 3848//4341 3457//4341
f 3457//4342 3848//4342 3847//4342
f 3457//4343 3847//4343 3458//4343
f 3847//4343 3846//4343 3458//4343
f 3458//4344 3846//4344 3845//4344
f 3458//4344 3845//4344 3536//4344
f 3845//4344 3844//4344 3536//4344
f 3536//4345 3844//4345 3843//4345
f 3536//4345 3843//4345 3534//4345
f 3534//4346 3843//4346 3842//4346
f 3534//4347 3842//4347 3485//4347
f 3842//4348 3841//4348 3485//4348
f 3485//4348 3841//4348 3840//4348
f 3485//4349 3840//4349 3484//4349
f 3840//4350 3839//4350 3484//4350
f 3484//4350 3839//4350 3838//4350
f 3484//4351 3838//4351 3483//4351
f 3838//4351 3837//4351 3483//4351
f 3483//4352 3837//4352 3836//4352
f 3483//4353 3836//4353 3467//4353
f 3467//4353 3836//4353 3835//4353
f 3835//4353 3834//4353 3467//4353
f 3467//4354 3834//4354 3833//4354
f 3467//4354 3833//4354 3468//4354
f 3833//4354 3832//4354 3468//4354
f 3468//4355 3832//4355 3831//4355
f 3468//4355 3831//4355 3529//4355
f 3831//4356 3830//4356 3529//4356
f 3529//4357 3830//4357 3829//4357
f 3529//4357 3829//4357 3527//4357
f 3829//4357 3828//4357 3527//4357
f 3527//4358 3828//4358 3827//4358
f 3527//4358 3827//4358 3526//4358
f 3526//4359 3827//4359 3826//4359
f 3526//4360 3826//4360 3525//4360
f 3525//4361 3826//4361 3825//4361
f 3525//4362 3825//4362 3500//4362
f 3825//4363 3824//4363 3500//4363
f 3500//4364 3824//4364 3823//4364
f 3500//4365 3823//4365 3502//4365
f 3823//4366 3822//4366 3502//4366
f 3502//4367 3822//4367 3821//4367
f 3502//4367 3821//4367 3504//4367
f 3821//4367 3820//4367 3504//4367
f 3504//4368 3820//4368 3819//4368
f 3504//4369 3819//4369 3506//4369
f 3819//4369 3818//4369 3506//4369
f 3506//4370 3818//4370 3817//4370
f 3506//4371 3817//4371 3463//4371
f 3817//4371 3816//4371 3463//4371
f 3463//4372 3816//4372 3815//4372
f 3463//4372 3815//4372 3464//4372
f 3815//4372 3814//4372 3464//4372
f 3464//4373 3814//4373 3813//4373
f 3464//4374 3813//4374 3520//4374
f 3813//4374 3812//4374 3520//4374
f 3520//4375 3812//4375 3811//4375
f 3520//4375 3811//4375 3518//4375
f 3518//4375 3811//4375 3810//4375
f 3518//4376 3810//4376 3498//4376
f 3810//4377 3809//4377 3498//4377
f 3498//4376 3809//4376 3808//4376
f 3498//4378 3808//4378 3497//4378
f 3808//4378 3807//4378 3497//4378
f 3497//4379 3807//4379 3806//4379
f 3497//4380 3806//4380 3496//4380
f 3806//4380 3805//4380 3496//4380
f 3496//4380 3805//4380 3804//4380
f 3496//4381 3804//4381 3473//4381
f 3473//4382 3804//4382 3803//4382
f 3803//4382 3802//4382 3473//4382
f 3473//4383 3802//4383 3801//4383
f 3473//4384 3801//4384 3474//4384
f 3801//4385 3800//4385 3474//4385
f 3474//4386 3800//4386 3799//4386
f 3474//4386 3799//4386 3513//4386
f 3799//4387 3798//4387 3513//4387
f 3513//4388 3798//4388 3797//4388
f 3513//4389 3797//4389 3511//4389
f 3797//4389 3796//4389 3511//4389
f 3511//4390 3796//4390 3795//4390
f 3511//4390 3795//4390 3510//4390
f 3510//4391 3795//4391 3794//4391
f 3510//4392 3794//4392 3509//4392
f 3509//4393 3794//4393 3857//4393
f 3509//4394 3857//4394 3487//4394
f 3487//4395 3857//4395 3856//4395
f 3487//4396 3856//4396 3855//4396
