# Blender 3.6.0
# www.blender.org
mtllib forearm_roll_link.mtl
o forearm_roll_link
v -0.003000 -0.010458 0.045822
v -0.003000 -0.020393 0.042346
v -0.005000 -0.020279 0.042101
v -0.005000 -0.005082 0.046724
v -0.003000 0.000000 0.047000
v -0.005000 -0.010400 0.045554
v -0.005000 -0.015007 0.044540
v -0.003000 -0.029304 0.036746
v -0.003000 -0.036746 0.029304
v -0.005000 -0.036553 0.029140
v -0.005000 -0.032322 0.034122
v -0.005000 -0.029145 0.036537
v -0.005000 -0.024231 0.040272
v -0.003000 -0.042346 0.020393
v -0.003000 -0.045822 0.010458
v -0.005000 -0.045605 0.010398
v -0.005000 -0.043662 0.017396
v -0.005000 -0.042133 0.020280
v -0.005000 -0.038901 0.026376
v -0.003000 -0.047000 0.000000
v -0.003000 -0.045822 -0.010458
v -0.005000 -0.045639 -0.010428
v -0.005000 -0.046931 -0.002545
v -0.005000 -0.046794 -0.000011
v -0.005000 -0.046381 0.007604
v -0.003000 -0.042346 -0.020393
v -0.003000 -0.036746 -0.029304
v -0.005000 -0.036634 -0.029228
v -0.005000 -0.041525 -0.022015
v -0.005000 -0.042195 -0.020333
v -0.005000 -0.045287 -0.012574
v -0.003000 -0.020393 -0.042346
v -0.005000 -0.028443 -0.037416
v -0.003000 -0.029304 -0.036746
v -0.005000 -0.029232 -0.036670
v -0.005000 -0.035822 -0.030427
v -0.003000 -0.010458 -0.045822
v -0.005000 -0.019735 -0.042656
v -0.005000 -0.020355 -0.042283
v -0.003000 0.000000 -0.047000
v -0.005000 -0.010104 -0.045901
v -0.005000 -0.010446 -0.045786
v -0.003000 0.010458 -0.045822
v -0.005000 0.010104 -0.045901
v -0.005000 0.000000 -0.047000
v -0.003000 0.020393 -0.042346
v -0.005000 0.019735 -0.042656
v -0.005000 0.010446 -0.045786
v -0.003000 0.029304 -0.036746
v -0.005000 0.028443 -0.037416
v -0.005000 0.020355 -0.042283
v -0.003000 0.036746 -0.029304
v -0.005000 0.035822 -0.030427
v -0.005000 0.029232 -0.036670
v -0.003000 0.042346 -0.020393
v -0.005000 0.041525 -0.022015
v -0.005000 0.036634 -0.029228
v -0.003000 0.045822 -0.010458
v -0.005000 0.045287 -0.012574
v -0.005000 0.042195 -0.020333
v -0.003000 0.047000 0.000000
v -0.005000 0.046931 -0.002545
v -0.005000 0.045639 -0.010428
v -0.003000 0.045822 0.010458
v -0.005000 0.046381 0.007604
v -0.005000 0.046794 -0.000011
v -0.003000 0.042346 0.020393
v -0.005000 0.043662 0.017396
v -0.005000 0.045605 0.010398
v -0.003000 0.036746 0.029304
v -0.005000 0.038901 0.026376
v -0.005000 0.042133 0.020280
v -0.003000 0.029304 0.036746
v -0.005000 0.032322 0.034122
v -0.005000 0.036553 0.029140
v -0.003000 0.020393 0.042346
v -0.005000 0.024231 0.040272
v -0.005000 0.029145 0.036537
v -0.003000 0.010458 0.045822
v -0.005000 0.015007 0.044540
v -0.005000 0.020279 0.042101
v -0.005000 0.000000 0.046724
v -0.005000 0.005082 0.046724
v -0.005000 0.010400 0.045554
v -0.003000 0.038272 0.034460
v -0.003000 0.044600 0.025750
v -0.003000 0.040386 0.027382
v -0.003000 0.030271 -0.041664
v -0.003000 0.020947 -0.047048
v -0.003000 0.020488 -0.044284
v -0.003000 0.010707 0.050375
v -0.003000 0.020947 0.047048
v -0.003000 0.015580 0.046240
v -0.003000 -0.010707 -0.050375
v -0.003000 -0.005275 -0.048508
v -0.003000 0.000000 -0.051500
v -0.003000 0.000000 -0.048794
v -0.003000 0.010707 -0.050375
v -0.003000 0.005275 -0.048508
v -0.003000 0.010489 -0.047653
v -0.003000 0.015580 -0.046240
v -0.003000 0.048979 0.015914
v -0.003000 0.051218 0.005383
v -0.003000 0.048151 0.007894
v -0.003000 0.037189 0.031588
v -0.003000 0.033555 0.035424
v -0.003000 0.030271 0.041664
v -0.003000 0.029529 0.038844
v -0.003000 0.025156 0.041809
v -0.003000 0.020488 0.044284
v -0.003000 -0.030271 -0.041664
v -0.003000 -0.038272 -0.034460
v -0.003000 -0.033555 -0.035424
v -0.003000 0.047015 0.013054
v -0.003000 0.045328 0.018060
v -0.003000 0.043110 0.022855
v -0.003000 -0.030271 0.041664
v -0.003000 -0.020947 0.047048
v -0.003000 -0.020488 0.044284
v -0.003000 -0.029529 -0.038844
v -0.003000 -0.025156 -0.041809
v -0.003000 -0.020947 -0.047048
v -0.003000 -0.020488 -0.044284
v -0.003000 -0.015580 -0.046240
v -0.003000 -0.010489 -0.047653
v -0.003000 0.025156 -0.041809
v -0.003000 0.029529 -0.038844
v -0.003000 0.038272 -0.034460
v -0.003000 0.048979 -0.015914
v -0.003000 0.044600 -0.025750
v -0.003000 0.043110 -0.022855
v -0.003000 -0.010707 0.050375
v -0.003000 -0.010489 0.047653
v -0.003000 -0.015580 0.046240
v -0.003000 0.033555 -0.035424
v -0.003000 0.037189 -0.031588
v -0.003000 0.040386 -0.027382
v -0.003000 0.010489 0.047653
v -0.003000 0.005275 0.048508
v -0.003000 0.000000 0.051500
v -0.003000 0.000000 0.048794
v -0.003000 -0.005275 0.048508
v -0.003000 -0.044600 0.025750
v -0.003000 -0.038272 0.034460
v -0.003000 -0.037189 0.031588
v -0.003000 0.045328 -0.018060
v -0.003000 0.047015 -0.013054
v -0.003000 0.051218 -0.005383
v -0.003000 0.048151 -0.007894
v -0.003000 0.048722 -0.002642
v -0.003000 0.048722 0.002642
v -0.003000 -0.025156 0.041809
v -0.003000 -0.029529 0.038844
v -0.003000 -0.033555 0.035424
v -0.003000 -0.051218 -0.005383
v -0.003000 -0.051218 0.005383
v -0.003000 -0.048722 0.002642
v -0.003000 -0.044600 -0.025750
v -0.003000 -0.040386 -0.027382
v -0.003000 -0.037189 -0.031588
v -0.003000 -0.048979 0.015914
v -0.003000 -0.047015 0.013054
v -0.003000 -0.048151 0.007894
v -0.003000 -0.040386 0.027382
v -0.003000 -0.043110 0.022855
v -0.003000 -0.045328 0.018060
v -0.003000 -0.048722 -0.002642
v -0.003000 -0.048151 -0.007894
v -0.003000 -0.048979 -0.015914
v -0.003000 -0.047015 -0.013054
v -0.003000 -0.045328 -0.018060
v -0.003000 -0.043110 -0.022855
v 0.088304 -0.074500 -0.037334
v 0.085998 -0.074500 -0.034672
v 0.085856 -0.054000 -0.034795
v 0.083457 -0.069124 0.031930
v 0.083358 -0.070792 0.031802
v 0.085998 -0.074500 0.034672
v 0.083167 -0.064923 0.031553
v 0.083374 -0.066236 0.031822
v 0.085856 -0.054000 0.034795
v 0.082771 -0.063430 0.031027
v 0.081211 -0.060238 0.028810
v 0.081720 -0.061045 0.029561
v 0.082394 -0.062417 0.030514
v 0.083457 -0.067767 0.031930
v 0.083163 -0.071990 0.031547
v 0.082764 -0.073482 0.031018
v 0.082384 -0.074500 0.030499
v 0.075077 -0.054792 0.016058
v 0.075996 -0.054878 0.018744
v 0.075045 -0.054000 0.016069
v 0.077340 -0.054993 0.021907
v 0.079467 -0.054000 0.026000
v 0.077411 -0.054999 0.022059
v 0.077420 -0.055000 0.022078
v 0.078441 -0.056580 0.024137
v 0.079509 -0.057992 0.025975
v 0.080708 -0.059576 0.028040
v 0.072785 -0.054000 0.005435
v 0.072951 -0.054621 0.006835
v 0.073501 -0.054650 0.010153
v 0.074681 -0.054755 0.014900
v 0.072504 -0.054523 -0.000648
v 0.072785 -0.054000 -0.005435
v 0.072515 -0.054541 -0.001260
v 0.072770 -0.054605 -0.005289
v 0.072503 -0.054519 -0.000536
v 0.072500 -0.054509 0.000000
v 0.072503 -0.054519 0.000536
v 0.072504 -0.054523 0.000648
v 0.072540 -0.054558 0.002028
v 0.072831 -0.054603 0.005431
v 0.075078 -0.054793 -0.016059
v 0.074284 -0.054715 -0.013503
v 0.075045 -0.054000 -0.016069
v 0.073501 -0.054650 -0.010153
v 0.072792 -0.054606 -0.005434
v 0.079467 -0.054000 -0.026000
v 0.079469 -0.058009 -0.025999
v 0.077420 -0.055000 -0.022078
v 0.077411 -0.054999 -0.022059
v 0.077340 -0.054993 -0.021907
v 0.075473 -0.054831 -0.017331
v 0.083167 -0.071968 -0.031553
v 0.083374 -0.070655 -0.031822
v 0.082384 -0.074500 -0.030499
v 0.082394 -0.074474 -0.030514
v 0.082771 -0.073461 -0.031027
v 0.083372 -0.066214 -0.031819
v 0.083457 -0.067767 -0.031930
v 0.083457 -0.069124 -0.031930
v 0.083118 -0.064696 -0.031489
v 0.082769 -0.063426 -0.031025
v 0.082211 -0.061999 -0.030259
v 0.081525 -0.060718 -0.029277
v 0.080708 -0.059576 -0.028040
v 0.079500 -0.058054 -0.026058
v 0.094096 -0.074500 -0.041863
v 0.093935 -0.054000 -0.042069
v 0.097005 -0.074500 -0.044136
v 0.103350 -0.054000 -0.047504
v 0.103466 -0.074500 -0.047263
v 0.106946 -0.074500 -0.048947
v 0.113689 -0.054000 -0.050864
v 0.113753 -0.074500 -0.050598
v 0.117679 -0.074500 -0.051551
v 0.124500 -0.054000 -0.052000
v 0.124507 -0.074500 -0.051722
v 0.128720 -0.074500 -0.051828
v 0.135311 -0.054000 -0.050864
v 0.135259 -0.074500 -0.050587
v 0.139571 -0.074500 -0.049768
v 0.145650 -0.054000 -0.047504
v 0.145539 -0.074500 -0.047242
v 0.149741 -0.074500 -0.045463
v 0.155065 -0.054000 -0.042069
v 0.154899 -0.074500 -0.041833
v 0.158773 -0.074500 -0.039107
v 0.163144 -0.054000 -0.034795
v 0.162930 -0.074500 -0.034598
v 0.166259 -0.074500 -0.030987
v 0.169533 -0.054000 -0.026000
v 0.169281 -0.074500 -0.025852
v 0.171861 -0.074500 -0.021468
v 0.173955 -0.054000 -0.016069
v 0.173676 -0.074500 -0.015977
v 0.175327 -0.074500 -0.010982
v 0.176215 -0.054000 -0.005435
v 0.175923 -0.074500 -0.005404
v 0.176500 -0.074500 0.000000
v 0.176215 -0.054000 0.005435
v 0.175923 -0.074500 0.005404
v 0.175327 -0.074500 0.010982
v 0.173955 -0.054000 0.016069
v 0.173676 -0.074500 0.015977
v 0.171861 -0.074500 0.021468
v 0.169533 -0.054000 0.026000
v 0.169281 -0.074500 0.025852
v 0.166259 -0.074500 0.030987
v 0.163144 -0.054000 0.034795
v 0.162930 -0.074500 0.034598
v 0.158773 -0.074500 0.039107
v 0.155065 -0.054000 0.042069
v 0.154899 -0.074500 0.041833
v 0.149741 -0.074500 0.045463
v 0.145650 -0.054000 0.047504
v 0.145539 -0.074500 0.047242
v 0.139571 -0.074500 0.049768
v 0.135311 -0.054000 0.050864
v 0.135259 -0.074500 0.050587
v 0.128720 -0.074500 0.051828
v 0.124500 -0.054000 0.052000
v 0.124507 -0.074500 0.051722
v 0.117679 -0.074500 0.051551
v 0.113689 -0.054000 0.050864
v 0.113753 -0.074500 0.050598
v 0.106946 -0.074500 0.048947
v 0.103350 -0.054000 0.047504
v 0.103466 -0.074500 0.047263
v 0.097005 -0.074500 0.044136
v 0.093935 -0.054000 0.042069
v 0.094096 -0.074500 0.041863
v 0.088304 -0.074500 0.037334
v 0.113897 -0.053500 -0.049886
v 0.124500 -0.055000 -0.051000
v 0.124500 -0.053500 -0.051000
v 0.135104 -0.055000 -0.049886
v 0.135104 -0.053500 -0.049886
v 0.145243 -0.055000 -0.046591
v 0.145243 -0.053500 -0.046591
v 0.154477 -0.055000 -0.041260
v 0.154477 -0.053500 -0.041260
v 0.162400 -0.055000 -0.034126
v 0.162400 -0.053500 -0.034126
v 0.168667 -0.055000 -0.025500
v 0.168667 -0.053500 -0.025500
v 0.173004 -0.055000 -0.015760
v 0.173004 -0.053500 -0.015760
v 0.175221 -0.055000 -0.005331
v 0.175221 -0.053500 -0.005331
v 0.175221 -0.055000 0.005331
v 0.175221 -0.053500 0.005331
v 0.173004 -0.055000 0.015760
v 0.173004 -0.053500 0.015760
v 0.168667 -0.055000 0.025500
v 0.168667 -0.053500 0.025500
v 0.162400 -0.055000 0.034126
v 0.162400 -0.053500 0.034126
v 0.154477 -0.055000 0.041260
v 0.154477 -0.053500 0.041260
v 0.145243 -0.055000 0.046591
v 0.145243 -0.053500 0.046591
v 0.135104 -0.055000 0.049886
v 0.135104 -0.053500 0.049886
v 0.124500 -0.055000 0.051000
v 0.124500 -0.053500 0.051000
v 0.113897 -0.055000 0.049886
v 0.113897 -0.053500 0.049886
v 0.103756 -0.055000 0.046591
v 0.103756 -0.053500 0.046591
v 0.094523 -0.055000 0.041260
v 0.094523 -0.053500 0.041260
v 0.086600 -0.055000 0.034126
v 0.086600 -0.053500 0.034126
v 0.080333 -0.055000 0.025500
v 0.080333 -0.053500 0.025500
v 0.075996 -0.055000 0.015760
v 0.075996 -0.053500 0.015760
v 0.073779 -0.055000 0.005331
v 0.073779 -0.053500 0.005331
v 0.073779 -0.055000 -0.005331
v 0.073779 -0.053500 -0.005331
v 0.075996 -0.055000 -0.015760
v 0.075996 -0.053500 -0.015760
v 0.080333 -0.055000 -0.025500
v 0.080333 -0.053500 -0.025500
v 0.086600 -0.055000 -0.034126
v 0.086600 -0.053500 -0.034126
v 0.094523 -0.055000 -0.041260
v 0.094523 -0.053500 -0.041260
v 0.103756 -0.055000 -0.046591
v 0.103756 -0.053500 -0.046591
v 0.113897 -0.055000 -0.049886
v 0.078787 -0.075000 -0.024941
v 0.078536 -0.074844 -0.024762
v 0.079566 -0.075000 -0.026215
v 0.079213 -0.074845 -0.025919
v 0.078311 -0.075000 -0.024061
v 0.078241 -0.074923 -0.024098
v 0.078434 -0.074844 -0.024588
v 0.078169 -0.074844 -0.024135
v 0.079431 -0.074845 -0.026290
v 0.079934 -0.074860 -0.027026
v 0.080646 -0.075000 -0.027983
v 0.080434 -0.074876 -0.027759
v 0.080824 -0.074888 -0.028330
v 0.073757 -0.074867 -0.012532
v 0.074304 -0.074859 -0.014709
v 0.074412 -0.074924 -0.014678
v 0.075277 -0.075000 -0.017088
v 0.074611 -0.075000 -0.014623
v 0.072004 -0.074978 -0.000637
v 0.072009 -0.074975 -0.000736
v 0.072151 -0.075000 -0.000636
v 0.072035 -0.074964 -0.001212
v 0.072326 -0.075000 -0.002085
v 0.072074 -0.074948 -0.001918
v 0.072088 -0.074942 -0.002177
v 0.072251 -0.074980 -0.002265
v 0.072347 -0.075000 -0.002253
v 0.072473 -0.074957 -0.004982
v 0.072673 -0.075000 -0.004959
v 0.073216 -0.075000 -0.009460
v 0.073217 -0.074936 -0.009871
v 0.073322 -0.075000 -0.009850
v 0.076165 -0.075000 -0.019350
v 0.076065 -0.074917 -0.019389
v 0.076664 -0.075000 -0.020620
v 0.072277 -0.074914 -0.004396
v 0.072150 -0.074932 -0.002929
v 0.072093 -0.074940 -0.002271
v 0.072329 -0.074907 -0.004995
v 0.072568 -0.074897 -0.006525
v 0.073055 -0.074877 -0.009647
v 0.073093 -0.074876 -0.009895
v 0.074971 -0.074855 -0.016595
v 0.076302 -0.074849 -0.020131
v 0.075973 -0.074850 -0.019426
v 0.072003 -0.074982 -0.000523
v 0.072137 -0.075000 -0.000523
v 0.072137 -0.075000 0.000523
v 0.072003 -0.074982 0.000523
v 0.072095 -0.075000 0.000012
v 0.072000 -0.074991 0.000000
v 0.072096 -0.075000 0.000000
v 0.072004 -0.074978 0.000637
v 0.072151 -0.075000 0.000636
v 0.073748 -0.075000 0.011912
v 0.074831 -0.075000 0.015765
v 0.074767 -0.074922 0.015819
v 0.076150 -0.074917 0.019597
v 0.076203 -0.075000 0.019526
v 0.076222 -0.075000 0.019568
v 0.073460 -0.074932 0.011024
v 0.073594 -0.075000 0.010998
v 0.072608 -0.074951 0.006136
v 0.072771 -0.075000 0.006112
v 0.072477 -0.074957 0.005018
v 0.072585 -0.075000 0.005005
v 0.072205 -0.075000 0.001281
v 0.072341 -0.075000 0.002904
v 0.072471 -0.075000 0.004326
v 0.072333 -0.074907 0.005032
v 0.072223 -0.074930 0.003555
v 0.072214 -0.074932 0.003438
v 0.072125 -0.074952 0.002247
v 0.072064 -0.074965 0.001441
v 0.072024 -0.074974 0.000899
v 0.073341 -0.074871 0.011050
v 0.073274 -0.074873 0.010675
v 0.072737 -0.074889 0.007659
v 0.072469 -0.074897 0.006152
v 0.072351 -0.074905 0.005178
v 0.074339 -0.074860 0.014675
v 0.077119 -0.074847 0.021897
v 0.076058 -0.074849 0.019634
v 0.075405 -0.074853 0.017863
v 0.074663 -0.074856 0.015852
v 0.078311 -0.075000 0.024061
v 0.078248 -0.074914 0.024094
v 0.078169 -0.074844 0.024135
v 0.080078 -0.075000 0.027103
v 0.080459 -0.074870 0.027815
v 0.079933 -0.074858 0.027028
v 0.078500 -0.075000 0.024418
v 0.078432 -0.074844 0.024589
v 0.079399 -0.075000 0.025946
v 0.079260 -0.074844 0.026021
v 0.078533 -0.074844 0.024764
v 0.026895 -0.035164 0.027878
v 0.025110 -0.035193 0.029438
v 0.025327 -0.038715 0.029443
v 0.055349 -0.065462 0.029446
v 0.055405 -0.063683 0.027908
v 0.052181 -0.063481 0.027974
v 0.055277 -0.067748 0.030000
v 0.051963 -0.065236 0.029465
v 0.051158 -0.063297 0.027972
v 0.048315 -0.064583 0.029462
v 0.048718 -0.062859 0.027965
v 0.045656 -0.061940 0.027942
v 0.045059 -0.063611 0.029456
v 0.045176 -0.061735 0.027939
v 0.041947 -0.062284 0.029451
v 0.042732 -0.060689 0.027924
v 0.039938 -0.059100 0.027909
v 0.038976 -0.060598 0.029447
v 0.039772 -0.058979 0.027908
v 0.036318 -0.058671 0.029443
v 0.037438 -0.057285 0.027898
v 0.035109 -0.055166 0.027889
v 0.033797 -0.056380 0.029441
v 0.035067 -0.055127 0.027889
v 0.032935 -0.052698 0.027883
v 0.031530 -0.053799 0.029439
v 0.032619 -0.052287 0.027883
v 0.031195 -0.053362 0.029439
v 0.031378 -0.050432 0.027881
v 0.029301 -0.050533 0.029438
v 0.030838 -0.049625 0.027880
v 0.029372 -0.046789 0.027880
v 0.028685 -0.044983 0.027882
v 0.026527 -0.044322 0.029439
v 0.027743 -0.047518 0.029438
v 0.028228 -0.043785 0.027883
v 0.027651 -0.041684 0.027887
v 0.025913 -0.042087 0.029440
v 0.027176 -0.038958 0.027893
v 0.027099 -0.038513 0.027895
v 0.051685 -0.067469 0.030000
v 0.047801 -0.066779 0.030000
v 0.044295 -0.065747 0.030000
v 0.040942 -0.064329 0.030000
v 0.037741 -0.062522 0.030000
v 0.034877 -0.060453 0.030000
v 0.032161 -0.057992 0.030000
v 0.029720 -0.055218 0.030000
v 0.029358 -0.054748 0.030000
v 0.027319 -0.051704 0.030000
v 0.025641 -0.048457 0.030000
v 0.024333 -0.045015 0.030000
v 0.023674 -0.042607 0.030000
v 0.023048 -0.038977 0.030000
v 0.022807 -0.035229 0.030000
v 0.025110 -0.017582 0.029435
v 0.023848 -0.018613 0.029889
v 0.022802 -0.023993 0.030000
v 0.025099 -0.011732 0.029415
v 0.024835 -0.013278 0.029568
v 0.024039 -0.017582 0.029827
v 0.026897 -0.017582 0.027868
v 0.026897 0.000000 0.027868
v 0.026892 -0.000043 0.027875
v 0.026684 -0.001660 0.028151
v 0.025958 -0.006628 0.028878
v 0.025739 -0.007997 0.029046
v 0.026897 -0.034598 0.027868
v 0.026897 -0.032522 0.027868
v 0.026897 -0.026017 0.027868
v 0.011430 -0.046516 0.028530
v 0.011787 -0.045803 0.028922
v 0.010913 -0.044697 0.028559
v 0.012394 -0.044616 0.029353
v 0.012468 -0.044471 0.029406
v 0.011750 -0.043645 0.029173
v 0.010005 -0.042216 0.029372
v 0.008692 -0.042901 0.028922
v 0.009851 -0.043701 0.028559
v 0.014828 -0.039799 0.030000
v 0.014814 -0.039807 0.030000
v 0.014817 -0.039809 0.030000
v 0.013958 -0.040235 0.029981
v 0.014104 -0.040379 0.029973
v 0.012051 -0.041184 0.029804
v 0.012523 -0.041634 0.029720
v 0.011749 -0.041334 0.029759
v 0.012275 -0.041829 0.029655
v 0.014819 -0.039811 0.030000
v 0.014249 -0.040524 0.029973
v 0.012987 -0.042101 0.029720
v 0.012791 -0.042345 0.029655
v 0.012747 -0.043925 0.029527
v 0.013284 -0.042873 0.029759
v 0.013435 -0.042575 0.029804
v 0.014393 -0.040670 0.029981
v 0.014821 -0.039814 0.030000
v 0.010949 -0.042862 0.029173
v 0.010105 -0.042163 0.029406
v 0.011235 -0.046906 0.028316
v 0.010278 -0.045523 0.027857
v 0.008984 -0.044354 0.027857
v 0.007512 -0.043542 0.028316
v 0.010834 -0.047729 0.027660
v 0.009857 -0.046094 0.027173
v 0.008381 -0.044796 0.027173
v 0.006635 -0.044033 0.027660
v 0.012487 -0.046419 0.029359
v 0.010411 -0.049289 0.026044
v 0.010447 -0.050047 0.025176
v 0.010526 -0.050420 0.025176
v 0.010811 -0.047791 0.027598
v 0.011236 -0.050265 0.027601
v 0.010540 -0.048515 0.026874
v 0.013015 -0.049876 0.029359
v 0.014822 -0.043896 0.030000
v 0.014927 -0.046203 0.030000
v 0.011211 -0.052997 0.025176
v 0.011905 -0.052780 0.027601
v 0.012093 -0.055287 0.025177
v 0.013230 -0.056221 0.027602
v 0.012569 -0.056525 0.025177
v 0.014375 -0.059878 0.025177
v 0.014992 -0.059494 0.027602
v 0.014790 -0.060486 0.025177
v 0.016373 -0.061517 0.027602
v 0.015790 -0.061952 0.025178
v 0.018247 -0.064851 0.025178
v 0.018771 -0.064347 0.027602
v 0.018586 -0.065163 0.025178
v 0.021525 -0.066873 0.027602
v 0.021068 -0.067439 0.025178
v 0.023193 -0.069006 0.025177
v 0.023598 -0.068403 0.027602
v 0.023221 -0.069023 0.025177
v 0.026792 -0.070270 0.027601
v 0.026466 -0.070920 0.025177
v 0.028611 -0.071833 0.025176
v 0.030217 -0.071729 0.027601
v 0.029976 -0.072414 0.025176
v 0.032182 -0.073097 0.025176
v 0.032370 -0.072395 0.027601
v 0.034459 -0.073555 0.025175
v 0.035998 -0.073125 0.027600
v 0.035901 -0.073844 0.025175
v 0.040003 -0.073394 0.027600
v 0.038272 -0.074004 0.025174
v 0.040000 -0.074120 0.025174
v 0.013642 -0.052234 0.029359
v 0.014885 -0.055461 0.029359
v 0.016538 -0.058531 0.029359
v 0.017834 -0.060430 0.029359
v 0.020084 -0.063085 0.029359
v 0.022669 -0.065456 0.029359
v 0.024615 -0.066891 0.029359
v 0.027611 -0.068644 0.029359
v 0.030822 -0.070011 0.029359
v 0.032841 -0.070636 0.029359
v 0.036243 -0.071320 0.029359
v 0.040009 -0.071572 0.029359
v 0.015408 -0.049353 0.030000
v 0.015979 -0.051500 0.030000
v 0.017110 -0.054439 0.030000
v 0.018616 -0.057236 0.030000
v 0.019797 -0.058967 0.030000
v 0.021850 -0.061389 0.030000
v 0.024207 -0.063551 0.030000
v 0.025981 -0.064859 0.030000
v 0.028711 -0.066456 0.030000
v 0.031636 -0.067701 0.030000
v 0.033474 -0.068270 0.030000
v 0.036573 -0.068893 0.030000
v 0.040018 -0.069123 0.030000
v 0.046521 -0.074120 0.025174
v 0.059883 -0.074121 0.025174
v 0.059883 -0.073395 0.027600
v 0.077041 -0.073439 0.027525
v 0.077072 -0.073389 0.027596
v 0.079511 -0.069124 0.030000
v 0.059883 -0.069124 0.030000
v 0.079402 -0.069958 0.029930
v 0.079188 -0.070557 0.029790
v 0.059883 -0.071573 0.029359
v 0.077347 -0.072947 0.028222
v 0.077575 -0.072632 0.028563
v 0.078089 -0.072062 0.029046
v 0.078523 -0.071564 0.029344
v 0.078751 -0.071303 0.029500
v 0.075875 -0.074121 0.025174
v 0.076102 -0.074105 0.025440
v 0.076181 -0.074094 0.025544
v 0.076597 -0.073960 0.026268
v 0.076874 -0.073698 0.027020
v 0.016102 -0.037602 0.030000
v 0.014191 -0.039799 0.030000
v 0.056568 -0.067767 0.030000
v 0.017757 -0.035085 0.030000
v 0.065826 -0.067767 0.030000
v 0.079511 -0.067767 0.030000
v 0.021798 -0.026446 0.030000
v 0.018575 -0.033533 0.030000
v 0.078647 -0.065462 0.029429
v 0.078346 -0.065092 0.029224
v 0.065826 -0.065459 0.029435
v 0.077606 -0.064406 0.028702
v 0.077048 -0.064002 0.028290
v 0.079420 -0.067002 0.029941
v 0.079193 -0.066345 0.029794
v 0.078758 -0.065599 0.029505
v 0.056518 -0.063672 0.027868
v 0.056568 -0.065459 0.029435
v 0.056568 -0.063672 0.027868
v 0.057604 -0.063672 0.027868
v 0.064109 -0.063672 0.027868
v 0.065826 -0.063672 0.027868
v 0.076497 -0.063672 0.027868
v 0.010902 -0.053047 0.016401
v 0.011076 -0.054105 0.011651
v 0.010693 -0.051791 0.020600
v 0.011056 -0.055188 0.000531
v 0.011250 -0.055675 0.000531
v 0.011113 -0.055128 0.002650
v 0.011275 -0.055727 0.000531
v 0.011147 -0.054737 0.007466
v 0.012921 -0.059138 0.000532
v 0.014078 -0.060928 0.000533
v 0.017884 -0.065651 0.000533
v 0.016673 -0.064434 0.000533
v 0.015017 -0.062381 0.000533
v 0.019389 -0.067165 0.000534
v 0.022442 -0.069555 0.000534
v 0.022506 -0.069595 0.000534
v 0.024797 -0.071022 0.000533
v 0.027892 -0.072518 0.000533
v 0.028246 -0.072690 0.000533
v 0.031912 -0.073926 0.000531
v 0.033766 -0.074295 0.000531
v 0.035882 -0.074716 0.000530
v 0.037587 -0.074816 0.000530
v 0.071456 -0.074730 0.007721
v 0.071723 -0.074621 0.010858
v 0.045893 -0.074982 0.000523
v 0.071926 -0.074969 0.000897
v 0.071797 -0.074950 0.001435
v 0.071659 -0.074922 0.002231
v 0.071523 -0.074881 0.003410
v 0.071426 -0.074820 0.005151
v 0.043759 -0.074982 0.000523
v 0.040535 -0.074990 0.000530
v 0.072450 -0.074473 0.015081
v 0.073328 -0.074355 0.018468
v 0.074844 -0.074204 0.022795
v 0.031600 -0.030844 0.021152
v 0.031601 -0.024675 0.021150
v 0.031600 -0.032813 0.021152
v 0.056239 -0.059060 0.021414
v 0.060027 -0.058967 0.021149
v 0.061057 -0.058967 0.021149
v 0.055404 -0.059016 0.021415
v 0.054809 -0.058939 0.021376
v 0.052331 -0.058618 0.021211
v 0.052314 -0.058616 0.021211
v 0.050316 -0.058290 0.021205
v 0.049006 -0.057954 0.021200
v 0.048292 -0.057771 0.021198
v 0.047071 -0.057362 0.021194
v 0.045118 -0.056543 0.021189
v 0.043656 -0.055767 0.021184
v 0.043255 -0.055554 0.021183
v 0.041484 -0.054399 0.021178
v 0.040320 -0.053507 0.021176
v 0.039058 -0.052378 0.021173
v 0.038722 -0.052077 0.021172
v 0.037270 -0.050520 0.021169
v 0.035966 -0.048845 0.021167
v 0.035404 -0.047990 0.021166
v 0.035061 -0.047467 0.021166
v 0.034036 -0.045597 0.021165
v 0.033194 -0.043662 0.021164
v 0.032904 -0.042790 0.021164
v 0.032531 -0.041668 0.021164
v 0.032131 -0.040029 0.021164
v 0.031801 -0.037957 0.021165
v 0.031717 -0.036985 0.021166
v 0.031689 -0.036662 0.021166
v 0.031631 -0.035969 0.021198
v 0.031591 -0.033286 0.021167
v 0.031602 0.000000 0.021149
v 0.031602 -0.020042 0.021149
v 0.072893 -0.059096 0.021333
v 0.074013 -0.060676 0.023590
v 0.063200 -0.058967 0.021149
v 0.067226 -0.058967 0.021149
v 0.072809 -0.058967 0.021149
v 0.019185 -0.021202 0.032547
v 0.018706 -0.022372 0.032635
v 0.019741 -0.022782 0.031237
v 0.026887 -0.000039 0.027883
v 0.026889 -0.000040 0.027880
v 0.026470 -0.001508 0.028439
v 0.026538 -0.001558 0.028341
v 0.025774 -0.003690 0.029161
v 0.025292 -0.006245 0.029555
v 0.025018 -0.006059 0.029945
v 0.024580 -0.007324 0.030305
v 0.026890 -0.000041 0.027878
v 0.026610 -0.001609 0.028245
v 0.025607 -0.006435 0.029198
v 0.025299 -0.007768 0.029412
v 0.023057 -0.011463 0.031281
v 0.023325 -0.012560 0.030682
v 0.024911 -0.007542 0.029834
v 0.024022 -0.012912 0.030041
v 0.021583 -0.017648 0.031159
v 0.022627 -0.018111 0.030351
v 0.020798 -0.017260 0.032250
v 0.021167 -0.023346 0.030319
v 0.022772 -0.012238 0.031463
v 0.020153 -0.025752 0.030330
v 0.018725 -0.025149 0.031275
v 0.017702 -0.024717 0.032712
v 0.016900 -0.032722 0.030359
v 0.015466 -0.032028 0.031384
v 0.014479 -0.031549 0.032929
v 0.004025 -0.043611 0.028236
v 0.003381 -0.043769 0.028040
v 0.002214 -0.044029 0.027667
v 0.002191 -0.044033 0.027660
v 0.006544 -0.042897 0.028925
v 0.008545 -0.042211 0.029363
v 0.008992 -0.042057 0.029461
v 0.012159 -0.040761 0.029907
v 0.009978 -0.041680 0.029633
v 0.005904 -0.045030 0.025998
v 0.005598 -0.045753 0.024712
v 0.007711 -0.046276 0.024741
v 0.005552 -0.046574 0.023128
v 0.007759 -0.046977 0.023474
v 0.009424 -0.047535 0.025215
v 0.009511 -0.048220 0.024207
v 0.005958 -0.044902 0.026227
v 0.007916 -0.045546 0.025978
v 0.009537 -0.046824 0.026207
v 0.063200 -0.055362 0.010376
v 0.071667 -0.055362 0.010376
v 0.071418 -0.055224 0.006421
v 0.071425 -0.055182 0.005218
v 0.055962 -0.055018 0.000519
v 0.071519 -0.055121 0.003455
v 0.071654 -0.055079 0.002262
v 0.071793 -0.055051 0.001455
v 0.071922 -0.055032 0.000911
v 0.072004 -0.055022 0.000637
v 0.072003 -0.055018 0.000523
v 0.055262 -0.055366 0.010574
v 0.055554 -0.055018 0.000519
v 0.054996 -0.055361 0.010602
v 0.053207 -0.054880 0.000520
v 0.055671 -0.055366 0.010564
v 0.055570 -0.055018 0.000519
v 0.035203 -0.032856 0.010387
v 0.035203 -0.033393 0.010388
v 0.035550 -0.034015 0.000528
v 0.035551 -0.035008 0.000522
v 0.035206 -0.035154 0.010420
v 0.035580 -0.036097 0.000523
v 0.035223 -0.035865 0.010442
v 0.035700 -0.037454 0.000523
v 0.035350 -0.037438 0.010419
v 0.035759 -0.037798 0.000523
v 0.035435 -0.037951 0.010411
v 0.036032 -0.039379 0.000523
v 0.035643 -0.039213 0.010391
v 0.036248 -0.040253 0.000523
v 0.035992 -0.040615 0.010373
v 0.036849 -0.042101 0.000523
v 0.036565 -0.042319 0.010357
v 0.036915 -0.042253 0.000523
v 0.036608 -0.042418 0.010357
v 0.037629 -0.043886 0.000524
v 0.037289 -0.043972 0.010347
v 0.038590 -0.045604 0.000524
v 0.038167 -0.045571 0.010343
v 0.039057 -0.046315 0.000523
v 0.038858 -0.046621 0.010344
v 0.039152 -0.046439 0.000523
v 0.038942 -0.046749 0.010344
v 0.040246 -0.047876 0.000523
v 0.040057 -0.048184 0.010350
v 0.041584 -0.049317 0.000523
v 0.041299 -0.049519 0.010362
v 0.042444 -0.050079 0.000523
v 0.042153 -0.050287 0.010373
v 0.043068 -0.050631 0.000523
v 0.042665 -0.050747 0.010379
v 0.043760 -0.051161 0.000523
v 0.043660 -0.051514 0.010395
v 0.045395 -0.052240 0.000523
v 0.045175 -0.052511 0.010422
v 0.046526 -0.052837 0.000522
v 0.046235 -0.053080 0.010445
v 0.047122 -0.053151 0.000522
v 0.046770 -0.053368 0.010457
v 0.048941 -0.053893 0.000522
v 0.048443 -0.054083 0.010499
v 0.049407 -0.054050 0.000521
v 0.049490 -0.054443 0.010528
v 0.051202 -0.054535 0.000521
v 0.050910 -0.054820 0.010572
v 0.051284 -0.054557 0.000521
v 0.051229 -0.054905 0.010582
v 0.052950 -0.055204 0.010642
v 0.035551 -0.032720 0.000526
v 0.035551 -0.031128 0.000523
v 0.035205 -0.027038 0.010382
v 0.035551 -0.026926 0.000523
v 0.035551 -0.021059 0.000523
v 0.035206 -0.021147 0.010377
v 0.035207 -0.020042 0.010376
v 0.035551 -0.019574 0.000523
v 0.035207 -0.015137 0.010376
v 0.035551 -0.015074 0.000523
v 0.035551 -0.008585 0.000523
v 0.035207 -0.008621 0.010376
v 0.035551 0.000000 0.000523
v 0.035207 0.000000 0.010376
v 0.035207 0.003103 0.009901
v 0.035207 0.002811 0.009957
v 0.035569 0.000000 0.000000
v 0.035207 0.000760 0.010348
v 0.035207 0.002811 -0.009957
v 0.035207 0.003103 -0.009901
v 0.035207 0.000000 -0.010376
v 0.035207 0.000760 -0.010348
v 0.035551 0.000000 -0.000523
v 0.035207 0.006707 -0.007849
v 0.035207 0.007181 -0.007489
v 0.035207 0.005282 -0.008931
v 0.035207 0.009365 -0.004315
v 0.035207 0.009762 -0.003515
v 0.035207 0.008702 -0.005651
v 0.035207 0.010307 0.000000
v 0.035207 0.010307 0.001193
v 0.035207 0.010307 -0.001193
v 0.035207 0.009365 0.004315
v 0.035207 0.008702 0.005651
v 0.035207 0.009762 0.003515
v 0.035207 0.006707 0.007849
v 0.035207 0.005282 0.008931
v 0.035207 0.007181 0.007489
v 0.052724 -0.056166 0.016173
v 0.050930 -0.055856 0.016143
v 0.033490 0.000000 0.017812
v 0.071760 -0.055497 0.012094
v 0.063200 -0.056384 0.016024
v 0.071650 -0.056214 0.015492
v 0.071675 -0.055918 0.014409
v 0.072035 -0.057753 0.019182
v 0.071730 -0.056912 0.017425
v 0.071671 -0.056403 0.016017
v 0.034706 0.000000 0.014177
v 0.034098 0.000000 0.015994
v 0.034185 -0.020042 0.016024
v 0.034179 -0.033338 0.016039
v 0.034205 -0.035884 0.016080
v 0.034347 -0.037607 0.016051
v 0.034652 -0.039461 0.016039
v 0.035016 -0.040927 0.016031
v 0.035613 -0.042709 0.016025
v 0.037288 -0.046109 0.016020
v 0.036370 -0.044437 0.016021
v 0.038098 -0.047341 0.016021
v 0.040561 -0.050236 0.016031
v 0.039263 -0.048841 0.016024
v 0.041989 -0.051520 0.016041
v 0.044612 -0.053362 0.016063
v 0.043029 -0.052321 0.016049
v 0.046277 -0.054256 0.016081
v 0.049116 -0.055376 0.016116
v 0.048024 -0.055001 0.016102
v 0.055233 -0.056400 0.016274
v 0.072374 -0.058360 0.020229
v 0.014479 -0.006610 -0.045122
v 0.014479 -0.005648 -0.045190
v 0.024552 -0.007403 -0.030327
v 0.014479 -0.024825 0.038194
v 0.014479 -0.005648 0.045190
v 0.014479 0.000172 0.045603
v 0.014479 0.004623 0.045254
v 0.014479 -0.019587 0.041183
v 0.014479 -0.015606 0.042724
v 0.014479 -0.006610 0.045122
v 0.014479 -0.013246 0.043638
v 0.014479 -0.030832 0.033602
v 0.014479 -0.025493 0.037813
v 0.014479 -0.031549 -0.032929
v 0.014479 -0.030832 -0.033602
v 0.015644 -0.029176 -0.032856
v 0.014479 -0.025493 -0.037813
v 0.018706 -0.022372 -0.032635
v 0.014479 -0.024825 -0.038194
v 0.019185 -0.021202 -0.032547
v 0.020791 -0.017278 -0.032252
v 0.014479 -0.015606 -0.042724
v 0.022755 -0.012284 -0.031472
v 0.023057 -0.011464 -0.031280
v 0.014479 -0.019587 -0.041183
v 0.014479 -0.013246 -0.043638
v 0.026887 -0.000039 -0.027883
v 0.025783 -0.003680 -0.029169
v 0.025470 -0.004709 -0.029533
v 0.026897 0.000000 -0.027868
v 0.014479 0.000172 -0.045603
v 0.014479 0.004623 -0.045254
v 0.031602 0.000000 -0.021149
v 0.031602 0.001549 -0.021092
v 0.031602 0.002137 -0.020980
v 0.014479 0.006951 -0.045071
v 0.031602 0.006324 -0.020181
v 0.014479 0.013575 -0.043536
v 0.031602 0.006787 -0.019975
v 0.014479 0.014654 -0.043109
v 0.014479 0.019897 -0.041034
v 0.031602 0.010766 -0.018204
v 0.014479 0.023927 -0.038694
v 0.031602 0.011096 -0.017954
v 0.014479 0.025777 -0.037619
v 0.031602 0.014638 -0.015265
v 0.014479 0.031084 -0.033368
v 0.031602 0.014843 -0.015016
v 0.014479 0.032005 -0.032373
v 0.014479 0.035700 -0.028376
v 0.031602 0.017737 -0.011519
v 0.014479 0.038430 -0.024359
v 0.031602 0.017839 -0.011313
v 0.031602 0.019899 -0.007164
v 0.014479 0.039523 -0.022752
v 0.014479 0.042466 -0.016623
v 0.031602 0.019930 -0.007030
v 0.014479 0.042922 -0.015139
v 0.031602 0.021009 -0.002431
v 0.014479 0.044466 -0.010124
v 0.031602 0.021009 -0.002385
v 0.014479 0.045217 -0.005128
v 0.014479 0.045477 -0.003400
v 0.031602 0.021009 0.002385
v 0.014479 0.045477 0.003400
v 0.014479 0.045217 0.005128
v 0.031602 0.021009 0.002431
v 0.014479 0.044466 0.010124
v 0.031602 0.019930 0.007030
v 0.014479 0.042922 0.015139
v 0.031602 0.019899 0.007164
v 0.014479 0.042466 0.016623
v 0.031602 0.017839 0.011313
v 0.014479 0.039523 0.022752
v 0.014479 0.038430 0.024359
v 0.031602 0.017737 0.011519
v 0.014479 0.035700 0.028376
v 0.031602 0.014843 0.015016
v 0.014479 0.032005 0.032373
v 0.031602 0.014638 0.015265
v 0.031602 0.006324 0.020181
v 0.014479 0.006951 0.045071
v 0.031602 0.002137 0.020980
v 0.031602 0.001549 0.021092
v 0.014479 0.031084 0.033368
v 0.014479 0.025777 0.037619
v 0.031602 0.011096 0.017954
v 0.014479 0.023927 0.038694
v 0.031602 0.010766 0.018204
v 0.014479 0.019897 0.041034
v 0.031602 0.006787 0.019975
v 0.014479 0.014654 0.043109
v 0.014479 0.013575 0.043536
v 0.034706 0.011890 0.007721
v 0.034706 0.009812 0.010232
v 0.034706 0.013338 -0.004802
v 0.034706 0.014083 -0.001629
v 0.034185 0.000000 -0.016024
v 0.033326 0.000000 -0.017730
v 0.033490 0.001305 -0.017764
v 0.034706 0.001038 0.014139
v 0.034525 0.000000 -0.014144
v 0.034706 0.001038 -0.014139
v 0.033490 0.005327 -0.016997
v 0.033490 0.009067 -0.015332
v 0.033490 0.012329 -0.012856
v 0.033490 0.014939 -0.009701
v 0.033490 0.016759 -0.006034
v 0.033490 0.017694 0.002047
v 0.033490 0.017694 -0.002047
v 0.033490 0.016759 0.006034
v 0.033490 0.014939 0.009701
v 0.033490 0.012329 0.012856
v 0.033490 0.009067 0.015332
v 0.033490 0.005327 0.016997
v 0.033490 0.001305 0.017764
v 0.034706 0.011890 -0.007721
v 0.034706 0.009812 -0.010232
v 0.034706 0.013338 0.004802
v 0.034706 0.014083 0.001629
v 0.034706 0.004239 0.013528
v 0.034706 0.007216 0.012202
v 0.034706 0.004239 -0.013528
v 0.034706 0.007216 -0.012202
v 0.016186 -0.034188 0.030339
v 0.014827 -0.033412 0.031311
v 0.014723 -0.036559 0.030308
v 0.013514 -0.035645 0.031196
v 0.012065 -0.035684 0.032477
v 0.012624 -0.034972 0.032552
v 0.013866 -0.032863 0.032783
v 0.013020 -0.038626 0.030283
v 0.012500 -0.038106 0.030692
v 0.011980 -0.037586 0.031100
v 0.011191 -0.036796 0.032358
v 0.002211 -0.044027 0.027670
v 0.002208 -0.044025 0.027673
v 0.003232 -0.043658 0.028195
v 0.003083 -0.043556 0.028357
v 0.003795 -0.043432 0.028469
v 0.003567 -0.043274 0.028719
v 0.005991 -0.042403 0.029415
v 0.008108 -0.041198 0.030114
v 0.008952 -0.040661 0.030323
v 0.007292 -0.040581 0.031064
v 0.005753 -0.041789 0.030184
v 0.005456 -0.042023 0.030014
v 0.009667 -0.038394 0.032036
v 0.009108 -0.038923 0.031825
v 0.010797 -0.039377 0.030613
v 0.008747 -0.039264 0.031689
v 0.008031 -0.039940 0.031419
v 0.009984 -0.053515 0.000545
v 0.008344 -0.052392 0.000586
v 0.010040 -0.053456 0.002587
v 0.006398 -0.051996 0.000645
v 0.008400 -0.052332 0.002562
v 0.010080 -0.053055 0.007225
v 0.010022 -0.052404 0.011251
v 0.009874 -0.051309 0.015813
v 0.008431 -0.051926 0.007051
v 0.008358 -0.051261 0.010947
v 0.008185 -0.050142 0.015361
v 0.006067 -0.049427 0.016059
v 0.006132 -0.049752 0.015124
v 0.006361 -0.050868 0.010790
v 0.006466 -0.051530 0.006972
v 0.006461 -0.051673 0.005432
v 0.006453 -0.051936 0.002579
v 0.005865 -0.048423 0.018953
v 0.007983 -0.048814 0.019250
v 0.009701 -0.050013 0.019836
v 0.081318 -0.074639 0.029122
v 0.079763 -0.073448 0.028524
v 0.079430 -0.073602 0.028185
v 0.081547 -0.074577 0.029470
v 0.081826 -0.074545 0.029801
v 0.081134 -0.073826 0.029303
v 0.081024 -0.074718 0.028675
v 0.078873 -0.073887 0.027465
v 0.078524 -0.074059 0.026911
v 0.078014 -0.074245 0.026029
v 0.077460 -0.074333 0.025101
v 0.077371 -0.074337 0.024961
v 0.077129 -0.074345 0.024600
v 0.077070 -0.074317 0.024626
v 0.080332 -0.073247 0.029078
v 0.079716 -0.072802 0.028905
v 0.081682 -0.069124 0.030560
v 0.081004 -0.069124 0.030228
v 0.080905 -0.070188 0.030129
v 0.081703 -0.072634 0.030055
v 0.082266 -0.070475 0.030774
v 0.082361 -0.069124 0.030892
v 0.082080 -0.071441 0.030539
v 0.080313 -0.071879 0.029529
v 0.080710 -0.070947 0.029933
v 0.081004 -0.067767 0.030228
v 0.081682 -0.067767 0.030560
v 0.082361 -0.067767 0.030892
v 0.078297 -0.062776 0.027342
v 0.079787 -0.061327 0.027403
v 0.078786 -0.063133 0.027893
v 0.080250 -0.061809 0.028076
v 0.079283 -0.063591 0.028441
v 0.079947 -0.064405 0.029149
v 0.080320 -0.065025 0.029536
v 0.080714 -0.065958 0.029938
v 0.080921 -0.066790 0.030145
v 0.080723 -0.062415 0.028741
v 0.081354 -0.063475 0.029597
v 0.081709 -0.064274 0.030063
v 0.082084 -0.065468 0.030544
v 0.082281 -0.066527 0.030792
v 0.077517 -0.058366 0.023371
v 0.076500 -0.056805 0.021246
v 0.075944 -0.059821 0.023177
v 0.074887 -0.058263 0.020980
v 0.077411 -0.055001 0.022059
v 0.077340 -0.055007 0.021907
v 0.076399 -0.056762 0.021096
v 0.074788 -0.058172 0.020825
v 0.073160 -0.055126 0.010217
v 0.072905 -0.055166 0.010244
v 0.073245 -0.055274 0.012133
v 0.073696 -0.055138 0.012134
v 0.073719 -0.055507 0.014570
v 0.074406 -0.055155 0.014671
v 0.074483 -0.055157 0.014948
v 0.073987 -0.055662 0.015671
v 0.074814 -0.055146 0.015813
v 0.074587 -0.055999 0.017580
v 0.075592 -0.055123 0.017850
v 0.075939 -0.055112 0.018758
v 0.075310 -0.056353 0.019260
v 0.076366 -0.055080 0.019718
v 0.075845 -0.056573 0.020240
v 0.076873 -0.055042 0.020857
v 0.074259 -0.057755 0.020008
v 0.073787 -0.057313 0.019057
v 0.073228 -0.056656 0.017413
v 0.072854 -0.056075 0.015540
v 0.072720 -0.055818 0.014465
v 0.072511 -0.055441 0.012106
v 0.072285 -0.055264 0.010310
v 0.072019 -0.055029 0.000924
v 0.072570 -0.055108 0.006881
v 0.072522 -0.055103 0.006409
v 0.072402 -0.055090 0.005230
v 0.072226 -0.055072 0.003496
v 0.072107 -0.055059 0.002320
v 0.072078 -0.055056 0.002036
v 0.072049 -0.055043 0.001494
v 0.041584 -0.049317 -0.000523
v 0.040246 -0.047876 -0.000523
v 0.035700 -0.037454 -0.000523
v 0.035580 -0.036097 -0.000523
v 0.055570 -0.055018 -0.000519
v 0.072000 -0.055009 0.000000
v 0.055962 -0.055018 -0.000519
v 0.072003 -0.055018 -0.000523
v 0.035551 -0.008585 -0.000523
v 0.035551 -0.019574 -0.000523
v 0.035551 -0.015074 -0.000523
v 0.035551 -0.021059 -0.000523
v 0.035551 -0.026926 -0.000523
v 0.035551 -0.031128 -0.000523
v 0.035551 -0.032720 -0.000526
v 0.035550 -0.034015 -0.000528
v 0.035551 -0.035008 -0.000522
v 0.035759 -0.037798 -0.000523
v 0.036032 -0.039379 -0.000523
v 0.036248 -0.040253 -0.000523
v 0.036849 -0.042101 -0.000523
v 0.036915 -0.042253 -0.000523
v 0.037629 -0.043886 -0.000524
v 0.038590 -0.045604 -0.000524
v 0.039057 -0.046315 -0.000523
v 0.039152 -0.046439 -0.000523
v 0.042444 -0.050079 -0.000523
v 0.043068 -0.050631 -0.000523
v 0.043760 -0.051161 -0.000523
v 0.045395 -0.052240 -0.000523
v 0.046526 -0.052837 -0.000522
v 0.047122 -0.053151 -0.000522
v 0.048941 -0.053893 -0.000522
v 0.049407 -0.054050 -0.000521
v 0.051202 -0.054535 -0.000521
v 0.051284 -0.054557 -0.000521
v 0.053207 -0.054880 -0.000520
v 0.055554 -0.055018 -0.000519
v 0.076009 -0.074381 0.022332
v 0.074414 -0.074496 0.018149
v 0.073453 -0.074588 0.014864
v 0.072197 -0.074787 0.007689
v 0.072593 -0.074702 0.010754
v 0.072038 -0.074857 0.005168
v 0.043759 -0.074982 -0.000523
v 0.031912 -0.073926 -0.000531
v 0.022442 -0.069555 -0.000534
v 0.016673 -0.064434 -0.000533
v 0.011250 -0.055675 -0.000531
v 0.011047 -0.055192 -0.000001
v 0.011056 -0.055188 -0.000531
v 0.045893 -0.074982 -0.000523
v 0.072000 -0.074991 0.000000
v 0.011275 -0.055727 -0.000531
v 0.012921 -0.059138 -0.000532
v 0.014078 -0.060928 -0.000533
v 0.015017 -0.062381 -0.000533
v 0.017884 -0.065651 -0.000533
v 0.019389 -0.067165 -0.000534
v 0.022506 -0.069595 -0.000534
v 0.024797 -0.071022 -0.000533
v 0.027892 -0.072518 -0.000533
v 0.028246 -0.072690 -0.000533
v 0.033766 -0.074295 -0.000531
v 0.035882 -0.074716 -0.000530
v 0.037587 -0.074816 -0.000530
v 0.040535 -0.074990 -0.000530
v -0.002500 -0.051715 0.005435
v 0.005958 -0.044902 -0.026227
v 0.005904 -0.045030 -0.025998
v -0.002500 -0.045033 -0.026000
v 0.005598 -0.045753 -0.024712
v 0.005552 -0.046574 -0.023128
v 0.005865 -0.048423 -0.018953
v -0.002500 -0.049455 -0.016069
v 0.006635 -0.044033 -0.027660
v 0.002191 -0.044033 -0.027660
v 0.002191 -0.040462 -0.032662
v -0.002500 -0.038643 -0.034795
v 0.002191 -0.039164 -0.034208
v 0.002191 -0.038617 -0.034769
v 0.002191 -0.021121 -0.047429
v 0.002191 -0.022334 -0.046959
v -0.002500 -0.021150 -0.047504
v 0.002191 -0.029068 -0.043116
v -0.002500 -0.030565 -0.042069
v 0.002191 -0.030500 -0.041987
v 0.002191 -0.035156 -0.038315
v 0.002191 -0.015104 -0.049758
v -0.002500 -0.010811 -0.050864
v 0.002191 -0.010780 -0.050725
v -0.002500 0.010811 -0.050864
v 0.002191 0.010781 -0.050731
v 0.002191 0.007926 -0.051392
v -0.002500 0.000000 -0.052000
v 0.002191 0.000196 -0.052000
v 0.002191 0.000001 -0.051986
v 0.002191 -0.007537 -0.051451
v 0.002191 0.030510 -0.042001
v 0.002191 0.029393 -0.042896
v -0.002500 0.030565 -0.042069
v 0.002191 0.022688 -0.046789
v -0.002500 0.021150 -0.047504
v 0.002191 0.021114 -0.047412
v 0.002191 0.015479 -0.049643
v 0.002191 0.035444 -0.038049
v -0.002500 0.038643 -0.034795
v 0.002191 0.038541 -0.034700
v -0.002500 0.049455 -0.016069
v 0.002191 0.049323 -0.016028
v 0.002191 0.048422 -0.018954
v -0.002500 0.045033 -0.026000
v 0.002191 0.045066 -0.025943
v 0.002191 0.045029 -0.025997
v 0.002191 0.040708 -0.032356
v 0.002191 0.051623 0.005422
v 0.002191 0.051855 0.003877
v -0.002500 0.051715 0.005435
v 0.002191 0.051855 -0.003877
v -0.002500 0.051715 -0.005435
v 0.002191 0.051623 -0.005422
v 0.002191 0.050702 -0.011544
v 0.002191 0.050702 0.011544
v -0.002500 0.049455 0.016069
v 0.002191 0.049323 0.016028
v -0.002500 0.045033 0.026000
v 0.002191 0.045029 0.025997
v 0.002191 0.045066 0.025943
v 0.002191 0.048422 0.018954
v 0.002191 0.040708 0.032356
v -0.002500 0.038643 0.034795
v 0.002191 0.038541 0.034700
v 0.002191 0.021114 0.047412
v 0.002191 0.022688 0.046789
v -0.002500 0.021150 0.047504
v 0.002191 0.029393 0.042896
v -0.002500 0.030565 0.042069
v 0.002191 0.030510 0.042001
v 0.002191 0.035444 0.038049
v 0.002191 0.015479 0.049643
v -0.002500 0.010811 0.050864
v 0.002191 0.010781 0.050731
v -0.002500 0.000000 0.052000
v 0.002191 0.000001 0.051986
v 0.002191 0.000196 0.052000
v 0.002191 0.007926 0.051392
v 0.002191 -0.007537 0.051451
v -0.002500 -0.010811 0.050864
v 0.002191 -0.010780 0.050725
v 0.002191 -0.030500 0.041987
v 0.002191 -0.029068 0.043116
v -0.002500 -0.030565 0.042069
v 0.002191 -0.022334 0.046959
v -0.002500 -0.021150 0.047504
v 0.002191 -0.021121 0.047429
v 0.002191 -0.015104 0.049758
v 0.002191 -0.035156 0.038315
v -0.002500 -0.038643 0.034795
v 0.002191 -0.038546 0.034703
v -0.002500 -0.045033 0.026000
v 0.002191 -0.040462 0.032662
v -0.002500 -0.049455 0.016069
v 0.006466 -0.051530 -0.006973
v 0.006461 -0.051673 -0.005432
v -0.002500 -0.051715 -0.005435
v 0.006453 -0.051936 -0.002580
v 0.006398 -0.051996 -0.000645
v 0.006386 -0.052000 -0.000002
v 0.006067 -0.049427 -0.016059
v 0.006132 -0.049752 -0.015124
v 0.006361 -0.050868 -0.010791
v 0.008334 -0.052395 -0.000001
v 0.008344 -0.052392 -0.000586
v 0.009974 -0.053518 -0.000001
v 0.009984 -0.053515 -0.000545
v 0.012082 -0.014023 0.046196
v 0.012082 0.007358 0.047714
v 0.012082 0.027289 0.039825
v 0.012082 0.041840 0.024086
v 0.005757 0.051427 -0.003845
v 0.005757 0.051427 0.003845
v 0.009118 0.050165 0.003750
v 0.005757 0.029150 -0.042541
v 0.005757 0.035151 -0.037734
v 0.009118 0.034289 -0.036809
v 0.005757 -0.040128 0.032392
v 0.005757 -0.034865 0.037998
v 0.005757 -0.022150 0.046571
v 0.005757 0.007860 0.050968
v 0.005757 0.015351 0.049232
v 0.005757 0.029150 0.042541
v 0.005757 0.048022 0.018798
v 0.005757 0.050283 -0.011448
v 0.005757 0.044693 -0.025729
v 0.005757 0.015351 -0.049232
v 0.005757 0.007860 -0.050968
v 0.005757 -0.007475 -0.051025
v 0.005757 -0.022150 -0.046571
v 0.005757 -0.028828 -0.042760
v 0.009667 -0.038394 -0.032036
v 0.009108 -0.038923 -0.031825
v 0.009118 -0.034010 -0.037066
v 0.007292 -0.040581 -0.031064
v 0.005753 -0.041789 -0.030184
v 0.005757 -0.040128 -0.032392
v 0.012082 -0.032639 0.035572
v 0.009118 -0.034010 0.037066
v 0.005456 -0.042023 -0.030014
v 0.003567 -0.043274 -0.028719
v 0.003083 -0.043556 -0.028357
v 0.002208 -0.044025 -0.027673
v 0.005757 -0.034865 -0.037998
v 0.008747 -0.039264 -0.031689
v 0.008031 -0.039940 -0.031419
v 0.012082 -0.032639 -0.035572
v 0.013866 -0.032863 -0.032783
v 0.012624 -0.034972 -0.032552
v 0.012065 -0.035684 -0.032477
v 0.011191 -0.036796 -0.032358
v 0.005757 0.040371 -0.032088
v 0.005757 0.048022 -0.018798
v 0.005757 0.044693 0.025729
v 0.005757 0.040371 0.032088
v 0.005757 0.035151 0.037734
v 0.005757 0.022501 0.046403
v 0.005757 0.000195 0.051570
v 0.005757 -0.007475 0.051025
v 0.005757 -0.014979 0.049347
v 0.005757 -0.028828 0.042760
v 0.012082 0.037794 -0.030039
v 0.009118 0.039381 -0.031301
v 0.012082 0.047073 0.010717
v 0.009118 0.049050 0.011167
v 0.005757 0.050283 0.011448
v 0.012082 -0.014023 -0.046196
v 0.012082 -0.020735 -0.043598
v 0.009118 -0.021606 -0.045429
v 0.012082 -0.006998 -0.047768
v 0.009118 -0.014611 -0.048136
v 0.005757 -0.014979 -0.049347
v 0.009118 -0.007292 -0.049774
v 0.009118 0.000190 -0.050305
v 0.012082 0.000182 -0.048277
v 0.012082 0.007358 -0.047714
v 0.005757 0.000195 -0.051570
v 0.009118 0.007667 -0.049717
v 0.012082 0.014371 -0.046089
v 0.009118 0.014975 -0.048025
v 0.009118 0.021949 -0.045264
v 0.012082 0.021064 -0.043440
v 0.012082 0.027289 -0.039825
v 0.005757 0.022501 -0.046403
v 0.009118 0.028435 -0.041498
v 0.012082 0.032907 -0.035325
v 0.012082 0.048143 -0.003599
v 0.012082 0.047073 -0.010717
v 0.009118 0.049050 -0.011167
v 0.012082 0.048143 0.003599
v 0.009118 0.050165 -0.003750
v 0.009118 -0.028121 -0.041711
v 0.012082 -0.026987 -0.040030
v 0.012082 0.041840 -0.024086
v 0.009118 0.043597 -0.025098
v 0.009118 0.046844 -0.018336
v 0.012082 0.044956 -0.017597
v 0.012082 0.044956 0.017597
v 0.009118 0.046844 0.018336
v 0.009118 0.043597 0.025098
v 0.009118 0.039381 0.031301
v 0.012082 0.037794 0.030039
v 0.012082 0.032907 0.035325
v 0.009118 0.034289 0.036809
v 0.009118 0.028435 0.041498
v 0.009118 0.021949 0.045264
v 0.012082 0.021064 0.043440
v 0.012082 0.014371 0.046089
v 0.009118 0.014975 0.048025
v 0.009118 0.007667 0.049717
v 0.009118 0.000190 0.050305
v 0.012082 0.000182 0.048277
v 0.012082 -0.006998 0.047768
v 0.009118 -0.007292 0.049774
v 0.009118 -0.014611 0.048136
v 0.009118 -0.021606 0.045429
v 0.012082 -0.020735 0.043598
v 0.012082 -0.026987 0.040030
v 0.009118 -0.028121 0.041711
v 0.075875 -0.074121 -0.025174
v 0.074121 -0.074270 -0.020891
v 0.059883 -0.074121 -0.025174
v 0.072948 -0.074402 -0.017125
v 0.046522 -0.074120 -0.025174
v 0.072010 -0.074552 -0.012821
v 0.071605 -0.074658 -0.009781
v 0.071420 -0.074771 -0.006547
v 0.071457 -0.074848 -0.004356
v 0.071576 -0.074900 -0.002871
v 0.071716 -0.074935 -0.001867
v 0.071974 -0.074974 -0.000732
v 0.071852 -0.074958 -0.001189
v 0.012093 -0.055287 -0.025177
v 0.012570 -0.056526 -0.025177
v 0.014376 -0.059879 -0.025177
v 0.014790 -0.060486 -0.025177
v 0.015791 -0.061953 -0.025178
v 0.018248 -0.064852 -0.025178
v 0.018586 -0.065163 -0.025178
v 0.021069 -0.067440 -0.025178
v 0.023193 -0.069006 -0.025177
v 0.023221 -0.069023 -0.025177
v 0.026466 -0.070920 -0.025177
v 0.028611 -0.071833 -0.025176
v 0.029976 -0.072415 -0.025176
v 0.032182 -0.073097 -0.025176
v 0.034459 -0.073555 -0.025175
v 0.035901 -0.073844 -0.025175
v 0.038272 -0.074004 -0.025174
v 0.040000 -0.074120 -0.025174
v 0.011113 -0.055128 -0.002651
v 0.011147 -0.054737 -0.007467
v 0.011076 -0.054105 -0.011652
v 0.010902 -0.053047 -0.016402
v 0.010693 -0.051791 -0.020600
v 0.010447 -0.050047 -0.025176
v 0.010527 -0.050421 -0.025176
v 0.011212 -0.052999 -0.025176
v 0.017757 -0.035085 -0.030000
v 0.014828 -0.039799 -0.030000
v 0.016102 -0.037602 -0.030000
v 0.014191 -0.039799 -0.030000
v 0.019739 -0.031080 -0.030000
v 0.022802 -0.023993 -0.030000
v 0.022806 -0.035164 -0.030000
v 0.024454 -0.045390 -0.030000
v 0.014927 -0.046204 -0.030000
v 0.023510 -0.041861 -0.030000
v 0.014822 -0.043896 -0.030000
v 0.022963 -0.038149 -0.030000
v 0.038708 -0.063119 -0.030000
v 0.041948 -0.064802 -0.030000
v 0.040018 -0.069123 -0.030000
v 0.045390 -0.066116 -0.030000
v 0.047829 -0.066786 -0.030000
v 0.018575 -0.033533 -0.030000
v 0.025788 -0.048781 -0.030000
v 0.015979 -0.051501 -0.030000
v 0.015408 -0.049354 -0.030000
v 0.079511 -0.067767 -0.030000
v 0.079511 -0.069124 -0.030000
v 0.065107 -0.067767 -0.030000
v 0.059883 -0.069124 -0.030000
v 0.055405 -0.067752 -0.030000
v 0.051545 -0.067451 -0.030000
v 0.034588 -0.060218 -0.030000
v 0.025981 -0.064860 -0.030000
v 0.031880 -0.057704 -0.030000
v 0.024208 -0.063551 -0.030000
v 0.029491 -0.054923 -0.030000
v 0.021850 -0.061390 -0.030000
v 0.019798 -0.058968 -0.030000
v 0.027513 -0.052027 -0.030000
v 0.018617 -0.057237 -0.030000
v 0.017110 -0.054440 -0.030000
v 0.036573 -0.068893 -0.030000
v 0.033474 -0.068270 -0.030000
v 0.035675 -0.061078 -0.030000
v 0.031637 -0.067702 -0.030000
v 0.028712 -0.066456 -0.030000
v 0.055671 -0.055366 -0.010564
v 0.038942 -0.046750 -0.010344
v 0.038858 -0.046621 -0.010344
v 0.055262 -0.055366 -0.010574
v 0.054996 -0.055361 -0.010602
v 0.052950 -0.055204 -0.010642
v 0.051229 -0.054905 -0.010582
v 0.050910 -0.054820 -0.010572
v 0.049490 -0.054443 -0.010528
v 0.048443 -0.054083 -0.010499
v 0.046770 -0.053368 -0.010457
v 0.046235 -0.053080 -0.010445
v 0.045175 -0.052511 -0.010422
v 0.043660 -0.051515 -0.010395
v 0.042665 -0.050747 -0.010379
v 0.042153 -0.050287 -0.010373
v 0.041299 -0.049519 -0.010362
v 0.040057 -0.048184 -0.010350
v 0.038168 -0.045571 -0.010343
v 0.037289 -0.043973 -0.010347
v 0.036608 -0.042418 -0.010357
v 0.036565 -0.042320 -0.010357
v 0.035992 -0.040615 -0.010373
v 0.035643 -0.039213 -0.010391
v 0.035435 -0.037951 -0.010411
v 0.035350 -0.037438 -0.010419
v 0.035223 -0.035865 -0.010442
v 0.035206 -0.035154 -0.010420
v 0.035203 -0.033394 -0.010388
v 0.035203 -0.032857 -0.010387
v 0.035205 -0.027038 -0.010382
v 0.035206 -0.021147 -0.010377
v 0.035207 -0.020043 -0.010376
v 0.035207 -0.015137 -0.010376
v 0.035207 -0.008621 -0.010376
v 0.072004 -0.055022 -0.000637
v 0.071925 -0.055031 -0.000899
v 0.071797 -0.055050 -0.001436
v 0.071658 -0.055078 -0.002234
v 0.071522 -0.055119 -0.003414
v 0.071426 -0.055180 -0.005157
v 0.071456 -0.055270 -0.007730
v 0.063200 -0.055362 -0.010376
v 0.071667 -0.055362 -0.010376
v 0.031600 -0.030844 -0.021152
v 0.026897 -0.032522 -0.027868
v 0.026897 -0.026017 -0.027868
v 0.050316 -0.058290 -0.021205
v 0.052314 -0.058616 -0.021211
v 0.051157 -0.063302 -0.027973
v 0.056518 -0.063672 -0.027868
v 0.055519 -0.063683 -0.027904
v 0.055404 -0.059016 -0.021415
v 0.052055 -0.063465 -0.027975
v 0.054809 -0.058939 -0.021376
v 0.052331 -0.058618 -0.021211
v 0.039790 -0.058953 -0.027908
v 0.043656 -0.055767 -0.021184
v 0.040783 -0.059625 -0.027913
v 0.045119 -0.056543 -0.021189
v 0.047072 -0.057362 -0.021194
v 0.045183 -0.061715 -0.027939
v 0.043609 -0.061106 -0.027929
v 0.048743 -0.062865 -0.027965
v 0.046611 -0.062268 -0.027949
v 0.049006 -0.057954 -0.021200
v 0.048292 -0.057771 -0.021198
v 0.035967 -0.048845 -0.021167
v 0.037270 -0.050521 -0.021169
v 0.032735 -0.052439 -0.027883
v 0.034821 -0.054874 -0.027888
v 0.038723 -0.052077 -0.021172
v 0.035120 -0.055153 -0.027889
v 0.039058 -0.052378 -0.021173
v 0.037187 -0.057078 -0.027897
v 0.040321 -0.053508 -0.021176
v 0.038135 -0.057833 -0.027901
v 0.041485 -0.054399 -0.021178
v 0.043255 -0.055554 -0.021183
v 0.035404 -0.047990 -0.021166
v 0.031369 -0.050438 -0.027881
v 0.035061 -0.047467 -0.021166
v 0.031007 -0.049908 -0.027880
v 0.034036 -0.045597 -0.021165
v 0.029501 -0.047072 -0.027880
v 0.033194 -0.043663 -0.021164
v 0.028678 -0.044985 -0.027882
v 0.032904 -0.042790 -0.021164
v 0.032532 -0.041669 -0.021164
v 0.028334 -0.044112 -0.027883
v 0.032131 -0.040030 -0.021164
v 0.027507 -0.041032 -0.027888
v 0.031801 -0.037957 -0.021165
v 0.027197 -0.038956 -0.027894
v 0.031717 -0.036985 -0.021166
v 0.031600 -0.032813 -0.021152
v 0.031591 -0.033286 -0.021167
v 0.026897 -0.034598 -0.027868
v 0.031631 -0.035970 -0.021198
v 0.031689 -0.036662 -0.021166
v 0.027021 -0.037776 -0.027897
v 0.026895 -0.035107 -0.027877
v 0.026897 -0.017582 -0.027868
v 0.031602 -0.020043 -0.021149
v 0.031601 -0.024675 -0.021150
v 0.056239 -0.059060 -0.021414
v 0.060027 -0.058967 -0.021149
v 0.057604 -0.063672 -0.027868
v 0.061057 -0.058967 -0.021149
v 0.064109 -0.063672 -0.027868
v 0.063200 -0.058967 -0.021149
v 0.067226 -0.058967 -0.021149
v 0.072809 -0.058967 -0.021149
v 0.072893 -0.059096 -0.021333
v 0.065107 -0.063672 -0.027868
v 0.075173 -0.062150 -0.025695
v 0.076497 -0.063672 -0.027868
v 0.034179 -0.033339 -0.016039
v 0.072185 -0.058042 -0.019699
v 0.072032 -0.057746 -0.019169
v 0.071726 -0.056894 -0.017383
v 0.063200 -0.056384 -0.016024
v 0.071673 -0.056405 -0.016016
v 0.071759 -0.055507 -0.012181
v 0.071671 -0.055941 -0.014504
v 0.071650 -0.056193 -0.015423
v 0.071676 -0.055365 -0.010444
v 0.034185 -0.020043 -0.016024
v 0.034205 -0.035884 -0.016080
v 0.034347 -0.037608 -0.016051
v 0.034652 -0.039462 -0.016039
v 0.035016 -0.040927 -0.016031
v 0.035613 -0.042709 -0.016025
v 0.036370 -0.044437 -0.016021
v 0.037288 -0.046109 -0.016020
v 0.038098 -0.047341 -0.016021
v 0.040562 -0.050236 -0.016031
v 0.039264 -0.048841 -0.016024
v 0.041990 -0.051520 -0.016041
v 0.044612 -0.053362 -0.016063
v 0.043029 -0.052322 -0.016049
v 0.046277 -0.054256 -0.016081
v 0.049116 -0.055376 -0.016116
v 0.048024 -0.055001 -0.016102
v 0.050930 -0.055856 -0.016143
v 0.052724 -0.056166 -0.016173
v 0.055233 -0.056400 -0.016274
v 0.076102 -0.074105 -0.025440
v 0.077041 -0.073439 -0.027525
v 0.076611 -0.073871 -0.026569
v 0.059883 -0.073395 -0.027600
v 0.076181 -0.074094 -0.025544
v 0.076874 -0.073698 -0.027020
v 0.076597 -0.073960 -0.026268
v 0.078346 -0.071799 -0.029224
v 0.078089 -0.072062 -0.029046
v 0.059883 -0.071573 -0.029359
v 0.077575 -0.072632 -0.028563
v 0.077347 -0.072947 -0.028222
v 0.077072 -0.073389 -0.027596
v 0.079420 -0.069890 -0.029941
v 0.079193 -0.070546 -0.029794
v 0.078758 -0.071292 -0.029505
v 0.078533 -0.071569 -0.029352
v 0.040003 -0.073394 -0.027600
v 0.040009 -0.071572 -0.029359
v 0.079417 -0.066991 -0.029939
v 0.079139 -0.066232 -0.029758
v 0.077393 -0.064243 -0.028546
v 0.065107 -0.065459 -0.029435
v 0.078144 -0.064883 -0.029084
v 0.078643 -0.065464 -0.029426
v 0.078757 -0.065596 -0.029504
v 0.055469 -0.065464 -0.029445
v 0.035998 -0.073125 -0.027600
v 0.010540 -0.048515 -0.026874
v 0.010811 -0.047791 -0.027598
v 0.011236 -0.050266 -0.027601
v 0.011787 -0.045803 -0.028922
v 0.012394 -0.044616 -0.029353
v 0.012487 -0.046420 -0.029359
v 0.013435 -0.042575 -0.029804
v 0.013284 -0.042873 -0.029759
v 0.012747 -0.043925 -0.029527
v 0.014393 -0.040670 -0.029981
v 0.014821 -0.039814 -0.030000
v 0.012468 -0.044471 -0.029406
v 0.010834 -0.047729 -0.027660
v 0.013016 -0.049877 -0.029359
v 0.011235 -0.046906 -0.028316
v 0.011430 -0.046517 -0.028530
v 0.010411 -0.049289 -0.026044
v 0.011905 -0.052781 -0.027601
v 0.014993 -0.059495 -0.027602
v 0.013230 -0.056222 -0.027602
v 0.018772 -0.064348 -0.027602
v 0.016374 -0.061518 -0.027602
v 0.023599 -0.068403 -0.027602
v 0.021526 -0.066874 -0.027602
v 0.026793 -0.070271 -0.027601
v 0.013643 -0.052235 -0.029359
v 0.014885 -0.055462 -0.029359
v 0.016539 -0.058532 -0.029359
v 0.017834 -0.060430 -0.029359
v 0.020085 -0.063086 -0.029359
v 0.022670 -0.065457 -0.029359
v 0.024615 -0.066892 -0.029359
v 0.027611 -0.068644 -0.029359
v 0.030823 -0.070011 -0.029359
v 0.032841 -0.070636 -0.029359
v 0.030218 -0.071729 -0.027601
v 0.032370 -0.072395 -0.027601
v 0.036243 -0.071320 -0.029359
v 0.025109 -0.035132 -0.029438
v 0.026892 -0.000043 -0.027875
v 0.025099 -0.011732 -0.029415
v 0.025725 -0.008083 -0.029057
v 0.026184 -0.005161 -0.028682
v 0.023844 -0.018633 -0.029890
v 0.024039 -0.017582 -0.029827
v 0.025110 -0.017582 -0.029435
v 0.024826 -0.013326 -0.029572
v 0.051831 -0.065220 -0.029465
v 0.025246 -0.037939 -0.029443
v 0.025761 -0.041394 -0.029441
v 0.026639 -0.044670 -0.029439
v 0.027879 -0.047818 -0.029438
v 0.029481 -0.050833 -0.029438
v 0.031318 -0.053524 -0.029439
v 0.033536 -0.056111 -0.029441
v 0.036050 -0.058451 -0.029443
v 0.037059 -0.059253 -0.029444
v 0.039874 -0.061155 -0.029448
v 0.046075 -0.063958 -0.029458
v 0.042880 -0.062726 -0.029452
v 0.048341 -0.064589 -0.029462
v 0.014814 -0.039807 -0.030000
v 0.013958 -0.040235 -0.029981
v 0.012159 -0.040761 -0.029907
v 0.002214 -0.044029 -0.027667
v 0.012051 -0.041184 -0.029804
v 0.011749 -0.041334 -0.029759
v 0.009978 -0.041680 -0.029633
v 0.010105 -0.042163 -0.029406
v 0.008992 -0.042057 -0.029461
v 0.010005 -0.042216 -0.029372
v 0.008545 -0.042211 -0.029363
v 0.008692 -0.042901 -0.028922
v 0.006544 -0.042897 -0.028925
v 0.007512 -0.043542 -0.028316
v 0.004025 -0.043611 -0.028236
v 0.003381 -0.043769 -0.028040
v 0.009857 -0.046094 -0.027173
v 0.010278 -0.045523 -0.027857
v 0.014819 -0.039811 -0.030000
v 0.014249 -0.040524 -0.029973
v 0.012987 -0.042101 -0.029720
v 0.012791 -0.042345 -0.029655
v 0.011750 -0.043645 -0.029173
v 0.014817 -0.039809 -0.030000
v 0.014104 -0.040379 -0.029973
v 0.012523 -0.041634 -0.029720
v 0.012275 -0.041829 -0.029655
v 0.010949 -0.042862 -0.029173
v 0.010913 -0.044697 -0.028559
v 0.009851 -0.043701 -0.028559
v 0.008984 -0.044354 -0.027857
v 0.008381 -0.044796 -0.027173
v 0.009537 -0.046824 -0.026207
v 0.007916 -0.045546 -0.025978
v 0.009424 -0.047535 -0.025215
v 0.009511 -0.048220 -0.024207
v 0.007711 -0.046276 -0.024741
v 0.007759 -0.046977 -0.023474
v 0.007983 -0.048814 -0.019250
v 0.010040 -0.053456 -0.002588
v 0.008400 -0.052332 -0.002563
v 0.008431 -0.051926 -0.007052
v 0.008358 -0.051261 -0.010948
v 0.008185 -0.050142 -0.015362
v 0.010080 -0.053055 -0.007226
v 0.010022 -0.052403 -0.011252
v 0.009874 -0.051309 -0.015814
v 0.009701 -0.050013 -0.019836
v 0.024887 -0.007624 -0.029851
v 0.025684 -0.004858 -0.029229
v 0.026889 -0.000040 -0.027880
v 0.026890 -0.000041 -0.027878
v 0.025922 -0.005009 -0.028945
v 0.025280 -0.007852 -0.029425
v 0.024009 -0.012959 -0.030046
v 0.022621 -0.018130 -0.030351
v 0.023309 -0.012606 -0.030688
v 0.021576 -0.017666 -0.031160
v 0.019741 -0.022782 -0.031237
v 0.021167 -0.023346 -0.030319
v 0.018075 -0.030306 -0.030349
v 0.016900 -0.032722 -0.030359
v 0.016643 -0.029640 -0.031347
v 0.015466 -0.032028 -0.031384
v 0.016186 -0.034188 -0.030339
v 0.014827 -0.033412 -0.031311
v 0.014723 -0.036559 -0.030308
v 0.013514 -0.035645 -0.031196
v 0.011980 -0.037586 -0.031100
v 0.012500 -0.038106 -0.030692
v 0.013020 -0.038626 -0.030283
v 0.010797 -0.039377 -0.030613
v 0.008952 -0.040661 -0.030323
v 0.008108 -0.041198 -0.030114
v 0.002211 -0.044027 -0.027670
v 0.003232 -0.043658 -0.028195
v 0.003795 -0.043432 -0.028469
v 0.005991 -0.042403 -0.029415
v 0.074798 -0.055145 -0.015734
v 0.073969 -0.055651 -0.015601
v 0.073741 -0.055520 -0.014668
v 0.077340 -0.055007 -0.021907
v 0.076399 -0.056762 -0.021096
v 0.075563 -0.056462 -0.019746
v 0.076628 -0.055055 -0.020263
v 0.075303 -0.056350 -0.019247
v 0.076379 -0.055072 -0.019689
v 0.074572 -0.055991 -0.017539
v 0.075567 -0.055126 -0.017812
v 0.075370 -0.055139 -0.017358
v 0.073688 -0.055141 -0.012242
v 0.074032 -0.055152 -0.013558
v 0.074455 -0.055148 -0.014758
v 0.073261 -0.055280 -0.012227
v 0.072924 -0.055200 -0.010319
v 0.073180 -0.055126 -0.010294
v 0.072910 -0.055199 -0.010242
v 0.073160 -0.055126 -0.010217
v 0.074788 -0.058172 -0.020825
v 0.074005 -0.057527 -0.019529
v 0.073782 -0.057307 -0.019045
v 0.073217 -0.056642 -0.017373
v 0.072844 -0.056057 -0.015472
v 0.072730 -0.055838 -0.014560
v 0.072519 -0.055451 -0.012197
v 0.072305 -0.055322 -0.010379
v 0.072293 -0.055320 -0.010307
v 0.077411 -0.055001 -0.022059
v 0.076500 -0.056805 -0.021246
v 0.074887 -0.058263 -0.020980
v 0.072018 -0.055030 -0.000918
v 0.072746 -0.055110 -0.007666
v 0.072367 -0.055096 -0.005325
v 0.072355 -0.055094 -0.005182
v 0.072214 -0.055070 -0.003453
v 0.072117 -0.055054 -0.002276
v 0.072052 -0.055043 -0.001480
v 0.072034 -0.055040 -0.001259
v 0.078575 -0.059823 -0.025355
v 0.079787 -0.061327 -0.027403
v 0.077042 -0.061275 -0.025226
v 0.078297 -0.062776 -0.027342
v 0.081682 -0.067767 -0.030560
v 0.081004 -0.067767 -0.030228
v 0.080918 -0.066776 -0.030143
v 0.082279 -0.066509 -0.030789
v 0.082361 -0.067767 -0.030892
v 0.080666 -0.065815 -0.029889
v 0.080319 -0.065022 -0.029535
v 0.079766 -0.064153 -0.028958
v 0.079093 -0.063403 -0.028233
v 0.082038 -0.065286 -0.030486
v 0.081708 -0.064271 -0.030061
v 0.081181 -0.063149 -0.029367
v 0.080541 -0.062168 -0.028489
v 0.081004 -0.069124 -0.030228
v 0.081682 -0.069124 -0.030560
v 0.082361 -0.069124 -0.030892
v 0.080356 -0.073264 -0.029085
v 0.079716 -0.072802 -0.028905
v 0.079947 -0.072487 -0.029149
v 0.081826 -0.074545 -0.029801
v 0.081134 -0.073826 -0.029303
v 0.081354 -0.073416 -0.029597
v 0.080320 -0.071866 -0.029536
v 0.080714 -0.070933 -0.029938
v 0.080921 -0.070101 -0.030145
v 0.081709 -0.072617 -0.030063
v 0.082084 -0.071424 -0.030544
v 0.082281 -0.070365 -0.030792
v 0.079787 -0.073462 -0.028529
v 0.077069 -0.074328 -0.024628
v 0.081367 -0.074688 -0.029150
v 0.077386 -0.074342 -0.024956
v 0.077475 -0.074338 -0.025096
v 0.078030 -0.074251 -0.026027
v 0.078542 -0.074066 -0.026912
v 0.078894 -0.073896 -0.027467
v 0.079453 -0.073614 -0.028188
v 0.080898 -0.074834 -0.028486
v 0.081062 -0.074783 -0.028717
v 0.077147 -0.074342 -0.024592
v 0.072037 -0.074919 -0.002923
v 0.072021 -0.074879 -0.004386
v 0.072433 -0.074731 -0.009703
v 0.072105 -0.074819 -0.006539
v 0.072946 -0.074649 -0.012667
v 0.074004 -0.074533 -0.016847
v 0.075255 -0.074431 -0.020493
v 0.077340 -0.054998 -0.021907
v 0.077340 -0.055002 -0.021907
v 0.075461 -0.054941 -0.017332
v 0.073337 -0.055022 -0.010183
v 0.073458 -0.054853 -0.010160
v 0.074252 -0.054888 -0.013506
v 0.074165 -0.055040 -0.013526
v 0.075426 -0.055046 -0.017341
v 0.072276 -0.054967 -0.001255
v 0.072254 -0.054955 -0.000636
v 0.072451 -0.054785 -0.001256
v 0.072437 -0.054772 -0.000640
v 0.072573 -0.055003 -0.005305
v 0.072718 -0.054827 -0.005292
v 0.072191 -0.054968 -0.000523
v 0.072253 -0.054951 -0.000523
v 0.072344 -0.054860 -0.000526
v 0.072452 -0.054706 -0.000530
v 0.072436 -0.054768 -0.000528
v 0.072191 -0.054971 0.000000
v 0.072000 -0.055009 0.000000
v 0.072465 -0.054710 0.000530
v 0.072462 -0.054700 0.000000
v 0.072429 -0.054764 0.000528
v 0.072354 -0.054863 0.000000
v 0.072194 -0.054980 0.000523
v 0.072248 -0.054944 0.000524
v 0.072356 -0.054872 0.000525
v 0.072500 -0.054509 0.000000
v 0.072254 -0.054955 0.000636
v 0.072437 -0.054772 0.000640
v 0.072479 -0.054797 0.002026
v 0.072311 -0.054977 0.002029
v 0.072767 -0.055010 0.006856
v 0.072903 -0.054837 0.006840
v 0.073458 -0.054853 0.010160
v 0.073337 -0.055022 0.010183
v 0.074656 -0.054908 0.014903
v 0.077340 -0.055002 0.021907
v 0.075970 -0.055038 0.018749
v 0.075989 -0.054959 0.018744
v 0.077340 -0.054998 0.021907
v 0.074588 -0.055046 0.014919
v 0.082412 -0.075000 -0.029720
v 0.158444 -0.075000 0.038731
v 0.082789 -0.075000 -0.030206
v 0.088652 -0.075000 -0.036975
v 0.165858 -0.075000 0.030689
v 0.088652 -0.075000 0.036975
v 0.082789 -0.075000 0.030206
v 0.082201 -0.075000 0.029472
v 0.149499 -0.075000 0.045026
v 0.107115 -0.075000 0.048477
v 0.097269 -0.075000 0.043712
v 0.139426 -0.075000 0.049290
v 0.128679 -0.075000 0.051330
v 0.117745 -0.075000 0.051055
v 0.097269 -0.075000 -0.043712
v 0.149499 -0.075000 -0.045026
v 0.158444 -0.075000 -0.038731
v 0.165858 -0.075000 -0.030689
v 0.171406 -0.075000 -0.021262
v 0.174838 -0.075000 -0.010876
v 0.176000 -0.075000 0.000000
v 0.174838 -0.075000 0.010876
v 0.171406 -0.075000 0.021262
v 0.107115 -0.075000 -0.048477
v 0.117745 -0.075000 -0.051055
v 0.139426 -0.075000 -0.049290
v 0.128679 -0.075000 -0.051330
v 0.162772 -0.053500 -0.034460
v 0.154771 -0.053500 -0.041664
v 0.145447 -0.053500 -0.047048
v 0.135207 -0.053500 -0.050375
v 0.124500 -0.053500 -0.051500
v 0.113793 -0.053500 -0.050375
v 0.103553 -0.053500 -0.047048
v 0.094229 -0.053500 -0.041664
v 0.086228 -0.053500 -0.034460
v 0.079900 -0.053500 -0.025750
v 0.075521 -0.053500 -0.015914
v 0.073282 -0.053500 -0.005383
v 0.073282 -0.053500 0.005383
v 0.075521 -0.053500 0.015914
v 0.079900 -0.053500 0.025750
v 0.086228 -0.053500 0.034460
v 0.094229 -0.053500 0.041664
v 0.103553 -0.053500 0.047048
v 0.113793 -0.053500 0.050375
v 0.124500 -0.053500 0.051500
v 0.135207 -0.053500 0.050375
v 0.145447 -0.053500 0.047048
v 0.154771 -0.053500 0.041664
v 0.162772 -0.053500 0.034460
v 0.169100 -0.053500 0.025750
v 0.173479 -0.053500 0.015914
v 0.175718 -0.053500 0.005383
v 0.175718 -0.053500 -0.005383
v 0.173479 -0.053500 -0.015914
v 0.169100 -0.053500 -0.025750
v -0.002500 0.000000 0.052000
v -0.005500 0.005190 -0.047719
v -0.005500 0.000000 -0.048000
v -0.005500 0.000000 -0.047500
v -0.005500 -0.005190 -0.047719
v -0.005500 -0.010211 -0.046389
v -0.005500 -0.015326 -0.045487
v -0.005500 -0.019945 -0.043110
v -0.005500 -0.024747 -0.041129
v -0.005500 -0.028746 -0.037814
v -0.005500 -0.033010 -0.034848
v -0.005500 -0.036203 -0.030751
v -0.005500 -0.039729 -0.026937
v -0.005500 -0.041967 -0.022249
v -0.005500 -0.044591 -0.017767
v -0.005500 -0.045769 -0.012708
v -0.005500 -0.047368 -0.007766
v -0.005500 -0.047430 -0.002572
v -0.005500 -0.047930 0.002599
v -0.005500 -0.046874 0.007685
v -0.005500 -0.046250 0.012841
v -0.005500 -0.044126 0.017582
v -0.005500 -0.042409 0.022484
v -0.005500 -0.039315 0.026656
v -0.005500 -0.036584 0.031075
v -0.005500 -0.032666 0.034485
v -0.005500 -0.029048 0.038212
v -0.005500 -0.024489 0.040701
v -0.005500 -0.020155 0.043564
v -0.005500 -0.015167 0.045013
v -0.005500 -0.010319 0.046878
v -0.005500 -0.005136 0.047222
v -0.005500 0.000000 0.048000
v -0.005500 0.005136 0.047222
v -0.005500 0.010319 0.046878
v -0.005500 0.015167 0.045013
v -0.005500 0.020155 0.043564
v -0.005500 0.024489 0.040701
v -0.005500 0.029048 0.038212
v -0.005500 0.032666 0.034485
v -0.005500 0.036584 0.031075
v -0.005500 0.039315 0.026656
v -0.005500 0.042409 0.022484
v -0.005500 0.044126 0.017582
v -0.005500 0.046250 0.012841
v -0.005500 0.046874 0.007685
v -0.005500 0.047930 0.002599
v -0.005500 0.047430 -0.002572
v -0.005500 0.047368 -0.007766
v -0.005500 0.045769 -0.012708
v -0.005500 0.044591 -0.017767
v -0.005500 0.041967 -0.022249
v -0.005500 0.039729 -0.026937
v -0.005500 0.036203 -0.030751
v -0.005500 0.033010 -0.034848
v -0.005500 0.028746 -0.037814
v -0.005500 0.024747 -0.041129
v -0.005500 0.019945 -0.043110
v -0.005500 0.015326 -0.045487
v -0.005500 0.010211 -0.046389
v -0.003794 0.005190 0.047719
v -0.003794 0.010319 0.046878
v -0.003794 0.015326 0.045487
v -0.003794 0.020155 0.043564
v -0.003794 0.024747 0.041129
v -0.003794 0.029048 0.038212
v -0.003794 0.033010 0.034848
v -0.003794 0.036584 0.031075
v -0.003794 0.039729 0.026937
v -0.003794 0.042409 0.022484
v -0.003794 0.044591 0.017767
v -0.003794 0.046250 0.012841
v -0.003794 0.047368 0.007766
v -0.003794 0.047930 0.002599
v -0.003794 0.047930 -0.002599
v -0.003794 0.047368 -0.007766
v -0.003794 0.046250 -0.012841
v -0.003794 0.044591 -0.017767
v -0.003794 0.042409 -0.022484
v -0.003794 0.039729 -0.026937
v -0.003794 0.036584 -0.031075
v -0.003794 0.033010 -0.034848
v -0.003794 0.029048 -0.038212
v -0.003794 0.024747 -0.041129
v -0.003794 0.020155 -0.043564
v -0.003794 0.015326 -0.045487
v -0.003794 0.010319 -0.046878
v -0.003794 0.005190 -0.047719
v -0.003794 0.000000 -0.048000
v -0.003794 -0.005190 -0.047719
v -0.003794 -0.010319 -0.046878
v -0.003794 -0.015326 -0.045487
v -0.003794 -0.020155 -0.043564
v -0.003794 -0.024747 -0.041129
v -0.003794 -0.029048 -0.038212
v -0.003794 -0.033010 -0.034848
v -0.003794 -0.036584 -0.031075
v -0.003794 -0.039729 -0.026937
v -0.003794 -0.042409 -0.022484
v -0.003794 -0.044591 -0.017767
v -0.003794 -0.046250 -0.012841
v -0.003794 -0.047368 -0.007766
v -0.003794 -0.047930 -0.002599
v -0.003794 -0.047930 0.002599
v -0.003794 -0.047368 0.007766
v -0.003794 -0.046250 0.012841
v -0.003794 -0.044591 0.017767
v -0.003794 -0.042409 0.022484
v -0.003794 -0.039729 0.026937
v -0.003794 -0.036584 0.031075
v -0.003794 -0.033010 0.034848
v -0.003794 -0.029048 0.038212
v -0.003794 -0.024747 0.041129
v -0.003794 -0.020155 0.043564
v -0.003794 -0.015326 0.045487
v -0.003794 -0.010319 0.046878
v -0.003794 -0.005190 0.047719
v -0.003794 0.000000 0.048000
v 0.176000 -0.075000 0.000000
v 0.176500 -0.074500 0.000000
v -0.003106 0.005233 -0.048113
v -0.003106 0.000000 -0.048397
v -0.003106 -0.005233 -0.048113
v -0.003106 -0.010404 -0.047265
v -0.003106 -0.015453 -0.045863
v -0.003106 -0.020321 -0.043924
v -0.003106 -0.024951 -0.041469
v -0.003106 -0.029289 -0.038528
v -0.003106 -0.033282 -0.035136
v -0.003106 -0.036886 -0.031331
v -0.003106 -0.040058 -0.027160
v -0.003106 -0.042759 -0.022669
v -0.003106 -0.044960 -0.017914
v -0.003106 -0.046633 -0.012947
v -0.003106 -0.047759 -0.007830
v -0.003106 -0.048326 -0.002620
v -0.003106 -0.048326 0.002620
v -0.003106 -0.047759 0.007830
v -0.003106 -0.046633 0.012947
v -0.003106 -0.044960 0.017914
v -0.003106 -0.042759 0.022669
v -0.003106 -0.040058 0.027160
v -0.003106 -0.036886 0.031331
v -0.003106 -0.033282 0.035136
v -0.003106 -0.029289 0.038528
v -0.003106 -0.024951 0.041469
v -0.003106 -0.020321 0.043924
v -0.003106 -0.015453 0.045863
v -0.003106 -0.010404 0.047265
v -0.003106 -0.005233 0.048113
v -0.003106 0.000000 0.048397
v -0.003106 0.005233 0.048113
v -0.003106 0.010404 0.047265
v -0.003106 0.015453 0.045863
v -0.003106 0.020321 0.043924
v -0.003106 0.024951 0.041469
v -0.003106 0.029289 0.038528
v -0.003106 0.033282 0.035136
v -0.003106 0.036886 0.031331
v -0.003106 0.040058 0.027160
v -0.003106 0.042759 0.022669
v -0.003106 0.044960 0.017914
v -0.003106 0.046633 0.012947
v -0.003106 0.047759 0.007830
v -0.003106 0.048326 0.002620
v -0.003106 0.048326 -0.002620
v -0.003106 0.047759 -0.007830
v -0.003106 0.046633 -0.012947
v -0.003106 0.044960 -0.017914
v -0.003106 0.042759 -0.022669
v -0.003106 0.040058 -0.027160
v -0.003106 0.036886 -0.031331
v -0.003106 0.033282 -0.035136
v -0.003106 0.029289 -0.038528
v -0.003106 0.024951 -0.041469
v -0.003106 0.020321 -0.043924
v -0.003106 0.015453 -0.045863
v -0.003106 0.010404 -0.047265
v -0.003397 0.005201 -0.047824
v -0.003397 0.000000 -0.048106
v -0.003397 -0.005201 -0.047824
v -0.003397 -0.010341 -0.046982
v -0.003397 -0.015360 -0.045588
v -0.003397 -0.020199 -0.043660
v -0.003397 -0.024801 -0.041220
v -0.003397 -0.029113 -0.038297
v -0.003397 -0.033083 -0.034925
v -0.003397 -0.036665 -0.031143
v -0.003397 -0.039817 -0.026997
v -0.003397 -0.042503 -0.022533
v -0.003397 -0.044690 -0.017806
v -0.003397 -0.046353 -0.012870
v -0.003397 -0.047473 -0.007783
v -0.003397 -0.048036 -0.002604
v -0.003397 -0.048036 0.002604
v -0.003397 -0.047473 0.007783
v -0.003397 -0.046353 0.012870
v -0.003397 -0.044690 0.017806
v -0.003397 -0.042503 0.022533
v -0.003397 -0.039817 0.026997
v -0.003397 -0.036665 0.031143
v -0.003397 -0.033083 0.034925
v -0.003397 -0.029113 0.038297
v -0.003397 -0.024801 0.041220
v -0.003397 -0.020199 0.043660
v -0.003397 -0.015360 0.045588
v -0.003397 -0.010341 0.046982
v -0.003397 -0.005201 0.047824
v -0.003397 0.000000 0.048106
v -0.003397 0.005201 0.047824
v -0.003397 0.010341 0.046982
v -0.003397 0.015360 0.045588
v -0.003397 0.020199 0.043660
v -0.003397 0.024801 0.041220
v -0.003397 0.029113 0.038297
v -0.003397 0.033083 0.034925
v -0.003397 0.036665 0.031143
v -0.003397 0.039817 0.026997
v -0.003397 0.042503 0.022533
v -0.003397 0.044690 0.017806
v -0.003397 0.046353 0.012870
v -0.003397 0.047473 0.007783
v -0.003397 0.048036 0.002604
v -0.003397 0.048036 -0.002604
v -0.003397 0.047473 -0.007783
v -0.003397 0.046353 -0.012870
v -0.003397 0.044690 -0.017806
v -0.003397 0.042503 -0.022533
v -0.003397 0.039817 -0.026997
v -0.003397 0.036665 -0.031143
v -0.003397 0.033083 -0.034925
v -0.003397 0.029113 -0.038297
v -0.003397 0.024801 -0.041220
v -0.003397 0.020199 -0.043660
v -0.003397 0.015360 -0.045588
v -0.003397 0.010341 -0.046982
v -0.003794 0.000000 0.048000
v -0.003000 -0.047000 0.000000
v -0.003000 0.000000 -0.047000
v -0.003000 0.000000 0.047000
v 0.105925 -0.075000 -0.046960
v 0.113698 -0.075000 -0.049331
v 0.113703 -0.076388 -0.049308
v 0.102217 -0.076388 -0.045291
v 0.098632 -0.075000 -0.043372
v 0.105934 -0.076388 -0.046937
v 0.109770 -0.076388 -0.048279
v 0.121751 -0.075000 -0.050425
v 0.129875 -0.075000 -0.050213
v 0.129873 -0.076388 -0.050189
v 0.125817 -0.076388 -0.050459
v 0.121753 -0.076388 -0.050401
v 0.117706 -0.076388 -0.050016
v 0.137861 -0.075000 -0.048701
v 0.145500 -0.075000 -0.045927
v 0.145490 -0.076388 -0.045905
v 0.141728 -0.076388 -0.047445
v 0.137854 -0.076388 -0.048677
v 0.133894 -0.076388 -0.049594
v 0.152595 -0.075000 -0.041963
v 0.158963 -0.075000 -0.036913
v 0.158946 -0.076388 -0.036895
v 0.155865 -0.076388 -0.039548
v 0.152581 -0.076388 -0.041943
v 0.149115 -0.076388 -0.044067
v 0.164438 -0.075000 -0.030907
v 0.168878 -0.075000 -0.024100
v 0.168857 -0.076388 -0.024089
v 0.166775 -0.076388 -0.027580
v 0.164418 -0.076388 -0.030892
v 0.161803 -0.076388 -0.034004
v 0.172170 -0.075000 -0.016669
v 0.174226 -0.075000 -0.008807
v 0.174202 -0.076388 -0.008803
v 0.173333 -0.076388 -0.012773
v 0.172147 -0.076388 -0.016661
v 0.170651 -0.076388 -0.020441
v 0.174995 -0.075000 -0.000716
v 0.174456 -0.075000 0.007393
v 0.174432 -0.076388 0.007389
v 0.174865 -0.076388 0.003348
v 0.174971 -0.076388 -0.000716
v 0.174749 -0.076388 -0.004775
v 0.172623 -0.075000 0.015311
v 0.169544 -0.075000 0.022832
v 0.169522 -0.076388 0.022821
v 0.171213 -0.076388 0.019124
v 0.172600 -0.076388 0.015303
v 0.173675 -0.076388 0.011383
v 0.165298 -0.075000 0.029762
v 0.159996 -0.075000 0.035921
v 0.159979 -0.076388 0.035904
v 0.162753 -0.076388 0.032932
v 0.165278 -0.076388 0.029748
v 0.167540 -0.076388 0.026370
v 0.153774 -0.075000 0.041150
v 0.146794 -0.075000 0.045313
v 0.146783 -0.076388 0.045291
v 0.150355 -0.076388 0.043351
v 0.153760 -0.076388 0.041130
v 0.156974 -0.076388 0.038642
v 0.139236 -0.075000 0.048302
v 0.131297 -0.075000 0.050040
v 0.131294 -0.076388 0.050016
v 0.135297 -0.076388 0.049308
v 0.139229 -0.076388 0.048279
v 0.143066 -0.076388 0.046937
v 0.123182 -0.075000 0.050483
v 0.115101 -0.075000 0.049618
v 0.115106 -0.076388 0.049594
v 0.119127 -0.076388 0.050189
v 0.123183 -0.076388 0.050459
v 0.127247 -0.076388 0.050401
v 0.099873 -0.075000 0.044088
v 0.103510 -0.076388 0.045905
v 0.107264 -0.075000 0.047468
v 0.107272 -0.076388 0.047445
v 0.111146 -0.076388 0.048677
v 0.093120 -0.075000 0.039567
v 0.096418 -0.076388 0.041943
v 0.099885 -0.076388 0.044067
v 0.087179 -0.075000 0.034020
v 0.090054 -0.076388 0.036895
v 0.093135 -0.076388 0.039548
v 0.080143 -0.076388 0.024089
v 0.082225 -0.076388 0.027580
v 0.082205 -0.075000 0.027593
v 0.084582 -0.076388 0.030892
v 0.087197 -0.076388 0.034004
v 0.078349 -0.076388 0.020441
v 0.078326 -0.075000 0.020451
v 0.076853 -0.076388 0.016661
v 0.075644 -0.075000 0.012780
v 0.075667 -0.076388 0.012773
v 0.074226 -0.075000 0.004777
v 0.074251 -0.076388 0.004775
v 0.074798 -0.076388 0.008803
v 0.076400 -0.076388 -0.015303
v 0.075325 -0.076388 -0.011383
v 0.075301 -0.075000 -0.011389
v 0.074568 -0.076388 -0.007389
v 0.074111 -0.075000 -0.003349
v 0.074135 -0.076388 -0.003348
v 0.074029 -0.076388 0.000716
v 0.077787 -0.076388 -0.019124
v 0.077765 -0.075000 -0.019133
v 0.079478 -0.076388 -0.022821
v 0.081439 -0.075000 -0.026382
v 0.081460 -0.076388 -0.026370
v 0.086229 -0.075000 -0.032948
v 0.086247 -0.076388 -0.032932
v 0.083722 -0.076388 -0.029748
v 0.098645 -0.076388 -0.043351
v 0.095240 -0.076388 -0.041130
v 0.092010 -0.075000 -0.038661
v 0.092026 -0.076388 -0.038642
v 0.089021 -0.076388 -0.035904
v 0.126316 -0.087000 -0.044342
v 0.129972 -0.087000 -0.044041
v 0.126352 -0.087000 0.044341
v 0.133590 -0.087000 -0.043438
v 0.137146 -0.087000 -0.042539
v 0.122648 -0.087000 -0.044341
v 0.122684 -0.087000 0.044342
v 0.119028 -0.087000 0.044041
v 0.115410 -0.087000 0.043438
v 0.111854 -0.087000 0.042539
v 0.108384 -0.087000 0.041350
v 0.098727 -0.087000 0.036128
v 0.095831 -0.087000 0.033877
v 0.093132 -0.087000 0.031394
v 0.090646 -0.087000 0.028696
v 0.140616 -0.087000 -0.041350
v 0.143975 -0.087000 -0.039878
v 0.147202 -0.087000 -0.038133
v 0.150273 -0.087000 -0.036128
v 0.153169 -0.087000 -0.033877
v 0.155868 -0.087000 -0.031394
v 0.167029 -0.087000 -0.012680
v 0.167931 -0.087000 -0.009125
v 0.168842 -0.087000 0.001816
v 0.168541 -0.087000 0.005472
v 0.167938 -0.087000 0.009090
v 0.167039 -0.087000 0.012646
v 0.165850 -0.087000 0.016116
v 0.164378 -0.087000 0.019475
v 0.130007 -0.087000 0.044036
v 0.105025 -0.087000 0.039878
v 0.101798 -0.087000 0.038133
v 0.081971 -0.087000 0.012680
v 0.093106 -0.087000 -0.031368
v 0.095804 -0.087000 -0.033854
v 0.158354 -0.087000 -0.028696
v 0.160608 -0.087000 -0.025802
v 0.162615 -0.087000 -0.022732
v 0.168536 -0.087000 -0.005507
v 0.168841 -0.087000 -0.001852
v 0.088392 -0.087000 0.025802
v 0.086385 -0.087000 0.022732
v 0.084638 -0.087000 0.019507
v 0.160628 -0.087000 0.025773
v 0.158377 -0.087000 0.028669
v 0.133625 -0.087000 0.043431
v 0.081069 -0.087000 0.009125
v 0.080464 -0.087000 0.005507
v 0.080159 -0.087000 0.001852
v 0.164362 -0.087000 -0.019507
v 0.165837 -0.087000 -0.016149
v 0.098698 -0.087000 -0.036108
v 0.101768 -0.087000 -0.038115
v 0.104993 -0.087000 -0.039862
v 0.162633 -0.087000 0.022702
v 0.155894 -0.087000 0.031368
v 0.153196 -0.087000 0.033854
v 0.137180 -0.087000 0.042529
v 0.150302 -0.087000 0.036108
v 0.147233 -0.087000 0.038115
v 0.144007 -0.087000 0.039862
v 0.140649 -0.087000 0.041337
v 0.080158 -0.087000 -0.001816
v 0.080459 -0.087000 -0.005472
v 0.081061 -0.087000 -0.009090
v 0.081960 -0.087000 -0.012646
v 0.083150 -0.087000 -0.016116
v 0.084622 -0.087000 -0.019475
v 0.086367 -0.087000 -0.022702
v 0.088372 -0.087000 -0.025773
v 0.090623 -0.087000 -0.028669
v 0.108351 -0.087000 -0.041337
v 0.111820 -0.087000 -0.042529
v 0.115375 -0.087000 -0.043431
v 0.083163 -0.087000 0.016149
v 0.118993 -0.087000 -0.044036
v 0.145203 -0.085268 0.042304
v 0.142791 -0.079629 0.046241
v 0.141638 -0.085268 0.043869
v 0.142592 -0.079629 0.046311
v 0.137957 -0.085268 0.045135
v 0.130344 -0.085268 0.046734
v 0.127207 -0.079629 0.049654
v 0.126465 -0.085268 0.047057
v 0.126575 -0.079629 0.049663
v 0.122573 -0.085268 0.047059
v 0.139011 -0.079629 0.047563
v 0.135137 -0.079629 0.048576
v 0.134184 -0.085268 0.046092
v 0.134722 -0.079629 0.048650
v 0.131194 -0.079629 0.049275
v 0.114853 -0.085268 0.046100
v 0.111344 -0.079629 0.047956
v 0.111079 -0.085268 0.045146
v 0.110340 -0.079629 0.047636
v 0.107397 -0.085268 0.043883
v 0.123203 -0.079629 0.049711
v 0.119207 -0.079629 0.049445
v 0.118693 -0.085268 0.046739
v 0.118373 -0.079629 0.049322
v 0.115245 -0.079629 0.048859
v 0.100407 -0.085268 0.040470
v 0.096835 -0.079629 0.041321
v 0.097148 -0.085268 0.038342
v 0.095643 -0.079629 0.040452
v 0.094075 -0.085268 0.035952
v 0.107528 -0.079629 0.046741
v 0.103822 -0.079629 0.045224
v 0.103832 -0.085268 0.042321
v 0.102694 -0.079629 0.044652
v 0.100249 -0.079629 0.043414
v 0.085173 -0.079629 0.030434
v 0.086180 -0.085268 0.027383
v 0.088572 -0.085268 0.030454
v 0.093600 -0.079629 0.038961
v 0.090565 -0.079629 0.036348
v 0.091210 -0.085268 0.033317
v 0.089380 -0.079629 0.035149
v 0.087750 -0.079629 0.033500
v 0.084074 -0.079629 0.028888
v 0.082852 -0.079629 0.027171
v 0.084050 -0.085268 0.024125
v 0.080801 -0.079629 0.023732
v 0.082196 -0.085268 0.020702
v 0.079870 -0.079629 0.021840
v 0.079033 -0.079629 0.020138
v 0.080631 -0.085268 0.017138
v 0.077560 -0.079629 0.016414
v 0.079365 -0.085268 0.013457
v 0.076883 -0.079629 0.014197
v 0.076391 -0.079629 0.012584
v 0.078408 -0.085268 0.009684
v 0.075535 -0.079629 0.008672
v 0.077766 -0.085268 0.005845
v 0.075194 -0.079629 0.006166
v 0.074996 -0.079629 0.004704
v 0.077443 -0.085268 0.001965
v 0.074778 -0.079629 0.000705
v 0.077441 -0.085268 -0.001927
v 0.074849 -0.079629 -0.002034
v 0.074882 -0.079629 -0.003298
v 0.077761 -0.085268 -0.005807
v 0.075308 -0.079629 -0.007280
v 0.078400 -0.085268 -0.009647
v 0.075858 -0.079629 -0.010179
v 0.076054 -0.079629 -0.011215
v 0.079354 -0.085268 -0.013421
v 0.077113 -0.079629 -0.015077
v 0.080617 -0.085268 -0.017103
v 0.078192 -0.079629 -0.018048
v 0.078480 -0.079629 -0.018841
v 0.082179 -0.085268 -0.020668
v 0.080145 -0.079629 -0.022483
v 0.084030 -0.085268 -0.024093
v 0.081790 -0.079629 -0.025427
v 0.082098 -0.079629 -0.025979
v 0.086158 -0.085268 -0.027352
v 0.084326 -0.079629 -0.029307
v 0.088548 -0.085268 -0.030425
v 0.086553 -0.079629 -0.032114
v 0.086815 -0.079629 -0.032444
v 0.091183 -0.085268 -0.033290
v 0.089547 -0.079629 -0.035371
v 0.094046 -0.085268 -0.035928
v 0.103798 -0.085268 -0.042304
v 0.106209 -0.079629 -0.046241
v 0.107362 -0.085268 -0.043869
v 0.106408 -0.079629 -0.046311
v 0.111043 -0.085268 -0.045135
v 0.092351 -0.079629 -0.037927
v 0.092507 -0.079629 -0.038069
v 0.097117 -0.085268 -0.038320
v 0.095674 -0.079629 -0.040520
v 0.100375 -0.085268 -0.040450
v 0.099028 -0.079629 -0.042708
v 0.102547 -0.079629 -0.044619
v 0.118655 -0.085268 -0.046734
v 0.121793 -0.079629 -0.049654
v 0.122535 -0.085268 -0.047057
v 0.122425 -0.079629 -0.049663
v 0.126427 -0.085268 -0.047059
v 0.109989 -0.079629 -0.047563
v 0.113863 -0.079629 -0.048576
v 0.114816 -0.085268 -0.046092
v 0.114278 -0.079629 -0.048650
v 0.117807 -0.079629 -0.049275
v 0.134147 -0.085268 -0.046100
v 0.137656 -0.079629 -0.047956
v 0.137921 -0.085268 -0.045146
v 0.138660 -0.079629 -0.047636
v 0.141603 -0.085268 -0.043883
v 0.125797 -0.079629 -0.049711
v 0.129793 -0.079629 -0.049445
v 0.130307 -0.085268 -0.046739
v 0.130627 -0.079629 -0.049322
v 0.133755 -0.079629 -0.048859
v 0.148593 -0.085268 -0.040470
v 0.152165 -0.079629 -0.041321
v 0.151852 -0.085268 -0.038342
v 0.153357 -0.079629 -0.040452
v 0.154925 -0.085268 -0.035952
v 0.141472 -0.079629 -0.046741
v 0.145178 -0.079629 -0.045224
v 0.145168 -0.085268 -0.042321
v 0.146306 -0.079629 -0.044652
v 0.148750 -0.079629 -0.043414
v 0.163826 -0.079629 -0.030434
v 0.162820 -0.085268 -0.027383
v 0.160428 -0.085268 -0.030454
v 0.155400 -0.079629 -0.038961
v 0.158435 -0.079629 -0.036348
v 0.157790 -0.085268 -0.033317
v 0.159620 -0.079629 -0.035149
v 0.161250 -0.079629 -0.033500
v 0.164926 -0.079629 -0.028888
v 0.166148 -0.079629 -0.027171
v 0.164950 -0.085268 -0.024125
v 0.168199 -0.079629 -0.023732
v 0.166804 -0.085268 -0.020702
v 0.169130 -0.079629 -0.021840
v 0.169967 -0.079629 -0.020138
v 0.168369 -0.085268 -0.017138
v 0.171440 -0.079629 -0.016414
v 0.169635 -0.085268 -0.013457
v 0.172117 -0.079629 -0.014197
v 0.172609 -0.079629 -0.012584
v 0.170592 -0.085268 -0.009684
v 0.173465 -0.079629 -0.008672
v 0.171234 -0.085268 -0.005845
v 0.173806 -0.079629 -0.006166
v 0.174004 -0.079629 -0.004704
v 0.171557 -0.085268 -0.001965
v 0.174222 -0.079629 -0.000705
v 0.171559 -0.085268 0.001927
v 0.174151 -0.079629 0.002034
v 0.174118 -0.079629 0.003298
v 0.171239 -0.085268 0.005807
v 0.173692 -0.079629 0.007280
v 0.170600 -0.085268 0.009647
v 0.173142 -0.079629 0.010179
v 0.172946 -0.079629 0.011215
v 0.169646 -0.085268 0.013421
v 0.171887 -0.079629 0.015077
v 0.168383 -0.085268 0.017103
v 0.170808 -0.079629 0.018048
v 0.170520 -0.079629 0.018841
v 0.166821 -0.085268 0.020668
v 0.168855 -0.079629 0.022483
v 0.164970 -0.085268 0.024093
v 0.167210 -0.079629 0.025427
v 0.166902 -0.079629 0.025979
v 0.162842 -0.085268 0.027352
v 0.164674 -0.079629 0.029307
v 0.160452 -0.085268 0.030425
v 0.162447 -0.079629 0.032114
v 0.162185 -0.079629 0.032444
v 0.157817 -0.085268 0.033290
v 0.159453 -0.079629 0.035371
v 0.154954 -0.085268 0.035928
v 0.156649 -0.079629 0.037927
v 0.156493 -0.079629 0.038069
v 0.151883 -0.085268 0.038320
v 0.153326 -0.079629 0.040520
v 0.148625 -0.085268 0.040450
v 0.149972 -0.079629 0.042708
v 0.146453 -0.079629 0.044619
v 0.089165 -0.078048 -0.035759
v 0.086402 -0.078048 -0.032799
v 0.083886 -0.078048 -0.029627
v 0.081634 -0.078048 -0.026263
v 0.079660 -0.078048 -0.022729
v 0.077976 -0.078048 -0.019047
v 0.076594 -0.078048 -0.015242
v 0.075523 -0.078048 -0.011337
v 0.074770 -0.078048 -0.007360
v 0.074339 -0.078048 -0.003334
v 0.074233 -0.078048 0.000713
v 0.074453 -0.078048 0.004755
v 0.074998 -0.078048 0.008767
v 0.075864 -0.078048 0.012722
v 0.077046 -0.078048 0.016594
v 0.078535 -0.078048 0.020359
v 0.080322 -0.078048 0.023991
v 0.084743 -0.078048 0.030767
v 0.082396 -0.078048 0.027469
v 0.087347 -0.078048 0.033867
v 0.090193 -0.078048 0.036746
v 0.096532 -0.078048 0.041774
v 0.093261 -0.078048 0.039388
v 0.099984 -0.078048 0.043889
v 0.103595 -0.078048 0.045719
v 0.111200 -0.078048 0.048481
v 0.107342 -0.078048 0.047253
v 0.115144 -0.078048 0.049394
v 0.119149 -0.078048 0.049986
v 0.123188 -0.078048 0.050255
v 0.127236 -0.078048 0.050197
v 0.131267 -0.078048 0.049814
v 0.135253 -0.078048 0.049108
v 0.139170 -0.078048 0.048084
v 0.142991 -0.078048 0.046748
v 0.146693 -0.078048 0.045108
v 0.150251 -0.078048 0.043176
v 0.153642 -0.078048 0.040964
v 0.156843 -0.078048 0.038486
v 0.159835 -0.078048 0.035759
v 0.162598 -0.078048 0.032799
v 0.165114 -0.078048 0.029627
v 0.167366 -0.078048 0.026263
v 0.169340 -0.078048 0.022729
v 0.171024 -0.078048 0.019047
v 0.172406 -0.078048 0.015242
v 0.173477 -0.078048 0.011337
v 0.174230 -0.078048 0.007360
v 0.174661 -0.078048 0.003334
v 0.174767 -0.078048 -0.000713
v 0.174546 -0.078048 -0.004755
v 0.174002 -0.078048 -0.008767
v 0.173136 -0.078048 -0.012722
v 0.171954 -0.078048 -0.016594
v 0.170465 -0.078048 -0.020359
v 0.168678 -0.078048 -0.023991
v 0.164257 -0.078048 -0.030767
v 0.166604 -0.078048 -0.027469
v 0.161653 -0.078048 -0.033867
v 0.158807 -0.078048 -0.036746
v 0.152468 -0.078048 -0.041774
v 0.155739 -0.078048 -0.039388
v 0.149016 -0.078048 -0.043889
v 0.145405 -0.078048 -0.045719
v 0.137800 -0.078048 -0.048481
v 0.141658 -0.078048 -0.047253
v 0.133856 -0.078048 -0.049394
v 0.129851 -0.078048 -0.049986
v 0.125812 -0.078048 -0.050255
v 0.121764 -0.078048 -0.050197
v 0.117733 -0.078048 -0.049814
v 0.113747 -0.078048 -0.049108
v 0.109830 -0.078048 -0.048084
v 0.106008 -0.078048 -0.046748
v 0.102307 -0.078048 -0.045108
v 0.098749 -0.078048 -0.043176
v 0.095358 -0.078048 -0.040964
v 0.092157 -0.078048 -0.038486
v 0.104506 -0.086788 -0.040857
v 0.101200 -0.086788 -0.039066
v 0.098054 -0.086788 -0.037009
v 0.095088 -0.086788 -0.034698
v 0.092323 -0.086788 -0.032151
v 0.089778 -0.086788 -0.029384
v 0.087470 -0.086788 -0.026416
v 0.085415 -0.086788 -0.023268
v 0.083627 -0.086788 -0.019961
v 0.082118 -0.086788 -0.016518
v 0.080899 -0.086788 -0.012961
v 0.079977 -0.086788 -0.009317
v 0.079360 -0.086788 -0.005608
v 0.079051 -0.086788 -0.001861
v 0.079053 -0.086788 0.001898
v 0.079365 -0.086788 0.005645
v 0.079985 -0.086788 0.009353
v 0.080909 -0.086788 0.012997
v 0.082131 -0.086788 0.016552
v 0.083643 -0.086788 0.019994
v 0.085434 -0.086788 0.023300
v 0.087491 -0.086788 0.026446
v 0.089801 -0.086788 0.029412
v 0.092349 -0.086788 0.032177
v 0.095116 -0.086788 0.034722
v 0.098083 -0.086788 0.037030
v 0.101232 -0.086788 0.039085
v 0.104539 -0.086788 0.040873
v 0.107982 -0.086788 0.042382
v 0.111538 -0.086788 0.043601
v 0.115183 -0.086788 0.044523
v 0.118892 -0.086788 0.045140
v 0.122639 -0.086788 0.045449
v 0.126398 -0.086788 0.045447
v 0.130145 -0.086788 0.045135
v 0.133853 -0.086788 0.044515
v 0.137497 -0.086788 0.043591
v 0.141052 -0.086788 0.042369
v 0.144494 -0.086788 0.040857
v 0.147800 -0.086788 0.039066
v 0.150946 -0.086788 0.037009
v 0.153912 -0.086788 0.034698
v 0.156677 -0.086788 0.032151
v 0.159222 -0.086788 0.029384
v 0.161530 -0.086788 0.026416
v 0.163585 -0.086788 0.023268
v 0.165373 -0.086788 0.019961
v 0.166882 -0.086788 0.016518
v 0.168101 -0.086788 0.012961
v 0.169023 -0.086788 0.009317
v 0.169640 -0.086788 0.005608
v 0.169949 -0.086788 0.001861
v 0.169947 -0.086788 -0.001898
v 0.169635 -0.086788 -0.005645
v 0.169015 -0.086788 -0.009353
v 0.168091 -0.086788 -0.012997
v 0.166869 -0.086788 -0.016552
v 0.165357 -0.086788 -0.019994
v 0.163566 -0.086788 -0.023300
v 0.161509 -0.086788 -0.026446
v 0.159199 -0.086788 -0.029412
v 0.156651 -0.086788 -0.032177
v 0.153884 -0.086788 -0.034722
v 0.150916 -0.086788 -0.037030
v 0.147768 -0.086788 -0.039085
v 0.144461 -0.086788 -0.040873
v 0.141018 -0.086788 -0.042382
v 0.137461 -0.086788 -0.043601
v 0.133817 -0.086788 -0.044523
v 0.130108 -0.086788 -0.045140
v 0.126361 -0.086788 -0.045449
v 0.122602 -0.086788 -0.045447
v 0.118855 -0.086788 -0.045135
v 0.115147 -0.086788 -0.044515
v 0.111503 -0.086788 -0.043591
v 0.107948 -0.086788 -0.042369
v 0.104088 -0.086182 -0.041711
v 0.100713 -0.086182 -0.039883
v 0.097501 -0.086182 -0.037783
v 0.094473 -0.086182 -0.035424
v 0.091650 -0.086182 -0.032823
v 0.089052 -0.086182 -0.029999
v 0.086696 -0.086182 -0.026969
v 0.084598 -0.086182 -0.023755
v 0.082772 -0.086182 -0.020379
v 0.081232 -0.086182 -0.016863
v 0.079987 -0.086182 -0.013232
v 0.079046 -0.086182 -0.009511
v 0.078416 -0.086182 -0.005725
v 0.078101 -0.086182 -0.001900
v 0.078102 -0.086182 0.001938
v 0.078421 -0.086182 0.005763
v 0.079054 -0.086182 0.009548
v 0.079998 -0.086182 0.013268
v 0.081246 -0.086182 0.016898
v 0.082789 -0.086182 0.020412
v 0.084617 -0.086182 0.023787
v 0.086717 -0.086182 0.026999
v 0.089076 -0.086182 0.030027
v 0.091677 -0.086182 0.032850
v 0.094501 -0.086182 0.035448
v 0.097531 -0.086182 0.037804
v 0.100745 -0.086182 0.039902
v 0.104121 -0.086182 0.041728
v 0.107637 -0.086182 0.043268
v 0.111267 -0.086182 0.044513
v 0.114988 -0.086182 0.045454
v 0.118775 -0.086182 0.046084
v 0.122600 -0.086182 0.046399
v 0.126438 -0.086182 0.046398
v 0.130263 -0.086182 0.046079
v 0.134048 -0.086182 0.045446
v 0.137768 -0.086182 0.044502
v 0.141398 -0.086182 0.043254
v 0.144912 -0.086182 0.041711
v 0.148287 -0.086182 0.039883
v 0.151499 -0.086182 0.037783
v 0.154527 -0.086182 0.035424
v 0.157350 -0.086182 0.032823
v 0.159948 -0.086182 0.029999
v 0.162304 -0.086182 0.026969
v 0.164402 -0.086182 0.023755
v 0.166228 -0.086182 0.020379
v 0.167768 -0.086182 0.016863
v 0.169013 -0.086182 0.013232
v 0.169953 -0.086182 0.009511
v 0.170584 -0.086182 0.005725
v 0.170899 -0.086182 0.001900
v 0.170898 -0.086182 -0.001938
v 0.170579 -0.086182 -0.005763
v 0.169946 -0.086182 -0.009548
v 0.169002 -0.086182 -0.013268
v 0.167754 -0.086182 -0.016898
v 0.166211 -0.086182 -0.020412
v 0.164383 -0.086182 -0.023787
v 0.162283 -0.086182 -0.026999
v 0.159924 -0.086182 -0.030027
v 0.157323 -0.086182 -0.032850
v 0.154499 -0.086182 -0.035448
v 0.151469 -0.086182 -0.037804
v 0.148255 -0.086182 -0.039902
v 0.144879 -0.086182 -0.041728
v 0.141363 -0.086182 -0.043268
v 0.137733 -0.086182 -0.044513
v 0.134011 -0.086182 -0.045454
v 0.130225 -0.086182 -0.046084
v 0.126400 -0.086182 -0.046399
v 0.122562 -0.086182 -0.046398
v 0.118737 -0.086182 -0.046079
v 0.114952 -0.086182 -0.045446
v 0.111232 -0.086182 -0.044502
v 0.107602 -0.086182 -0.043254
v -0.004000 -0.012151 -0.047985
v -0.004000 -0.012765 -0.050409
v -0.004000 -0.004088 -0.049331
v -0.004000 -0.004294 -0.051822
v -0.004000 0.004088 -0.049331
v -0.004000 0.004294 -0.051822
v -0.004000 0.012151 -0.047985
v -0.004000 0.012765 -0.050409
v -0.004000 0.019884 -0.045331
v -0.004000 0.020888 -0.047620
v -0.004000 0.027074 -0.041440
v -0.004000 0.028441 -0.043533
v -0.004000 0.033525 -0.036418
v -0.004000 0.035219 -0.038258
v -0.004000 0.039062 -0.030403
v -0.004000 0.041035 -0.031939
v -0.004000 0.043534 -0.023559
v -0.004000 0.045733 -0.024749
v -0.004000 0.046818 -0.016073
v -0.004000 0.049182 -0.016884
v -0.004000 0.048825 -0.008147
v -0.004000 0.051291 -0.008559
v -0.004000 0.049500 0.000000
v -0.004000 0.052000 0.000000
v -0.004000 0.048825 0.008147
v -0.004000 0.051291 0.008559
v -0.004000 0.046818 0.016073
v -0.004000 0.049182 0.016884
v -0.004000 0.043534 0.023559
v -0.004000 0.045733 0.024749
v -0.004000 0.039062 0.030403
v -0.004000 0.041035 0.031939
v -0.004000 0.033525 0.036418
v -0.004000 0.035219 0.038258
v -0.004000 0.027074 0.041440
v -0.004000 0.028441 0.043533
v -0.004000 0.019884 0.045331
v -0.004000 0.020888 0.047620
v -0.004000 0.012151 0.047985
v -0.004000 0.012765 0.050409
v -0.004000 0.004088 0.049331
v -0.004000 0.004294 0.051822
v -0.004000 -0.004088 0.049331
v -0.004000 -0.004294 0.051822
v -0.004000 -0.012151 0.047985
v -0.004000 -0.012765 0.050409
v -0.004000 -0.019884 0.045331
v -0.004000 -0.020888 0.047620
v -0.004000 -0.027074 0.041440
v -0.004000 -0.028441 0.043533
v -0.004000 -0.033525 0.036418
v -0.004000 -0.035219 0.038258
v -0.004000 -0.039062 0.030403
v -0.004000 -0.041035 0.031939
v -0.004000 -0.043534 0.023559
v -0.004000 -0.045733 0.024749
v -0.004000 -0.046818 0.016073
v -0.004000 -0.049182 0.016884
v -0.004000 -0.048825 0.008147
v -0.004000 -0.051291 0.008559
v -0.004000 -0.049500 0.000000
v -0.004000 -0.052000 0.000000
v -0.004000 -0.048825 -0.008147
v -0.004000 -0.051291 -0.008559
v -0.004000 -0.046818 -0.016073
v -0.004000 -0.049182 -0.016884
v -0.004000 -0.043534 -0.023559
v -0.004000 -0.045733 -0.024749
v -0.004000 -0.039062 -0.030403
v -0.004000 -0.041035 -0.031939
v -0.004000 -0.033525 -0.036418
v -0.004000 -0.035219 -0.038258
v -0.004000 -0.027074 -0.041440
v -0.004000 -0.028441 -0.043533
v -0.004000 -0.019884 -0.045331
v -0.004000 -0.020888 -0.047620
v -0.032000 0.004088 -0.049331
v -0.032000 0.004294 -0.051822
v -0.032000 -0.004088 -0.049331
v -0.032000 -0.004294 -0.051822
v -0.032000 -0.012151 -0.047985
v -0.032000 -0.012765 -0.050409
v -0.032000 -0.019884 -0.045331
v -0.032000 -0.020888 -0.047620
v -0.032000 -0.027074 -0.041440
v -0.032000 -0.028441 -0.043533
v -0.032000 -0.033525 -0.036418
v -0.032000 -0.035219 -0.038258
v -0.032000 -0.039062 -0.030403
v -0.032000 -0.041035 -0.031939
v -0.032000 -0.043534 -0.023559
v -0.032000 -0.045733 -0.024749
v -0.032000 -0.046818 -0.016073
v -0.032000 -0.049182 -0.016884
v -0.032000 -0.048825 -0.008147
v -0.032000 -0.051291 -0.008559
v -0.032000 -0.049500 0.000000
v -0.032000 -0.052000 0.000000
v -0.032000 -0.048825 0.008147
v -0.032000 -0.051291 0.008559
v -0.032000 -0.046818 0.016073
v -0.032000 -0.049182 0.016884
v -0.032000 -0.043534 0.023559
v -0.032000 -0.045733 0.024749
v -0.032000 -0.039062 0.030403
v -0.032000 -0.041035 0.031939
v -0.032000 -0.033525 0.036418
v -0.032000 -0.035219 0.038258
v -0.032000 -0.027074 0.041440
v -0.032000 -0.028441 0.043533
v -0.032000 -0.019884 0.045331
v -0.032000 -0.020888 0.047620
v -0.032000 -0.012151 0.047985
v -0.032000 -0.012765 0.050409
v -0.032000 -0.004088 0.049331
v -0.032000 -0.004294 0.051822
v -0.032000 0.004088 0.049331
v -0.032000 0.004294 0.051822
v -0.032000 0.012151 0.047985
v -0.032000 0.012765 0.050409
v -0.032000 0.019884 0.045331
v -0.032000 0.020888 0.047620
v -0.032000 0.027074 0.041440
v -0.032000 0.028441 0.043533
v -0.032000 0.033525 0.036418
v -0.032000 0.035219 0.038258
v -0.032000 0.039062 0.030403
v -0.032000 0.041035 0.031939
v -0.032000 0.043534 0.023559
v -0.032000 0.045733 0.024749
v -0.032000 0.046818 0.016073
v -0.032000 0.049182 0.016884
v -0.032000 0.048825 0.008147
v -0.032000 0.051291 0.008559
v -0.032000 0.049500 0.000000
v -0.032000 0.052000 0.000000
v -0.032000 0.048825 -0.008147
v -0.032000 0.051291 -0.008559
v -0.032000 0.046818 -0.016073
v -0.032000 0.049182 -0.016884
v -0.032000 0.043534 -0.023559
v -0.032000 0.045733 -0.024749
v -0.032000 0.039062 -0.030403
v -0.032000 0.041035 -0.031939
v -0.032000 0.033525 -0.036418
v -0.032000 0.035219 -0.038258
v -0.032000 0.027074 -0.041440
v -0.032000 0.028441 -0.043533
v -0.032000 0.019884 -0.045331
v -0.032000 0.020888 -0.047620
v -0.032000 0.012151 -0.047985
v -0.032000 0.012765 -0.050409
v -0.032000 -0.052000 0.000000
v -0.032000 0.049500 0.000000
v -0.004000 0.049500 0.000000
v -0.004000 -0.049500 0.000000
vn 0.1331 0.3273 -0.9355
vn -0.3806 0.1988 -0.9031
vn 0.1351 0.1109 -0.9846
vn 0.1358 0.2130 -0.9676
vn -0.3497 0.3934 -0.8503
vn 0.1251 0.7016 -0.7016
vn -0.2879 0.7299 -0.6200
vn 0.1303 0.6000 -0.7893
vn 0.1298 0.5275 -0.8396
vn -0.3187 0.5736 -0.7546
vn 0.1338 0.4161 -0.8994
vn 0.1115 0.9380 -0.3282
vn -0.2273 0.9383 -0.2605
vn 0.1193 0.8772 -0.4651
vn 0.1190 0.8407 -0.5283
vn -0.2573 0.8538 -0.4526
vn 0.1255 0.7561 -0.6423
vn 0.0922 0.9895 0.1115
vn -0.1693 0.9726 0.1594
vn 0.1028 0.9932 -0.0538
vn 0.1026 0.9885 -0.1114
vn -0.1979 0.9788 -0.0531
vn 0.1117 0.9575 -0.2659
vn 0.0672 0.8448 0.5308
vn -0.1150 0.8222 0.5575
vn 0.0806 0.9260 0.3689
vn 0.0805 0.9408 0.3292
vn -0.1416 0.9196 0.3664
vn 0.0923 0.9826 0.1611
vn -0.0547 0.5312 0.8455
vn 0.0526 0.6867 0.7250
vn 0.0526 0.7061 0.7061
vn -0.0895 0.6849 0.7231
vn 0.0673 0.8258 0.5599
vn -0.0379 0.3300 0.9432
vn 0.0365 0.5152 0.8563
vn -0.0196 0.1119 0.9935
vn 0.0190 0.3191 0.9475
vn 0.0190 0.3192 0.9475
vn -0.0196 -0.1119 0.9935
vn -0.0000 -0.1081 0.9941
vn -0.0000 0.1081 0.9941
vn -0.0379 -0.3300 0.9432
vn 0.0190 -0.3192 0.9475
vn 0.0190 -0.3191 0.9475
vn -0.0547 -0.5312 0.8455
vn 0.0365 -0.5152 0.8563
vn -0.0701 -0.7054 0.7054
vn 0.0526 -0.6867 0.7250
vn -0.0840 -0.8437 0.5302
vn 0.0673 -0.8258 0.5599
vn -0.0965 -0.9395 0.3287
vn 0.0806 -0.9260 0.3689
vn -0.1076 -0.9879 0.1113
vn 0.0923 -0.9826 0.1611
vn -0.1172 -0.9869 -0.1112
vn 0.1028 -0.9932 -0.0539
vn 0.1028 -0.9932 -0.0538
vn -0.1255 -0.9364 -0.3277
vn 0.1117 -0.9575 -0.2658
vn 0.1117 -0.9575 -0.2659
vn -0.1323 -0.8393 -0.5274
vn 0.1193 -0.8772 -0.4651
vn -0.1378 -0.7004 -0.7004
vn 0.1255 -0.7561 -0.6423
vn -0.1419 -0.5267 -0.8382
vn 0.1303 -0.6000 -0.7893
vn -0.1446 -0.3268 -0.9340
vn 0.1338 -0.4161 -0.8994
vn 0.1365 -0.0000 -0.9906
vn -0.1460 -0.1108 -0.9831
vn 0.1358 -0.2130 -0.9676
vn -1.0000 -0.0000 -0.0000
vn -0.7558 -0.0091 -0.6547
vn -0.7408 -0.0075 0.6717
vn -0.7791 0.0058 0.6269
vn -0.7853 0.0096 0.6190
vn -0.8079 0.0374 0.5882
vn -0.7996 0.0237 0.6000
vn -0.7917 0.0150 0.6108
vn -0.7336 -0.0000 0.6796
vn -0.7480 -0.0189 0.6635
vn -0.7529 -0.0320 0.6574
vn -0.7549 -0.0510 0.6539
vn -0.9457 -0.0421 0.3222
vn -0.8963 0.2135 0.3886
vn -0.8797 0.2697 0.3917
vn -0.8908 0.1678 0.4222
vn -0.8911 0.1622 0.4238
vn -0.8886 0.0224 0.4581
vn -0.8687 -0.0122 0.4951
vn -0.8090 -0.0122 0.5877
vn -0.8278 0.0943 0.5531
vn -0.8148 0.0529 0.5773
vn -0.9809 0.1055 0.1634
vn -0.8980 0.3964 0.1909
vn -0.9659 0.0917 0.2421
vn -0.9600 0.2788 -0.0259
vn -0.9980 0.0098 -0.0632
vn -0.9501 0.3111 -0.0218
vn -0.9204 0.3908 -0.0116
vn -0.8727 0.4882 -0.0000
vn -0.9204 0.3908 0.0116
vn -0.9501 0.3112 0.0218
vn -0.9710 0.2372 0.0311
vn -0.9935 -0.0766 0.0841
vn -0.9544 -0.0433 -0.2952
vn -0.9529 0.2015 -0.2266
vn -0.8980 0.3964 -0.1909
vn -0.9888 -0.0111 -0.1485
vn -0.9888 -0.0111 -0.1486
vn -0.8864 -0.0007 -0.4628
vn -0.8911 0.1622 -0.4238
vn -0.8908 0.1678 -0.4222
vn -0.8797 0.2697 -0.3917
vn -0.9199 0.1015 -0.3788
vn -0.7477 -0.0183 -0.6638
vn -0.7544 -0.0621 -0.6535
vn -0.7549 -0.0505 -0.6539
vn -0.7528 -0.0318 -0.6575
vn -0.7726 0.0025 -0.6349
vn -0.7446 -0.0091 -0.6674
vn -0.7336 -0.0000 -0.6796
vn -0.7403 -0.0069 -0.6723
vn -0.7797 0.0061 -0.6261
vn -0.7858 0.0100 -0.6185
vn -0.7932 0.0163 -0.6088
vn -0.8023 0.0276 -0.5963
vn -0.8129 0.0473 -0.5805
vn -0.8085 0.0349 -0.5874
vn -0.8538 0.0004 -0.5205
vn -0.6157 0.0240 -0.7876
vn -0.6691 -0.0127 -0.7431
vn -0.6159 -0.0128 -0.7878
vn -0.5000 0.0125 -0.8660
vn -0.4356 -0.0131 -0.9000
vn -0.3090 0.0127 -0.9510
vn -0.2357 -0.0133 -0.9717
vn -0.1045 0.0130 -0.9944
vn -0.0251 -0.0135 -0.9996
vn 0.1045 0.0132 -0.9944
vn 0.1865 -0.0137 -0.9824
vn 0.3090 0.0134 -0.9510
vn 0.3898 -0.0139 -0.9208
vn 0.5000 0.0135 -0.8659
vn 0.5755 -0.0141 -0.8177
vn 0.5754 -0.0141 -0.8177
vn 0.6691 0.0137 -0.7431
vn 0.7352 -0.0142 -0.6777
vn 0.8089 0.0138 -0.5877
vn 0.8617 -0.0143 -0.5072
vn 0.9135 0.0138 -0.4067
vn 0.9494 -0.0143 -0.3138
vn 0.9781 0.0139 -0.2079
vn 0.9942 -0.0143 -0.1062
vn 0.9999 0.0139 -0.0000
vn 0.9942 -0.0143 0.1062
vn 0.9781 0.0139 0.2079
vn 0.9494 -0.0143 0.3138
vn 0.9135 0.0138 0.4067
vn 0.8617 -0.0143 0.5072
vn 0.8089 0.0138 0.5877
vn 0.7352 -0.0142 0.6777
vn 0.6691 0.0137 0.7431
vn 0.5754 -0.0141 0.8177
vn 0.5755 -0.0141 0.8177
vn 0.5000 0.0135 0.8659
vn 0.3898 -0.0139 0.9208
vn 0.3090 0.0134 0.9510
vn 0.1865 -0.0137 0.9824
vn 0.1045 0.0132 0.9944
vn -0.0251 -0.0135 0.9996
vn -0.1045 0.0130 0.9944
vn -0.2357 -0.0133 0.9717
vn -0.3090 0.0127 0.9510
vn -0.4356 -0.0131 0.9000
vn -0.5000 0.0125 0.8660
vn -0.6159 -0.0128 0.7878
vn -0.6691 0.0122 0.7431
vn -0.7558 -0.0091 0.6547
vn -0.7487 -0.0091 0.6628
vn -0.7221 0.0092 0.6917
vn 0.1045 -0.0000 0.9945
vn -0.1045 -0.0000 0.9945
vn -0.3090 -0.0000 0.9511
vn -0.5000 -0.0000 0.8660
vn -0.6691 -0.0000 0.7431
vn -0.8090 -0.0000 0.5878
vn -0.9135 -0.0000 0.4067
vn -0.9781 -0.0000 0.2079
vn -0.9781 -0.0000 -0.2079
vn -0.9135 -0.0000 -0.4067
vn -0.8090 -0.0000 -0.5878
vn -0.6691 -0.0000 -0.7431
vn -0.5000 -0.0000 -0.8660
vn -0.3090 -0.0000 -0.9511
vn -0.1045 -0.0000 -0.9945
vn 0.1045 -0.0000 -0.9945
vn 0.3090 -0.0000 -0.9511
vn 0.5000 -0.0000 -0.8660
vn 0.6691 -0.0000 -0.7431
vn 0.8090 -0.0000 -0.5878
vn 0.9135 -0.0000 -0.4067
vn 0.9781 -0.0000 -0.2079
vn 1.0000 -0.0000 -0.0000
vn 0.9781 -0.0000 0.2079
vn 0.9135 -0.0000 0.4067
vn 0.8090 -0.0000 0.5878
vn 0.6691 -0.0000 0.7431
vn 0.5000 -0.0000 0.8660
vn 0.3090 -0.0000 0.9511
vn -0.6736 -0.6138 -0.4117
vn -0.6119 -0.7052 -0.3581
vn -0.6628 -0.6573 -0.3587
vn -0.6022 -0.7164 -0.3523
vn -0.6018 -0.7168 -0.3523
vn -0.6120 -0.7051 -0.3583
vn -0.5934 -0.7040 -0.3902
vn -0.6719 -0.6164 -0.4106
vn -0.7667 -0.3829 -0.5153
vn -0.7667 -0.3830 -0.5153
vn -0.4872 -0.8642 -0.1255
vn -0.3323 -0.9389 -0.0897
vn -0.1490 -0.9884 -0.0311
vn -0.1490 -0.9883 -0.0311
vn -0.1885 -0.9818 -0.0227
vn -0.2238 -0.9740 -0.0348
vn -0.2237 -0.9740 -0.0348
vn -0.2333 -0.9724 -0.0090
vn -0.1993 -0.9796 -0.0241
vn -0.1989 -0.9797 -0.0246
vn -0.2060 -0.9782 -0.0249
vn -0.7062 -0.6993 -0.1106
vn -0.4987 -0.8563 -0.1347
vn -0.5685 -0.7918 -0.2232
vn -0.8618 -0.3148 -0.3977
vn -0.6287 -0.7170 -0.3010
vn -0.3272 -0.9441 -0.0398
vn -0.2660 -0.9635 -0.0299
vn -0.2471 -0.9684 -0.0331
vn -0.2472 -0.9683 -0.0358
vn -0.3273 -0.9441 -0.0398
vn -0.3256 -0.9438 -0.0568
vn -0.3551 -0.9330 -0.0582
vn -0.4236 -0.9030 -0.0718
vn -0.4237 -0.9030 -0.0719
vn -0.3322 -0.9389 -0.0897
vn -0.5005 -0.8564 -0.1265
vn -0.4549 -0.8830 -0.1152
vn -0.4168 -0.9026 -0.1080
vn -0.4742 -0.8640 -0.1695
vn -0.4964 -0.8502 -0.1755
vn -0.9194 -0.2245 -0.3231
vn -0.6314 -0.7170 -0.2953
vn -0.5292 -0.8128 -0.2436
vn -0.5095 -0.8267 -0.2386
vn -0.5297 -0.8269 -0.1890
vn -0.1352 -0.9902 -0.0359
vn -0.1491 -0.9886 -0.0195
vn -0.1351 -0.9908 0.0110
vn -0.0982 -0.9950 0.0179
vn -0.0948 -0.9955 -0.0072
vn -0.0950 -0.9953 -0.0179
vn -0.1349 -0.9908 -0.0104
vn -0.1489 -0.9882 0.0361
vn -0.1354 -0.9906 0.0176
vn -0.6845 -0.7032 0.1925
vn -0.6568 -0.7143 0.2415
vn -0.7024 -0.6641 0.2561
vn -0.6622 -0.6831 0.3078
vn -0.4396 -0.8951 0.0740
vn -0.4385 -0.8952 0.0799
vn -0.2816 -0.9584 0.0474
vn -0.2829 -0.9584 0.0385
vn -0.3619 -0.9302 0.0609
vn -0.7179 -0.6936 0.0601
vn -0.6030 -0.7958 0.0548
vn -0.3622 -0.9301 0.0610
vn -0.3283 -0.9437 0.0399
vn -0.3281 -0.9438 0.0399
vn -0.2777 -0.9602 0.0312
vn -0.2090 -0.9774 0.0315
vn -0.2088 -0.9775 0.0315
vn -0.2226 -0.9747 0.0186
vn -0.1488 -0.9885 0.0272
vn -0.1490 -0.9885 0.0271
vn -0.4407 -0.8938 0.0833
vn -0.4410 -0.8936 0.0833
vn -0.3781 -0.9231 0.0694
vn -0.3513 -0.9338 0.0676
vn -0.3539 -0.9341 0.0467
vn -0.3276 -0.9436 0.0474
vn -0.3273 -0.9437 0.0473
vn -0.8156 -0.5337 0.2233
vn -0.4828 -0.8655 0.1333
vn -0.4324 -0.8934 0.1218
vn -0.5112 -0.8251 0.2406
vn -0.5291 -0.8255 0.1967
vn -0.5090 -0.8401 0.1875
vn -0.4861 -0.8550 0.1809
vn -0.4990 -0.8552 0.1399
vn -0.6622 -0.6832 0.3078
vn -0.7009 -0.6336 0.3275
vn -0.5331 -0.8084 0.2494
vn -0.5545 -0.7902 0.2609
vn -0.7272 -0.4918 0.4789
vn -0.6830 -0.6340 0.3627
vn -0.6639 -0.6664 0.3393
vn -0.5304 -0.7901 0.3071
vn -0.7343 -0.5240 0.4315
vn -0.5915 -0.7084 0.3851
vn -0.6076 -0.7094 0.3571
vn -0.6327 -0.6824 0.3662
vn -0.6326 -0.6824 0.3662
vn 0.6570 0.0416 0.7527
vn 0.0564 0.6519 0.7562
vn 0.0210 0.2347 0.9718
vn 0.0472 0.6432 0.7643
vn 0.1119 0.6351 0.7643
vn 0.1132 0.6353 0.7639
vn 0.1122 0.6365 0.7631
vn 0.1804 0.6206 0.7631
vn 0.1843 0.6229 0.7603
vn 0.2516 0.5989 0.7603
vn 0.2540 0.5984 0.7599
vn 0.2526 0.6013 0.7580
vn 0.3194 0.5686 0.7581
vn 0.3222 0.5694 0.7563
vn 0.3822 0.5309 0.7563
vn 0.3835 0.5302 0.7562
vn 0.3831 0.5323 0.7549
vn 0.4398 0.4865 0.7549
vn 0.4414 0.4866 0.7539
vn 0.4406 0.4874 0.7538
vn 0.4929 0.4344 0.7539
vn 0.4940 0.4344 0.7532
vn 0.5207 0.4011 0.7537
vn 0.5211 0.4006 0.7536
vn 0.5465 0.3663 0.7531
vn 0.5469 0.3662 0.7529
vn 0.5468 0.3665 0.7528
vn 0.5848 0.3023 0.7528
vn 0.6150 0.2334 0.7531
vn 0.6153 0.2340 0.7528
vn 0.6150 0.2335 0.7531
vn 0.6344 0.1730 0.7534
vn 0.6337 0.1735 0.7538
vn 0.6480 0.1110 0.7535
vn 0.6468 0.1119 0.7544
vn 0.6468 0.1108 0.7546
vn 0.6546 0.0436 0.7547
vn 0.0179 0.2308 0.9728
vn 0.0401 0.2281 0.9728
vn 0.0406 0.2286 0.9727
vn 0.0646 0.2230 0.9727
vn 0.0660 0.2241 0.9723
vn 0.0903 0.2154 0.9723
vn 0.0914 0.2162 0.9721
vn 0.1148 0.2047 0.9721
vn 0.1158 0.2052 0.9718
vn 0.1375 0.1913 0.9719
vn 0.1383 0.1915 0.9717
vn 0.1584 0.1753 0.9717
vn 0.1590 0.1755 0.9716
vn 0.1776 0.1566 0.9716
vn 0.1780 0.1567 0.9715
vn 0.1876 0.1445 0.9716
vn 0.1877 0.1444 0.9716
vn 0.1970 0.1321 0.9715
vn 0.1972 0.1321 0.9714
vn 0.2108 0.1090 0.9714
vn 0.2219 0.0842 0.9714
vn 0.2217 0.0842 0.9715
vn 0.2286 0.0623 0.9715
vn 0.2284 0.0625 0.9716
vn 0.2336 0.0399 0.9715
vn 0.2330 0.0402 0.9716
vn 0.2358 0.0159 0.9717
vn 0.2369 0.0153 0.9714
vn 0.3384 0.0001 0.9410
vn 0.1740 -0.0136 0.9847
vn 0.2371 0.0001 0.9715
vn 0.4827 0.0039 0.8758
vn 0.3436 -0.0070 0.9391
vn 0.8186 -0.0000 0.5743
vn 0.7978 -0.0000 0.6030
vn 0.7170 -0.0028 0.6971
vn 0.6587 -0.0129 0.7523
vn 0.6578 0.0104 0.7531
vn 0.6598 -0.0000 0.7514
vn 0.6596 0.0001 0.7516
vn 0.6593 -0.0000 0.7518
vn 0.6593 0.0038 0.7518
vn 0.6045 -0.0248 0.7962
vn -0.5543 -0.1703 0.8147
vn -0.4206 -0.1122 0.9003
vn -0.0529 -0.4750 0.8784
vn 0.0004 -0.0013 1.0000
vn -0.0142 -0.0158 0.9998
vn 0.0045 -0.0535 0.9986
vn -0.0422 -0.1002 0.9941
vn -0.0057 -0.1906 0.9817
vn -0.0373 -0.2223 0.9743
vn -0.0510 -0.2564 0.9652
vn -0.0003 -0.0003 1.0000
vn -0.0213 -0.0213 0.9995
vn -0.0885 -0.0885 0.9921
vn -0.0886 -0.0882 0.9922
vn -0.1437 -0.1430 0.9792
vn -0.1439 -0.1435 0.9791
vn -0.2765 -0.0703 0.9584
vn -0.2357 -0.0297 0.9714
vn -0.2453 -0.0590 0.9676
vn -0.1841 0.0015 0.9829
vn -0.1204 -0.0625 0.9907
vn -0.0534 0.0046 0.9986
vn -0.0222 -0.0206 0.9995
vn -0.0012 0.0004 1.0000
vn -0.3418 -0.0327 0.9392
vn -0.3496 -0.0663 0.9346
vn -0.1951 -0.1997 0.9602
vn -0.1963 -0.1958 0.9608
vn -0.0497 -0.3689 0.9281
vn -0.0680 -0.2733 0.9595
vn -0.4678 -0.0805 0.8802
vn -0.4617 -0.1441 0.8753
vn -0.2852 -0.3041 0.9090
vn -0.2865 -0.2933 0.9121
vn -0.1346 -0.4648 0.8751
vn -0.0939 -0.4146 0.9052
vn -0.5882 -0.1429 0.7960
vn -0.6099 -0.1854 0.7705
vn -0.3753 -0.4152 0.8287
vn -0.3753 -0.4002 0.8361
vn -0.1223 -0.6467 0.7529
vn -0.1233 -0.5525 0.8244
vn -0.6945 -0.2107 0.6879
vn -0.7037 -0.2687 0.6577
vn -0.4594 -0.5220 0.7187
vn -0.4578 -0.5065 0.7307
vn -0.1569 -0.7611 0.6293
vn -0.1533 -0.6817 0.7154
vn -0.5453 -0.0256 0.8378
vn -0.9689 -0.2053 0.1384
vn -0.8677 -0.1485 0.4744
vn -0.8678 -0.1485 0.4742
vn -0.9122 -0.2193 0.3463
vn -0.5451 -0.0256 0.8380
vn -0.6042 -0.1297 0.7862
vn -0.6089 -0.0930 0.7878
vn -0.6299 -0.1074 0.7692
vn -0.7133 -0.1908 0.6744
vn -0.0003 -0.0000 1.0000
vn -0.0442 -0.0000 0.9990
vn -0.1532 -0.0146 0.9881
vn -0.2795 -0.0685 0.9577
vn -0.2222 -0.0101 0.9749
vn -0.2199 -0.1018 0.9702
vn -0.1899 -0.0543 0.9803
vn -0.9063 -0.3117 0.2853
vn -0.9259 -0.2460 0.2868
vn -0.9258 -0.2461 0.2869
vn -0.8941 -0.3442 0.2866
vn -0.8940 -0.3442 0.2867
vn -0.8941 -0.3442 0.2867
vn -0.8435 -0.4542 0.2867
vn -0.8435 -0.4542 0.2868
vn -0.7912 -0.5399 0.2871
vn -0.7913 -0.5399 0.2871
vn -0.7309 -0.6193 0.2868
vn -0.6475 -0.7060 0.2868
vn -0.5686 -0.7709 0.2870
vn -0.5687 -0.7709 0.2870
vn -0.4836 -0.8270 0.2867
vn -0.3753 -0.8815 0.2867
vn -0.3753 -0.8815 0.2866
vn -0.3753 -0.8815 0.2865
vn -0.2832 -0.9151 0.2869
vn -0.2833 -0.9151 0.2868
vn -0.1886 -0.9393 0.2865
vn -0.1887 -0.9394 0.2864
vn -0.1886 -0.9394 0.2863
vn -0.0643 -0.9560 0.2862
vn -0.0642 -0.9560 0.2862
vn -0.6834 -0.1249 0.7192
vn -0.6716 -0.1784 0.7191
vn -0.6716 -0.1785 0.7191
vn -0.6488 -0.2498 0.7188
vn -0.6121 -0.3296 0.7188
vn -0.6120 -0.3296 0.7189
vn -0.5739 -0.3916 0.7192
vn -0.5739 -0.3916 0.7193
vn -0.5304 -0.4494 0.7189
vn -0.5303 -0.4494 0.7189
vn -0.4698 -0.5123 0.7189
vn -0.4699 -0.5123 0.7189
vn -0.4124 -0.5591 0.7192
vn -0.3509 -0.6001 0.7189
vn -0.3509 -0.6001 0.7188
vn -0.2723 -0.6397 0.7188
vn -0.2724 -0.6397 0.7188
vn -0.2054 -0.6637 0.7192
vn -0.2055 -0.6638 0.7192
vn -0.1369 -0.6817 0.7187
vn -0.0466 -0.6939 0.7186
vn -0.0465 -0.6939 0.7186
vn -0.2519 -0.0259 0.9674
vn -0.2508 -0.0382 0.9673
vn -0.2507 -0.0383 0.9673
vn -0.2449 -0.0651 0.9674
vn -0.2367 -0.0911 0.9673
vn -0.2366 -0.0911 0.9673
vn -0.2233 -0.1202 0.9673
vn -0.2232 -0.1202 0.9673
vn -0.2092 -0.1428 0.9674
vn -0.1935 -0.1639 0.9673
vn -0.1714 -0.1869 0.9673
vn -0.1504 -0.2039 0.9674
vn -0.1280 -0.2189 0.9673
vn -0.0993 -0.2333 0.9673
vn -0.0994 -0.2334 0.9673
vn -0.0749 -0.2420 0.9674
vn -0.0499 -0.2487 0.9673
vn -0.0170 -0.2532 0.9673
vn -0.0169 -0.2531 0.9673
vn -0.0001 -0.9580 0.2868
vn 0.0004 -0.8166 0.5772
vn -0.0000 -0.0837 0.9965
vn -0.0061 -0.2251 0.9743
vn 0.0004 -0.6947 0.7193
vn -0.0258 -0.8112 0.5842
vn -0.0129 -0.7296 0.6838
vn -0.0041 -0.6442 0.7648
vn 0.0010 -0.5143 0.8576
vn 0.0009 -0.2532 0.9674
vn -0.0337 -0.4917 0.8701
vn -0.0161 -0.3541 0.9351
vn -0.0000 -0.9580 0.2868
vn -0.0318 -0.9956 0.0885
vn -0.0276 -0.9925 0.1191
vn -0.0179 -0.9813 0.1917
vn -0.0055 -0.9434 0.3316
vn -0.0003 -0.8904 0.4553
vn -0.0000 -0.2532 0.9674
vn -0.0000 -0.6947 0.7193
vn -0.0000 -0.9580 0.2867
vn -0.0001 -0.9580 0.2867
vn -0.0000 -0.0000 1.0000
vn 0.0005 0.4854 0.8743
vn -0.0042 0.6030 0.7977
vn -0.0183 0.7012 0.7128
vn -0.0000 0.0768 0.9970
vn -0.0080 0.2166 0.9762
vn -0.0226 0.3487 0.9370
vn 0.0035 0.2353 0.9719
vn 0.0209 0.6534 0.7567
vn 0.0050 0.6594 0.7518
vn -0.0000 0.6594 0.7518
vn 0.0083 0.2377 0.9713
vn -0.0000 0.2377 0.9713
vn -0.0027 0.2377 0.9713
vn 0.0005 0.4855 0.8742
vn -0.0000 0.6593 0.7518
vn -0.0089 0.6593 0.7518
vn -0.0000 0.7872 0.6167
vn -0.9400 -0.3388 0.0411
vn -0.9779 -0.2072 0.0265
vn -0.9473 -0.3169 0.0476
vn -0.9332 -0.3593 0.0110
vn -0.9656 -0.2566 0.0417
vn -0.9286 -0.3693 0.0355
vn -0.8994 -0.4338 0.0540
vn -0.9235 -0.3817 0.0375
vn -0.9319 -0.3607 0.0386
vn -0.9235 -0.3816 0.0375
vn -0.9326 -0.3590 0.0374
vn -0.9002 -0.4342 0.0332
vn -0.8798 -0.4738 0.0377
vn -0.8392 -0.5427 0.0332
vn -0.8255 -0.5633 0.0340
vn -0.7087 -0.7047 0.0333
vn -0.7624 -0.6460 0.0378
vn -0.8256 -0.5633 0.0340
vn -0.8392 -0.5427 0.0358
vn -0.7780 -0.6273 0.0353
vn -0.5935 -0.8046 0.0183
vn -0.6755 -0.7366 0.0339
vn -0.7079 -0.7040 0.0567
vn -0.6160 -0.7869 0.0363
vn -0.5047 -0.8626 0.0346
vn -0.5287 -0.8481 0.0350
vn -0.5045 -0.8627 0.0347
vn -0.5284 -0.8481 0.0393
vn -0.3916 -0.9197 0.0303
vn -0.4350 -0.8997 0.0377
vn -0.3915 -0.9195 0.0370
vn -0.4349 -0.8996 0.0406
vn -0.2956 -0.9548 0.0314
vn -0.3193 -0.9470 0.0353
vn -0.1968 -0.9798 0.0351
vn -0.1950 -0.9802 0.0349
vn -0.1968 -0.9798 0.0350
vn -0.1950 -0.9802 0.0348
vn -0.0671 -0.9971 0.0353
vn -0.0589 -0.9977 0.0345
vn -0.0671 -0.9971 0.0347
vn -0.0000 -0.9994 0.0349
vn -0.0000 -0.9994 0.0346
vn -0.0000 -0.9994 0.0350
vn 0.0027 -0.9994 0.0354
vn -0.0589 -0.9977 0.0340
vn -0.0001 -0.9994 0.0348
vn 0.8192 -0.0000 0.5736
vn -0.0000 0.8136 0.5814
vn 0.0206 0.8140 0.5805
vn -0.0000 0.8191 0.5736
vn -0.0000 0.8192 0.5736
vn 0.0129 0.8138 0.5809
vn 0.0441 0.8112 0.5831
vn 0.0628 0.8104 0.5825
vn 0.0661 0.8094 0.5835
vn 0.1400 0.7887 0.5986
vn 0.0673 0.8149 0.5757
vn 0.0940 0.8109 0.5776
vn 0.1424 0.8022 0.5798
vn 0.1299 0.8070 0.5761
vn 0.2297 0.7803 0.5817
vn 0.2020 0.7958 0.5709
vn 0.3134 0.7410 0.5939
vn 0.2032 0.8001 0.5644
vn 0.2585 0.7758 0.5756
vn 0.3182 0.7521 0.5771
vn 0.3147 0.7544 0.5760
vn 0.4008 0.7099 0.5791
vn 0.3833 0.7255 0.5715
vn 0.4739 0.6562 0.5872
vn 0.3842 0.7269 0.5692
vn 0.4444 0.6839 0.5785
vn 0.4795 0.6639 0.5738
vn 0.4957 0.6489 0.5772
vn 0.5490 0.6059 0.5758
vn 0.5453 0.6107 0.5741
vn 0.5497 0.6065 0.5745
vn 0.5963 0.5574 0.5777
vn 0.6153 0.5414 0.5729
vn 0.6464 0.4973 0.5787
vn 0.6438 0.5015 0.5780
vn 0.6809 0.4560 0.5731
vn 0.6841 0.4501 0.5739
vn 0.6805 0.4558 0.5738
vn 0.6837 0.4499 0.5746
vn 0.7256 0.3751 0.5769
vn 0.7202 0.3949 0.5703
vn 0.7614 0.2893 0.5802
vn 0.7532 0.3282 0.5701
vn 0.7779 0.2583 0.5729
vn 0.7647 0.2906 0.5752
vn 0.7749 0.2574 0.5773
vn 0.7899 0.2160 0.5739
vn 0.7937 0.1937 0.5766
vn 0.8078 0.1393 0.5727
vn 0.8082 0.1288 0.5746
vn 0.8172 0.0701 0.5721
vn 0.8017 0.1382 0.5816
vn 0.8150 0.0699 0.5752
vn 0.8181 0.0526 0.5726
vn 0.8174 0.0416 0.5745
vn 0.8161 0.0065 0.5779
vn 0.8155 -0.0000 0.5788
vn 0.8200 0.0190 0.5721
vn 0.8192 0.0019 0.5735
vn 0.7396 -0.2559 0.6225
vn 0.8188 -0.0001 0.5741
vn 0.8156 -0.0127 0.5785
vn 0.8156 -0.0128 0.5784
vn 0.8026 -0.0596 0.5935
vn 0.8031 -0.0600 0.5928
vn 0.8032 -0.0600 0.5927
vn 0.7906 -0.1019 0.6038
vn 0.8183 0.0001 0.5747
vn 0.8156 -0.0106 0.5785
vn 0.7865 0.0039 0.6176
vn 0.7749 -0.0365 0.6311
vn 0.6758 0.0091 0.7370
vn 0.6630 -0.0324 0.7479
vn 0.6376 -0.0073 0.7703
vn 0.7793 -0.1429 0.6101
vn 0.7776 -0.1424 0.6124
vn 0.7909 -0.1025 0.6033
vn 0.6299 -0.0312 0.7760
vn 0.5231 -0.0257 0.8519
vn 0.5030 -0.0007 0.8643
vn 0.8190 -0.0002 0.5738
vn 0.8190 -0.0002 0.5739
vn 0.8157 -0.0128 0.5783
vn 0.8015 -0.0035 0.5980
vn 0.7883 -0.0508 0.6131
vn 0.7442 -0.0229 0.6676
vn 0.7304 -0.0683 0.6796
vn 0.7199 -0.0546 0.6919
vn 0.7035 -0.1036 0.7031
vn 0.6553 -0.0708 0.7520
vn 0.6293 -0.1439 0.7638
vn 0.5785 -0.1071 0.8086
vn 0.4900 -0.0382 0.8709
vn 0.3610 -0.0414 0.9317
vn 0.3504 -0.0084 0.9366
vn 0.1856 -0.0159 0.9825
vn 0.3177 -0.0942 0.9435
vn 0.4947 -0.1431 0.8572
vn 0.5491 -0.1846 0.8151
vn 0.7395 -0.2559 0.6226
vn 0.7597 -0.2022 0.6180
vn 0.7587 -0.2011 0.6196
vn 0.1680 -0.0688 0.9834
vn 0.1662 -0.0658 0.9839
vn 0.4812 -0.1992 0.8537
vn 0.4766 -0.1905 0.8582
vn 0.7307 -0.3036 0.6114
vn 0.7264 -0.2904 0.6229
vn 0.1725 -0.0785 0.9819
vn 0.1661 -0.0734 0.9834
vn 0.4919 -0.2260 0.8408
vn 0.4758 -0.2118 0.8537
vn 0.7403 -0.3415 0.5790
vn 0.7230 -0.3217 0.6114
vn 0.0075 -0.7902 0.6128
vn 0.0001 -0.8209 0.5711
vn -0.0000 -0.8465 0.5324
vn 0.0276 -0.7427 0.6691
vn -0.0788 -0.7445 0.6630
vn 0.0529 -0.6425 0.7644
vn -0.1228 -0.5530 0.8241
vn -0.0066 -0.5397 0.8418
vn -0.0066 -0.5244 0.8514
vn 0.0752 -0.2525 0.9647
vn -0.0962 0.0082 0.9953
vn -0.0005 -0.0433 0.9991
vn -0.0000 -0.0005 1.0000
vn 0.0110 -0.4379 0.8990
vn -0.0768 -0.4402 0.8946
vn 0.0591 -0.4113 0.9096
vn -0.1290 -0.1605 0.9786
vn -0.0353 -0.2262 0.9734
vn -0.7663 -0.2872 0.5748
vn -0.2124 -0.8295 0.5166
vn -0.2200 -0.8635 0.4537
vn -0.2292 -0.8554 0.4645
vn -0.6148 -0.6997 0.3638
vn -0.6358 -0.6627 0.3957
vn -0.8914 -0.4070 0.1996
vn -0.9090 -0.3323 0.2517
vn -0.2079 -0.8308 0.5163
vn -0.2069 -0.8272 0.5223
vn -0.5835 -0.6534 0.4822
vn -0.5963 -0.6191 0.5110
vn -0.8578 -0.3668 0.3601
vn -0.8645 -0.2934 0.4080
vn -0.1887 -0.7978 0.5726
vn -0.1893 -0.7967 0.5740
vn -0.5340 -0.6068 0.5887
vn -0.5406 -0.5754 0.6138
vn -0.7987 -0.3223 0.5081
vn -0.7944 -0.2536 0.5519
vn -0.0000 0.9994 0.0349
vn -0.0000 0.9994 0.0350
vn -0.0000 0.9994 0.0347
vn 0.0211 0.9992 0.0352
vn 0.0587 0.9976 0.0372
vn 0.0005 0.9994 0.0358
vn 0.0001 0.9994 0.0346
vn 0.0004 0.9994 0.0346
vn -0.0000 0.9994 0.0346
vn 0.0008 0.9994 0.0346
vn 0.9994 -0.0002 0.0352
vn 0.9994 0.0002 0.0352
vn 0.9994 0.0023 0.0348
vn 0.9990 0.0271 0.0352
vn 0.9991 0.0245 0.0354
vn 0.9956 0.0878 0.0338
vn 0.9962 0.0801 0.0351
vn 0.9849 0.1698 0.0345
vn 0.9861 0.1624 0.0349
vn 0.9848 0.1699 0.0349
vn 0.9861 0.1624 0.0361
vn 0.9702 0.2401 0.0342
vn 0.9700 0.2409 0.0341
vn 0.9504 0.3088 0.0361
vn 0.9475 0.3179 0.0344
vn 0.9157 0.4003 0.0353
vn 0.9155 0.4008 0.0353
vn 0.9154 0.4010 0.0352
vn 0.8721 0.4881 0.0345
vn 0.8759 0.4811 0.0362
vn 0.8356 0.5483 0.0342
vn 0.8350 0.5491 0.0341
vn 0.7951 0.6054 0.0350
vn 0.8350 0.5492 0.0352
vn 0.7951 0.6054 0.0361
vn 0.7891 0.6133 0.0344
vn 0.7324 0.6799 0.0354
vn 0.7315 0.6809 0.0351
vn 0.6624 0.7484 0.0345
vn 0.6680 0.7434 0.0354
vn 0.6624 0.7483 0.0354
vn 0.6679 0.7433 0.0361
vn 0.6078 0.7934 0.0342
vn 0.6100 0.7917 0.0345
vn 0.5504 0.8341 0.0354
vn 0.5488 0.8352 0.0351
vn 0.4664 0.8839 0.0346
vn 0.4724 0.8807 0.0355
vn 0.4664 0.8839 0.0354
vn 0.4723 0.8807 0.0360
vn 0.3774 0.9255 0.0336
vn 0.3917 0.9193 0.0370
vn 0.3195 0.9470 0.0339
vn 0.3243 0.9453 0.0344
vn 0.2608 0.9647 0.0357
vn 0.2554 0.9662 0.0348
vn 0.2610 0.9647 0.0349
vn 0.2555 0.9662 0.0347
vn 0.1652 0.9856 0.0349
vn 0.1698 0.9848 0.0358
vn 0.0774 0.9964 0.0338
vn 0.9994 -0.0000 0.0352
vn 0.9994 -0.0001 0.0352
vn 0.9994 -0.0000 0.0351
vn 0.9994 -0.0002 0.0349
vn 0.9994 -0.0000 0.0349
vn 0.9994 0.0066 0.0345
vn 0.9994 0.0051 0.0349
vn 0.9994 0.0013 0.0349
vn 0.9994 0.0066 -0.0345
vn 0.9994 0.0013 -0.0349
vn 0.9994 0.0051 -0.0349
vn 0.9994 0.0212 -0.0280
vn 0.9994 0.0143 -0.0321
vn 0.9994 0.0315 -0.0156
vn 0.9994 0.0271 -0.0224
vn 0.9994 0.0351 -0.0000
vn 0.9994 0.0342 -0.0080
vn 0.9994 0.0315 0.0156
vn 0.9994 0.0342 0.0080
vn 0.9994 0.0212 0.0280
vn 0.9994 0.0271 0.0224
vn 0.9994 0.0143 0.0321
vn 0.1456 0.8850 0.4422
vn 0.8704 -0.0000 0.4924
vn -0.0000 0.9970 0.0779
vn -0.0028 0.9646 0.2637
vn -0.0155 0.9008 0.4340
vn 0.0025 0.9406 0.3394
vn 0.9483 0.0046 0.3173
vn 0.9914 -0.0000 0.1305
vn 0.9877 -0.0113 0.1557
vn 0.9840 -0.0000 0.1779
vn 0.8929 -0.0092 0.4501
vn 0.8930 -0.0000 0.4501
vn 0.8929 0.0001 0.4502
vn 0.8928 -0.0000 0.4504
vn 0.9840 -0.0001 0.1783
vn 0.9840 -0.0003 0.1781
vn 0.9840 -0.0001 0.1779
vn 0.8927 -0.0033 0.4507
vn 0.8926 0.0187 0.4504
vn 0.8932 0.0161 0.4494
vn 0.8918 0.0536 0.4493
vn 0.8891 0.0763 0.4514
vn 0.8906 0.0661 0.4500
vn 0.9810 0.0781 0.1774
vn 0.9837 0.0286 0.1777
vn 0.9843 0.0127 0.1758
vn 0.9840 0.0048 0.1783
vn 0.9840 -0.0000 0.1783
vn 0.8904 0.0765 0.4486
vn 0.8824 0.1407 0.4490
vn 0.8819 0.1421 0.4495
vn 0.8675 0.2117 0.4501
vn 0.8671 0.2128 0.4504
vn 0.8472 0.2814 0.4507
vn 0.8468 0.2822 0.4508
vn 0.9331 0.3122 0.1783
vn 0.9555 0.2355 0.1779
vn 0.9553 0.2361 0.1781
vn 0.9714 0.1578 0.1775
vn 0.9712 0.1586 0.1777
vn 0.9714 0.1577 0.1778
vn 0.9812 0.0769 0.1771
vn 0.8625 0.4735 0.1785
vn 0.9016 0.3941 0.1784
vn 0.9015 0.3943 0.1784
vn 0.9333 0.3117 0.1781
vn 0.8471 0.2813 0.4509
vn 0.8181 0.3565 0.4513
vn 0.8177 0.3570 0.4515
vn 0.7824 0.4289 0.4516
vn 0.7821 0.4292 0.4517
vn 0.7453 0.4902 0.4519
vn 0.7452 0.4903 0.4519
vn 0.7200 0.6707 0.1783
vn 0.7766 0.6042 0.1786
vn 0.7768 0.6040 0.1785
vn 0.8220 0.5408 0.1786
vn 0.8221 0.5406 0.1786
vn 0.8220 0.5407 0.1786
vn 0.8626 0.4734 0.1785
vn 0.7039 0.5481 0.4517
vn 0.7040 0.5481 0.4517
vn 0.6520 0.6091 0.4515
vn 0.6523 0.6089 0.4514
vn 0.5946 0.6656 0.4511
vn 0.5950 0.6652 0.4510
vn 0.5395 0.8230 0.1776
vn 0.5992 0.7805 0.1782
vn 0.5999 0.7800 0.1780
vn 0.6566 0.7328 0.1784
vn 0.6572 0.7324 0.1783
vn 0.6567 0.7328 0.1781
vn 0.7196 0.6710 0.1785
vn 0.5947 0.6656 0.4509
vn 0.5422 0.7092 0.4507
vn 0.5428 0.7088 0.4505
vn 0.4870 0.7486 0.4499
vn 0.4879 0.7482 0.4496
vn 0.4179 0.7898 0.4489
vn 0.4189 0.7893 0.4488
vn 0.3175 0.9317 0.1764
vn 0.3828 0.9067 0.1772
vn 0.3843 0.9061 0.1767
vn 0.4627 0.8685 0.1776
vn 0.4640 0.8679 0.1775
vn 0.4629 0.8685 0.1772
vn 0.5385 0.8236 0.1780
vn 0.4179 0.7901 0.4485
vn 0.3447 0.8251 0.4476
vn 0.3463 0.8247 0.4471
vn 0.2834 0.8487 0.4465
vn 0.2852 0.8483 0.4461
vn 0.2209 0.8679 0.4449
vn 0.2230 0.8674 0.4448
vn 0.2210 0.8682 0.4443
vn 0.1431 0.8851 0.4429
vn 0.0658 0.8952 0.4407
vn 0.1031 0.8833 0.4574
vn 0.0853 0.8892 0.4496
vn 0.0356 0.9833 0.1786
vn 0.0791 0.9811 0.1764
vn 0.0845 0.9811 0.1741
vn 0.1625 0.9710 0.1756
vn 0.1648 0.9707 0.1749
vn 0.2475 0.9527 0.1763
vn 0.2494 0.9522 0.1762
vn 0.2475 0.9528 0.1756
vn 0.3158 0.9322 0.1767
vn 0.0099 0.8905 0.4549
vn 0.0126 0.8890 0.4577
vn 0.0482 0.8909 0.4517
vn -0.0000 0.8346 0.5508
vn -0.0117 0.8634 0.5044
vn -0.0000 0.8509 0.5253
vn -0.0225 0.8928 0.4500
vn -0.0000 0.8930 0.4501
vn -0.0201 0.9838 0.1783
vn -0.0203 0.9838 0.1779
vn 0.0036 0.9840 0.1779
vn 0.0040 0.9839 0.1785
vn 0.8249 -0.0400 -0.5638
vn 0.8186 -0.2981 0.4909
vn 0.8150 -0.1209 0.5667
vn 0.8194 -0.0732 0.5685
vn 0.8191 -0.0406 0.5722
vn 0.8146 -0.0692 0.5759
vn 0.8210 0.0447 0.5692
vn 0.8124 -0.0101 0.5830
vn 0.8141 0.0034 0.5806
vn 0.8183 -0.2849 0.4992
vn 0.8145 -0.2958 0.4991
vn 0.8234 -0.2048 0.5292
vn 0.8247 -0.0400 0.5642
vn 0.8168 -0.1259 0.5629
vn 0.8205 -0.1735 0.5446
vn 0.8173 -0.2080 0.5374
vn 0.8171 -0.1709 0.5507
vn 0.8147 -0.2373 0.5291
vn 0.8319 -0.3796 0.4049
vn 0.8155 -0.3334 0.4730
vn 0.8310 -0.2757 0.4832
vn 0.8121 -0.3614 0.4582
vn 0.8213 -0.3902 -0.4162
vn 0.8104 -0.3628 -0.4600
vn 0.8177 -0.3532 -0.4546
vn 0.8195 -0.2841 -0.4978
vn 0.8186 -0.2982 -0.4909
vn 0.8147 -0.2377 -0.5290
vn 0.8171 -0.1718 -0.5503
vn 0.8186 -0.2983 -0.4908
vn 0.8157 -0.2867 -0.5024
vn 0.8235 -0.2048 -0.5291
vn 0.8217 -0.2058 -0.5315
vn 0.8169 -0.1259 -0.5629
vn 0.8189 -0.0463 -0.5721
vn 0.8189 -0.0462 -0.5721
vn 0.8165 -0.1114 -0.5665
vn 0.8119 0.0053 -0.5838
vn 0.8183 -0.0407 -0.5734
vn 0.8185 0.0450 -0.5727
vn 0.8190 0.0210 -0.5734
vn 0.8174 0.0330 -0.5751
vn 0.8175 0.1079 -0.5657
vn 0.8185 0.0450 -0.5728
vn 0.8204 0.1072 -0.5617
vn 0.8184 0.1297 -0.5598
vn 0.8173 0.2343 -0.5264
vn 0.8186 0.2114 -0.5340
vn 0.8204 0.2326 -0.5223
vn 0.8178 0.2890 -0.4977
vn 0.8172 0.3485 -0.4591
vn 0.8183 0.2886 -0.4970
vn 0.8201 0.3460 -0.4558
vn 0.8187 0.3590 -0.4482
vn 0.8164 0.4450 -0.3680
vn 0.8184 0.4220 -0.3901
vn 0.8206 0.4404 -0.3643
vn 0.8178 0.4760 -0.3235
vn 0.8168 0.5167 -0.2566
vn 0.8168 0.5167 -0.2565
vn 0.8249 0.4675 -0.3177
vn 0.8190 0.5173 -0.2484
vn 0.8156 0.5633 -0.1324
vn 0.8181 0.5496 -0.1691
vn 0.8167 0.5618 -0.1318
vn 0.8216 0.5448 -0.1676
vn 0.8077 0.5896 -0.0000
vn 0.8180 0.5689 -0.0855
vn 0.8193 0.5734 -0.0000
vn 0.8180 0.5689 0.0855
vn 0.8164 0.5775 -0.0000
vn 0.8179 0.5690 0.0856
vn 0.8207 0.5563 0.1305
vn 0.8181 0.5496 0.1691
vn 0.8167 0.5618 0.1316
vn 0.8180 0.5498 0.1691
vn 0.8188 0.5143 0.2553
vn 0.8196 0.5164 0.2480
vn 0.8181 0.4756 0.3232
vn 0.8168 0.5167 0.2566
vn 0.8178 0.4760 0.3235
vn 0.8206 0.4404 0.3643
vn 0.8184 0.4220 0.3901
vn 0.8173 0.4440 0.3672
vn 0.8204 0.1072 0.5617
vn 0.8185 0.0450 0.5728
vn 0.8175 0.1079 0.5657
vn 0.8174 0.0330 0.5751
vn 0.8190 0.0210 0.5734
vn 0.8182 0.4222 0.3903
vn 0.8187 0.3590 0.4482
vn 0.8201 0.3460 0.4558
vn 0.8183 0.2886 0.4970
vn 0.8172 0.3485 0.4591
vn 0.8178 0.2890 0.4977
vn 0.8204 0.2326 0.5223
vn 0.8186 0.2114 0.5340
vn 0.8178 0.2340 0.5257
vn 0.8184 0.2115 0.5343
vn 0.8184 0.1297 0.5598
vn 0.9913 0.1012 0.0837
vn 0.9913 0.1279 -0.0300
vn 0.8861 -0.1235 -0.4467
vn 0.9483 0.0116 0.3173
vn 0.9914 0.0048 0.1305
vn 0.9458 0.2761 -0.1710
vn 0.9321 -0.1608 -0.3245
vn 0.9754 -0.1693 -0.1412
vn 0.9840 0.0065 -0.1779
vn 0.8861 -0.1235 -0.4466
vn 0.8702 0.0181 -0.4923
vn 0.8689 0.0927 -0.4861
vn 0.8689 0.2013 -0.4521
vn 0.8689 0.2992 -0.3942
vn 0.8689 0.3814 -0.3154
vn 0.8689 0.3813 -0.3155
vn 0.8689 0.4432 -0.2201
vn 0.8689 0.4433 -0.2200
vn 0.8689 0.4949 -0.0000
vn 0.8689 0.4819 -0.1129
vn 0.8689 0.4818 -0.1130
vn 0.8690 0.4949 -0.0000
vn 0.8689 0.4818 0.1130
vn 0.8689 0.4819 0.1129
vn 0.8689 0.4433 0.2200
vn 0.8689 0.4432 0.2201
vn 0.8689 0.3813 0.3155
vn 0.8689 0.3814 0.3154
vn 0.8689 0.2992 0.3942
vn 0.8689 0.2013 0.4521
vn 0.8702 0.0181 0.4923
vn 0.8689 0.0927 0.4861
vn 0.9477 0.3108 -0.0729
vn 0.9477 0.2859 -0.1419
vn 0.9477 0.2459 -0.2035
vn 0.9477 0.2459 0.2035
vn 0.9477 0.2859 0.1419
vn 0.9477 0.3108 0.0729
vn 0.9477 0.0598 0.3135
vn 0.9477 0.1298 0.2916
vn 0.9913 0.0246 -0.1291
vn 0.9477 0.0598 -0.3135
vn 0.9477 0.1298 -0.2916
vn 0.9913 0.0534 -0.1200
vn 0.9477 0.1930 -0.2543
vn 0.9913 0.0794 -0.1047
vn 0.9913 0.1177 -0.0584
vn 0.9913 0.1012 -0.0838
vn 0.9913 0.0794 -0.1046
vn 0.9477 0.3192 -0.0000
vn 0.9913 0.1314 -0.0000
vn 0.9913 0.1012 0.0838
vn 0.9913 0.1177 0.0584
vn 0.9913 0.1279 0.0300
vn 0.9477 0.1930 0.2542
vn 0.9477 0.1930 0.2543
vn 0.9913 0.0794 0.1047
vn 0.9913 0.0794 0.1046
vn 0.9913 0.0246 0.1291
vn 0.9913 0.0534 0.1200
vn 0.1631 -0.0859 0.9829
vn 0.1651 -0.0938 0.9818
vn 0.4699 -0.2406 0.8493
vn 0.4734 -0.2635 0.8405
vn 0.1470 -0.0967 0.9844
vn 0.1514 -0.1062 0.9827
vn 0.4258 -0.2739 0.8624
vn 0.4356 -0.2999 0.8487
vn 0.5742 -0.5185 0.6336
vn 0.6520 -0.4160 0.6339
vn 0.6593 -0.4536 0.5996
vn 0.7133 -0.3615 0.6005
vn 0.7126 -0.3970 0.5785
vn 0.1273 -0.1106 0.9857
vn 0.1300 -0.1192 0.9843
vn 0.3704 -0.3159 0.8735
vn 0.3807 -0.3335 0.8624
vn 0.3595 -0.3271 0.8739
vn 0.5837 -0.4930 0.6452
vn 0.5527 -0.5047 0.6632
vn 0.0007 -0.8468 0.5318
vn 0.0220 -0.8376 0.5459
vn 0.0215 -0.8371 0.5466
vn 0.0544 -0.8219 0.5671
vn 0.0544 -0.8218 0.5671
vn 0.1119 -0.7916 0.6007
vn -0.0003 -0.8460 0.5332
vn 0.0136 -0.8401 0.5423
vn -0.0042 -0.8143 0.5805
vn 0.0168 -0.8045 0.5937
vn 0.0143 -0.7852 0.6191
vn 0.0441 -0.7698 0.6367
vn 0.0160 -0.6953 0.7185
vn 0.0653 -0.6653 0.7437
vn 0.0601 -0.5778 0.8140
vn 0.2689 -0.6859 0.6761
vn 0.2032 -0.7324 0.6498
vn 0.2034 -0.7335 0.6485
vn 0.2044 -0.7332 0.6486
vn 0.1113 -0.7908 0.6019
vn 0.3325 -0.6317 0.7003
vn 0.3315 -0.6341 0.6986
vn 0.3346 -0.6331 0.6980
vn 0.2695 -0.6846 0.6773
vn 0.0454 -0.1911 0.9805
vn 0.0250 -0.5885 0.8081
vn 0.0694 -0.5575 0.8273
vn 0.0969 -0.4897 0.8665
vn 0.0973 -0.4893 0.8666
vn 0.1088 -0.3648 0.9247
vn 0.2262 -0.2568 0.9396
vn 0.4716 -0.5831 0.6616
vn 0.4697 -0.5068 0.7229
vn 0.2690 -0.4141 0.8696
vn -0.8411 -0.5395 0.0380
vn -0.5642 -0.8247 0.0397
vn -0.1981 -0.9796 0.0350
vn -0.8417 -0.5386 0.0390
vn -0.8415 -0.5380 0.0496
vn -0.8465 -0.5297 0.0529
vn -0.8467 -0.5280 0.0652
vn -0.8554 -0.5131 0.0707
vn -0.8559 -0.5106 0.0824
vn -0.8702 -0.4848 0.0881
vn -0.5650 -0.8241 0.0407
vn -0.5642 -0.8221 0.0758
vn -0.5690 -0.8186 0.0780
vn -0.5696 -0.8126 0.1233
vn -0.5771 -0.8068 0.1268
vn -0.5787 -0.7971 0.1724
vn -0.5910 -0.7872 0.1764
vn -0.2118 -0.9278 0.3072
vn -0.2075 -0.9499 0.2337
vn -0.2052 -0.9506 0.2329
vn -0.2026 -0.9658 0.1619
vn -0.2009 -0.9663 0.1611
vn -0.1999 -0.9756 0.0907
vn -0.1992 -0.9758 0.0898
vn -0.1979 -0.9760 0.0907
vn -0.1990 -0.9793 0.0361
vn -0.2144 -0.9273 0.3069
vn -0.2124 -0.9281 0.3058
vn -0.6082 -0.7603 0.2280
vn -0.5938 -0.7729 0.2236
vn -0.8871 -0.4491 0.1065
vn -0.8709 -0.4810 0.1005
vn -0.2237 -0.8972 0.3807
vn -0.2193 -0.8989 0.3794
vn -0.6308 -0.7232 0.2812
vn -0.6115 -0.7410 0.2773
vn -0.9083 -0.3994 0.1244
vn -0.8881 -0.4434 0.1213
vn -0.5695 -0.3777 0.7300
vn -0.7259 -0.2570 0.6380
vn -0.7722 -0.2996 0.5603
vn -0.5941 -0.6289 0.5016
vn -0.5623 -0.5220 0.6413
vn -0.5367 -0.6967 0.4759
vn -0.5268 -0.6590 0.5368
vn -0.4880 -0.8143 0.3144
vn -0.4714 -0.7676 0.4342
vn -0.4162 -0.8696 0.2655
vn -0.4080 -0.8534 0.3245
vn -0.3655 -0.9064 0.2118
vn -0.3514 -0.9022 0.2502
vn -0.3612 -0.9087 0.2092
vn -0.3489 -0.9151 0.2021
vn -0.3444 -0.9045 0.2516
vn -0.3299 -0.9124 0.2421
vn -0.1340 -0.9891 0.0615
vn -0.1184 -0.9797 0.1617
vn -0.1364 -0.9838 0.1160
vn -0.1177 -0.9756 0.1855
vn -0.1246 -0.9781 0.1669
vn -0.1475 -0.9540 0.2611
vn -0.1428 -0.9485 0.2828
vn -0.1736 -0.9081 0.3812
vn -0.1724 -0.9049 0.3892
vn -0.1907 -0.8471 0.4961
vn -0.5322 -0.2974 0.7927
vn -0.5310 -0.4585 0.7126
vn -0.1677 -0.7692 0.6166
vn -0.1990 -0.8489 0.4896
vn -0.2238 -0.7471 0.6259
vn -0.2344 -0.7781 0.5827
vn -0.2243 -0.6358 0.7386
vn -0.1753 -0.5094 0.8425
vn -0.1747 -0.5400 0.8234
vn -0.4389 -0.0424 0.8975
vn -0.6699 -0.1401 0.7291
vn -0.4388 -0.0477 0.8973
vn -0.6874 -0.0154 0.7261
vn -0.6878 -0.0148 0.7258
vn -0.6914 -0.0419 0.7213
vn -0.6918 -0.0403 0.7209
vn -0.6983 -0.0683 0.7126
vn -0.6989 -0.0659 0.7122
vn -0.7234 -0.1367 0.6768
vn -0.7805 -0.0265 0.6246
vn -0.1636 -0.3979 0.9027
vn -0.1433 -0.3416 0.9289
vn -0.1597 -0.2751 0.9481
vn -0.1453 -0.2123 0.9663
vn -0.1554 -0.1713 0.9729
vn -0.1429 -0.0782 0.9866
vn -0.1507 -0.0633 0.9865
vn -0.4447 -0.2861 0.8487
vn -0.1728 -0.4725 0.8643
vn -0.1192 -0.4315 0.8942
vn -0.4352 -0.0458 0.8992
vn -0.4446 -0.1151 0.8883
vn -0.4399 -0.1310 0.8884
vn -0.4525 -0.1856 0.8723
vn -0.4446 -0.2127 0.8701
vn -0.4697 -0.2824 0.8365
vn -0.4567 -0.3082 0.8345
vn -0.1510 -0.0000 0.9885
vn -0.4393 -0.0000 0.8984
vn -0.4393 -0.0000 0.8983
vn -0.6875 -0.0000 0.7262
vn -0.1338 0.6878 0.7135
vn -0.4870 0.4699 0.7362
vn -0.7536 0.1649 0.6363
vn -0.2118 0.7236 0.6569
vn -0.1294 0.6143 0.7784
vn -0.2032 0.6521 0.7304
vn -0.1192 0.5170 0.8476
vn -0.1969 0.5476 0.8132
vn -0.1286 0.3989 0.9080
vn -0.1725 0.4451 0.8787
vn -0.1572 0.3784 0.9122
vn -0.1264 0.2925 0.9479
vn -0.1715 0.3274 0.9292
vn -0.1364 0.1721 0.9756
vn -0.1597 0.2009 0.9665
vn -0.1426 0.0590 0.9880
vn -0.1507 0.0710 0.9860
vn -0.4389 0.0389 0.8977
vn -0.5229 0.4809 0.7037
vn -0.4727 0.4152 0.7773
vn -0.5059 0.4275 0.7492
vn -0.4537 0.3452 0.8216
vn -0.4880 0.3537 0.7980
vn -0.4472 0.2648 0.8544
vn -0.4690 0.2800 0.8376
vn -0.4375 0.1932 0.8782
vn -0.4567 0.2055 0.8656
vn -0.4360 0.1141 0.8927
vn -0.4458 0.1246 0.8864
vn -0.4358 0.0419 0.8991
vn -0.4389 0.0437 0.8975
vn -0.7550 0.1651 0.6346
vn -0.7394 0.1449 0.6575
vn -0.7395 0.1449 0.6574
vn -0.7229 0.1190 0.6806
vn -0.7218 0.1188 0.6818
vn -0.7095 0.0921 0.6987
vn -0.7082 0.0912 0.7001
vn -0.6994 0.0670 0.7116
vn -0.6977 0.0661 0.7133
vn -0.6918 0.0401 0.7210
vn -0.6909 0.0391 0.7219
vn -0.6878 0.0140 0.7258
vn -0.6874 0.0136 0.7261
vn -0.8153 0.1869 0.5480
vn -0.8297 0.1791 0.5288
vn -0.5588 0.5177 0.6479
vn -0.5709 0.5147 0.6397
vn -0.1982 0.7519 0.6288
vn -0.2029 0.7520 0.6272
vn -0.5282 0.5147 0.6753
vn -0.5485 0.5039 0.6673
vn -0.1865 0.7485 0.6363
vn -0.1945 0.7469 0.6359
vn -0.7844 0.1988 0.5875
vn -0.7950 0.1606 0.5849
vn -0.7950 0.1605 0.5849
vn -0.8727 0.2841 0.3970
vn -0.2021 0.7564 0.6220
vn -0.2175 0.7734 0.5955
vn -0.5563 0.5096 0.6564
vn -0.6028 0.5635 0.5649
vn -0.8026 0.1444 0.5788
vn -0.8777 0.2625 0.4010
vn -0.1473 0.9856 0.0830
vn -0.2878 0.9538 0.0867
vn -0.2860 0.9470 0.1461
vn -0.4678 0.8732 0.1366
vn -0.4678 0.8732 0.1365
vn -0.4997 0.8325 0.2391
vn -0.5430 0.8161 0.1979
vn -0.5410 0.7826 0.3079
vn -0.6735 0.6959 0.2491
vn -0.6735 0.6959 0.2492
vn -0.7255 0.5403 0.4262
vn -0.7814 0.5297 0.3298
vn -0.7448 0.4363 0.5048
vn -0.8357 0.4166 0.3578
vn -0.8769 0.2941 0.3802
vn -0.7725 0.2910 0.5644
vn -0.6086 0.5946 0.5254
vn -0.2300 0.7989 0.5557
vn -0.1797 0.7800 0.5995
vn -0.2115 0.8416 0.4970
vn -0.1698 0.8277 0.5349
vn -0.1929 0.8869 0.4197
vn -0.1468 0.8820 0.4478
vn -0.5214 0.5753 0.6302
vn -0.5722 0.6761 0.4643
vn -0.4948 0.6674 0.5566
vn -0.5281 0.7560 0.3867
vn -0.4323 0.7771 0.4574
vn -0.4455 0.8472 0.2894
vn -0.3562 0.8699 0.3412
vn -0.3560 0.9095 0.2148
vn -0.3115 0.9147 0.2575
vn -0.3079 0.9396 0.1497
vn -0.2242 0.9591 0.1730
vn -0.2239 0.9699 0.0958
vn -0.1437 0.9829 0.1147
vn -0.1554 0.9271 0.3411
vn -0.1327 0.9388 0.3180
vn -0.1214 0.9320 0.3415
vn -0.1210 0.9619 0.2451
vn -0.1059 0.9598 0.2600
vn -0.1029 0.9808 0.1657
vn -0.0756 0.9815 0.1758
vn -0.0752 0.9914 0.1070
vn -0.1471 0.9855 0.0850
vn -0.0299 0.9992 0.0279
vn -0.0297 0.9992 0.0258
vn -0.1092 0.9938 0.0216
vn -0.1092 0.9938 0.0217
vn -0.0942 0.9950 0.0342
vn -0.0940 0.9954 0.0201
vn -0.0707 0.9970 0.0311
vn -0.0699 0.9974 0.0177
vn -0.0473 0.9984 0.0295
vn -0.0455 0.9988 0.0151
vn -0.0385 0.9989 0.0283
vn -0.0340 0.9991 0.0261
vn -0.1530 0.9877 0.0324
vn -0.1119 0.9933 0.0284
vn -0.1519 0.9874 0.0441
vn -0.1518 0.9874 0.0440
vn 0.7329 0.6804 -0.0000
vn 0.9961 0.0878 -0.0000
vn -0.0000 0.9998 -0.0173
vn -0.0000 0.9998 -0.0174
vn 0.9994 -0.0000 -0.0349
vn 0.9999 -0.0013 -0.0136
vn 1.0000 -0.0001 -0.0000
vn 1.0000 0.0004 -0.0000
vn 0.9996 0.0271 -0.0000
vn 0.9855 0.1699 -0.0000
vn 0.9854 0.1700 -0.0000
vn 0.9855 0.1700 -0.0000
vn 0.9707 0.2402 -0.0000
vn 0.9510 0.3090 -0.0000
vn 0.9163 0.4005 -0.0000
vn 0.8726 0.4884 -0.0000
vn 0.8361 0.5486 -0.0000
vn 0.7956 0.6058 -0.0000
vn 0.7957 0.6058 -0.0000
vn 0.6628 0.7488 -0.0000
vn 0.6081 0.7938 -0.0000
vn 0.5507 0.8347 -0.0000
vn 0.4666 0.8845 -0.0000
vn 0.4667 0.8844 -0.0000
vn 0.3776 0.9260 -0.0000
vn 0.3197 0.9475 -0.0000
vn 0.2609 0.9654 -0.0000
vn 0.2612 0.9653 0.0001
vn 0.2611 0.9653 -0.0000
vn 0.1653 0.9862 -0.0000
vn 0.0587 0.9983 -0.0000
vn -0.0000 0.9998 0.0174
vn -0.0005 1.0000 0.0002
vn -0.0000 1.0000 -0.0000
vn 0.0014 1.0000 -0.0000
vn -0.3545 -0.9157 0.1894
vn -0.3630 -0.9159 0.1713
vn -0.3225 -0.9305 0.1738
vn -0.3299 -0.9311 0.1557
vn -0.3392 -0.9278 0.1550
vn -0.3041 -0.9456 0.1153
vn -0.3067 -0.9449 0.1149
vn -0.3066 -0.9449 0.1149
vn -0.2369 -0.9698 0.0575
vn -0.2381 -0.9701 0.0477
vn -0.2494 -0.9652 0.0790
vn -0.2773 -0.9575 0.0793
vn -0.2773 -0.9575 0.0792
vn -0.1803 -0.9829 0.0388
vn -0.1840 -0.9822 0.0381
vn -0.1525 -0.9879 0.0275
vn -0.1529 -0.9879 0.0266
vn -0.1533 -0.9878 0.0266
vn -0.0500 -0.9986 0.0199
vn -0.0500 -0.9985 0.0200
vn -0.0560 -0.9982 0.0215
vn -0.0560 -0.9982 0.0204
vn -0.0641 -0.9977 0.0236
vn -0.0640 -0.9977 0.0209
vn -0.0753 -0.9968 0.0262
vn -0.0752 -0.9969 0.0218
vn -0.0770 -0.9966 0.0305
vn -0.0614 -0.9974 0.0384
vn -0.0612 -0.9976 0.0316
vn -0.0745 -0.9966 0.0357
vn -0.0745 -0.9965 0.0373
vn -0.0877 -0.9953 0.0422
vn -0.0872 -0.9951 0.0459
vn -0.1019 -0.9934 0.0522
vn -0.1008 -0.9933 0.0571
vn -0.1105 -0.9919 0.0633
vn -0.1088 -0.9917 0.0689
vn -0.1196 -0.9899 0.0765
vn -0.1175 -0.9897 0.0818
vn -0.1221 -0.9887 0.0874
vn 0.0027 -1.0000 -0.0000
vn -0.3195 -0.9476 -0.0000
vn -0.6164 -0.7874 -0.0000
vn -0.7785 -0.6277 -0.0000
vn -0.9292 -0.3696 -0.0000
vn -0.9152 -0.4026 0.0177
vn -0.9291 -0.3695 -0.0178
vn -0.0000 -0.9998 -0.0174
vn -0.0000 -1.0000 -0.0000
vn -0.0003 -1.0000 -0.0007
vn -0.0000 -0.9998 0.0175
vn -0.0000 -0.9998 0.0174
vn -0.9007 -0.4345 -0.0000
vn -0.9006 -0.4347 -0.0000
vn -0.8397 -0.5430 -0.0000
vn -0.7091 -0.7051 -0.0000
vn -0.7090 -0.7052 -0.0000
vn -0.5286 -0.8489 -0.0000
vn -0.5290 -0.8486 -0.0000
vn -0.5288 -0.8488 -0.0000
vn -0.4353 -0.9003 -0.0000
vn -0.4352 -0.9003 -0.0000
vn -0.1952 -0.9808 -0.0000
vn -0.0589 -0.9983 -0.0000
vn 0.0048 -0.9958 0.0919
vn 0.0004 -0.8718 -0.4898
vn 0.0004 -0.8719 -0.4898
vn -0.0057 -0.8878 -0.4602
vn -0.0313 -0.9147 -0.4029
vn -0.0275 -0.9132 -0.4066
vn -0.0000 -0.8552 -0.5182
vn -0.0005 -0.8559 -0.5172
vn -0.0321 -0.8135 -0.5807
vn -0.0464 -0.8081 -0.5872
vn -0.0045 -0.7658 -0.6431
vn 0.0080 -0.7157 -0.6984
vn 0.0172 -0.3609 -0.9324
vn -0.0242 -0.4955 -0.8683
vn -0.0339 -0.4997 -0.8655
vn 0.0222 -0.6191 -0.7850
vn 0.0221 -0.6690 -0.7430
vn -0.1278 -0.6142 -0.7787
vn -0.0585 -0.3085 -0.9494
vn 0.0302 -0.2182 -0.9754
vn 0.0290 0.2256 -0.9738
vn -0.0477 0.1044 -0.9934
vn -0.0032 0.0783 -0.9969
vn 0.0030 -0.0704 -0.9975
vn 0.0030 -0.1045 -0.9945
vn -0.0752 -0.0706 -0.9947
vn 0.0186 0.6250 -0.7804
vn -0.0270 0.5020 -0.8644
vn -0.0319 0.4998 -0.8656
vn 0.0211 0.3679 -0.9296
vn 0.0210 0.3089 -0.9508
vn -0.1232 0.3652 -0.9227
vn 0.0186 0.6251 -0.7803
vn -0.0590 0.6680 -0.7418
vn 0.0299 0.7339 -0.6786
vn 0.0295 0.9554 -0.2939
vn -0.0490 0.9124 -0.4063
vn -0.0011 0.9014 -0.4329
vn 0.0010 0.8270 -0.5622
vn 0.0010 0.8090 -0.5878
vn -0.0714 0.8249 -0.5607
vn 0.0199 0.9887 0.1486
vn -0.0299 0.9996 -0.0000
vn 0.0199 0.9887 -0.1486
vn 0.0198 0.9780 -0.2079
vn -0.1187 0.9819 -0.1476
vn 0.0199 0.9887 0.1487
vn -0.0595 0.9764 0.2075
vn 0.0295 0.9554 0.2939
vn 0.0010 0.8270 0.5622
vn -0.0015 0.9135 0.4067
vn -0.0677 0.8994 0.4319
vn 0.0010 0.8270 0.5621
vn -0.0503 0.8080 0.5870
vn 0.0299 0.7339 0.6786
vn 0.0211 0.3679 0.9296
vn -0.0328 0.5019 0.8643
vn -0.0278 0.4998 0.8657
vn 0.0186 0.6250 0.7804
vn 0.0185 0.6690 0.7430
vn -0.1142 0.6211 0.7754
vn -0.0598 0.3085 0.9494
vn 0.0290 0.2256 0.9738
vn 0.0030 -0.0704 0.9975
vn -0.0043 0.1045 0.9945
vn -0.0641 0.0782 0.9949
vn 0.0030 -0.0708 0.9975
vn -0.0515 -0.1044 0.9932
vn 0.0302 -0.2182 0.9754
vn 0.0222 -0.6191 0.7850
vn -0.0358 -0.4953 0.8680
vn -0.0256 -0.4998 0.8657
vn 0.0172 -0.3609 0.9324
vn 0.0172 -0.3090 0.9509
vn -0.1099 -0.3588 0.9269
vn -0.0601 -0.6679 0.7418
vn 0.0284 -0.7288 0.6841
vn -0.0355 -0.8085 0.5874
vn -0.0513 -0.8128 0.5803
vn -0.0057 -0.8878 0.4602
vn 0.0004 -0.8719 0.4898
vn 0.0004 -0.8571 0.5151
vn -0.0134 -0.8704 0.4922
vn -0.0000 -0.8552 0.5182
vn -0.0313 -0.9147 0.4029
vn -0.0275 -0.9132 0.4066
vn 0.0034 -0.9446 0.3281
vn -0.0090 -0.9853 0.1707
vn -0.0321 -0.9776 0.2078
vn -0.0061 -0.9685 0.2491
vn 0.0048 -0.9958 -0.0919
vn -0.0146 -0.9994 -0.0315
vn -0.0279 -0.9996 -0.0067
vn -0.0320 -0.9995 -0.0000
vn -0.0280 -0.9996 0.0067
vn -0.0146 -0.9994 0.0314
vn 0.0034 -0.9446 -0.3281
vn -0.0109 -0.9781 -0.2079
vn -0.0563 -0.9676 -0.2462
vn -0.0090 -0.9853 -0.1707
vn -0.1988 -0.9800 -0.0097
vn -0.1989 -0.9800 -0.0092
vn -0.5649 -0.8250 -0.0148
vn -0.5650 -0.8250 -0.0144
vn -0.8417 -0.5397 -0.0175
vn -0.8417 -0.5396 -0.0174
vn -0.1989 -0.9800 0.0097
vn -0.1988 -0.9800 0.0092
vn -0.5650 -0.8250 0.0147
vn -0.5649 -0.8250 0.0144
vn -0.8417 -0.5396 0.0174
vn -0.8417 -0.5397 0.0173
vn 0.7437 -0.2413 0.6235
vn 0.7437 0.0524 0.6665
vn 0.7437 0.3357 0.5781
vn 0.7437 0.5529 0.3758
vn 0.3514 0.9362 -0.0000
vn 0.3514 0.5853 -0.7307
vn 0.1194 -0.7239 0.6795
vn 0.1194 -0.6148 0.7796
vn 0.1194 -0.3584 0.9259
vn 0.1194 0.2240 0.9672
vn 0.1194 0.3654 0.9232
vn 0.1194 0.6207 0.7749
vn 0.1194 0.9489 0.2920
vn 0.1194 0.9818 -0.1476
vn 0.1194 0.9490 -0.2920
vn 0.1194 0.8211 -0.5581
vn 0.1194 0.2241 -0.9672
vn 0.1194 0.0778 -0.9898
vn 0.1194 -0.2167 -0.9689
vn 0.1194 -0.4921 -0.8623
vn 0.1194 -0.6148 -0.7796
vn 0.3963 -0.6702 -0.6274
vn 0.2728 -0.7689 -0.5782
vn 0.3463 -0.6404 0.6855
vn 0.7907 -0.4187 0.4466
vn 0.7443 -0.4305 0.5105
vn 0.7214 -0.4793 0.4998
vn 0.3963 -0.6702 0.6274
vn 0.5197 -0.6151 0.5929
vn 0.5644 -0.5772 0.5901
vn 0.6321 -0.5542 0.5416
vn 0.3241 -0.7153 0.6191
vn -0.0180 -0.8137 0.5810
vn -0.0552 -0.8126 0.5801
vn 0.0313 -0.8086 0.5876
vn 0.1108 -0.7905 0.6024
vn 0.1197 -0.7838 0.6094
vn 0.2728 -0.7689 0.5782
vn 0.1196 -0.7934 -0.5969
vn 0.1904 -0.7250 -0.6619
vn 0.1108 -0.7905 -0.6024
vn 0.0313 -0.8086 -0.5876
vn -0.0180 -0.8137 -0.5810
vn -0.0552 -0.8126 -0.5801
vn 0.3514 -0.6834 -0.6399
vn 0.3832 -0.6626 -0.6435
vn 0.3484 -0.6835 -0.6415
vn 0.3463 -0.6404 -0.6855
vn 0.3241 -0.7153 -0.6191
vn 0.7446 -0.4566 -0.4870
vn 0.7535 -0.4090 -0.5147
vn 0.7214 -0.4793 -0.4998
vn 0.6321 -0.5542 -0.5416
vn 0.5641 -0.5902 -0.5775
vn 0.6061 -0.5384 -0.5855
vn 0.5197 -0.6151 -0.5929
vn 0.1197 -0.7603 -0.6385
vn 0.1601 -0.7065 -0.6894
vn 0.1456 -0.7214 -0.6771
vn 0.1195 -0.7106 -0.6934
vn 0.1194 -0.2168 -0.9689
vn 0.1194 0.6207 -0.7749
vn 0.1194 0.4986 -0.8586
vn 0.1194 0.7290 -0.6740
vn 0.1194 0.8950 -0.4298
vn 0.1194 0.9489 -0.2920
vn 0.1194 0.9928 -0.0000
vn 0.1194 0.9818 0.1476
vn 0.1194 0.8950 0.4298
vn 0.1194 0.8211 0.5581
vn 0.1194 0.7290 0.6740
vn 0.1194 0.4986 0.8586
vn 0.1194 0.2241 0.9672
vn 0.1194 0.0778 0.9898
vn 0.1194 -0.0704 0.9904
vn 0.1194 -0.0703 0.9904
vn 0.1194 -0.2167 0.9689
vn 0.1194 -0.2168 0.9689
vn 0.1194 -0.4921 0.8623
vn 0.3964 -0.6702 0.6274
vn 0.3514 -0.6817 0.6417
vn 0.3484 -0.6835 0.6415
vn 0.5635 0.6066 -0.5608
vn 0.3514 0.6875 -0.6356
vn 0.3514 0.6874 -0.6356
vn 0.5635 0.8169 0.1228
vn 0.3514 0.9258 0.1392
vn 0.5635 -0.2982 -0.7704
vn 0.7437 -0.0473 -0.6669
vn 0.7437 -0.1459 -0.6524
vn 0.5635 -0.1803 -0.8062
vn 0.3514 -0.3380 -0.8731
vn 0.1194 -0.3584 -0.9259
vn 0.3514 -0.2044 -0.9137
vn 0.3514 -0.0663 -0.9339
vn 0.5635 -0.0585 -0.8240
vn 0.5635 0.0647 -0.8236
vn 0.1194 -0.0703 -0.9904
vn 0.3514 0.0733 -0.9334
vn 0.5635 0.1864 -0.8048
vn 0.7437 0.1509 -0.6513
vn 0.7437 0.2461 -0.6216
vn 0.1194 0.2240 -0.9672
vn 0.3514 0.2113 -0.9121
vn 0.3514 0.3445 -0.8705
vn 0.5635 0.3040 -0.7681
vn 0.5635 0.4148 -0.7144
vn 0.1194 0.3654 -0.9232
vn 0.3514 0.4701 -0.8096
vn 0.5635 0.5165 -0.6448
vn 0.7437 0.4180 -0.5218
vn 0.7437 0.4909 -0.4538
vn 0.5635 0.8169 -0.1228
vn 0.7437 0.6611 0.0994
vn 0.7437 0.6685 -0.0000
vn 0.5635 0.8261 -0.0000
vn 0.3514 0.9258 -0.1392
vn 0.3514 -0.5798 -0.7351
vn 0.5635 -0.5116 -0.6486
vn 0.7437 -0.4140 -0.5249
vn 0.3514 -0.4640 -0.8131
vn 0.5635 -0.4094 -0.7175
vn 0.7437 -0.3313 -0.5806
vn 0.7437 -0.3314 -0.5806
vn 0.7437 -0.2413 -0.6235
vn 0.3514 -0.2044 -0.9136
vn 0.7437 0.0524 -0.6665
vn 0.1194 -0.0704 -0.9904
vn 0.7437 0.2460 -0.6216
vn 0.7437 0.3357 -0.5781
vn 0.5635 0.5164 -0.6448
vn 0.3514 0.4702 -0.8096
vn 0.7437 0.5529 -0.3758
vn 0.3514 0.7743 -0.5263
vn 0.5635 0.6832 -0.4644
vn 0.3514 0.8440 -0.4053
vn 0.5635 0.7447 -0.3576
vn 0.7437 0.6026 -0.2894
vn 0.3514 0.8948 -0.2753
vn 0.5635 0.7896 -0.2429
vn 0.7437 0.6390 -0.1966
vn 0.7437 0.6611 -0.0994
vn 0.7437 0.6390 0.1966
vn 0.1194 0.9490 0.2920
vn 0.3514 0.8948 0.2753
vn 0.5635 0.7896 0.2429
vn 0.3514 0.8440 0.4053
vn 0.5635 0.7447 0.3576
vn 0.7437 0.6026 0.2894
vn 0.3514 0.7743 0.5263
vn 0.5635 0.6832 0.4644
vn 0.7437 0.4909 0.4538
vn 0.3514 0.6874 0.6356
vn 0.3514 0.6875 0.6356
vn 0.5635 0.6066 0.5608
vn 0.3514 0.5853 0.7307
vn 0.5635 0.5164 0.6448
vn 0.5635 0.5164 0.6447
vn 0.7437 0.4180 0.5218
vn 0.3514 0.4702 0.8096
vn 0.5635 0.4148 0.7144
vn 0.7437 0.2461 0.6216
vn 0.3514 0.3445 0.8705
vn 0.5635 0.3040 0.7681
vn 0.7437 0.2460 0.6216
vn 0.3514 0.2113 0.9121
vn 0.5635 0.1864 0.8048
vn 0.7437 0.1509 0.6513
vn 0.3514 0.0733 0.9334
vn 0.5635 0.0647 0.8236
vn 0.7437 -0.0473 0.6669
vn 0.3514 -0.0663 0.9339
vn 0.5635 -0.0585 0.8240
vn 0.3514 -0.2044 0.9136
vn 0.5635 -0.1804 0.8062
vn 0.5635 -0.1803 0.8062
vn 0.7437 -0.1459 0.6524
vn 0.3514 -0.3380 0.8731
vn 0.5635 -0.2982 0.7704
vn 0.7437 -0.3314 0.5806
vn 0.3514 -0.4640 0.8131
vn 0.5635 -0.4094 0.7175
vn 0.7437 -0.3313 0.5806
vn 0.3514 -0.5798 0.7351
vn 0.5635 -0.5116 0.6486
vn 0.7437 -0.4140 0.5249
vn -0.0000 -0.9994 -0.0349
vn -0.0001 -0.9994 -0.0348
vn -0.0000 -0.9994 -0.0350
vn -0.0000 -0.9994 -0.0348
vn -0.9326 -0.3591 -0.0374
vn -0.9002 -0.4342 -0.0332
vn -0.8798 -0.4738 -0.0377
vn -0.8392 -0.5427 -0.0332
vn -0.8255 -0.5633 -0.0340
vn -0.8392 -0.5427 -0.0340
vn -0.8255 -0.5633 -0.0357
vn -0.7780 -0.6273 -0.0353
vn -0.7624 -0.6460 -0.0378
vn -0.7087 -0.7048 -0.0333
vn -0.6754 -0.7366 -0.0339
vn -0.7086 -0.7047 -0.0342
vn -0.6754 -0.7365 -0.0378
vn -0.6161 -0.7870 -0.0332
vn -0.5932 -0.8042 -0.0360
vn -0.5284 -0.8483 -0.0350
vn -0.5046 -0.8627 -0.0347
vn -0.5284 -0.8482 -0.0350
vn -0.5044 -0.8627 -0.0377
vn -0.4350 -0.8998 -0.0332
vn -0.3914 -0.9195 -0.0370
vn -0.4349 -0.8997 -0.0377
vn -0.3915 -0.9194 -0.0377
vn -0.3193 -0.9471 -0.0330
vn -0.2955 -0.9547 -0.0353
vn -0.1950 -0.9802 -0.0351
vn -0.1968 -0.9798 -0.0350
vn -0.1950 -0.9802 -0.0349
vn -0.1968 -0.9798 -0.0348
vn -0.0589 -0.9976 -0.0353
vn -0.0671 -0.9971 -0.0347
vn -0.0589 -0.9977 -0.0345
vn -0.0671 -0.9972 -0.0338
vn 0.0027 -0.9994 -0.0354
vn -0.9286 -0.3693 -0.0355
vn -0.8994 -0.4338 -0.0540
vn -0.9236 -0.3816 -0.0375
vn -0.9235 -0.3817 -0.0375
vn -0.9319 -0.3607 -0.0386
vn -0.9400 -0.3388 -0.0411
vn -0.9473 -0.3169 -0.0476
vn -0.9779 -0.2073 -0.0265
vn -0.9656 -0.2566 -0.0417
vn -0.9331 -0.3593 -0.0109
vn -0.0000 -0.0000 -1.0000
vn -0.0000 0.9994 -0.0346
vn 0.0007 0.9994 -0.0346
vn 0.7951 0.6054 -0.0361
vn 0.8350 0.5491 -0.0352
vn 0.7951 0.6054 -0.0350
vn 0.0004 0.9994 -0.0346
vn 0.0211 0.9992 -0.0352
vn 0.0587 0.9976 -0.0372
vn 0.0774 0.9964 -0.0338
vn 0.1652 0.9856 -0.0357
vn 0.1699 0.9848 -0.0349
vn 0.2606 0.9648 -0.0347
vn 0.2554 0.9662 -0.0348
vn 0.2608 0.9648 -0.0349
vn 0.2554 0.9662 -0.0358
vn 0.3195 0.9470 -0.0345
vn 0.3243 0.9453 -0.0342
vn 0.3773 0.9254 -0.0364
vn 0.3918 0.9194 -0.0340
vn 0.4664 0.8838 -0.0358
vn 0.4724 0.8807 -0.0355
vn 0.4663 0.8839 -0.0354
vn 0.4724 0.8807 -0.0346
vn 0.5504 0.8342 -0.0351
vn 0.5488 0.8352 -0.0355
vn 0.6078 0.7934 -0.0346
vn 0.6100 0.7917 -0.0343
vn 0.6624 0.7483 -0.0359
vn 0.6679 0.7434 -0.0354
vn 0.6624 0.7483 -0.0354
vn 0.6679 0.7434 -0.0346
vn 0.7324 0.6799 -0.0352
vn 0.7315 0.6809 -0.0354
vn 0.7891 0.6133 -0.0344
vn 0.8356 0.5483 -0.0341
vn 0.8350 0.5492 -0.0342
vn 0.8720 0.4881 -0.0360
vn 0.8759 0.4812 -0.0346
vn 0.9157 0.4003 -0.0352
vn 0.9154 0.4010 -0.0353
vn 0.9157 0.4003 -0.0353
vn 0.9155 0.4009 -0.0354
vn 0.9505 0.3089 -0.0343
vn 0.9474 0.3179 -0.0363
vn 0.9702 0.2400 -0.0340
vn 0.9700 0.2409 -0.0341
vn 0.9848 0.1699 -0.0359
vn 0.9861 0.1624 -0.0349
vn 0.9849 0.1697 -0.0349
vn 0.9861 0.1623 -0.0346
vn 0.9955 0.0878 -0.0351
vn 0.9962 0.0802 -0.0340
vn 0.9990 0.0271 -0.0354
vn 0.9991 0.0245 -0.0352
vn 0.9994 0.0002 -0.0348
vn 0.9994 0.0023 -0.0351
vn 0.9994 -0.0000 -0.0352
vn 0.9994 -0.0002 -0.0352
vn 0.9994 -0.0001 -0.0352
vn 0.9994 -0.0000 -0.0351
vn 0.9994 -0.0002 -0.0351
vn 0.9994 -0.0002 -0.0349
vn -0.0000 0.9994 -0.0349
vn -0.0000 0.9994 -0.0348
vn 0.0001 0.9994 -0.0346
vn 0.0002 0.9994 -0.0349
vn 0.0005 0.9993 -0.0364
vn 0.8192 -0.0000 -0.5736
vn 0.1294 0.8044 -0.5797
vn 0.0117 0.8118 -0.5837
vn 0.0630 0.8107 -0.5820
vn 0.0662 0.8098 -0.5830
vn 0.1411 0.7880 -0.5993
vn 0.0672 0.8146 -0.5761
vn 0.0941 0.8106 -0.5780
vn 0.4543 0.6752 -0.5811
vn 0.3815 0.7222 -0.5770
vn 0.3149 0.7549 -0.5754
vn 0.2907 0.7609 -0.5802
vn 0.3770 0.7256 -0.5756
vn 0.1439 0.8037 -0.5774
vn 0.2154 0.7848 -0.5812
vn 0.2009 0.7915 -0.5772
vn 0.2890 0.7568 -0.5863
vn 0.2035 0.8013 -0.5626
vn 0.2589 0.7769 -0.5739
vn 0.6437 0.5014 -0.5781
vn 0.6219 0.5341 -0.5727
vn 0.5960 0.5572 -0.5782
vn 0.5571 0.6004 -0.5737
vn 0.5459 0.6115 -0.5727
vn 0.5568 0.6000 -0.5744
vn 0.5438 0.6092 -0.5772
vn 0.5073 0.6404 -0.5767
vn 0.4954 0.6485 -0.5780
vn 0.4569 0.6791 -0.5745
vn 0.4454 0.6855 -0.5760
vn 0.3850 0.7285 -0.5666
vn 0.6856 0.4511 -0.5714
vn 0.6758 0.4617 -0.5745
vn 0.6835 0.4498 -0.5748
vn 0.6753 0.4614 -0.5754
vn 0.7169 0.3931 -0.5757
vn 0.7236 0.3845 -0.5732
vn 0.7486 0.3262 -0.5772
vn 0.7632 0.3003 -0.5721
vn 0.7775 0.2582 -0.5734
vn 0.7775 0.2583 -0.5734
vn 0.7572 0.2979 -0.5813
vn 0.7985 0.1948 -0.5697
vn 0.7903 0.2113 -0.5751
vn 0.8080 0.1288 -0.5749
vn 0.8111 0.1195 -0.5726
vn 0.8184 0.0701 -0.5703
vn 0.8192 0.0020 -0.5735
vn 0.8191 -0.0000 -0.5737
vn 0.8172 0.0190 -0.5761
vn 0.8066 0.1189 -0.5790
vn 0.8178 0.0417 -0.5740
vn 0.8176 0.0429 -0.5742
vn 0.8160 0.0058 -0.5780
vn 0.0442 0.8138 -0.5795
vn 0.0206 0.8139 -0.5806
vn -0.0000 0.8191 -0.5736
vn -0.0000 0.8192 -0.5736
vn 0.9840 -0.0000 -0.1783
vn -0.0000 0.8431 -0.5378
vn -0.0185 0.8705 -0.4919
vn -0.0000 0.8511 -0.5250
vn -0.0272 0.9005 -0.4341
vn -0.0183 0.8928 -0.4500
vn 0.0027 0.9416 -0.3366
vn -0.0185 0.9830 -0.1829
vn -0.0030 0.9644 -0.2643
vn -0.0000 0.9993 -0.0367
vn 0.9840 -0.0000 -0.1780
vn 0.9840 -0.0000 -0.1779
vn 0.8930 -0.0000 -0.4501
vn 0.9840 -0.0001 -0.1779
vn 0.9840 -0.0003 -0.1780
vn 0.9840 -0.0001 -0.1783
vn 0.8927 -0.0032 -0.4507
vn 0.8928 -0.0000 -0.4504
vn 0.8929 0.0001 -0.4503
vn 0.8931 0.0187 -0.4494
vn 0.8927 0.0161 -0.4504
vn 0.9843 0.0127 -0.1758
vn 0.9840 0.0048 -0.1783
vn 0.9837 0.0286 -0.1777
vn 0.9811 0.0769 -0.1774
vn 0.9811 0.0781 -0.1771
vn 0.9713 0.1580 -0.1777
vn 0.9712 0.1587 -0.1777
vn 0.8672 0.2129 -0.4501
vn 0.8822 0.1407 -0.4494
vn 0.8822 0.1422 -0.4490
vn 0.8905 0.0764 -0.4486
vn 0.8906 0.0661 -0.4500
vn 0.8891 0.0763 -0.4514
vn 0.8918 0.0537 -0.4493
vn 0.9714 0.1578 -0.1775
vn 0.9554 0.2354 -0.1781
vn 0.9553 0.2362 -0.1779
vn 0.9333 0.3118 -0.1783
vn 0.9332 0.3122 -0.1781
vn 0.9017 0.3938 -0.1785
vn 0.9015 0.3943 -0.1784
vn 0.7822 0.4292 -0.4516
vn 0.8180 0.3565 -0.4515
vn 0.8178 0.3571 -0.4513
vn 0.8471 0.2813 -0.4509
vn 0.8468 0.2822 -0.4508
vn 0.8472 0.2814 -0.4507
vn 0.8674 0.2117 -0.4504
vn 0.9016 0.3941 -0.1783
vn 0.8625 0.4734 -0.1785
vn 0.8625 0.4735 -0.1785
vn 0.8220 0.5407 -0.1786
vn 0.8221 0.5406 -0.1786
vn 0.6522 0.6089 -0.4515
vn 0.7039 0.5481 -0.4517
vn 0.7453 0.4902 -0.4519
vn 0.7452 0.4903 -0.4519
vn 0.7453 0.4903 -0.4519
vn 0.7823 0.4289 -0.4517
vn 0.8221 0.5407 -0.1786
vn 0.7766 0.6042 -0.1785
vn 0.7768 0.6040 -0.1786
vn 0.7196 0.6711 -0.1783
vn 0.7200 0.6707 -0.1785
vn 0.6566 0.7329 -0.1781
vn 0.6572 0.7324 -0.1783
vn 0.4878 0.7481 -0.4499
vn 0.5422 0.7092 -0.4506
vn 0.5427 0.7087 -0.4507
vn 0.5947 0.6656 -0.4509
vn 0.5950 0.6652 -0.4510
vn 0.5946 0.6656 -0.4511
vn 0.6520 0.6092 -0.4514
vn 0.6566 0.7328 -0.1784
vn 0.5992 0.7806 -0.1780
vn 0.5998 0.7800 -0.1782
vn 0.5386 0.8236 -0.1776
vn 0.5395 0.8230 -0.1780
vn 0.4628 0.8686 -0.1772
vn 0.4640 0.8679 -0.1775
vn 0.2852 0.8481 -0.4465
vn 0.3448 0.8253 -0.4471
vn 0.3462 0.8245 -0.4476
vn 0.4179 0.7901 -0.4485
vn 0.4189 0.7893 -0.4488
vn 0.4179 0.7899 -0.4489
vn 0.4871 0.7488 -0.4496
vn 0.4628 0.8685 -0.1776
vn 0.3828 0.9068 -0.1767
vn 0.3842 0.9061 -0.1772
vn 0.3158 0.9323 -0.1764
vn 0.3175 0.9316 -0.1768
vn 0.2475 0.9528 -0.1756
vn 0.2494 0.9522 -0.1762
vn 0.1040 0.8911 -0.4418
vn 0.1431 0.8854 -0.4422
vn 0.1455 0.8846 -0.4430
vn 0.2210 0.8682 -0.4443
vn 0.2230 0.8674 -0.4448
vn 0.2209 0.8679 -0.4449
vn 0.2834 0.8489 -0.4461
vn 0.2474 0.9527 -0.1763
vn 0.1626 0.9711 -0.1748
vn 0.1648 0.9706 -0.1756
vn 0.0791 0.9816 -0.1740
vn 0.0844 0.9808 -0.1761
vn 0.0863 0.8931 -0.4414
vn 0.0651 0.8912 -0.4489
vn 0.0853 0.8892 -0.4496
vn -0.0004 0.9966 -0.0818
vn -0.0208 0.9838 -0.1779
vn 0.0040 0.9840 -0.1779
vn 0.0036 0.9839 -0.1785
vn 0.0040 0.9839 -0.1785
vn 0.0356 0.9833 -0.1786
vn -0.0000 0.8930 -0.4501
vn 0.0125 0.8898 -0.4562
vn 0.0102 0.8889 -0.4581
vn 0.0482 0.8909 -0.4517
vn -0.0000 -0.9981 -0.0615
vn -0.0006 -0.9112 -0.4119
vn -0.0144 -0.9758 -0.2182
vn -0.3819 -0.7655 -0.5177
vn 0.1567 -0.9489 -0.2737
vn -0.1970 -0.9376 -0.2865
vn -0.0008 -0.5611 -0.8277
vn -0.0041 -0.6442 -0.7648
vn -0.0129 -0.7296 -0.6838
vn -0.0078 -0.6946 -0.7193
vn 0.0004 -0.8169 -0.5768
vn 0.0004 -0.8167 -0.5771
vn -0.0000 -0.0768 -0.9970
vn -0.0056 -0.2174 -0.9761
vn -0.0159 -0.3521 -0.9358
vn -0.0037 -0.2532 -0.9674
vn 0.0004 -0.4855 -0.8742
vn 0.0004 -0.4856 -0.8742
vn -0.0000 -0.6947 -0.7193
vn -0.0000 -0.2532 -0.9674
vn -0.0276 -0.9925 -0.1190
vn -0.0037 -0.9580 -0.2868
vn -0.0000 -0.9580 -0.2868
vn -0.0001 -0.9580 -0.2867
vn -0.0000 0.0779 -0.9970
vn -0.0083 0.2290 -0.9734
vn -0.0260 0.7476 -0.6636
vn -0.0074 0.6380 -0.7700
vn 0.0008 0.5078 -0.8615
vn 0.0007 0.2377 -0.9713
vn -0.0442 0.4784 -0.8770
vn -0.0233 0.3593 -0.9329
vn 0.0199 0.6540 -0.7562
vn -0.0000 0.6594 -0.7518
vn -0.0000 0.6593 -0.7518
vn 0.0004 0.2377 -0.9713
vn 0.0009 0.2356 -0.9719
vn 0.0004 0.6604 -0.7509
vn -0.0000 0.6607 -0.7506
vn -0.0642 -0.9560 -0.2862
vn -0.8678 -0.1485 -0.4742
vn -0.5450 -0.0256 -0.8380
vn -0.1899 -0.0543 -0.9803
vn -0.2199 -0.1018 -0.9702
vn -0.1532 -0.0146 -0.9881
vn -0.0442 -0.0000 -0.9990
vn -0.0003 -0.0000 -1.0000
vn -0.2421 -0.0110 -0.9702
vn -0.3390 -0.1635 -0.9265
vn -0.7529 -0.3018 -0.5848
vn -0.7133 -0.1908 -0.6744
vn -0.6152 -0.0939 -0.7827
vn -0.6043 -0.1295 -0.7862
vn -0.6043 -0.1297 -0.7862
vn -0.9122 -0.2192 -0.3462
vn -0.9258 -0.2461 -0.2868
vn -0.9371 -0.1986 -0.2870
vn -0.9016 -0.3441 -0.2623
vn -0.8435 -0.4543 -0.2867
vn -0.8940 -0.3442 -0.2867
vn -0.8940 -0.3443 -0.2867
vn -0.8941 -0.3442 -0.2866
vn -0.9258 -0.2460 -0.2869
vn -0.7309 -0.6193 -0.2868
vn -0.7912 -0.5399 -0.2871
vn -0.8435 -0.4542 -0.2868
vn -0.5686 -0.7709 -0.2870
vn -0.6475 -0.7061 -0.2868
vn -0.6474 -0.7061 -0.2868
vn -0.4836 -0.8270 -0.2868
vn -0.4836 -0.8270 -0.2867
vn -0.2533 -0.0101 -0.9673
vn -0.2508 -0.0383 -0.9673
vn -0.2507 -0.0383 -0.9673
vn -0.2449 -0.0651 -0.9674
vn -0.2367 -0.0911 -0.9673
vn -0.2366 -0.0911 -0.9673
vn -0.2233 -0.1202 -0.9673
vn -0.2092 -0.1428 -0.9674
vn -0.1935 -0.1639 -0.9673
vn -0.1714 -0.1869 -0.9673
vn -0.1504 -0.2039 -0.9674
vn -0.1280 -0.2189 -0.9673
vn -0.0993 -0.2333 -0.9673
vn -0.0993 -0.2334 -0.9673
vn -0.0749 -0.2420 -0.9674
vn -0.6851 -0.1168 -0.7191
vn -0.6716 -0.1785 -0.7191
vn -0.6488 -0.2498 -0.7188
vn -0.6121 -0.3297 -0.7188
vn -0.6121 -0.3296 -0.7188
vn -0.5739 -0.3916 -0.7192
vn -0.5739 -0.3916 -0.7193
vn -0.5303 -0.4494 -0.7189
vn -0.4698 -0.5123 -0.7189
vn -0.4698 -0.5124 -0.7188
vn -0.4124 -0.5591 -0.7192
vn -0.3509 -0.6001 -0.7189
vn -0.3509 -0.6002 -0.7188
vn -0.2723 -0.6396 -0.7188
vn -0.2723 -0.6397 -0.7188
vn -0.2055 -0.6637 -0.7192
vn -0.2054 -0.6638 -0.7192
vn -0.1886 -0.9393 -0.2865
vn -0.2832 -0.9152 -0.2868
vn -0.2833 -0.9151 -0.2869
vn -0.3753 -0.8815 -0.2866
vn -0.3752 -0.8815 -0.2867
vn -0.4835 -0.8271 -0.2867
vn -0.1886 -0.9394 -0.2863
vn -0.1887 -0.9394 -0.2864
vn -0.1369 -0.6818 -0.7187
vn -0.1369 -0.6817 -0.7187
vn -0.0499 -0.2487 -0.9673
vn -0.0643 -0.9560 -0.2862
vn -0.0466 -0.6939 -0.7186
vn -0.0465 -0.6939 -0.7186
vn -0.0170 -0.2531 -0.9673
vn -0.0169 -0.2532 -0.9673
vn 0.6580 0.0099 -0.7530
vn 0.8186 -0.0000 -0.5743
vn 0.6037 -0.0252 -0.7968
vn 0.6698 -0.0102 -0.7425
vn 0.7518 -0.0001 -0.6594
vn 0.3435 -0.0072 -0.9391
vn 0.4802 0.0039 -0.8771
vn 0.3774 -0.0545 -0.9244
vn 0.2373 0.0001 -0.9714
vn 0.2371 0.0001 -0.9715
vn 0.6593 0.0038 -0.7518
vn 0.6593 -0.0000 -0.7518
vn 0.6595 0.0001 -0.7517
vn 0.6597 -0.0000 -0.7515
vn 0.0479 0.6529 -0.7559
vn 0.6574 0.0367 -0.7527
vn 0.2369 0.0135 -0.9714
vn 0.6548 0.0334 -0.7551
vn 0.6490 0.0948 -0.7549
vn 0.6493 0.0961 -0.7544
vn 0.6503 0.0950 -0.7537
vn 0.6350 0.1692 -0.7538
vn 0.6355 0.1701 -0.7531
vn 0.6123 0.2406 -0.7531
vn 0.6123 0.2410 -0.7530
vn 0.6126 0.2408 -0.7528
vn 0.5813 0.3089 -0.7528
vn 0.5433 0.3715 -0.7528
vn 0.5435 0.3711 -0.7529
vn 0.5430 0.3713 -0.7532
vn 0.4988 0.4290 -0.7531
vn 0.4987 0.4280 -0.7538
vn 0.4464 0.4823 -0.7537
vn 0.4472 0.4813 -0.7539
vn 0.4456 0.4813 -0.7548
vn 0.4063 0.5144 -0.7552
vn 0.4070 0.5131 -0.7557
vn 0.3650 0.5445 -0.7552
vn 0.3657 0.5426 -0.7562
vn 0.3639 0.5430 -0.7568
vn 0.3001 0.5808 -0.7567
vn 0.2298 0.6066 -0.7611
vn 0.2332 0.6083 -0.7587
vn 0.3009 0.5778 -0.7587
vn 0.1694 0.6259 -0.7613
vn 0.1719 0.6228 -0.7633
vn 0.1130 0.6363 -0.7631
vn 0.1141 0.6350 -0.7641
vn 0.1128 0.6348 -0.7644
vn 0.0561 0.6421 -0.7645
vn 0.2358 0.0124 -0.9717
vn 0.2338 0.0341 -0.9717
vn 0.2343 0.0346 -0.9715
vn 0.2289 0.0609 -0.9715
vn 0.2291 0.0612 -0.9715
vn 0.2207 0.0867 -0.9715
vn 0.2209 0.0869 -0.9714
vn 0.2096 0.1114 -0.9714
vn 0.1959 0.1339 -0.9714
vn 0.1958 0.1338 -0.9715
vn 0.1798 0.1547 -0.9715
vn 0.1797 0.1543 -0.9716
vn 0.1609 0.1739 -0.9715
vn 0.1608 0.1732 -0.9717
vn 0.1462 0.1853 -0.9717
vn 0.1464 0.1848 -0.9718
vn 0.1314 0.1962 -0.9717
vn 0.1314 0.1953 -0.9719
vn 0.1079 0.2092 -0.9719
vn 0.1081 0.2080 -0.9721
vn 0.0829 0.2193 -0.9721
vn 0.0832 0.2179 -0.9724
vn 0.0607 0.2250 -0.9725
vn 0.0614 0.2238 -0.9727
vn 0.0405 0.2286 -0.9727
vn 0.0408 0.2279 -0.9728
vn 0.0208 0.2305 -0.9729
vn 0.0183 0.2351 -0.9718
vn -0.0000 -0.0005 -1.0000
vn -0.0005 -0.0433 -0.9991
vn -0.0339 -0.0254 -0.9991
vn -0.0000 -0.8463 -0.5328
vn 0.0308 -0.2423 -0.9697
vn -0.0353 -0.2262 -0.9734
vn -0.0232 -0.2344 -0.9719
vn 0.0178 -0.4210 -0.9069
vn 0.0045 -0.4239 -0.9057
vn -0.0092 -0.5364 -0.8439
vn -0.0066 -0.5241 -0.8516
vn -0.0066 -0.5397 -0.8418
vn 0.0002 -0.5387 -0.8425
vn -0.0002 -0.6868 -0.7268
vn -0.0029 -0.6889 -0.7248
vn 0.0022 -0.8018 -0.5976
vn 0.0075 -0.7902 -0.6128
vn 0.0001 -0.8209 -0.5711
vn -0.7239 -0.2406 -0.6466
vn -0.0013 0.0004 -1.0000
vn -0.0158 -0.0143 -0.9998
vn -0.0535 0.0045 -0.9986
vn -0.0999 -0.0419 -0.9941
vn -0.1906 -0.0049 -0.9816
vn -0.2229 -0.0366 -0.9742
vn -0.2560 -0.0498 -0.9654
vn -0.2765 -0.0703 -0.9584
vn -0.3496 -0.0663 -0.9345
vn 0.0004 -0.0013 -1.0000
vn -0.0207 -0.0221 -0.9995
vn 0.0046 -0.0534 -0.9986
vn -0.0627 -0.1206 -0.9907
vn 0.0006 -0.1841 -0.9829
vn -0.0603 -0.2452 -0.9676
vn -0.0303 -0.2356 -0.9714
vn -0.1034 -0.3081 -0.9457
vn -0.0272 -0.3451 -0.9382
vn -0.3418 -0.0327 -0.9392
vn -0.4206 -0.1122 -0.9003
vn -0.4617 -0.1441 -0.8753
vn -0.4678 -0.0805 -0.8802
vn -0.5543 -0.1703 -0.8147
vn -0.6100 -0.1854 -0.7704
vn -0.5882 -0.1429 -0.7960
vn -0.6729 -0.2327 -0.7022
vn -0.0003 -0.0003 -1.0000
vn -0.0213 -0.0213 -0.9995
vn -0.0884 -0.0884 -0.9922
vn -0.0886 -0.0882 -0.9921
vn -0.1440 -0.1434 -0.9791
vn -0.1436 -0.1432 -0.9792
vn -0.1979 -0.1974 -0.9601
vn -0.1940 -0.1986 -0.9607
vn -0.2918 -0.2987 -0.9087
vn -0.2812 -0.2999 -0.9116
vn -0.3833 -0.4087 -0.8283
vn -0.3687 -0.4080 -0.8352
vn -0.4665 -0.5162 -0.7183
vn -0.4517 -0.5133 -0.7297
vn -0.0939 -0.4146 -0.9052
vn -0.1346 -0.4648 -0.8751
vn -0.0529 -0.4750 -0.8784
vn -0.1739 -0.6045 -0.7774
vn -0.0830 -0.5997 -0.7959
vn -0.2016 -0.7324 -0.6503
vn -0.1182 -0.7124 -0.6917
vn -0.7944 -0.2536 -0.5519
vn -0.2079 -0.8308 -0.5163
vn -0.8870 -0.3657 -0.2818
vn -0.9108 -0.3737 -0.1753
vn -0.6112 -0.6780 -0.4083
vn -0.6353 -0.6857 -0.3553
vn -0.2187 -0.8573 -0.4660
vn -0.2286 -0.8617 -0.4530
vn -0.8393 -0.3264 -0.4348
vn -0.8793 -0.3342 -0.3392
vn -0.5734 -0.6339 -0.5190
vn -0.6023 -0.6399 -0.4773
vn -0.2069 -0.8272 -0.5223
vn -0.2124 -0.8295 -0.5166
vn -0.7663 -0.2872 -0.5748
vn -0.7987 -0.3223 -0.5081
vn -0.5194 -0.5902 -0.6180
vn -0.5509 -0.5934 -0.5868
vn -0.1881 -0.7971 -0.5738
vn -0.1897 -0.7974 -0.5728
vn -0.2236 -0.8981 -0.3788
vn -0.1980 -0.9795 -0.0361
vn -0.8411 -0.5395 -0.0391
vn -0.5641 -0.8247 -0.0407
vn -0.1991 -0.9794 -0.0350
vn -0.1979 -0.9761 -0.0898
vn -0.2000 -0.9756 -0.0907
vn -0.2009 -0.9661 -0.1620
vn -0.2026 -0.9659 -0.1611
vn -0.2053 -0.9503 -0.2339
vn -0.2075 -0.9502 -0.2327
vn -0.2118 -0.9278 -0.3072
vn -0.2124 -0.9281 -0.3058
vn -0.2144 -0.9273 -0.3069
vn -0.2195 -0.8980 -0.3814
vn -0.5650 -0.8241 -0.0397
vn -0.5641 -0.8220 -0.0783
vn -0.5689 -0.8189 -0.0755
vn -0.5696 -0.8119 -0.1279
vn -0.5769 -0.8076 -0.1224
vn -0.5789 -0.7955 -0.1790
vn -0.5905 -0.7889 -0.1701
vn -0.5942 -0.7701 -0.2321
vn -0.6075 -0.7633 -0.2199
vn -0.6120 -0.7366 -0.2880
vn -0.6299 -0.7278 -0.2711
vn -0.8417 -0.5386 -0.0380
vn -0.8414 -0.5378 -0.0536
vn -0.8465 -0.5302 -0.0490
vn -0.8468 -0.5269 -0.0731
vn -0.8551 -0.5146 -0.0631
vn -0.8562 -0.5080 -0.0941
vn -0.8694 -0.4881 -0.0769
vn -0.8716 -0.4762 -0.1159
vn -0.8859 -0.4547 -0.0919
vn -0.8891 -0.4358 -0.1401
vn -0.9067 -0.4080 -0.1068
vn 0.7930 -0.0932 -0.6021
vn 0.8091 -0.0382 -0.5865
vn 0.8090 -0.0382 -0.5866
vn 0.8087 -0.0379 -0.5870
vn 0.8188 -0.0001 -0.5741
vn 0.8183 0.0001 -0.5747
vn 0.8130 -0.0207 -0.5819
vn 0.7112 0.0123 -0.7029
vn 0.7020 -0.0192 -0.7120
vn 0.6338 -0.0126 -0.7734
vn 0.6184 -0.0586 -0.7837
vn 0.5016 -0.0009 -0.8651
vn 0.4748 -0.0756 -0.8768
vn 0.3498 -0.0085 -0.9368
vn 0.8190 -0.0002 -0.5738
vn 0.8190 -0.0002 -0.5739
vn 0.8105 -0.0324 -0.5849
vn 0.7634 -0.0101 -0.6459
vn 0.7494 -0.0579 -0.6596
vn 0.7198 -0.0518 -0.6922
vn 0.7071 -0.0906 -0.7013
vn 0.6518 -0.0796 -0.7542
vn 0.6356 -0.1256 -0.7618
vn 0.5733 -0.1208 -0.8104
vn 0.7395 -0.2560 -0.6225
vn 0.7598 -0.2022 -0.6180
vn 0.7585 -0.2020 -0.6196
vn 0.7791 -0.1437 -0.6102
vn 0.7788 -0.1440 -0.6105
vn 0.7775 -0.1426 -0.6125
vn 0.7937 -0.0934 -0.6010
vn 0.7395 -0.2560 -0.6226
vn 0.4876 -0.1621 -0.8579
vn 0.5584 -0.1607 -0.8139
vn 0.1709 -0.0537 -0.9838
vn 0.3358 -0.0460 -0.9408
vn 0.1688 -0.0801 -0.9824
vn 0.1720 -0.0796 -0.9819
vn 0.4819 -0.2309 -0.8452
vn 0.4905 -0.2288 -0.8409
vn 0.7277 -0.3496 -0.5901
vn 0.7388 -0.3447 -0.5791
vn 0.1641 -0.0709 -0.9839
vn 0.1724 -0.0724 -0.9824
vn 0.4706 -0.2054 -0.8581
vn 0.4922 -0.2086 -0.8451
vn 0.7169 -0.3137 -0.6227
vn 0.7434 -0.3154 -0.5899
vn 0.4820 -0.2464 -0.8408
vn 0.4602 -0.2579 -0.8495
vn 0.4444 -0.2851 -0.8492
vn 0.4151 -0.2885 -0.8628
vn 0.5742 -0.5185 -0.6336
vn 0.6336 -0.4423 -0.6348
vn 0.6754 -0.4281 -0.6005
vn 0.6966 -0.3920 -0.6009
vn 0.7279 -0.3671 -0.5791
vn 0.1328 -0.1155 -0.9844
vn 0.1436 -0.1013 -0.9844
vn 0.1542 -0.1014 -0.9828
vn 0.1600 -0.0913 -0.9829
vn 0.1677 -0.0883 -0.9819
vn 0.5527 -0.5047 -0.6632
vn 0.5837 -0.4930 -0.6452
vn 0.3595 -0.3271 -0.8739
vn 0.3807 -0.3335 -0.8624
vn 0.3704 -0.3159 -0.8735
vn 0.1238 -0.1141 -0.9857
vn 0.0454 -0.1911 -0.9805
vn 0.3325 -0.6317 -0.7003
vn 0.2684 -0.6854 -0.6769
vn -0.0003 -0.8460 -0.5332
vn 0.0211 -0.8368 -0.5471
vn -0.0045 -0.8141 -0.5808
vn 0.0286 -0.7988 -0.6009
vn 0.0066 -0.7889 -0.6145
vn 0.0722 -0.7544 -0.6525
vn 0.0043 -0.7021 -0.7121
vn 0.0007 -0.8468 -0.5318
vn 0.0223 -0.8375 -0.5459
vn 0.0215 -0.8372 -0.5465
vn 0.0544 -0.8219 -0.5671
vn 0.0543 -0.8218 -0.5671
vn 0.1123 -0.7913 -0.6010
vn 0.1111 -0.7909 -0.6018
vn 0.2044 -0.7332 -0.6486
vn 0.2034 -0.7335 -0.6485
vn 0.2032 -0.7324 -0.6498
vn 0.2702 -0.6850 -0.6766
vn 0.3323 -0.6350 -0.6974
vn 0.4256 -0.5506 -0.7181
vn 0.5285 -0.5295 -0.6636
vn 0.2690 -0.4141 -0.8696
vn 0.0653 -0.6653 -0.7437
vn 0.0601 -0.5778 -0.8140
vn 0.0250 -0.5885 -0.8081
vn 0.1206 -0.5190 -0.8462
vn 0.0524 -0.5236 -0.8504
vn 0.1638 -0.4351 -0.8854
vn 0.0576 -0.4082 -0.9111
vn 0.1807 -0.3001 -0.9366
vn 0.3793 -0.3067 -0.8730
vn -0.5338 0.8095 -0.2446
vn -0.8166 0.1848 -0.5468
vn -0.8065 0.4872 -0.3350
vn -0.7716 0.4030 -0.4922
vn -0.7765 0.5426 -0.3204
vn -0.7589 0.4905 -0.4283
vn -0.6727 0.6884 -0.2712
vn -0.5317 0.7906 -0.3039
vn -0.6828 0.6907 -0.2382
vn -0.6727 0.6884 -0.2713
vn -0.5206 0.8418 -0.1425
vn -0.4720 0.8663 -0.1634
vn -0.4720 0.8664 -0.1633
vn -0.3107 0.9381 -0.1530
vn -0.3112 0.9456 -0.0949
vn -0.2689 0.9600 -0.0777
vn -0.2702 0.9605 -0.0662
vn -0.2721 0.9591 -0.0781
vn -0.2162 0.7783 -0.5895
vn -0.5750 0.5389 -0.6156
vn -0.1859 0.8302 -0.5255
vn -0.1874 0.8334 -0.5200
vn -0.1821 0.8613 -0.4743
vn -0.1871 0.8738 -0.4488
vn -0.1494 0.9003 -0.4087
vn -0.1547 0.9284 -0.3380
vn -0.1331 0.9396 -0.3154
vn -0.1205 0.9332 -0.3384
vn -0.1201 0.9582 -0.2598
vn -0.1067 0.9638 -0.2442
vn -0.1046 0.9783 -0.1788
vn -0.0766 0.9828 -0.1679
vn -0.0757 0.9935 -0.0852
vn -0.0595 0.9952 -0.0775
vn -0.0630 0.9970 -0.0451
vn -0.0630 0.9972 -0.0400
vn -0.5382 0.6883 -0.4864
vn -0.5249 0.6579 -0.5400
vn -0.5202 0.7347 -0.4353
vn -0.5156 0.7219 -0.4615
vn -0.4397 0.8222 -0.3614
vn -0.4410 0.8298 -0.3420
vn -0.3538 0.8964 -0.2671
vn -0.3537 0.8986 -0.2595
vn -0.3142 0.9264 -0.2074
vn -0.3132 0.9323 -0.1808
vn -0.2270 0.9639 -0.1391
vn -0.2265 0.9693 -0.0953
vn -0.1863 0.9797 -0.0743
vn -0.1878 0.9804 -0.0598
vn -0.1877 0.9809 -0.0513
vn -0.8777 0.2625 -0.4010
vn -0.8779 0.2630 -0.4002
vn -0.2051 0.7552 -0.6225
vn -0.2141 0.7751 -0.5944
vn -0.5627 0.5026 -0.6563
vn -0.5959 0.5728 -0.5629
vn -0.7985 0.1595 -0.5805
vn -0.0173 0.9994 -0.0296
vn -0.0630 0.9972 -0.0398
vn -0.1846 0.9796 -0.0790
vn -0.2752 0.9601 -0.0505
vn -0.1208 0.9918 -0.0417
vn -0.1216 0.9922 -0.0257
vn -0.0954 0.9948 -0.0358
vn -0.0928 0.9955 -0.0214
vn -0.0930 0.9952 -0.0296
vn -0.0717 0.9972 -0.0195
vn -0.0721 0.9970 -0.0266
vn -0.0535 0.9984 -0.0181
vn -0.0542 0.9982 -0.0254
vn -0.0298 0.9994 -0.0161
vn -0.0175 0.9994 -0.0307
vn -0.0197 0.9994 -0.0298
vn -0.0298 0.9994 -0.0162
vn -0.8008 0.1932 -0.5669
vn -0.7795 0.1675 -0.6035
vn -0.7773 0.1906 -0.5996
vn -0.5317 0.5013 -0.6826
vn -0.5271 0.5136 -0.6771
vn -0.1882 0.7450 -0.6400
vn -0.1860 0.7480 -0.6371
vn -0.8178 0.1623 -0.5521
vn -0.8072 0.2006 -0.5552
vn -0.5635 0.5037 -0.6548
vn -0.5501 0.5236 -0.6505
vn -0.2004 0.7482 -0.6325
vn -0.1946 0.7528 -0.6288
vn -0.4389 0.0395 -0.8977
vn -0.1508 0.0588 -0.9868
vn -0.4389 0.0444 -0.8974
vn -0.6874 0.0143 -0.7261
vn -0.1440 0.0727 -0.9869
vn -0.1566 0.1745 -0.9721
vn -0.1419 0.2177 -0.9656
vn -0.1581 0.2833 -0.9459
vn -0.1465 0.3490 -0.9256
vn -0.1624 0.3933 -0.9049
vn -0.1784 0.4630 -0.8682
vn -0.1210 0.4243 -0.8974
vn -0.1654 0.5133 -0.8421
vn -0.1577 0.6097 -0.7768
vn -0.1715 0.6303 -0.7571
vn -0.1686 0.7286 -0.6639
vn -0.4357 0.0426 -0.8991
vn -0.4451 0.1175 -0.8878
vn -0.4384 0.1343 -0.8887
vn -0.4525 0.1908 -0.8711
vn -0.4466 0.2175 -0.8679
vn -0.4641 0.2658 -0.8450
vn -0.4568 0.3035 -0.8362
vn -0.4797 0.3483 -0.8054
vn -0.4752 0.3939 -0.7868
vn -0.5005 0.4311 -0.7508
vn -0.4988 0.4826 -0.7200
vn -0.6877 0.0137 -0.7258
vn -0.6913 0.0429 -0.7213
vn -0.6920 0.0413 -0.7207
vn -0.6991 0.0699 -0.7116
vn -0.6996 0.0676 -0.7114
vn -0.7106 0.0981 -0.6968
vn -0.7109 0.0957 -0.6967
vn -0.7276 0.1283 -0.6739
vn -0.7276 0.1272 -0.6741
vn -0.7491 0.1585 -0.6432
vn -0.7492 0.1602 -0.6427
vn -0.1510 -0.0000 -0.9885
vn -0.4393 -0.0000 -0.8984
vn -0.4393 -0.0000 -0.8983
vn -0.6875 -0.0000 -0.7262
vn -0.4572 -0.3090 -0.8340
vn -0.6769 -0.1532 -0.7199
vn -0.7584 -0.2056 -0.6186
vn -0.1351 -0.4629 -0.8761
vn -0.4571 -0.3090 -0.8340
vn -0.1813 -0.5141 -0.8384
vn -0.1287 -0.3991 -0.9078
vn -0.1654 -0.4490 -0.8781
vn -0.1572 -0.3783 -0.9123
vn -0.1264 -0.2925 -0.9479
vn -0.1715 -0.3274 -0.9292
vn -0.1364 -0.1721 -0.9756
vn -0.1597 -0.2009 -0.9665
vn -0.1426 -0.0590 -0.9880
vn -0.1507 -0.0710 -0.9860
vn -0.4389 -0.0389 -0.8977
vn -0.4770 -0.3288 -0.8151
vn -0.4472 -0.2648 -0.8544
vn -0.4690 -0.2800 -0.8377
vn -0.4375 -0.1932 -0.8782
vn -0.4567 -0.2055 -0.8656
vn -0.4360 -0.1141 -0.8927
vn -0.4458 -0.1246 -0.8864
vn -0.4358 -0.0419 -0.8991
vn -0.4389 -0.0437 -0.8975
vn -0.7140 -0.1018 -0.6927
vn -0.7095 -0.0921 -0.6987
vn -0.7082 -0.0912 -0.7001
vn -0.6993 -0.0670 -0.7116
vn -0.6977 -0.0661 -0.7133
vn -0.6918 -0.0401 -0.7210
vn -0.6909 -0.0391 -0.7219
vn -0.6878 -0.0140 -0.7258
vn -0.6874 -0.0136 -0.7261
vn -0.5324 -0.4618 -0.7094
vn -0.1029 -0.9835 -0.1487
vn -0.7448 -0.3064 -0.5927
vn -0.3469 -0.9048 -0.2471
vn -0.3653 -0.9061 -0.2136
vn -0.3381 -0.8967 -0.2857
vn -0.4172 -0.8754 -0.2441
vn -0.4171 -0.8754 -0.2443
vn -0.4203 -0.8085 -0.4120
vn -0.4899 -0.8121 -0.3171
vn -0.4573 -0.7269 -0.5124
vn -0.5487 -0.7552 -0.3586
vn -0.5581 -0.5294 -0.6390
vn -0.6151 -0.6057 -0.5048
vn -0.6014 -0.5781 -0.5515
vn -0.5453 -0.4230 -0.7237
vn -0.6333 -0.5308 -0.5633
vn -0.5771 -0.3765 -0.7247
vn -0.4359 -0.2701 -0.8585
vn -0.3611 -0.9083 -0.2113
vn -0.3459 -0.9104 -0.2271
vn -0.1317 -0.9875 -0.0868
vn -0.1446 -0.9845 -0.0993
vn -0.1121 -0.9769 -0.1818
vn -0.1434 -0.9824 -0.1199
vn -0.1002 -0.9665 -0.2362
vn -0.1644 -0.9682 -0.1887
vn -0.1247 -0.9215 -0.3679
vn -0.1865 -0.9345 -0.3032
vn -0.1573 -0.8572 -0.4903
vn -0.2068 -0.8911 -0.4040
vn -0.1697 -0.7682 -0.6173
vn -0.2015 -0.8494 -0.4877
vn -0.2262 -0.7461 -0.6262
vn -0.1945 -0.6515 -0.7333
vn -0.2723 -0.7505 -0.6022
vn -0.1868 -0.5315 -0.8262
vn -0.1552 -0.5023 -0.8507
vn -0.1096 -0.9936 -0.0264
vn -0.0353 -0.9990 -0.0279
vn -0.0353 -0.9991 -0.0252
vn -0.0314 -0.9992 -0.0264
vn -0.0310 -0.9992 -0.0250
vn -0.1094 -0.9938 -0.0215
vn -0.0545 -0.9982 -0.0263
vn -0.0417 -0.9988 -0.0272
vn -0.0403 -0.9989 -0.0254
vn -0.1478 -0.9886 -0.0293
vn -0.1374 -0.9902 -0.0239
vn -0.1374 -0.9902 -0.0238
vn -0.2254 -0.9734 -0.0414
vn -0.2255 -0.9734 -0.0413
vn -0.1654 -0.9852 -0.0445
vn -0.1658 -0.9856 -0.0339
vn -0.2307 -0.9711 -0.0614
vn -0.2482 -0.9662 -0.0698
vn -0.2489 -0.9663 -0.0659
vn -0.3010 -0.9481 -0.1025
vn -0.2900 -0.9513 -0.1045
vn -0.1336 -0.9875 -0.0832
vn -0.3341 -0.9320 -0.1405
vn -0.3209 -0.9351 -0.1507
vn -0.3153 -0.9344 -0.1659
vn -0.3707 -0.9123 -0.1739
vn -0.0460 -0.9985 -0.0285
vn -0.0463 -0.9984 -0.0312
vn -0.0562 -0.9981 -0.0271
vn -0.0565 -0.9978 -0.0339
vn -0.0688 -0.9972 -0.0304
vn -0.0687 -0.9969 -0.0387
vn -0.0838 -0.9958 -0.0364
vn -0.0829 -0.9955 -0.0458
vn -0.0951 -0.9945 -0.0441
vn -0.0933 -0.9941 -0.0550
vn -0.1084 -0.9926 -0.0550
vn -0.1050 -0.9922 -0.0674
vn -0.1169 -0.9908 -0.0676
vn -0.1123 -0.9904 -0.0806
vn -0.9055 0.0048 -0.4244
vn -0.9060 0.0128 -0.4231
vn -0.9061 0.0048 -0.4231
vn -0.9059 0.0142 -0.4232
vn -0.9059 0.0126 -0.4233
vn -0.9248 0.0146 -0.3801
vn -0.4809 0.8668 -0.1319
vn -0.9515 0.2082 -0.2264
vn -0.7852 0.5886 -0.1925
vn -0.4808 0.8668 -0.1323
vn -0.5575 0.8178 -0.1425
vn -0.6097 0.7752 -0.1652
vn -0.7867 0.5247 -0.3254
vn -0.8028 0.5260 -0.2810
vn -0.7045 0.6701 -0.2337
vn -0.5982 0.7739 -0.2081
vn -0.5981 0.7740 -0.2081
vn -0.9572 0.1771 -0.2291
vn -0.9387 0.1752 -0.2970
vn -0.9437 0.1397 -0.2999
vn -0.9480 0.1115 -0.2980
vn -0.9191 0.1087 -0.3788
vn -0.8356 0.5078 -0.2097
vn -0.8203 0.5063 -0.2661
vn -0.8972 0.3269 -0.2969
vn -0.8735 0.3247 -0.3628
vn -0.9222 0.0156 -0.3865
vn -0.9177 0.0138 -0.3970
vn -0.8033 0.4944 -0.3321
vn -0.7868 0.5245 -0.3254
vn -0.7869 0.5243 -0.3254
vn -0.9668 0.2087 -0.1472
vn -0.7198 0.6931 -0.0389
vn -0.7069 0.7066 -0.0311
vn -0.9672 0.2526 -0.0277
vn -0.9657 0.2584 -0.0253
vn -0.4043 0.9118 -0.0711
vn -0.4070 0.9123 -0.0459
vn -0.2888 0.9567 -0.0367
vn -0.4069 0.9123 -0.0458
vn -0.3507 0.9359 -0.0340
vn -0.7691 0.6361 -0.0621
vn -0.7193 0.6925 -0.0547
vn -0.9714 0.2280 -0.0665
vn -0.9657 0.2515 -0.0650
vn -0.2889 0.9566 -0.0367
vn -0.2888 0.9567 -0.0368
vn -0.2890 0.9569 -0.0286
vn -0.2586 0.9651 -0.0404
vn -0.2586 0.9651 -0.0406
vn -0.9627 0.2271 -0.1469
vn -0.9628 0.2265 -0.1476
vn -0.7630 0.6352 -0.1195
vn -0.7980 0.5890 -0.1273
vn -0.4446 0.8927 -0.0731
vn -0.4905 0.8673 -0.0848
vn -0.2585 0.9653 -0.0369
vn -0.2588 0.9652 -0.0365
vn -0.2588 0.9652 -0.0367
vn -0.7069 0.7065 -0.0328
vn -0.7069 0.7065 -0.0330
vn -0.9658 0.2586 -0.0203
vn -0.9657 0.2587 -0.0203
vn -0.7068 0.7066 -0.0329
vn -0.1949 0.9807 0.0182
vn -0.8312 0.5557 0.0140
vn -0.8313 0.5557 0.0140
vn -0.1952 0.9806 0.0181
vn -0.5556 0.8313 0.0174
vn -0.5557 0.8312 0.0173
vn -0.5555 0.8313 0.0174
vn -0.8315 0.5554 0.0139
vn -0.9807 0.1952 -0.0085
vn -0.9808 0.1948 0.0084
vn -0.9807 0.1952 0.0085
vn -0.9656 0.2596 0.0146
vn -0.9655 0.2598 0.0145
vn -0.8309 0.5556 -0.0301
vn -0.7066 0.7074 0.0164
vn -0.5553 0.8315 0.0144
vn -0.2587 0.9658 -0.0182
vn -0.1950 0.9808 0.0063
vn -0.2590 0.9658 0.0062
vn -0.7065 0.7055 -0.0562
vn -0.1950 0.9801 0.0365
vn -0.2586 0.9630 -0.0755
vn -0.5531 0.8257 0.1106
vn -0.9658 0.2586 0.0203
vn -0.9714 0.1980 -0.1309
vn -0.8280 0.5509 0.1044
vn -0.7041 0.7020 0.1068
vn -0.7832 0.5325 -0.3211
vn -0.5530 0.8258 0.1106
vn -0.9656 0.2452 0.0859
vn -0.3189 0.9470 0.0399
vn -0.9686 0.2465 0.0312
vn -0.9655 0.2581 0.0336
vn -0.7328 0.6795 0.0340
vn -0.7068 0.7063 0.0403
vn -0.2709 0.9622 0.0265
vn -0.2588 0.9652 0.0371
vn -0.3187 0.9470 0.0398
vn -0.3186 0.9469 0.0423
vn -0.3185 0.9470 0.0424
vn -0.4377 0.8975 0.0539
vn -0.4378 0.8975 0.0540
vn -0.9714 0.2213 0.0861
vn -0.9696 0.2286 0.0873
vn -0.7812 0.6199 0.0740
vn -0.7310 0.6784 0.0736
vn -0.3956 0.9174 0.0435
vn -0.3188 0.9469 0.0424
vn -0.9645 0.2087 0.1616
vn -0.9619 0.2204 0.1620
vn -0.7965 0.5891 0.1362
vn -0.7736 0.6192 0.1349
vn -0.4900 0.8673 0.0871
vn -0.4341 0.8972 0.0816
vn -0.9334 0.1538 0.3243
vn -0.9137 0.0225 0.4057
vn -0.8598 0.3946 0.3240
vn -0.8448 0.3934 0.3626
vn -0.8579 0.3585 0.3682
vn -0.8917 0.2395 0.3841
vn -0.9194 0.0155 0.3930
vn -0.9194 0.0155 0.3929
vn -0.9163 0.0798 0.3924
vn -0.9203 0.0049 0.3912
vn -0.9421 0.0820 0.3251
vn -0.9348 0.1405 0.3262
vn -0.9158 0.2417 0.3209
vn -0.8411 0.4485 0.3024
vn -0.8052 0.5176 0.2893
vn -0.6694 0.7005 0.2475
vn -0.6845 0.7021 0.1961
vn -0.6846 0.7021 0.1961
vn -0.6693 0.7006 0.2475
vn -0.4793 0.8665 0.1397
vn -0.5550 0.8181 0.1508
vn -0.7812 0.5881 0.2094
vn -0.8643 0.4506 0.2235
vn -0.9478 0.2080 0.2418
vn -0.9578 0.1561 0.2415
vn -0.9059 0.0218 0.4229
vn -0.9055 0.0048 0.4244
vn -0.9062 0.0048 0.4229
vn -0.9062 0.0049 0.4229
vn -0.9062 0.0037 0.4229
vn -0.9060 0.0145 0.4230
vn -0.0000 -1.0000 0.0002
vn -0.7052 -0.2191 0.6743
vn -0.7052 -0.3545 0.6140
vn -0.7052 -0.3545 0.6141
vn -0.7051 -0.4745 0.5269
vn -0.7052 -0.4745 0.5269
vn -0.7051 -0.5736 0.4168
vn -0.7052 -0.5736 0.4168
vn -0.7052 -0.6478 0.2884
vn -0.7052 -0.6477 0.2884
vn -0.7052 -0.6935 0.1474
vn -0.7052 -0.7090 -0.0000
vn -0.7052 -0.6935 -0.1474
vn -0.7052 -0.6477 -0.2884
vn -0.7052 -0.6478 -0.2884
vn -0.7052 -0.5736 -0.4168
vn -0.7051 -0.5736 -0.4168
vn -0.7052 -0.4744 -0.5269
vn -0.7051 -0.4745 -0.5269
vn -0.7052 -0.3545 -0.6141
vn -0.7052 -0.3545 -0.6140
vn -0.7052 -0.2191 -0.6743
vn -0.7052 -0.0741 -0.7051
vn -0.7052 0.0741 -0.7051
vn -0.7052 0.2191 -0.6743
vn -0.7052 0.3545 -0.6140
vn -0.7052 0.3545 -0.6141
vn -0.7051 0.4745 -0.5269
vn -0.7052 0.4744 -0.5269
vn -0.7051 0.5736 -0.4168
vn -0.7052 0.5736 -0.4168
vn -0.7052 0.6478 -0.2884
vn -0.7052 0.6477 -0.2884
vn -0.7052 0.6935 -0.1474
vn -0.7052 0.7090 -0.0000
vn -0.7052 0.6935 0.1474
vn -0.7052 0.6477 0.2884
vn -0.7052 0.6478 0.2884
vn -0.7052 0.5736 0.4168
vn -0.7051 0.5736 0.4168
vn -0.7052 0.4744 0.5269
vn -0.7051 0.4745 0.5269
vn -0.7052 0.3545 0.6141
vn -0.7052 0.3545 0.6140
vn -0.7052 0.2191 0.6743
vn -0.7052 0.0741 0.7051
vn -0.7052 -0.0741 0.7051
vn 0.2191 0.7052 -0.6743
vn 0.3545 0.7052 -0.6140
vn 0.3545 0.7052 -0.6141
vn 0.4744 0.7052 -0.5269
vn 0.5736 0.7052 -0.4167
vn 0.5736 0.7052 -0.4168
vn 0.6477 0.7052 -0.2884
vn 0.6478 0.7051 -0.2884
vn 0.6935 0.7052 -0.1474
vn 0.7090 0.7052 -0.0000
vn 0.6935 0.7052 0.1474
vn 0.6477 0.7052 0.2884
vn 0.6478 0.7051 0.2884
vn 0.5736 0.7052 0.4168
vn 0.5736 0.7052 0.4167
vn 0.4744 0.7052 0.5269
vn 0.3545 0.7052 0.6140
vn 0.2191 0.7052 0.6743
vn 0.0741 0.7052 0.7051
vn -0.0741 0.7052 0.7051
vn -0.0741 0.7052 0.7052
vn -0.2191 0.7052 0.6744
vn -0.2191 0.7052 0.6743
vn -0.3545 0.7052 0.6140
vn -0.3545 0.7052 0.6141
vn -0.4744 0.7052 0.5269
vn -0.5736 0.7052 0.4168
vn -0.6477 0.7052 0.2884
vn -0.6935 0.7052 0.1474
vn -0.7090 0.7052 -0.0000
vn -0.6935 0.7052 -0.1474
vn -0.6477 0.7052 -0.2884
vn -0.5736 0.7052 -0.4168
vn -0.4744 0.7052 -0.5269
vn -0.3545 0.7052 -0.6141
vn -0.3545 0.7052 -0.6140
vn -0.2191 0.7052 -0.6743
vn -0.0741 0.7052 -0.7052
vn -0.0741 0.7052 -0.7051
vn 0.0741 0.7052 -0.7051
vn 0.0741 0.7052 -0.7052
vn -0.1627 0.1067 0.9809
vn -0.0000 0.1618 0.9868
vn -0.0000 0.2675 0.9636
vn -0.1627 0.3150 0.9350
vn -0.0000 0.3701 0.9290
vn -0.0000 0.4684 0.8835
vn -0.1627 0.5087 0.8454
vn -0.0000 0.5612 0.8277
vn -0.0000 0.6877 0.7260
vn -0.3128 0.6149 0.7239
vn -0.0000 0.7260 0.6877
vn -0.0000 0.7961 0.6052
vn -0.1627 0.8167 0.5537
vn -0.0000 0.8569 0.5155
vn -0.0000 0.9290 0.3701
vn -0.3128 0.8620 0.3988
vn -0.0000 0.9476 0.3193
vn -0.0000 0.9766 0.2150
vn -0.1627 0.9737 0.1596
vn -0.0000 0.9941 0.1081
vn -0.0000 0.9985 -0.0541
vn -0.3128 0.9498 -0.0000
vn -0.0000 0.9941 -0.1081
vn -0.0000 0.9766 -0.2150
vn -0.1627 0.9507 -0.2640
vn -0.0000 0.9476 -0.3193
vn -0.0000 0.8835 -0.4684
vn -0.3128 0.8620 -0.3988
vn -0.0000 0.8569 -0.5155
vn -0.0000 0.7961 -0.6052
vn -0.1627 0.7520 -0.6388
vn -0.0000 0.7260 -0.6877
vn -0.0000 0.6052 -0.7961
vn -0.3128 0.6149 -0.7239
vn -0.0000 0.5612 -0.8277
vn -0.0000 0.4684 -0.8835
vn -0.1627 0.4143 -0.8955
vn -0.0000 0.3701 -0.9290
vn -0.0000 0.2150 -0.9766
vn -0.3128 0.2541 -0.9152
vn -0.0000 0.1618 -0.9868
vn -0.0000 0.0541 -0.9985
vn -0.0000 -0.0541 -0.9985
vn -0.0000 -0.1618 -0.9868
vn -0.1627 -0.2121 -0.9636
vn -0.0000 -0.2675 -0.9636
vn -0.0000 -0.3701 -0.9290
vn -0.1627 -0.4143 -0.8955
vn -0.0000 -0.4684 -0.8835
vn -0.0000 -0.5612 -0.8277
vn -0.1627 -0.5971 -0.7855
vn -0.0000 -0.6474 -0.7622
vn -0.0000 -0.7622 -0.6474
vn -0.3129 -0.6895 -0.6532
vn -0.0000 -0.7961 -0.6052
vn -0.0000 -0.8835 -0.4684
vn -0.3128 -0.8139 -0.4897
vn -0.0000 -0.9076 -0.4199
vn -0.0000 -0.9635 -0.2675
vn -0.3129 -0.9001 -0.3033
vn -0.0000 -0.9766 -0.2150
vn -0.0000 -0.9941 -0.1081
vn -0.1627 -0.9852 -0.0534
vn -0.0000 -0.9941 0.1081
vn -0.1627 -0.9737 0.1596
vn -0.0000 -0.9766 0.2150
vn -0.0000 -0.9476 0.3193
vn -0.1627 -0.9166 0.3652
vn -0.0000 -0.9076 0.4199
vn -0.0000 -0.8277 0.5612
vn -0.3128 -0.8139 0.4897
vn -0.0000 -0.7961 0.6052
vn -0.0000 -0.6877 0.7260
vn -0.3128 -0.6896 0.6532
vn -0.0000 -0.6474 0.7622
vn -0.0000 -0.5156 0.8569
vn -0.3128 -0.5330 0.7862
vn -0.0000 -0.4684 0.8835
vn -0.0000 -0.3701 0.9290
vn -0.1627 -0.3150 0.9350
vn -0.0000 -0.2675 0.9636
vn -0.0000 -0.1618 0.9868
vn -0.1627 -0.1067 0.9809
vn -0.0000 -0.0541 0.9985
vn -0.0000 0.0541 0.9985
vn -0.7051 -0.2264 0.6720
vn -0.7051 -0.3656 0.6076
vn -0.7051 -0.4877 0.5148
vn -0.7050 -0.4877 0.5149
vn -0.7050 -0.5870 0.3980
vn -0.7051 -0.5870 0.3980
vn -0.7050 -0.6588 0.2625
vn -0.7051 -0.6588 0.2625
vn -0.7051 -0.6998 0.1147
vn -0.7050 -0.6998 0.1147
vn -0.7051 -0.7081 -0.0384
vn -0.7050 -0.7081 -0.0384
vn -0.7050 -0.6833 -0.1897
vn -0.7051 -0.6833 -0.1897
vn -0.7051 -0.6265 -0.3322
vn -0.7051 -0.5405 -0.4591
vn -0.7050 -0.5405 -0.4591
vn -0.7051 -0.4292 -0.5646
vn -0.7050 -0.4292 -0.5646
vn -0.7051 -0.4291 -0.5645
vn -0.7051 -0.2978 -0.6436
vn -0.7050 -0.2978 -0.6436
vn -0.7050 -0.1524 -0.6926
vn -0.7051 -0.1524 -0.6926
vn -0.7051 0.1524 -0.6926
vn -0.7051 -0.0000 -0.7091
vn -0.7050 0.4292 -0.5646
vn -0.7050 0.1524 -0.6926
vn -0.7050 0.2978 -0.6436
vn -0.7051 0.2978 -0.6436
vn -0.7051 0.4291 -0.5645
vn -0.7051 0.6265 -0.3322
vn -0.7050 0.5405 -0.4591
vn -0.7051 0.5405 -0.4591
vn -0.7051 0.7081 -0.0384
vn -0.7051 0.6833 -0.1897
vn -0.7050 0.6833 -0.1897
vn -0.7050 0.7081 -0.0384
vn -0.7051 0.6998 0.1147
vn -0.7050 0.6998 0.1147
vn -0.7051 0.6588 0.2625
vn -0.7050 0.6588 0.2625
vn -0.7051 0.5870 0.3980
vn -0.7050 0.5870 0.3980
vn -0.7050 0.4877 0.5149
vn -0.7051 0.4877 0.5148
vn -0.7051 0.3656 0.6076
vn -0.7051 0.2264 0.6720
vn -0.7050 0.2264 0.6720
vn -0.7051 0.2263 0.6720
vn -0.7051 0.0767 0.7050
vn -0.7050 0.0767 0.7050
vn -0.7050 -0.0767 0.7050
vn -0.7051 -0.0767 0.7050
vn -0.7051 -0.2263 0.6720
vn -0.5521 -0.7067 0.4425
vn -0.5027 -0.7386 0.4492
vn -0.4790 -0.7380 0.4753
vn -0.4857 -0.7485 0.4515
vn -0.4858 -0.7485 0.4515
vn -0.4858 -0.7484 0.4516
vn -0.4191 -0.8267 0.3754
vn -0.5355 -0.7058 0.4638
vn -0.5355 -0.7057 -0.4639
vn -0.4368 -0.7051 -0.5587
vn -0.5355 -0.7058 -0.4638
vn -0.1671 -0.7051 -0.6891
vn -0.3089 -0.7051 -0.6383
vn 0.1323 -0.7051 -0.6967
vn -0.1671 -0.7051 -0.6892
vn -0.0178 -0.7051 -0.7089
vn 0.4081 -0.7051 -0.5799
vn 0.2764 -0.7051 -0.6531
vn 0.2764 -0.7051 -0.6530
vn 0.6112 -0.7050 -0.3597
vn 0.5214 -0.7051 -0.4806
vn 0.5214 -0.7051 -0.4807
vn 0.6111 -0.7051 -0.3597
vn 0.7051 -0.7051 -0.0753
vn 0.6733 -0.7051 -0.2225
vn 0.6733 -0.7050 -0.2225
vn 0.7051 -0.7051 0.0753
vn 0.6733 -0.7051 0.2225
vn 0.6733 -0.7050 0.2225
vn 0.6111 -0.7051 0.3597
vn 0.6112 -0.7050 0.3597
vn 0.5214 -0.7051 0.4806
vn 0.5214 -0.7051 0.4807
vn 0.4081 -0.7051 0.5799
vn 0.2764 -0.7051 0.6530
vn 0.2764 -0.7051 0.6531
vn 0.1323 -0.7051 0.6967
vn -0.0178 -0.7051 0.7089
vn -0.1671 -0.7051 0.6892
vn -0.1671 -0.7051 0.6891
vn -0.3089 -0.7051 0.6383
vn -0.4368 -0.7051 0.5587
vn -0.5355 -0.7057 0.4639
vn -0.4718 -0.7399 -0.4796
vn -0.4743 -0.7362 -0.4827
vn -0.4867 -0.7158 -0.5007
vn -0.5309 -0.7054 -0.4696
vn -0.5245 -0.7481 -0.4066
vn -0.4867 -0.7160 -0.5005
vn -0.4867 -0.7161 -0.5004
vn -0.9658 0.0140 -0.2588
vn -0.9658 -0.0140 -0.2587
vn -0.9658 -0.0140 -0.2588
vn -0.9658 -0.0419 -0.2558
vn -0.9658 -0.0419 -0.2557
vn -0.9658 -0.0693 -0.2497
vn -0.9658 -0.0959 -0.2407
vn -0.9658 -0.1214 -0.2290
vn -0.9658 -0.1214 -0.2289
vn -0.9658 -0.1454 -0.2145
vn -0.9658 -0.1678 -0.1975
vn -0.9658 -0.1881 -0.1782
vn -0.9658 -0.2063 -0.1568
vn -0.9658 -0.2221 -0.1336
vn -0.9658 -0.2352 -0.1088
vn -0.9658 -0.2456 -0.0827
vn -0.9658 -0.2531 -0.0557
vn -0.9658 -0.2576 -0.0280
vn -0.9658 -0.2577 -0.0280
vn -0.9658 -0.2592 -0.0000
vn -0.9658 -0.2577 0.0280
vn -0.9658 -0.2576 0.0280
vn -0.9658 -0.2531 0.0557
vn -0.9658 -0.2456 0.0827
vn -0.9658 -0.2352 0.1088
vn -0.9658 -0.2221 0.1336
vn -0.9658 -0.2063 0.1568
vn -0.9658 -0.1881 0.1782
vn -0.9658 -0.1678 0.1975
vn -0.9658 -0.1454 0.2145
vn -0.9658 -0.1214 0.2289
vn -0.9658 -0.1214 0.2290
vn -0.9658 -0.0959 0.2408
vn -0.9658 -0.0959 0.2407
vn -0.9658 -0.0693 0.2497
vn -0.9658 -0.0419 0.2557
vn -0.9658 -0.0419 0.2558
vn -0.9658 -0.0140 0.2588
vn -0.9658 0.0140 0.2587
vn -0.9658 0.0140 0.2588
vn -0.9658 0.0419 0.2558
vn -0.9658 0.0419 0.2557
vn -0.9658 0.0693 0.2497
vn -0.9658 0.0959 0.2407
vn -0.9658 0.1214 0.2290
vn -0.9658 0.1214 0.2289
vn -0.9658 0.1454 0.2145
vn -0.9658 0.1678 0.1975
vn -0.9658 0.1881 0.1782
vn -0.9658 0.2063 0.1568
vn -0.9658 0.2221 0.1336
vn -0.9658 0.2352 0.1088
vn -0.9658 0.2456 0.0827
vn -0.9658 0.2531 0.0557
vn -0.9658 0.2576 0.0280
vn -0.9658 0.2577 0.0280
vn -0.9658 0.2592 -0.0000
vn -0.9658 0.2577 -0.0280
vn -0.9658 0.2576 -0.0280
vn -0.9658 0.2531 -0.0557
vn -0.9658 0.2456 -0.0827
vn -0.9658 0.2352 -0.1088
vn -0.9658 0.2221 -0.1336
vn -0.9658 0.2063 -0.1568
vn -0.9658 0.1881 -0.1782
vn -0.9658 0.1678 -0.1975
vn -0.9658 0.1454 -0.2145
vn -0.9658 0.1214 -0.2289
vn -0.9658 0.1214 -0.2290
vn -0.9658 0.0959 -0.2408
vn -0.9658 0.0959 -0.2407
vn -0.9658 0.0693 -0.2497
vn -0.9658 0.0419 -0.2557
vn -0.9658 0.0419 -0.2558
vn -0.7065 0.0383 -0.7067
vn -0.7065 -0.0383 -0.7067
vn -0.7066 -0.0383 -0.7066
vn -0.7065 -0.1145 -0.6983
vn -0.7065 -0.1145 -0.6984
vn -0.7065 -0.1893 -0.6819
vn -0.7066 -0.1893 -0.6818
vn -0.7066 -0.2619 -0.6574
vn -0.7066 -0.3315 -0.6252
vn -0.7065 -0.3315 -0.6253
vn -0.7065 -0.3972 -0.5858
vn -0.7065 -0.3971 -0.5857
vn -0.7065 -0.4581 -0.5394
vn -0.7065 -0.4582 -0.5394
vn -0.7065 -0.5138 -0.4867
vn -0.7065 -0.5634 -0.4283
vn -0.7065 -0.6064 -0.3648
vn -0.7065 -0.6064 -0.3649
vn -0.7065 -0.6423 -0.2972
vn -0.7065 -0.6423 -0.2971
vn -0.7065 -0.6706 -0.2260
vn -0.7065 -0.6707 -0.2260
vn -0.7065 -0.6912 -0.1521
vn -0.7065 -0.6911 -0.1521
vn -0.7065 -0.7035 -0.0765
vn -0.7066 -0.7035 -0.0765
vn -0.7066 -0.7076 -0.0000
vn -0.7066 -0.7035 0.0765
vn -0.7065 -0.7035 0.0765
vn -0.7065 -0.6911 0.1521
vn -0.7065 -0.6912 0.1521
vn -0.7065 -0.6707 0.2260
vn -0.7065 -0.6706 0.2260
vn -0.7065 -0.6423 0.2972
vn -0.7065 -0.6064 0.3649
vn -0.7065 -0.5634 0.4283
vn -0.7065 -0.5138 0.4867
vn -0.7065 -0.4582 0.5394
vn -0.7065 -0.4581 0.5394
vn -0.7065 -0.3971 0.5857
vn -0.7065 -0.3972 0.5858
vn -0.7065 -0.3315 0.6253
vn -0.7066 -0.3315 0.6252
vn -0.7066 -0.2619 0.6574
vn -0.7066 -0.1893 0.6818
vn -0.7065 -0.1893 0.6819
vn -0.7065 -0.1145 0.6984
vn -0.7065 -0.1145 0.6983
vn -0.7066 -0.0383 0.7066
vn -0.7065 -0.0383 0.7067
vn -0.7065 0.0383 0.7067
vn -0.7066 0.0383 0.7066
vn -0.7065 0.1145 0.6983
vn -0.7065 0.1145 0.6984
vn -0.7065 0.1893 0.6819
vn -0.7066 0.1893 0.6818
vn -0.7066 0.2619 0.6574
vn -0.7066 0.3315 0.6252
vn -0.7065 0.3315 0.6253
vn -0.7065 0.3972 0.5858
vn -0.7065 0.3971 0.5857
vn -0.7065 0.4581 0.5394
vn -0.7065 0.4582 0.5394
vn -0.7065 0.5138 0.4867
vn -0.7065 0.5634 0.4283
vn -0.7065 0.6064 0.3648
vn -0.7065 0.6064 0.3649
vn -0.7065 0.6423 0.2972
vn -0.7065 0.6423 0.2971
vn -0.7065 0.6706 0.2260
vn -0.7065 0.6707 0.2260
vn -0.7065 0.6912 0.1521
vn -0.7065 0.6911 0.1521
vn -0.7065 0.7035 0.0765
vn -0.7066 0.7035 0.0765
vn -0.7066 0.7076 -0.0000
vn -0.7066 0.7035 -0.0765
vn -0.7065 0.7035 -0.0765
vn -0.7065 0.6911 -0.1521
vn -0.7065 0.6912 -0.1521
vn -0.7065 0.6707 -0.2260
vn -0.7065 0.6706 -0.2260
vn -0.7065 0.6423 -0.2972
vn -0.7065 0.6064 -0.3649
vn -0.7065 0.5634 -0.4283
vn -0.7065 0.5138 -0.4867
vn -0.7065 0.4582 -0.5394
vn -0.7065 0.4581 -0.5394
vn -0.7065 0.3971 -0.5857
vn -0.7065 0.3972 -0.5858
vn -0.7065 0.3315 -0.6253
vn -0.7066 0.3315 -0.6252
vn -0.7066 0.2619 -0.6574
vn -0.7066 0.1893 -0.6818
vn -0.7065 0.1893 -0.6819
vn -0.7065 0.1145 -0.6984
vn -0.7065 0.1145 -0.6983
vn -0.7066 0.0383 -0.7066
vn -0.2585 0.0523 -0.9646
vn -0.2585 -0.0523 -0.9646
vn -0.2585 -0.1563 -0.9533
vn -0.2585 -0.2584 -0.9308
vn -0.2584 -0.2584 -0.9308
vn -0.2584 -0.3576 -0.8974
vn -0.2584 -0.4525 -0.8535
vn -0.2585 -0.4525 -0.8535
vn -0.2585 -0.5421 -0.7996
vn -0.2586 -0.5421 -0.7995
vn -0.2582 -0.6254 -0.7363
vn -0.2586 -0.6254 -0.7362
vn -0.2586 -0.7013 -0.6643
vn -0.2584 -0.7013 -0.6644
vn -0.2584 -0.7691 -0.5846
vn -0.2585 -0.7690 -0.5846
vn -0.2585 -0.8277 -0.4980
vn -0.2586 -0.8277 -0.4980
vn -0.2586 -0.8767 -0.4056
vn -0.2581 -0.9155 -0.3085
vn -0.2585 -0.9155 -0.3085
vn -0.2585 -0.9434 -0.2077
vn -0.2585 -0.9603 -0.1044
vn -0.2584 -0.9604 -0.1044
vn -0.2584 -0.9660 -0.0000
vn -0.2584 -0.9604 0.1044
vn -0.2585 -0.9603 0.1044
vn -0.2585 -0.9434 0.2077
vn -0.2585 -0.9155 0.3085
vn -0.2586 -0.9154 0.3085
vn -0.2586 -0.8767 0.4056
vn -0.2586 -0.8277 0.4980
vn -0.2585 -0.8277 0.4980
vn -0.2585 -0.7690 0.5846
vn -0.2584 -0.7691 0.5846
vn -0.2584 -0.7013 0.6643
vn -0.2586 -0.7013 0.6643
vn -0.2586 -0.6254 0.7362
vn -0.2586 -0.5421 0.7995
vn -0.2585 -0.5421 0.7995
vn -0.2585 -0.4525 0.8535
vn -0.2584 -0.4525 0.8535
vn -0.2584 -0.3576 0.8974
vn -0.2584 -0.2585 0.9308
vn -0.2585 -0.2584 0.9308
vn -0.2585 -0.1563 0.9533
vn -0.2585 -0.0523 0.9646
vn -0.2585 0.0523 0.9646
vn -0.2585 0.1563 0.9533
vn -0.2585 0.2584 0.9308
vn -0.2584 0.2584 0.9308
vn -0.2584 0.3576 0.8974
vn -0.2584 0.4525 0.8535
vn -0.2585 0.4525 0.8535
vn -0.2585 0.5421 0.7996
vn -0.2586 0.5421 0.7995
vn -0.2582 0.6254 0.7363
vn -0.2586 0.6254 0.7362
vn -0.2586 0.7013 0.6643
vn -0.2584 0.7013 0.6644
vn -0.2584 0.7691 0.5846
vn -0.2585 0.7690 0.5846
vn -0.2585 0.8277 0.4980
vn -0.2586 0.8277 0.4980
vn -0.2586 0.8767 0.4056
vn -0.2581 0.9155 0.3085
vn -0.2585 0.9155 0.3085
vn -0.2585 0.9434 0.2077
vn -0.2585 0.9603 0.1044
vn -0.2584 0.9604 0.1044
vn -0.2584 0.9660 -0.0000
vn -0.2584 0.9604 -0.1044
vn -0.2585 0.9603 -0.1044
vn -0.2585 0.9434 -0.2077
vn -0.2585 0.9155 -0.3085
vn -0.2586 0.9154 -0.3085
vn -0.2586 0.8767 -0.4056
vn -0.2586 0.8277 -0.4980
vn -0.2585 0.8277 -0.4980
vn -0.2585 0.7690 -0.5846
vn -0.2584 0.7691 -0.5846
vn -0.2584 0.7013 -0.6643
vn -0.2586 0.7013 -0.6643
vn -0.2586 0.6254 -0.7362
vn -0.2586 0.5421 -0.7995
vn -0.2585 0.5421 -0.7995
vn -0.2585 0.4525 -0.8535
vn -0.2584 0.4525 -0.8535
vn -0.2584 0.3576 -0.8974
vn -0.2584 0.2585 -0.9308
vn -0.2585 0.2584 -0.9308
vn -0.2585 0.1563 -0.9533
vn -0.2918 -0.0174 -0.9563
vn -0.3956 0.2133 -0.8933
vn -0.4414 -0.0174 -0.8971
vn -0.3300 -0.0174 -0.9438
vn -0.2473 0.2132 -0.9452
vn 0.0261 -0.0174 -0.9995
vn 0.0648 0.2133 -0.9748
vn -0.0142 -0.0174 -0.9997
vn -0.1346 -0.0174 -0.9907
vn -0.0924 0.2133 -0.9726
vn -0.1744 -0.0174 -0.9845
vn 0.3413 -0.0174 -0.9398
vn 0.3702 0.2133 -0.9041
vn 0.3031 -0.0174 -0.9528
vn 0.1861 -0.0174 -0.9824
vn 0.2203 0.2133 -0.9518
vn 0.1464 -0.0174 -0.9891
vn 0.6213 -0.0174 -0.7834
vn 0.6374 0.2132 -0.7404
vn 0.5893 -0.0174 -0.8078
vn 0.4876 -0.0174 -0.8729
vn 0.5104 0.2132 -0.8331
vn 0.4520 -0.0175 -0.8918
vn 0.8374 -0.0174 -0.5463
vn 0.8391 0.2133 -0.5005
vn 0.8147 -0.0175 -0.5796
vn 0.7389 -0.0174 -0.6736
vn 0.7480 0.2133 -0.6286
vn 0.7112 -0.0174 -0.7028
vn 0.9673 -0.0173 -0.2530
vn 0.9544 0.2132 -0.2090
vn 0.9563 -0.0175 -0.2918
vn 0.9142 -0.0174 -0.4049
vn 0.9085 0.2133 -0.3594
vn 0.8971 -0.0174 -0.4414
vn 0.9976 -0.0174 0.0663
vn 0.9714 0.2133 0.1040
vn 0.9995 -0.0175 0.0261
vn 0.9954 -0.0175 -0.0946
vn 0.9755 0.2134 -0.0532
vn 0.9908 -0.0174 -0.1346
vn 0.9253 -0.0174 0.3788
vn 0.8885 0.2133 0.4063
vn 0.9398 -0.0174 0.3413
vn 0.9741 -0.0173 0.2255
vn 0.9422 0.2132 0.2585
vn 0.9824 -0.0175 0.1861
vn 0.7577 -0.0174 0.6523
vn 0.7141 0.2132 0.6667
vn 0.7834 -0.0175 0.6213
vn 0.8526 -0.0174 0.5223
vn 0.8118 0.2133 0.5435
vn 0.8729 -0.0174 0.4876
vn 0.5121 -0.0174 0.8587
vn 0.4663 0.2133 0.8586
vn 0.5463 -0.0175 0.8374
vn 0.6433 -0.0174 0.7654
vn 0.5979 0.2133 0.7726
vn 0.6736 -0.0175 0.7389
vn 0.2139 -0.0174 0.9767
vn 0.1704 0.2133 0.9620
vn 0.2530 -0.0175 0.9673
vn 0.3678 -0.0174 0.9298
vn 0.3225 0.2133 0.9222
vn 0.4049 -0.0174 0.9142
vn -0.1064 -0.0174 0.9942
vn -0.1430 0.2133 0.9665
vn -0.0663 -0.0175 0.9976
vn 0.0544 -0.0174 0.9984
vn 0.0139 0.2133 0.9769
vn 0.0946 -0.0174 0.9954
vn -0.4138 0.1000 0.9049
vn -0.3788 -0.0174 0.9253
vn -0.2645 -0.0174 0.9642
vn -0.2962 0.2132 0.9310
vn -0.2255 -0.0175 0.9741
vn -0.5535 0.1000 0.8268
vn -0.5223 -0.0174 0.8526
vn -0.4521 -0.0174 0.8918
vn -0.6790 0.1000 0.7273
vn -0.6523 -0.0174 0.7577
vn -0.5893 -0.0174 0.8078
vn -0.8587 -0.0175 0.5122
vn -0.8147 -0.0175 0.5796
vn -0.7869 0.1000 0.6090
vn -0.7654 -0.0174 0.6433
vn -0.7112 -0.0174 0.7028
vn -0.8766 0.2132 0.4313
vn -0.8786 -0.0174 0.4772
vn -0.9298 -0.0175 0.3678
vn -0.9392 0.1000 0.3284
vn -0.9563 -0.0174 0.2918
vn -0.9845 -0.0174 0.1744
vn -0.9681 0.2133 0.1315
vn -0.9767 -0.0174 0.2139
vn -0.9642 -0.0174 -0.2645
vn -0.9824 -0.0174 -0.1861
vn -0.9843 0.1000 -0.1457
vn -0.9942 -0.0175 -0.1064
vn -0.9997 -0.0174 0.0142
vn -0.9766 0.2133 -0.0255
vn -0.9984 -0.0175 0.0544
vn -0.9183 0.2133 -0.3335
vn -0.9528 -0.0174 -0.3031
vn -0.9093 -0.0174 -0.4158
vn -0.8875 0.1000 -0.4498
vn -0.8729 -0.0174 -0.4876
vn -0.8078 -0.0174 -0.5893
vn -0.7655 0.2133 -0.6071
vn -0.8308 -0.0174 -0.5563
vn -0.4772 -0.0174 -0.8786
vn -0.5463 -0.0174 -0.8374
vn -0.5768 0.1000 -0.8108
vn -0.6119 -0.0174 -0.7907
vn -0.7028 -0.0174 -0.7112
vn -0.6582 0.2133 -0.7220
vn -0.7308 -0.0174 -0.6823
vn -0.0000 -1.0000 0.0001
vn 0.3642 -0.4234 0.8295
vn 0.2993 -0.4213 0.8561
vn 0.2948 -0.4213 0.8577
vn 0.0751 -0.4252 0.9020
vn 0.0128 -0.4196 0.9076
vn 0.0004 -0.4195 0.9078
vn 0.2989 -0.4241 0.8549
vn 0.2296 -0.4209 0.8776
vn 0.2226 -0.4244 0.8777
vn 0.1582 -0.4204 0.8934
vn 0.1497 -0.4203 0.8949
vn 0.1578 -0.4253 0.8912
vn 0.0859 -0.4200 0.9034
vn -0.2217 -0.4266 0.8769
vn -0.2754 -0.4184 0.8655
vn -0.2946 -0.4182 0.8593
vn 0.0128 -0.4267 0.9043
vn -0.0602 -0.4193 0.9058
vn -0.0744 -0.4260 0.9017
vn -0.1329 -0.4190 0.8982
vn -0.1491 -0.4188 0.8958
vn -0.1323 -0.4282 0.8939
vn -0.2048 -0.4187 0.8847
vn -0.4942 -0.4275 0.7570
vn -0.5355 -0.4176 0.7341
vn -0.5579 -0.4173 0.7174
vn -0.2737 -0.4298 0.8604
vn -0.3442 -0.4182 0.8406
vn -0.3629 -0.4271 0.8282
vn -0.4107 -0.4180 0.8103
vn -0.4321 -0.4177 0.7993
vn -0.4079 -0.4315 0.8046
vn -0.4747 -0.4178 0.7747
vn -0.7130 -0.4279 0.5554
vn -0.5311 -0.4333 0.7281
vn -0.5929 -0.4175 0.6886
vn -0.6119 -0.4277 0.6653
vn -0.6464 -0.4174 0.6387
vn -0.6684 -0.4171 0.6158
vn -0.6404 -0.4353 0.6328
vn -0.6957 -0.4173 0.5847
vn -0.7405 -0.4173 0.5268
vn -0.7564 -0.4279 0.4947
vn -0.7805 -0.4173 0.4655
vn -0.7947 -0.4279 0.4305
vn -0.8154 -0.4173 0.4012
vn -0.8276 -0.4279 0.3634
vn -0.8450 -0.4173 0.3343
vn -0.8548 -0.4278 0.2938
vn -0.8692 -0.4174 0.2652
vn -0.8762 -0.4277 0.2222
vn -0.8876 -0.4175 0.1944
vn -0.8916 -0.4276 0.1492
vn -0.9004 -0.4176 0.1223
vn -0.9009 -0.4275 0.0750
vn -0.9072 -0.4178 0.0495
vn -0.9041 -0.4273 0.0004
vn -0.9082 -0.4180 -0.0237
vn -0.9012 -0.4271 -0.0743
vn -0.9032 -0.4182 -0.0967
vn -0.8921 -0.4268 -0.1485
vn -0.8924 -0.4184 -0.1690
vn -0.8769 -0.4266 -0.2217
vn -0.8758 -0.4187 -0.2403
vn -0.8557 -0.4263 -0.2934
vn -0.8535 -0.4190 -0.3099
vn -0.8287 -0.4260 -0.3631
vn -0.8256 -0.4193 -0.3775
vn -0.7960 -0.4256 -0.4304
vn -0.7924 -0.4196 -0.4427
vn -0.7924 -0.4197 -0.4426
vn -0.7579 -0.4252 -0.4947
vn -0.7541 -0.4200 -0.5049
vn -0.7146 -0.4248 -0.5557
vn -0.7109 -0.4204 -0.5638
vn -0.6664 -0.4244 -0.6130
vn -0.6631 -0.4209 -0.6190
vn -0.6137 -0.4239 -0.6661
vn -0.3642 -0.4234 -0.8295
vn -0.2995 -0.4213 -0.8560
vn -0.2948 -0.4213 -0.8577
vn -0.6110 -0.4213 -0.6702
vn -0.5567 -0.4234 -0.7147
vn -0.5549 -0.4218 -0.7170
vn -0.4959 -0.4229 -0.7584
vn -0.4953 -0.4223 -0.7592
vn -0.4318 -0.4223 -0.7970
vn -0.4325 -0.4229 -0.7963
vn -0.3672 -0.4218 -0.8290
vn -0.0751 -0.4252 -0.9020
vn -0.0128 -0.4196 -0.9076
vn -0.0004 -0.4195 -0.9078
vn -0.2989 -0.4241 -0.8549
vn -0.2296 -0.4209 -0.8776
vn -0.2226 -0.4244 -0.8777
vn -0.1582 -0.4204 -0.8934
vn -0.1497 -0.4203 -0.8949
vn -0.1578 -0.4253 -0.8912
vn -0.0859 -0.4200 -0.9034
vn 0.2217 -0.4266 -0.8769
vn 0.2754 -0.4184 -0.8655
vn 0.2946 -0.4182 -0.8593
vn -0.0128 -0.4267 -0.9043
vn 0.0602 -0.4193 -0.9058
vn 0.0744 -0.4260 -0.9017
vn 0.1329 -0.4190 -0.8982
vn 0.1491 -0.4188 -0.8958
vn 0.1323 -0.4282 -0.8939
vn 0.2048 -0.4187 -0.8847
vn 0.4941 -0.4275 -0.7570
vn 0.5355 -0.4176 -0.7341
vn 0.5579 -0.4173 -0.7174
vn 0.2737 -0.4298 -0.8604
vn 0.3442 -0.4182 -0.8406
vn 0.3629 -0.4271 -0.8282
vn 0.4107 -0.4180 -0.8103
vn 0.4321 -0.4177 -0.7992
vn 0.4079 -0.4315 -0.8046
vn 0.4746 -0.4178 -0.7747
vn 0.7130 -0.4279 -0.5554
vn 0.5312 -0.4333 -0.7281
vn 0.5929 -0.4175 -0.6886
vn 0.6119 -0.4277 -0.6653
vn 0.6464 -0.4174 -0.6387
vn 0.6684 -0.4171 -0.6158
vn 0.6404 -0.4353 -0.6328
vn 0.6957 -0.4173 -0.5847
vn 0.7405 -0.4173 -0.5268
vn 0.7565 -0.4279 -0.4947
vn 0.7805 -0.4173 -0.4655
vn 0.7947 -0.4279 -0.4305
vn 0.8154 -0.4173 -0.4012
vn 0.8276 -0.4279 -0.3634
vn 0.8450 -0.4173 -0.3343
vn 0.8548 -0.4278 -0.2938
vn 0.8692 -0.4174 -0.2652
vn 0.8762 -0.4277 -0.2222
vn 0.8876 -0.4175 -0.1944
vn 0.8916 -0.4276 -0.1492
vn 0.9004 -0.4176 -0.1223
vn 0.9009 -0.4275 -0.0750
vn 0.9072 -0.4178 -0.0495
vn 0.9041 -0.4273 -0.0004
vn 0.9081 -0.4180 0.0237
vn 0.9081 -0.4180 0.0238
vn 0.9012 -0.4271 0.0743
vn 0.9032 -0.4182 0.0967
vn 0.8921 -0.4268 0.1485
vn 0.8924 -0.4184 0.1690
vn 0.8769 -0.4266 0.2217
vn 0.8758 -0.4187 0.2402
vn 0.8557 -0.4263 0.2934
vn 0.8535 -0.4190 0.3099
vn 0.8287 -0.4260 0.3631
vn 0.8256 -0.4193 0.3775
vn 0.7960 -0.4256 0.4304
vn 0.7924 -0.4196 0.4427
vn 0.7924 -0.4197 0.4427
vn 0.7579 -0.4252 0.4947
vn 0.7541 -0.4200 0.5049
vn 0.7146 -0.4248 0.5557
vn 0.7109 -0.4204 0.5638
vn 0.7108 -0.4204 0.5639
vn 0.6664 -0.4244 0.6130
vn 0.6631 -0.4209 0.6190
vn 0.6137 -0.4239 0.6661
vn 0.6110 -0.4213 0.6702
vn 0.6109 -0.4214 0.6702
vn 0.5567 -0.4234 0.7147
vn 0.5549 -0.4218 0.7170
vn 0.4959 -0.4229 0.7584
vn 0.4953 -0.4223 0.7592
vn 0.4318 -0.4223 0.7970
vn 0.4325 -0.4229 0.7963
vn 0.3672 -0.4218 0.8290
vn -0.6912 -0.3253 -0.6453
vn -0.7409 -0.3254 -0.5876
vn -0.7409 -0.3253 -0.5876
vn -0.7857 -0.3254 -0.5261
vn -0.7858 -0.3253 -0.5261
vn -0.8255 -0.3253 -0.4611
vn -0.8600 -0.3253 -0.3932
vn -0.8600 -0.3254 -0.3932
vn -0.8888 -0.3254 -0.3228
vn -0.8888 -0.3253 -0.3227
vn -0.9119 -0.3253 -0.2502
vn -0.9291 -0.3253 -0.1760
vn -0.9402 -0.3254 -0.1007
vn -0.9402 -0.3253 -0.1007
vn -0.9453 -0.3253 -0.0247
vn -0.9442 -0.3253 0.0515
vn -0.9370 -0.3253 0.1273
vn -0.9370 -0.3254 0.1273
vn -0.9237 -0.3254 0.2023
vn -0.9237 -0.3253 0.2023
vn -0.9044 -0.3253 0.2759
vn -0.8793 -0.3253 0.3478
vn -0.8485 -0.3253 0.4175
vn -0.8485 -0.3253 0.4174
vn -0.8485 -0.3254 0.4175
vn -0.8121 -0.3254 0.4844
vn -0.7705 -0.3253 0.5481
vn -0.8121 -0.3253 0.4844
vn -0.7705 -0.3253 0.5482
vn -0.7239 -0.3254 0.6084
vn -0.7239 -0.3253 0.6084
vn -0.6726 -0.3253 0.6647
vn -0.6169 -0.3253 0.7166
vn -0.5573 -0.3253 0.7639
vn -0.5573 -0.3254 0.7639
vn -0.6169 -0.3254 0.7166
vn -0.4940 -0.3254 0.8063
vn -0.4940 -0.3253 0.8063
vn -0.4275 -0.3253 0.8434
vn -0.3583 -0.3253 0.8751
vn -0.2867 -0.3253 0.9011
vn -0.2133 -0.3253 0.9212
vn -0.1384 -0.3253 0.9354
vn -0.0627 -0.3253 0.9435
vn 0.0134 -0.3253 0.9455
vn 0.0895 -0.3253 0.9414
vn 0.0894 -0.3253 0.9414
vn 0.1649 -0.3253 0.9311
vn 0.2393 -0.3254 0.9148
vn 0.3121 -0.3254 0.8926
vn 0.3121 -0.3253 0.8926
vn 0.3122 -0.3253 0.8926
vn 0.3829 -0.3253 0.8646
vn 0.4513 -0.3253 0.8310
vn 0.5167 -0.3253 0.7920
vn 0.5167 -0.3254 0.7920
vn 0.5787 -0.3254 0.7478
vn 0.5787 -0.3253 0.7478
vn 0.6370 -0.3253 0.6989
vn 0.6370 -0.3253 0.6988
vn 0.6912 -0.3253 0.6453
vn 0.6912 -0.3254 0.6453
vn 0.7408 -0.3254 0.5877
vn 0.7409 -0.3253 0.5876
vn 0.7409 -0.3254 0.5876
vn 0.7857 -0.3254 0.5261
vn 0.7858 -0.3253 0.5261
vn 0.8255 -0.3253 0.4612
vn 0.8255 -0.3253 0.4611
vn 0.8600 -0.3253 0.3932
vn 0.8600 -0.3254 0.3932
vn 0.8888 -0.3253 0.3228
vn 0.8888 -0.3253 0.3227
vn 0.9119 -0.3253 0.2502
vn 0.9291 -0.3253 0.1760
vn 0.9291 -0.3254 0.1760
vn 0.9402 -0.3254 0.1007
vn 0.9402 -0.3253 0.1006
vn 0.9453 -0.3253 0.0247
vn 0.9453 -0.3253 0.0246
vn 0.9442 -0.3253 -0.0515
vn 0.9442 -0.3254 -0.0515
vn 0.9370 -0.3254 -0.1273
vn 0.9370 -0.3253 -0.1273
vn 0.9237 -0.3253 -0.2023
vn 0.9237 -0.3254 -0.2022
vn 0.9044 -0.3253 -0.2759
vn 0.8793 -0.3253 -0.3478
vn 0.8485 -0.3253 -0.4175
vn 0.8485 -0.3254 -0.4174
vn 0.8121 -0.3253 -0.4844
vn 0.7705 -0.3253 -0.5481
vn 0.7705 -0.3254 -0.5482
vn 0.7239 -0.3254 -0.6083
vn 0.7239 -0.3253 -0.6084
vn 0.6726 -0.3253 -0.6646
vn 0.6169 -0.3253 -0.7166
vn 0.5573 -0.3253 -0.7639
vn 0.5573 -0.3254 -0.7639
vn 0.6169 -0.3254 -0.7166
vn 0.4940 -0.3253 -0.8063
vn 0.4275 -0.3253 -0.8434
vn 0.4275 -0.3254 -0.8434
vn 0.3583 -0.3254 -0.8751
vn 0.2867 -0.3253 -0.9011
vn 0.3583 -0.3253 -0.8751
vn 0.2133 -0.3253 -0.9212
vn 0.1384 -0.3253 -0.9354
vn 0.0627 -0.3253 -0.9435
vn -0.0134 -0.3253 -0.9455
vn -0.0895 -0.3253 -0.9414
vn -0.0894 -0.3253 -0.9414
vn -0.1649 -0.3253 -0.9311
vn -0.2393 -0.3253 -0.9148
vn -0.2393 -0.3254 -0.9148
vn -0.3121 -0.3254 -0.8926
vn -0.3121 -0.3253 -0.8926
vn -0.3123 -0.3253 -0.8925
vn -0.3829 -0.3253 -0.8646
vn -0.4513 -0.3254 -0.8310
vn -0.4513 -0.3253 -0.8310
vn -0.5167 -0.3253 -0.7920
vn -0.5787 -0.3253 -0.7478
vn -0.6370 -0.3253 -0.6988
vn -0.4737 -0.1218 -0.8722
vn -0.5423 -0.1218 -0.8313
vn -0.6075 -0.1218 -0.7850
vn -0.6687 -0.1218 -0.7335
vn -0.7255 -0.1218 -0.6773
vn -0.7777 -0.1218 -0.6168
vn -0.8248 -0.1217 -0.5522
vn -0.8248 -0.1218 -0.5522
vn -0.8665 -0.1218 -0.4840
vn -0.9027 -0.1218 -0.4127
vn -0.9027 -0.1217 -0.4127
vn -0.9330 -0.1217 -0.3388
vn -0.9330 -0.1218 -0.3388
vn -0.9572 -0.1218 -0.2626
vn -0.9752 -0.1218 -0.1847
vn -0.9869 -0.1218 -0.1057
vn -0.9869 -0.1218 -0.1056
vn -0.9922 -0.1218 -0.0259
vn -0.9911 -0.1218 0.0540
vn -0.9835 -0.1218 0.1336
vn -0.9696 -0.1218 0.2123
vn -0.9696 -0.1217 0.2123
vn -0.9494 -0.1218 0.2896
vn -0.9230 -0.1218 0.3651
vn -0.8906 -0.1218 0.4382
vn -0.8525 -0.1218 0.5084
vn -0.8088 -0.1218 0.5754
vn -0.7599 -0.1218 0.6386
vn -0.7060 -0.1218 0.6977
vn -0.7060 -0.1218 0.6976
vn -0.6476 -0.1218 0.7522
vn -0.5850 -0.1218 0.8019
vn -0.5850 -0.1217 0.8019
vn -0.5185 -0.1218 0.8463
vn -0.4488 -0.1218 0.8853
vn -0.3761 -0.1218 0.9186
vn -0.3009 -0.1218 0.9458
vn -0.2238 -0.1218 0.9670
vn -0.1453 -0.1218 0.9819
vn -0.0658 -0.1218 0.9904
vn 0.0141 -0.1218 0.9925
vn 0.0939 -0.1218 0.9881
vn 0.1731 -0.1218 0.9773
vn 0.2512 -0.1218 0.9603
vn 0.2512 -0.1217 0.9603
vn 0.3276 -0.1217 0.9369
vn 0.3276 -0.1218 0.9369
vn 0.4020 -0.1218 0.9075
vn 0.4737 -0.1218 0.8722
vn 0.5423 -0.1218 0.8313
vn 0.5423 -0.1217 0.8313
vn 0.6075 -0.1218 0.7850
vn 0.6687 -0.1218 0.7335
vn 0.7255 -0.1218 0.6773
vn 0.7255 -0.1217 0.6773
vn 0.7777 -0.1217 0.6168
vn 0.8248 -0.1217 0.5522
vn 0.8248 -0.1218 0.5522
vn 0.8665 -0.1218 0.4840
vn 0.9027 -0.1218 0.4127
vn 0.9027 -0.1218 0.4128
vn 0.9330 -0.1218 0.3388
vn 0.9572 -0.1218 0.2626
vn 0.9752 -0.1218 0.1847
vn 0.9869 -0.1218 0.1056
vn 0.9869 -0.1218 0.1057
vn 0.9922 -0.1218 0.0259
vn 0.9911 -0.1218 -0.0540
vn 0.9835 -0.1218 -0.1336
vn 0.9696 -0.1218 -0.2123
vn 0.9494 -0.1218 -0.2896
vn 0.9230 -0.1218 -0.3651
vn 0.8906 -0.1218 -0.4382
vn 0.8525 -0.1218 -0.5084
vn 0.8088 -0.1218 -0.5754
vn 0.8088 -0.1217 -0.5754
vn 0.7599 -0.1217 -0.6386
vn 0.7599 -0.1218 -0.6386
vn 0.7060 -0.1217 -0.6977
vn 0.7060 -0.1218 -0.6976
vn 0.6476 -0.1218 -0.7522
vn 0.6476 -0.1217 -0.7522
vn 0.5850 -0.1217 -0.8019
vn 0.5850 -0.1218 -0.8019
vn 0.5185 -0.1218 -0.8463
vn 0.4488 -0.1218 -0.8853
vn 0.3761 -0.1218 -0.9186
vn 0.3009 -0.1218 -0.9458
vn 0.2238 -0.1218 -0.9670
vn 0.1453 -0.1218 -0.9819
vn 0.0658 -0.1218 -0.9904
vn -0.0141 -0.1218 -0.9925
vn -0.0939 -0.1218 -0.9881
vn -0.1731 -0.1218 -0.9773
vn -0.2512 -0.1218 -0.9603
vn -0.2512 -0.1217 -0.9603
vn -0.3277 -0.1217 -0.9369
vn -0.3276 -0.1218 -0.9369
vn -0.4020 -0.1218 -0.9075
vn -0.0896 -0.9821 -0.1654
vn -0.1029 -0.9821 -0.1574
vn -0.1156 -0.9821 -0.1484
vn -0.1275 -0.9821 -0.1383
vn -0.1275 -0.9821 -0.1384
vn -0.1385 -0.9821 -0.1273
vn -0.1385 -0.9821 -0.1274
vn -0.1485 -0.9821 -0.1155
vn -0.1575 -0.9821 -0.1028
vn -0.1655 -0.9821 -0.0895
vn -0.1723 -0.9821 -0.0755
vn -0.1779 -0.9821 -0.0610
vn -0.1780 -0.9821 -0.0610
vn -0.1824 -0.9821 -0.0461
vn -0.1856 -0.9821 -0.0309
vn -0.1875 -0.9821 -0.0155
vn -0.1881 -0.9821 0.0001
vn -0.1875 -0.9821 0.0156
vn -0.1855 -0.9821 0.0310
vn -0.1823 -0.9821 0.0462
vn -0.1823 -0.9821 0.0463
vn -0.1779 -0.9821 0.0611
vn -0.1779 -0.9821 0.0612
vn -0.1722 -0.9821 0.0756
vn -0.1654 -0.9821 0.0896
vn -0.1574 -0.9821 0.1029
vn -0.1574 -0.9821 0.1030
vn -0.1484 -0.9821 0.1156
vn -0.1384 -0.9821 0.1275
vn -0.1383 -0.9821 0.1275
vn -0.1273 -0.9821 0.1384
vn -0.1273 -0.9821 0.1385
vn -0.1155 -0.9821 0.1485
vn -0.1028 -0.9821 0.1575
vn -0.0895 -0.9821 0.1655
vn -0.0755 -0.9822 0.1723
vn -0.0755 -0.9821 0.1723
vn -0.0610 -0.9821 0.1779
vn -0.0610 -0.9821 0.1780
vn -0.0461 -0.9821 0.1824
vn -0.0309 -0.9821 0.1856
vn -0.0155 -0.9821 0.1875
vn 0.0001 -0.9821 0.1881
vn 0.0156 -0.9821 0.1875
vn 0.0310 -0.9821 0.1855
vn 0.0463 -0.9821 0.1823
vn 0.0612 -0.9822 0.1779
vn 0.0611 -0.9821 0.1779
vn 0.0756 -0.9821 0.1722
vn 0.0896 -0.9821 0.1654
vn 0.1029 -0.9822 0.1574
vn 0.1030 -0.9821 0.1574
vn 0.1156 -0.9821 0.1484
vn 0.1275 -0.9821 0.1383
vn 0.1275 -0.9821 0.1384
vn 0.1385 -0.9821 0.1273
vn 0.1385 -0.9821 0.1274
vn 0.1485 -0.9821 0.1155
vn 0.1575 -0.9821 0.1028
vn 0.1655 -0.9821 0.0895
vn 0.1723 -0.9821 0.0755
vn 0.1779 -0.9821 0.0610
vn 0.1780 -0.9821 0.0610
vn 0.1824 -0.9821 0.0461
vn 0.1855 -0.9822 0.0309
vn 0.1856 -0.9821 0.0309
vn 0.1875 -0.9821 0.0155
vn 0.1881 -0.9821 -0.0001
vn 0.1875 -0.9821 -0.0156
vn 0.1855 -0.9821 -0.0310
vn 0.1823 -0.9822 -0.0462
vn 0.1823 -0.9821 -0.0463
vn 0.1779 -0.9822 -0.0611
vn 0.1779 -0.9821 -0.0612
vn 0.1722 -0.9821 -0.0756
vn 0.1654 -0.9821 -0.0896
vn 0.1574 -0.9821 -0.1029
vn 0.1484 -0.9821 -0.1156
vn 0.1383 -0.9821 -0.1275
vn 0.1273 -0.9821 -0.1384
vn 0.1155 -0.9821 -0.1485
vn 0.1028 -0.9821 -0.1575
vn 0.0895 -0.9821 -0.1655
vn 0.0755 -0.9822 -0.1723
vn 0.0755 -0.9821 -0.1723
vn 0.0610 -0.9821 -0.1779
vn 0.0610 -0.9821 -0.1780
vn 0.0461 -0.9821 -0.1824
vn 0.0309 -0.9822 -0.1855
vn 0.0309 -0.9821 -0.1856
vn 0.0155 -0.9821 -0.1875
vn -0.0001 -0.9821 -0.1881
vn -0.0156 -0.9821 -0.1875
vn -0.0310 -0.9821 -0.1855
vn -0.0463 -0.9821 -0.1823
vn -0.0612 -0.9822 -0.1779
vn -0.0611 -0.9821 -0.1779
vn -0.0756 -0.9822 -0.1722
vn -0.0756 -0.9821 -0.1723
vn -0.2561 -0.8432 -0.4727
vn -0.2942 -0.8432 -0.4499
vn -0.2942 -0.8432 -0.4500
vn -0.3304 -0.8432 -0.4241
vn -0.3643 -0.8432 -0.3954
vn -0.3957 -0.8432 -0.3639
vn -0.4244 -0.8432 -0.3300
vn -0.4502 -0.8432 -0.2939
vn -0.4729 -0.8432 -0.2557
vn -0.4924 -0.8432 -0.2158
vn -0.4924 -0.8432 -0.2157
vn -0.5085 -0.8432 -0.1744
vn -0.5085 -0.8432 -0.1743
vn -0.5212 -0.8432 -0.1318
vn -0.5303 -0.8432 -0.0883
vn -0.5358 -0.8432 -0.0442
vn -0.5376 -0.8432 0.0002
vn -0.5357 -0.8432 0.0446
vn -0.5358 -0.8432 0.0446
vn -0.5302 -0.8432 0.0887
vn -0.5211 -0.8432 0.1322
vn -0.5084 -0.8432 0.1748
vn -0.4922 -0.8432 0.2162
vn -0.4922 -0.8432 0.2161
vn -0.4727 -0.8432 0.2561
vn -0.4499 -0.8432 0.2942
vn -0.4241 -0.8432 0.3304
vn -0.3954 -0.8432 0.3643
vn -0.3639 -0.8432 0.3957
vn -0.3300 -0.8432 0.4244
vn -0.2939 -0.8432 0.4502
vn -0.2557 -0.8432 0.4729
vn -0.2158 -0.8432 0.4924
vn -0.1743 -0.8432 0.5085
vn -0.1743 -0.8432 0.5086
vn -0.1318 -0.8432 0.5212
vn -0.0883 -0.8432 0.5303
vn -0.0442 -0.8432 0.5358
vn 0.0002 -0.8432 0.5376
vn 0.0446 -0.8432 0.5358
vn 0.0446 -0.8432 0.5357
vn 0.0887 -0.8432 0.5302
vn 0.0887 -0.8432 0.5303
vn 0.1322 -0.8432 0.5211
vn 0.1748 -0.8432 0.5084
vn 0.2162 -0.8432 0.4923
vn 0.2161 -0.8432 0.4922
vn 0.2560 -0.8432 0.4727
vn 0.2561 -0.8432 0.4727
vn 0.2942 -0.8432 0.4499
vn 0.2942 -0.8432 0.4500
vn 0.3304 -0.8432 0.4241
vn 0.3643 -0.8432 0.3954
vn 0.3957 -0.8432 0.3639
vn 0.3957 -0.8432 0.3640
vn 0.4244 -0.8432 0.3300
vn 0.4502 -0.8432 0.2939
vn 0.4501 -0.8432 0.2938
vn 0.4729 -0.8432 0.2557
vn 0.4924 -0.8432 0.2158
vn 0.5085 -0.8432 0.1743
vn 0.5211 -0.8432 0.1318
vn 0.5212 -0.8432 0.1318
vn 0.5303 -0.8432 0.0883
vn 0.5358 -0.8432 0.0442
vn 0.5376 -0.8432 -0.0002
vn 0.5357 -0.8432 -0.0446
vn 0.5302 -0.8432 -0.0887
vn 0.5303 -0.8432 -0.0887
vn 0.5211 -0.8432 -0.1322
vn 0.5084 -0.8432 -0.1748
vn 0.4922 -0.8432 -0.2162
vn 0.4922 -0.8432 -0.2161
vn 0.4727 -0.8432 -0.2560
vn 0.4727 -0.8432 -0.2561
vn 0.4499 -0.8432 -0.2942
vn 0.4241 -0.8432 -0.3304
vn 0.3954 -0.8432 -0.3643
vn 0.3639 -0.8432 -0.3957
vn 0.3300 -0.8432 -0.4244
vn 0.2939 -0.8432 -0.4502
vn 0.2557 -0.8432 -0.4729
vn 0.2158 -0.8432 -0.4924
vn 0.2157 -0.8432 -0.4924
vn 0.1743 -0.8432 -0.5085
vn 0.1318 -0.8432 -0.5212
vn 0.0883 -0.8432 -0.5303
vn 0.0442 -0.8432 -0.5358
vn -0.0002 -0.8432 -0.5376
vn -0.0446 -0.8432 -0.5357
vn -0.0887 -0.8432 -0.5302
vn -0.0887 -0.8432 -0.5303
vn -0.1322 -0.8432 -0.5211
vn -0.1748 -0.8432 -0.5084
vn -0.2162 -0.8432 -0.4922
vn -0.2161 -0.8432 -0.4922
vn -0.2560 -0.8432 -0.4727
vn -0.3863 -0.5850 -0.7131
vn -0.4439 -0.5850 -0.6788
vn -0.4438 -0.5851 -0.6787
vn -0.4984 -0.5851 -0.6398
vn -0.5495 -0.5851 -0.5964
vn -0.5969 -0.5851 -0.5490
vn -0.6402 -0.5851 -0.4978
vn -0.6791 -0.5851 -0.4433
vn -0.7134 -0.5851 -0.3857
vn -0.7428 -0.5851 -0.3255
vn -0.7671 -0.5851 -0.2630
vn -0.7862 -0.5851 -0.1988
vn -0.8000 -0.5851 -0.1332
vn -0.7999 -0.5851 -0.1332
vn -0.8082 -0.5851 -0.0666
vn -0.8110 -0.5851 0.0003
vn -0.8082 -0.5851 0.0673
vn -0.7998 -0.5851 0.1338
vn -0.7999 -0.5851 0.1338
vn -0.7861 -0.5851 0.1994
vn -0.7669 -0.5851 0.2636
vn -0.7425 -0.5851 0.3260
vn -0.7425 -0.5851 0.3261
vn -0.7131 -0.5851 0.3863
vn -0.6787 -0.5851 0.4438
vn -0.6398 -0.5851 0.4984
vn -0.6398 -0.5851 0.4983
vn -0.5964 -0.5851 0.5495
vn -0.5490 -0.5851 0.5969
vn -0.4978 -0.5851 0.6401
vn -0.4978 -0.5851 0.6402
vn -0.4433 -0.5851 0.6791
vn -0.3857 -0.5851 0.7134
vn -0.3255 -0.5851 0.7428
vn -0.2630 -0.5851 0.7671
vn -0.1988 -0.5851 0.7862
vn -0.1332 -0.5851 0.8000
vn -0.0666 -0.5851 0.8082
vn 0.0003 -0.5851 0.8110
vn 0.0673 -0.5851 0.8081
vn 0.0673 -0.5851 0.8082
vn 0.1338 -0.5851 0.7999
vn 0.1338 -0.5851 0.7998
vn 0.1994 -0.5851 0.7860
vn 0.1994 -0.5851 0.7861
vn 0.2636 -0.5851 0.7669
vn 0.3260 -0.5851 0.7425
vn 0.3261 -0.5851 0.7425
vn 0.3863 -0.5851 0.7130
vn 0.3863 -0.5851 0.7131
vn 0.4438 -0.5851 0.6787
vn 0.4984 -0.5851 0.6398
vn 0.5495 -0.5851 0.5964
vn 0.5969 -0.5851 0.5490
vn 0.6402 -0.5851 0.4978
vn 0.6401 -0.5851 0.4978
vn 0.6791 -0.5851 0.4433
vn 0.7134 -0.5851 0.3857
vn 0.7428 -0.5851 0.3255
vn 0.7671 -0.5851 0.2630
vn 0.7863 -0.5851 0.1987
vn 0.7862 -0.5851 0.1988
vn 0.8000 -0.5851 0.1332
vn 0.7999 -0.5851 0.1332
vn 0.8082 -0.5851 0.0666
vn 0.8110 -0.5851 -0.0003
vn 0.8082 -0.5851 -0.0673
vn 0.7998 -0.5851 -0.1338
vn 0.7861 -0.5851 -0.1994
vn 0.7669 -0.5851 -0.2636
vn 0.7425 -0.5851 -0.3260
vn 0.7425 -0.5851 -0.3261
vn 0.7131 -0.5851 -0.3863
vn 0.6787 -0.5851 -0.4438
vn 0.6398 -0.5851 -0.4984
vn 0.5964 -0.5851 -0.5495
vn 0.5490 -0.5851 -0.5969
vn 0.4978 -0.5851 -0.6402
vn 0.4433 -0.5851 -0.6791
vn 0.3857 -0.5851 -0.7134
vn 0.3255 -0.5851 -0.7428
vn 0.2630 -0.5851 -0.7671
vn 0.1988 -0.5851 -0.7862
vn 0.1332 -0.5851 -0.8000
vn 0.0666 -0.5851 -0.8082
vn -0.0003 -0.5851 -0.8110
vn -0.0003 -0.5851 -0.8109
vn -0.0673 -0.5851 -0.8081
vn -0.0673 -0.5851 -0.8082
vn -0.1338 -0.5851 -0.7999
vn -0.1338 -0.5851 -0.7998
vn -0.1994 -0.5851 -0.7861
vn -0.2636 -0.5851 -0.7669
vn -0.3261 -0.5851 -0.7425
vn -0.3863 -0.5851 -0.7131
vn -0.0000 0.9966 -0.0826
vn -0.0000 0.9966 0.0826
vn -0.0000 0.9694 0.2455
vn -0.0000 0.9158 0.4017
vn -0.0000 0.8372 0.5469
vn -0.0000 0.7357 0.6773
vn -0.0000 0.6142 0.7891
vn -0.0000 0.4759 0.8795
vn -0.0000 0.3247 0.9458
vn -0.0000 0.1646 0.9864
vn -0.0000 -0.1646 0.9864
vn -0.0000 -0.3247 0.9458
vn -0.0000 -0.4759 0.8795
vn -0.0000 -0.6142 0.7891
vn -0.0000 -0.7357 0.6773
vn -0.0000 -0.8372 0.5469
vn -0.0000 -0.9158 0.4017
vn -0.0000 -0.9694 0.2455
vn -0.0000 -0.9966 0.0826
vn -0.0000 -0.9966 -0.0826
vn -0.0000 -0.9694 -0.2455
vn -0.0000 -0.9158 -0.4017
vn -0.0000 -0.8372 -0.5469
vn -0.0000 -0.7357 -0.6773
vn -0.0000 -0.6142 -0.7891
vn -0.0000 -0.4759 -0.8795
vn -0.0000 -0.3247 -0.9458
vn -0.0000 -0.1646 -0.9864
vn -0.0000 0.1646 -0.9864
vn -0.0000 0.3247 -0.9458
vn -0.0000 0.4759 -0.8795
vn -0.0000 0.6142 -0.7891
vn -0.0000 0.7357 -0.6773
vn -0.0000 0.8372 -0.5469
vn -0.0000 0.9158 -0.4017
vn -0.0000 0.9694 -0.2455
vt 0.892922 0.201448
vt 0.890437 0.181451
vt 0.892922 0.180522
vt 0.717223 0.818872
vt 0.719733 0.809074
vt 0.718813 0.829209
vt 0.891943 0.662021
vt 0.891943 0.682986
vt 0.889315 0.662592
vt 0.891577 0.652881
vt 0.720191 0.838165
vt 0.721334 0.829488
vt 0.723504 0.848315
vt 0.980196 0.379217
vt 0.979790 0.364568
vt 0.983762 0.364251
vt 0.983991 0.374053
vt 0.984166 0.378811
vt 0.379350 0.870069
vt 0.381611 0.868790
vt 0.381611 0.889422
vt 0.726056 0.848699
vt 0.731063 0.865274
vt 0.725988 0.855924
vt 0.892607 0.172300
vt 0.979490 0.347044
vt 0.979313 0.327523
vt 0.983286 0.327409
vt 0.983383 0.341158
vt 0.983463 0.346827
vt 0.983634 0.358811
vt 0.979266 0.306984
vt 0.979353 0.286458
vt 0.983324 0.286521
vt 0.983236 0.301992
vt 0.983239 0.306967
vt 0.983248 0.321919
vt 0.979568 0.266973
vt 0.979901 0.249506
vt 0.983868 0.249659
vt 0.983578 0.263795
vt 0.983537 0.267094
vt 0.983348 0.282311
vt 0.950248 0.345490
vt 0.959454 0.360445
vt 0.956799 0.362107
vt 0.980335 0.234934
vt 0.984346 0.233626
vt 0.984300 0.235088
vt 0.983916 0.247309
vt 0.945705 0.326559
vt 0.953285 0.344173
vt 0.953724 0.345331
vt 0.943395 0.306262
vt 0.949004 0.325800
vt 0.949156 0.326454
vt 0.943436 0.285618
vt 0.946812 0.286248
vt 0.946812 0.306186
vt 0.945825 0.265660
vt 0.949004 0.266917
vt 0.946890 0.285560
vt 0.950443 0.247392
vt 0.953285 0.249099
vt 0.949309 0.265649
vt 0.958283 0.470316
vt 0.954495 0.468112
vt 0.959569 0.455712
vt 0.959454 0.233626
vt 0.953944 0.247446
vt 0.957315 0.487806
vt 0.953509 0.484621
vt 0.954355 0.470465
vt 0.956714 0.507306
vt 0.952859 0.503154
vt 0.953393 0.487924
vt 0.956510 0.527837
vt 0.952575 0.522842
vt 0.952798 0.507365
vt 0.956714 0.548371
vt 0.952670 0.542766
vt 0.952599 0.527816
vt 0.957315 0.567878
vt 0.953140 0.561994
vt 0.952804 0.548253
vt 0.958283 0.585378
vt 0.953963 0.579628
vt 0.953404 0.567657
vt 0.959569 0.599996
vt 0.955100 0.594841
vt 0.954369 0.585057
vt 0.863950 0.881280
vt 0.860822 0.874093
vt 0.863950 0.861861
vt 0.956498 0.606924
vt 0.955649 0.599585
vt 0.514502 0.877053
vt 0.511259 0.868403
vt 0.514502 0.856767
vt 0.347603 0.879330
vt 0.350203 0.868790
vt 0.350203 0.879950
vt 0.350203 0.888315
vt 0.886465 0.861861
vt 0.886465 0.871831
vt 0.883762 0.871936
vt 0.886465 0.881801
vt 0.863568 0.210838
vt 0.860280 0.200933
vt 0.863568 0.190184
vt 0.325103 0.879184
vt 0.327791 0.868790
vt 0.327791 0.879440
vt 0.327791 0.888667
vt 0.597759 0.628597
vt 0.585067 0.641536
vt 0.586943 0.633196
vt 0.476331 0.618006
vt 0.466291 0.600148
vt 0.470575 0.599069
vt 0.618297 0.573700
vt 0.614746 0.593922
vt 0.612581 0.583492
vt 0.455793 0.538535
vt 0.459639 0.549022
vt 0.455793 0.559525
vt 0.460063 0.559346
vt 0.459344 0.580366
vt 0.461389 0.569632
vt 0.463602 0.579760
vt 0.466676 0.589611
vt 0.570275 0.650741
vt 0.554031 0.655810
vt 0.557484 0.649653
vt 0.593049 0.626672
vt 0.598498 0.619321
vt 0.607799 0.612492
vt 0.603226 0.611228
vt 0.607179 0.602490
vt 0.610309 0.593208
vt 0.466291 0.499743
vt 0.476331 0.483637
vt 0.475592 0.492914
vt 0.565436 0.647093
vt 0.573056 0.643467
vt 0.580253 0.638816
vt 0.597759 0.494229
vt 0.607799 0.512086
vt 0.603515 0.513166
vt 0.470863 0.501006
vt 0.466911 0.509745
vt 0.459344 0.518313
vt 0.463780 0.519026
vt 0.461509 0.528743
vt 0.460123 0.538781
vt 0.475254 0.608023
vt 0.480657 0.616369
vt 0.489023 0.633158
vt 0.520059 0.652847
vt 0.503815 0.644943
vt 0.508134 0.641841
vt 0.614746 0.531868
vt 0.610488 0.532475
vt 0.607414 0.522624
vt 0.486721 0.624009
vt 0.493374 0.630852
vt 0.500541 0.636819
vt 0.613967 0.573454
vt 0.614451 0.563213
vt 0.618297 0.552710
vt 0.614027 0.552889
vt 0.612701 0.542602
vt 0.570275 0.467291
vt 0.585067 0.479077
vt 0.580715 0.481383
vt 0.516067 0.645857
vt 0.524246 0.648821
vt 0.537045 0.656523
vt 0.532575 0.650698
vt 0.540956 0.651466
vt 0.549292 0.651116
vt 0.598836 0.504211
vt 0.593433 0.495865
vt 0.587369 0.488226
vt 0.520059 0.456425
vt 0.537045 0.455712
vt 0.533134 0.460768
vt 0.489023 0.470699
vt 0.487147 0.479039
vt 0.481041 0.485563
vt 0.554031 0.459388
vt 0.549844 0.463414
vt 0.541515 0.461537
vt 0.573549 0.475415
vt 0.565956 0.470394
vt 0.558023 0.466378
vt 0.524798 0.461118
vt 0.516606 0.462582
vt 0.503815 0.461494
vt 0.508654 0.465142
vt 0.501034 0.468768
vt 0.493837 0.473419
vt 0.807917 0.609859
vt 0.805483 0.603418
vt 0.843546 0.589486
vt 0.920436 0.081222
vt 0.923740 0.080941
vt 0.931027 0.088646
vt 0.912137 0.080195
vt 0.914727 0.080891
vt 0.890455 0.088214
vt 0.909199 0.078869
vt 0.902955 0.073480
vt 0.904527 0.075277
vt 0.907210 0.077598
vt 0.917753 0.081192
vt 0.926116 0.080337
vt 0.929083 0.079070
vt 0.931112 0.077830
vt 0.892802 0.046143
vt 0.892815 0.051434
vt 0.891232 0.046105
vt 0.892876 0.057978
vt 0.890724 0.066878
vt 0.892880 0.058298
vt 0.892881 0.058339
vt 0.895910 0.062806
vt 0.898625 0.066978
vt 0.901674 0.071663
vt 0.891955 0.026803
vt 0.893080 0.029202
vt 0.892898 0.035040
vt 0.892796 0.043863
vt 0.893477 0.016975
vt 0.892864 0.009816
vt 0.893565 0.016032
vt 0.894048 0.010040
vt 0.893460 0.017149
vt 0.893396 0.017983
vt 0.893370 0.018823
vt 0.893369 0.019000
vt 0.893326 0.021200
vt 0.893152 0.026865
vt 0.827289 0.552127
vt 0.825708 0.547827
vt 0.828752 0.551557
vt 0.823677 0.542571
vt 0.822021 0.535318
vt 0.820897 0.535737
vt 0.820812 0.535526
vt 0.836033 0.569881
vt 0.828590 0.572599
vt 0.831171 0.562911
vt 0.831158 0.562875
vt 0.831057 0.562587
vt 0.828076 0.554267
vt 0.807275 0.593978
vt 0.809947 0.593704
vt 0.801667 0.593320
vt 0.801727 0.593335
vt 0.804048 0.593797
vt 0.818190 0.590687
vt 0.815403 0.591994
vt 0.812884 0.592913
vt 0.820719 0.588905
vt 0.822677 0.586993
vt 0.824670 0.584315
vt 0.826222 0.581298
vt 0.827320 0.577876
vt 0.828551 0.572744
vt 0.812863 0.623372
vt 0.850964 0.609517
vt 0.815346 0.630156
vt 0.857961 0.629098
vt 0.819822 0.642849
vt 0.822233 0.649685
vt 0.864232 0.647374
vt 0.826058 0.661023
vt 0.828264 0.667564
vt 0.869503 0.663545
vt 0.831298 0.677101
vt 0.833169 0.682986
vt 0.923583 0.393682
vt 0.883248 0.398765
vt 0.882626 0.384856
vt 0.923228 0.384375
vt 0.922993 0.378237
vt 0.882115 0.367885
vt 0.922720 0.367492
vt 0.922528 0.359927
vt 0.881738 0.348594
vt 0.922345 0.348306
vt 0.922208 0.339577
vt 0.881510 0.327827
vt 0.922119 0.327654
vt 0.922048 0.318105
vt 0.881443 0.306490
vt 0.922052 0.306439
vt 0.922055 0.296480
vt 0.881538 0.285517
vt 0.922146 0.285586
vt 0.922229 0.275678
vt 0.881791 0.265824
vt 0.922399 0.266006
vt 0.922563 0.256636
vt 0.882192 0.248271
vt 0.922797 0.248555
vt 0.923040 0.240214
vt 0.882724 0.233626
vt 0.931373 0.599895
vt 0.890452 0.592328
vt 0.931030 0.592130
vt 0.930653 0.583593
vt 0.889842 0.574962
vt 0.930424 0.574865
vt 0.930155 0.564640
vt 0.889457 0.555396
vt 0.930041 0.555412
vt 0.929899 0.543890
vt 0.889315 0.534485
vt 0.929899 0.534621
vt 0.929899 0.522280
vt 0.889422 0.513144
vt 0.930005 0.513399
vt 0.930155 0.500784
vt 0.889772 0.492304
vt 0.930353 0.492672
vt 0.930653 0.480371
vt 0.890351 0.472877
vt 0.930928 0.473347
vt 0.931373 0.461963
vt 0.891133 0.455712
vt 0.931927 0.152668
vt 0.891142 0.146397
vt 0.931720 0.146514
vt 0.931362 0.135845
vt 0.890669 0.128862
vt 0.931249 0.129079
vt 0.931039 0.116513
vt 0.890437 0.109181
vt 0.931017 0.109505
vt 0.930973 0.095545
vt 0.980537 0.553809
vt 0.983032 0.572864
vt 0.980064 0.572865
vt 0.982348 0.589703
vt 0.979381 0.589704
vt 0.985734 0.702622
vt 0.988701 0.702619
vt 0.989382 0.719810
vt 0.986415 0.719813
vt 0.989853 0.739108
vt 0.986886 0.739111
vt 0.990094 0.759670
vt 0.987127 0.759673
vt 0.990094 0.780597
vt 0.987127 0.780601
vt 0.989853 0.800975
vt 0.986886 0.800979
vt 0.989382 0.819913
vt 0.986415 0.819917
vt 0.988701 0.836583
vt 0.985734 0.836587
vt 0.990052 0.990180
vt 0.987084 0.990184
vt 0.986424 0.972978
vt 0.989392 0.972974
vt 0.985967 0.953669
vt 0.988935 0.953666
vt 0.985734 0.933102
vt 0.988701 0.933099
vt 0.985734 0.912176
vt 0.988701 0.912172
vt 0.985967 0.891804
vt 0.988935 0.891800
vt 0.986424 0.872877
vt 0.989392 0.872873
vt 0.987084 0.856223
vt 0.990052 0.856219
vt 0.956192 0.171783
vt 0.953222 0.171780
vt 0.952656 0.158137
vt 0.955626 0.158139
vt 0.952208 0.141491
vt 0.955178 0.141493
vt 0.951898 0.122570
vt 0.954867 0.122573
vt 0.951739 0.102201
vt 0.954709 0.102204
vt 0.951739 0.081275
vt 0.954709 0.081277
vt 0.951898 0.060705
vt 0.954867 0.060708
vt 0.952208 0.041392
vt 0.955177 0.041394
vt 0.952656 0.024178
vt 0.955626 0.024180
vt 0.953222 0.009816
vt 0.956192 0.009819
vt 0.979381 0.455713
vt 0.982348 0.455712
vt 0.983032 0.472741
vt 0.980064 0.472742
vt 0.983504 0.491929
vt 0.980537 0.491930
vt 0.983746 0.512437
vt 0.980779 0.512438
vt 0.983746 0.533368
vt 0.980779 0.533369
vt 0.983504 0.553808
vt 0.511580 0.899515
vt 0.511259 0.900109
vt 0.511584 0.896686
vt 0.166924 0.139507
vt 0.164098 0.137394
vt 0.166355 0.138775
vt 0.511584 0.901379
vt 0.162721 0.136946
vt 0.162797 0.136796
vt 0.163758 0.137186
vt 0.162874 0.136645
vt 0.167079 0.139219
vt 0.168513 0.140242
vt 0.912043 0.657529
vt 0.911755 0.655907
vt 0.912043 0.653605
vt 0.911791 0.654207
vt 0.911819 0.652881
vt 0.140114 0.127446
vt 0.144398 0.128623
vt 0.144331 0.128843
vt 0.149060 0.130667
vt 0.144211 0.129243
vt 0.000000 0.000000
vt 0.116631 0.123740
vt 0.116837 0.123463
vt 0.117779 0.123535
vt 0.119493 0.124154
vt 0.119176 0.123642
vt 0.119687 0.123682
vt 0.119853 0.124011
vt 0.119826 0.124202
vt 0.125224 0.124577
vt 0.125168 0.124975
vt 0.134055 0.126260
vt 0.134870 0.126271
vt 0.134822 0.126485
vt 0.153496 0.132516
vt 0.153579 0.132309
vt 0.155987 0.133555
vt 0.906277 0.864371
vt 0.906441 0.861861
vt 0.906441 0.871310
vt 0.124074 0.124158
vt 0.121174 0.123839
vt 0.119873 0.123696
vt 0.125258 0.124288
vt 0.128274 0.124829
vt 0.134434 0.125932
vt 0.134923 0.126020
vt 0.148100 0.130021
vt 0.696015 0.892797
vt 0.696015 0.901506
vt 0.695856 0.897275
vt 0.155038 0.132796
vt 0.153657 0.132118
vt 0.114338 0.123653
vt 0.114343 0.123388
vt 0.115351 0.123598
vt 0.115380 0.123411
vt 0.115375 0.123600
vt 0.116416 0.123441
vt 0.116408 0.123705
vt 0.091701 0.126238
vt 0.084015 0.128165
vt 0.083911 0.128023
vt 0.076360 0.130540
vt 0.676044 0.892797
vt 0.676044 0.900361
vt 0.675873 0.892854
vt 0.093473 0.125709
vt 0.093517 0.125983
vt 0.103197 0.124287
vt 0.103235 0.124617
vt 0.105417 0.124088
vt 0.105437 0.124307
vt 0.112832 0.123750
vt 0.109612 0.123935
vt 0.106789 0.124117
vt 0.105398 0.123798
vt 0.108327 0.123659
vt 0.108561 0.123648
vt 0.110923 0.123536
vt 0.112523 0.123460
vt 0.114113 0.123677
vt 0.113599 0.123409
vt 0.114118 0.123385
vt 0.093429 0.125463
vt 0.094175 0.125351
vt 0.100175 0.124454
vt 0.103173 0.124006
vt 0.105108 0.123825
vt 0.906277 0.898267
vt 0.906420 0.890943
vt 0.906420 0.899993
vt 0.086199 0.127233
vt 0.071757 0.132308
vt 0.076291 0.130346
vt 0.079832 0.129157
vt 0.083852 0.127807
vt 0.904665 0.432101
vt 0.904531 0.422596
vt 0.904837 0.432137
vt 0.904710 0.422616
vt 0.067349 0.134417
vt 0.067272 0.134248
vt 0.912045 0.679776
vt 0.911784 0.681344
vt 0.911755 0.679489
vt 0.904517 0.421815
vt 0.904837 0.421620
vt 0.066360 0.134739
vt 0.912045 0.677161
vt 0.063622 0.136589
vt 0.061454 0.137556
vt 0.063482 0.136288
vt 0.066695 0.134909
vt 0.904777 0.418397
vt 0.904830 0.421227
vt 0.697121 0.552315
vt 0.692778 0.553861
vt 0.690761 0.547254
vt 0.571144 0.676159
vt 0.571157 0.679170
vt 0.564762 0.679047
vt 0.719423 0.478288
vt 0.721580 0.482229
vt 0.716211 0.484427
vt 0.719105 0.486914
vt 0.717569 0.487787
vt 0.710724 0.487539
vt 0.713903 0.489869
vt 0.709565 0.493155
vt 0.706091 0.491031
vt 0.708925 0.493784
vt 0.701930 0.495104
vt 0.705670 0.496985
vt 0.702211 0.501371
vt 0.698238 0.499767
vt 0.702023 0.501680
vt 0.695215 0.504710
vt 0.699378 0.506021
vt 0.697023 0.511144
vt 0.692659 0.510252
vt 0.696980 0.511236
vt 0.695153 0.516828
vt 0.690711 0.516195
vt 0.694916 0.517752
vt 0.690459 0.517177
vt 0.694148 0.521821
vt 0.689283 0.523384
vt 0.693813 0.523591
vt 0.693336 0.529587
vt 0.693430 0.533277
vt 0.688946 0.536288
vt 0.688776 0.529759
vt 0.693493 0.535726
vt 0.693963 0.539903
vt 0.689450 0.540730
vt 0.695016 0.545180
vt 0.695188 0.546043
vt 0.713772 0.480682
vt 0.707923 0.483987
vt 0.702918 0.487724
vt 0.698422 0.492094
vt 0.694433 0.497102
vt 0.691167 0.502414
vt 0.688407 0.508373
vt 0.686303 0.514765
vt 0.686031 0.515821
vt 0.684763 0.522501
vt 0.684217 0.529366
vt 0.684403 0.536397
vt 0.684951 0.541182
vt 0.686372 0.548202
vt 0.688498 0.555238
vt 0.704614 0.586329
vt 0.701455 0.585282
vt 0.696039 0.575957
vt 0.708545 0.597113
vt 0.706936 0.594466
vt 0.702514 0.587056
vt 0.708948 0.584727
vt 0.720761 0.617144
vt 0.720717 0.617072
vt 0.719039 0.614317
vt 0.713859 0.605846
vt 0.712429 0.603507
vt 0.697516 0.553354
vt 0.698911 0.557182
vt 0.703281 0.569175
vt 0.145406 0.803622
vt 0.146551 0.802309
vt 0.149089 0.803395
vt 0.148514 0.800448
vt 0.148753 0.800220
vt 0.150662 0.801047
vt 0.663570 0.548790
vt 0.661386 0.548022
vt 0.663064 0.545785
vt 0.672435 0.550976
vt 0.670771 0.550632
vt 0.670918 0.550286
vt 0.667194 0.549805
vt 0.667736 0.548691
vt 0.666644 0.549666
vt 0.667262 0.548435
vt 0.672437 0.550970
vt 0.671056 0.549942
vt 0.668177 0.547589
vt 0.667753 0.547213
vt 0.149679 0.799484
vt 0.151461 0.798068
vt 0.152679 0.798565
vt 0.151972 0.797698
vt 0.153066 0.798137
vt 0.668509 0.546515
vt 0.671186 0.549602
vt 0.672439 0.550965
vt 0.152449 0.801628
vt 0.153854 0.798933
vt 0.664851 0.547019
vt 0.663738 0.548849
vt 0.151377 0.804182
vt 0.144779 0.804341
vt 0.147907 0.805551
vt 0.150609 0.806530
vt 0.184587 0.592886
vt 0.182989 0.591509
vt 0.187634 0.591985
vt 0.659591 0.547200
vt 0.143510 0.806159
vt 0.147139 0.807328
vt 0.150155 0.808460
vt 0.185703 0.594228
vt 0.189280 0.593274
vt 0.145000 0.801099
vt 0.141092 0.809794
vt 0.139857 0.811411
vt 0.139111 0.811480
vt 0.143416 0.806306
vt 0.138492 0.806869
vt 0.142312 0.808038
vt 0.138141 0.801966
vt 0.672460 0.550987
vt 0.669698 0.543437
vt 0.144397 0.797237
vt 0.148888 0.796376
vt 0.668105 0.546025
vt 0.133897 0.811793
vt 0.133405 0.807175
vt 0.129172 0.811760
vt 0.126302 0.807126
vt 0.126617 0.811742
vt 0.119519 0.811108
vt 0.119376 0.806506
vt 0.118202 0.810893
vt 0.114992 0.805791
vt 0.115028 0.810375
vt 0.108582 0.808805
vt 0.108701 0.804259
vt 0.063421 0.016148
vt 0.068246 0.015329
vt 0.068227 0.016047
vt 0.063271 0.021964
vt 0.068092 0.021289
vt 0.067978 0.025710
vt 0.063160 0.026280
vt 0.067977 0.025770
vt 0.062991 0.032844
vt 0.067806 0.032437
vt 0.067695 0.036789
vt 0.062813 0.039790
vt 0.067624 0.039556
vt 0.067512 0.043986
vt 0.062703 0.044113
vt 0.067397 0.048517
vt 0.062520 0.051332
vt 0.067324 0.051385
vt 0.062319 0.059207
vt 0.067206 0.056049
vt 0.067120 0.059447
vt 0.133372 0.802253
vt 0.126711 0.802207
vt 0.120215 0.801626
vt 0.116101 0.800955
vt 0.110197 0.799518
vt 0.102875 0.802192
vt 0.104730 0.797577
vt 0.099208 0.800477
vt 0.101288 0.795968
vt 0.094501 0.797629
vt 0.096873 0.793296
vt 0.090506 0.794343
vt 0.093126 0.790214
vt 0.059310 0.040592
vt 0.059206 0.044645
vt 0.059034 0.051415
vt 0.058845 0.058821
vt 0.138149 0.798027
vt 0.133806 0.798289
vt 0.127741 0.798248
vt 0.121822 0.797719
vt 0.118072 0.797107
vt 0.112688 0.795796
vt 0.669366 0.507507
vt 0.665942 0.505030
vt 0.668550 0.499307
vt 0.671745 0.502287
vt 0.670748 0.495642
vt 0.673749 0.498946
vt 0.674440 0.490843
vt 0.677114 0.494573
vt 0.678741 0.486641
vt 0.681031 0.490746
vt 0.681602 0.484432
vt 0.683636 0.488736
vt 0.686673 0.481391
vt 0.688254 0.485966
vt 0.692623 0.478954
vt 0.693699 0.483739
vt 0.066795 0.072197
vt 0.066128 0.098321
vt 0.061328 0.098077
vt 0.060621 0.131635
vt 0.060479 0.131683
vt 0.757885 0.463068
vt 0.725984 0.473340
vt 0.757212 0.461557
vt 0.756588 0.460506
vt 0.057854 0.097677
vt 0.059227 0.132114
vt 0.058544 0.132488
vt 0.753692 0.457001
vt 0.754470 0.457989
vt 0.724923 0.468551
vt 0.755238 0.458806
vt 0.755641 0.459235
vt 0.065331 0.129587
vt 0.064795 0.130015
vt 0.064585 0.130163
vt 0.063130 0.130919
vt 0.061629 0.131377
vt 0.676006 0.554372
vt 0.671425 0.551320
vt 0.721508 0.477576
vt 0.666333 0.522802
vt 0.680388 0.558146
vt 0.668318 0.539128
vt 0.666983 0.533070
vt 0.666468 0.528812
vt 0.736554 0.472731
vt 0.758796 0.465569
vt 0.692759 0.571960
vt 0.682759 0.560580
vt 0.666902 0.516857
vt 0.667658 0.513047
vt 0.759461 0.470029
vt 0.759407 0.470781
vt 0.738620 0.476748
vt 0.759143 0.472210
vt 0.591892 0.676155
vt 0.615165 0.677560
vt 0.614038 0.678367
vt 0.759216 0.467003
vt 0.759423 0.468270
vt 0.759481 0.469750
vt 0.573362 0.679246
vt 0.573559 0.676178
vt 0.573462 0.679246
vt 0.575513 0.679243
vt 0.723575 0.481593
vt 0.588395 0.679227
vt 0.591795 0.679223
vt 0.612928 0.679196
vt 0.136346 0.825684
vt 0.135563 0.833253
vt 0.137677 0.818922
vt 0.136570 0.850865
vt 0.135564 0.850851
vt 0.136078 0.847509
vt 0.135455 0.850844
vt 0.135483 0.839887
vt 0.128300 0.850415
vt 0.124445 0.849855
vt 0.117069 0.015980
vt 0.117137 0.013404
vt 0.068384 0.010030
vt 0.121316 0.849401
vt 0.117231 0.009816
vt 0.116986 0.019182
vt 0.116821 0.025560
vt 0.116818 0.025693
vt 0.116697 0.030415
vt 0.116536 0.036723
vt 0.116518 0.037445
vt 0.116330 0.044824
vt 0.116237 0.048511
vt 0.116131 0.052720
vt 0.116046 0.056072
vt 0.100116 0.121919
vt 0.093891 0.122267
vt 0.115644 0.072339
vt 0.113606 0.123217
vt 0.112549 0.122936
vt 0.110978 0.122621
vt 0.108650 0.122289
vt 0.105207 0.122004
vt 0.115750 0.068169
vt 0.115898 0.061865
vt 0.085491 0.123453
vt 0.078740 0.124982
vt 0.070095 0.127704
vt 0.713808 0.554957
vt 0.717956 0.566330
vt 0.712484 0.551327
vt 0.572565 0.691894
vt 0.580061 0.692404
vt 0.582102 0.692401
vt 0.570908 0.691894
vt 0.569726 0.691972
vt 0.562726 0.679054
vt 0.564801 0.692299
vt 0.564766 0.692299
vt 0.557868 0.679071
vt 0.560791 0.692316
vt 0.551753 0.679119
vt 0.558179 0.692326
vt 0.550790 0.679125
vt 0.556753 0.692331
vt 0.554313 0.692339
vt 0.545891 0.679156
vt 0.550399 0.692352
vt 0.540269 0.679184
vt 0.547460 0.692360
vt 0.716628 0.502709
vt 0.546653 0.692362
vt 0.539934 0.679185
vt 0.543081 0.692370
vt 0.714022 0.506365
vt 0.712732 0.508617
vt 0.711442 0.511359
vt 0.711099 0.512089
vt 0.709787 0.515718
vt 0.708796 0.519489
vt 0.708458 0.521359
vt 0.708252 0.522502
vt 0.707844 0.526487
vt 0.707774 0.530494
vt 0.707890 0.532255
vt 0.708038 0.534517
vt 0.708489 0.537749
vt 0.709342 0.541743
vt 0.709859 0.543579
vt 0.710031 0.544189
vt 0.710373 0.545510
vt 0.712138 0.550466
vt 0.734536 0.611823
vt 0.721071 0.574870
vt 0.605547 0.692012
vt 0.607849 0.687585
vt 0.586344 0.692396
vt 0.594318 0.692386
vt 0.605374 0.692372
vt 0.689713 0.584080
vt 0.688068 0.582211
vt 0.690750 0.580319
vt 0.720708 0.617080
vt 0.718532 0.614831
vt 0.718698 0.614660
vt 0.715275 0.611479
vt 0.712417 0.607187
vt 0.711740 0.607840
vt 0.709850 0.605891
vt 0.718868 0.614488
vt 0.713126 0.606520
vt 0.711535 0.604315
vt 0.703705 0.599471
vt 0.703948 0.597053
vt 0.710671 0.605114
vt 0.705429 0.595768
vt 0.720712 0.617076
vt 0.697264 0.588788
vt 0.699386 0.587044
vt 0.695254 0.590377
vt 0.693525 0.578142
vt 0.702554 0.598269
vt 0.690252 0.574241
vt 0.687473 0.576503
vt 0.684790 0.578445
vt 0.680255 0.563104
vt 0.677455 0.565572
vt 0.674763 0.567628
vt 0.194504 0.592143
vt 0.195748 0.592527
vt 0.198006 0.593259
vt 0.198050 0.593274
vt 0.189656 0.590790
vt 0.657895 0.549155
vt 0.661209 0.549559
vt 0.661949 0.549649
vt 0.667562 0.550572
vt 0.672432 0.550982
vt 0.663648 0.549903
vt 0.190551 0.596535
vt 0.191030 0.599059
vt 0.186768 0.599002
vt 0.190977 0.602168
vt 0.186552 0.601489
vt 0.183171 0.598071
vt 0.145051 0.811451
vt 0.147185 0.815794
vt 0.143977 0.813195
vt 0.190466 0.596086
vt 0.186490 0.596574
vt 0.149198 0.811149
vt 0.148203 0.813599
vt 0.146108 0.809492
vt 0.586167 0.713529
vt 0.602935 0.713508
vt 0.602443 0.721271
vt 0.602458 0.723633
vt 0.571837 0.732896
vt 0.602645 0.727093
vt 0.602913 0.729436
vt 0.603189 0.731019
vt 0.603444 0.732086
vt 0.603607 0.732625
vt 0.603604 0.732847
vt 0.570447 0.713159
vt 0.571029 0.732898
vt 0.569920 0.713106
vt 0.566374 0.732901
vt 0.571257 0.713178
vt 0.571060 0.732897
vt 0.122540 0.736553
vt 0.122135 0.737526
vt 0.107340 0.732337
vt 0.106581 0.734132
vt 0.120854 0.740741
vt 0.105790 0.736118
vt 0.120367 0.742051
vt 0.104891 0.738625
vt 0.119278 0.744936
vt 0.104694 0.739270
vt 0.118969 0.745892
vt 0.103789 0.742238
vt 0.118207 0.748245
vt 0.103358 0.743904
vt 0.117491 0.750906
vt 0.102600 0.747478
vt 0.116787 0.754199
vt 0.102556 0.747778
vt 0.116758 0.754394
vt 0.102081 0.751005
vt 0.116293 0.757460
vt 0.101805 0.754479
vt 0.116013 0.760684
vt 0.101764 0.755942
vt 0.115955 0.762846
vt 0.782466 0.894791
vt 0.782661 0.875510
vt 0.782661 0.894797
vt 0.802715 0.891164
vt 0.802473 0.875620
vt 0.802715 0.875510
vt 0.538062 0.732886
vt 0.537641 0.713608
vt 0.540309 0.732891
vt 0.539929 0.713601
vt 0.543040 0.732895
vt 0.542463 0.713582
vt 0.544788 0.732897
vt 0.544199 0.713562
vt 0.546054 0.732899
vt 0.545238 0.713550
vt 0.547455 0.732900
vt 0.547253 0.713521
vt 0.550752 0.732902
vt 0.550308 0.713468
vt 0.553027 0.732903
vt 0.552440 0.713423
vt 0.554225 0.732903
vt 0.553516 0.713401
vt 0.557869 0.732903
vt 0.556870 0.713318
vt 0.558800 0.732903
vt 0.558964 0.713260
vt 0.562383 0.732902
vt 0.561797 0.713171
vt 0.562546 0.732902
vt 0.562434 0.713151
vt 0.565858 0.713030
vt 0.108317 0.729986
vt 0.109517 0.727098
vt 0.126934 0.725999
vt 0.112695 0.719479
vt 0.117131 0.708841
vt 0.131382 0.715315
vt 0.132216 0.713311
vt 0.118254 0.706149
vt 0.135926 0.704417
vt 0.121657 0.697989
vt 0.126565 0.686223
vt 0.140854 0.692602
vt 0.133057 0.670656
vt 0.147373 0.676970
vt 0.149012 0.671034
vt 0.148874 0.671600
vt 0.132296 0.670321
vt 0.147906 0.675574
vt 0.119199 0.658578
vt 0.119502 0.658085
vt 0.116448 0.663401
vt 0.117064 0.662041
vt 0.131497 0.669972
vt 0.125287 0.652892
vt 0.126181 0.652267
vt 0.122596 0.654769
vt 0.132562 0.650383
vt 0.134055 0.650186
vt 0.130070 0.650712
vt 0.139705 0.651497
vt 0.141482 0.652277
vt 0.137928 0.650717
vt 0.145423 0.656027
vt 0.146913 0.658103
vt 0.144531 0.654783
vt 0.148679 0.663156
vt 0.149214 0.666449
vt 0.148502 0.662061
vt 0.565451 0.702178
vt 0.561881 0.702239
vt 0.740649 0.609415
vt 0.603123 0.710135
vt 0.586211 0.702445
vt 0.602937 0.703468
vt 0.602973 0.705591
vt 0.603779 0.696229
vt 0.603131 0.699675
vt 0.602989 0.702438
vt 0.745943 0.607232
vt 0.743296 0.608324
vt 0.729945 0.571338
vt 0.152505 0.679269
vt 0.139547 0.716624
vt 0.720987 0.546833
vt 0.129508 0.740741
vt 0.719282 0.542144
vt 0.718381 0.538879
vt 0.126476 0.748552
vt 0.127671 0.745392
vt 0.717642 0.535295
vt 0.717256 0.532400
vt 0.717036 0.528800
vt 0.123926 0.758256
vt 0.124648 0.754807
vt 0.125381 0.752020
vt 0.123130 0.765043
vt 0.123419 0.761670
vt 0.717108 0.525215
vt 0.717478 0.521652
vt 0.717966 0.518956
vt 0.541030 0.702457
vt 0.538381 0.702466
vt 0.535988 0.702469
vt 0.537466 0.713608
vt 0.534314 0.702466
vt 0.536039 0.713606
vt 0.718849 0.515582
vt 0.720015 0.512334
vt 0.537480 0.692378
vt 0.538163 0.692377
vt 0.543931 0.702441
vt 0.549228 0.702399
vt 0.546036 0.702426
vt 0.540726 0.692374
vt 0.552577 0.702365
vt 0.558263 0.702294
vt 0.556078 0.702323
vt 0.570434 0.701975
vt 0.604482 0.694177
vt 0.037611 0.644938
vt 0.038237 0.643149
vt 0.069779 0.659806
vt 0.674478 0.582266
vt 0.680979 0.620600
vt 0.684513 0.631507
vt 0.687822 0.639564
vt 0.720704 0.617085
vt 0.675270 0.593195
vt 0.676539 0.601190
vt 0.680395 0.618797
vt 0.677291 0.605931
vt 0.674631 0.569237
vt 0.674377 0.580873
vt 0.036921 0.698132
vt 0.036461 0.696390
vt 0.040066 0.694310
vt 0.034224 0.683956
vt 0.048799 0.683259
vt 0.034161 0.682495
vt 0.050325 0.681373
vt 0.055439 0.675051
vt 0.034381 0.662818
vt 0.062469 0.667236
vt 0.063697 0.665988
vt 0.033667 0.671044
vt 0.034805 0.657941
vt 0.081475 0.648921
vt 0.075629 0.654271
vt 0.073977 0.655783
vt 0.081538 0.648865
vt 0.042023 0.632325
vt 0.045909 0.624484
vt 0.096557 0.655012
vt 0.097813 0.652241
vt 0.098425 0.651248
vt 0.047942 0.620382
vt 0.102782 0.644177
vt 0.055239 0.609375
vt 0.103439 0.643473
vt 0.056691 0.607697
vt 0.063749 0.599547
vt 0.109088 0.637417
vt 0.070284 0.593770
vt 0.109710 0.636983
vt 0.073284 0.591118
vt 0.116396 0.632318
vt 0.083632 0.584275
vt 0.116921 0.632108
vt 0.085813 0.583257
vt 0.094564 0.579170
vt 0.124322 0.629148
vt 0.102613 0.576847
vt 0.124706 0.629097
vt 0.132446 0.628076
vt 0.105835 0.575917
vt 0.117195 0.574588
vt 0.132671 0.628107
vt 0.119750 0.574730
vt 0.140340 0.629158
vt 0.128392 0.575212
vt 0.140408 0.629188
vt 0.136405 0.577117
vt 0.139177 0.577776
vt 0.147516 0.632307
vt 0.149310 0.582222
vt 0.151689 0.583823
vt 0.147585 0.632337
vt 0.158566 0.588452
vt 0.153623 0.637300
vt 0.235018 0.753570
vt 0.270352 0.759555
vt 0.270325 0.769395
vt 0.235018 0.753834
vt 0.270317 0.772305
vt 0.760664 0.642561
vt 0.739368 0.697156
vt 0.755496 0.640530
vt 0.731798 0.694337
vt 0.729598 0.693006
vt 0.755239 0.640429
vt 0.724100 0.689682
vt 0.750104 0.636582
vt 0.717970 0.684569
vt 0.749740 0.636309
vt 0.739668 0.623072
vt 0.689553 0.643779
vt 0.736126 0.615691
vt 0.735629 0.614655
vt 0.716443 0.683296
vt 0.709000 0.675320
vt 0.744906 0.630921
vt 0.706777 0.672366
vt 0.744456 0.630420
vt 0.701934 0.665931
vt 0.740167 0.623837
vt 0.696518 0.657147
vt 0.695404 0.655339
vt 0.151876 0.653490
vt 0.154047 0.658898
vt 0.134309 0.642673
vt 0.139600 0.643399
vt 0.106944 0.659327
vt 0.103487 0.657891
vt 0.104597 0.655564
vt 0.746675 0.609130
vt 0.153233 0.677362
vt 0.110108 0.660683
vt 0.111093 0.658871
vt 0.108782 0.648772
vt 0.114092 0.643079
vt 0.120248 0.638784
vt 0.126923 0.636114
vt 0.133766 0.635212
vt 0.146516 0.638801
vt 0.140414 0.636123
vt 0.151749 0.643103
vt 0.153799 0.637446
vt 0.762654 0.635304
vt 0.758085 0.633508
vt 0.753453 0.630038
vt 0.749004 0.625078
vt 0.744971 0.618890
vt 0.741569 0.611800
vt 0.128863 0.643392
vt 0.123550 0.645516
vt 0.158566 0.655598
vt 0.155838 0.648802
vt 0.148622 0.648954
vt 0.144456 0.645530
vt 0.749383 0.614772
vt 0.752592 0.619697
vt 0.114424 0.653466
vt 0.118651 0.648935
vt 0.756134 0.623645
vt 0.155020 0.664893
vt 0.154744 0.671158
vt 0.678127 0.560768
vt 0.675554 0.563323
vt 0.674184 0.557148
vt 0.672024 0.559844
vt 0.668474 0.561075
vt 0.669793 0.562127
vt 0.673018 0.565464
vt 0.670051 0.554218
vt 0.669183 0.555623
vt 0.668315 0.557028
vt 0.666416 0.559432
vt 0.198018 0.593247
vt 0.196061 0.592223
vt 0.196372 0.591905
vt 0.194988 0.591685
vt 0.195467 0.591195
vt 0.190833 0.589828
vt 0.198012 0.593253
vt 0.656881 0.550563
vt 0.660493 0.551975
vt 0.662035 0.552612
vt 0.658715 0.553943
vt 0.186863 0.588457
vt 0.188580 0.586593
vt 0.191409 0.588320
vt 0.191955 0.588653
vt 0.663159 0.557146
vt 0.662087 0.556374
vt 0.665633 0.554136
vt 0.661395 0.555876
vt 0.660024 0.554889
vt 0.140166 0.851354
vt 0.184461 0.646419
vt 0.181032 0.646497
vt 0.180930 0.642488
vt 0.188372 0.646302
vt 0.184361 0.642538
vt 0.139694 0.848119
vt 0.139165 0.840761
vt 0.139324 0.834348
vt 0.140220 0.827023
vt 0.180921 0.633385
vt 0.184371 0.633727
vt 0.181148 0.625481
vt 0.184630 0.626078
vt 0.181629 0.616524
vt 0.185165 0.617414
vt 0.189469 0.616043
vt 0.189284 0.617880
vt 0.188640 0.626387
vt 0.188318 0.633881
vt 0.188302 0.636906
vt 0.188274 0.642506
vt 0.190041 0.610362
vt 0.185793 0.609779
vt 0.182195 0.608628
vt 0.141665 0.820473
vt 0.182879 0.600049
vt 0.931424 0.074414
vt 0.929006 0.071607
vt 0.929314 0.070683
vt 0.931289 0.075230
vt 0.931220 0.076078
vt 0.929787 0.074462
vt 0.931596 0.073369
vt 0.929897 0.068904
vt 0.931927 0.071357
vt 0.930257 0.067627
vt 0.059869 0.138548
vt 0.061760 0.134669
vt 0.063533 0.133749
vt 0.065396 0.132727
vt 0.066009 0.134928
vt 0.065678 0.132561
vt 0.066406 0.132107
vt 0.066356 0.131986
vt 0.060646 0.135296
vt 0.928602 0.073143
vt 0.927693 0.072132
vt 0.059195 0.136300
vt 0.058506 0.136908
vt 0.927863 0.068253
vt 0.927228 0.069048
vt 0.926098 0.070401
vt 0.920421 0.076972
vt 0.920400 0.075647
vt 0.922506 0.075399
vt 0.927408 0.076284
vt 0.923120 0.078030
vt 0.920443 0.078296
vt 0.925036 0.077464
vt 0.757767 0.457367
vt 0.758669 0.459050
vt 0.759317 0.460431
vt 0.760103 0.462383
vt 0.925858 0.073796
vt 0.925120 0.071371
vt 0.756745 0.455712
vt 0.924009 0.074878
vt 0.761015 0.464885
vt 0.917716 0.075617
vt 0.917738 0.076942
vt 0.917760 0.078266
vt 0.616444 0.680219
vt 0.905124 0.069613
vt 0.907886 0.067780
vt 0.908583 0.069230
vt 0.906055 0.071226
vt 0.617430 0.679138
vt 0.618440 0.678064
vt 0.762654 0.472724
vt 0.909479 0.070687
vt 0.912314 0.070830
vt 0.911078 0.072601
vt 0.762541 0.471178
vt 0.762377 0.470005
vt 0.762024 0.468249
vt 0.761611 0.466695
vt 0.915784 0.075367
vt 0.907233 0.072841
vt 0.909304 0.074952
vt 0.912299 0.073663
vt 0.910872 0.076120
vt 0.914140 0.074779
vt 0.913219 0.077345
vt 0.915308 0.077989
vt 0.899439 0.060550
vt 0.896453 0.055985
vt 0.902219 0.058409
vt 0.899243 0.053687
vt 0.611626 0.688388
vt 0.609452 0.692695
vt 0.892883 0.058298
vt 0.892903 0.057977
vt 0.896374 0.055632
vt 0.609251 0.692999
vt 0.899068 0.053325
vt 0.605878 0.713814
vt 0.605376 0.713762
vt 0.606050 0.710054
vt 0.606937 0.710049
vt 0.606997 0.705268
vt 0.608337 0.705068
vt 0.608490 0.704524
vt 0.607534 0.703108
vt 0.609142 0.702823
vt 0.608737 0.699359
vt 0.610677 0.698823
vt 0.611361 0.697039
vt 0.893272 0.051394
vt 0.895026 0.047967
vt 0.895639 0.051458
vt 0.893159 0.053402
vt 0.896031 0.053631
vt 0.893026 0.055782
vt 0.608181 0.694604
vt 0.607224 0.696469
vt 0.606082 0.699694
vt 0.898274 0.051410
vt 0.897443 0.049353
vt 0.610184 0.696062
vt 0.605313 0.703369
vt 0.605036 0.705479
vt 0.604607 0.710108
vt 0.604153 0.713634
vt 0.603636 0.732061
vt 0.604717 0.720364
vt 0.604623 0.721292
vt 0.604388 0.723606
vt 0.604042 0.727011
vt 0.603808 0.729320
vt 0.603751 0.729877
vt 0.603695 0.730942
vt 0.543043 0.734950
vt 0.540312 0.734946
vt 0.103332 0.737941
vt 0.104232 0.735434
vt 0.571063 0.734936
vt 0.603599 0.733875
vt 0.571840 0.734935
vt 0.603607 0.734903
vt 0.125004 0.685539
vt 0.116694 0.705464
vt 0.120097 0.697304
vt 0.115571 0.708157
vt 0.111134 0.718794
vt 0.107957 0.726414
vt 0.106749 0.729298
vt 0.105766 0.731646
vt 0.105025 0.733449
vt 0.103135 0.738587
vt 0.102230 0.741554
vt 0.101799 0.743220
vt 0.101040 0.746794
vt 0.100996 0.747094
vt 0.100520 0.750321
vt 0.100244 0.753794
vt 0.100203 0.755258
vt 0.100210 0.755519
vt 0.101770 0.756204
vt 0.100288 0.758532
vt 0.101848 0.759217
vt 0.544790 0.734951
vt 0.546056 0.734952
vt 0.547457 0.734953
vt 0.550755 0.734954
vt 0.553029 0.734953
vt 0.554228 0.734953
vt 0.557871 0.734951
vt 0.558802 0.734951
vt 0.562385 0.734947
vt 0.562548 0.734947
vt 0.566376 0.734942
vt 0.571032 0.734935
vt 0.070954 0.130035
vt 0.079317 0.127146
vt 0.085871 0.125444
vt 0.100143 0.123380
vt 0.094053 0.123986
vt 0.105142 0.123204
vt 0.117824 0.068221
vt 0.118436 0.044877
vt 0.118935 0.025613
vt 0.119249 0.013457
vt 0.135859 0.852486
vt 0.136714 0.851696
vt 0.136865 0.852500
vt 0.117718 0.072393
vt 0.135750 0.852480
vt 0.128595 0.852055
vt 0.124742 0.851496
vt 0.121612 0.851043
vt 0.119342 0.009869
vt 0.119183 0.016033
vt 0.119100 0.019235
vt 0.118931 0.025746
vt 0.118809 0.030468
vt 0.118646 0.036775
vt 0.118627 0.037498
vt 0.118340 0.048564
vt 0.118231 0.052773
vt 0.118145 0.056125
vt 0.117997 0.061917
vt 0.205981 0.636898
vt 0.190466 0.699066
vt 0.190551 0.698617
vt 0.207136 0.698619
vt 0.191030 0.696091
vt 0.190977 0.692980
vt 0.190041 0.684783
vt 0.206372 0.679118
vt 0.189280 0.701879
vt 0.198050 0.701879
vt 0.198667 0.711703
vt 0.208241 0.715892
vt 0.198891 0.714739
vt 0.198986 0.715841
vt 0.331313 0.712841
vt 0.331951 0.710427
vt 0.337976 0.713125
vt 0.337171 0.696933
vt 0.345360 0.694255
vt 0.209637 0.730180
vt 0.200636 0.732239
vt 0.200389 0.730020
vt 0.817298 0.190184
vt 0.817298 0.213209
vt 0.814047 0.203084
vt 0.199584 0.722807
vt 0.328148 0.724815
vt 0.333412 0.733650
vt 0.326834 0.733364
vt 0.333412 0.776041
vt 0.326827 0.775635
vt 0.325928 0.770088
vt 0.331869 0.754932
vt 0.325103 0.754981
vt 0.325122 0.754597
vt 0.325849 0.739777
vt 0.293271 0.657009
vt 0.293197 0.655247
vt 0.302564 0.656819
vt 0.345360 0.814099
vt 0.337471 0.811529
vt 0.332181 0.798680
vt 0.337976 0.796055
vt 0.331335 0.795641
vt 0.328305 0.784763
vt 0.293597 0.664792
vt 0.303108 0.671138
vt 0.293812 0.671381
vt 0.303944 0.707953
vt 0.294646 0.708089
vt 0.294560 0.702340
vt 0.303575 0.688435
vt 0.294286 0.688603
vt 0.294284 0.688497
vt 0.293963 0.675993
vt 0.295034 0.750210
vt 0.295028 0.747178
vt 0.304330 0.750181
vt 0.294935 0.731957
vt 0.304199 0.728839
vt 0.294903 0.728923
vt 0.294778 0.716899
vt 0.295055 0.762225
vt 0.304330 0.771046
vt 0.295031 0.771022
vt 0.304199 0.790522
vt 0.294908 0.790573
vt 0.294910 0.790467
vt 0.295015 0.776762
vt 0.294740 0.803035
vt 0.303944 0.807757
vt 0.294646 0.807627
vt 0.676962 0.677319
vt 0.678589 0.679956
vt 0.669278 0.679880
vt 0.686645 0.690662
vt 0.680562 0.694926
vt 0.688213 0.692341
vt 0.303575 0.821999
vt 0.294280 0.821922
vt 0.294511 0.814187
vt 0.671142 0.667878
vt 0.659267 0.662247
vt 0.666992 0.659679
vt 0.650967 0.642797
vt 0.658605 0.640338
vt 0.658724 0.640704
vt 0.664471 0.654696
vt 0.654028 0.626211
vt 0.644739 0.622380
vt 0.652511 0.619923
vt 0.647234 0.579846
vt 0.647166 0.582967
vt 0.639491 0.582218
vt 0.648184 0.597018
vt 0.640858 0.601888
vt 0.648571 0.599455
vt 0.650489 0.611540
vt 0.647456 0.569700
vt 0.199584 0.572362
vt 0.209637 0.564997
vt 0.208241 0.579270
vt 0.198998 0.579450
vt 0.207136 0.596530
vt 0.198667 0.583456
vt 0.206372 0.616023
vt 0.188318 0.661259
vt 0.188302 0.658233
vt 0.205981 0.658240
vt 0.188274 0.652634
vt 0.188372 0.648836
vt 0.188394 0.647572
vt 0.189469 0.679100
vt 0.189284 0.677264
vt 0.188640 0.668755
vt 0.184481 0.647572
vt 0.184461 0.648719
vt 0.181049 0.647571
vt 0.181032 0.648639
vt 0.140316 0.852208
vt 0.140470 0.853035
vt 0.670539 0.606842
vt 0.683520 0.646909
vt 0.704107 0.680300
vt 0.728242 0.700432
vt 0.287851 0.732061
vt 0.287943 0.747156
vt 0.281215 0.747006
vt 0.059218 0.578533
vt 0.070920 0.570795
vt 0.075224 0.574216
vt 0.191688 0.583986
vt 0.653735 0.568235
vt 0.654457 0.595327
vt 0.670609 0.652529
vt 0.677225 0.665602
vt 0.692600 0.688197
vt 0.287930 0.776496
vt 0.287695 0.717128
vt 0.287207 0.689065
vt 0.029328 0.605156
vt 0.034503 0.597349
vt 0.038812 0.599178
vt 0.019433 0.623518
vt 0.026183 0.609900
vt 0.030561 0.611626
vt 0.013031 0.644255
vt 0.014402 0.637900
vt 0.018877 0.639395
vt 0.010540 0.682390
vt 0.009906 0.667667
vt 0.014418 0.668915
vt 0.193641 0.731540
vt 0.027956 0.709333
vt 0.027275 0.710221
vt 0.023190 0.697889
vt 0.188580 0.708567
vt 0.191409 0.706837
vt 0.191688 0.711174
vt 0.655314 0.556148
vt 0.667723 0.567997
vt 0.660622 0.567657
vt 0.191955 0.706504
vt 0.195467 0.703959
vt 0.196372 0.703248
vt 0.198018 0.701905
vt 0.017578 0.697578
vt 0.026836 0.710794
vt 0.021953 0.710786
vt 0.025966 0.711930
vt 0.187232 0.709263
vt 0.029607 0.697486
vt 0.035494 0.700380
vt 0.032921 0.703893
vt 0.031900 0.705025
vt 0.030306 0.706792
vt 0.192598 0.722186
vt 0.011203 0.652727
vt 0.286524 0.665451
vt 0.286127 0.655985
vt 0.055079 0.576531
vt 0.044207 0.586142
vt 0.286887 0.676560
vt 0.287479 0.702689
vt 0.287825 0.790087
vt 0.287657 0.802552
vt 0.287430 0.813611
vt 0.701018 0.697216
vt 0.695133 0.699756
vt 0.684610 0.677580
vt 0.664909 0.638652
vt 0.660253 0.624279
vt 0.656743 0.609730
vt 0.653447 0.581393
vt 0.192598 0.572984
vt 0.091116 0.573393
vt 0.087282 0.568585
vt 0.280184 0.678141
vt 0.279830 0.667304
vt 0.275254 0.760704
vt 0.281241 0.761562
vt 0.287970 0.762079
vt 0.027854 0.656782
vt 0.026649 0.670653
vt 0.020108 0.669930
vt 0.030824 0.643017
vt 0.021363 0.655477
vt 0.010124 0.665160
vt 0.015704 0.654098
vt 0.024458 0.641133
vt 0.029325 0.627220
vt 0.035494 0.629665
vt 0.041761 0.617022
vt 0.019306 0.623882
vt 0.023866 0.625131
vt 0.035855 0.614046
vt 0.049485 0.605368
vt 0.043903 0.601903
vt 0.053291 0.591063
vt 0.058495 0.594965
vt 0.068589 0.586042
vt 0.042088 0.588590
vt 0.048435 0.588065
vt 0.063809 0.581765
vt 0.079544 0.578797
vt 0.275142 0.732603
vt 0.274996 0.718623
vt 0.280973 0.717714
vt 0.270335 0.749751
vt 0.270329 0.746360
vt 0.275229 0.746735
vt 0.281125 0.732280
vt 0.015047 0.683517
vt 0.020722 0.684173
vt 0.027238 0.684323
vt 0.103048 0.569949
vt 0.280497 0.690339
vt 0.099715 0.564997
vt 0.280762 0.703629
vt 0.274794 0.705106
vt 0.274540 0.692353
vt 0.115075 0.568542
vt 0.126928 0.569203
vt 0.270247 0.733011
vt 0.270212 0.729617
vt 0.270109 0.719805
vt 0.275217 0.774201
vt 0.281202 0.775625
vt 0.281100 0.788884
vt 0.275119 0.786925
vt 0.270225 0.784324
vt 0.280936 0.801042
vt 0.274962 0.798593
vt 0.720092 0.695504
vt 0.711987 0.688743
vt 0.280715 0.811830
vt 0.715191 0.700518
vt 0.706745 0.693474
vt 0.698534 0.684676
vt 0.690740 0.674319
vt 0.696627 0.670361
vt 0.689714 0.659147
vt 0.683536 0.662635
vt 0.677082 0.649883
vt 0.671522 0.636346
vt 0.678184 0.633918
vt 0.673825 0.620462
vt 0.666980 0.622325
vt 0.663556 0.608133
vt 0.661327 0.594084
vt 0.668399 0.593360
vt 0.667454 0.580315
vt 0.660341 0.580491
vt 0.165051 0.132087
vt 0.156655 0.128472
vt 0.165848 0.100821
vt 0.149253 0.126014
vt 0.166513 0.074699
vt 0.140775 0.123992
vt 0.134774 0.123066
vt 0.128377 0.122563
vt 0.124035 0.122541
vt 0.121088 0.122709
vt 0.119092 0.122939
vt 0.116831 0.123393
vt 0.117742 0.123174
vt 0.143169 0.889324
vt 0.140611 0.889307
vt 0.133514 0.888673
vt 0.132199 0.888458
vt 0.129023 0.887940
vt 0.168116 0.012532
vt 0.167978 0.017832
vt 0.167960 0.018547
vt 0.167824 0.023791
vt 0.167709 0.028212
vt 0.167708 0.028270
vt 0.167535 0.034938
vt 0.167423 0.039289
vt 0.167351 0.042057
vt 0.167236 0.046486
vt 0.167119 0.051016
vt 0.167045 0.053885
vt 0.166925 0.058549
vt 0.166838 0.061947
vt 0.137552 0.855675
vt 0.139634 0.862889
vt 0.142041 0.869148
vt 0.145465 0.876213
vt 0.149130 0.882384
vt 0.153854 0.888972
vt 0.153104 0.889041
vt 0.147891 0.889355
vt 0.846738 0.477734
vt 0.836726 0.476928
vt 0.841353 0.477178
vt 0.836451 0.476058
vt 0.855028 0.477727
vt 0.869503 0.477108
vt 0.848766 0.484682
vt 0.830492 0.493861
vt 0.824878 0.481402
vt 0.836638 0.490182
vt 0.829117 0.479695
vt 0.843292 0.486919
vt 0.803716 0.525342
vt 0.801987 0.530906
vt 0.793134 0.531198
vt 0.801029 0.536498
vt 0.800837 0.540283
vt 0.849972 0.477798
vt 0.824771 0.497981
vt 0.815497 0.486427
vt 0.819237 0.484193
vt 0.812658 0.584217
vt 0.810140 0.585136
vt 0.806456 0.564545
vt 0.801687 0.558329
vt 0.802306 0.551283
vt 0.801202 0.545808
vt 0.807329 0.517749
vt 0.795004 0.509139
vt 0.810829 0.512346
vt 0.796669 0.505830
vt 0.814964 0.507199
vt 0.799667 0.501146
vt 0.803280 0.496702
vt 0.819487 0.502536
vt 0.805985 0.493916
vt 0.810528 0.489964
vt 0.792078 0.526337
vt 0.791899 0.521683
vt 0.806199 0.519816
vt 0.792164 0.518789
vt 0.793216 0.513950
vt 0.571307 0.754658
vt 0.085117 0.749582
vt 0.085125 0.749318
vt 0.570498 0.754679
vt 0.569971 0.754733
vt 0.565909 0.754817
vt 0.562484 0.754702
vt 0.561847 0.754683
vt 0.559014 0.754598
vt 0.556920 0.754541
vt 0.553566 0.754459
vt 0.552489 0.754436
vt 0.550358 0.754391
vt 0.547302 0.754336
vt 0.545288 0.754304
vt 0.544248 0.754290
vt 0.542513 0.754267
vt 0.539979 0.754240
vt 0.085210 0.752595
vt 0.085185 0.747157
vt 0.085453 0.743928
vt 0.085890 0.740849
vt 0.085918 0.740654
vt 0.086573 0.737340
vt 0.087236 0.734656
vt 0.087939 0.732276
vt 0.088224 0.731310
vt 0.089244 0.728395
vt 0.089798 0.727113
vt 0.091173 0.723942
vt 0.091580 0.722968
vt 0.095990 0.712422
vt 0.100455 0.701744
vt 0.101291 0.699743
vt 0.105002 0.690847
vt 0.109929 0.679033
vt 0.603610 0.735125
vt 0.603455 0.735640
vt 0.603203 0.736696
vt 0.602932 0.738262
vt 0.602668 0.740579
vt 0.602485 0.744002
vt 0.602556 0.749053
vt 0.586216 0.754269
vt 0.602984 0.754247
vt 0.073226 0.710936
vt 0.056944 0.707834
vt 0.061863 0.696040
vt 0.560892 0.775576
vt 0.564867 0.775586
vt 0.562857 0.788886
vt 0.573495 0.788669
vt 0.571517 0.788743
vt 0.571010 0.775980
vt 0.564646 0.788890
vt 0.569828 0.775903
vt 0.564902 0.775586
vt 0.540100 0.788767
vt 0.547561 0.775540
vt 0.542104 0.788777
vt 0.550501 0.775549
vt 0.554415 0.775559
vt 0.550936 0.788828
vt 0.547784 0.788808
vt 0.558051 0.788876
vt 0.553796 0.788845
vt 0.558280 0.775569
vt 0.556854 0.775566
vt 0.064237 0.745195
vt 0.064354 0.748718
vt 0.048071 0.746116
vt 0.048442 0.751305
vt 0.064718 0.752080
vt 0.048548 0.751921
vt 0.064847 0.752749
vt 0.049281 0.756176
vt 0.065332 0.755267
vt 0.049713 0.757896
vt 0.065892 0.757315
vt 0.536760 0.788750
vt 0.543183 0.775527
vt 0.546755 0.775538
vt 0.064287 0.743434
vt 0.048135 0.741978
vt 0.064317 0.742360
vt 0.048152 0.740883
vt 0.064643 0.738587
vt 0.048693 0.735179
vt 0.065210 0.734766
vt 0.049393 0.731087
vt 0.065561 0.733075
vt 0.066013 0.730904
vt 0.049686 0.729376
vt 0.066826 0.727782
vt 0.051127 0.723480
vt 0.068040 0.723901
vt 0.052359 0.719595
vt 0.068686 0.722106
vt 0.071736 0.714506
vt 0.071347 0.715352
vt 0.055374 0.711598
vt 0.069315 0.720213
vt 0.068900 0.721510
vt 0.053059 0.717388
vt 0.054972 0.712514
vt 0.068242 0.680745
vt 0.081400 0.691354
vt 0.077895 0.699751
vt 0.572667 0.775976
vt 0.580162 0.775446
vt 0.575646 0.788666
vt 0.582202 0.775443
vt 0.588527 0.788650
vt 0.586445 0.775438
vt 0.594419 0.775428
vt 0.605475 0.775414
vt 0.605649 0.775775
vt 0.590505 0.788648
vt 0.610348 0.784349
vt 0.613060 0.788619
vt 0.081702 0.719765
vt 0.604184 0.772564
vt 0.603863 0.771523
vt 0.603205 0.768013
vt 0.586287 0.765363
vt 0.603069 0.765326
vt 0.603180 0.757793
vt 0.603036 0.762356
vt 0.603010 0.764161
vt 0.603003 0.754381
vt 0.091787 0.695669
vt 0.079745 0.724363
vt 0.078635 0.727560
vt 0.077576 0.731044
vt 0.076866 0.733841
vt 0.076165 0.737299
vt 0.075669 0.740718
vt 0.075383 0.744092
vt 0.075312 0.746628
vt 0.075728 0.752789
vt 0.075412 0.749780
vt 0.538458 0.765386
vt 0.541107 0.765402
vt 0.544008 0.765424
vt 0.549305 0.765471
vt 0.546112 0.765442
vt 0.540828 0.775520
vt 0.076263 0.755643
vt 0.552654 0.765506
vt 0.558339 0.765575
vt 0.556155 0.765547
vt 0.561958 0.765625
vt 0.565528 0.765680
vt 0.570511 0.765873
vt 0.165565 0.132541
vt 0.169653 0.134368
vt 0.167778 0.133553
vt 0.170656 0.100817
vt 0.165768 0.132699
vt 0.168658 0.134060
vt 0.167182 0.133527
vt 0.804252 0.584398
vt 0.803557 0.584005
vt 0.796793 0.559196
vt 0.172619 0.136257
vt 0.171685 0.135325
vt 0.174149 0.100593
vt 0.171021 0.134916
vt 0.169792 0.134424
vt 0.808647 0.585457
vt 0.807251 0.585410
vt 0.805522 0.584966
vt 0.804828 0.584655
vt 0.171646 0.061948
vt 0.175139 0.061736
vt 0.788236 0.532053
vt 0.814027 0.583487
vt 0.815218 0.582370
vt 0.614869 0.789952
vt 0.590610 0.791733
vt 0.616395 0.791009
vt 0.810436 0.562282
vt 0.816929 0.579263
vt 0.816250 0.580761
vt 0.816095 0.581103
vt 0.571522 0.791778
vt 0.806281 0.549135
vt 0.171848 0.054073
vt 0.817006 0.473109
vt 0.818859 0.473885
vt 0.814449 0.476146
vt 0.823687 0.475507
vt 0.826384 0.476067
vt 0.823080 0.477423
vt 0.830866 0.476664
vt 0.830223 0.476602
vt 0.827914 0.476295
vt 0.834912 0.476900
vt 0.836696 0.476928
vt 0.826714 0.476135
vt 0.819017 0.473951
vt 0.816889 0.480487
vt 0.821073 0.474752
vt 0.821994 0.475019
vt 0.815063 0.472431
vt 0.810068 0.478763
vt 0.812542 0.472282
vt 0.813202 0.471920
vt 0.798934 0.487530
vt 0.802089 0.479210
vt 0.804250 0.482906
vt 0.804184 0.477719
vt 0.808052 0.474965
vt 0.791551 0.495980
vt 0.793401 0.487287
vt 0.795771 0.490788
vt 0.795693 0.484926
vt 0.796642 0.483949
vt 0.172494 0.029022
vt 0.172605 0.024707
vt 0.172756 0.018891
vt 0.789077 0.492607
vt 0.172324 0.035586
vt 0.812781 0.482941
vt 0.807325 0.486825
vt 0.802339 0.491163
vt 0.799372 0.494219
vt 0.795410 0.499092
vt 0.792123 0.504229
vt 0.790297 0.507858
vt 0.788334 0.513137
vt 0.787178 0.518449
vt 0.786887 0.521628
vt 0.788048 0.501453
vt 0.786102 0.505319
vt 0.784010 0.510947
vt 0.782777 0.516612
vt 0.782466 0.520002
vt 0.172034 0.046854
vt 0.172145 0.042532
vt 0.175329 0.054331
vt 0.175502 0.047561
vt 0.787083 0.526739
vt 0.050728 0.710873
vt 0.081489 0.648935
vt 0.068447 0.668455
vt 0.072406 0.662307
vt 0.075662 0.657424
vt 0.061185 0.680190
vt 0.062280 0.678398
vt 0.064005 0.679054
vt 0.066717 0.671142
vt 0.055858 0.689449
vt 0.047414 0.709706
vt 0.564303 0.791825
vt 0.048742 0.716011
vt 0.046681 0.722470
vt 0.045141 0.728738
vt 0.044081 0.734909
vt 0.043505 0.740973
vt 0.043424 0.746536
vt 0.043825 0.752053
vt 0.044728 0.757231
vt 0.045194 0.759060
vt 0.050615 0.760539
vt 0.046746 0.763557
vt 0.051157 0.762124
vt 0.053021 0.765853
vt 0.552833 0.791818
vt 0.546437 0.791809
vt 0.048750 0.767524
vt 0.557357 0.791825
vt 0.045324 0.715177
vt 0.043100 0.722111
vt 0.041435 0.728862
vt 0.040290 0.735508
vt 0.039671 0.742037
vt 0.039586 0.748024
vt 0.040025 0.753958
vt 0.041007 0.759526
vt 0.041512 0.761491
vt 0.043197 0.766323
vt 0.045372 0.770581
vt 0.805946 0.530096
vt 0.805038 0.535300
vt 0.804845 0.538828
vt 0.805178 0.544025
vt 0.836706 0.476913
vt 0.835533 0.476010
vt 0.833741 0.473818
vt 0.198006 0.701893
vt 0.832853 0.473830
vt 0.832419 0.473463
vt 0.830948 0.471123
vt 0.829982 0.471344
vt 0.829729 0.469820
vt 0.829822 0.471199
vt 0.829199 0.469192
vt 0.827742 0.469314
vt 0.826826 0.466382
vt 0.189656 0.704365
vt 0.185417 0.704359
vt 0.187634 0.703169
vt 0.194504 0.703011
vt 0.195748 0.702626
vt 0.821368 0.470906
vt 0.822979 0.471940
vt 0.836700 0.476923
vt 0.835115 0.476593
vt 0.831509 0.475626
vt 0.830935 0.475443
vt 0.827814 0.474306
vt 0.835322 0.476297
vt 0.832174 0.474676
vt 0.831672 0.474389
vt 0.828921 0.472681
vt 0.825167 0.473116
vt 0.836703 0.476918
vt 0.826558 0.470991
vt 0.824593 0.469382
vt 0.823143 0.468010
vt 0.825716 0.467388
vt 0.184587 0.702267
vt 0.185703 0.700924
vt 0.819352 0.469768
vt 0.186490 0.698577
vt 0.817447 0.468868
vt 0.815666 0.468205
vt 0.818789 0.465090
vt 0.186768 0.696147
vt 0.182879 0.695097
vt 0.186552 0.693659
vt 0.820903 0.466406
vt 0.185793 0.685366
vt 0.141133 0.856091
vt 0.184361 0.652601
vt 0.184371 0.661414
vt 0.184631 0.669063
vt 0.185165 0.677730
vt 0.180930 0.652649
vt 0.180921 0.661754
vt 0.181148 0.669659
vt 0.181629 0.678618
vt 0.182195 0.686515
vt 0.143182 0.863019
vt 0.892792 0.633248
vt 0.889315 0.631574
vt 0.892792 0.627199
vt 0.145580 0.869010
vt 0.798616 0.458799
vt 0.801106 0.455712
vt 0.805544 0.460413
vt 0.803078 0.463721
vt 0.810054 0.464272
vt 0.807593 0.467776
vt 0.070678 0.660642
vt 0.074545 0.656332
vt 0.081480 0.648925
vt 0.081485 0.648930
vt 0.075108 0.656880
vt 0.071558 0.661480
vt 0.065419 0.669861
vt 0.059577 0.678520
vt 0.063984 0.668541
vt 0.057610 0.676761
vt 0.051674 0.685302
vt 0.054132 0.687457
vt 0.047240 0.701157
vt 0.044145 0.705171
vt 0.045534 0.698905
vt 0.042441 0.702842
vt 0.043026 0.696512
vt 0.039913 0.700377
vt 0.040602 0.705245
vt 0.038295 0.702697
vt 0.037298 0.709020
vt 0.035381 0.706332
vt 0.034742 0.714899
vt 0.038436 0.711627
vt 0.042101 0.707681
vt 0.032424 0.709341
vt 0.033192 0.710746
vt 0.033960 0.712150
vt 0.838278 0.474012
vt 0.030536 0.712467
vt 0.185290 0.707113
vt 0.186863 0.706702
vt 0.196061 0.702931
vt 0.194988 0.703469
vt 0.190833 0.705328
vt 0.198012 0.701899
vt 0.028033 0.714296
vt 0.185825 0.705226
vt 0.827770 0.465899
vt 0.831297 0.468838
vt 0.886465 0.904556
vt 0.885406 0.902141
vt 0.886465 0.901433
vt 0.832771 0.469885
vt 0.029383 0.716977
vt 0.836105 0.471894
vt 0.031991 0.715946
vt 0.609186 0.764758
vt 0.607572 0.764503
vt 0.607110 0.762669
vt 0.831031 0.562595
vt 0.826929 0.561497
vt 0.826395 0.558481
vt 0.829746 0.559622
vt 0.826221 0.557435
vt 0.829297 0.558583
vt 0.825648 0.554079
vt 0.612322 0.772518
vt 0.608790 0.768308
vt 0.610712 0.768837
vt 0.610322 0.767945
vt 0.606980 0.757905
vt 0.607664 0.760489
vt 0.608503 0.762844
vt 0.606142 0.757878
vt 0.605465 0.754132
vt 0.605967 0.754083
vt 0.605437 0.753982
vt 0.605927 0.753931
vt 0.609350 0.774769
vt 0.823471 0.559917
vt 0.823630 0.556808
vt 0.607760 0.772224
vt 0.607304 0.771272
vt 0.606144 0.767987
vt 0.605367 0.764254
vt 0.605127 0.762461
vt 0.604681 0.757822
vt 0.604246 0.754252
vt 0.604223 0.754111
vt 0.823679 0.555755
vt 0.610785 0.772639
vt 0.610263 0.771661
vt 0.831155 0.562876
vt 0.826974 0.561848
vt 0.609551 0.775074
vt 0.823428 0.560306
vt 0.603638 0.735678
vt 0.605101 0.748924
vt 0.604343 0.744328
vt 0.604320 0.744049
vt 0.604034 0.740654
vt 0.603840 0.738343
vt 0.603708 0.736780
vt 0.603672 0.736347
vt 0.824489 0.571810
vt 0.823327 0.577018
vt 0.821063 0.570540
vt 0.819963 0.575890
vt 0.613998 0.783419
vt 0.616575 0.787578
vt 0.813897 0.587875
vt 0.813425 0.586538
vt 0.815182 0.585644
vt 0.816614 0.588121
vt 0.814368 0.589212
vt 0.816720 0.584334
vt 0.817851 0.582885
vt 0.818914 0.580827
vt 0.817503 0.577138
vt 0.819623 0.578503
vt 0.817810 0.574688
vt 0.618187 0.789327
vt 0.818617 0.586588
vt 0.820129 0.584923
vt 0.821609 0.582586
vt 0.822680 0.579961
vt 0.810906 0.587457
vt 0.811378 0.588794
vt 0.811850 0.590131
vt 0.802322 0.587963
vt 0.802806 0.586555
vt 0.803624 0.586958
vt 0.800964 0.591725
vt 0.801733 0.589677
vt 0.802747 0.590063
vt 0.805146 0.587526
vt 0.807265 0.587929
vt 0.809011 0.587903
vt 0.804636 0.590583
vt 0.807274 0.590882
vt 0.809459 0.590740
vt 0.801408 0.586632
vt 0.163907 0.134430
vt 0.800149 0.590391
vt 0.164542 0.135069
vt 0.164816 0.135249
vt 0.166631 0.136366
vt 0.168359 0.137379
vt 0.169442 0.138065
vt 0.169939 0.141258
vt 0.171051 0.142051
vt 0.799100 0.588769
vt 0.799644 0.584393
vt 0.800798 0.585858
vt 0.799316 0.589027
vt 0.799607 0.589502
vt 0.163833 0.134583
vt 0.170844 0.139145
vt 0.861739 0.900912
vt 0.861739 0.904216
vt 0.860822 0.903790
vt 0.639491 0.896649
vt 0.640175 0.892797
vt 0.640175 0.897266
vt 0.802015 0.583091
vt 0.121169 0.123616
vt 0.124067 0.123650
vt 0.134577 0.124695
vt 0.128326 0.123912
vt 0.140421 0.125831
vt 0.148650 0.128087
vt 0.155809 0.130697
vt 0.831048 0.562590
vt 0.827867 0.554326
vt 0.823284 0.542659
vt 0.822932 0.542636
vt 0.825374 0.547907
vt 0.606273 0.753863
vt 0.607921 0.760424
vt 0.827829 0.555189
vt 0.827474 0.554368
vt 0.827663 0.554359
vt 0.826339 0.551581
vt 0.610427 0.767912
vt 0.825064 0.547915
vt 0.831040 0.562592
vt 0.604147 0.736339
vt 0.604101 0.735123
vt 0.604483 0.736338
vt 0.604453 0.735129
vt 0.894043 0.015969
vt 0.893965 0.016913
vt 0.604747 0.744288
vt 0.605023 0.744262
vt 0.894483 0.009979
vt 0.820379 0.535609
vt 0.606502 0.753817
vt 0.819998 0.535547
vt 0.603976 0.734902
vt 0.604274 0.734905
vt 0.893827 0.017103
vt 0.603976 0.733874
vt 0.893746 0.018772
vt 0.893772 0.017942
vt 0.893850 0.018728
vt 0.894085 0.017816
vt 0.603981 0.732848
vt 0.604086 0.732846
vt 0.604291 0.733873
vt 0.604296 0.732843
vt 0.894059 0.018640
vt 0.893948 0.017087
vt 0.604450 0.734909
vt 0.604098 0.734901
vt 0.604098 0.732625
vt 0.893858 0.018914
vt 0.912721 0.627752
vt 0.912604 0.627396
vt 0.912721 0.627199
vt 0.604450 0.732616
vt 0.604433 0.732836
vt 0.893794 0.021129
vt 0.604209 0.729891
vt 0.604531 0.729895
vt 0.605101 0.720413
vt 0.893502 0.029156
vt 0.893834 0.029024
vt 0.893298 0.035004
vt 0.893620 0.034900
vt 0.606224 0.713881
vt 0.893097 0.043842
vt 0.893343 0.049563
vt 0.893128 0.051414
vt 0.892894 0.057977
vt 0.892974 0.051428
vt 0.892885 0.057977
vt 0.893364 0.043790
vt 0.608692 0.704578
vt 0.431590 0.364675
vt 0.422999 0.383789
vt 0.410583 0.400714
vt 0.394886 0.252759
vt 0.394887 0.414710
vt 0.335500 0.433809
vt 0.314493 0.235807
vt 0.356506 0.431627
vt 0.335500 0.233626
vt 0.356506 0.235819
vt 0.314493 0.431615
vt 0.294405 0.425143
vt 0.276113 0.414675
vt 0.376594 0.242291
vt 0.376594 0.425167
vt 0.260416 0.266721
vt 0.260416 0.400669
vt 0.276113 0.252724
vt 0.294405 0.242267
vt 0.410583 0.266765
vt 0.422999 0.283697
vt 0.431590 0.302816
vt 0.248001 0.383737
vt 0.239410 0.364619
vt 0.235018 0.344150
vt 0.435981 0.323284
vt 0.435981 0.344209
vt 0.235018 0.323225
vt 0.239410 0.302759
vt 0.248001 0.283646
vt 0.170371 0.141706
vt 0.173724 0.145245
vt 0.034363 0.290499
vt 0.174667 0.146005
vt 0.187781 0.157804
vt 0.049922 0.305394
vt 0.041319 0.154133
vt 0.055017 0.143006
vt 0.056499 0.141892
vt 0.061298 0.137860
vt 0.022341 0.272697
vt 0.017618 0.189660
vt 0.027546 0.170646
vt 0.014398 0.252792
vt 0.010892 0.231680
vt 0.011982 0.210315
vt 0.067410 0.134557
vt 0.200695 0.174987
vt 0.200695 0.277169
vt 0.187781 0.294345
vt 0.171484 0.308441
vt 0.152537 0.318821
vt 0.131797 0.325016
vt 0.110197 0.326747
vt 0.088714 0.323936
vt 0.068315 0.316710
vt 0.076413 0.130696
vt 0.076498 0.130659
vt 0.164439 0.137920
vt 0.209642 0.194473
vt 0.214218 0.215384
vt 0.209642 0.257686
vt 0.214218 0.236777
vt 0.424876 0.161979
vt 0.425733 0.162470
vt 0.412465 0.178912
vt 0.413201 0.179569
vt 0.396774 0.192917
vt 0.397355 0.193711
vt 0.378487 0.203381
vt 0.378890 0.204278
vt 0.358406 0.209848
vt 0.358612 0.210808
vt 0.337407 0.212033
vt 0.337407 0.213015
vt 0.316408 0.209844
vt 0.316202 0.210804
vt 0.296326 0.203373
vt 0.295923 0.204270
vt 0.278040 0.192906
vt 0.277458 0.193700
vt 0.262349 0.178898
vt 0.261613 0.179555
vt 0.249938 0.161963
vt 0.249080 0.162453
vt 0.241350 0.142840
vt 0.240408 0.143143
vt 0.236959 0.122365
vt 0.235975 0.122467
vt 0.236959 0.101433
vt 0.235975 0.101330
vt 0.241350 0.080959
vt 0.240408 0.080655
vt 0.249938 0.061837
vt 0.249080 0.061346
vt 0.262349 0.044904
vt 0.261613 0.044247
vt 0.278040 0.030899
vt 0.277458 0.030105
vt 0.296326 0.020435
vt 0.295923 0.019538
vt 0.316408 0.013969
vt 0.316202 0.013009
vt 0.337407 0.011783
vt 0.337407 0.010801
vt 0.358406 0.013973
vt 0.358612 0.013013
vt 0.378487 0.020443
vt 0.378890 0.019546
vt 0.396773 0.030911
vt 0.397355 0.030117
vt 0.412465 0.044918
vt 0.413201 0.044262
vt 0.424876 0.061854
vt 0.425733 0.061363
vt 0.433464 0.080977
vt 0.434406 0.080674
vt 0.437854 0.101452
vt 0.438839 0.101349
vt 0.437854 0.122384
vt 0.438839 0.122486
vt 0.433464 0.142858
vt 0.434406 0.143161
vt 0.616093 0.531540
vt 0.609079 0.511566
vt 0.598942 0.493536
vt 0.586126 0.478236
vt 0.571191 0.466336
vt 0.554790 0.458356
vt 0.207441 0.616327
vt 0.207054 0.637001
vt 0.207054 0.658138
vt 0.207441 0.678815
vt 0.380680 0.655247
vt 0.381611 0.656203
vt 0.367189 0.664670
vt 0.368249 0.665535
vt 0.355241 0.677865
vt 0.356417 0.678604
vt 0.346630 0.694837
vt 0.339318 0.713525
vt 0.334798 0.733852
vt 0.333269 0.754929
vt 0.334798 0.775836
vt 0.339318 0.795657
vt 0.346630 0.813528
vt 0.355241 0.829384
vt 0.356417 0.828666
vt 0.367189 0.841243
vt 0.368249 0.840411
vt 0.380680 0.849157
vt 0.381611 0.848249
vt 0.304909 0.708248
vt 0.305162 0.728934
vt 0.305291 0.750070
vt 0.305291 0.770735
vt 0.571191 0.651567
vt 0.586126 0.642273
vt 0.598942 0.629209
vt 0.609079 0.612947
vt 0.616093 0.594196
vt 0.619679 0.573778
vt 0.619679 0.552584
vt 0.379321 0.205171
vt 0.397966 0.194502
vt 0.413965 0.180223
vt 0.426619 0.162958
vt 0.435376 0.143461
vt 0.439852 0.122586
vt 0.439852 0.101243
vt 0.435376 0.080367
vt 0.426619 0.060869
vt 0.413965 0.043601
vt 0.397966 0.029319
vt 0.379321 0.018646
vt 0.358846 0.012049
vt 0.337435 0.009816
vt 0.316024 0.012045
vt 0.295549 0.018638
vt 0.276904 0.029308
vt 0.260905 0.043587
vt 0.248251 0.060852
vt 0.239494 0.080348
vt 0.235018 0.101224
vt 0.235018 0.122566
vt 0.239494 0.143443
vt 0.248251 0.162941
vt 0.260905 0.180208
vt 0.276904 0.194491
vt 0.295549 0.205163
vt 0.316024 0.211761
vt 0.337435 0.213993
vt 0.358846 0.211765
vt 0.794235 0.109253
vt 0.792906 0.119369
vt 0.792135 0.119203
vt 0.790709 0.129298
vt 0.786953 0.138553
vt 0.783823 0.148132
vt 0.778586 0.156260
vt 0.773899 0.164875
vt 0.767426 0.171495
vt 0.761400 0.178743
vt 0.753994 0.183547
vt 0.746911 0.189089
vt 0.738918 0.191851
vt 0.731110 0.195428
vt 0.722903 0.196020
vt 0.714734 0.197464
vt 0.706699 0.195858
vt 0.698551 0.195102
vt 0.691062 0.191373
vt 0.683317 0.188453
vt 0.676724 0.182774
vt 0.669743 0.177827
vt 0.664355 0.170465
vt 0.658466 0.163721
vt 0.654534 0.155020
vt 0.650011 0.146794
vt 0.647720 0.137162
vt 0.644774 0.127839
vt 0.644231 0.117725
vt 0.643001 0.107742
vt 0.644231 0.097618
vt 0.644774 0.087441
vt 0.647720 0.077782
vt 0.650011 0.067888
vt 0.654534 0.059145
vt 0.658466 0.049994
vt 0.664355 0.042576
vt 0.669743 0.034599
vt 0.676724 0.028853
vt 0.683317 0.022420
vt 0.691062 0.018615
vt 0.698551 0.014029
vt 0.706699 0.012342
vt 0.714734 0.009816
vt 0.722903 0.010326
vt 0.731110 0.009980
vt 0.738918 0.012664
vt 0.746911 0.014512
vt 0.753994 0.019244
vt 0.761400 0.023201
vt 0.767426 0.029759
vt 0.773899 0.035640
vt 0.778586 0.043718
vt 0.783823 0.051247
vt 0.786953 0.060468
vt 0.790709 0.069294
vt 0.792135 0.079226
vt 0.794235 0.088935
vt 0.793889 0.099114
vt 0.456359 0.925683
vt 0.455793 0.905537
vt 0.458704 0.915861
vt 0.459270 0.925856
vt 0.460396 0.935578
vt 0.459157 0.944739
vt 0.462068 0.944912
vt 0.464267 0.953750
vt 0.464056 0.961815
vt 0.466967 0.961988
vt 0.881443 0.419270
vt 0.884705 0.418397
vt 0.884705 0.432872
vt 0.589171 0.625986
vt 0.601208 0.610479
vt 0.596556 0.618439
vt 0.980226 0.009968
vt 0.980024 0.017358
vt 0.976645 0.017358
vt 0.979846 0.025465
vt 0.976316 0.034194
vt 0.979695 0.034194
vt 0.976099 0.053105
vt 0.979572 0.043443
vt 0.979478 0.053104
vt 0.979415 0.063064
vt 0.976004 0.073205
vt 0.979383 0.073205
vt 0.976036 0.093555
vt 0.979383 0.083408
vt 0.979415 0.093555
vt 0.979478 0.103526
vt 0.976193 0.113204
vt 0.979572 0.113204
vt 0.976467 0.131233
vt 0.979695 0.122476
vt 0.979846 0.131233
vt 0.980024 0.139372
vt 0.976847 0.146798
vt 0.980226 0.146798
vt 0.977314 0.159172
vt 0.826799 0.376625
vt 0.832871 0.392225
vt 0.828301 0.384715
vt 0.824338 0.376503
vt 0.821031 0.367686
vt 0.820879 0.358488
vt 0.818418 0.358366
vt 0.817847 0.338785
vt 0.816529 0.348654
vt 0.815387 0.338663
vt 0.817465 0.328632
vt 0.815005 0.328510
vt 0.817847 0.318436
vt 0.815387 0.318314
vt 0.816529 0.308195
vt 0.820879 0.298394
vt 0.818418 0.298272
vt 0.821031 0.288660
vt 0.826799 0.279595
vt 0.824338 0.279473
vt 0.828301 0.270818
vt 0.835332 0.262918
vt 0.840468 0.205764
vt 0.837300 0.212159
vt 0.837110 0.205518
vt 0.840468 0.190184
vt 0.841010 0.894422
vt 0.839616 0.885642
vt 0.841010 0.875510
vt 0.541411 0.939365
vt 0.538705 0.947531
vt 0.538044 0.939413
vt 0.540311 0.921371
vt 0.537455 0.930675
vt 0.536944 0.921418
vt 0.539548 0.901742
vt 0.536518 0.911753
vt 0.536181 0.901790
vt 0.535937 0.891648
vt 0.539157 0.881398
vt 0.535790 0.881445
vt 0.535740 0.871302
vt 0.539157 0.861288
vt 0.535790 0.861336
vt 0.535937 0.851665
vt 0.539548 0.842354
vt 0.536181 0.842402
vt 0.540311 0.825481
vt 0.536518 0.833656
vt 0.536944 0.825529
vt 0.541411 0.811457
vt 0.537455 0.818116
vt 0.486779 0.866627
vt 0.489125 0.856767
vt 0.489465 0.865505
vt 0.489465 0.885143
vt 0.599466 0.514327
vt 0.591574 0.496992
vt 0.596889 0.505203
vt 0.466967 0.856767
vt 0.464267 0.865925
vt 0.461356 0.865752
vt 0.462068 0.875512
vt 0.457485 0.885243
vt 0.460396 0.885417
vt 0.459270 0.895522
vt 0.458704 0.905710
vt 0.792440 0.098399
vt 0.790765 0.079421
vt 0.790400 0.078099
vt 0.785638 0.060860
vt 0.784754 0.059090
vt 0.777360 0.044287
vt 0.775786 0.042318
vt 0.766317 0.030475
vt 0.763948 0.028621
vt 0.753026 0.020070
vt 0.951789 0.502891
vt 0.951502 0.522789
vt 0.951598 0.542925
vt 0.952073 0.562357
vt 0.756092 0.720151
vt 0.757064 0.721083
vt 0.753147 0.724299
vt 0.743764 0.730273
vt 0.744866 0.731099
vt 0.741111 0.735912
vt 0.733129 0.743904
vt 0.734343 0.744586
vt 0.731063 0.750998
vt 0.724685 0.760406
vt 0.725988 0.760915
vt 0.723505 0.768801
vt 0.718826 0.779010
vt 0.720191 0.779323
vt 0.718813 0.788433
vt 0.715827 0.798843
vt 0.718826 0.838478
vt 0.715827 0.818980
vt 0.717223 0.798947
vt 0.717223 0.808910
vt 0.733129 0.871984
vt 0.724685 0.856426
vt 0.753147 0.889502
vt 0.756092 0.893169
vt 0.743764 0.884426
vt 0.734343 0.871319
vt 0.741111 0.879236
vt 0.744866 0.883629
vt 0.984198 0.301937
vt 0.984210 0.322076
vt 0.757064 0.892280
vt 0.984346 0.341520
vt 0.984311 0.282046
vt 0.722263 0.194985
vt 0.735285 0.191595
vt 0.738109 0.190860
vt 0.750900 0.183814
vt 0.753026 0.182644
vt 0.764897 0.171993
vt 0.766317 0.170719
vt 0.776573 0.156717
vt 0.777360 0.155644
vt 0.785344 0.138747
vt 0.785638 0.138123
vt 0.790765 0.118977
vt 0.792502 0.099100
vt 0.054459 0.142114
vt 0.055870 0.141067
vt 0.056538 0.140542
vt 0.057240 0.140122
vt 0.058138 0.139584
vt 0.046014 0.148973
vt 0.175271 0.145142
vt 0.183356 0.152416
vt 0.814302 0.630331
vt 0.806944 0.610229
vt 0.188512 0.157056
vt 0.213516 0.207472
vt 0.201551 0.174406
vt 0.207423 0.187194
vt 0.210585 0.194081
vt 0.212421 0.249518
vt 0.215206 0.215195
vt 0.215206 0.228553
vt 0.215206 0.236796
vt 0.923232 0.339336
vt 0.923549 0.359490
vt 0.210585 0.257908
vt 0.205284 0.269452
vt 0.201551 0.277579
vt 0.923081 0.296653
vt 0.923073 0.318070
vt 0.923583 0.257192
vt 0.923253 0.276051
vt 0.110175 0.327639
vt 0.099500 0.326242
vt 0.088483 0.324801
vt 0.078673 0.321325
vt 0.067886 0.317504
vt 0.931690 0.583032
vt 0.931196 0.564262
vt 0.930943 0.543711
vt 0.930943 0.522309
vt 0.931196 0.501019
vt 0.931690 0.480803
vt 0.009906 0.231649
vt 0.010326 0.223417
vt 0.011006 0.210076
vt 0.013088 0.202447
vt 0.016697 0.189221
vt 0.020206 0.182501
vt 0.026722 0.170023
vt 0.031369 0.164450
vt 0.040628 0.153349
vt 0.171355 0.142196
vt 0.171806 0.142518
vt 0.173915 0.144026
vt 0.172649 0.143121
vt 0.813860 0.338728
vt 0.812782 0.328513
vt 0.813474 0.328491
vt 0.813170 0.318149
vt 0.813860 0.318211
vt 0.814331 0.307863
vt 0.815011 0.308008
vt 0.816251 0.297775
vt 0.816916 0.298003
vt 0.818908 0.288005
vt 0.819551 0.288312
vt 0.822270 0.278665
vt 0.822885 0.279048
vt 0.826297 0.269867
vt 0.826880 0.270322
vt 0.830944 0.261713
vt 0.831489 0.262234
vt 0.836154 0.254299
vt 0.836657 0.254880
vt 0.841868 0.247711
vt 0.842324 0.248346
vt 0.848018 0.242027
vt 0.848424 0.242708
vt 0.854532 0.237314
vt 0.854885 0.238033
vt 0.861333 0.233626
vt 0.861631 0.234375
vt 0.508759 0.465901
vt 0.516646 0.463362
vt 0.524771 0.461911
vt 0.533039 0.461564
vt 0.541352 0.462326
vt 0.549613 0.464188
vt 0.557726 0.467128
vt 0.565594 0.471111
vt 0.573126 0.476091
vt 0.580234 0.482010
vt 0.586834 0.488798
vt 0.592848 0.496375
vt 0.598207 0.504653
vt 0.602848 0.513535
vt 0.606715 0.522916
vt 0.609764 0.532686
vt 0.611959 0.542732
vt 0.613275 0.552935
vt 0.613695 0.563175
vt 0.613215 0.573332
vt 0.611840 0.583288
vt 0.609587 0.592926
vt 0.606482 0.602133
vt 0.602562 0.610800
vt 0.597872 0.618826
vt 0.592467 0.626117
vt 0.586411 0.632588
vt 0.579775 0.638163
vt 0.572636 0.642776
vt 0.565079 0.646373
vt 0.557191 0.648912
vt 0.549066 0.650363
vt 0.540798 0.650710
vt 0.532485 0.649948
vt 0.524224 0.648086
vt 0.861631 0.417220
vt 0.861333 0.417971
vt 0.854532 0.415044
vt 0.854885 0.414317
vt 0.848018 0.411059
vt 0.848424 0.410365
vt 0.841868 0.406063
vt 0.842324 0.405410
vt 0.836154 0.400114
vt 0.836657 0.399509
vt 0.830944 0.393282
vt 0.831489 0.392733
vt 0.826297 0.385648
vt 0.826880 0.385161
vt 0.822270 0.377300
vt 0.822885 0.376881
vt 0.818908 0.368337
vt 0.819551 0.367991
vt 0.816251 0.358863
vt 0.816916 0.358594
vt 0.814331 0.348991
vt 0.815011 0.348801
vt 0.813170 0.338834
vt 0.814671 0.338665
vt 0.814288 0.328490
vt 0.814671 0.318271
vt 0.815816 0.308130
vt 0.817709 0.298185
vt 0.820328 0.288552
vt 0.823642 0.279344
vt 0.827613 0.270669
vt 0.832194 0.262630
vt 0.837331 0.255320
vt 0.842964 0.248825
vt 0.849028 0.243222
vt 0.855450 0.238575
vt 0.536145 0.921507
vt 0.535528 0.921727
vt 0.535098 0.911981
vt 0.535717 0.911820
vt 0.534758 0.901936
vt 0.535380 0.901835
vt 0.534513 0.891710
vt 0.535136 0.891671
vt 0.534364 0.881423
vt 0.534988 0.881445
vt 0.534314 0.871196
vt 0.534939 0.871279
vt 0.534364 0.861147
vt 0.534988 0.861291
vt 0.549192 0.464793
vt 0.557256 0.467716
vt 0.565077 0.471675
vt 0.572564 0.476626
vt 0.579629 0.482509
vt 0.586189 0.489256
vt 0.592168 0.496788
vt 0.597495 0.505016
vt 0.602107 0.513844
vt 0.605951 0.523169
vt 0.608982 0.532881
vt 0.611164 0.542866
vt 0.612472 0.553007
vt 0.612889 0.563186
vt 0.612412 0.573283
vt 0.611046 0.583179
vt 0.608806 0.592759
vt 0.605720 0.601910
vt 0.601823 0.610525
vt 0.597161 0.618504
vt 0.591789 0.625751
vt 0.585769 0.632183
vt 0.579173 0.637724
vt 0.572077 0.642309
vt 0.564565 0.645885
vt 0.980258 0.053048
vt 0.980818 0.052894
vt 0.980754 0.062936
vt 0.980195 0.063029
vt 0.980722 0.073160
vt 0.980163 0.073193
vt 0.980722 0.083448
vt 0.980163 0.083419
vt 0.980754 0.093679
vt 0.980195 0.093588
vt 0.980818 0.103732
vt 0.980258 0.103581
vt 0.980912 0.113490
vt 0.980352 0.113281
vt 0.855450 0.413801
vt 0.849028 0.409872
vt 0.842964 0.404946
vt 0.837331 0.399081
vt 0.832194 0.392346
vt 0.827613 0.384819
vt 0.823642 0.376589
vt 0.820328 0.367752
vt 0.817709 0.358412
vt 0.815816 0.348678
vt 0.832871 0.262796
vt 0.539430 0.954932
vt 0.538636 0.955095
vt 0.537910 0.947677
vt 0.537247 0.939541
vt 0.536657 0.930784
vt 0.535136 0.851599
vt 0.535380 0.842315
vt 0.535717 0.833550
vt 0.536145 0.825405
vt 0.536657 0.817976
vt 0.585609 0.489477
vt 0.601491 0.514011
vt 0.605327 0.523315
vt 0.608351 0.533006
vt 0.610528 0.542969
vt 0.611833 0.553088
vt 0.612249 0.563244
vt 0.611773 0.573318
vt 0.610410 0.583193
vt 0.608176 0.592752
vt 0.605096 0.601883
vt 0.981008 0.009816
vt 0.980806 0.017222
vt 0.980627 0.025347
vt 0.980476 0.034096
vt 0.980352 0.043366
vt 0.980476 0.122573
vt 0.980627 0.131349
vt 0.980806 0.139506
vt 0.981008 0.146949
vt 0.782085 0.275683
vt 0.789280 0.294227
vt 0.758783 0.403125
vt 0.711095 0.417160
vt 0.694929 0.412723
vt 0.771747 0.259633
vt 0.694929 0.238548
vt 0.667026 0.391153
vt 0.679990 0.247661
vt 0.656687 0.375103
vt 0.649493 0.356559
vt 0.727677 0.416996
vt 0.711095 0.233790
vt 0.727677 0.233626
vt 0.743843 0.238063
vt 0.679990 0.403907
vt 0.758783 0.246879
vt 0.645803 0.315792
vt 0.649493 0.295613
vt 0.645803 0.336453
vt 0.656687 0.276927
vt 0.667026 0.260671
vt 0.792970 0.334994
vt 0.789280 0.355173
vt 0.792970 0.314333
vt 0.782085 0.373859
vt 0.771747 0.390115
vt 0.743843 0.412238
vt 0.942358 0.741230
vt 0.942697 0.726928
vt 0.945445 0.726945
vt 0.944985 0.748768
vt 0.942149 0.756482
vt 0.945106 0.741240
vt 0.945260 0.733950
vt 0.943158 0.713945
vt 0.943729 0.702619
vt 0.946477 0.702647
vt 0.946179 0.708081
vt 0.945906 0.713968
vt 0.945661 0.720270
vt 0.402229 0.792257
vt 0.401900 0.779246
vt 0.404650 0.779223
vt 0.404805 0.785911
vt 0.404979 0.792228
vt 0.402631 0.803618
vt 0.405171 0.798132
vt 0.405380 0.803584
vt 0.401652 0.764921
vt 0.401492 0.749655
vt 0.404242 0.749647
vt 0.404311 0.757370
vt 0.404402 0.764906
vt 0.404515 0.772206
vt 0.401423 0.733843
vt 0.401447 0.717893
vt 0.404198 0.717900
vt 0.404174 0.725862
vt 0.404173 0.733842
vt 0.404196 0.741787
vt 0.401565 0.702219
vt 0.401772 0.687228
vt 0.404522 0.687249
vt 0.404408 0.694631
vt 0.404315 0.702233
vt 0.404245 0.710006
vt 0.402064 0.673306
vt 0.402432 0.660816
vt 0.405182 0.660850
vt 0.404988 0.666892
vt 0.404813 0.673334
vt 0.404658 0.680135
vt 0.182156 0.883358
vt 0.181653 0.870663
vt 0.184401 0.870644
vt 0.184638 0.877184
vt 0.184904 0.883334
vt 0.182770 0.894338
vt 0.185198 0.889054
vt 0.405392 0.655247
vt 0.181273 0.856582
vt 0.181028 0.841479
vt 0.183776 0.841475
vt 0.183882 0.849126
vt 0.184022 0.856570
vt 0.184196 0.863758
vt 0.180921 0.825747
vt 0.180958 0.809792
vt 0.183707 0.809802
vt 0.183671 0.817778
vt 0.183670 0.825750
vt 0.183706 0.833666
vt 0.181137 0.794027
vt 0.181452 0.778861
vt 0.184200 0.778887
vt 0.184026 0.786366
vt 0.183885 0.794045
vt 0.183779 0.801874
vt 0.181896 0.764687
vt 0.182458 0.751872
vt 0.185206 0.751910
vt 0.184912 0.758123
vt 0.184645 0.764719
vt 0.184407 0.771655
vt 0.401839 0.928006
vt 0.404775 0.935168
vt 0.402246 0.942067
vt 0.404995 0.942043
vt 0.402775 0.954735
vt 0.405244 0.948569
vt 0.405523 0.954705
vt 0.401562 0.912918
vt 0.404432 0.920553
vt 0.404587 0.927989
vt 0.401423 0.897193
vt 0.404223 0.905104
vt 0.404310 0.912908
vt 0.404229 0.873312
vt 0.404174 0.881243
vt 0.401426 0.881238
vt 0.404155 0.889220
vt 0.404171 0.897190
vt 0.404319 0.865479
vt 0.401570 0.865466
vt 0.404443 0.857794
vt 0.401852 0.850287
vt 0.404601 0.850307
vt 0.402265 0.836093
vt 0.405014 0.836119
vt 0.404791 0.843066
vt 0.945637 0.826028
vt 0.945879 0.832841
vt 0.943131 0.832875
vt 0.946149 0.839298
vt 0.943696 0.845396
vt 0.946445 0.845356
vt 0.402798 0.823251
vt 0.405546 0.823284
vt 0.405266 0.829511
vt 0.945424 0.818902
vt 0.942676 0.818930
vt 0.945242 0.811511
vt 0.942343 0.803921
vt 0.945092 0.803901
vt 0.942142 0.788238
vt 0.944890 0.788226
vt 0.944974 0.796123
vt 0.944898 0.756484
vt 0.944844 0.764340
vt 0.942076 0.772287
vt 0.944825 0.772282
vt 0.944841 0.780262
vt 0.308487 0.629791
vt 0.301468 0.628032
vt 0.337298 0.458041
vt 0.294620 0.625703
vt 0.287990 0.622819
vt 0.315628 0.630967
vt 0.344440 0.459217
vt 0.351458 0.460975
vt 0.358306 0.463305
vt 0.364936 0.466188
vt 0.371303 0.469607
vt 0.388405 0.482823
vt 0.393308 0.488114
vt 0.397755 0.493791
vt 0.401715 0.499813
vt 0.281623 0.619400
vt 0.275562 0.615470
vt 0.269848 0.611054
vt 0.264521 0.606185
vt 0.259618 0.600893
vt 0.255171 0.595217
vt 0.239537 0.555390
vt 0.238939 0.548215
vt 0.240728 0.526735
vt 0.242506 0.519753
vt 0.244857 0.512940
vt 0.247765 0.506342
vt 0.251211 0.500005
vt 0.255171 0.493972
vt 0.330083 0.457455
vt 0.377365 0.473538
vt 0.383078 0.477953
vt 0.413389 0.533617
vt 0.377365 0.615340
vt 0.371304 0.619286
vt 0.251211 0.589194
vt 0.247765 0.582866
vt 0.244857 0.576276
vt 0.238939 0.541015
vt 0.239537 0.533839
vt 0.405161 0.506141
vt 0.408069 0.512731
vt 0.410420 0.519539
vt 0.264521 0.482981
vt 0.269848 0.478097
vt 0.322843 0.457465
vt 0.413987 0.540792
vt 0.413987 0.547992
vt 0.413389 0.555169
vt 0.242506 0.569469
vt 0.240729 0.562491
vt 0.364937 0.622721
vt 0.358306 0.625622
vt 0.351459 0.627968
vt 0.259618 0.488284
vt 0.275561 0.473668
vt 0.281622 0.469722
vt 0.315628 0.458068
vt 0.287990 0.466287
vt 0.294620 0.463386
vt 0.301468 0.461039
vt 0.308486 0.459263
vt 0.412198 0.562272
vt 0.410420 0.569255
vt 0.408070 0.576068
vt 0.405161 0.582666
vt 0.401716 0.589002
vt 0.397756 0.595035
vt 0.393309 0.600723
vt 0.388405 0.606027
vt 0.383079 0.610910
vt 0.344440 0.629745
vt 0.337299 0.630939
vt 0.330083 0.631543
vt 0.412198 0.526516
vt 0.322843 0.631552
vt 0.194476 0.393306
vt 0.201957 0.407428
vt 0.015054 0.477748
vt 0.184805 0.380556
vt 0.011201 0.430458
vt 0.159947 0.360453
vt 0.009906 0.446360
vt 0.011201 0.462260
vt 0.173196 0.369510
vt 0.029967 0.505901
vt 0.209637 0.438303
vt 0.040642 0.517838
vt 0.053112 0.527922
vt 0.207055 0.422558
vt 0.021364 0.492422
vt 0.015054 0.414968
vt 0.021364 0.400289
vt 0.029967 0.386802
vt 0.209637 0.454255
vt 0.207055 0.470003
vt 0.201957 0.485137
vt 0.040642 0.374857
vt 0.053111 0.364763
vt 0.067052 0.356781
vt 0.113961 0.347272
vt 0.145404 0.353620
vt 0.129942 0.349188
vt 0.194476 0.499265
vt 0.184806 0.512022
vt 0.173196 0.523078
vt 0.159948 0.532145
vt 0.145404 0.538990
vt 0.129942 0.543435
vt 0.082104 0.351118
vt 0.097877 0.347921
vt 0.113962 0.545364
vt 0.097877 0.544728
vt 0.067053 0.535893
vt 0.082104 0.541544
vt 0.201640 0.810145
vt 0.190270 0.802118
vt 0.201710 0.802555
vt 0.190276 0.801712
vt 0.201814 0.795066
vt 0.202123 0.780591
vt 0.190890 0.772347
vt 0.202325 0.773705
vt 0.190927 0.771268
vt 0.202557 0.767115
vt 0.190376 0.794405
vt 0.190515 0.786839
vt 0.201952 0.787728
vt 0.190533 0.786064
vt 0.190686 0.779471
vt 0.423300 0.948954
vt 0.411722 0.947680
vt 0.423041 0.942981
vt 0.411657 0.945989
vt 0.422809 0.936635
vt 0.191124 0.765513
vt 0.191387 0.759015
vt 0.202818 0.760868
vt 0.191448 0.757727
vt 0.203106 0.755005
vt 0.191677 0.752894
vt 0.411996 0.953725
vt 0.422438 0.922998
vt 0.410921 0.920079
vt 0.422301 0.915800
vt 0.410877 0.917305
vt 0.422197 0.908415
vt 0.411476 0.941251
vt 0.411259 0.934478
vt 0.422608 0.929958
vt 0.411201 0.932244
vt 0.411074 0.927405
vt 0.410648 0.889211
vt 0.422092 0.885643
vt 0.422092 0.893285
vt 0.410801 0.912548
vt 0.410716 0.904859
vt 0.422127 0.900893
vt 0.410694 0.901577
vt 0.410665 0.897063
vt 0.410657 0.885488
vt 0.410667 0.881352
vt 0.422127 0.878020
vt 0.410721 0.873539
vt 0.422197 0.870467
vt 0.410768 0.869478
vt 0.410810 0.865822
vt 0.422301 0.863037
vt 0.410932 0.858251
vt 0.422438 0.855779
vt 0.411022 0.853980
vt 0.411088 0.850875
vt 0.422608 0.848743
vt 0.411275 0.843742
vt 0.422809 0.841978
vt 0.411414 0.839419
vt 0.411494 0.836898
vt 0.423041 0.835530
vt 0.411742 0.830387
vt 0.423300 0.829442
vt 0.411931 0.826189
vt 0.412019 0.824252
vt 0.423587 0.823756
vt 0.964062 0.836816
vt 0.952912 0.844338
vt 0.952621 0.838370
vt 0.963796 0.830734
vt 0.952425 0.833682
vt 0.952355 0.832008
vt 0.963558 0.824291
vt 0.952117 0.825296
vt 0.963347 0.817531
vt 0.951951 0.819754
vt 0.951907 0.818276
vt 0.963167 0.810499
vt 0.951728 0.810995
vt 0.963018 0.803244
vt 0.951603 0.804681
vt 0.951580 0.803498
vt 0.962901 0.795816
vt 0.951464 0.795834
vt 0.962817 0.788264
vt 0.951390 0.788873
vt 0.951381 0.788055
vt 0.962766 0.780642
vt 0.951332 0.780209
vt 0.962749 0.773000
vt 0.962901 0.750480
vt 0.951594 0.741765
vt 0.963018 0.743279
vt 0.951602 0.741387
vt 0.963167 0.736314
vt 0.951317 0.772761
vt 0.951317 0.772348
vt 0.962766 0.765391
vt 0.951335 0.764522
vt 0.962817 0.757867
vt 0.951388 0.756784
vt 0.951474 0.749182
vt 0.963558 0.723281
vt 0.952382 0.714898
vt 0.963796 0.717302
vt 0.952424 0.713983
vt 0.964061 0.711736
vt 0.951745 0.734583
vt 0.951928 0.727682
vt 0.963347 0.729633
vt 0.951950 0.726990
vt 0.952141 0.721106
vt 0.422882 0.792217
vt 0.411438 0.791287
vt 0.422703 0.786462
vt 0.411393 0.789650
vt 0.422541 0.780310
vt 0.952650 0.709099
vt 0.952944 0.703745
vt 0.964352 0.706622
vt 0.423079 0.797539
vt 0.411833 0.802475
vt 0.411790 0.801344
vt 0.411627 0.797103
vt 0.422276 0.766992
vt 0.410870 0.764370
vt 0.422175 0.759915
vt 0.410837 0.761635
vt 0.422096 0.752625
vt 0.411266 0.785065
vt 0.411114 0.778475
vt 0.422399 0.773805
vt 0.411072 0.776292
vt 0.410981 0.771562
vt 0.410644 0.733767
vt 0.421993 0.729971
vt 0.422004 0.737602
vt 0.410780 0.756946
vt 0.410712 0.749337
vt 0.422039 0.745170
vt 0.410693 0.746077
vt 0.410666 0.741594
vt 0.410644 0.730043
vt 0.410645 0.725905
vt 0.422004 0.722332
vt 0.410668 0.718061
vt 0.422039 0.714735
vt 0.410693 0.713968
vt 0.410715 0.710285
vt 0.422096 0.707232
vt 0.410784 0.702627
vt 0.422175 0.699875
vt 0.410837 0.698291
vt 0.410875 0.695138
vt 0.422276 0.692714
vt 0.410988 0.687865
vt 0.422399 0.685798
vt 0.411072 0.683438
vt 0.411121 0.680856
vt 0.422541 0.679174
vt 0.411275 0.674156
vt 0.422703 0.672888
vt 0.411393 0.669814
vt 0.411447 0.667810
vt 0.422882 0.666981
vt 0.411638 0.661857
vt 0.423079 0.661496
vt 0.411790 0.657789
vt 0.411844 0.656337
vt 0.203106 0.885623
vt 0.191669 0.888005
vt 0.202818 0.880253
vt 0.191380 0.882369
vt 0.202557 0.874452
vt 0.191172 0.877586
vt 0.191117 0.876310
vt 0.202325 0.868261
vt 0.190884 0.869868
vt 0.202123 0.861720
vt 0.190713 0.864155
vt 0.190681 0.863084
vt 0.201952 0.854876
vt 0.190510 0.856003
vt 0.201814 0.847774
vt 0.190387 0.849441
vt 0.190372 0.848669
vt 0.201710 0.840463
vt 0.190268 0.841131
vt 0.201640 0.832993
vt 0.190202 0.833843
vt 0.190199 0.833438
vt 0.201605 0.825416
vt 0.190164 0.825639
vt 0.201605 0.817782
vt 0.190164 0.817786
vt 0.190200 0.809928
vt 0.948146 0.780243
vt 0.948196 0.788175
vt 0.948280 0.796040
vt 0.948397 0.803787
vt 0.948546 0.811366
vt 0.948728 0.818728
vt 0.948940 0.825824
vt 0.949181 0.832610
vt 0.949449 0.839041
vt 0.949744 0.845075
vt 0.408846 0.823549
vt 0.408567 0.829751
vt 0.408316 0.836332
vt 0.408095 0.843251
vt 0.407905 0.850463
vt 0.407748 0.857920
vt 0.407624 0.865574
vt 0.407535 0.873375
vt 0.407461 0.889218
vt 0.407480 0.881274
vt 0.407477 0.897157
vt 0.407529 0.905038
vt 0.407737 0.920425
vt 0.407616 0.912811
vt 0.407891 0.927831
vt 0.408079 0.934981
vt 0.408546 0.948328
vt 0.408297 0.941828
vt 0.408823 0.954439
vt 0.188506 0.752182
vt 0.188212 0.758370
vt 0.187947 0.764940
vt 0.187710 0.771848
vt 0.187504 0.779050
vt 0.187331 0.786499
vt 0.187190 0.794147
vt 0.187084 0.801944
vt 0.187013 0.809841
vt 0.186977 0.817784
vt 0.186976 0.825724
vt 0.187011 0.833608
vt 0.187082 0.841385
vt 0.187187 0.849006
vt 0.187327 0.856419
vt 0.187499 0.863579
vt 0.187704 0.870437
vt 0.187940 0.876950
vt 0.188205 0.883075
vt 0.188498 0.888772
vt 0.408688 0.655544
vt 0.408479 0.661125
vt 0.408286 0.667143
vt 0.408112 0.673559
vt 0.407957 0.680332
vt 0.407822 0.687418
vt 0.407708 0.694770
vt 0.407616 0.702341
vt 0.407546 0.710083
vt 0.407499 0.717944
vt 0.407474 0.733822
vt 0.407475 0.725874
vt 0.407497 0.741735
vt 0.407543 0.749563
vt 0.407702 0.764760
vt 0.407611 0.757255
vt 0.407815 0.772031
vt 0.407949 0.779020
vt 0.408277 0.791973
vt 0.408103 0.785682
vt 0.408468 0.797852
vt 0.408677 0.803283
vt 0.949776 0.702942
vt 0.949479 0.708354
vt 0.949208 0.714217
vt 0.948964 0.720493
vt 0.948749 0.727141
vt 0.948564 0.734118
vt 0.948411 0.741379
vt 0.948290 0.748876
vt 0.948203 0.756562
vt 0.948150 0.764385
vt 0.948131 0.772296
vt 0.352118 0.630058
vt 0.359137 0.627652
vt 0.365933 0.624679
vt 0.372459 0.621158
vt 0.378672 0.617114
vt 0.384528 0.612574
vt 0.389987 0.607568
vt 0.395013 0.602132
vt 0.399571 0.596303
vt 0.403630 0.590119
vt 0.407162 0.583624
vt 0.410143 0.576862
vt 0.412552 0.569879
vt 0.414374 0.562722
vt 0.415595 0.555441
vt 0.416208 0.548086
vt 0.416208 0.540706
vt 0.415595 0.533351
vt 0.414374 0.526074
vt 0.412552 0.518922
vt 0.410142 0.511945
vt 0.407161 0.505190
vt 0.403629 0.498704
vt 0.399571 0.492531
vt 0.395013 0.486713
vt 0.389987 0.481290
vt 0.384527 0.476298
vt 0.378671 0.471773
vt 0.372459 0.467744
vt 0.365932 0.464240
vt 0.359137 0.461284
vt 0.352118 0.458897
vt 0.344924 0.457094
vt 0.337605 0.455889
vt 0.330209 0.455289
vt 0.322789 0.455298
vt 0.315393 0.455917
vt 0.308074 0.457141
vt 0.300880 0.458962
vt 0.293861 0.461367
vt 0.287066 0.464341
vt 0.280539 0.467861
vt 0.274327 0.471906
vt 0.268471 0.476446
vt 0.263011 0.481451
vt 0.257985 0.486888
vt 0.253428 0.492717
vt 0.249369 0.498901
vt 0.245837 0.505396
vt 0.242856 0.512158
vt 0.240447 0.519141
vt 0.238625 0.526298
vt 0.237403 0.533579
vt 0.236791 0.540934
vt 0.236791 0.548314
vt 0.237403 0.555668
vt 0.238625 0.562946
vt 0.240447 0.570098
vt 0.242856 0.577075
vt 0.245837 0.583830
vt 0.249369 0.590316
vt 0.253428 0.596489
vt 0.257986 0.602307
vt 0.263012 0.607730
vt 0.268471 0.612722
vt 0.274327 0.617247
vt 0.280540 0.621276
vt 0.287066 0.624780
vt 0.293862 0.627736
vt 0.300881 0.630123
vt 0.308074 0.631926
vt 0.315394 0.633131
vt 0.322789 0.633731
vt 0.330210 0.633721
vt 0.337605 0.633103
vt 0.344925 0.631878
vt 0.352757 0.631864
vt 0.359923 0.629408
vt 0.366861 0.626373
vt 0.373523 0.622779
vt 0.379866 0.618650
vt 0.385844 0.614015
vt 0.391418 0.608904
vt 0.396549 0.603355
vt 0.401202 0.597403
vt 0.405346 0.591090
vt 0.408951 0.584460
vt 0.411995 0.577556
vt 0.414454 0.570427
vt 0.416314 0.563120
vt 0.417561 0.555687
vt 0.418187 0.548178
vt 0.418187 0.540644
vt 0.417561 0.533136
vt 0.416314 0.525706
vt 0.414454 0.518404
vt 0.411994 0.511281
vt 0.408951 0.504386
vt 0.405345 0.497764
vt 0.401202 0.491462
vt 0.396549 0.485522
vt 0.391418 0.479985
vt 0.385844 0.474890
vt 0.379865 0.470270
vt 0.373523 0.466157
vt 0.366860 0.462579
vt 0.359922 0.459561
vt 0.352757 0.457124
vt 0.345413 0.455284
vt 0.337940 0.454053
vt 0.330390 0.453441
vt 0.322814 0.453451
vt 0.315264 0.454082
vt 0.307792 0.455332
vt 0.300447 0.457191
vt 0.293282 0.459646
vt 0.286344 0.462682
vt 0.279682 0.466276
vt 0.273339 0.470405
vt 0.267361 0.475040
vt 0.261787 0.480150
vt 0.256656 0.485700
vt 0.252003 0.491652
vt 0.247859 0.497965
vt 0.244253 0.504596
vt 0.241210 0.511499
vt 0.238750 0.518628
vt 0.236891 0.525935
vt 0.235644 0.533368
vt 0.235018 0.540877
vt 0.235018 0.548411
vt 0.235644 0.555919
vt 0.236891 0.563349
vt 0.238751 0.570651
vt 0.241210 0.577774
vt 0.244254 0.584669
vt 0.247859 0.591291
vt 0.252003 0.597593
vt 0.256656 0.603533
vt 0.261787 0.609070
vt 0.267361 0.614165
vt 0.273340 0.618786
vt 0.279682 0.622898
vt 0.286345 0.626476
vt 0.293283 0.629493
vt 0.300448 0.631931
vt 0.307792 0.633771
vt 0.315265 0.635001
vt 0.322815 0.635614
vt 0.330391 0.635604
vt 0.337941 0.634973
vt 0.345413 0.633723
vt 0.964694 0.758142
vt 0.964644 0.765560
vt 0.964627 0.773063
vt 0.964644 0.780597
vt 0.964694 0.788113
vt 0.964777 0.795558
vt 0.964893 0.802883
vt 0.965040 0.810036
vt 0.965218 0.816969
vt 0.965425 0.823635
vt 0.965660 0.829988
vt 0.965922 0.835984
vt 0.415859 0.570822
vt 0.417745 0.563411
vt 0.425164 0.830269
vt 0.424908 0.836271
vt 0.424680 0.842629
vt 0.424481 0.849299
vt 0.424314 0.856236
vt 0.424178 0.863392
vt 0.424076 0.870719
vt 0.424007 0.878166
vt 0.423973 0.885683
vt 0.423973 0.893217
vt 0.424007 0.900718
vt 0.424076 0.908135
vt 0.424178 0.915417
vt 0.424314 0.922513
vt 0.424481 0.929376
vt 0.424680 0.935959
vt 0.424908 0.942216
vt 0.425164 0.948106
vt 0.204966 0.755882
vt 0.204682 0.761662
vt 0.204425 0.767822
vt 0.204195 0.774319
vt 0.203996 0.781109
vt 0.203828 0.788146
vt 0.203692 0.795381
vt 0.203589 0.802765
vt 0.203520 0.810248
vt 0.203485 0.817779
vt 0.203485 0.825306
vt 0.203520 0.832777
vt 0.203589 0.840142
vt 0.203692 0.847350
vt 0.203828 0.854352
vt 0.203996 0.861101
vt 0.204195 0.867550
vt 0.204425 0.873654
vt 0.204682 0.879374
vt 0.204966 0.884668
vt 0.424921 0.662437
vt 0.424727 0.667845
vt 0.424550 0.673669
vt 0.424391 0.679867
vt 0.424250 0.686398
vt 0.424130 0.693218
vt 0.424030 0.700278
vt 0.423952 0.707532
vt 0.423895 0.714930
vt 0.423862 0.722420
vt 0.423850 0.729953
vt 0.423862 0.737476
vt 0.423895 0.744938
vt 0.423952 0.752288
vt 0.424030 0.759477
vt 0.424130 0.766454
vt 0.424250 0.773172
vt 0.424391 0.779586
vt 0.424550 0.785651
vt 0.424727 0.791326
vt 0.424921 0.796573
vt 0.300232 0.633200
vt 0.307680 0.635066
vt 0.965922 0.712658
vt 0.965660 0.718146
vt 0.965425 0.724041
vt 0.965218 0.730304
vt 0.965040 0.736891
vt 0.964893 0.743758
vt 0.964777 0.750858
vt 0.615709 0.303457
vt 0.619488 0.301872
vt 0.619882 0.318938
vt 0.623871 0.318134
vt 0.621899 0.334853
vt 0.625991 0.334853
vt 0.621708 0.350767
vt 0.625789 0.351571
vt 0.619312 0.366248
vt 0.623272 0.367834
vt 0.614776 0.380872
vt 0.618508 0.383196
vt 0.608226 0.394241
vt 0.611627 0.397241
vt 0.599839 0.405990
vt 0.602816 0.409583
vt 0.589843 0.415799
vt 0.592316 0.419887
vt 0.578513 0.423399
vt 0.580413 0.427871
vt 0.566156 0.428584
vt 0.567432 0.433318
vt 0.553110 0.431213
vt 0.553728 0.436080
vt 0.539731 0.431213
vt 0.539673 0.436080
vt 0.526384 0.428584
vt 0.525651 0.433318
vt 0.513432 0.423399
vt 0.512046 0.427871
vt 0.501230 0.415799
vt 0.499227 0.419887
vt 0.490109 0.405990
vt 0.487544 0.409583
vt 0.480373 0.394241
vt 0.477317 0.397241
vt 0.472289 0.380872
vt 0.468824 0.383197
vt 0.466075 0.366248
vt 0.462297 0.367834
vt 0.461902 0.350767
vt 0.457913 0.351571
vt 0.459884 0.334853
vt 0.455793 0.334853
vt 0.460076 0.318938
vt 0.455995 0.318134
vt 0.462472 0.303457
vt 0.458512 0.301872
vt 0.467008 0.288833
vt 0.463276 0.286509
vt 0.473558 0.275464
vt 0.470157 0.272465
vt 0.481945 0.263715
vt 0.478968 0.260123
vt 0.491941 0.253907
vt 0.489468 0.249819
vt 0.503271 0.246306
vt 0.501371 0.241834
vt 0.515628 0.241121
vt 0.514352 0.236387
vt 0.528674 0.238493
vt 0.528056 0.233626
vt 0.542053 0.238493
vt 0.542111 0.233626
vt 0.555400 0.241121
vt 0.556133 0.236387
vt 0.568352 0.246306
vt 0.569739 0.241834
vt 0.580554 0.253907
vt 0.582557 0.249819
vt 0.591675 0.263715
vt 0.594240 0.260123
vt 0.601411 0.275464
vt 0.604467 0.272465
vt 0.609495 0.288833
vt 0.612960 0.286509
vt 0.619258 0.106951
vt 0.623189 0.106708
vt 0.619258 0.122977
vt 0.623189 0.123544
vt 0.617135 0.138697
vt 0.620959 0.140058
vt 0.612947 0.153682
vt 0.616559 0.155800
vt 0.606808 0.167523
vt 0.610110 0.170340
vt 0.598886 0.179843
vt 0.601788 0.183282
vt 0.589396 0.190306
vt 0.591818 0.194273
vt 0.578597 0.198626
vt 0.580475 0.203013
vt 0.566785 0.204576
vt 0.568066 0.209264
vt 0.554281 0.207994
vt 0.554930 0.212855
vt 0.541426 0.208787
vt 0.541426 0.213687
vt 0.528572 0.206933
vt 0.527923 0.211740
vt 0.516068 0.202483
vt 0.514787 0.207065
vt 0.504256 0.195557
vt 0.502379 0.199790
vt 0.493457 0.186346
vt 0.491035 0.190114
vt 0.483968 0.175100
vt 0.481066 0.178300
vt 0.476045 0.162126
vt 0.472743 0.164671
vt 0.469906 0.147779
vt 0.466294 0.149598
vt 0.465718 0.132448
vt 0.461894 0.133493
vt 0.463595 0.116553
vt 0.459664 0.116795
vt 0.463595 0.100527
vt 0.459664 0.099960
vt 0.465718 0.084807
vt 0.461894 0.083446
vt 0.469906 0.069822
vt 0.466294 0.067704
vt 0.476045 0.055980
vt 0.472743 0.053164
vt 0.483968 0.043661
vt 0.481066 0.040222
vt 0.493457 0.033198
vt 0.491035 0.029231
vt 0.504256 0.024878
vt 0.502379 0.020491
vt 0.516068 0.018928
vt 0.514787 0.014240
vt 0.528572 0.015510
vt 0.527923 0.010649
vt 0.541427 0.014717
vt 0.541427 0.009816
vt 0.554281 0.016571
vt 0.554931 0.011764
vt 0.566785 0.021021
vt 0.568066 0.016439
vt 0.578597 0.027946
vt 0.580475 0.023714
vt 0.589396 0.037157
vt 0.591819 0.033390
vt 0.598886 0.048403
vt 0.601788 0.045204
vt 0.606808 0.061377
vt 0.610110 0.058833
vt 0.612947 0.075725
vt 0.616559 0.073906
vt 0.617135 0.091056
vt 0.620959 0.090010
vt 0.869498 0.101770
vt 0.814047 0.084837
vt 0.869498 0.084963
vt 0.814127 0.068038
vt 0.869578 0.068163
vt 0.814285 0.051704
vt 0.869736 0.051829
vt 0.814516 0.036281
vt 0.869968 0.036407
vt 0.814815 0.022191
vt 0.870266 0.022316
vt 0.815174 0.009816
vt 0.870625 0.009942
vt 0.860822 0.702619
vt 0.908647 0.704152
vt 0.913942 0.716946
vt 0.866117 0.715413
vt 0.918046 0.731371
vt 0.870221 0.729838
vt 0.920845 0.747035
vt 0.873020 0.745502
vt 0.922264 0.763509
vt 0.874439 0.761976
vt 0.922264 0.780344
vt 0.874439 0.778811
vt 0.920845 0.797082
vt 0.873020 0.795549
vt 0.918046 0.813264
vt 0.870221 0.811732
vt 0.913942 0.828452
vt 0.866117 0.826919
vt 0.908647 0.842228
vt 0.860822 0.840696
vt 0.459242 0.676155
vt 0.514502 0.676549
vt 0.513407 0.688941
vt 0.458146 0.688547
vt 0.512492 0.703045
vt 0.457231 0.702652
vt 0.511783 0.718478
vt 0.456522 0.718085
vt 0.511299 0.734818
vt 0.456038 0.734425
vt 0.511054 0.751620
vt 0.455793 0.751226
vt 0.511054 0.768424
vt 0.455793 0.768031
vt 0.511299 0.784773
vt 0.456038 0.784380
vt 0.511783 0.800221
vt 0.456522 0.799828
vt 0.512492 0.814346
vt 0.457231 0.813953
vt 0.513407 0.826764
vt 0.458146 0.826370
vt 0.514502 0.837134
vt 0.459242 0.836741
vt 0.607179 0.924978
vt 0.566799 0.922974
vt 0.572352 0.907856
vt 0.612732 0.909860
vt 0.576140 0.891719
vt 0.616520 0.893723
vt 0.578061 0.875005
vt 0.618440 0.877008
vt 0.578061 0.858167
vt 0.618440 0.860171
vt 0.576140 0.841667
vt 0.616520 0.843671
vt 0.572352 0.825954
vt 0.612732 0.827958
vt 0.566799 0.811457
vt 0.607179 0.813461
vt 0.870625 0.170552
vt 0.815174 0.170426
vt 0.814815 0.160034
vt 0.870266 0.160160
vt 0.814516 0.147599
vt 0.869968 0.147724
vt 0.814285 0.133459
vt 0.869736 0.133584
vt 0.814127 0.118000
vt 0.869578 0.118126
vt 0.814047 0.101644
vt 0.837727 0.790471
vt 0.782466 0.774081
vt 0.837727 0.774474
vt 0.782700 0.758087
vt 0.837961 0.758481
vt 0.783160 0.742533
vt 0.838421 0.742926
vt 0.783835 0.727842
vt 0.839096 0.728235
vt 0.784706 0.714415
vt 0.839967 0.714809
vt 0.785749 0.702619
vt 0.841010 0.703012
vt 0.022869 0.790214
vt 0.070694 0.791747
vt 0.065653 0.804861
vt 0.017828 0.803329
vt 0.061747 0.819318
vt 0.013922 0.817785
vt 0.059082 0.834723
vt 0.011257 0.833190
vt 0.057731 0.850656
vt 0.009906 0.849123
vt 0.057731 0.866682
vt 0.009906 0.865149
vt 0.059082 0.882364
vt 0.011257 0.880831
vt 0.061747 0.897274
vt 0.013922 0.895741
vt 0.065653 0.911006
vt 0.017828 0.909473
vt 0.070694 0.923185
vt 0.022869 0.921652
vt 0.640564 0.720151
vt 0.696015 0.720277
vt 0.695674 0.732056
vt 0.640223 0.731930
vt 0.695389 0.745469
vt 0.639938 0.745344
vt 0.695169 0.760150
vt 0.639718 0.760025
vt 0.695018 0.775699
vt 0.639567 0.775573
vt 0.694942 0.791691
vt 0.639491 0.791565
vt 0.694942 0.807690
vt 0.639491 0.807564
vt 0.695018 0.823259
vt 0.639567 0.823134
vt 0.695169 0.837975
vt 0.639718 0.837849
vt 0.695389 0.851435
vt 0.639938 0.851309
vt 0.695674 0.863273
vt 0.640223 0.863147
vt 0.696015 0.873165
vt 0.640564 0.873039
vt 0.286118 0.949791
vt 0.245738 0.947788
vt 0.240452 0.933987
vt 0.280832 0.935991
vt 0.236846 0.919030
vt 0.277226 0.921034
vt 0.235018 0.903323
vt 0.275398 0.905327
vt 0.235018 0.887295
vt 0.275398 0.889299
vt 0.236846 0.871384
vt 0.277226 0.873388
vt 0.240452 0.856023
vt 0.280832 0.858027
vt 0.245738 0.841632
vt 0.286118 0.843636
vt 0.841010 0.855878
vt 0.785749 0.855484
vt 0.784706 0.845612
vt 0.839967 0.846005
vt 0.783835 0.833792
vt 0.839096 0.834185
vt 0.783160 0.820345
vt 0.838421 0.820739
vt 0.782700 0.805640
vt 0.837961 0.806034
vt 0.782466 0.790077
s 0
usemtl Material_001
f 1/1/1 2/2/1 3/3/1
f 4/4/2 5/5/2 6/6/2
f 6/7/3 5/8/3 1/9/3
f 6/7/4 1/9/4 7/10/4
f 7/11/5 1/12/5 3/13/5
f 8/14/6 9/15/6 10/16/6
f 10/16/7 11/17/7 8/14/7
f 8/14/8 11/17/8 12/18/8
f 8/19/9 12/20/9 2/21/9
f 2/22/10 12/23/10 13/24/10
f 2/2/11 13/25/11 3/3/11
f 14/26/12 15/27/12 16/28/12
f 16/28/13 17/29/13 14/26/13
f 14/26/14 17/29/14 18/30/14
f 14/26/15 18/30/15 9/15/15
f 9/15/16 18/30/16 19/31/16
f 9/15/17 19/31/17 10/16/17
f 20/32/18 21/33/18 22/34/18
f 22/34/19 23/35/19 20/32/19
f 20/32/20 23/35/20 24/36/20
f 20/32/21 24/36/21 15/27/21
f 15/27/22 24/36/22 25/37/22
f 15/27/23 25/37/23 16/28/23
f 26/38/24 27/39/24 28/40/24
f 28/40/25 29/41/25 26/38/25
f 26/38/26 29/41/26 30/42/26
f 26/38/27 30/42/27 21/33/27
f 21/33/28 30/42/28 31/43/28
f 21/33/29 31/43/29 22/34/29
f 32/44/30 33/45/30 34/46/30
f 34/47/31 33/48/31 35/49/31
f 34/47/32 35/49/32 27/39/32
f 27/39/33 35/49/33 36/50/33
f 27/39/34 36/50/34 28/40/34
f 37/51/35 38/52/35 32/44/35
f 32/44/36 38/52/36 39/53/36
f 32/44/36 39/53/36 33/45/36
f 40/54/37 41/55/37 37/51/37
f 37/51/38 41/55/38 42/56/38
f 37/51/39 42/56/39 38/52/39
f 43/57/40 44/58/40 40/54/40
f 40/54/41 44/58/41 45/59/41
f 40/54/42 45/59/42 41/55/42
f 46/60/43 47/61/43 43/57/43
f 43/57/44 47/61/44 48/62/44
f 43/57/45 48/62/45 44/58/45
f 49/63/46 50/64/46 46/60/46
f 46/60/47 50/64/47 51/65/47
f 46/60/47 51/65/47 47/61/47
f 52/66/48 53/67/48 49/68/48
f 49/63/49 53/69/49 54/70/49
f 49/63/49 54/70/49 50/64/49
f 55/71/50 56/72/50 52/66/50
f 52/66/51 56/72/51 57/73/51
f 52/66/51 57/73/51 53/67/51
f 58/74/52 59/75/52 55/71/52
f 55/71/53 59/75/53 60/76/53
f 55/71/53 60/76/53 56/72/53
f 61/77/54 62/78/54 58/74/54
f 58/74/55 62/78/55 63/79/55
f 58/74/55 63/79/55 59/75/55
f 64/80/56 65/81/56 61/77/56
f 61/77/57 65/81/57 66/82/57
f 61/77/58 66/82/58 62/78/58
f 67/83/59 68/84/59 64/80/59
f 64/80/60 68/84/60 69/85/60
f 64/80/61 69/85/61 65/81/61
f 70/86/62 71/87/62 67/83/62
f 67/83/63 71/87/63 72/88/63
f 67/83/63 72/88/63 68/84/63
f 73/89/64 74/90/64 70/86/64
f 70/86/65 74/90/65 75/91/65
f 70/86/65 75/91/65 71/87/65
f 76/92/66 77/93/66 73/94/66
f 73/89/67 77/95/67 78/96/67
f 73/89/67 78/96/67 74/90/67
f 79/97/68 80/98/68 76/99/68
f 76/100/69 80/101/69 81/102/69
f 76/100/69 81/102/69 77/103/69
f 4/104/70 82/105/70 5/106/70
f 5/106/70 82/105/70 83/107/70
f 5/108/71 83/109/71 79/110/71
f 79/111/72 83/112/72 84/113/72
f 79/111/72 84/113/72 80/114/72
f 85/115/73 86/116/73 87/117/73
f 88/118/73 89/119/73 90/120/73
f 91/121/73 92/122/73 93/123/73
f 94/124/73 95/125/73 96/126/73
f 96/126/73 95/125/73 97/127/73
f 96/126/73 97/127/73 98/128/73
f 97/127/73 99/129/73 98/128/73
f 98/128/73 99/129/73 100/130/73
f 98/128/73 100/130/73 89/119/73
f 89/119/73 100/130/73 101/131/73
f 89/119/73 101/131/73 90/120/73
f 102/132/73 103/133/73 104/134/73
f 87/117/73 105/135/73 85/115/73
f 85/115/73 105/135/73 106/136/73
f 85/115/73 106/136/73 107/137/73
f 106/136/73 108/138/73 107/137/73
f 107/137/73 108/138/73 109/139/73
f 107/137/73 109/139/73 92/122/73
f 92/122/73 109/139/73 110/140/73
f 92/122/73 110/140/73 93/123/73
f 111/141/73 112/142/73 113/143/73
f 104/134/73 114/144/73 102/132/73
f 102/132/73 114/144/73 115/145/73
f 102/132/73 115/145/73 86/116/73
f 86/116/73 115/145/73 116/146/73
f 86/116/73 116/146/73 87/117/73
f 117/147/73 118/148/73 119/149/73
f 113/143/73 120/150/73 111/141/73
f 111/141/73 120/150/73 121/151/73
f 111/141/73 121/151/73 122/152/73
f 121/151/73 123/153/73 122/152/73
f 122/152/73 123/153/73 124/154/73
f 122/152/73 124/154/73 94/124/73
f 94/124/73 124/154/73 125/155/73
f 94/124/73 125/155/73 95/125/73
f 90/120/73 126/156/73 88/118/73
f 88/118/73 126/156/73 127/157/73
f 88/118/73 127/157/73 128/158/73
f 129/159/73 130/160/73 131/161/73
f 132/162/73 133/163/73 118/148/73
f 118/148/73 133/163/73 134/164/73
f 118/148/73 134/164/73 119/149/73
f 127/157/73 135/165/73 128/158/73
f 128/158/73 135/165/73 136/166/73
f 128/158/73 136/166/73 130/160/73
f 130/160/73 136/166/73 137/167/73
f 130/160/73 137/167/73 131/161/73
f 93/123/73 138/168/73 91/121/73
f 91/121/73 138/168/73 139/169/73
f 91/121/73 139/169/73 140/170/73
f 140/170/73 139/169/73 141/171/73
f 140/170/73 141/171/73 132/162/73
f 132/162/73 141/171/73 142/172/73
f 132/162/73 142/172/73 133/163/73
f 143/173/73 144/174/73 145/175/73
f 131/161/73 146/176/73 129/159/73
f 129/159/73 146/176/73 147/177/73
f 129/159/73 147/177/73 148/178/73
f 147/177/73 149/179/73 148/178/73
f 148/178/73 149/179/73 150/180/73
f 148/178/73 150/180/73 103/133/73
f 103/133/73 150/180/73 151/181/73
f 103/133/73 151/181/73 104/134/73
f 119/149/73 152/182/73 117/147/73
f 117/147/73 152/182/73 153/183/73
f 117/147/73 153/183/73 144/174/73
f 144/174/73 153/183/73 154/184/73
f 144/174/73 154/184/73 145/175/73
f 155/185/73 156/186/73 157/187/73
f 158/188/73 159/189/73 112/142/73
f 112/142/73 159/189/73 160/190/73
f 112/142/73 160/190/73 113/143/73
f 161/191/73 162/192/73 156/186/73
f 156/186/73 162/192/73 163/193/73
f 156/186/73 163/193/73 157/187/73
f 145/175/73 164/194/73 143/173/73
f 143/173/73 164/194/73 165/195/73
f 143/173/73 165/195/73 161/191/73
f 161/191/73 165/195/73 166/196/73
f 161/191/73 166/196/73 162/192/73
f 157/187/73 167/197/73 155/185/73
f 155/185/73 167/197/73 168/198/73
f 155/185/73 168/198/73 169/199/73
f 168/198/73 170/200/73 169/199/73
f 169/199/73 170/200/73 171/201/73
f 169/199/73 171/201/73 158/188/73
f 158/188/73 171/201/73 172/202/73
f 158/188/73 172/202/73 159/189/73
f 173/203/74 174/204/74 175/205/74
f 176/206/75 177/207/75 178/208/75
f 179/209/76 180/210/76 181/211/76
f 179/209/77 181/211/77 182/212/77
f 183/213/78 184/214/78 181/211/78
f 181/211/79 184/214/79 185/215/79
f 181/211/80 185/215/80 182/212/80
f 176/206/81 178/208/81 186/216/81
f 177/207/82 187/217/82 178/208/82
f 178/208/83 187/217/83 188/218/83
f 178/208/84 188/218/84 189/219/84
f 190/220/85 191/221/85 192/222/85
f 192/222/86 191/221/86 193/223/86
f 192/222/87 193/223/87 194/224/87
f 194/224/88 193/223/88 195/225/88
f 194/224/89 195/225/89 196/226/89
f 196/226/90 197/227/90 194/224/90
f 194/224/91 197/227/91 198/228/91
f 194/224/92 198/228/92 181/211/92
f 181/211/93 198/228/93 199/229/93
f 181/211/94 199/229/94 183/213/94
f 200/230/95 201/231/95 202/232/95
f 200/230/96 202/232/96 192/222/96
f 192/222/97 202/232/97 203/233/97
f 192/222/85 203/233/85 190/220/85
f 204/234/98 205/235/98 206/236/98
f 206/236/99 205/235/99 207/237/99
f 204/234/100 208/238/100 205/235/100
f 205/235/101 208/238/101 209/239/101
f 205/235/102 209/239/102 200/230/102
f 200/230/103 209/239/103 210/240/103
f 200/230/104 210/240/104 211/241/104
f 211/241/105 212/242/105 200/230/105
f 200/230/106 212/242/106 213/243/106
f 200/230/106 213/243/106 201/231/106
f 214/244/107 215/245/107 216/246/107
f 216/246/108 215/245/108 217/247/108
f 216/246/109 217/247/109 205/248/109
f 205/248/110 217/247/110 218/249/110
f 205/248/111 218/249/111 207/250/111
f 219/251/112 220/252/112 221/253/112
f 221/253/113 222/254/113 219/251/113
f 219/251/114 222/254/114 223/255/114
f 219/251/115 223/255/115 216/246/115
f 216/246/116 223/255/116 224/256/116
f 216/246/107 224/256/107 214/244/107
f 225/257/117 226/258/117 174/204/117
f 227/259/118 228/260/118 174/204/118
f 174/204/119 228/260/119 229/261/119
f 174/204/120 229/261/120 225/257/120
f 230/262/121 175/205/121 231/263/121
f 231/263/122 175/205/122 174/204/122
f 231/263/123 174/204/123 232/264/123
f 232/264/124 174/204/124 226/258/124
f 230/262/125 233/265/125 175/205/125
f 175/205/126 233/265/126 234/266/126
f 175/205/127 234/266/127 235/267/127
f 235/267/128 236/268/128 175/205/128
f 175/205/129 236/268/129 237/269/129
f 175/205/130 237/269/130 219/251/130
f 219/251/131 237/269/131 238/270/131
f 219/251/112 238/270/112 220/252/112
f 173/203/132 175/205/132 239/271/132
f 239/271/133 175/205/133 240/272/133
f 239/271/134 240/272/134 241/273/134
f 241/273/135 240/272/135 242/274/135
f 241/273/136 242/274/136 243/275/136
f 243/275/136 242/274/136 244/276/136
f 244/276/137 242/274/137 245/277/137
f 244/276/138 245/277/138 246/278/138
f 246/278/138 245/277/138 247/279/138
f 247/279/139 245/277/139 248/280/139
f 247/279/140 248/280/140 249/281/140
f 249/281/140 248/280/140 250/282/140
f 250/283/141 248/284/141 251/285/141
f 250/283/142 251/285/142 252/286/142
f 252/286/142 251/285/142 253/287/142
f 253/287/143 251/285/143 254/288/143
f 253/287/144 254/288/144 255/289/144
f 255/289/144 254/288/144 256/290/144
f 256/290/145 254/288/145 257/291/145
f 256/290/146 257/291/146 258/292/146
f 258/292/147 257/291/147 259/293/147
f 259/293/148 257/291/148 260/294/148
f 259/293/149 260/294/149 261/295/149
f 261/295/149 260/294/149 262/296/149
f 262/296/150 260/294/150 263/297/150
f 262/296/151 263/297/151 264/298/151
f 264/298/151 263/297/151 265/299/151
f 265/299/152 263/297/152 266/300/152
f 265/299/153 266/300/153 267/301/153
f 267/301/153 266/300/153 268/302/153
f 268/302/154 266/300/154 269/303/154
f 268/302/155 269/303/155 270/304/155
f 270/304/155 269/303/155 271/305/155
f 271/305/156 269/303/156 272/306/156
f 271/305/157 272/306/157 273/307/157
f 273/307/157 272/306/157 274/308/157
f 274/308/158 272/306/158 275/309/158
f 274/310/159 275/311/159 276/312/159
f 276/312/159 275/311/159 277/313/159
f 277/313/160 275/311/160 278/314/160
f 277/313/161 278/314/161 279/315/161
f 279/315/161 278/314/161 280/316/161
f 280/316/162 278/314/162 281/317/162
f 280/316/163 281/317/163 282/318/163
f 282/318/163 281/317/163 283/319/163
f 283/319/164 281/317/164 284/320/164
f 283/319/165 284/320/165 285/321/165
f 285/321/166 284/320/166 286/322/166
f 286/322/167 284/320/167 287/323/167
f 286/322/168 287/323/168 288/324/168
f 288/324/168 287/323/168 289/325/168
f 289/325/169 287/323/169 290/326/169
f 289/325/170 290/326/170 291/327/170
f 291/327/170 290/326/170 292/328/170
f 292/328/171 290/326/171 293/329/171
f 292/328/172 293/329/172 294/330/172
f 294/330/172 293/329/172 295/331/172
f 295/331/173 293/329/173 296/332/173
f 295/333/174 296/334/174 297/335/174
f 297/335/174 296/334/174 298/336/174
f 298/336/175 296/334/175 299/337/175
f 298/336/176 299/337/176 300/338/176
f 300/338/176 299/337/176 301/339/176
f 301/339/177 299/337/177 302/340/177
f 301/339/178 302/340/178 303/341/178
f 303/341/178 302/340/178 304/342/178
f 304/342/179 302/340/179 181/211/179
f 304/342/180 181/211/180 178/208/180
f 178/208/181 181/211/181 180/210/181
f 178/208/182 180/210/182 186/216/182
f 305/343/183 306/344/183 307/345/183
f 307/345/184 306/344/184 308/346/184
f 307/345/184 308/346/184 309/347/184
f 309/348/185 308/349/185 310/350/185
f 309/348/185 310/350/185 311/351/185
f 311/351/186 310/350/186 312/352/186
f 311/351/186 312/352/186 313/353/186
f 313/353/187 312/352/187 314/354/187
f 313/353/187 314/354/187 315/355/187
f 315/355/188 314/354/188 316/356/188
f 315/355/188 316/356/188 317/357/188
f 317/357/189 316/356/189 318/358/189
f 317/357/189 318/358/189 319/359/189
f 319/359/190 318/358/190 320/360/190
f 319/359/190 320/360/190 321/361/190
f 321/361/73 320/360/73 322/362/73
f 321/361/73 322/362/73 323/363/73
f 323/364/191 322/365/191 324/366/191
f 323/364/191 324/366/191 325/367/191
f 325/367/192 324/366/192 326/368/192
f 325/367/192 326/368/192 327/369/192
f 327/369/193 326/368/193 328/370/193
f 327/369/193 328/370/193 329/371/193
f 329/371/194 328/370/194 330/372/194
f 329/371/194 330/372/194 331/373/194
f 331/373/195 330/372/195 332/374/195
f 331/373/195 332/374/195 333/375/195
f 333/375/196 332/374/196 334/376/196
f 333/375/196 334/376/196 335/377/196
f 335/377/197 334/376/197 336/378/197
f 335/377/197 336/378/197 337/379/197
f 337/380/198 336/381/198 338/382/198
f 337/380/198 338/382/198 339/383/198
f 339/383/199 338/382/199 340/384/199
f 339/383/199 340/384/199 341/385/199
f 341/385/200 340/384/200 342/386/200
f 341/385/200 342/386/200 343/387/200
f 343/387/201 342/386/201 344/388/201
f 343/387/201 344/388/201 345/389/201
f 345/389/202 344/388/202 346/390/202
f 345/389/202 346/390/202 347/391/202
f 347/391/203 346/390/203 348/392/203
f 347/391/203 348/392/203 349/393/203
f 349/393/204 348/392/204 350/394/204
f 349/393/204 350/394/204 351/395/204
f 351/395/205 350/394/205 352/396/205
f 351/395/205 352/396/205 353/397/205
f 353/397/206 352/396/206 354/398/206
f 353/397/206 354/398/206 355/399/206
f 355/400/207 354/401/207 356/402/207
f 355/400/207 356/402/207 357/403/207
f 357/403/208 356/402/208 358/404/208
f 357/403/208 358/404/208 359/405/208
f 359/405/209 358/404/209 360/406/209
f 359/405/209 360/406/209 361/407/209
f 361/407/210 360/406/210 362/408/210
f 361/407/210 362/408/210 363/409/210
f 363/409/211 362/408/211 364/410/211
f 363/409/211 364/410/211 305/343/211
f 305/343/183 364/410/183 306/344/183
f 365/411/212 366/412/212 367/413/212
f 367/414/213 366/415/213 368/416/213
f 365/411/214 369/417/214 366/412/214
f 366/415/215 369/418/215 370/419/215
f 366/415/216 370/419/216 371/420/216
f 371/420/216 370/419/216 372/421/216
f 368/416/217 373/422/217 367/414/217
f 367/414/218 373/422/218 374/423/218
f 367/424/219 374/425/219 375/426/219
f 375/426/220 374/425/220 376/427/220
f 375/426/221 376/427/221 377/428/221
f 378/429/222 379/430/222 380/431/222
f 381/432/223 382/433/223 380/431/223
f 383/434/224 384/434/224 385/434/224
f 385/435/225 384/436/225 386/437/225
f 385/435/226 386/437/226 387/438/226
f 387/438/227 386/437/227 388/439/227
f 388/439/228 389/440/228 387/438/228
f 387/438/229 389/440/229 390/441/229
f 387/434/230 390/434/230 391/434/230
f 391/442/231 390/441/231 392/443/231
f 391/442/232 392/443/232 393/444/232
f 393/444/232 392/443/232 394/445/232
f 394/445/233 392/443/233 395/446/233
f 394/445/234 395/446/234 396/447/234
f 397/448/235 398/449/235 399/450/235
f 399/451/236 398/452/236 370/453/236
f 399/450/237 370/419/237 369/418/237
f 400/454/238 392/443/238 401/455/238
f 401/455/239 392/443/239 390/441/239
f 401/455/240 390/441/240 402/456/240
f 402/434/241 390/434/241 389/434/241
f 400/454/242 403/457/242 392/443/242
f 392/443/243 403/457/243 404/458/243
f 392/443/244 404/458/244 395/446/244
f 395/446/245 404/458/245 405/459/245
f 395/446/246 405/459/246 406/460/246
f 382/433/247 396/447/247 380/431/247
f 380/431/248 396/447/248 395/446/248
f 380/431/249 395/446/249 378/429/249
f 378/429/250 395/446/250 406/460/250
f 379/430/251 407/461/251 380/431/251
f 380/431/252 407/461/252 398/449/252
f 380/462/253 398/463/253 381/464/253
f 381/432/235 398/449/235 397/448/235
f 372/421/254 370/419/254 408/465/254
f 408/465/255 370/419/255 398/449/255
f 408/465/256 398/449/256 409/466/256
f 409/466/257 398/449/257 407/461/257
f 410/434/258 383/434/258 411/434/258
f 411/434/259 383/434/259 385/434/259
f 412/467/260 413/468/260 414/469/260
f 414/469/261 413/468/261 415/470/261
f 414/434/262 415/434/262 416/434/262
f 416/471/263 415/470/263 410/472/263
f 416/471/264 410/472/264 411/473/264
f 417/434/265 413/434/265 418/434/265
f 418/434/266 413/434/266 412/434/266
f 419/474/267 420/475/267 421/476/267
f 421/476/268 420/475/268 422/477/268
f 422/478/269 420/479/269 423/480/269
f 422/434/270 423/434/270 424/434/270
f 419/474/271 425/481/271 426/482/271
f 426/482/272 425/481/272 427/483/272
f 426/482/273 427/483/273 428/484/273
f 428/484/274 427/483/274 429/485/274
f 428/484/275 429/485/275 430/486/275
f 431/487/276 432/488/276 429/485/276
f 429/485/277 432/488/277 433/489/277
f 429/485/278 433/489/278 430/486/278
f 434/490/279 435/491/279 429/485/279
f 429/434/280 435/434/280 436/434/280
f 429/485/281 436/492/281 431/487/281
f 436/492/282 437/493/282 431/487/282
f 431/487/283 437/493/283 438/494/283
f 431/487/284 438/494/284 418/495/284
f 418/495/285 438/494/285 439/496/285
f 418/495/286 439/496/286 417/497/286
f 440/498/287 441/499/287 425/481/287
f 425/481/288 441/499/288 442/500/288
f 425/481/289 442/500/289 427/483/289
f 427/483/290 442/500/290 443/501/290
f 427/483/291 443/501/291 429/485/291
f 429/485/292 443/501/292 444/502/292
f 429/485/293 444/502/293 434/490/293
f 419/503/294 421/504/294 425/505/294
f 425/481/295 421/476/295 445/506/295
f 425/481/296 445/506/296 440/498/296
f 446/507/297 447/508/297 422/477/297
f 422/477/298 447/508/298 448/509/298
f 422/477/299 448/509/299 421/476/299
f 421/476/300 448/509/300 449/510/300
f 421/476/301 449/510/301 445/506/301
f 424/511/302 450/512/302 422/513/302
f 422/513/303 450/512/303 451/514/303
f 422/477/304 451/515/304 446/507/304
f 446/507/305 451/515/305 452/516/305
f 453/517/306 454/518/306 455/519/306
f 450/512/307 456/520/307 451/514/307
f 451/514/308 456/520/308 457/521/308
f 451/515/309 457/522/309 452/516/309
f 453/517/310 455/519/310 458/523/310
f 458/524/311 455/525/311 459/526/311
f 458/524/312 459/526/312 456/527/312
f 456/520/313 459/528/313 460/529/313
f 456/520/314 460/529/314 457/521/314
f 461/530/315 462/531/315 463/532/315
f 464/533/316 465/534/316 466/535/316
f 467/536/317 464/537/317 468/538/317
f 464/537/318 466/539/318 468/538/318
f 468/538/319 466/539/319 469/540/319
f 468/538/320 469/540/320 470/541/320
f 469/540/321 471/542/321 470/541/321
f 470/541/322 471/542/322 472/543/322
f 470/541/323 472/543/323 473/544/323
f 473/544/324 472/543/324 474/545/324
f 473/544/325 474/545/325 475/546/325
f 474/545/326 476/547/326 475/546/326
f 475/546/327 476/547/327 477/548/327
f 475/546/328 477/548/328 478/549/328
f 478/549/329 477/548/329 479/550/329
f 478/549/330 479/550/330 480/551/330
f 479/550/331 481/552/331 480/551/331
f 480/551/332 481/552/332 482/553/332
f 480/551/333 482/553/333 483/554/333
f 482/553/334 484/555/334 483/554/334
f 483/554/335 484/555/335 485/556/335
f 483/554/336 485/556/336 486/557/336
f 486/557/337 485/556/337 487/558/337
f 486/557/338 487/558/338 488/559/338
f 488/559/339 487/558/339 489/560/339
f 488/559/340 489/560/340 490/561/340
f 490/561/341 489/560/341 491/562/341
f 490/561/342 491/562/342 492/563/342
f 493/564/343 494/565/343 492/563/343
f 492/563/344 494/565/344 495/566/344
f 492/563/342 495/566/342 490/561/342
f 493/564/345 496/567/345 494/565/345
f 494/565/346 496/567/346 497/568/346
f 494/565/347 497/568/347 498/569/347
f 498/569/348 497/568/348 499/570/348
f 498/569/349 499/570/349 463/532/349
f 463/532/350 499/570/350 500/571/350
f 463/532/351 500/571/351 461/530/351
f 467/536/352 468/538/352 501/572/352
f 501/572/353 468/538/353 470/541/353
f 501/572/354 470/541/354 502/573/354
f 502/573/355 470/541/355 473/544/355
f 502/573/356 473/544/356 503/574/356
f 503/574/357 473/544/357 475/546/357
f 503/574/358 475/546/358 504/575/358
f 504/575/359 475/546/359 478/549/359
f 504/575/360 478/549/360 505/576/360
f 505/576/361 478/549/361 480/551/361
f 505/576/362 480/551/362 506/577/362
f 506/577/363 480/551/363 483/554/363
f 506/577/364 483/554/364 507/578/364
f 507/578/365 483/554/365 486/557/365
f 507/578/366 486/557/366 508/579/366
f 508/579/367 486/557/367 488/559/367
f 508/579/368 488/559/368 509/580/368
f 509/580/369 488/559/369 490/561/369
f 509/580/370 490/561/370 510/581/370
f 510/581/371 490/561/371 495/566/371
f 510/581/371 495/566/371 511/582/371
f 511/582/372 495/566/372 494/565/372
f 511/582/373 494/565/373 512/583/373
f 512/583/374 494/565/374 498/569/374
f 512/583/375 498/569/375 513/584/375
f 513/584/376 498/569/376 463/532/376
f 513/584/377 463/532/377 514/585/377
f 514/585/378 463/532/378 462/531/378
f 514/585/379 462/531/379 515/586/379
f 516/587/380 517/588/380 462/531/380
f 462/531/381 517/588/381 518/589/381
f 462/531/382 518/589/382 515/586/382
f 519/590/383 520/591/383 516/587/383
f 516/587/384 520/591/384 521/592/384
f 516/587/384 521/592/384 517/588/384
f 522/593/385 523/594/385 524/595/385
f 524/595/386 525/596/386 522/593/386
f 522/593/387 525/596/387 526/597/387
f 522/593/388 526/597/388 527/598/388
f 462/531/389 461/530/389 528/599/389
f 528/599/390 529/600/390 462/531/390
f 462/531/390 529/600/390 530/601/390
f 462/531/391 530/601/391 516/587/391
f 516/587/392 530/601/392 522/593/392
f 516/587/393 522/593/393 519/590/393
f 519/590/394 522/593/394 527/598/394
f 531/602/395 532/603/395 533/604/395
f 534/605/396 535/606/396 536/607/396
f 537/608/397 538/609/397 539/610/397
f 540/434/398 541/434/398 542/434/398
f 542/434/399 541/434/399 543/434/399
f 542/611/400 543/612/400 544/613/400
f 544/613/401 543/612/401 545/614/401
f 544/613/402 545/614/402 546/615/402
f 546/615/403 545/614/403 547/616/403
f 546/615/404 547/616/404 548/617/404
f 540/434/405 542/434/405 549/434/405
f 549/434/406 542/434/406 544/434/406
f 549/618/406 544/613/406 550/619/406
f 550/619/407 544/613/407 546/615/407
f 550/619/408 546/615/408 551/620/408
f 551/620/409 546/615/409 548/617/409
f 551/620/410 548/617/410 552/621/410
f 553/622/411 554/623/411 552/624/411
f 552/624/412 554/623/412 555/625/412
f 552/624/413 555/625/413 551/626/413
f 551/620/414 555/627/414 556/628/414
f 551/620/415 556/628/415 550/619/415
f 550/619/416 556/628/416 557/629/416
f 550/434/417 557/434/417 549/434/417
f 549/434/418 557/434/418 540/434/418
f 535/606/419 553/622/419 536/607/419
f 536/607/420 553/622/420 552/624/420
f 536/607/421 552/624/421 558/630/421
f 558/630/422 552/624/422 548/631/422
f 558/632/423 548/617/423 559/633/423
f 559/633/424 548/617/424 547/616/424
f 532/603/425 534/605/425 533/604/425
f 533/604/426 534/605/426 536/607/426
f 533/604/427 536/607/427 539/634/427
f 539/634/428 536/607/428 558/630/428
f 539/610/429 558/632/429 537/608/429
f 537/608/430 558/632/430 559/633/430
f 560/635/431 531/602/431 561/636/431
f 561/636/432 531/602/432 533/604/432
f 561/636/433 533/604/433 562/637/433
f 562/637/434 533/604/434 539/634/434
f 562/638/435 539/639/435 563/640/435
f 563/641/436 539/610/436 538/609/436
f 564/642/437 560/635/437 565/643/437
f 565/643/438 560/635/438 561/636/438
f 565/643/439 561/636/439 566/644/439
f 566/644/440 561/636/440 562/637/440
f 566/645/441 562/638/441 567/646/441
f 567/646/442 562/638/442 563/640/442
f 535/606/443 534/605/443 568/647/443
f 569/648/444 570/649/444 571/650/444
f 564/642/445 572/651/445 573/652/445
f 573/652/446 572/651/446 574/653/446
f 573/652/447 574/653/447 569/648/447
f 534/605/448 532/603/448 568/647/448
f 568/647/449 532/603/449 531/602/449
f 568/647/450 531/602/450 575/654/450
f 575/654/451 531/602/451 560/635/451
f 575/654/452 560/635/452 564/642/452
f 540/655/453 557/629/453 576/656/453
f 576/656/454 557/629/454 556/628/454
f 576/656/455 556/628/455 555/627/455
f 535/606/456 577/657/456 553/622/456
f 553/622/457 577/657/457 576/658/457
f 553/622/458 576/658/458 554/623/458
f 554/659/459 576/656/459 555/627/459
f 569/648/460 571/650/460 573/652/460
f 573/652/461 571/650/461 578/660/461
f 573/652/462 578/660/462 579/661/462
f 579/661/463 578/660/463 580/662/463
f 579/661/464 580/662/464 581/663/464
f 580/662/465 582/664/465 581/663/465
f 581/663/466 582/664/466 583/665/466
f 581/663/467 583/665/467 584/666/467
f 584/666/468 583/665/468 585/667/468
f 584/666/469 585/667/469 586/668/469
f 585/667/469 587/669/469 586/668/469
f 586/668/470 587/669/470 588/670/470
f 586/668/470 588/670/470 589/671/470
f 589/672/471 588/673/471 590/674/471
f 589/672/471 590/674/471 591/675/471
f 590/674/471 592/676/471 591/675/471
f 591/675/472 592/676/472 593/677/472
f 591/675/473 593/677/473 594/678/473
f 594/678/474 593/677/474 595/679/474
f 594/678/474 595/679/474 596/680/474
f 595/679/474 597/681/474 596/680/474
f 596/680/475 597/681/475 598/682/475
f 596/680/476 598/682/476 599/683/476
f 598/682/477 600/684/477 599/683/477
f 599/683/478 600/684/478 601/685/478
f 599/683/479 601/685/479 602/686/479
f 602/686/480 601/685/480 603/687/480
f 602/686/481 603/687/481 604/688/481
f 604/688/482 603/687/482 605/689/482
f 604/688/483 605/689/483 606/690/483
f 606/690/484 605/689/484 607/691/484
f 606/690/483 607/691/483 608/692/483
f 564/642/485 573/652/485 575/654/485
f 575/654/486 573/652/486 579/661/486
f 575/654/487 579/661/487 609/693/487
f 609/693/488 579/661/488 581/663/488
f 609/693/488 581/663/488 610/694/488
f 610/694/489 581/663/489 584/666/489
f 610/694/490 584/666/490 611/695/490
f 611/695/491 584/666/491 586/668/491
f 611/695/492 586/668/492 612/696/492
f 612/696/493 586/668/493 589/671/493
f 612/696/494 589/671/494 613/697/494
f 613/697/495 589/671/495 591/698/495
f 613/697/496 591/698/496 614/699/496
f 614/699/497 591/698/497 594/700/497
f 614/699/497 594/700/497 615/701/497
f 615/701/498 594/700/498 596/702/498
f 615/701/499 596/702/499 616/703/499
f 616/703/500 596/702/500 599/704/500
f 616/703/501 599/704/501 617/705/501
f 617/706/502 599/683/502 602/686/502
f 617/706/503 602/686/503 618/707/503
f 618/707/504 602/686/504 604/688/504
f 618/707/504 604/688/504 619/708/504
f 619/708/505 604/688/505 606/690/505
f 619/708/506 606/690/506 620/709/506
f 535/606/507 568/647/507 577/657/507
f 577/657/508 568/647/508 575/654/508
f 577/657/509 575/654/509 621/710/509
f 621/710/510 575/654/510 609/693/510
f 621/710/510 609/693/510 622/711/510
f 622/711/511 609/693/511 610/694/511
f 622/711/512 610/694/512 623/712/512
f 623/712/513 610/694/513 611/695/513
f 623/712/514 611/695/514 624/713/514
f 624/713/515 611/695/515 612/696/515
f 624/713/515 612/696/515 625/714/515
f 625/714/516 612/696/516 613/697/516
f 625/714/516 613/697/516 626/715/516
f 626/716/517 613/717/517 614/718/517
f 626/716/517 614/718/517 627/719/517
f 627/719/518 614/718/518 615/720/518
f 627/719/518 615/720/518 628/721/518
f 628/721/519 615/720/519 616/722/519
f 628/721/519 616/722/519 629/723/519
f 629/723/520 616/722/520 617/724/520
f 629/723/521 617/724/521 630/725/521
f 630/725/522 617/724/522 618/726/522
f 630/725/522 618/726/522 631/727/522
f 631/727/523 618/726/523 619/728/523
f 631/727/523 619/728/523 632/729/523
f 632/729/524 619/728/524 620/730/524
f 632/729/525 620/730/525 633/731/525
f 634/732/526 635/733/526 636/734/526
f 637/735/527 638/736/527 636/734/527
f 639/737/528 640/738/528 641/739/528
f 641/739/529 640/738/529 642/740/529
f 636/734/530 638/736/530 643/741/530
f 643/741/531 638/736/531 644/742/531
f 643/741/532 644/742/532 645/743/532
f 645/744/533 646/745/533 643/746/533
f 643/746/534 646/745/534 647/747/534
f 643/746/535 647/747/535 640/738/535
f 640/738/536 647/747/536 648/748/536
f 640/738/537 648/748/537 642/740/537
f 635/733/538 649/749/538 636/734/538
f 636/734/539 649/749/539 650/750/539
f 636/734/540 650/750/540 651/751/540
f 651/751/541 652/752/541 636/734/541
f 636/734/542 652/752/542 653/753/542
f 636/734/543 653/753/543 637/735/543
f 640/738/544 633/731/544 643/746/544
f 643/746/544 633/731/544 620/730/544
f 643/741/545 620/709/545 636/734/545
f 636/734/545 620/709/545 606/690/545
f 636/734/546 606/690/546 634/732/546
f 634/732/547 606/690/547 608/692/547
f 654/754/548 655/755/548 540/655/548
f 501/572/548 502/573/548 633/731/548
f 513/584/548 514/585/548 540/655/548
f 501/572/548 633/731/548 467/536/548
f 467/536/548 633/731/548 640/738/548
f 467/536/548 640/738/548 656/756/548
f 623/757/548 510/581/548 511/582/548
f 654/754/548 540/655/548 657/758/548
f 657/758/548 540/655/548 514/585/548
f 657/758/548 514/585/548 515/586/548
f 540/655/548 576/656/548 513/584/548
f 513/584/548 576/656/548 577/759/548
f 513/584/548 577/759/548 512/583/548
f 512/583/548 577/759/548 621/760/548
f 512/583/548 621/760/548 511/582/548
f 511/582/548 621/760/548 622/761/548
f 511/582/548 622/761/548 623/757/548
f 656/756/548 640/738/548 658/762/548
f 658/762/548 640/738/548 639/737/548
f 658/762/548 639/737/548 659/763/548
f 518/589/548 660/764/548 515/586/548
f 515/586/548 660/764/548 661/765/548
f 515/586/548 661/765/548 657/758/548
f 502/573/548 503/574/548 633/731/548
f 633/731/548 503/574/548 504/575/548
f 633/731/548 504/575/548 632/729/548
f 632/729/548 504/575/548 505/576/548
f 506/577/548 630/725/548 505/576/548
f 505/576/548 630/725/548 631/727/548
f 505/576/548 631/727/548 632/729/548
f 623/757/548 624/766/548 510/581/548
f 510/581/548 624/766/548 625/767/548
f 510/581/548 625/767/548 509/580/548
f 509/580/548 625/767/548 626/716/548
f 509/580/548 626/716/548 508/579/548
f 508/579/548 626/716/548 627/719/548
f 508/579/548 627/719/548 507/578/548
f 507/578/548 627/719/548 628/721/548
f 507/578/548 628/721/548 506/577/548
f 506/577/548 628/721/548 629/723/548
f 506/577/548 629/723/548 630/725/548
f 662/768/549 663/769/549 664/770/549
f 664/770/550 663/769/550 665/771/550
f 664/772/551 665/773/551 666/774/551
f 659/763/552 667/775/552 658/762/552
f 658/762/553 667/775/553 668/776/553
f 658/762/554 668/776/554 669/777/554
f 464/537/555 467/536/555 656/756/555
f 465/534/556 464/533/556 670/778/556
f 670/778/557 464/533/557 671/779/557
f 670/778/558 671/779/558 672/780/558
f 672/780/558 671/779/558 673/781/558
f 464/537/559 656/756/559 671/782/559
f 671/782/560 656/756/560 658/762/560
f 671/782/560 658/762/560 664/770/560
f 664/770/561 658/762/561 669/777/561
f 664/770/562 669/777/562 662/768/562
f 673/781/558 671/779/558 674/783/558
f 674/783/563 671/779/563 664/772/563
f 674/783/563 664/772/563 675/784/563
f 675/784/564 664/772/564 666/774/564
f 675/784/565 666/774/565 676/785/565
f 677/786/566 678/787/566 580/662/566
f 571/650/567 570/649/567 679/788/567
f 677/786/568 580/662/568 679/788/568
f 679/788/569 580/662/569 578/660/569
f 679/788/570 578/660/570 571/650/570
f 680/789/571 681/790/571 682/791/571
f 682/791/572 681/790/572 683/792/572
f 682/791/573 683/792/573 684/793/573
f 678/787/574 684/793/574 580/662/574
f 580/662/575 684/793/575 683/792/575
f 580/662/576 683/792/576 582/664/576
f 582/664/577 683/792/577 685/794/577
f 582/664/578 685/794/578 583/665/578
f 583/665/579 685/794/579 686/795/579
f 583/665/580 686/795/580 585/667/580
f 687/796/581 588/673/581 688/797/581
f 688/797/582 588/673/582 587/798/582
f 585/667/583 686/795/583 587/669/583
f 587/669/584 686/795/584 689/799/584
f 587/798/585 689/800/585 688/797/585
f 593/677/586 592/676/586 687/796/586
f 687/796/587 592/676/587 590/674/587
f 687/796/587 590/674/587 588/673/587
f 687/796/588 690/801/588 593/677/588
f 593/677/589 690/801/589 691/802/589
f 593/677/590 691/802/590 595/679/590
f 595/679/591 691/802/591 692/803/591
f 595/679/592 692/803/592 597/681/592
f 597/681/593 692/803/593 693/804/593
f 597/681/594 693/804/594 598/682/594
f 598/682/595 693/804/595 694/805/595
f 598/682/596 694/805/596 600/684/596
f 600/684/597 694/805/597 695/806/597
f 600/684/598 695/806/598 601/685/598
f 601/685/599 695/806/599 696/807/599
f 601/685/600 696/807/600 603/687/600
f 603/687/601 696/807/601 697/808/601
f 603/687/602 697/808/602 605/689/602
f 605/689/603 697/808/603 698/809/603
f 605/689/604 698/809/604 607/691/604
f 607/691/605 698/809/605 699/810/605
f 607/691/606 699/810/606 608/692/606
f 700/811/607 701/812/607 634/732/607
f 413/468/608 417/497/608 702/813/608
f 702/813/609 417/497/609 703/814/609
f 702/813/607 703/814/607 704/815/607
f 704/815/607 705/816/607 702/813/607
f 702/813/607 705/816/607 706/817/607
f 702/813/607 706/817/607 707/818/607
f 707/818/607 700/811/607 702/813/607
f 702/813/607 700/811/607 634/732/607
f 702/813/607 634/732/607 708/819/607
f 708/819/607 634/732/607 608/692/607
f 708/819/610 608/692/610 709/820/610
f 709/820/611 608/692/611 699/810/611
f 701/812/607 710/821/607 634/732/607
f 634/732/607 710/821/607 711/822/607
f 634/732/612 711/822/612 635/733/612
f 635/733/607 711/822/607 712/823/607
f 635/733/607 712/823/607 649/749/607
f 529/600/613 713/824/613 714/825/613
f 713/824/613 529/600/613 715/826/613
f 716/827/614 670/778/614 672/780/614
f 716/827/615 672/780/615 717/828/615
f 717/828/616 672/780/616 673/781/616
f 717/828/617 673/781/617 718/829/617
f 670/778/618 716/827/618 465/534/618
f 465/534/619 716/827/619 719/830/619
f 465/534/620 719/830/620 466/535/620
f 466/535/621 719/830/621 720/831/621
f 466/535/622 720/831/622 469/832/622
f 720/831/623 721/833/623 469/832/623
f 469/832/624 721/833/624 722/834/624
f 469/832/625 722/834/625 471/835/625
f 471/835/626 722/834/626 723/836/626
f 471/835/627 723/836/627 472/837/627
f 472/837/628 723/836/628 724/838/628
f 472/837/629 724/838/629 474/839/629
f 724/838/630 725/840/630 474/839/630
f 474/839/631 725/840/631 726/841/631
f 474/839/632 726/841/632 476/842/632
f 476/842/633 726/841/633 727/843/633
f 476/842/634 727/843/634 477/844/634
f 477/844/635 727/843/635 728/845/635
f 477/548/636 728/846/636 479/550/636
f 728/845/637 729/847/637 479/848/637
f 479/848/638 729/847/638 730/849/638
f 479/550/639 730/850/639 481/552/639
f 481/552/640 730/850/640 731/851/640
f 481/552/641 731/851/641 482/553/641
f 731/851/642 732/852/642 482/553/642
f 482/553/642 732/852/642 733/853/642
f 482/553/643 733/853/643 484/555/643
f 484/555/644 733/853/644 734/854/644
f 484/555/645 734/854/645 485/556/645
f 485/556/646 734/854/646 487/558/646
f 487/558/647 734/854/647 735/855/647
f 487/558/648 735/855/648 489/560/648
f 489/560/649 735/855/649 736/856/649
f 489/560/650 736/856/650 491/562/650
f 491/562/651 736/856/651 737/857/651
f 491/562/652 737/857/652 492/563/652
f 492/563/653 737/857/653 738/858/653
f 492/563/654 738/858/654 493/564/654
f 738/858/655 739/859/655 493/564/655
f 493/564/656 739/859/656 740/860/656
f 493/564/657 740/860/657 496/567/657
f 496/567/658 740/860/658 741/861/658
f 496/567/659 741/861/659 497/568/659
f 497/568/660 741/861/660 742/862/660
f 497/568/661 742/862/661 499/570/661
f 742/862/662 743/863/662 499/570/662
f 499/570/663 743/863/663 744/864/663
f 499/570/664 744/864/664 500/571/664
f 500/571/665 744/864/665 745/865/665
f 500/571/666 745/865/666 461/530/666
f 461/530/667 745/865/667 746/866/667
f 461/530/668 746/866/668 528/599/668
f 528/599/669 746/866/669 529/600/669
f 529/600/670 746/866/670 747/867/670
f 529/600/671 747/867/671 715/826/671
f 748/868/613 523/594/613 749/869/613
f 749/869/613 523/594/613 522/593/613
f 749/869/613 522/593/613 714/825/613
f 714/825/613 522/593/613 530/601/613
f 714/825/613 530/601/613 529/600/613
f 750/870/617 674/783/617 751/871/617
f 751/871/616 674/783/616 675/784/616
f 751/871/616 675/784/616 676/785/616
f 718/829/617 673/781/617 752/872/617
f 752/872/616 673/781/616 674/783/616
f 752/872/616 674/783/616 753/873/616
f 753/873/616 674/783/616 750/870/616
f 753/873/616 750/870/616 754/874/616
f 755/875/672 756/876/672 757/877/672
f 523/434/673 758/434/673 759/434/673
f 759/434/674 758/434/674 760/434/674
f 759/878/675 760/879/675 761/880/675
f 761/880/676 760/879/676 762/881/676
f 761/880/677 762/881/677 763/882/677
f 763/882/678 762/881/678 764/883/678
f 763/882/679 764/883/679 765/884/679
f 523/434/680 766/434/680 524/434/680
f 524/434/681 766/434/681 767/434/681
f 524/595/682 767/885/682 525/596/682
f 525/596/683 767/885/683 768/886/683
f 525/596/684 768/886/684 526/597/684
f 526/597/685 768/886/685 769/887/685
f 526/597/686 769/887/686 527/598/686
f 770/888/687 771/889/687 765/884/687
f 765/884/688 771/889/688 772/890/688
f 765/884/689 772/890/689 763/882/689
f 527/598/690 769/887/690 519/590/690
f 519/590/691 769/887/691 773/891/691
f 519/590/692 773/891/692 520/591/692
f 523/434/693 759/434/694 766/434/693
f 766/434/695 759/434/695 761/434/695
f 766/892/696 761/880/696 767/885/696
f 767/885/697 761/880/697 763/882/697
f 767/885/698 763/882/698 768/886/698
f 768/886/699 763/882/699 772/890/699
f 768/886/700 772/890/700 769/887/700
f 769/887/701 772/890/701 771/889/701
f 769/887/702 771/889/702 773/891/702
f 773/891/703 771/889/703 774/893/703
f 773/891/704 774/893/704 775/894/704
f 520/591/705 773/891/705 521/592/705
f 521/592/706 773/891/706 775/894/706
f 521/592/707 775/894/707 517/588/707
f 755/875/672 757/877/672 776/895/672
f 518/589/708 517/588/708 777/896/708
f 777/896/709 517/588/709 775/894/709
f 777/896/710 775/894/710 757/877/710
f 757/877/711 775/894/711 774/893/711
f 757/877/712 774/893/712 776/895/712
f 776/895/713 774/893/713 771/889/713
f 776/895/714 771/889/714 778/897/714
f 778/897/687 771/889/687 770/888/687
f 660/764/715 518/589/715 779/898/715
f 779/898/716 518/589/716 777/896/716
f 779/898/717 777/896/717 780/899/717
f 780/899/718 777/896/718 757/877/718
f 780/899/719 757/877/719 781/900/719
f 781/900/720 757/877/720 756/876/720
f 661/765/721 660/764/721 782/901/721
f 782/901/722 660/764/722 779/898/722
f 782/901/723 779/898/723 783/902/723
f 783/902/724 779/898/724 780/899/724
f 783/902/725 780/899/725 784/903/725
f 784/903/726 780/899/726 781/900/726
f 785/904/727 786/905/727 567/646/727
f 567/646/728 786/905/728 787/906/728
f 567/646/729 787/906/729 788/907/729
f 785/904/730 567/646/730 789/908/730
f 789/908/731 567/646/731 563/640/731
f 789/909/732 563/641/732 790/910/732
f 563/641/733 538/609/733 790/910/733
f 790/910/734 538/609/734 537/608/734
f 790/910/735 537/608/735 791/911/735
f 655/755/736 792/912/736 545/614/736
f 545/614/737 543/612/737 655/755/737
f 655/755/738 543/612/738 541/913/738
f 655/434/739 541/434/739 540/434/739
f 791/911/740 537/608/740 793/914/740
f 793/914/741 537/608/741 559/633/741
f 793/914/742 559/633/742 792/912/742
f 792/912/743 559/633/743 547/616/743
f 792/912/744 547/616/744 545/614/744
f 572/651/745 564/642/745 565/643/745
f 794/915/746 795/916/746 796/917/746
f 795/916/747 797/918/747 796/917/747
f 796/917/748 797/918/748 798/919/748
f 796/917/749 798/919/749 799/920/749
f 799/921/750 798/922/750 800/923/750
f 799/921/751 800/923/751 569/648/751
f 569/648/752 800/923/752 570/649/752
f 801/924/753 794/915/753 802/925/753
f 802/925/754 794/915/754 796/917/754
f 802/926/755 796/927/755 803/928/755
f 803/928/756 796/927/756 799/921/756
f 803/928/757 799/921/757 574/653/757
f 574/653/758 799/921/758 569/648/758
f 567/646/759 801/924/759 566/645/759
f 566/645/760 801/924/760 802/925/760
f 566/644/761 802/926/761 565/643/761
f 565/643/762 802/926/762 803/928/762
f 565/643/763 803/928/763 572/651/763
f 572/651/764 803/928/764 574/653/764
f 804/929/765 805/930/765 806/931/765
f 806/931/765 807/932/765 808/933/765
f 807/932/765 809/934/765 808/933/765
f 808/933/765 809/934/765 810/935/765
f 808/933/765 810/935/765 811/936/765
f 811/936/766 812/937/766 808/933/766
f 808/933/767 812/937/767 813/938/767
f 808/933/765 813/938/765 814/939/765
f 815/940/768 816/941/768 817/942/768
f 817/942/769 816/941/769 818/943/769
f 804/929/770 806/931/770 819/944/770
f 819/944/771 806/931/771 808/933/771
f 819/944/772 808/933/772 815/940/772
f 815/940/773 808/933/773 820/945/773
f 815/940/774 820/945/774 816/941/774
f 821/946/775 822/947/775 823/948/775
f 823/948/776 822/947/776 824/949/776
f 824/949/777 822/947/777 825/950/777
f 824/949/778 825/950/778 826/951/778
f 826/951/779 825/950/779 827/952/779
f 826/951/780 827/952/780 828/953/780
f 828/953/781 827/952/781 829/954/781
f 828/953/782 829/954/782 830/955/782
f 830/955/783 829/954/783 831/956/783
f 830/955/784 831/956/784 832/957/784
f 832/957/785 831/956/785 833/958/785
f 832/957/786 833/958/786 834/959/786
f 834/959/787 833/958/787 835/960/787
f 834/959/788 835/960/788 836/961/788
f 836/961/789 835/960/789 837/962/789
f 836/961/790 837/962/790 838/963/790
f 838/963/791 837/962/791 839/964/791
f 838/963/790 839/964/790 840/965/790
f 840/965/792 839/964/792 841/966/792
f 840/965/793 841/966/793 842/967/793
f 842/967/794 841/966/794 843/968/794
f 842/967/795 843/968/795 844/969/795
f 844/969/796 843/968/796 845/970/796
f 844/971/797 845/972/797 846/973/797
f 846/974/798 845/975/798 847/976/798
f 846/977/799 847/978/799 848/979/799
f 848/979/800 847/978/800 849/980/800
f 848/979/801 849/980/801 850/981/801
f 850/981/802 849/980/802 851/982/802
f 850/981/803 851/982/803 852/983/803
f 852/983/804 851/982/804 853/984/804
f 852/983/805 853/984/805 854/985/805
f 854/985/806 853/984/806 855/986/806
f 854/985/807 855/986/807 856/987/807
f 856/987/808 855/986/808 857/988/808
f 856/987/809 857/988/809 858/989/809
f 858/989/810 857/988/810 859/990/810
f 858/989/811 859/990/811 860/991/811
f 860/991/812 859/990/812 861/992/812
f 860/991/813 861/992/813 862/993/813
f 862/993/814 861/992/814 863/994/814
f 862/993/815 863/994/815 864/995/815
f 864/995/816 863/994/816 865/996/816
f 864/995/817 865/996/817 866/997/817
f 866/997/818 865/996/818 867/998/818
f 866/997/819 867/998/819 868/999/819
f 868/999/820 867/998/820 869/1000/820
f 868/999/821 869/1000/821 870/1001/821
f 870/1001/822 869/1000/822 871/1002/822
f 870/1001/823 871/1002/823 818/943/823
f 818/943/824 871/1002/824 872/1003/824
f 818/943/825 872/1003/825 817/942/825
f 823/948/826 873/1004/826 821/946/826
f 821/946/827 873/1004/827 874/1005/827
f 821/946/775 874/1005/775 875/1006/775
f 874/1005/828 876/1007/828 875/1006/828
f 875/1006/828 876/1007/828 877/1008/828
f 875/1006/829 877/1008/829 878/1009/829
f 878/1009/829 877/1008/829 879/1010/829
f 879/1010/830 877/1008/830 880/1011/830
f 879/1010/830 880/1011/830 881/1012/830
f 880/1011/830 882/1013/830 881/1012/830
f 881/1012/830 882/1013/830 883/1014/830
f 881/1012/830 883/1014/830 884/1015/830
f 884/1015/830 883/1014/830 885/1016/830
f 884/1015/830 885/1016/830 886/1017/830
f 887/1018/831 888/1019/831 889/1020/831
f 889/1020/832 888/1019/832 885/1016/832
f 885/1016/831 888/1019/831 890/1021/831
f 885/1016/833 890/1021/833 886/1017/833
f 889/1020/834 891/1022/834 892/1023/834
f 893/1024/835 894/1025/835 895/1026/835
f 895/1026/834 894/1025/834 891/1022/834
f 895/1026/836 891/1022/836 889/1020/836
f 889/1020/837 896/1027/837 897/1028/837
f 898/1029/837 896/1027/837 889/1020/837
f 892/1023/838 898/1029/838 889/1020/838
f 889/1020/839 899/1030/839 900/1031/839
f 901/1032/839 899/1030/839 889/1020/839
f 897/1028/840 901/1032/840 889/1020/840
f 889/1020/841 902/1033/841 903/1034/841
f 904/1035/841 902/1033/841 889/1020/841
f 900/1031/842 904/1035/842 889/1020/842
f 889/1020/843 905/1036/843 906/1037/843
f 907/1038/843 905/1036/843 889/1020/843
f 903/1034/844 907/1038/844 889/1020/844
f 889/1020/845 908/1039/845 909/1040/845
f 910/1041/845 908/1039/845 889/1020/845
f 906/1037/846 910/1041/846 889/1020/846
f 909/1040/847 887/1018/847 889/1020/847
f 722/834/848 911/1042/848 912/1043/848
f 913/1044/849 748/868/849 749/869/849
f 914/1045/850 805/930/850 804/929/850
f 915/1046/851 916/1047/851 917/1048/851
f 918/1049/852 919/1050/852 915/1046/852
f 915/1046/853 919/1050/853 920/1051/853
f 915/1046/853 920/1051/853 916/1047/853
f 921/1052/854 922/1053/854 923/1054/854
f 923/1054/854 922/1053/854 913/1044/854
f 886/1017/855 921/1055/855 884/1015/855
f 884/1015/856 921/1055/856 923/1056/856
f 884/1015/857 923/1056/857 881/1012/857
f 881/1012/857 923/1056/857 879/1010/857
f 913/1044/858 749/869/858 923/1054/858
f 923/1054/859 749/869/859 714/825/859
f 923/1054/860 714/825/860 924/1057/860
f 924/1057/861 714/825/861 713/824/861
f 924/1057/861 713/824/861 715/826/861
f 821/946/862 875/1006/862 924/1058/862
f 924/1058/863 875/1006/863 923/1056/863
f 923/1056/864 875/1006/864 878/1009/864
f 923/1056/864 878/1009/864 879/1010/864
f 715/826/865 747/867/865 924/1057/865
f 924/1057/866 747/867/866 746/866/866
f 924/1057/867 746/866/867 925/1059/867
f 746/866/868 745/865/868 925/1059/868
f 925/1059/869 745/865/869 744/864/869
f 925/1059/870 744/864/870 926/1060/870
f 926/1061/871 827/952/871 925/1062/871
f 925/1062/872 827/952/872 825/950/872
f 925/1062/873 825/950/873 924/1058/873
f 924/1058/874 825/950/874 822/947/874
f 924/1058/875 822/947/875 821/946/875
f 744/864/876 743/863/876 926/1060/876
f 926/1060/877 743/863/877 742/862/877
f 926/1060/878 742/862/878 927/1063/878
f 927/1063/879 742/862/879 741/861/879
f 927/1063/880 741/861/880 928/1064/880
f 928/1064/881 741/861/881 740/860/881
f 928/1064/882 740/860/882 929/1065/882
f 929/1066/883 835/960/883 928/1067/883
f 928/1067/884 835/960/884 833/958/884
f 928/1067/885 833/958/885 927/1068/885
f 927/1068/886 833/958/886 831/956/886
f 927/1068/887 831/956/887 926/1061/887
f 926/1061/888 831/956/888 829/954/888
f 926/1061/889 829/954/889 827/952/889
f 930/1069/890 841/966/890 931/1070/890
f 931/1070/891 841/966/891 839/964/891
f 931/1070/892 839/964/892 929/1066/892
f 929/1066/891 839/964/891 837/962/891
f 929/1066/893 837/962/893 835/960/893
f 740/860/894 739/859/894 929/1065/894
f 929/1065/895 739/859/895 738/858/895
f 929/1065/896 738/858/896 931/1071/896
f 931/1071/897 738/858/897 737/857/897
f 931/1071/898 737/857/898 930/1072/898
f 930/1072/899 737/857/899 736/856/899
f 930/1072/900 736/856/900 932/1073/900
f 933/1074/901 849/980/901 934/1075/901
f 934/1075/902 849/980/902 847/978/902
f 934/1075/903 847/978/903 932/1076/903
f 932/1076/904 847/978/904 845/1077/904
f 932/1076/905 845/1077/905 930/1078/905
f 930/1078/906 845/1077/906 843/1079/906
f 930/1069/907 843/968/907 841/966/907
f 736/856/899 735/855/899 932/1073/899
f 932/1073/908 735/855/908 734/854/908
f 932/1073/909 734/854/909 934/1080/909
f 934/1080/910 734/854/910 733/853/910
f 934/1080/911 733/853/911 933/1081/911
f 933/1074/912 733/1082/912 732/1083/912
f 933/1074/913 732/1083/913 935/1084/913
f 936/1085/914 857/988/914 937/1086/914
f 937/1086/915 857/988/915 855/986/915
f 937/1086/916 855/986/916 935/1084/916
f 935/1084/917 855/986/917 853/984/917
f 935/1084/918 853/984/918 933/1074/918
f 933/1074/919 853/984/919 851/982/919
f 933/1074/920 851/982/920 849/980/920
f 732/1083/921 731/1087/921 935/1084/921
f 935/1084/922 731/1087/922 730/849/922
f 935/1084/923 730/849/923 937/1086/923
f 937/1086/924 730/849/924 729/847/924
f 937/1086/925 729/847/925 936/1085/925
f 936/1085/926 729/847/926 728/845/926
f 936/1085/927 728/845/927 938/1088/927
f 939/1089/928 865/996/928 940/1090/928
f 940/1090/929 865/996/929 863/994/929
f 940/1090/930 863/994/930 938/1088/930
f 938/1088/931 863/994/931 861/992/931
f 938/1088/932 861/992/932 936/1085/932
f 936/1085/933 861/992/933 859/990/933
f 936/1085/934 859/990/934 857/988/934
f 728/845/935 727/843/935 938/1088/935
f 938/1088/936 727/843/936 726/841/936
f 938/1088/937 726/841/937 940/1090/937
f 940/1090/938 726/841/938 725/840/938
f 940/1090/939 725/840/939 939/1089/939
f 939/1089/940 725/840/940 724/838/940
f 939/1089/941 724/838/941 912/1043/941
f 912/1043/942 724/838/942 723/836/942
f 912/1043/943 723/836/943 722/834/943
f 911/1042/944 722/834/944 941/1091/944
f 941/1091/945 722/834/945 721/833/945
f 941/1091/946 721/833/946 720/831/946
f 815/940/947 817/942/947 941/1091/947
f 941/1091/948 817/942/948 872/1003/948
f 941/1091/949 872/1003/949 911/1042/949
f 911/1042/950 872/1003/950 871/1002/950
f 911/1042/951 871/1002/951 912/1043/951
f 912/1043/952 871/1002/952 869/1000/952
f 912/1043/953 869/1000/953 939/1089/953
f 939/1089/954 869/1000/954 867/998/954
f 939/1089/955 867/998/955 865/996/955
f 717/828/956 915/1046/956 716/827/956
f 716/827/957 915/1046/957 941/1091/957
f 716/827/958 941/1091/958 719/830/958
f 719/830/946 941/1091/946 720/831/946
f 754/874/959 942/1092/959 753/873/959
f 753/873/960 942/1092/960 918/1049/960
f 753/873/961 918/1049/961 752/872/961
f 752/872/962 918/1049/962 915/1046/962
f 752/872/963 915/1046/963 718/829/963
f 718/829/963 915/1046/963 717/828/963
f 917/1048/964 914/1045/964 915/1046/964
f 915/1046/965 914/1045/965 804/929/965
f 915/1046/966 804/929/966 941/1091/966
f 941/1091/967 804/929/967 819/944/967
f 941/1091/967 819/944/967 815/940/967
f 943/1093/968 944/1094/968 945/1095/968
f 756/876/969 755/875/969 946/1096/969
f 765/884/970 764/883/970 947/1097/970
f 947/1097/971 764/883/971 762/881/971
f 947/1097/972 762/881/972 948/1098/972
f 948/1098/973 762/881/973 760/879/973
f 948/1098/974 760/879/974 949/1099/974
f 949/1099/975 760/879/975 758/1100/975
f 949/1099/976 758/1100/976 523/594/976
f 946/1096/977 755/875/977 950/1101/977
f 950/1101/978 755/875/978 776/895/978
f 950/1101/979 776/895/979 951/1102/979
f 947/1097/980 952/1103/980 765/884/980
f 765/884/981 952/1103/981 953/1104/981
f 765/884/982 953/1104/982 770/888/982
f 770/888/983 953/1104/983 951/1102/983
f 770/888/984 951/1102/984 778/897/984
f 778/897/985 951/1102/985 776/895/985
f 954/1105/986 784/903/986 781/900/986
f 756/876/987 946/1096/987 781/900/987
f 781/900/988 946/1096/988 955/1106/988
f 781/900/989 955/1106/989 954/1105/989
f 956/1107/990 957/1108/990 958/1109/990
f 958/1109/991 957/1108/991 959/1110/991
f 958/1109/992 959/1110/992 960/1111/992
f 960/1111/993 959/1110/993 961/1112/993
f 960/1111/994 961/1112/994 962/1113/994
f 963/1114/995 964/1115/995 965/1116/995
f 965/1116/996 964/1115/996 966/1117/996
f 962/1113/997 961/1112/997 963/1114/997
f 963/1114/998 961/1112/998 967/1118/998
f 963/1114/999 967/1118/999 964/1115/999
f 966/1117/996 964/1115/996 945/1095/996
f 945/1095/1000 964/1115/1000 968/1119/1000
f 945/1095/1001 968/1119/1001 943/1093/1001
f 969/1120/1002 970/1121/1002 944/1094/1002
f 944/1094/1003 970/1121/1003 971/1122/1003
f 944/1094/1004 971/1122/1004 945/1095/1004
f 969/1120/1005 944/1094/1005 972/1123/1005
f 972/1123/1006 944/1094/1006 973/1124/1006
f 972/1123/1007 973/1124/1007 974/1125/1007
f 975/1126/1008 972/1123/1008 976/1127/1008
f 976/1127/1009 972/1123/1009 974/1125/1009
f 976/1127/1010 974/1125/1010 977/1128/1010
f 977/1128/1011 974/1125/1011 978/1129/1011
f 977/1128/1012 978/1129/1012 979/1130/1012
f 979/1130/1013 978/1129/1013 980/1131/1013
f 979/1130/1014 980/1131/1014 981/1132/1014
f 980/1131/1015 982/1133/1015 981/1132/1015
f 981/1132/1015 982/1133/1015 983/1134/1015
f 981/1132/1016 983/1134/1016 984/1135/1016
f 984/1135/1017 983/1134/1017 985/1136/1017
f 984/1135/1018 985/1136/1018 986/1137/1018
f 986/1137/1019 985/1136/1019 987/1138/1019
f 986/1137/1020 987/1138/1020 988/1139/1020
f 988/1139/1021 987/1138/1021 989/1140/1021
f 988/1139/1022 989/1140/1022 990/1141/1022
f 989/1140/1023 991/1142/1023 990/1141/1023
f 990/1141/1023 991/1142/1023 992/1143/1023
f 990/1141/1024 992/1143/1024 993/1144/1024
f 993/1144/1025 992/1143/1025 994/1145/1025
f 993/1144/1026 994/1145/1026 995/1146/1026
f 995/1146/1027 994/1145/1027 996/1147/1027
f 994/1145/1028 997/1148/1028 996/1147/1028
f 996/1147/1029 997/1148/1029 998/1149/1029
f 996/1147/1030 998/1149/1030 999/1150/1030
f 999/1150/1031 998/1149/1031 1000/1151/1031
f 999/1150/1032 1000/1151/1032 1001/1152/1032
f 1001/1152/1033 1000/1151/1033 1002/1153/1033
f 1001/1152/1034 1002/1153/1034 1003/1154/1034
f 1002/1153/1035 1004/1155/1035 1003/1154/1035
f 1003/1154/1035 1004/1155/1035 1005/1156/1035
f 1003/1154/1036 1005/1156/1036 1006/1157/1036
f 1005/1156/1036 1007/1158/1036 1006/1157/1036
f 1006/1157/1037 1007/1158/1037 1008/1159/1037
f 1006/1157/1038 1008/1159/1038 1009/1160/1038
f 1009/1160/1039 1008/1159/1039 1010/1161/1039
f 1009/1160/1040 1010/1161/1040 1011/1162/1040
f 1011/1163/1041 1010/1164/1041 1012/1165/1041
f 1011/1163/1042 1012/1165/1042 1013/1166/1042
f 1013/1166/1043 1012/1165/1043 1014/1167/1043
f 1013/1168/1044 1014/1169/1044 1015/1170/1044
f 1014/1169/1045 1016/1171/1045 1015/1170/1045
f 1015/1170/1046 1016/1171/1046 1017/1172/1046
f 1015/1170/1047 1017/1172/1047 1018/1173/1047
f 1018/1173/1048 1017/1172/1048 1019/1174/1048
f 1018/1173/1049 1019/1174/1049 1020/1175/1049
f 1020/1175/1050 1019/1174/1050 1021/1176/1050
f 1020/1175/1051 1021/1176/1051 1022/1177/1051
f 1023/1178/1052 1024/1179/1052 1025/1180/1052
f 1025/1180/1053 1024/1179/1053 949/1099/1053
f 1025/1180/1054 949/1099/1054 1026/1181/1054
f 1026/1181/1055 949/1099/1055 523/594/1055
f 1026/1181/1056 523/594/1056 748/868/1056
f 1021/1176/1057 1027/1182/1057 1022/1177/1057
f 1022/1177/1058 1027/1182/1058 1028/1183/1058
f 1022/1177/1059 1028/1183/1059 1029/1184/1059
f 1029/1184/1060 1028/1183/1060 1030/1185/1060
f 1029/1184/1061 1030/1185/1061 1031/1186/1061
f 1031/1186/1062 1030/1185/1062 1032/1187/1062
f 1031/1186/1063 1032/1187/1063 1033/1188/1063
f 1033/1188/1064 1032/1187/1064 1034/1189/1064
f 1033/1188/1065 1034/1189/1065 1023/1178/1065
f 1023/1178/1066 1034/1189/1066 1035/1190/1066
f 1023/1178/1067 1035/1190/1067 1024/1179/1067
f 1036/1191/1068 1037/1192/1068 910/1041/1068
f 1038/1193/1069 1039/1194/1069 904/1035/1069
f 1040/1195/1070 1041/1196/1070 1042/1197/1070
f 922/1053/1071 921/1052/1071 1043/1198/1071
f 1043/1199/1072 921/1055/1072 886/1017/1072
f 1040/1195/1073 1042/1197/1073 1044/1200/1073
f 1042/1197/1074 1045/1201/1074 1044/1200/1074
f 1044/1200/1075 1045/1201/1075 894/1025/1075
f 1044/1200/1076 894/1025/1076 893/1024/1076
f 1041/1196/1077 975/1126/1077 1042/1197/1077
f 1042/1197/1078 975/1126/1078 976/1127/1078
f 1042/1197/1079 976/1127/1079 977/1128/1079
f 977/1128/1079 979/1130/1079 1046/1202/1079
f 1046/1202/1080 979/1130/1080 981/1132/1080
f 981/1132/1080 984/1135/1080 1047/1203/1080
f 1047/1203/1081 984/1135/1081 986/1137/1081
f 986/1137/1081 988/1139/1081 1048/1204/1081
f 1048/1204/1082 988/1139/1082 990/1141/1082
f 1048/1204/1083 990/1141/1083 1049/1205/1083
f 990/1141/1083 993/1144/1083 1049/1205/1083
f 1049/1205/1084 993/1144/1084 995/1146/1084
f 1049/1205/1085 995/1146/1085 1050/1206/1085
f 1003/1154/1086 1006/1157/1086 1051/1207/1086
f 995/1146/1085 996/1147/1085 1050/1206/1085
f 1050/1206/1087 996/1147/1087 999/1150/1087
f 1050/1206/1088 999/1150/1088 1052/1208/1088
f 1052/1208/1088 999/1150/1088 1001/1152/1088
f 1052/1208/1086 1001/1152/1086 1003/1154/1086
f 1006/1157/1089 1009/1160/1089 1051/1207/1089
f 1051/1207/1090 1009/1160/1090 1011/1162/1090
f 1051/1207/1090 1011/1162/1090 1053/1209/1090
f 1011/1162/1091 1013/1210/1091 1053/1209/1091
f 1053/1211/1092 1013/1168/1092 1015/1170/1092
f 1053/1211/1092 1015/1170/1092 1054/1212/1092
f 1015/1170/1093 1018/1173/1093 1054/1212/1093
f 1054/1212/1094 1018/1173/1094 1020/1175/1094
f 1054/1212/1094 1020/1175/1094 1055/1213/1094
f 1055/1213/1095 1020/1175/1095 1022/1177/1095
f 1055/1213/1096 1022/1177/1096 1029/1184/1096
f 1029/1184/1096 1031/1186/1096 1056/1214/1096
f 1056/1214/1097 1031/1186/1097 1033/1188/1097
f 1056/1214/1097 1033/1188/1097 1057/1215/1097
f 748/868/1098 913/1044/1098 1026/1181/1098
f 1026/1181/1098 913/1044/1098 1058/1216/1098
f 1026/1181/1099 1058/1216/1099 1025/1180/1099
f 1025/1180/1099 1058/1216/1099 1057/1215/1099
f 1025/1180/1099 1057/1215/1099 1023/1178/1099
f 1023/1178/1097 1057/1215/1097 1033/1188/1097
f 1052/1208/1100 1039/1194/1100 1050/1206/1100
f 1050/1206/1100 1039/1194/1100 1038/1193/1100
f 1050/1206/1101 1038/1193/1101 1049/1205/1101
f 1049/1205/1101 1038/1193/1101 1059/1217/1101
f 1049/1205/1102 1059/1217/1102 1048/1204/1102
f 1048/1204/1102 1059/1217/1102 1060/1218/1102
f 1055/1219/1103 1037/1192/1103 1054/1220/1103
f 1054/1220/1103 1037/1192/1103 1036/1191/1103
f 1054/1220/1104 1036/1191/1104 1053/1209/1104
f 1053/1209/1104 1036/1191/1104 1061/1221/1104
f 1053/1209/1105 1061/1221/1105 1051/1207/1105
f 1051/1207/1105 1061/1221/1105 1062/1222/1105
f 913/1044/1071 922/1053/1071 1058/1216/1071
f 1058/1216/1071 922/1053/1071 1043/1198/1071
f 1058/1216/1106 1043/1198/1106 1057/1215/1106
f 1057/1215/1106 1043/1198/1106 1063/1223/1106
f 1057/1215/1107 1063/1223/1107 1056/1214/1107
f 1056/1214/1107 1063/1223/1107 1064/1224/1107
f 1065/1225/1108 892/1023/1108 891/1022/1108
f 977/1128/1079 1046/1202/1079 1042/1197/1079
f 1042/1197/1109 1046/1202/1109 1065/1225/1109
f 1042/1197/1109 1065/1225/1109 1045/1201/1109
f 1045/1201/1108 1065/1225/1108 891/1022/1108
f 1045/1201/1108 891/1022/1108 894/1025/1108
f 981/1132/1080 1047/1203/1080 1046/1202/1080
f 1046/1202/1110 1047/1203/1110 1066/1226/1110
f 1046/1202/1110 1066/1226/1110 1065/1225/1110
f 1065/1225/1111 1066/1226/1111 898/1029/1111
f 1065/1225/1111 898/1029/1111 892/1023/1111
f 986/1137/1081 1048/1204/1081 1047/1203/1081
f 1047/1203/1112 1048/1204/1112 1060/1218/1112
f 1047/1203/1112 1060/1218/1112 1066/1226/1112
f 1066/1226/1113 1060/1218/1113 896/1027/1113
f 1066/1226/1113 896/1027/1113 898/1029/1113
f 904/1035/1069 900/1031/1069 1038/1193/1069
f 1038/1193/1114 900/1031/1114 899/1030/1114
f 1038/1193/1114 899/1030/1114 1059/1217/1114
f 1059/1217/1114 899/1030/1114 901/1032/1114
f 1059/1217/1115 901/1032/1115 1060/1218/1115
f 1060/1218/1115 901/1032/1115 897/1028/1115
f 1060/1218/1116 897/1028/1116 896/1027/1116
f 1003/1154/1086 1051/1207/1086 1052/1208/1086
f 1052/1208/1117 1051/1207/1117 1062/1222/1117
f 1052/1208/1117 1062/1222/1117 1039/1194/1117
f 1039/1194/1118 1062/1222/1118 902/1033/1118
f 1039/1194/1118 902/1033/1118 904/1035/1118
f 910/1041/1119 906/1037/1119 1036/1191/1119
f 1036/1191/1120 906/1037/1120 905/1036/1120
f 1036/1191/1120 905/1036/1120 1061/1221/1120
f 1061/1221/1120 905/1036/1120 907/1038/1120
f 1061/1221/1121 907/1038/1121 1062/1222/1121
f 1062/1222/1121 907/1038/1121 903/1034/1121
f 1062/1222/1118 903/1034/1118 902/1033/1118
f 1029/1184/1096 1056/1214/1096 1055/1213/1096
f 1055/1213/1122 1056/1214/1122 1064/1224/1122
f 1055/1213/1123 1064/1224/1123 1037/1227/1123
f 1037/1192/1124 1064/1228/1124 908/1039/1124
f 1037/1192/1125 908/1039/1125 910/1041/1125
f 886/1017/1072 890/1021/1072 1043/1199/1072
f 1043/1199/1126 890/1021/1126 888/1019/1126
f 1043/1199/1126 888/1019/1126 1063/1229/1126
f 1063/1229/1126 888/1019/1126 887/1018/1126
f 1063/1229/1127 887/1018/1127 1064/1228/1127
f 1064/1228/1127 887/1018/1127 909/1040/1127
f 1064/1228/1124 909/1040/1124 908/1039/1124
f 657/758/1128 661/765/1128 1067/1230/1128
f 1067/1230/1129 661/765/1129 782/901/1129
f 1067/1230/1130 782/901/1130 1068/1231/1130
f 1068/1231/1131 782/901/1131 783/902/1131
f 654/754/1132 657/758/1132 1069/1232/1132
f 1069/1232/1133 657/758/1133 1067/1230/1133
f 1069/1232/1134 1067/1230/1134 1070/1233/1134
f 1070/1233/1135 1067/1230/1135 1068/1231/1135
f 1071/1234/1136 1070/1233/1136 1072/1235/1136
f 1072/1235/1137 1070/1233/1137 1068/1231/1137
f 1072/1235/1138 1068/1231/1138 1073/1236/1138
f 1073/1236/1139 1068/1231/1139 783/902/1139
f 1073/1236/1140 783/902/1140 784/903/1140
f 655/755/1141 654/754/1141 1074/1237/1141
f 1074/1237/1142 654/754/1142 1069/1232/1142
f 1074/1237/1143 1069/1232/1143 1075/1238/1143
f 1075/1238/1144 1069/1232/1144 1070/1233/1144
f 1075/1238/1145 1070/1233/1145 1076/1239/1145
f 1076/1239/1146 1070/1233/1146 1071/1234/1146
f 1076/1239/1147 1071/1234/1147 1077/1240/1147
f 788/434/1148 1078/434/1148 1079/434/1148
f 1079/434/1149 1078/434/1149 1080/434/1149
f 1079/1241/1150 1080/1242/1150 1081/1243/1150
f 1081/1243/1151 1080/1242/1151 1082/1244/1151
f 1081/1243/1152 1082/1244/1152 1083/1245/1152
f 1083/1245/1153 1082/1244/1153 1084/1246/1153
f 788/434/1154 787/434/1154 1078/434/1154
f 1078/434/1155 787/434/1155 786/434/1155
f 1078/1247/1156 786/905/1156 1080/1242/1156
f 1080/1242/1157 786/905/1157 785/904/1157
f 1080/1242/1158 785/904/1158 1082/1244/1158
f 1082/1244/1159 785/904/1159 789/908/1159
f 1082/1244/1160 789/908/1160 1084/1246/1160
f 1084/1248/1161 789/909/1161 790/910/1161
f 1084/1248/1162 790/910/1162 1085/1249/1162
f 1086/1250/1163 1087/1251/1163 1085/1249/1163
f 1085/1252/1164 1087/1253/1164 1088/1254/1164
f 1085/1252/1165 1088/1254/1165 1084/1246/1165
f 1084/1246/1166 1088/1254/1166 1089/1255/1166
f 1084/1246/1167 1089/1255/1167 1083/1245/1167
f 1090/1256/1168 1091/1257/1168 1092/1258/1168
f 1092/1258/1168 1091/1257/1168 1093/1259/1168
f 1092/1258/1169 1093/1259/1169 1086/1250/1169
f 1086/1250/1170 1093/1259/1170 1094/1260/1170
f 1086/1250/1171 1094/1260/1171 1087/1251/1171
f 792/912/1172 655/755/1172 1074/1237/1172
f 790/910/1173 791/911/1173 1085/1249/1173
f 1085/1249/1174 791/911/1174 793/914/1174
f 1085/1249/1175 793/914/1175 1086/1250/1175
f 1086/1250/1176 793/914/1176 792/912/1176
f 1086/1250/1177 792/912/1177 1092/1258/1177
f 1092/1258/1178 792/912/1178 1074/1237/1178
f 1077/1240/1179 1090/1256/1179 1076/1239/1179
f 1076/1239/1180 1090/1256/1180 1092/1258/1180
f 1076/1239/1181 1092/1258/1181 1075/1238/1181
f 1075/1238/1181 1092/1258/1181 1074/1237/1181
f 1095/1261/1182 680/789/1182 682/791/1182
f 1096/1262/1183 1095/1263/1183 1097/1264/1183
f 1098/1265/1184 1096/1262/1184 1099/1266/1184
f 1095/1261/1185 682/791/1185 1097/1267/1185
f 1097/1267/1186 682/791/1186 684/793/1186
f 1097/1267/1187 684/793/1187 1100/1268/1187
f 1100/1268/1188 684/793/1188 678/787/1188
f 1100/1268/1189 678/787/1189 1101/1269/1189
f 1101/1269/1190 678/787/1190 677/786/1190
f 1101/1269/1191 677/786/1191 1102/1270/1191
f 1096/1262/1192 1097/1264/1192 1099/1266/1192
f 1099/1266/1193 1097/1264/1193 1100/1271/1193
f 1099/1266/1194 1100/1271/1194 1103/1272/1194
f 1103/1272/1195 1100/1271/1195 1101/1273/1195
f 1103/1272/1196 1101/1273/1196 1104/1274/1196
f 1104/1274/1197 1101/1273/1197 1102/1275/1197
f 1104/1274/1198 1102/1275/1198 1105/1276/1198
f 1106/1277/1199 1107/1278/1199 1105/1276/1199
f 1105/1276/1200 1107/1278/1200 1108/1279/1200
f 1105/1276/1201 1108/1279/1201 1104/1274/1201
f 1104/1274/1202 1108/1279/1202 1109/1280/1202
f 1104/1274/1203 1109/1280/1203 1103/1272/1203
f 1103/1272/1204 1109/1280/1204 1110/1281/1204
f 1103/1272/1205 1110/1281/1205 1099/1266/1205
f 1099/1266/1206 1110/1281/1206 1111/1282/1206
f 1099/1266/1207 1111/1282/1207 1098/1265/1207
f 1112/1283/1208 1106/1277/1208 1113/1284/1208
f 1113/1284/1209 1106/1277/1209 1105/1276/1209
f 1113/1284/1210 1105/1276/1210 1114/1285/1210
f 1114/1285/1211 1105/1276/1211 1102/1275/1211
f 1114/1286/1212 1102/1270/1212 679/788/1212
f 679/788/1213 1102/1270/1213 677/786/1213
f 797/918/1214 1112/1283/1214 798/919/1214
f 798/919/1215 1112/1283/1215 1113/1284/1215
f 798/919/1216 1113/1284/1216 800/1287/1216
f 800/1287/1217 1113/1284/1217 1114/1285/1217
f 800/923/1218 1114/1286/1218 570/649/1218
f 570/649/1219 1114/1286/1219 679/788/1219
f 1115/1288/1220 1116/1289/1220 1117/1290/1220
f 1118/1291/1221 1119/1292/1221 1120/1293/1221
f 1118/1291/1222 1120/1293/1222 1115/1288/1222
f 1115/1288/1223 1117/1290/1223 1121/1294/1223
f 1121/1294/1224 1117/1290/1224 1122/1295/1224
f 1121/1294/1225 1122/1295/1225 454/1296/1225
f 454/1296/1226 1122/1295/1226 1123/1297/1226
f 454/1298/1227 1123/1299/1227 455/525/1227
f 455/525/1228 1123/1299/1228 1124/1300/1228
f 455/525/1229 1124/1300/1229 459/526/1229
f 459/526/1230 1124/1300/1230 1125/1301/1230
f 459/526/1231 1125/1301/1231 460/1302/1231
f 460/1302/1232 1125/1301/1232 1126/1303/1232
f 460/1302/1233 1126/1303/1233 457/522/1233
f 452/516/1234 457/522/1234 1127/1304/1234
f 1127/1304/1235 457/522/1235 1126/1303/1235
f 1127/1304/1236 1126/1303/1236 1128/1305/1236
f 1128/1305/1237 1126/1303/1237 649/749/1237
f 649/749/1238 1126/1303/1238 650/750/1238
f 650/750/1239 1126/1303/1239 1125/1301/1239
f 650/750/1240 1125/1301/1240 651/751/1240
f 651/751/1241 1125/1301/1241 1124/1300/1241
f 651/751/1242 1124/1300/1242 652/752/1242
f 652/752/1243 1124/1300/1243 1123/1299/1243
f 652/752/1244 1123/1299/1244 653/753/1244
f 653/753/1245 1123/1299/1245 1122/1306/1245
f 653/753/1246 1122/1306/1246 637/735/1246
f 1115/1288/1247 1120/1293/1247 1116/1289/1247
f 1116/1289/1248 1120/1293/1248 1129/1307/1248
f 1116/1289/1248 1129/1307/1248 1130/1308/1248
f 637/735/1249 1122/1306/1249 638/736/1249
f 638/736/1250 1122/1306/1250 1117/1309/1250
f 638/736/1251 1117/1309/1251 644/742/1251
f 644/742/1252 1117/1309/1252 1116/1310/1252
f 644/1311/1253 1116/1289/1253 645/1312/1253
f 645/1312/1254 1116/1289/1254 1130/1308/1254
f 645/1312/1255 1130/1308/1255 646/1313/1255
f 1131/1314/1256 1132/1315/1256 1133/1316/1256
f 1134/1317/1257 1120/1293/1257 1119/1292/1257
f 1135/1318/1258 1136/1319/1258 1131/1314/1258
f 1136/1319/1259 1135/1318/1259 176/206/1259
f 176/206/1260 1135/1318/1260 177/207/1260
f 177/207/1261 1135/1318/1261 1137/1320/1261
f 177/207/1262 1137/1320/1262 187/217/1262
f 187/217/1263 1137/1320/1263 1134/1317/1263
f 187/217/1264 1134/1317/1264 188/218/1264
f 188/218/1265 1134/1317/1265 1119/1292/1265
f 188/218/1266 1119/1292/1266 189/219/1266
f 647/747/1267 1138/1321/1267 648/748/1267
f 648/748/1268 1138/1321/1268 1139/1322/1268
f 648/748/1269 1139/1322/1269 642/740/1269
f 642/740/1270 1139/1322/1270 1133/1323/1270
f 642/740/1271 1133/1323/1271 641/739/1271
f 641/739/1272 1133/1323/1272 1132/1324/1272
f 641/739/1273 1132/1324/1273 639/737/1273
f 1129/1307/1274 1138/1325/1274 1130/1308/1274
f 1130/1308/1275 1138/1325/1275 647/1326/1275
f 1130/1327/1276 647/747/1276 646/745/1276
f 1131/1314/1277 1133/1316/1277 1135/1318/1277
f 1135/1318/1278 1133/1316/1278 1139/1328/1278
f 1135/1318/1279 1139/1328/1279 1137/1320/1279
f 1137/1320/1280 1139/1328/1280 1138/1325/1280
f 1137/1320/1281 1138/1325/1281 1134/1317/1281
f 1134/1317/1282 1138/1325/1282 1129/1307/1282
f 1134/1317/1283 1129/1307/1283 1120/1293/1283
f 659/763/1284 639/737/1284 1140/1329/1284
f 1140/1329/1284 639/737/1284 1132/1324/1284
f 1140/1330/1285 1132/1315/1285 1141/1331/1285
f 1141/1331/1285 1132/1315/1285 1131/1314/1285
f 1141/1331/1286 1131/1314/1286 1142/1332/1286
f 1142/1332/1286 1131/1314/1286 1136/1319/1286
f 1142/1332/1287 1136/1319/1287 186/216/1287
f 186/216/1287 1136/1319/1287 176/206/1287
f 1143/1333/1288 676/785/1288 666/774/1288
f 1144/1334/1289 1143/1335/1289 1145/1336/1289
f 199/229/1290 1144/1334/1290 1146/1337/1290
f 1143/1333/1291 666/774/1291 1145/1338/1291
f 1145/1338/1292 666/774/1292 665/773/1292
f 1145/1338/1293 665/773/1293 1147/1339/1293
f 1147/1340/1294 665/771/1294 663/769/1294
f 1147/1341/1295 663/1342/1295 1148/1343/1295
f 1148/1344/1296 663/769/1296 662/768/1296
f 1148/1344/1297 662/768/1297 1149/1345/1297
f 662/768/1298 669/777/1298 1149/1345/1298
f 1149/1345/1299 669/777/1299 668/776/1299
f 1149/1345/1300 668/776/1300 1150/1346/1300
f 1150/1346/1301 668/776/1301 667/775/1301
f 1150/1346/1302 667/775/1302 1151/1347/1302
f 667/775/1303 659/763/1303 1151/1347/1303
f 1151/1347/1304 659/763/1304 1140/1329/1304
f 1151/1348/1305 1140/1330/1305 1141/1331/1305
f 1144/1334/1306 1145/1336/1306 1146/1337/1306
f 1146/1337/1307 1145/1336/1307 1147/1341/1307
f 1146/1337/1308 1147/1341/1308 1152/1349/1308
f 1152/1349/1309 1147/1341/1309 1148/1343/1309
f 1152/1349/1310 1148/1343/1310 1153/1350/1310
f 1153/1350/1311 1148/1343/1311 1149/1351/1311
f 1153/1350/1312 1149/1351/1312 1154/1352/1312
f 1154/1352/1313 1149/1351/1313 1150/1353/1313
f 1154/1352/1314 1150/1353/1314 1155/1354/1314
f 1155/1354/1315 1150/1353/1315 1151/1348/1315
f 1155/1354/1316 1151/1348/1316 1156/1355/1316
f 1156/1355/1317 1151/1348/1317 1141/1331/1317
f 1156/1355/1318 1141/1331/1318 1142/1332/1318
f 199/229/1319 1146/1337/1319 183/213/1319
f 183/213/1320 1146/1337/1320 1152/1349/1320
f 183/213/1321 1152/1349/1321 184/214/1321
f 184/214/1322 1152/1349/1322 1153/1350/1322
f 184/214/1323 1153/1350/1323 185/215/1323
f 185/215/1324 1153/1350/1324 1154/1352/1324
f 185/215/1325 1154/1352/1325 182/212/1325
f 182/212/1326 1154/1352/1326 1155/1354/1326
f 182/212/1327 1155/1354/1327 179/209/1327
f 179/209/1328 1155/1354/1328 1156/1355/1328
f 179/209/1329 1156/1355/1329 180/210/1329
f 180/210/1330 1156/1355/1330 1142/1332/1330
f 180/210/1331 1142/1332/1331 186/216/1331
f 197/227/1332 196/226/1332 1157/1356/1332
f 1157/1356/1333 196/226/1333 1158/1357/1333
f 1157/1356/1334 1158/1357/1334 1159/1358/1334
f 1159/1358/1335 1158/1357/1335 1160/1359/1335
f 1159/1360/1336 1160/1361/1336 751/871/1336
f 751/871/1337 1160/1361/1337 750/870/1337
f 1144/1334/1338 1157/1356/1338 1143/1335/1338
f 1143/1335/1339 1157/1356/1339 1159/1358/1339
f 1143/1333/1340 1159/1360/1340 676/785/1340
f 676/785/1341 1159/1360/1341 751/871/1341
f 1144/1334/1342 199/229/1342 1157/1356/1342
f 1157/1356/1343 199/229/1343 198/228/1343
f 1157/1356/1344 198/228/1344 197/227/1344
f 1161/1362/1345 1162/1363/1345 1163/1364/1345
f 754/874/1346 750/870/1346 1164/1365/1346
f 1164/1365/1347 750/870/1347 1160/1361/1347
f 1164/1366/1348 1160/1359/1348 1163/1364/1348
f 1163/1364/1349 1160/1359/1349 1158/1357/1349
f 1163/1364/1350 1158/1357/1350 1161/1362/1350
f 1161/1362/1351 1158/1357/1351 196/226/1351
f 1165/1367/1352 1166/1368/1352 1167/1369/1352
f 1165/1367/1353 1167/1369/1353 1168/1370/1353
f 1168/1370/1354 1167/1369/1354 1169/1371/1354
f 1168/1370/1355 1169/1371/1355 1170/1372/1355
f 1170/1372/1356 1169/1371/1356 1171/1373/1356
f 1171/1373/1357 1169/1371/1357 1172/1374/1357
f 1171/1373/1358 1172/1374/1358 1173/1375/1358
f 1173/1375/1359 1172/1374/1359 1174/1376/1359
f 1173/1375/1360 1174/1376/1360 1175/1377/1360
f 1175/1377/1361 1174/1376/1361 1176/1378/1361
f 1176/1379/1362 1174/1380/1362 1177/1381/1362
f 1176/1379/1363 1177/1381/1363 1178/1382/1363
f 1178/1382/1364 1177/1381/1364 1179/1383/1364
f 1178/1382/1365 1179/1383/1365 1180/1384/1365
f 1162/1363/1366 1180/1384/1366 1163/1364/1366
f 1163/1364/1367 1180/1384/1367 1179/1383/1367
f 1163/1364/1368 1179/1383/1368 1164/1366/1368
f 754/874/1369 1164/1365/1369 1181/1385/1369
f 754/874/1370 1181/1385/1370 942/1092/1370
f 942/1092/1371 1181/1385/1371 1182/1386/1371
f 942/1092/1372 1182/1386/1372 918/1049/1372
f 918/1049/1373 1182/1386/1373 1183/1387/1373
f 918/1049/1374 1183/1387/1374 919/1050/1374
f 1164/1366/1375 1179/1383/1375 1181/1388/1375
f 1181/1388/1376 1179/1383/1376 1177/1381/1376
f 1181/1388/1377 1177/1381/1377 1182/1389/1377
f 1182/1386/1378 1177/1390/1378 1174/1376/1378
f 1182/1386/1379 1174/1376/1379 1183/1387/1379
f 1183/1387/1380 1174/1376/1380 1172/1374/1380
f 1183/1387/1381 1172/1374/1381 1184/1391/1381
f 1184/1391/1382 1172/1374/1382 1169/1371/1382
f 1184/1391/1383 1169/1371/1383 1185/1392/1383
f 1185/1392/1384 1169/1371/1384 1167/1369/1384
f 1185/1392/1385 1167/1369/1385 1186/1393/1385
f 1186/1393/1386 1167/1369/1386 1166/1368/1386
f 1186/1393/1387 1166/1368/1387 1187/1394/1387
f 919/1050/1388 1183/1387/1388 920/1051/1388
f 920/1051/1389 1183/1387/1389 1184/1391/1389
f 920/1051/1390 1184/1391/1390 916/1047/1390
f 916/1047/1391 1184/1391/1391 1185/1392/1391
f 916/1047/1392 1185/1392/1392 917/1048/1392
f 917/1048/1393 1185/1392/1393 1186/1393/1393
f 917/1048/1394 1186/1393/1394 914/1045/1394
f 914/1045/1395 1186/1393/1395 1187/1394/1395
f 914/1045/1396 1187/1394/1396 805/930/1396
f 1188/1395/1397 812/937/1397 811/936/1397
f 812/937/1398 1188/1395/1398 813/938/1398
f 1189/1396/1399 1190/1397/1399 806/931/1399
f 806/931/1400 1190/1397/1400 1191/1398/1400
f 806/931/1401 1191/1398/1401 807/932/1401
f 807/932/1402 1191/1398/1402 1192/1399/1402
f 807/932/1403 1192/1399/1403 809/934/1403
f 809/934/1404 1192/1399/1404 1193/1400/1404
f 809/934/1405 1193/1400/1405 810/935/1405
f 810/935/1406 1193/1400/1406 1194/1401/1406
f 810/935/1407 1194/1401/1407 811/936/1407
f 811/936/1408 1194/1401/1408 1195/1402/1408
f 811/936/1408 1195/1402/1408 1188/1395/1408
f 1165/1367/1409 1189/1396/1409 1166/1368/1409
f 1166/1368/1410 1189/1396/1410 806/931/1410
f 1166/1368/1411 806/931/1411 1187/1394/1411
f 1187/1394/1412 806/931/1412 805/930/1412
f 850/981/1413 1196/1403/1413 1197/1404/1413
f 828/953/1414 1198/1405/1414 1199/1406/1414
f 1200/1407/1415 1201/1408/1415 1202/1409/1415
f 1202/1409/1416 1201/1408/1416 1203/1410/1416
f 1204/1411/1417 895/1026/1417 889/1020/1417
f 880/1011/205 1205/1412/205 1206/1413/205
f 889/1020/830 885/1016/830 883/1014/830
f 1206/1413/205 1204/1411/205 880/1011/205
f 880/1011/1418 1204/1411/1418 889/1020/1418
f 880/1011/830 889/1020/830 882/1013/830
f 882/1013/830 889/1020/830 883/1014/830
f 1205/1412/205 880/1011/205 1207/1414/205
f 1207/1414/205 880/1011/205 877/1008/205
f 1207/1414/205 877/1008/205 1208/1415/205
f 1208/1415/205 877/1008/205 876/1007/205
f 1208/1415/205 876/1007/205 1209/1416/205
f 1209/1416/205 876/1007/205 874/1005/205
f 1209/1416/1419 874/1005/1419 1210/1417/1419
f 1210/1417/1419 874/1005/1419 873/1004/1419
f 1210/1417/1419 873/1004/1419 1211/1418/1419
f 1211/1418/1419 873/1004/1419 823/948/1419
f 1211/1418/1420 823/948/1420 1212/1419/1420
f 1212/1419/1420 823/948/1420 824/949/1420
f 1212/1419/1421 824/949/1421 1199/1406/1421
f 1199/1406/1421 824/949/1421 826/951/1421
f 1199/1406/1414 826/951/1414 828/953/1414
f 1198/1405/1422 828/953/1422 1213/1420/1422
f 1213/1420/1422 828/953/1422 830/955/1422
f 1213/1420/1423 830/955/1423 1214/1421/1423
f 830/955/1424 832/957/1424 1214/1421/1424
f 1214/1421/1425 832/957/1425 834/959/1425
f 1214/1421/1425 834/959/1425 1215/1422/1425
f 1215/1422/1426 834/959/1426 836/961/1426
f 1215/1422/1426 836/961/1426 1216/1423/1426
f 1216/1423/1427 836/961/1427 1217/1424/1427
f 1217/1424/1427 836/961/1427 838/963/1427
f 1217/1424/1427 838/963/1427 1218/1425/1427
f 838/963/1427 840/965/1427 1218/1425/1427
f 1218/1425/1428 840/965/1428 842/967/1428
f 1218/1425/1428 842/967/1428 1219/1426/1428
f 1219/1426/1429 842/967/1429 844/969/1429
f 1219/1426/1429 844/969/1429 1220/1427/1429
f 1220/1427/1430 844/969/1430 1221/1428/1430
f 1221/1428/1430 844/969/1430 846/1429/1430
f 1221/1428/1431 846/1429/1431 1197/1430/1431
f 1197/1430/1431 846/1429/1431 848/1431/1431
f 1197/1404/1413 848/979/1413 850/981/1413
f 1196/1403/1432 850/981/1432 1222/1432/1432
f 1222/1432/1432 850/981/1432 852/983/1432
f 1222/1432/1432 852/983/1432 1223/1433/1432
f 852/983/1432 854/985/1432 1223/1433/1432
f 1223/1433/1433 854/985/1433 856/987/1433
f 1223/1433/1433 856/987/1433 1224/1434/1433
f 1224/1434/1434 856/987/1434 858/989/1434
f 1224/1434/1434 858/989/1434 1225/1435/1434
f 1225/1435/1435 858/989/1435 1226/1436/1435
f 1226/1436/1436 858/989/1436 860/991/1436
f 1226/1436/1436 860/991/1436 1227/1437/1436
f 860/991/1436 862/993/1436 1227/1437/1436
f 1227/1437/1437 862/993/1437 864/995/1437
f 1227/1437/1437 864/995/1437 1228/1438/1437
f 1228/1438/1438 864/995/1438 866/997/1438
f 1228/1438/1438 866/997/1438 1229/1439/1438
f 1229/1439/1439 866/997/1439 1230/1440/1439
f 1230/1440/1439 866/997/1439 868/999/1439
f 1230/1440/1440 868/999/1440 1231/1441/1440
f 868/999/1441 870/1001/1441 1231/1441/1441
f 1231/1441/1442 870/1001/1442 818/943/1442
f 1231/1441/1442 818/943/1442 1232/1442/1442
f 1232/1442/1443 818/943/1443 1233/1443/1443
f 814/939/1444 1201/1408/1444 808/933/1444
f 808/933/1445 1201/1408/1445 1200/1407/1445
f 808/933/1446 1200/1407/1446 820/945/1446
f 820/434/1447 1200/434/1447 1233/434/1447
f 820/434/1447 1233/434/1447 816/434/1447
f 816/941/1443 1233/1443/1443 818/943/1443
f 1127/1304/1448 1128/1305/1448 1234/1444/1448
f 452/516/1449 1127/1304/1449 446/507/1449
f 446/507/1450 1127/1304/1450 1234/1444/1450
f 446/507/1451 1234/1444/1451 447/508/1451
f 447/508/1452 1234/1444/1452 1235/1445/1452
f 1236/1446/1453 449/510/1453 1235/1445/1453
f 1235/1445/1454 449/510/1454 448/509/1454
f 1235/1445/1455 448/509/1455 447/508/1455
f 1237/1447/1456 441/499/1456 1238/1448/1456
f 1238/1448/1457 441/499/1457 440/498/1457
f 1238/1448/1458 440/498/1458 1236/1446/1458
f 1236/1446/1459 440/498/1459 445/506/1459
f 1236/1446/1460 445/506/1460 449/510/1460
f 1239/1449/1461 443/501/1461 1237/1447/1461
f 1237/1447/1462 443/501/1462 442/500/1462
f 1237/1447/1462 442/500/1462 441/499/1462
f 435/491/1463 434/490/1463 1239/1449/1463
f 1239/1449/1464 434/490/1464 444/502/1464
f 1239/1449/1465 444/502/1465 443/501/1465
f 417/497/1466 439/496/1466 703/814/1466
f 703/814/1467 439/496/1467 438/494/1467
f 703/814/1468 438/494/1468 704/815/1468
f 704/815/1469 438/494/1469 437/493/1469
f 704/815/1470 437/493/1470 705/816/1470
f 705/816/1471 437/493/1471 436/492/1471
f 705/816/1472 436/492/1472 706/817/1472
f 706/817/1473 436/492/1473 435/491/1473
f 706/817/1474 435/491/1474 707/818/1474
f 435/491/1475 1239/1449/1475 707/818/1475
f 707/818/1476 1239/1449/1476 1237/1447/1476
f 707/818/1477 1237/1447/1477 700/811/1477
f 700/811/1478 1237/1447/1478 1238/1448/1478
f 700/811/1479 1238/1448/1479 701/812/1479
f 701/812/1480 1238/1448/1480 1236/1446/1480
f 701/812/1481 1236/1446/1481 710/821/1481
f 710/821/1482 1236/1446/1482 1235/1445/1482
f 710/821/1483 1235/1445/1483 711/822/1483
f 711/822/1484 1235/1445/1484 1234/1444/1484
f 711/822/1485 1234/1444/1485 712/823/1485
f 712/823/1486 1234/1444/1486 1128/1305/1486
f 712/823/1487 1128/1305/1487 649/749/1487
f 1240/1450/1488 708/819/1488 709/820/1488
f 1241/1451/1489 696/807/1489 695/806/1489
f 1242/1452/1490 691/802/1490 690/801/1490
f 1243/1453/1491 688/797/1491 689/800/1491
f 681/790/1492 680/789/1492 1244/1454/1492
f 1244/1454/1493 680/789/1493 1245/1455/1493
f 1244/1454/1494 1245/1455/1494 1246/1456/1494
f 1247/1457/1495 410/472/1495 1248/470/1495
f 1240/1450/1496 1247/1457/1496 708/819/1496
f 708/819/1497 1247/1457/1497 1248/470/1497
f 708/819/1498 1248/470/1498 702/813/1498
f 702/813/1499 1248/470/1499 413/468/1499
f 681/790/1500 1244/1454/1500 683/792/1500
f 683/792/1501 1244/1454/1501 1249/1458/1501
f 683/792/1500 1249/1458/1500 685/794/1500
f 685/794/1500 1249/1458/1500 1250/1459/1500
f 685/794/1502 1250/1459/1502 686/795/1502
f 686/795/1502 1250/1459/1502 1251/1460/1502
f 686/795/1502 1251/1460/1502 689/799/1502
f 689/799/1502 1251/1460/1502 1252/1461/1502
f 689/800/1491 1252/1462/1491 1243/1453/1491
f 688/797/1503 1243/1453/1503 687/796/1503
f 687/796/1503 1243/1453/1503 1253/1463/1503
f 687/796/1504 1253/1463/1504 690/801/1504
f 690/801/1503 1253/1463/1503 1254/1464/1503
f 690/801/1490 1254/1464/1490 1242/1452/1490
f 691/802/1505 1242/1452/1505 692/803/1505
f 692/803/1506 1242/1452/1506 1255/1465/1506
f 692/803/1507 1255/1465/1507 693/804/1507
f 693/804/1507 1255/1465/1507 1256/1466/1507
f 693/804/1508 1256/1466/1508 694/805/1508
f 694/805/1508 1256/1466/1508 1257/1467/1508
f 694/805/1508 1257/1467/1508 695/806/1508
f 695/806/1509 1257/1467/1509 1258/1468/1509
f 695/806/1489 1258/1468/1489 1241/1451/1489
f 696/807/1510 1241/1451/1510 697/808/1510
f 697/808/1510 1241/1451/1510 1259/1469/1510
f 697/808/1510 1259/1469/1510 698/809/1510
f 698/809/1510 1259/1469/1510 1260/1470/1510
f 698/809/1511 1260/1470/1511 699/810/1511
f 699/810/1511 1260/1470/1511 1261/1471/1511
f 699/810/1511 1261/1471/1511 709/820/1511
f 709/820/1511 1261/1471/1511 1262/1472/1511
f 709/820/1488 1262/1472/1488 1240/1450/1488
f 1111/1282/1512 1110/1281/1512 1263/1473/1512
f 1264/1474/1513 1265/1475/1513 1266/1476/1513
f 1266/1476/1514 1265/1475/1514 1267/1477/1514
f 1267/1477/1515 1268/1478/1515 1266/1476/1515
f 1266/1476/1516 1268/1478/1516 1269/1479/1516
f 1266/1476/1517 1269/1479/1517 1270/1480/1517
f 1271/1481/1518 1264/1474/1518 1272/1482/1518
f 1272/1482/1519 1264/1474/1519 1266/1476/1519
f 1272/1482/1520 1266/1476/1520 1273/1483/1520
f 1273/1483/1521 1266/1476/1521 1274/1484/1521
f 1273/1483/1522 1274/1484/1522 1275/1485/1522
f 1275/1485/1523 1274/1484/1523 1276/1486/1523
f 1277/1487/1524 1278/1488/1524 1279/1489/1524
f 1279/1489/1525 1278/1488/1525 1280/1490/1525
f 1279/1489/1526 1280/1490/1526 1281/1491/1526
f 1281/1492/1527 1280/1493/1527 1282/1494/1527
f 1281/1492/1528 1282/1494/1528 1274/1484/1528
f 1274/1495/1529 1282/1496/1529 1283/1497/1529
f 1274/1484/1523 1283/1498/1523 1276/1486/1523
f 1277/1487/1524 1279/1489/1524 1284/1499/1524
f 1284/1499/1530 1279/1489/1530 1285/1500/1530
f 1284/1499/1531 1285/1500/1531 1286/1501/1531
f 1287/1502/1532 1288/1503/1532 1289/1504/1532
f 1287/1502/1533 1289/1504/1533 1290/1505/1533
f 1289/1504/1534 1291/1506/1534 1290/1505/1534
f 1290/1505/1535 1291/1506/1535 1292/1507/1535
f 1290/1505/1536 1292/1507/1536 1285/1500/1536
f 1285/1500/1537 1292/1507/1537 1293/1508/1537
f 1285/1500/1531 1293/1508/1531 1286/1501/1531
f 1294/1509/1538 1295/1510/1538 1296/1511/1538
f 1296/1512/1539 1295/1513/1539 1297/1514/1539
f 1296/1512/1540 1297/1514/1540 1298/1515/1540
f 1298/1515/1541 1297/1514/1541 1299/1516/1541
f 1298/1515/1542 1299/1516/1542 1287/1502/1542
f 1287/1502/1543 1299/1516/1543 1300/1517/1543
f 1287/1502/1532 1300/1517/1532 1288/1503/1532
f 1294/1509/1544 1296/1511/1544 1301/1518/1544
f 1301/1518/1545 1296/1511/1545 1302/1519/1545
f 1301/1518/1546 1302/1519/1546 1303/1520/1546
f 1304/1521/1547 1305/1522/1547 1306/1523/1547
f 1304/1521/1548 1306/1523/1548 1307/1524/1548
f 1306/1523/1549 1308/1525/1549 1307/1524/1549
f 1307/1524/1550 1308/1525/1550 1309/1526/1550
f 1307/1524/1551 1309/1526/1551 1302/1519/1551
f 1302/1519/1552 1309/1526/1552 1310/1527/1552
f 1302/1519/1546 1310/1527/1546 1303/1520/1546
f 1311/1528/1553 1312/1529/1553 1313/1530/1553
f 1313/1530/1554 1312/1529/1554 1314/1531/1554
f 1313/1530/1554 1314/1531/1554 1315/1532/1554
f 1315/1532/1555 1314/1531/1555 1316/1533/1555
f 1315/1532/1556 1316/1533/1556 1304/1521/1556
f 1304/1521/1557 1316/1533/1557 1317/1534/1557
f 1304/1521/1547 1317/1534/1547 1305/1522/1547
f 1311/1528/1558 1313/1530/1558 1318/1535/1558
f 1318/1535/1559 1313/1530/1559 1319/1536/1559
f 1318/1535/1560 1319/1536/1560 1320/1537/1560
f 1321/1538/1561 1322/1539/1561 1323/1540/1561
f 1321/1538/1562 1323/1540/1562 1319/1536/1562
f 1319/1536/1563 1323/1540/1563 1324/1541/1563
f 1319/1536/1560 1324/1541/1560 1320/1537/1560
f 1322/1539/1564 1321/1538/1564 1325/1542/1564
f 1325/1542/1565 1321/1538/1565 1326/1543/1565
f 1325/1542/1566 1326/1543/1566 1327/1544/1566
f 1328/1545/1567 1329/1546/1567 1330/1547/1567
f 1330/1547/1568 1329/1546/1568 1331/1548/1568
f 1330/1547/1569 1331/1548/1569 1332/1549/1569
f 1332/1549/1570 1331/1548/1570 1333/1550/1570
f 1332/1551/1571 1333/1552/1571 1326/1543/1571
f 1326/1543/1572 1333/1552/1572 1334/1553/1572
f 1326/1543/1566 1334/1553/1566 1327/1544/1566
f 1328/1545/1567 1330/1547/1567 1335/1554/1567
f 1335/1554/1573 1330/1547/1573 1336/1555/1573
f 1335/1554/1574 1336/1555/1574 1337/1556/1574
f 1338/1557/1575 1339/1558/1575 1340/1559/1575
f 1338/1557/1576 1340/1559/1576 1336/1555/1576
f 1336/1555/1577 1340/1559/1577 1341/1560/1577
f 1336/1555/1574 1341/1560/1574 1337/1556/1574
f 1339/1558/1578 1338/1557/1578 1342/1561/1578
f 1342/1561/1579 1338/1557/1579 1343/1562/1579
f 1342/1561/1580 1343/1562/1580 1344/1563/1580
f 1345/1564/1581 1346/1565/1581 1347/1566/1581
f 1347/1566/1582 1346/1565/1582 1348/1567/1582
f 1347/1566/1583 1348/1567/1583 1349/1568/1583
f 1349/1568/1584 1348/1567/1584 1350/1569/1584
f 1349/1568/1585 1350/1569/1585 1343/1562/1585
f 1343/1562/1586 1350/1569/1586 1351/1570/1586
f 1343/1562/1580 1351/1570/1580 1344/1563/1580
f 1345/1564/1581 1347/1566/1581 1352/1571/1581
f 1352/1572/1587 1347/1573/1587 1353/1574/1587
f 1352/1572/1588 1353/1574/1588 1354/1575/1588
f 1355/1576/1589 788/907/1589 1353/1574/1589
f 1353/1574/1590 788/907/1590 1356/1577/1590
f 1353/1574/1588 1356/1577/1588 1354/1575/1588
f 797/918/1591 795/916/1591 1355/1576/1591
f 1355/1576/1592 795/916/1592 794/915/1592
f 1355/1576/1593 794/915/1593 788/907/1593
f 788/907/1594 794/915/1594 801/924/1594
f 788/907/1595 801/924/1595 567/646/1595
f 797/918/1596 1355/1576/1596 1112/1283/1596
f 1112/1283/1597 1355/1576/1597 1357/1578/1597
f 1112/1283/1598 1357/1578/1598 1106/1277/1598
f 1110/1281/1512 1109/1280/1512 1263/1473/1512
f 1263/1473/1599 1109/1280/1599 1108/1279/1599
f 1263/1473/1600 1108/1279/1600 1357/1578/1600
f 1357/1578/1601 1108/1279/1601 1107/1278/1601
f 1357/1578/1598 1107/1278/1598 1106/1277/1598
f 1358/1579/1602 1359/1580/1602 1360/1581/1602
f 1360/1581/1602 1359/1580/1602 1361/1582/1602
f 1361/1582/1603 1362/1583/1603 1360/1581/1603
f 1360/1581/1604 1362/1583/1604 1363/1584/1604
f 1360/1581/1605 1363/1584/1605 1263/1473/1605
f 1263/1473/1606 1363/1584/1606 1098/1265/1606
f 1263/1473/1607 1098/1265/1607 1111/1282/1607
f 1269/1479/1608 1364/1585/1608 1270/1480/1608
f 1270/1480/1608 1364/1585/1608 1365/1586/1608
f 1270/1480/1609 1365/1586/1609 1360/1581/1609
f 1360/1581/1610 1365/1586/1610 1366/1587/1610
f 1360/1581/1611 1366/1587/1611 1358/1579/1611
f 1363/1584/1612 1362/1583/1612 1367/1588/1612
f 1367/1588/1613 1362/1583/1613 1368/1589/1613
f 1367/1588/1614 1368/1589/1614 1369/1590/1614
f 1369/1590/1615 1368/1589/1615 1370/1591/1615
f 1369/1592/1616 1370/1593/1616 1245/1455/1616
f 1245/1455/1617 1370/1593/1617 1246/1456/1617
f 1098/1265/1618 1363/1584/1618 1096/1262/1618
f 1096/1262/1619 1363/1584/1619 1367/1588/1619
f 1096/1262/1620 1367/1588/1620 1095/1263/1620
f 1095/1263/1621 1367/1588/1621 1369/1590/1621
f 1095/1261/1622 1369/1592/1622 680/789/1622
f 680/789/1623 1369/1592/1623 1245/1455/1623
f 951/1102/1624 953/1104/1624 1371/1594/1624
f 949/1099/1625 1024/1179/1625 1372/1595/1625
f 1030/1185/1626 1028/1183/1626 1373/1596/1626
f 1017/1172/1627 1016/1171/1627 1374/1597/1627
f 1375/1598/1628 1376/1599/1628 1377/1600/1628
f 1378/1601/1629 1379/1602/1629 1380/1603/1629
f 1354/1575/1630 1356/1577/1630 1381/1604/1630
f 1345/1564/1631 1352/1571/1631 1382/1605/1631
f 1350/1569/1632 1348/1567/1632 1383/1606/1632
f 1337/1556/1633 1341/1560/1633 1384/1607/1633
f 1328/1545/1634 1335/1554/1634 1385/1608/1634
f 1333/1550/1635 1331/1548/1635 1386/1609/1635
f 1320/1537/1636 1324/1541/1636 1387/1610/1636
f 1316/1533/1637 1314/1531/1637 1375/1598/1637
f 1305/1522/1638 1317/1534/1638 1388/1611/1638
f 1309/1526/1639 1308/1525/1639 1389/1612/1639
f 1288/1613/1640 1300/1614/1640 1390/1615/1640
f 1291/1616/1641 1289/1617/1641 1391/1618/1641
f 1286/1619/1642 1293/1620/1642 1392/1621/1642
f 1280/1622/1643 1278/1623/1643 1393/1624/1643
f 1282/1494/1644 1280/1493/1644 1394/1625/1644
f 1395/1626/1645 1396/1627/1645 1397/1628/1645
f 1398/1629/1646 1399/1630/1646 1400/1631/1646
f 1094/1260/1647 1093/1259/1647 1381/1632/1647
f 784/903/1648 954/1105/1648 1073/1236/1648
f 1073/1236/1649 954/1105/1649 1401/1633/1649
f 1073/1236/1650 1401/1633/1650 1072/1235/1650
f 1091/1257/1651 1090/1256/1651 1402/1634/1651
f 1402/1634/1652 1090/1256/1652 1077/1240/1652
f 1402/1634/1653 1077/1240/1653 1401/1633/1653
f 1401/1633/1654 1077/1240/1654 1071/1234/1654
f 1401/1633/1654 1071/1234/1654 1072/1235/1654
f 1094/1260/1655 1381/1632/1655 1087/1251/1655
f 1081/1243/1656 1356/1577/1656 1079/1241/1656
f 1079/1241/1657 1356/1577/1657 788/907/1657
f 1081/1243/1658 1083/1245/1658 1356/1577/1658
f 1356/1577/1659 1083/1245/1659 1089/1255/1659
f 1356/1577/1660 1089/1255/1660 1381/1604/1660
f 1381/1604/1661 1089/1255/1661 1088/1254/1661
f 1381/1604/1661 1088/1254/1661 1087/1253/1661
f 1400/1631/1662 1399/1630/1662 1273/1483/1662
f 1273/1483/1663 1399/1630/1663 1403/1635/1663
f 1273/1483/1664 1403/1635/1664 1404/1636/1664
f 1404/1636/1665 1405/1637/1665 1273/1483/1665
f 1273/1483/1666 1405/1637/1666 1406/1638/1666
f 1273/1483/1667 1406/1638/1667 1272/1482/1667
f 1397/1628/1668 1396/1627/1668 1407/1639/1668
f 1407/1639/1669 1396/1627/1669 1408/1640/1669
f 1407/1639/1670 1408/1640/1670 1400/1641/1670
f 1400/1641/1671 1408/1640/1671 1409/1642/1671
f 1400/1631/1672 1409/1643/1672 1398/1629/1672
f 957/1108/1673 956/1107/1673 1410/1644/1673
f 1410/1644/1674 956/1107/1674 1411/1645/1674
f 1411/1645/1675 1412/1646/1675 1410/1644/1675
f 1410/1644/1676 1412/1646/1676 1413/1647/1676
f 1410/1644/1677 1413/1647/1677 1397/1628/1677
f 1397/1628/1678 1413/1647/1678 1414/1648/1678
f 1397/1628/1679 1414/1648/1679 1395/1626/1679
f 1273/1483/1680 1275/1485/1680 1400/1631/1680
f 1400/1631/1681 1275/1485/1681 1276/1486/1681
f 1400/1631/1682 1276/1486/1682 1407/1649/1682
f 1407/1649/1683 1276/1486/1683 1283/1498/1683
f 1407/1649/1644 1283/1498/1644 1282/1494/1644
f 1286/1619/1684 1392/1621/1684 1284/1650/1684
f 1301/1518/1685 1379/1651/1685 1294/1509/1685
f 1294/1509/1685 1379/1651/1685 1378/1652/1685
f 1294/1509/1685 1378/1652/1685 1295/1510/1685
f 1295/1653/1686 1378/1601/1686 1297/1654/1686
f 1303/1520/1687 1310/1527/1687 1415/1655/1687
f 1415/1655/1639 1310/1527/1639 1309/1526/1639
f 1308/1525/1688 1306/1523/1688 1416/1656/1688
f 1416/1656/1689 1306/1523/1689 1305/1522/1689
f 1375/1598/1690 1314/1531/1690 1376/1599/1690
f 1376/1599/1690 1314/1531/1690 1312/1529/1690
f 1376/1599/1691 1312/1529/1691 1311/1528/1691
f 1320/1537/1636 1387/1610/1636 1318/1535/1636
f 1324/1541/1692 1323/1540/1692 1417/1657/1692
f 1417/1657/1693 1323/1540/1693 1322/1539/1693
f 1322/1539/1693 1325/1542/1693 1418/1658/1693
f 1418/1658/1694 1325/1542/1694 1327/1544/1694
f 1327/1544/1694 1334/1553/1694 1419/1659/1694
f 1419/1660/1635 1334/1661/1635 1333/1550/1635
f 1331/1548/1695 1329/1546/1695 1420/1662/1695
f 1420/1662/1634 1329/1546/1634 1328/1545/1634
f 1337/1556/1696 1384/1607/1696 1335/1554/1696
f 1341/1560/1697 1340/1559/1697 1421/1663/1697
f 1421/1663/1698 1340/1559/1698 1339/1558/1698
f 1339/1558/1699 1342/1561/1699 1422/1664/1699
f 1422/1664/1700 1342/1561/1700 1344/1563/1700
f 1344/1563/1701 1351/1570/1701 1423/1665/1701
f 1423/1665/1632 1351/1570/1632 1350/1569/1632
f 1348/1567/1702 1346/1565/1702 1424/1666/1702
f 1424/1666/1631 1346/1565/1631 1345/1564/1631
f 1091/1257/1703 1402/1634/1703 1093/1259/1703
f 1093/1259/1704 1402/1634/1704 1382/1605/1704
f 1093/1259/1705 1382/1605/1705 1381/1632/1705
f 1381/1604/1630 1382/1667/1630 1352/1572/1630
f 1381/1604/1630 1352/1572/1630 1354/1575/1630
f 1425/1668/1706 1380/1603/1706 1426/1669/1706
f 1426/1670/1707 1380/1671/1707 1379/1651/1707
f 1426/1670/1708 1379/1651/1708 1415/1655/1708
f 1415/1655/1687 1379/1651/1687 1301/1518/1687
f 1415/1655/1687 1301/1518/1687 1303/1520/1687
f 1427/1672/1709 1377/1600/1709 1428/1673/1709
f 1428/1673/1710 1377/1600/1710 1376/1599/1710
f 1428/1673/1710 1376/1599/1710 1429/1674/1710
f 1429/1674/1691 1376/1599/1691 1311/1528/1691
f 1429/1674/1691 1311/1528/1691 1318/1535/1691
f 1430/1675/1711 1431/1676/1711 1432/1677/1711
f 944/1094/1712 943/1093/1712 1433/1678/1712
f 1433/1678/1713 943/1093/1713 1430/1675/1713
f 1433/1678/1714 1430/1675/1714 1434/1679/1714
f 1434/1679/1711 1430/1675/1711 1432/1677/1711
f 1434/1679/1715 1432/1677/1715 1393/1624/1715
f 1277/1680/1716 1284/1650/1716 1435/1681/1716
f 1435/1681/1684 1284/1650/1684 1392/1621/1684
f 1435/1681/1717 1392/1621/1717 1436/1682/1717
f 1436/1682/1718 1392/1621/1718 1437/1683/1718
f 1436/1682/1719 1437/1683/1719 1438/1684/1719
f 1438/1684/1720 1437/1683/1720 1439/1685/1720
f 1293/1620/1721 1292/1686/1721 1392/1621/1721
f 1392/1621/1721 1292/1686/1721 1440/1687/1721
f 1392/1621/1718 1440/1687/1718 1437/1683/1718
f 1437/1683/1722 1440/1687/1722 1441/1688/1722
f 1437/1683/1720 1441/1688/1720 1439/1685/1720
f 1439/1685/1723 1441/1688/1723 1442/1689/1723
f 1439/1685/1724 1442/1689/1724 980/1131/1724
f 980/1131/1725 1442/1689/1725 982/1133/1725
f 1289/1617/1726 1288/1613/1726 1391/1618/1726
f 1391/1618/1640 1288/1613/1640 1390/1615/1640
f 1391/1618/1727 1390/1615/1727 1443/1690/1727
f 1443/1690/1728 1390/1615/1728 1444/1691/1728
f 1443/1690/1729 1444/1691/1729 1445/1692/1729
f 1445/1692/1730 1444/1691/1730 1446/1693/1730
f 1300/1614/1731 1299/1694/1731 1390/1615/1731
f 1390/1615/1731 1299/1694/1731 1447/1695/1731
f 1390/1615/1728 1447/1695/1728 1444/1691/1728
f 1444/1691/1732 1447/1695/1732 1448/1696/1732
f 1444/1691/1730 1448/1696/1730 1446/1693/1730
f 1446/1693/1733 1448/1696/1733 1449/1697/1733
f 1446/1693/1734 1449/1697/1734 989/1140/1734
f 989/1140/1735 1449/1697/1735 991/1142/1735
f 1450/1698/1736 1451/1699/1736 1452/1700/1736
f 1008/1701/1737 1007/1702/1737 1453/1703/1737
f 1453/1703/1738 1007/1702/1738 1450/1698/1738
f 1453/1703/1739 1450/1698/1739 1454/1704/1739
f 1454/1704/1736 1450/1698/1736 1452/1700/1736
f 1454/1704/1740 1452/1700/1740 1388/1611/1740
f 1282/1494/1644 1394/1625/1644 1407/1649/1644
f 1407/1639/1741 1394/1705/1741 1455/1706/1741
f 1407/1639/1741 1455/1706/1741 1397/1628/1741
f 1397/1628/1742 1455/1706/1742 1456/1707/1742
f 1397/1628/1742 1456/1707/1742 1410/1644/1742
f 1410/1644/1743 1456/1707/1743 959/1110/1743
f 1410/1644/1743 959/1110/1743 957/1108/1743
f 1280/1622/1643 1393/1624/1643 1394/1705/1643
f 1394/1705/1744 1393/1624/1744 1432/1677/1744
f 1394/1705/1744 1432/1677/1744 1455/1706/1744
f 1455/1706/1745 1432/1677/1745 1431/1676/1745
f 1455/1706/1745 1431/1676/1745 1456/1707/1745
f 1456/1707/1746 1431/1676/1746 961/1112/1746
f 1456/1707/1747 961/1112/1747 959/1110/1747
f 943/1093/1713 968/1119/1713 1430/1675/1713
f 1430/1675/1748 968/1119/1748 964/1115/1748
f 1430/1675/1748 964/1115/1748 1431/1676/1748
f 1431/1676/1748 964/1115/1748 967/1118/1748
f 1431/1676/1746 967/1118/1746 961/1112/1746
f 1278/1623/1716 1277/1680/1716 1393/1624/1716
f 1393/1624/1716 1277/1680/1716 1435/1681/1716
f 1393/1624/1715 1435/1681/1715 1434/1679/1715
f 1434/1679/1749 1435/1681/1749 1436/1682/1749
f 1434/1679/1714 1436/1682/1714 1433/1678/1714
f 1433/1678/1719 1436/1682/1719 1438/1684/1719
f 1433/1678/1712 1438/1684/1712 944/1094/1712
f 980/1131/1724 978/1129/1724 1439/1685/1724
f 1439/1685/1750 978/1129/1750 974/1125/1750
f 1439/1685/1750 974/1125/1750 1438/1684/1750
f 1438/1684/1750 974/1125/1750 973/1124/1750
f 1438/1684/1712 973/1124/1712 944/1094/1712
f 1292/1686/1751 1291/1616/1751 1440/1687/1751
f 1440/1687/1641 1291/1616/1641 1391/1618/1641
f 1440/1687/1722 1391/1618/1722 1441/1688/1722
f 1441/1688/1727 1391/1618/1727 1443/1690/1727
f 1441/1688/1723 1443/1690/1723 1442/1689/1723
f 1442/1689/1729 1443/1690/1729 1445/1692/1729
f 1442/1689/1752 1445/1692/1752 982/1133/1752
f 989/1140/1734 987/1138/1734 1446/1693/1734
f 1446/1693/1753 987/1138/1753 985/1136/1753
f 1446/1693/1753 985/1136/1753 1445/1692/1753
f 1445/1692/1753 985/1136/1753 983/1134/1753
f 1445/1692/1752 983/1134/1752 982/1133/1752
f 992/1143/1735 991/1142/1735 1425/1668/1735
f 1425/1668/1735 991/1142/1735 1449/1697/1735
f 1425/1668/1706 1449/1697/1706 1380/1603/1706
f 1380/1603/1754 1449/1697/1754 1448/1696/1754
f 1380/1603/1629 1448/1696/1629 1378/1601/1629
f 1378/1601/1755 1448/1696/1755 1447/1695/1755
f 1378/1601/1686 1447/1695/1686 1297/1654/1686
f 1297/1654/1731 1447/1695/1731 1299/1694/1731
f 1457/1708/1756 997/1148/1756 994/1145/1756
f 1309/1526/1639 1389/1612/1639 1415/1655/1639
f 1415/1655/1757 1389/1612/1757 1458/1709/1757
f 1415/1655/1757 1458/1709/1757 1426/1670/1757
f 1426/1669/1758 1458/1710/1758 1457/1708/1758
f 1426/1669/1758 1457/1708/1758 1425/1668/1758
f 1425/1668/1756 1457/1708/1756 994/1145/1756
f 1425/1668/1756 994/1145/1756 992/1143/1756
f 1308/1525/1688 1416/1656/1688 1389/1612/1688
f 1389/1612/1759 1416/1656/1759 1459/1711/1759
f 1389/1612/1759 1459/1711/1759 1458/1709/1759
f 1458/1709/1760 1459/1711/1760 1460/1712/1760
f 1458/1709/1760 1460/1712/1760 1457/1713/1760
f 1457/1708/1761 1460/1714/1761 998/1149/1761
f 1457/1708/1761 998/1149/1761 997/1148/1761
f 1305/1522/1689 1388/1611/1689 1416/1656/1689
f 1416/1656/1762 1388/1611/1762 1452/1700/1762
f 1416/1656/1762 1452/1700/1762 1459/1711/1762
f 1459/1711/1763 1452/1700/1763 1451/1699/1763
f 1459/1711/1763 1451/1699/1763 1460/1712/1763
f 1460/1714/1764 1451/1715/1764 1000/1151/1764
f 1460/1714/1764 1000/1151/1764 998/1149/1764
f 1007/1702/1738 1005/1716/1738 1450/1698/1738
f 1450/1698/1765 1005/1716/1765 1004/1717/1765
f 1450/1698/1765 1004/1717/1765 1451/1699/1765
f 1451/1699/1765 1004/1717/1765 1002/1718/1765
f 1451/1715/1764 1002/1153/1764 1000/1151/1764
f 1010/1164/1737 1008/1701/1737 1427/1672/1737
f 1427/1672/1737 1008/1701/1737 1453/1703/1737
f 1427/1672/1709 1453/1703/1709 1377/1600/1709
f 1377/1600/1739 1453/1703/1739 1454/1704/1739
f 1377/1600/1628 1454/1704/1628 1375/1598/1628
f 1375/1598/1740 1454/1704/1740 1388/1611/1740
f 1375/1598/1637 1388/1611/1637 1316/1533/1637
f 1316/1533/1637 1388/1611/1637 1317/1534/1637
f 1461/1719/1766 1014/1167/1766 1012/1165/1766
f 1318/1535/1767 1387/1610/1767 1429/1674/1767
f 1429/1674/1768 1387/1610/1768 1462/1720/1768
f 1429/1674/1768 1462/1720/1768 1428/1673/1768
f 1428/1673/1769 1462/1720/1769 1461/1719/1769
f 1428/1673/1769 1461/1719/1769 1427/1672/1769
f 1427/1672/1766 1461/1719/1766 1012/1165/1766
f 1427/1672/1766 1012/1165/1766 1010/1164/1766
f 1324/1541/1692 1417/1657/1692 1387/1610/1692
f 1387/1610/1770 1417/1657/1770 1463/1721/1770
f 1387/1610/1770 1463/1721/1770 1462/1720/1770
f 1462/1720/1771 1463/1721/1771 1374/1722/1771
f 1462/1720/1771 1374/1722/1771 1461/1719/1771
f 1461/1719/1772 1374/1722/1772 1016/1723/1772
f 1461/1719/1772 1016/1723/1772 1014/1167/1772
f 1322/1539/1693 1418/1658/1693 1417/1657/1693
f 1417/1657/1773 1418/1658/1773 1464/1724/1773
f 1417/1657/1773 1464/1724/1773 1463/1721/1773
f 1463/1721/1774 1464/1724/1774 1465/1725/1774
f 1463/1721/1774 1465/1725/1774 1374/1722/1774
f 1374/1597/1627 1465/1726/1627 1019/1174/1627
f 1374/1597/1627 1019/1174/1627 1017/1172/1627
f 1466/1727/1775 1027/1182/1775 1021/1176/1775
f 1327/1544/1694 1419/1659/1694 1418/1658/1694
f 1418/1658/1776 1419/1659/1776 1467/1728/1776
f 1418/1658/1777 1467/1728/1777 1464/1724/1777
f 1464/1729/1778 1467/1730/1778 1466/1727/1778
f 1464/1729/1778 1466/1727/1778 1465/1726/1778
f 1465/1726/1775 1466/1727/1775 1021/1176/1775
f 1465/1726/1775 1021/1176/1775 1019/1174/1775
f 1333/1550/1635 1386/1609/1635 1419/1660/1635
f 1419/1660/1779 1386/1609/1779 1468/1731/1779
f 1419/1660/1779 1468/1731/1779 1467/1730/1779
f 1467/1730/1780 1468/1731/1780 1373/1596/1780
f 1467/1730/1781 1373/1596/1781 1466/1727/1781
f 1466/1727/1782 1373/1596/1782 1028/1183/1782
f 1466/1727/1782 1028/1183/1782 1027/1182/1782
f 1331/1548/1695 1420/1662/1695 1386/1609/1695
f 1386/1609/1783 1420/1662/1783 1469/1732/1783
f 1386/1609/1783 1469/1732/1783 1468/1731/1783
f 1468/1731/1784 1469/1732/1784 1470/1733/1784
f 1468/1731/1784 1470/1733/1784 1373/1596/1784
f 1373/1596/1626 1470/1733/1626 1032/1187/1626
f 1373/1596/1626 1032/1187/1626 1030/1185/1626
f 1471/1734/1785 1035/1190/1785 1034/1189/1785
f 1328/1545/1634 1385/1608/1634 1420/1662/1634
f 1420/1662/1786 1385/1608/1786 1472/1735/1786
f 1420/1662/1786 1472/1735/1786 1469/1732/1786
f 1469/1732/1787 1472/1735/1787 1471/1734/1787
f 1469/1732/1787 1471/1734/1787 1470/1733/1787
f 1470/1733/1788 1471/1734/1788 1034/1189/1788
f 1470/1733/1788 1034/1189/1788 1032/1187/1788
f 1335/1554/1696 1384/1607/1696 1385/1608/1696
f 1385/1608/1789 1384/1607/1789 1473/1736/1789
f 1385/1608/1789 1473/1736/1789 1472/1735/1789
f 1472/1735/1790 1473/1736/1790 1372/1595/1790
f 1472/1735/1790 1372/1595/1790 1471/1734/1790
f 1471/1734/1791 1372/1595/1791 1024/1179/1791
f 1471/1734/1791 1024/1179/1791 1035/1190/1791
f 1341/1560/1697 1421/1663/1697 1384/1607/1697
f 1384/1607/1792 1421/1663/1792 1474/1737/1792
f 1384/1607/1792 1474/1737/1792 1473/1736/1792
f 1473/1736/1793 1474/1737/1793 1475/1738/1793
f 1473/1736/1793 1475/1738/1793 1372/1595/1793
f 1372/1595/1625 1475/1738/1625 948/1098/1625
f 1372/1595/1625 948/1098/1625 949/1099/1625
f 1476/1739/1794 952/1103/1794 947/1097/1794
f 1339/1558/1699 1422/1664/1699 1421/1663/1699
f 1421/1663/1795 1422/1664/1795 1477/1740/1795
f 1421/1663/1795 1477/1740/1795 1474/1737/1795
f 1474/1737/1796 1477/1740/1796 1476/1739/1796
f 1474/1737/1796 1476/1739/1796 1475/1738/1796
f 1475/1738/1794 1476/1739/1794 947/1097/1794
f 1475/1738/1794 947/1097/1794 948/1098/1794
f 1344/1563/1701 1423/1665/1701 1422/1664/1701
f 1422/1664/1797 1423/1665/1797 1478/1741/1797
f 1422/1664/1797 1478/1741/1797 1477/1740/1797
f 1477/1740/1798 1478/1741/1798 1371/1594/1798
f 1477/1740/1799 1371/1594/1799 1476/1739/1799
f 1476/1739/1800 1371/1594/1800 953/1104/1800
f 1476/1739/1800 953/1104/1800 952/1103/1800
f 1350/1569/1632 1383/1606/1632 1423/1665/1632
f 1423/1665/1801 1383/1606/1801 1479/1742/1801
f 1423/1665/1801 1479/1742/1801 1478/1741/1801
f 1478/1741/1802 1479/1742/1802 1480/1743/1802
f 1478/1741/1802 1480/1743/1802 1371/1594/1802
f 1371/1594/1624 1480/1743/1624 950/1101/1624
f 1371/1594/1624 950/1101/1624 951/1102/1624
f 1481/1744/1803 955/1106/1803 946/1096/1803
f 1348/1567/1702 1424/1666/1702 1383/1606/1702
f 1383/1606/1804 1424/1666/1804 1482/1745/1804
f 1383/1606/1804 1482/1745/1804 1479/1742/1804
f 1479/1742/1805 1482/1745/1805 1481/1744/1805
f 1479/1742/1805 1481/1744/1805 1480/1743/1805
f 1480/1743/1806 1481/1744/1806 946/1096/1806
f 1480/1743/1806 946/1096/1806 950/1101/1806
f 1345/1564/1631 1382/1605/1631 1424/1666/1631
f 1424/1666/1807 1382/1605/1807 1402/1634/1807
f 1424/1666/1807 1402/1634/1807 1482/1745/1807
f 1482/1745/1808 1402/1634/1808 1401/1633/1808
f 1482/1745/1808 1401/1633/1808 1481/1744/1808
f 1481/1744/1809 1401/1633/1809 954/1105/1809
f 1481/1744/1809 954/1105/1809 955/1106/1809
f 1483/1746/1810 1484/1747/1810 1485/1748/1810
f 1485/1748/1810 1484/1747/1810 1486/1749/1810
f 1485/1748/1811 1486/1749/1811 1487/1750/1811
f 1487/1750/1810 1486/1749/1810 1488/1751/1810
f 1247/1457/1810 1489/1752/1810 1490/1753/1810
f 1490/1753/1810 1491/1754/1810 1247/1457/1810
f 1247/1457/1810 1491/1754/1810 1492/1755/1810
f 1247/1457/1810 1492/1755/1810 1493/1756/1810
f 383/434/1810 410/434/1810 1494/434/1810
f 1494/1757/1810 410/472/1810 1247/1457/1810
f 1494/1757/1812 1247/1457/1812 1495/1758/1812
f 1495/1758/1813 1247/1457/1813 1493/1756/1813
f 1249/1458/1814 1496/1759/1814 1497/1760/1814
f 1249/1458/1815 1497/1760/1815 1250/1459/1815
f 1250/1459/1816 1497/1760/1816 1498/1761/1816
f 1250/1459/1817 1498/1761/1817 1251/1460/1817
f 1251/1460/1818 1498/1761/1818 1499/1762/1818
f 1251/1460/1819 1499/1762/1819 1252/1461/1819
f 1252/1461/1820 1499/1762/1820 1500/1763/1820
f 1252/1462/1821 1500/1764/1821 1243/1453/1821
f 1243/1453/1822 1500/1764/1822 1501/1765/1822
f 1243/1453/1823 1501/1765/1823 1253/1463/1823
f 1253/1463/1824 1501/1765/1824 1502/1766/1824
f 1253/1463/1825 1502/1766/1825 1254/1464/1825
f 1254/1464/1826 1502/1766/1826 1503/1767/1826
f 1254/1464/1827 1503/1767/1827 1242/1452/1827
f 1242/1452/1828 1503/1767/1828 1504/1768/1828
f 1242/1452/1829 1504/1768/1829 1255/1465/1829
f 1255/1465/1830 1504/1768/1830 1505/1769/1830
f 1255/1465/1831 1505/1769/1831 1256/1466/1831
f 1256/1466/1832 1505/1769/1832 1506/1770/1832
f 1256/1466/1833 1506/1770/1833 1257/1467/1833
f 1257/1467/1834 1506/1770/1834 1507/1771/1834
f 1257/1467/1835 1507/1771/1835 1258/1468/1835
f 1258/1468/1836 1507/1771/1836 1508/1772/1836
f 1258/1468/1837 1508/1772/1837 1241/1451/1837
f 1241/1451/1838 1508/1772/1838 1509/1773/1838
f 1241/1451/1839 1509/1773/1839 1259/1469/1839
f 1259/1469/1840 1509/1773/1840 1510/1774/1840
f 1259/1469/1841 1510/1774/1841 1260/1470/1841
f 1260/1470/1842 1510/1774/1842 1511/1775/1842
f 1260/1470/1843 1511/1775/1843 1261/1471/1843
f 1261/1471/1844 1511/1775/1844 1512/1776/1844
f 1261/1471/1845 1512/1776/1845 1262/1472/1845
f 1262/1472/1846 1512/1776/1846 1513/1777/1846
f 1262/1472/1847 1513/1777/1847 1240/1450/1847
f 1240/1450/1810 1513/1777/1810 1487/1750/1810
f 1240/1450/1810 1487/1750/1810 1247/1457/1810
f 1247/1457/1810 1487/1750/1810 1488/1751/1810
f 1247/1457/1810 1488/1751/1810 1489/1752/1810
f 1244/1454/1848 1246/1456/1848 1514/1778/1848
f 1244/1454/1849 1514/1778/1849 1249/1458/1849
f 1249/1458/1850 1514/1778/1850 1515/1779/1850
f 1249/1458/1851 1515/1779/1851 1496/1759/1851
f 1515/1779/1852 1516/1780/1852 1496/1759/1852
f 1496/1759/1853 1516/1780/1853 1517/1781/1853
f 1496/1759/1854 1517/1781/1854 1518/1782/1854
f 1519/1783/1855 1520/1784/1855 1518/1782/1855
f 1518/1782/1856 1520/1784/1856 1521/1785/1856
f 1518/1782/1857 1521/1785/1857 1496/1759/1857
f 1522/1786/1858 1523/1787/1858 1524/1788/1858
f 1524/1788/1858 1523/1787/1858 1525/1789/1858
f 1526/1790/1858 1527/1791/1858 1528/1792/1858
f 1529/1793/1858 1530/1794/1858 1531/1795/1858
f 1531/1795/1858 1530/1794/1858 1532/1796/1858
f 1531/1795/1858 1532/1796/1858 1533/1797/1858
f 1534/1798/1858 1535/1799/1858 1536/1800/1858
f 1536/1800/1858 1535/1799/1858 1537/1801/1858
f 1536/1800/1858 1537/1801/1858 1538/1802/1858
f 1532/1796/1858 1523/1787/1858 1533/1797/1858
f 1533/1797/1858 1523/1787/1858 1522/1786/1858
f 1533/1797/1858 1522/1786/1858 1528/1792/1858
f 1528/1792/1858 1522/1786/1858 1539/1803/1858
f 1528/1792/1858 1539/1803/1858 1526/1790/1858
f 1540/1804/1858 1541/1805/1858 1529/1793/1858
f 1529/1793/1858 1541/1805/1858 1542/1806/1858
f 1529/1793/1858 1542/1806/1858 1530/1794/1858
f 1543/1807/1858 1544/1808/1858 1545/1809/1858
f 1545/1809/1858 1544/1808/1858 1546/1810/1858
f 1545/1809/1858 1546/1810/1858 1547/1811/1858
f 1547/1811/1858 1546/1810/1858 1536/1800/1858
f 1547/1811/1858 1536/1800/1858 1548/1812/1858
f 1548/1812/1858 1536/1800/1858 1538/1802/1858
f 1549/1813/1858 1550/1814/1858 1551/1815/1858
f 1551/1815/1858 1550/1814/1858 1552/1816/1858
f 1551/1815/1858 1552/1816/1858 1553/1817/1858
f 1552/1816/1858 1554/1818/1858 1553/1817/1858
f 1553/1817/1858 1554/1818/1858 1555/1819/1858
f 1553/1817/1858 1555/1819/1858 1556/1820/1858
f 1556/1820/1858 1555/1819/1858 1557/1821/1858
f 1556/1820/1858 1557/1821/1858 1540/1804/1858
f 1540/1804/1858 1557/1821/1858 1558/1822/1858
f 1540/1804/1858 1558/1822/1858 1541/1805/1858
f 1536/1800/1858 1559/1823/1858 1534/1798/1858
f 1534/1798/1858 1559/1823/1858 1560/1824/1858
f 1534/1798/1858 1560/1824/1858 1561/1825/1858
f 1561/1825/1858 1560/1824/1858 1562/1826/1858
f 1561/1825/1858 1562/1826/1858 1549/1813/1858
f 1549/1813/1858 1562/1826/1858 1563/1827/1858
f 1549/1813/1858 1563/1827/1858 1550/1814/1858
f 1200/1407/1859 1202/1409/1859 1564/1828/1859
f 1200/1407/1860 1564/1828/1860 1233/1443/1860
f 1197/1430/1861 1565/1829/1861 1221/1428/1861
f 1221/1428/1862 1565/1829/1862 1566/1830/1862
f 1221/1428/1863 1566/1830/1863 1220/1427/1863
f 1564/1828/1864 1567/1831/1864 1233/1443/1864
f 1233/1443/1865 1567/1831/1865 1568/1832/1865
f 1233/1443/1866 1568/1832/1866 1232/1442/1866
f 1232/1442/1867 1568/1832/1867 1569/1833/1867
f 1232/1442/1868 1569/1833/1868 1231/1441/1868
f 1231/1441/1869 1569/1833/1869 1570/1834/1869
f 1231/1441/1870 1570/1834/1870 1230/1440/1870
f 1230/1440/1871 1570/1834/1871 1571/1835/1871
f 1230/1440/1872 1571/1835/1872 1229/1439/1872
f 1229/1439/1873 1571/1835/1873 1572/1836/1873
f 1229/1439/1874 1572/1836/1874 1228/1438/1874
f 1228/1438/1875 1572/1836/1875 1573/1837/1875
f 1228/1438/1876 1573/1837/1876 1227/1437/1876
f 1227/1437/1877 1573/1837/1877 1574/1838/1877
f 1227/1437/1878 1574/1838/1878 1226/1436/1878
f 1226/1436/1879 1574/1838/1879 1575/1839/1879
f 1226/1436/1880 1575/1839/1880 1225/1435/1880
f 1225/1435/1881 1575/1839/1881 1576/1840/1881
f 1225/1435/1882 1576/1840/1882 1224/1434/1882
f 1224/1434/1883 1576/1840/1883 1577/1841/1883
f 1224/1434/1884 1577/1841/1884 1223/1433/1884
f 1223/1433/1885 1577/1841/1885 1578/1842/1885
f 1223/1433/1886 1578/1842/1886 1222/1432/1886
f 1222/1432/1887 1578/1842/1887 1579/1843/1887
f 1222/1432/1888 1579/1843/1888 1196/1403/1888
f 1196/1403/1889 1579/1843/1889 1580/1844/1889
f 1196/1403/1890 1580/1844/1890 1197/1404/1890
f 1197/1404/1891 1580/1844/1891 1581/1845/1891
f 1197/1430/1892 1581/1846/1892 1565/1829/1892
f 1220/1427/1893 1566/1830/1893 1219/1426/1893
f 1219/1426/1894 1566/1830/1894 1582/1847/1894
f 1219/1426/1895 1582/1847/1895 1218/1425/1895
f 1218/1425/1896 1582/1847/1896 1583/1848/1896
f 1218/1425/1897 1583/1848/1897 1217/1424/1897
f 1217/1424/1898 1583/1848/1898 1584/1849/1898
f 1217/1424/1899 1584/1849/1899 1216/1423/1899
f 1216/1423/1900 1584/1849/1900 1585/1850/1900
f 1216/1423/1901 1585/1850/1901 1215/1422/1901
f 1215/1422/1902 1585/1850/1902 1586/1851/1902
f 1215/1422/1903 1586/1851/1903 1214/1421/1903
f 1214/1421/1904 1586/1851/1904 1587/1852/1904
f 1214/1421/1905 1587/1852/1905 1213/1420/1905
f 1213/1420/1906 1587/1852/1906 1588/1853/1906
f 1213/1420/1907 1588/1853/1907 1198/1405/1907
f 1198/1405/1908 1588/1853/1908 1589/1854/1908
f 1198/1405/1909 1589/1854/1909 1199/1406/1909
f 1199/1406/1910 1589/1854/1910 1590/1855/1910
f 1199/1406/1911 1590/1855/1911 1212/1419/1911
f 1212/1419/1912 1590/1855/1912 1591/1856/1912
f 1212/1419/1913 1591/1856/1913 1211/1418/1913
f 1211/1418/1914 1591/1856/1914 1592/1857/1914
f 1211/1418/1915 1592/1857/1915 1210/1417/1915
f 1210/1417/1916 1592/1857/1916 1593/1858/1916
f 1210/1417/1917 1593/1858/1917 1209/1416/1917
f 1209/1416/1916 1593/1858/1916 1594/1859/1916
f 1209/1416/1918 1594/1859/1918 1208/1415/1918
f 1208/1415/1919 1594/1859/1919 1595/1860/1919
f 1208/1415/1417 1595/1860/1417 1207/1414/1417
f 1207/1414/1417 1595/1860/1417 1205/1412/1417
f 1205/1412/1920 1595/1860/1920 1596/1861/1920
f 1205/1412/1417 1596/1861/1417 1206/1413/1417
f 1596/1861/1417 1597/1862/1417 1206/1413/1417
f 1206/1413/1417 1597/1862/1417 1598/1863/1417
f 1206/1413/1417 1598/1863/1417 1204/1411/1417
f 1204/1411/1417 1598/1863/1417 893/1024/1417
f 1204/1411/1417 893/1024/1417 895/1026/1417
f 1202/1409/1921 1203/1410/1921 1599/1864/1921
f 1599/1864/1922 1600/1865/1922 1202/1409/1922
f 1202/1409/1921 1600/1865/1921 1601/1866/1921
f 1202/1409/1921 1601/1866/1921 1602/1867/1921
f 1602/1867/1921 1603/1868/1921 1202/1409/1921
f 1202/1409/1921 1603/1868/1921 1604/1869/1921
f 1202/1409/1923 1604/1869/1923 1564/1828/1923
f 1564/1828/1924 1604/1869/1924 1605/1870/1924
f 1564/1828/1925 1605/1870/1925 1606/1871/1925
f 1606/1871/1921 1605/1870/1921 1607/1872/1921
f 1608/1873/1926 1609/1874/1926 1610/1875/1926
f 1611/1876/1927 1612/1877/1927 1613/1878/1927
f 1614/1879/1928 1615/1880/1928 1616/1881/1928
f 1616/1881/1929 1615/1880/1929 1617/1882/1929
f 1616/1881/1930 1617/1882/1930 1618/1883/1930
f 1618/1883/1931 1617/1882/1931 1613/1878/1931
f 1618/1883/1932 1613/1878/1932 1619/1884/1932
f 1619/1884/1933 1613/1878/1933 1612/1877/1933
f 1620/1885/1934 1621/1886/1934 1622/1887/1934
f 1622/1887/1935 1621/1886/1935 1623/1888/1935
f 1624/1889/1936 1625/1890/1936 1623/1888/1936
f 1623/1888/1937 1625/1890/1937 1626/1891/1937
f 1623/1888/1938 1626/1891/1938 1622/1887/1938
f 1613/1878/1939 1627/1892/1939 1611/1876/1939
f 1611/1876/1940 1627/1892/1940 1628/1893/1940
f 1611/1876/1941 1628/1893/1941 1629/1894/1941
f 1629/1894/1942 1628/1893/1942 1625/1890/1942
f 1629/1894/1943 1625/1890/1943 1630/1895/1943
f 1630/1895/1944 1625/1890/1944 1624/1889/1944
f 1631/1896/1945 1632/1897/1945 1633/1898/1945
f 1633/1898/1946 1632/1897/1946 1634/1899/1946
f 1634/1899/1947 1632/1897/1947 1635/1900/1947
f 1634/1899/1948 1635/1900/1948 1636/1901/1948
f 1636/1901/1949 1635/1900/1949 1637/1902/1949
f 1636/1901/1950 1637/1902/1950 1638/1903/1950
f 1638/1903/1951 1637/1902/1951 1639/1904/1951
f 1638/1903/1952 1639/1904/1952 1640/1905/1952
f 1640/1905/1953 1639/1904/1953 1641/1906/1953
f 1640/1907/1954 1641/1908/1954 1620/1885/1954
f 1620/1885/1955 1641/1908/1955 1642/1909/1955
f 1620/1885/1956 1642/1909/1956 1621/1886/1956
f 1631/1896/1957 1633/1898/1957 1643/1910/1957
f 1643/1910/1958 1633/1898/1958 1644/1911/1958
f 1643/1910/1959 1644/1911/1959 1645/1912/1959
f 1645/1912/1960 1644/1911/1960 1646/1913/1960
f 1645/1912/1961 1646/1913/1961 1647/1914/1961
f 1647/1914/1962 1646/1913/1962 1648/1915/1962
f 1647/1914/1963 1648/1915/1963 1649/1916/1963
f 1649/1916/1964 1648/1915/1964 1650/1917/1964
f 1649/1916/1965 1650/1917/1965 1651/1918/1965
f 1651/1918/1966 1650/1917/1966 1652/1919/1966
f 1652/1919/1967 1650/1917/1967 1653/1920/1967
f 1652/1919/1968 1653/1920/1968 1654/1921/1968
f 1654/1921/1969 1653/1920/1969 1655/1922/1969
f 1654/1921/1970 1655/1922/1970 1656/1923/1970
f 1656/1923/1971 1655/1922/1971 1657/1924/1971
f 1656/1923/1972 1657/1924/1972 1658/1925/1972
f 1608/1873/1926 1659/1926/1926 1609/1874/1926
f 1609/1874/1973 1659/1926/1973 1660/1927/1973
f 1609/1874/1974 1660/1927/1974 1661/1928/1974
f 1661/1928/1975 1660/1927/1975 1662/1929/1975
f 1658/1925/1972 1657/1924/1972 1663/1930/1972
f 1663/1930/1976 1657/1924/1976 1664/1931/1976
f 1663/1930/1977 1664/1931/1977 1662/1929/1977
f 1662/1929/1978 1664/1931/1978 1665/1932/1978
f 1662/1929/1979 1665/1932/1979 1661/1928/1979
f 972/1123/1926 975/1126/1926 1666/1933/1926
f 1666/1933/1926 975/1126/1926 1667/1934/1926
f 1666/1933/1926 1667/1934/1926 1610/1875/1926
f 1610/1875/1926 1667/1934/1926 1668/1935/1926
f 1610/1875/1926 1668/1935/1926 1608/1873/1926
f 1616/1881/1980 1669/1936/1980 1614/1879/1980
f 1614/1879/1981 1669/1936/1981 1670/1937/1981
f 1614/1879/1982 1670/1937/1982 1671/1938/1982
f 1671/1938/1982 1670/1937/1982 1672/1939/1982
f 1671/1938/1982 1672/1939/1982 1673/1940/1982
f 1673/1940/1982 1672/1939/1982 1674/1941/1982
f 1673/1940/1982 1674/1941/1982 1675/1942/1982
f 1675/1942/1982 1676/1943/1982 1673/1940/1982
f 1673/1940/1982 1676/1943/1982 1677/1944/1982
f 1673/1940/1982 1677/1944/1982 1678/1945/1982
f 1678/1945/1983 1677/1944/1983 1679/1946/1983
f 1678/1945/1982 1679/1946/1982 1680/1947/1982
f 1593/1858/1984 1592/1857/1984 1681/1948/1984
f 1682/1949/1985 1676/1943/1985 1675/1942/1985
f 1682/1949/1986 1675/1942/1986 1683/1950/1986
f 1683/1950/1987 1675/1942/1987 1674/1941/1987
f 1683/1950/1988 1674/1941/1988 1684/1951/1988
f 1684/1951/1989 1674/1941/1989 1685/1952/1989
f 1684/1951/1990 1685/1952/1990 1686/1953/1990
f 1687/1954/1991 1688/1955/1991 1685/1952/1991
f 1685/1952/1992 1688/1955/1992 1689/1956/1992
f 1685/1952/1990 1689/1956/1990 1686/1953/1990
f 1606/1871/1993 1607/1872/1993 1690/1957/1993
f 1691/1958/1994 1040/1195/1994 1044/1200/1994
f 1044/1200/1995 893/1024/1995 1691/1958/1995
f 1691/1958/1995 893/1024/1995 1598/1863/1995
f 1691/1958/1995 1598/1863/1995 1597/1862/1995
f 1040/1195/1996 1691/1958/1996 1041/1196/1996
f 1041/1196/1996 1691/1958/1996 1667/1934/1996
f 1041/1196/1996 1667/1934/1996 975/1126/1996
f 1597/1862/1995 1596/1861/1995 1691/1958/1995
f 1691/1958/1997 1596/1861/1997 1595/1860/1997
f 1691/1958/1998 1595/1860/1998 1681/1948/1998
f 1681/1948/1999 1595/1860/1999 1594/1859/1999
f 1681/1948/1999 1594/1859/1999 1593/1858/1999
f 1660/1927/2000 1659/1926/2000 1681/1948/2000
f 1681/1948/2001 1659/1926/2001 1608/1873/2001
f 1681/1948/2002 1608/1873/2002 1691/1958/2002
f 1691/1958/1996 1608/1873/1996 1668/1935/1996
f 1691/1958/1996 1668/1935/1996 1667/1934/1996
f 1662/1929/2003 1660/1927/2003 1692/1959/2003
f 1692/1959/2004 1660/1927/2004 1681/1948/2004
f 1692/1959/2005 1681/1948/2005 1591/1856/2005
f 1591/1856/2006 1681/1948/2006 1592/1857/2006
f 1591/1856/2007 1590/1855/2007 1692/1959/2007
f 1692/1959/2008 1590/1855/2008 1589/1854/2008
f 1692/1959/2009 1589/1854/2009 1693/1960/2009
f 1693/1960/2010 1589/1854/2010 1588/1853/2010
f 1693/1960/2011 1588/1853/2011 1694/1961/2011
f 1695/1962/2012 1654/1921/2012 1694/1961/2012
f 1694/1961/2013 1654/1921/2013 1656/1923/2013
f 1694/1961/2014 1656/1923/2014 1693/1960/2014
f 1693/1960/2015 1656/1923/2015 1658/1925/2015
f 1693/1960/2016 1658/1925/2016 1692/1959/2016
f 1692/1959/2017 1658/1925/2017 1663/1930/2017
f 1692/1959/2018 1663/1930/2018 1662/1929/2018
f 1588/1853/2019 1587/1852/2019 1694/1961/2019
f 1694/1961/2020 1587/1852/2020 1586/1851/2020
f 1694/1961/2021 1586/1851/2021 1695/1962/2021
f 1695/1962/2022 1586/1851/2022 1585/1850/2022
f 1695/1962/2023 1585/1850/2023 1696/1963/2023
f 1696/1963/2024 1585/1850/2024 1584/1849/2024
f 1696/1963/2025 1584/1849/2025 1697/1964/2025
f 1698/1965/2026 1647/1914/2026 1697/1964/2026
f 1697/1964/2027 1647/1914/2027 1649/1916/2027
f 1697/1964/2028 1649/1916/2028 1696/1963/2028
f 1696/1963/2029 1649/1916/2029 1651/1918/2029
f 1696/1963/2030 1651/1918/2030 1695/1962/2030
f 1695/1962/2031 1651/1918/2031 1652/1919/2031
f 1695/1962/2032 1652/1919/2032 1654/1921/2032
f 1584/1849/2033 1583/1848/2033 1697/1964/2033
f 1697/1964/2034 1583/1848/2034 1582/1847/2034
f 1697/1964/2035 1582/1847/2035 1698/1965/2035
f 1698/1965/2036 1582/1847/2036 1566/1830/2036
f 1698/1965/2037 1566/1830/2037 1699/1966/2037
f 1700/1967/2038 1632/1897/2038 1701/1968/2038
f 1701/1968/2039 1632/1897/2039 1631/1896/2039
f 1701/1968/2039 1631/1896/2039 1699/1966/2039
f 1699/1966/2040 1631/1896/2040 1643/1910/2040
f 1699/1966/2041 1643/1910/2041 1698/1965/2041
f 1698/1965/2042 1643/1910/2042 1645/1912/2042
f 1698/1965/2043 1645/1912/2043 1647/1914/2043
f 1566/1830/2044 1565/1829/2044 1699/1966/2044
f 1699/1966/2045 1565/1829/2045 1581/1846/2045
f 1699/1966/2046 1581/1846/2046 1701/1968/2046
f 1701/1969/2047 1581/1845/2047 1580/1844/2047
f 1701/1969/2048 1580/1844/2048 1700/1970/2048
f 1700/1970/2049 1580/1844/2049 1579/1843/2049
f 1700/1970/2050 1579/1843/2050 1702/1971/2050
f 1703/1972/2051 1641/1908/2051 1704/1973/2051
f 1704/1973/2052 1641/1908/2052 1639/1974/2052
f 1704/1973/2053 1639/1974/2053 1702/1971/2053
f 1702/1975/2054 1639/1904/2054 1637/1902/2054
f 1702/1975/2055 1637/1902/2055 1700/1967/2055
f 1700/1967/2056 1637/1902/2056 1635/1900/2056
f 1700/1967/2057 1635/1900/2057 1632/1897/2057
f 1579/1843/2058 1578/1842/2058 1702/1971/2058
f 1702/1971/2059 1578/1842/2059 1577/1841/2059
f 1702/1971/2060 1577/1841/2060 1704/1973/2060
f 1704/1973/2061 1577/1841/2061 1576/1840/2061
f 1704/1973/2062 1576/1840/2062 1703/1972/2062
f 1703/1972/2063 1576/1840/2063 1575/1839/2063
f 1703/1972/2064 1575/1839/2064 1705/1976/2064
f 1706/1977/2065 1624/1889/2065 1707/1978/2065
f 1707/1978/2066 1624/1889/2066 1623/1888/2066
f 1707/1978/2067 1623/1888/2067 1705/1976/2067
f 1705/1976/2068 1623/1888/2068 1621/1886/2068
f 1705/1976/2069 1621/1886/2069 1703/1972/2069
f 1703/1972/2070 1621/1886/2070 1642/1909/2070
f 1703/1972/2071 1642/1909/2071 1641/1908/2071
f 1575/1839/2072 1574/1838/2072 1705/1976/2072
f 1705/1976/2073 1574/1838/2073 1573/1837/2073
f 1705/1976/2074 1573/1837/2074 1707/1978/2074
f 1707/1978/2075 1573/1837/2075 1572/1836/2075
f 1707/1978/2076 1572/1836/2076 1706/1977/2076
f 1706/1977/2077 1572/1836/2077 1571/1835/2077
f 1706/1977/2078 1571/1835/2078 1708/1979/2078
f 1619/1884/2079 1612/1877/2079 1709/1980/2079
f 1709/1980/2080 1612/1877/2080 1611/1876/2080
f 1709/1980/2081 1611/1876/2081 1708/1979/2081
f 1708/1979/2082 1611/1876/2082 1629/1894/2082
f 1708/1979/2083 1629/1894/2083 1706/1977/2083
f 1706/1977/2084 1629/1894/2084 1630/1895/2084
f 1706/1977/2085 1630/1895/2085 1624/1889/2085
f 1571/1835/2086 1570/1834/2086 1708/1979/2086
f 1708/1979/2087 1570/1834/2087 1569/1833/2087
f 1708/1979/2088 1569/1833/2088 1709/1980/2088
f 1709/1980/2089 1569/1833/2089 1568/1832/2089
f 1709/1980/2090 1568/1832/2090 1710/1981/2090
f 1619/1884/2091 1709/1980/2091 1618/1883/2091
f 1618/1883/2092 1709/1980/2092 1710/1981/2092
f 1618/1883/2093 1710/1981/2093 1616/1881/2093
f 1690/1957/2094 1687/1954/2094 1606/1871/2094
f 1606/1871/2095 1687/1954/2095 1685/1952/2095
f 1606/1871/2096 1685/1952/2096 1564/1828/2096
f 1564/1828/2097 1685/1952/2097 1710/1981/2097
f 1564/1828/2098 1710/1981/2098 1567/1831/2098
f 1567/1831/2099 1710/1981/2099 1568/1832/2099
f 1674/1941/2100 1672/1939/2100 1685/1952/2100
f 1685/1952/2100 1672/1939/2100 1670/1937/2100
f 1685/1952/2101 1670/1937/2101 1710/1981/2101
f 1710/1981/2102 1670/1937/2102 1669/1936/2102
f 1710/1981/2103 1669/1936/2103 1616/1881/2103
f 1711/1982/2104 1483/1746/2104 1485/1748/2104
f 1712/1983/2105 1713/1984/2105 1714/1985/2105
f 1714/1985/2106 1713/1984/2106 1715/1986/2106
f 1712/1983/2107 1716/1987/2107 1713/1984/2107
f 1713/1984/2108 1716/1987/2108 1717/1988/2108
f 1713/1984/2109 1717/1988/2109 1715/1986/2109
f 1718/1989/2110 1719/1990/2110 1720/1991/2110
f 1719/1992/2111 1721/1993/2111 1720/1994/2111
f 1720/1994/2112 1721/1993/2112 1722/1995/2112
f 1720/1994/2113 1722/1995/2113 1714/1985/2113
f 1714/1985/2114 1722/1995/2114 1723/1996/2114
f 1714/1985/2115 1723/1996/2115 1712/1983/2115
f 1546/1810/2116 1544/1808/2116 1724/1997/2116
f 1724/1997/2117 1725/1998/2117 1546/1810/2117
f 1546/1810/2118 1725/1998/2118 1726/1999/2118
f 1546/1810/2119 1726/1999/2119 1720/1991/2119
f 1720/1991/2120 1726/1999/2120 1727/2000/2120
f 1720/1991/2121 1727/2000/2121 1718/1989/2121
f 1714/1985/2122 1728/2001/2122 1720/1994/2122
f 1720/1994/2122 1728/2001/2122 1729/2002/2122
f 1720/1991/2123 1729/2003/2123 1546/1810/2123
f 1546/1810/2123 1729/2003/2123 1536/1800/2123
f 1715/1986/2124 1711/1982/2124 1714/1985/2124
f 1714/1985/2125 1711/1982/2125 1485/1748/2125
f 1714/1985/2126 1485/1748/2126 1728/2001/2126
f 1728/2001/2127 1485/1748/2127 1487/1750/2127
f 1728/2001/2127 1487/1750/2127 1513/1777/2127
f 1543/1807/2128 1545/1809/2128 1730/2004/2128
f 1730/2004/2129 1545/1809/2129 1731/2005/2129
f 1680/1947/2130 1732/2006/2130 1733/2007/2130
f 1732/2006/2131 1734/2008/2131 1733/2007/2131
f 1733/2009/2132 1734/2010/2132 1735/2011/2132
f 1733/2009/2133 1735/2011/2133 1545/1809/2133
f 1545/1809/2134 1735/2011/2134 1736/2012/2134
f 1545/1809/2135 1736/2012/2135 1731/2005/2135
f 1737/2013/2136 1615/1880/2136 1614/1879/2136
f 1671/1938/2137 1673/1940/2137 1733/2007/2137
f 1733/2007/2138 1673/1940/2138 1678/1945/2138
f 1733/2007/2138 1678/1945/2138 1680/1947/2138
f 1545/1809/2139 1547/1811/2139 1733/2009/2139
f 1733/2009/2140 1547/1811/2140 1737/2014/2140
f 1733/2007/2141 1737/2013/2141 1671/1938/2141
f 1671/1938/2142 1737/2013/2142 1614/1879/2142
f 1512/1776/2143 1511/1775/2143 1738/2015/2143
f 1739/2016/2144 1740/2017/2144 1741/2018/2144
f 1742/2019/2145 1743/2020/2145 1744/2021/2145
f 1745/2022/2146 1532/1796/2146 1746/2023/2146
f 1746/2023/2147 1532/1796/2147 1747/2024/2147
f 1745/2022/2148 1748/2025/2148 1532/1796/2148
f 1532/1796/2149 1748/2025/2149 1749/2026/2149
f 1532/1796/2150 1749/2026/2150 1523/1787/2150
f 1747/2024/2147 1532/1796/2147 1750/2027/2147
f 1750/2027/2151 1532/1796/2151 1530/1794/2151
f 1750/2027/2152 1530/1794/2152 1743/2020/2152
f 1740/2017/2153 1751/2028/2153 1752/2029/2153
f 1752/2029/2154 1751/2028/2154 1753/2030/2154
f 1752/2029/2155 1753/2030/2155 1744/2021/2155
f 1744/2021/2156 1753/2030/2156 1754/2031/2156
f 1744/2021/2157 1754/2031/2157 1742/2019/2157
f 1739/2016/2158 1741/2018/2158 1755/2032/2158
f 1756/2033/2159 1520/2034/2159 1741/2018/2159
f 1741/2018/2160 1520/2034/2160 1519/2035/2160
f 1741/2018/2161 1519/2035/2161 1755/2032/2161
f 1757/2036/2162 1497/2037/2162 1758/2038/2162
f 1758/2038/2163 1497/2037/2163 1496/2039/2163
f 1758/2038/2164 1496/2039/2164 1756/2033/2164
f 1756/2033/2165 1496/2039/2165 1521/2040/2165
f 1756/2033/2166 1521/2040/2166 1520/2034/2166
f 1759/2041/2167 1500/2042/2167 1760/2043/2167
f 1760/2043/2168 1500/2042/2168 1499/2044/2168
f 1760/2043/2168 1499/2044/2168 1757/2036/2168
f 1757/2036/2168 1499/2044/2168 1498/2045/2168
f 1757/2036/2169 1498/2045/2169 1497/2037/2169
f 1761/2046/2170 1503/1767/2170 1762/2047/2170
f 1762/2047/2171 1503/1767/2171 1502/1766/2171
f 1762/2047/2171 1502/1766/2171 1759/2048/2171
f 1759/2048/2172 1502/1766/2172 1501/1765/2172
f 1759/2041/2167 1501/2049/2167 1500/2042/2167
f 1763/2050/2173 1505/1769/2173 1761/2046/2173
f 1761/2046/2174 1505/1769/2174 1504/1768/2174
f 1761/2046/2170 1504/1768/2170 1503/1767/2170
f 1743/2020/2175 1530/1794/2175 1744/2021/2175
f 1744/2021/2176 1530/1794/2176 1542/1806/2176
f 1744/2021/2177 1542/1806/2177 1752/2029/2177
f 1752/2029/2178 1542/1806/2178 1541/1805/2178
f 1752/2029/2178 1541/1805/2178 1764/2051/2178
f 1764/2051/2179 1541/1805/2179 1558/1822/2179
f 1764/2051/2180 1558/1822/2180 1765/2052/2180
f 1765/2052/2181 1558/1822/2181 1557/1821/2181
f 1765/2052/2181 1557/1821/2181 1766/2053/2181
f 1766/2053/2182 1557/1821/2182 1555/1819/2182
f 1766/2053/2182 1555/1819/2182 1767/2054/2182
f 1767/2054/2183 1555/1819/2183 1554/1818/2183
f 1767/2054/2183 1554/1818/2183 1768/2055/2183
f 1768/2055/2184 1554/1818/2184 1552/1816/2184
f 1768/2055/2184 1552/1816/2184 1769/2056/2184
f 1769/2056/2185 1552/1816/2185 1550/1814/2185
f 1769/2056/2185 1550/1814/2185 1770/2057/2185
f 1770/2057/2186 1550/1814/2186 1563/1827/2186
f 1770/2057/2186 1563/1827/2186 1771/2058/2186
f 1771/2058/2187 1563/1827/2187 1562/1826/2187
f 1771/2058/2188 1562/1826/2188 1772/2059/2188
f 1772/2059/2189 1562/1826/2189 1560/1824/2189
f 1772/2059/2189 1560/1824/2189 1773/2060/2189
f 1740/2017/2190 1752/2029/2190 1741/2018/2190
f 1741/2018/2191 1752/2029/2191 1764/2051/2191
f 1741/2018/2191 1764/2051/2191 1756/2033/2191
f 1756/2033/2192 1764/2051/2192 1765/2052/2192
f 1756/2033/2192 1765/2052/2192 1758/2038/2192
f 1758/2038/2193 1765/2052/2193 1766/2053/2193
f 1758/2038/2194 1766/2053/2194 1757/2036/2194
f 1757/2036/2195 1766/2053/2195 1767/2054/2195
f 1757/2036/2196 1767/2054/2196 1760/2043/2196
f 1760/2043/2197 1767/2054/2197 1768/2055/2197
f 1760/2043/2197 1768/2055/2197 1759/2041/2197
f 1759/2041/2198 1768/2055/2198 1769/2056/2198
f 1759/2041/2199 1769/2056/2199 1762/2061/2199
f 1762/2061/2200 1769/2056/2200 1770/2057/2200
f 1762/2061/2200 1770/2057/2200 1761/2062/2200
f 1761/2062/2201 1770/2057/2201 1771/2058/2201
f 1761/2062/2202 1771/2058/2202 1763/2063/2202
f 1763/2063/2203 1771/2058/2203 1772/2059/2203
f 1763/2063/2204 1772/2059/2204 1774/2064/2204
f 1774/2064/2205 1772/2059/2205 1773/2060/2205
f 1774/2064/2206 1773/2060/2206 1775/2065/2206
f 1510/1774/2207 1509/1773/2207 1775/2066/2207
f 1775/2066/2208 1509/1773/2208 1508/1772/2208
f 1775/2066/2209 1508/1772/2209 1774/2067/2209
f 1774/2067/2210 1508/1772/2210 1507/1771/2210
f 1774/2067/2210 1507/1771/2210 1763/2050/2210
f 1763/2050/2211 1507/1771/2211 1506/1770/2211
f 1763/2050/2212 1506/1770/2212 1505/1769/2212
f 1511/1775/2213 1510/1774/2213 1738/2015/2213
f 1738/2015/2214 1510/1774/2214 1775/2066/2214
f 1738/2015/2215 1775/2066/2215 1776/2068/2215
f 1776/2068/2216 1775/2066/2216 1773/2069/2216
f 1776/2070/2217 1773/2060/2217 1559/1823/2217
f 1559/1823/2217 1773/2060/2217 1560/1824/2217
f 1513/1777/2218 1512/1776/2218 1728/2001/2218
f 1728/2001/2218 1512/1776/2218 1738/2015/2218
f 1728/2001/2219 1738/2015/2219 1729/2002/2219
f 1729/2002/2220 1738/2015/2220 1776/2068/2220
f 1729/2003/2221 1776/2070/2221 1536/1800/2221
f 1536/1800/2222 1776/2070/2222 1559/1823/2222
f 1661/1928/2223 1665/1932/2223 1777/2071/2223
f 1778/2072/2224 972/1123/2224 1666/1933/2224
f 1779/2073/2225 1780/2074/2225 1666/1933/2225
f 1666/1933/2226 1780/2074/2226 1781/2075/2226
f 1666/1933/2227 1781/2075/2227 1778/2072/2227
f 1782/2076/2228 1783/2077/2228 1784/2078/2228
f 1784/2078/2228 1783/2077/2228 1785/2079/2228
f 1784/2078/2229 1785/2079/2229 1779/2073/2229
f 1782/2076/2230 1784/2078/2230 1527/2080/2230
f 1527/2080/2231 1784/2078/2231 1777/2071/2231
f 1527/2080/2232 1777/2071/2232 1528/2081/2232
f 1779/2073/2233 1666/1933/2233 1784/2078/2233
f 1784/2078/2234 1666/1933/2234 1610/1875/2234
f 1784/2078/2235 1610/1875/2235 1777/2071/2235
f 1777/2071/2236 1610/1875/2236 1609/1874/2236
f 1777/2071/2236 1609/1874/2236 1661/1928/2236
f 1615/1880/2237 1737/2013/2237 1786/2082/2237
f 1777/2071/2238 1665/1932/2238 1664/1931/2238
f 1528/2081/2239 1777/2071/2239 1787/2083/2239
f 1777/2071/2240 1664/1931/2240 1787/2083/2240
f 1787/2083/2241 1664/1931/2241 1657/1924/2241
f 1787/2083/2242 1657/1924/2242 1788/2084/2242
f 1657/1924/2243 1655/1922/2243 1788/2084/2243
f 1788/2084/2244 1655/1922/2244 1653/1920/2244
f 1788/2084/2245 1653/1920/2245 1789/2085/2245
f 1789/2085/2246 1653/1920/2246 1650/1917/2246
f 1789/2085/2247 1650/1917/2247 1790/2086/2247
f 1650/1917/2248 1648/1915/2248 1790/2086/2248
f 1790/2086/2249 1648/1915/2249 1646/1913/2249
f 1790/2086/2249 1646/1913/2249 1791/2087/2249
f 1791/2087/2250 1646/1913/2250 1644/1911/2250
f 1791/2087/2251 1644/1911/2251 1792/2088/2251
f 1644/1911/2252 1633/1898/2252 1792/2088/2252
f 1792/2088/2253 1633/1898/2253 1634/1899/2253
f 1792/2088/2254 1634/1899/2254 1793/2089/2254
f 1793/2089/2255 1634/1899/2255 1636/1901/2255
f 1793/2089/2256 1636/1901/2256 1794/2090/2256
f 1636/1901/2257 1638/1903/2257 1794/2090/2257
f 1794/2090/2258 1638/1903/2258 1640/1905/2258
f 1794/2090/2259 1640/1905/2259 1795/2091/2259
f 1795/2091/2260 1640/1905/2260 1620/2092/2260
f 1795/2091/2261 1620/2092/2261 1796/2093/2261
f 1796/2093/2262 1620/2092/2262 1622/2094/2262
f 1796/2093/2263 1622/2094/2263 1626/2095/2263
f 1625/1890/2264 1797/2096/2264 1626/1891/2264
f 1626/1891/2265 1797/2096/2265 1798/2097/2265
f 1626/2095/2266 1798/2098/2266 1796/2093/2266
f 1625/1890/2264 1628/1893/2264 1797/2096/2264
f 1797/2096/2267 1628/1893/2267 1627/1892/2267
f 1797/2096/2268 1627/1892/2268 1799/2099/2268
f 1799/2099/2269 1627/1892/2269 1613/1878/2269
f 1799/2099/2270 1613/1878/2270 1786/2082/2270
f 1786/2082/2271 1613/1878/2271 1617/1882/2271
f 1786/2082/2272 1617/1882/2272 1615/1880/2272
f 1528/2081/2273 1787/2083/2273 1533/2100/2273
f 1533/2100/2274 1787/2083/2274 1788/2084/2274
f 1533/2100/2275 1788/2084/2275 1531/2101/2275
f 1531/2101/2276 1788/2084/2276 1789/2085/2276
f 1531/2101/2277 1789/2085/2277 1529/2102/2277
f 1529/2102/2278 1789/2085/2278 1790/2086/2278
f 1529/2102/2279 1790/2086/2279 1540/2103/2279
f 1540/2103/2280 1790/2086/2280 1791/2087/2280
f 1540/2103/2280 1791/2087/2280 1556/2104/2280
f 1556/2104/2281 1791/2087/2281 1792/2088/2281
f 1556/2104/2282 1792/2088/2282 1553/2105/2282
f 1553/2105/2283 1792/2088/2283 1793/2089/2283
f 1553/2105/2284 1793/2089/2284 1551/2106/2284
f 1551/2106/2285 1793/2089/2285 1794/2090/2285
f 1551/2106/2286 1794/2090/2286 1549/2107/2286
f 1549/2107/2287 1794/2090/2287 1795/2091/2287
f 1549/2107/2288 1795/2091/2288 1561/2108/2288
f 1561/2108/2289 1795/2091/2289 1796/2093/2289
f 1561/2108/2290 1796/2093/2290 1534/2109/2290
f 1534/2109/2291 1796/2093/2291 1798/2098/2291
f 1534/2109/2292 1798/2098/2292 1535/2110/2292
f 1535/1799/2293 1798/2111/2293 1797/2112/2293
f 1535/1799/2294 1797/2112/2294 1537/1801/2294
f 1537/1801/2295 1797/2112/2295 1799/2113/2295
f 1537/1801/2296 1799/2113/2296 1538/1802/2296
f 1538/1802/2297 1799/2113/2297 1786/2114/2297
f 1538/1802/2298 1786/2114/2298 1548/1812/2298
f 1548/1812/2299 1786/2114/2299 1737/2014/2299
f 1548/1812/2300 1737/2014/2300 1547/1811/2300
f 1523/434/2301 1800/434/2301 1525/434/2301
f 1525/1789/2302 1800/2115/2302 1801/2116/2302
f 1525/1789/2303 1801/2116/2303 1802/2117/2303
f 1271/1481/2304 1272/1482/2304 1803/2118/2304
f 1801/2116/2305 1804/2119/2305 1802/2117/2305
f 1802/2117/2306 1804/2119/2306 1805/2120/2306
f 1802/2117/2307 1805/2120/2307 1806/2121/2307
f 1806/2121/2308 1805/2120/2308 1807/2122/2308
f 1806/2121/2309 1807/2122/2309 1808/2123/2309
f 1808/2123/2310 1807/2122/2310 1809/2124/2310
f 1808/2123/2311 1809/2124/2311 1810/2125/2311
f 1810/2125/2312 1809/2124/2312 1811/2126/2312
f 1810/2125/2313 1811/2126/2313 1812/2127/2313
f 1812/2128/2314 1811/2129/2314 1813/2130/2314
f 1812/2128/2315 1813/2130/2315 1814/2131/2315
f 1814/2131/2316 1813/2130/2316 1271/1481/2316
f 1814/2131/2317 1271/1481/2317 1815/2132/2317
f 1815/2132/2318 1271/1481/2318 1803/2118/2318
f 1751/2028/2319 1816/2133/2319 1817/2134/2319
f 1523/434/2320 1749/434/2320 1818/434/2320
f 1818/434/2321 1749/434/2321 1748/434/2321
f 1818/2135/2322 1748/2025/2322 1819/2136/2322
f 1819/2136/2323 1748/2025/2323 1745/2022/2323
f 1819/2136/2324 1745/2022/2324 1820/2137/2324
f 1820/2137/2325 1745/2022/2325 1746/2023/2325
f 1820/2137/2326 1746/2023/2326 1821/2138/2326
f 1821/2138/2327 1746/2023/2327 1747/2024/2327
f 1821/2138/2328 1747/2024/2328 1822/2139/2328
f 1523/434/2329 1823/434/2329 1800/434/2329
f 1800/434/2330 1823/434/2330 1824/434/2330
f 1800/2115/2331 1824/2140/2331 1801/2116/2331
f 1801/2116/2332 1824/2140/2332 1825/2141/2332
f 1801/2116/2333 1825/2141/2333 1804/2119/2333
f 1804/2119/2334 1825/2141/2334 1826/2142/2334
f 1804/2119/2335 1826/2142/2335 1805/2120/2335
f 1805/2120/2336 1826/2142/2336 1827/2143/2336
f 1805/2120/2337 1827/2143/2337 1807/2122/2337
f 1747/2024/2338 1750/2027/2338 1822/2139/2338
f 1822/2139/2339 1750/2027/2339 1743/2020/2339
f 1822/2139/2340 1743/2020/2340 1828/2144/2340
f 1743/2020/2341 1742/2019/2341 1828/2144/2341
f 1828/2144/2342 1742/2019/2342 1754/2031/2342
f 1828/2144/2343 1754/2031/2343 1817/2134/2343
f 1817/2134/2344 1754/2031/2344 1753/2030/2344
f 1817/2134/2345 1753/2030/2345 1751/2028/2345
f 1523/434/2346 1818/434/2346 1823/434/2346
f 1823/434/2347 1818/434/2347 1819/434/2347
f 1823/2145/2347 1819/2136/2347 1824/2140/2347
f 1824/2140/2348 1819/2136/2348 1820/2137/2348
f 1824/2140/2349 1820/2137/2349 1825/2141/2349
f 1825/2141/2350 1820/2137/2350 1821/2138/2350
f 1825/2141/2351 1821/2138/2351 1826/2142/2351
f 1826/2142/2352 1821/2138/2352 1822/2139/2352
f 1826/2142/2353 1822/2139/2353 1827/2143/2353
f 1827/2143/2354 1822/2139/2354 1828/2144/2354
f 1827/2143/2355 1828/2144/2355 1829/2146/2355
f 1829/2146/2356 1828/2144/2356 1817/2134/2356
f 1829/2146/2357 1817/2134/2357 1830/2147/2357
f 1830/2147/2358 1817/2134/2358 1816/2133/2358
f 1830/2147/2359 1816/2133/2359 1831/2148/2359
f 1807/2122/2360 1827/2143/2360 1809/2124/2360
f 1809/2124/2361 1827/2143/2361 1829/2146/2361
f 1809/2124/2362 1829/2146/2362 1811/2126/2362
f 1811/2126/2363 1829/2146/2363 1830/2147/2363
f 1811/2126/2364 1830/2147/2364 1813/2149/2364
f 1813/2130/2365 1830/2150/2365 1831/2151/2365
f 1813/2130/2366 1831/2151/2366 1271/1481/2366
f 1740/2017/2367 1739/2016/2367 1832/2152/2367
f 1265/1475/2368 1264/1474/2368 1833/2153/2368
f 1755/2032/2369 1519/2035/2369 1834/2154/2369
f 1834/2154/2370 1519/2035/2370 1835/2155/2370
f 1834/2154/2371 1835/2155/2371 1836/2156/2371
f 1836/2157/2372 1835/2158/2372 1837/2159/2372
f 1836/2157/2373 1837/2159/2373 1267/1477/2373
f 1267/1477/2374 1837/2159/2374 1268/1478/2374
f 1739/2016/2375 1755/2032/2375 1832/2152/2375
f 1832/2152/2376 1755/2032/2376 1834/2154/2376
f 1832/2152/2377 1834/2154/2377 1833/2160/2377
f 1833/2160/2378 1834/2154/2378 1836/2156/2378
f 1833/2153/2379 1836/2157/2379 1265/1475/2379
f 1265/1475/2380 1836/2157/2380 1267/1477/2380
f 1751/2028/2381 1740/2017/2381 1816/2133/2381
f 1816/2133/2382 1740/2017/2382 1832/2152/2382
f 1816/2133/2383 1832/2152/2383 1831/2148/2383
f 1831/2148/2384 1832/2152/2384 1833/2160/2384
f 1831/2151/2385 1833/2153/2385 1271/1481/2385
f 1271/1481/2386 1833/2153/2386 1264/1474/2386
f 1268/1478/2387 1837/2159/2387 1838/2161/2387
f 1368/1589/2388 1362/1583/2388 1361/1582/2388
f 1246/1456/2389 1370/1593/2389 1839/2162/2389
f 1370/1591/2390 1368/1589/2390 1840/2163/2390
f 1840/2163/2391 1368/1589/2391 1361/1582/2391
f 1840/2163/2392 1361/1582/2392 1841/2164/2392
f 1841/2164/2393 1361/1582/2393 1359/1580/2393
f 1359/1580/2393 1358/1579/2393 1841/2164/2393
f 1841/2164/2394 1358/1579/2394 1366/1587/2394
f 1841/2164/2395 1366/1587/2395 1842/2165/2395
f 1842/2165/2396 1366/1587/2396 1365/1586/2396
f 1842/2165/2397 1365/1586/2397 1843/2166/2397
f 1843/2166/2398 1365/1586/2398 1364/1585/2398
f 1843/2166/2399 1364/1585/2399 1838/2161/2399
f 1838/2161/2400 1364/1585/2400 1269/1479/2400
f 1838/2161/2401 1269/1479/2401 1268/1478/2401
f 1370/1591/2402 1840/2163/2402 1839/2167/2402
f 1839/2167/2403 1840/2163/2403 1841/2164/2403
f 1839/2167/2404 1841/2164/2404 1844/2168/2404
f 1844/2168/2405 1841/2164/2405 1842/2165/2405
f 1844/2168/2406 1842/2165/2406 1845/2169/2406
f 1845/2169/2407 1842/2165/2407 1843/2166/2407
f 1845/2169/2408 1843/2166/2408 1846/2170/2408
f 1846/2170/2409 1843/2166/2409 1838/2161/2409
f 1846/2170/2410 1838/2161/2410 1847/2171/2410
f 1847/2171/2411 1838/2161/2411 1837/2159/2411
f 1847/2171/2412 1837/2159/2412 1835/2158/2412
f 1246/1456/2413 1839/2162/2413 1514/1778/2413
f 1514/1778/2414 1839/2162/2414 1844/2172/2414
f 1514/1778/2415 1844/2172/2415 1515/1779/2415
f 1515/2173/2416 1844/2174/2416 1845/2175/2416
f 1515/1779/2417 1845/2176/2417 1516/1780/2417
f 1516/2177/2418 1845/2178/2418 1846/2179/2418
f 1516/2177/2419 1846/2179/2419 1517/2180/2419
f 1517/2180/2420 1846/2179/2420 1847/2181/2420
f 1517/2180/2421 1847/2181/2421 1518/2182/2421
f 1518/2182/2422 1847/2181/2422 1835/2155/2422
f 1518/2182/2423 1835/2155/2423 1519/2035/2423
f 1848/2183/2424 971/1122/2424 1849/2184/2424
f 1849/2184/2425 971/1122/2425 970/1121/2425
f 1849/2184/2426 970/1121/2426 1850/2185/2426
f 1850/434/2427 970/434/2427 969/434/2427
f 1850/434/2428 969/434/2428 972/434/2428
f 972/434/2429 1778/434/2429 1851/434/2429
f 1851/434/2430 1778/434/2430 1781/434/2430
f 1851/2186/2431 1781/2075/2431 1852/2187/2431
f 1852/2187/2432 1781/2075/2432 1780/2074/2432
f 1852/2187/2433 1780/2074/2433 1853/2188/2433
f 1853/2188/2434 1780/2074/2434 1854/2189/2434
f 1780/2074/2435 1779/2073/2435 1854/2189/2435
f 1854/2189/2435 1779/2073/2435 1785/2079/2435
f 1854/2189/2436 1785/2079/2436 1855/2190/2436
f 1855/2190/2437 1785/2079/2437 1783/2077/2437
f 1855/2190/2437 1783/2077/2437 1782/2076/2437
f 972/434/2438 1851/434/2438 1850/434/2439
f 1850/434/2440 1851/434/2440 1852/434/2440
f 1850/2185/2441 1852/2187/2441 1849/2184/2441
f 1849/2184/2442 1852/2187/2442 1853/2188/2442
f 1849/2184/2443 1853/2188/2443 1848/2183/2443
f 1848/2183/2444 1853/2188/2444 1854/2189/2444
f 1848/2183/2445 1854/2189/2445 1856/2191/2445
f 1856/2191/2446 1854/2189/2446 1855/2190/2446
f 1856/2191/2447 1855/2190/2447 1857/2192/2447
f 962/1113/2448 963/1114/2448 1857/2192/2448
f 1857/2192/2449 963/1114/2449 965/1116/2449
f 1857/2192/2450 965/1116/2450 1856/2191/2450
f 1856/2191/2451 965/1116/2451 966/1117/2451
f 1856/2191/2452 966/1117/2452 1848/2183/2452
f 1848/2183/2453 966/1117/2453 945/1095/2453
f 1848/2183/2454 945/1095/2454 971/1122/2454
f 960/1111/2448 962/1113/2448 1858/2193/2448
f 1858/2193/2455 962/1113/2455 1857/2192/2455
f 1858/2193/2456 1857/2192/2456 1859/2194/2456
f 1859/2194/2457 1857/2192/2457 1855/2190/2457
f 1859/2194/2458 1855/2190/2458 1527/2080/2458
f 1527/2080/2459 1855/2190/2459 1782/2076/2459
f 1526/2195/2460 1539/2196/2460 1860/2197/2460
f 1860/2197/2461 1539/2196/2461 1861/2198/2461
f 1860/2197/2462 1861/2198/2462 1862/2199/2462
f 1862/2199/2463 1861/2198/2463 1863/2200/2463
f 1862/2199/2464 1863/2200/2464 958/1109/2464
f 958/1109/2465 1863/2200/2465 956/1107/2465
f 1527/2080/2466 1526/2195/2466 1859/2194/2466
f 1859/2194/2467 1526/2195/2467 1860/2197/2467
f 1859/2194/2468 1860/2197/2468 1858/2193/2468
f 1858/2193/2469 1860/2197/2469 1862/2199/2469
f 1858/2193/2470 1862/2199/2470 960/1111/2470
f 960/1111/2471 1862/2199/2471 958/1109/2471
f 1863/2200/2472 1861/2198/2472 1864/2201/2472
f 1863/2200/2473 1864/2201/2473 1865/2202/2473
f 1865/2202/2474 1864/2201/2474 1866/2203/2474
f 1865/2202/2475 1866/2203/2475 1867/2204/2475
f 1413/1647/2476 1412/1646/2476 1867/2204/2476
f 1867/2204/2477 1412/1646/2477 1411/1645/2477
f 1867/2204/2478 1411/1645/2478 1865/2202/2478
f 1865/2202/2479 1411/1645/2479 956/1107/2479
f 1865/2202/2480 956/1107/2480 1863/2200/2480
f 1525/2205/2481 1866/2203/2481 1524/2206/2481
f 1524/2206/2482 1866/2203/2482 1864/2201/2482
f 1524/2206/2483 1864/2201/2483 1522/2207/2483
f 1522/2207/2484 1864/2201/2484 1861/2198/2484
f 1522/2207/2485 1861/2198/2485 1539/2196/2485
f 1414/1648/2486 1413/1647/2486 1868/2208/2486
f 1868/2208/2487 1413/1647/2487 1867/2204/2487
f 1868/2208/2488 1867/2204/2488 1869/2209/2488
f 1869/2209/2489 1867/2204/2489 1866/2203/2489
f 1869/2209/2490 1866/2203/2490 1870/2210/2490
f 1870/2210/2491 1866/2203/2491 1525/2205/2491
f 1870/2211/2492 1525/1789/2492 1802/2117/2492
f 1396/1627/2493 1395/1626/2493 1871/2212/2493
f 1409/1643/2494 1872/2213/2494 1873/2214/2494
f 1272/434/2495 1874/434/2495 1803/434/2495
f 1803/434/2496 1874/434/2496 1875/434/2496
f 1803/2118/2497 1875/2215/2497 1815/2132/2497
f 1815/2132/2498 1875/2215/2498 1876/2216/2498
f 1815/2132/2499 1876/2216/2499 1814/2131/2499
f 1814/2131/2500 1876/2216/2500 1877/2217/2500
f 1814/2131/2501 1877/2217/2501 1812/2128/2501
f 1272/434/2502 1406/434/2502 1874/434/2502
f 1874/434/2503 1406/434/2503 1405/434/2503
f 1874/2218/2504 1405/1637/2504 1875/2215/2504
f 1875/2215/2505 1405/1637/2505 1404/1636/2505
f 1875/2215/2506 1404/1636/2506 1876/2216/2506
f 1876/2216/2507 1404/1636/2507 1403/1635/2507
f 1876/2216/2508 1403/1635/2508 1877/2217/2508
f 1877/2217/2509 1403/1635/2509 1399/1630/2509
f 1877/2217/2510 1399/1630/2510 1873/2214/2510
f 1873/2214/2511 1399/1630/2511 1398/1629/2511
f 1873/2214/2512 1398/1629/2512 1409/1643/2512
f 1872/2219/2513 1409/1642/2513 1871/2212/2513
f 1871/2212/2493 1409/1642/2493 1408/1640/2493
f 1871/2212/2493 1408/1640/2493 1396/1627/2493
f 1395/1626/2514 1414/1648/2514 1871/2212/2514
f 1871/2212/2515 1414/1648/2515 1868/2208/2515
f 1871/2212/2516 1868/2208/2516 1869/2209/2516
f 1812/2128/2517 1877/2217/2517 1810/2220/2517
f 1810/2125/2518 1877/2221/2518 1873/2222/2518
f 1810/2125/2519 1873/2222/2519 1808/2123/2519
f 1808/2223/2520 1873/2224/2520 1872/2225/2520
f 1808/2123/2521 1872/2226/2521 1806/2121/2521
f 1806/2227/2522 1872/2219/2522 1871/2212/2522
f 1806/2121/2523 1871/2228/2523 1802/2117/2523
f 1802/2229/2524 1871/2212/2524 1869/2209/2524
f 1802/2229/2525 1869/2209/2525 1870/2210/2525
f 1878/2230/2526 1879/2231/2526 1880/2232/2526
f 1881/2233/2527 1882/2234/2527 1883/2235/2527
f 1881/2233/2528 1883/2235/2528 1884/2236/2528
f 1884/2236/2529 1883/2235/2529 1885/2237/2529
f 1884/2236/2530 1885/2237/2530 1886/2238/2530
f 1886/2238/2531 1885/2237/2531 1887/2239/2531
f 1886/2240/2532 1887/2241/2532 1888/2242/2532
f 1879/2231/2533 1878/2230/2533 1887/2241/2533
f 1887/2241/2534 1878/2230/2534 1889/2243/2534
f 1887/2241/2535 1889/2243/2535 1888/2242/2535
f 1890/2244/2536 1891/2245/2536 1880/2232/2536
f 1880/2232/2537 1891/2245/2537 1892/2246/2537
f 1880/2232/2538 1892/2246/2538 1878/2230/2538
f 1880/2232/2539 1893/2247/2539 1890/2244/2539
f 1890/2244/2540 1893/2247/2540 1894/2248/2540
f 1890/2244/2541 1894/2248/2541 1895/2249/2541
f 1895/2249/2542 1894/2248/2542 1896/2250/2542
f 1895/2249/2543 1896/2250/2543 1897/2251/2543
f 1898/2252/2544 1676/1943/2544 1682/1949/2544
f 1882/2234/2545 1898/2253/2545 1899/2254/2545
f 1898/2252/2546 1682/1949/2546 1899/2255/2546
f 1899/2255/2547 1682/1949/2547 1683/1950/2547
f 1899/2255/2548 1683/1950/2548 1900/2256/2548
f 1900/2256/2549 1683/1950/2549 1684/1951/2549
f 1900/2256/2550 1684/1951/2550 1901/2257/2550
f 1901/2257/2551 1684/1951/2551 1686/1953/2551
f 1901/2257/2552 1686/1953/2552 1902/2258/2552
f 1686/1953/2553 1689/1956/2553 1902/2258/2553
f 1902/2258/2554 1689/1956/2554 1688/1955/2554
f 1902/2258/2555 1688/1955/2555 1903/2259/2555
f 1903/2259/2556 1688/1955/2556 1687/1954/2556
f 1903/2259/2557 1687/1954/2557 1904/2260/2557
f 1904/2260/2558 1687/1954/2558 1690/1957/2558
f 1904/2260/2559 1690/1957/2559 1905/2261/2559
f 1905/2261/2560 1690/1957/2560 1607/1872/2560
f 1905/2261/2561 1607/1872/2561 1906/2262/2561
f 1882/2234/2562 1899/2254/2562 1883/2235/2562
f 1883/2235/2563 1899/2254/2563 1900/2263/2563
f 1883/2264/2564 1900/2256/2564 1885/2265/2564
f 1885/2265/2565 1900/2256/2565 1901/2257/2565
f 1885/2265/2566 1901/2257/2566 1887/2241/2566
f 1887/2241/2567 1901/2257/2567 1902/2258/2567
f 1887/2241/2568 1902/2258/2568 1879/2231/2568
f 1879/2231/2569 1902/2258/2569 1903/2259/2569
f 1879/2231/2570 1903/2259/2570 1880/2232/2570
f 1880/2232/2571 1903/2259/2571 1904/2260/2571
f 1880/2232/2572 1904/2260/2572 1893/2247/2572
f 1893/2247/2573 1904/2260/2573 1905/2261/2573
f 1893/2247/2574 1905/2261/2574 1894/2248/2574
f 1894/2248/2575 1905/2261/2575 1906/2262/2575
f 1894/2248/2576 1906/2262/2576 1896/2250/2576
f 1907/2266/2577 221/253/2577 1908/2267/2577
f 1907/2266/2578 1908/2267/2578 1881/2233/2578
f 1677/1944/2579 1676/1943/2579 1909/2268/2579
f 1909/2268/2580 1676/1943/2580 1898/2252/2580
f 1909/2269/2581 1898/2253/2581 1908/2267/2581
f 1908/2267/2582 1898/2253/2582 1882/2234/2582
f 1908/2267/2583 1882/2234/2583 1881/2233/2583
f 1910/2270/2584 1600/1865/2584 1599/1864/2584
f 1906/2262/2585 1607/1872/2585 1605/1870/2585
f 1906/2262/2586 1605/1870/2586 1896/2250/2586
f 1897/2251/2587 1896/2250/2587 1911/2271/2587
f 1911/2271/2588 1896/2250/2588 1605/1870/2588
f 1911/2271/2589 1605/1870/2589 1912/2272/2589
f 1912/2272/2590 1605/1870/2590 1604/1869/2590
f 1912/2272/2591 1604/1869/2591 1913/2273/2591
f 1913/2273/2592 1604/1869/2592 1603/1868/2592
f 1913/2273/2593 1603/1868/2593 1914/2274/2593
f 1914/2274/2594 1603/1868/2594 1602/1867/2594
f 1914/2274/2595 1602/1867/2595 1915/2275/2595
f 1915/2275/2596 1602/1867/2596 1601/1866/2596
f 1915/2275/2597 1601/1866/2597 1916/2276/2597
f 1600/1865/2598 1910/2270/2598 1601/1866/2598
f 1601/1866/2599 1910/2270/2599 1917/2277/2599
f 1601/1866/2600 1917/2277/2600 1916/2276/2600
f 220/252/2601 238/270/2601 1918/2278/2601
f 238/270/2602 237/269/2602 1918/2278/2602
f 1918/2278/2603 237/269/2603 1919/2279/2603
f 1918/2278/2604 1919/2279/2604 1920/2280/2604
f 1920/2280/2605 1919/2279/2605 1921/2281/2605
f 1920/2282/2606 1921/2283/2606 1679/1946/2606
f 1679/1946/2607 1921/2283/2607 1680/1947/2607
f 221/253/2608 220/252/2608 1908/2267/2608
f 1908/2267/2609 220/252/2609 1918/2278/2609
f 1908/2267/2610 1918/2278/2610 1909/2269/2610
f 1909/2269/2611 1918/2278/2611 1920/2280/2611
f 1909/2268/2612 1920/2282/2612 1677/1944/2612
f 1677/1944/2613 1920/2282/2613 1679/1946/2613
f 1922/2284/2614 1923/2285/2614 1924/2286/2614
f 1923/2285/2615 1543/1807/2615 1730/2004/2615
f 1925/2287/2616 1926/2288/2616 1922/2284/2616
f 1926/2288/2617 1925/2287/2617 231/263/2617
f 1923/2285/2618 1730/2004/2618 1924/2286/2618
f 1924/2286/2619 1730/2004/2619 1731/2005/2619
f 1924/2286/2620 1731/2005/2620 1927/2289/2620
f 1927/2289/2621 1731/2005/2621 1736/2012/2621
f 1927/2289/2622 1736/2012/2622 1928/2290/2622
f 1928/2290/2623 1736/2012/2623 1735/2011/2623
f 1928/2290/2624 1735/2011/2624 1929/2291/2624
f 1735/2011/2625 1734/2010/2625 1929/2291/2625
f 1929/2291/2626 1734/2010/2626 1732/2292/2626
f 1929/2291/2627 1732/2292/2627 1930/2293/2627
f 1930/2293/2628 1732/2292/2628 1680/2294/2628
f 1930/2295/2629 1680/1947/2629 1921/2283/2629
f 1922/2284/2630 1924/2286/2630 1925/2287/2630
f 1925/2287/2631 1924/2286/2631 1927/2289/2631
f 1925/2287/2632 1927/2289/2632 1931/2296/2632
f 1931/2296/2633 1927/2289/2633 1928/2290/2633
f 1931/2296/2634 1928/2290/2634 1932/2297/2634
f 1932/2297/2635 1928/2290/2635 1929/2291/2635
f 1932/2297/2636 1929/2291/2636 1933/2298/2636
f 1933/2298/2637 1929/2291/2637 1930/2293/2637
f 1933/2298/2638 1930/2293/2638 1934/2299/2638
f 1934/2299/2639 1930/2293/2639 1921/2281/2639
f 1934/2299/2640 1921/2281/2640 1919/2279/2640
f 231/263/2641 1925/2287/2641 230/262/2641
f 230/262/2642 1925/2287/2642 1931/2296/2642
f 230/262/2643 1931/2296/2643 233/265/2643
f 233/265/2644 1931/2296/2644 1932/2297/2644
f 233/265/2645 1932/2297/2645 234/266/2645
f 234/266/2646 1932/2297/2646 1933/2298/2646
f 234/266/2647 1933/2298/2647 235/267/2647
f 235/267/2648 1933/2298/2648 1934/2299/2648
f 235/267/2649 1934/2299/2649 236/268/2649
f 236/268/2650 1934/2299/2650 1919/2279/2650
f 236/268/2651 1919/2279/2651 237/269/2651
f 1544/1808/2652 1543/1807/2652 1935/2300/2652
f 1935/2300/2652 1543/1807/2652 1923/2285/2652
f 1935/2300/2653 1923/2285/2653 1936/2301/2653
f 1936/2301/2653 1923/2285/2653 1922/2284/2653
f 1936/2301/2654 1922/2284/2654 1937/2302/2654
f 1937/2302/2654 1922/2284/2654 1926/2288/2654
f 1937/2302/2655 1926/2288/2655 232/264/2655
f 232/264/2655 1926/2288/2655 231/263/2655
f 1938/2303/2656 1939/2304/2656 1940/2305/2656
f 1941/2306/2657 1942/2307/2657 1943/2308/2657
f 1941/2306/2658 1943/2308/2658 227/259/2658
f 1939/2304/2659 1719/1990/2659 1718/1989/2659
f 1938/2303/2660 1940/2305/2660 1942/2307/2660
f 1939/2304/2661 1718/1989/2661 1940/2305/2661
f 1940/2305/2662 1718/1989/2662 1727/2000/2662
f 1940/2305/2663 1727/2000/2663 1944/2309/2663
f 1727/2000/2664 1726/1999/2664 1944/2309/2664
f 1944/2309/2665 1726/1999/2665 1725/1998/2665
f 1944/2309/2666 1725/1998/2666 1945/2310/2666
f 1945/2310/2667 1725/1998/2667 1724/1997/2667
f 1945/2310/2668 1724/1997/2668 1946/2311/2668
f 1724/1997/2669 1544/1808/2669 1946/2311/2669
f 1946/2311/2670 1544/1808/2670 1935/2300/2670
f 1946/2311/2671 1935/2300/2671 1936/2301/2671
f 1942/2307/2672 1940/2305/2672 1943/2308/2672
f 1943/2308/2673 1940/2305/2673 1944/2309/2673
f 1943/2308/2674 1944/2309/2674 1947/2312/2674
f 1947/2312/2675 1944/2309/2675 1945/2310/2675
f 1947/2312/2676 1945/2310/2676 1948/2313/2676
f 1948/2313/2677 1945/2310/2677 1946/2311/2677
f 1948/2313/2678 1946/2311/2678 1949/2314/2678
f 1949/2314/2679 1946/2311/2679 1936/2301/2679
f 1949/2314/2680 1936/2301/2680 1937/2302/2680
f 227/259/2681 1943/2308/2681 228/260/2681
f 228/260/2682 1943/2308/2682 1947/2312/2682
f 228/260/2683 1947/2312/2683 229/261/2683
f 229/261/2684 1947/2312/2684 1948/2313/2684
f 229/261/2685 1948/2313/2685 225/257/2685
f 225/257/2686 1948/2313/2686 1949/2314/2686
f 225/257/2687 1949/2314/2687 226/258/2687
f 226/258/2688 1949/2314/2688 1937/2302/2688
f 226/258/2689 1937/2302/2689 232/264/2689
f 1939/2304/2690 1938/2303/2690 1950/2315/2690
f 1951/2316/2691 1483/1746/2691 1711/1982/2691
f 1942/2307/2692 1941/2306/2692 1952/2317/2692
f 371/420/2693 1953/2318/2693 1954/2319/2693
f 371/420/2694 1954/2319/2694 366/415/2694
f 366/415/2695 1954/2319/2695 1955/2320/2695
f 366/415/2696 1955/2320/2696 368/416/2696
f 368/416/2697 1955/2320/2697 373/422/2697
f 373/422/2698 1955/2320/2698 1956/2321/2698
f 373/422/2699 1956/2321/2699 374/423/2699
f 374/423/2700 1956/2321/2700 1957/2322/2700
f 374/423/2701 1957/2322/2701 376/2323/2701
f 376/2323/2701 1957/2322/2701 377/2324/2701
f 377/2325/2702 1957/2326/2702 1958/2327/2702
f 377/2325/2703 1958/2327/2703 1959/2328/2703
f 1959/2328/2704 1958/2327/2704 1960/2329/2704
f 1960/2329/2705 1958/2327/2705 1950/2315/2705
f 1960/2329/2706 1950/2315/2706 1952/2317/2706
f 1952/2317/2707 1950/2315/2707 1938/2303/2707
f 1952/2317/2708 1938/2303/2708 1942/2307/2708
f 371/420/2709 372/421/2709 1953/2318/2709
f 1953/2318/2710 372/421/2710 1961/2330/2710
f 1953/2318/2711 1961/2330/2711 1951/2316/2711
f 1951/2316/2712 1711/1982/2712 1953/2318/2712
f 1953/2318/2713 1711/1982/2713 1715/1986/2713
f 1953/2318/2714 1715/1986/2714 1954/2319/2714
f 1954/2319/2715 1715/1986/2715 1717/1988/2715
f 1954/2319/2716 1717/1988/2716 1955/2320/2716
f 1955/2320/2717 1717/1988/2717 1716/1987/2717
f 1955/2320/2718 1716/1987/2718 1956/2321/2718
f 1956/2321/2719 1716/1987/2719 1712/1983/2719
f 1956/2321/2720 1712/1983/2720 1957/2322/2720
f 1957/2322/2721 1712/1983/2721 1723/1996/2721
f 1957/2322/2722 1723/1996/2722 1958/2331/2722
f 1723/1996/2723 1722/1995/2723 1958/2331/2723
f 1958/2332/2724 1722/2333/2724 1721/2334/2724
f 1958/2335/2725 1721/2336/2725 1950/2337/2725
f 1950/2315/2726 1721/2338/2726 1719/1990/2726
f 1950/2315/2727 1719/1990/2727 1939/2304/2727
f 401/455/2728 1962/2339/2728 1963/2340/2728
f 1493/1756/2729 386/437/2729 1495/1758/2729
f 1495/1758/2730 386/437/2730 384/436/2730
f 1495/434/2731 384/434/2731 1494/434/2731
f 1494/434/2732 384/434/2732 383/434/2732
f 401/455/2733 402/456/2733 1962/2339/2733
f 1962/434/2734 402/434/2734 389/434/2734
f 1962/2339/2735 389/440/2735 1493/1756/2735
f 1493/1756/2736 389/440/2736 388/439/2736
f 1493/1756/2736 388/439/2736 386/437/2736
f 404/458/2737 403/457/2737 1963/2340/2737
f 1963/2340/2738 403/457/2738 400/454/2738
f 1963/2340/2739 400/454/2739 401/455/2739
f 406/460/2740 405/459/2740 1964/2341/2740
f 1964/2341/2741 405/459/2741 404/458/2741
f 1964/2341/2742 404/458/2742 1965/2342/2742
f 1965/2342/2743 404/458/2743 1963/2340/2743
f 406/460/2744 1964/2341/2744 378/429/2744
f 378/429/2745 1964/2341/2745 1966/2343/2745
f 378/429/2746 1966/2343/2746 379/430/2746
f 379/430/2747 1966/2343/2747 1967/2344/2747
f 379/430/2748 1967/2344/2748 407/461/2748
f 1968/2345/2749 1951/2316/2749 1961/2330/2749
f 407/461/2748 1967/2344/2748 409/466/2748
f 409/466/2750 1967/2344/2750 1968/2345/2750
f 409/466/2751 1968/2345/2751 408/465/2751
f 408/465/2752 1968/2345/2752 1961/2330/2752
f 408/465/2753 1961/2330/2753 372/421/2753
f 1493/1756/2754 1492/1755/2754 1962/2339/2754
f 1962/2339/2755 1492/1755/2755 1491/1754/2755
f 1962/2339/2756 1491/1754/2756 1963/2340/2756
f 1963/2340/2757 1491/1754/2757 1490/1753/2757
f 1963/2340/2758 1490/1753/2758 1965/2342/2758
f 1965/2342/2759 1490/1753/2759 1489/1752/2759
f 1965/2342/2760 1489/1752/2760 1964/2341/2760
f 1964/2341/2761 1489/1752/2761 1488/1751/2761
f 1964/2341/2762 1488/1751/2762 1966/2343/2762
f 1966/2343/2763 1488/1751/2763 1486/1749/2763
f 1966/2343/2764 1486/1749/2764 1967/2344/2764
f 1967/2344/2765 1486/1749/2765 1484/1747/2765
f 1967/2344/2766 1484/1747/2766 1968/2345/2766
f 1968/2345/2767 1484/1747/2767 1483/1746/2767
f 1968/2345/2749 1483/1746/2749 1951/2316/2749
f 1907/434/2768 222/434/2768 221/434/2768
f 223/434/2769 222/434/2769 1969/434/2769
f 1969/434/2770 222/434/2770 1907/434/2770
f 1969/434/2771 1907/434/2771 1970/434/2771
f 1970/434/2772 1907/434/2772 1881/434/2772
f 223/255/2773 1969/2346/2773 1971/2347/2773
f 1895/434/2774 1897/434/2774 1972/434/2774
f 1973/2348/2775 217/247/2775 215/245/2775
f 1972/2349/2776 1973/2348/2776 1974/2350/2776
f 1895/2249/2777 1972/2351/2777 1890/2244/2777
f 1890/2244/2778 1972/2351/2778 1975/2352/2778
f 1890/2244/2779 1975/2352/2779 1891/2245/2779
f 1888/2353/2780 1889/2354/2780 1976/2355/2780
f 1976/2355/2781 1889/2354/2781 1878/2356/2781
f 1976/2357/2782 1878/2230/2782 1975/2352/2782
f 1975/2352/2783 1878/2230/2783 1892/2246/2783
f 1975/2352/2784 1892/2246/2784 1891/2245/2784
f 1973/2348/2785 215/245/2785 1974/2350/2785
f 1974/2350/2786 215/245/2786 214/244/2786
f 1974/2350/2787 214/244/2787 1971/2347/2787
f 1971/2347/2788 214/244/2788 224/256/2788
f 1971/2347/2789 224/256/2789 223/255/2789
f 1972/2349/2790 1974/2350/2790 1975/2358/2790
f 1975/2358/2791 1974/2350/2791 1971/2347/2791
f 1975/2358/2792 1971/2347/2792 1976/2355/2792
f 1976/2355/2793 1971/2347/2793 1969/2346/2793
f 1976/2355/2794 1969/2346/2794 1970/2359/2794
f 1970/434/2795 1881/434/2795 1884/434/2795
f 1970/2359/2796 1884/2236/2796 1976/2355/2796
f 1976/2355/2797 1884/2236/2797 1886/2238/2797
f 1976/2355/2798 1886/2238/2798 1888/2353/2798
f 218/249/2799 217/247/2799 1973/2348/2799
f 1977/2360/2800 1978/2361/2800 1979/2362/2800
f 1979/2362/2801 1978/2361/2801 1980/2363/2801
f 1979/2364/2802 1980/2365/2802 206/236/2802
f 206/236/2803 1980/2365/2803 204/234/2803
f 1911/2271/2804 1912/2272/2804 1981/2366/2804
f 1981/2366/2805 1912/2272/2805 1913/2273/2805
f 1914/2274/2806 1915/2275/2806 1977/2360/2806
f 1913/2273/2807 1914/2274/2807 1981/2366/2807
f 1981/2366/2808 1914/2274/2808 1977/2360/2808
f 1981/2366/2809 1977/2360/2809 1982/2367/2809
f 1982/2367/2810 1977/2360/2810 1979/2362/2810
f 1982/2368/2811 1979/2364/2811 207/237/2811
f 207/237/2812 1979/2364/2812 206/236/2812
f 1915/2275/2813 1916/2276/2813 1977/2360/2813
f 1977/2360/2814 1916/2276/2814 1917/2277/2814
f 1977/2360/2815 1917/2277/2815 1978/2361/2815
f 1978/2361/2816 1917/2277/2816 1910/2270/2816
f 1978/2361/2817 1910/2270/2817 1599/1864/2817
f 207/250/2818 218/249/2818 1982/2369/2818
f 1982/2369/2819 218/249/2819 1973/2348/2819
f 1982/2367/2820 1973/2370/2820 1981/2366/2820
f 1981/2371/2821 1973/2348/2821 1972/2349/2821
f 1981/2366/2822 1972/2351/2822 1911/2271/2822
f 1911/2271/2823 1972/2351/2823 1897/2251/2823
f 1203/1410/2824 1983/2372/2824 1599/1864/2824
f 1599/1864/2825 1983/2372/2825 1978/2361/2825
f 1983/434/2826 1984/434/2826 1978/434/2826
f 1978/434/2827 1984/434/2827 1985/434/2827
f 1978/2361/2828 1985/2373/2828 1980/2363/2828
f 208/238/2829 204/234/2829 1986/2374/2829
f 1986/2374/2829 204/234/2829 1980/2365/2829
f 1986/434/2830 1980/434/2830 1987/434/2830
f 1987/434/2831 1980/434/2831 1985/434/2831
f 1988/2375/2832 1989/1408/2832 814/939/2832
f 1990/2376/2833 1991/2377/2833 1992/2378/2833
f 1992/2378/2834 1991/2377/2834 1993/2379/2834
f 814/939/2835 1994/2380/2835 1988/2375/2835
f 1988/2375/2836 1994/2380/2836 1995/2381/2836
f 1988/2375/2837 1995/2381/2837 1993/2382/2837
f 1993/2382/2838 1995/2381/2838 1996/2383/2838
f 1993/2379/2839 1996/2384/2839 1992/2378/2839
f 208/238/2840 1991/2377/2840 1997/239/2840
f 1997/239/2841 1991/2377/2841 1990/2376/2841
f 1997/239/2842 1990/2376/2842 210/240/2842
f 208/238/2843 1986/2374/2843 1991/2377/2843
f 1991/2377/2844 1986/2374/2844 1987/2385/2844
f 1991/2377/2845 1987/2385/2845 1993/2379/2845
f 1993/2382/2846 1987/2386/2846 1985/2373/2846
f 1993/2382/2847 1985/2373/2847 1988/2375/2847
f 1203/1410/2848 1989/1408/2848 1983/2372/2848
f 1983/2372/2849 1989/1408/2849 1988/2375/2849
f 1983/2372/2850 1988/2375/2850 1984/2387/2850
f 1984/2387/2851 1988/2375/2851 1985/2373/2851
f 814/939/2852 813/938/2852 1994/2380/2852
f 1994/2380/2853 813/938/2853 1998/2388/2853
f 1994/434/2854 1998/434/2854 1995/434/2854
f 1999/2389/2855 211/241/2855 210/240/2855
f 210/2390/2856 1990/2391/2856 1999/2392/2856
f 1999/434/2857 1990/434/2857 1992/434/2857
f 1999/2393/2858 1992/2394/2858 1998/2388/2858
f 1998/434/2859 1992/434/2859 1996/434/2859
f 1998/434/2860 1996/434/2860 1995/434/2860
f 213/243/2861 212/242/2861 2000/2395/2861
f 1188/1395/2862 1195/1402/2862 2001/2396/2862
f 212/242/2863 211/241/2863 2000/2395/2863
f 2000/2395/2864 211/241/2864 1999/2389/2864
f 2000/2397/2865 1999/2393/2865 2001/2396/2865
f 2001/2396/2866 1999/2393/2866 1998/2388/2866
f 2001/2396/2867 1998/2388/2867 1188/1395/2867
f 1188/1395/2868 1998/2388/2868 813/938/2868
f 1195/1402/2869 1194/1401/2869 2001/2396/2869
f 2001/2396/2870 1194/1401/2870 1193/1400/2870
f 2001/2396/2871 1193/1400/2871 1192/1399/2871
f 1189/1396/2872 2002/2398/2872 1190/1397/2872
f 1190/1397/2873 2002/2398/2873 1191/1398/2873
f 201/231/2874 213/243/2874 2003/2399/2874
f 2003/2399/2875 213/243/2875 2000/2395/2875
f 2003/2399/2876 2000/2395/2876 2002/2400/2876
f 2002/2398/2877 2000/2397/2877 2001/2396/2877
f 2002/2398/2878 2001/2396/2878 1191/1398/2878
f 1191/1398/2879 2001/2396/2879 1192/1399/2879
f 202/232/2880 201/231/2880 2004/2401/2880
f 2004/2401/2881 201/231/2881 2003/2399/2881
f 2004/2401/2882 2003/2399/2882 2005/2402/2882
f 2005/2402/2883 2003/2399/2883 2002/2400/2883
f 2005/2403/2884 2002/2398/2884 1165/1367/2884
f 1165/1367/2885 2002/2398/2885 1189/1396/2885
f 190/220/2886 203/233/2886 2006/2404/2886
f 1180/434/2887 1162/434/2887 2007/434/2887
f 1175/2405/2888 1176/1379/2888 2008/2406/2888
f 2008/2406/2889 1176/1379/2889 1178/1382/2889
f 1178/1382/2889 1180/1384/2889 2008/2406/2889
f 2008/2406/2890 1180/1384/2890 2007/2407/2890
f 2008/2406/2891 2007/2407/2891 2009/2408/2891
f 2009/434/2892 2007/434/2893 2010/434/2893
f 2009/2408/2894 2010/2409/2894 191/221/2894
f 191/434/2895 2010/434/2895 193/434/2895
f 191/221/2896 190/220/2896 2009/2408/2896
f 2009/2408/2897 190/220/2897 2006/2404/2897
f 2009/2408/2898 2006/2404/2898 2008/2406/2898
f 2008/2406/2899 2006/2404/2899 2011/2410/2899
f 2008/2406/2900 2011/2410/2900 1175/2405/2900
f 1175/1377/2901 2011/2411/2901 1173/1375/2901
f 1168/1370/2902 1170/1372/2902 2011/2411/2902
f 2011/2411/2903 1170/1372/2903 1171/1373/2903
f 2011/2411/2904 1171/1373/2904 1173/1375/2904
f 1165/1367/2905 1168/1370/2905 2005/2403/2905
f 2005/2403/2906 1168/1370/2906 2011/2411/2906
f 2005/2402/2907 2011/2410/2907 2004/2401/2907
f 2004/2401/2908 2011/2410/2908 2006/2404/2908
f 2004/2401/2909 2006/2404/2909 202/232/2909
f 202/232/2910 2006/2404/2910 203/233/2910
f 2007/434/2911 1162/434/2911 1161/434/2911
f 195/434/2912 1161/434/2912 196/434/2912
f 195/434/2913 193/434/2913 1161/434/2914
f 1161/434/2915 193/434/2915 2010/434/2915
f 1161/434/2916 2010/434/2916 2007/434/2916
f 336/2412/1446 334/2413/1446 332/2414/1446
f 348/2415/1446 332/2414/1446 330/2416/1446
f 324/2417/1446 356/2418/1446 326/2419/1446
f 326/2419/1446 356/2418/1446 354/2420/1446
f 326/2419/1446 354/2420/1446 352/2421/1446
f 324/2417/1446 322/2422/1446 356/2418/1446
f 356/2418/1446 322/2422/1446 320/2423/1446
f 356/2418/1446 320/2423/1446 318/2424/1446
f 352/2421/1446 350/2425/1446 326/2419/1446
f 326/2419/1446 350/2425/1446 348/2415/1446
f 326/2419/1446 348/2415/1446 328/2426/1446
f 328/2426/1446 348/2415/1446 330/2416/1446
f 362/2427/1446 318/2424/1446 316/2428/1446
f 362/2427/1446 360/2429/1446 318/2424/1446
f 318/2424/1446 360/2429/1446 358/2430/1446
f 318/2424/1446 358/2430/1446 356/2418/1446
f 348/2415/1446 346/2431/1446 332/2414/1446
f 332/2414/1446 346/2431/1446 344/2432/1446
f 332/2414/1446 344/2432/1446 342/2433/1446
f 316/2428/1446 314/2434/1446 362/2427/1446
f 362/2427/1446 314/2434/1446 312/2435/1446
f 362/2427/1446 312/2435/1446 310/2436/1446
f 342/2433/1446 340/2437/1446 332/2414/1446
f 332/2414/1446 340/2437/1446 338/2438/1446
f 332/2414/1446 338/2438/1446 336/2412/1446
f 310/2436/1446 308/2439/1446 362/2427/1446
f 362/2427/1446 308/2439/1446 306/2440/1446
f 362/2427/1446 306/2440/1446 364/2441/1446
f 375/2442/1496 2012/2443/1496 2013/2444/1496
f 2012/2443/1496 2014/2445/1496 2013/2444/1496
f 2013/2444/1496 2014/2445/1496 2015/2446/1496
f 2013/2444/1496 2015/2446/1496 2016/2447/1496
f 411/473/1496 385/435/1496 2013/2444/1496
f 2017/2448/1496 2018/2449/1496 2013/2444/1496
f 2013/2444/1496 2018/2449/1496 2019/2450/1496
f 2013/2444/1496 2019/2450/1496 453/2451/1496
f 431/487/1496 418/495/1496 2013/2444/1496
f 2013/2444/1496 418/495/1496 412/467/1496
f 2020/2452/1496 2021/2453/1496 2013/2444/1496
f 2013/2444/1496 2021/2453/1496 2022/2454/1496
f 2013/2444/1496 2022/2454/1496 2017/2448/1496
f 2020/2452/1496 2023/2455/1496 2021/2453/1496
f 2021/2453/1496 2023/2455/1496 2024/2456/1496
f 2021/2453/1496 2024/2456/1496 2025/2457/1496
f 453/2451/1496 458/524/1496 2013/2444/1496
f 2013/2444/1496 458/524/1496 456/527/1496
f 2013/2444/1496 456/527/1496 450/2458/1496
f 2013/2444/1496 428/484/1496 430/486/1496
f 412/467/1496 414/469/1496 2013/2444/1496
f 2013/2444/1496 414/469/1496 416/471/1496
f 2013/2444/1496 416/471/1496 411/473/1496
f 2013/2444/1496 382/433/1496 381/432/1496
f 2026/2459/1496 2027/2460/1496 2015/2446/1496
f 2015/2446/1496 2027/2460/1496 2028/2461/1496
f 2015/2446/1496 2028/2461/1496 2029/2462/1496
f 2029/2462/1496 2030/2463/1496 2015/2446/1496
f 2015/2446/1496 2030/2463/1496 2031/2464/1496
f 2015/2446/1496 2031/2464/1496 2032/2465/1496
f 2032/2465/1496 2033/2466/1496 2015/2446/1496
f 2015/2446/1496 2033/2466/1496 2034/2467/1496
f 2015/2446/1496 2034/2467/1496 2016/2447/1496
f 450/2458/1496 424/2468/1496 2013/2444/1496
f 2013/2444/2917 424/2468/2917 423/2469/2917
f 2013/2444/1496 423/2469/1496 420/475/1496
f 420/475/1496 419/474/1496 2013/2444/1496
f 2013/2444/1496 419/474/1496 426/482/1496
f 2013/2444/1496 426/482/1496 428/484/1496
f 382/433/1496 2013/2444/1496 396/447/1496
f 381/432/1496 397/448/1496 2013/2444/1496
f 2013/2444/1496 397/448/1496 399/450/1496
f 2013/2444/1496 399/450/1496 369/418/1496
f 369/418/1496 365/2470/1496 2013/2444/1496
f 2013/2444/1496 365/2470/1496 367/414/1496
f 2013/2444/1496 367/414/1496 375/2442/1496
f 2026/2459/1496 2035/2471/1496 2027/2460/1496
f 2027/2460/1496 2035/2471/1496 2036/2472/1496
f 2027/2460/1496 2036/2472/1496 2037/2473/1496
f 2037/2473/1496 2036/2472/1496 2038/2474/1496
f 430/486/1496 433/489/1496 2013/2444/1496
f 2013/2444/1496 433/489/1496 432/488/1496
f 2013/2444/1496 432/488/1496 431/487/1496
f 385/435/1496 387/438/1496 2013/2444/1496
f 2013/2444/1496 387/438/1496 391/442/1496
f 2013/2444/1496 391/442/1496 396/447/1496
f 396/447/1496 391/442/1496 393/444/1496
f 396/447/1496 393/444/1496 394/445/1496
f 315/2475/1446 2039/2476/1446 313/2477/1446
f 313/2477/1446 2039/2476/1446 2040/2478/1446
f 313/2477/1446 2040/2478/1446 311/2479/1446
f 311/2479/1446 2040/2478/1446 2041/2480/1446
f 311/2479/1446 2041/2480/1446 309/2481/1446
f 309/2481/1446 2041/2480/1446 2042/2482/1446
f 309/2481/1446 2042/2482/1446 307/2483/1446
f 307/2483/1446 2042/2482/1446 2043/2484/1446
f 307/2483/1446 2043/2484/1446 305/2485/1446
f 305/2485/1446 2043/2484/1446 2044/2486/1446
f 305/2485/1446 2044/2486/1446 363/2487/1446
f 363/2487/1446 2044/2486/1446 2045/2488/1446
f 363/2487/1446 2045/2488/1446 361/2489/1446
f 361/2489/1446 2045/2488/1446 2046/2490/1446
f 361/2489/1446 2046/2490/1446 359/2491/1446
f 359/2491/1446 2046/2490/1446 2047/2492/1446
f 359/2491/1446 2047/2492/1446 357/2493/1446
f 357/2493/1446 2047/2492/1446 2048/2494/1446
f 357/2493/1446 2048/2494/1446 355/2495/1446
f 355/2495/1446 2048/2494/1446 2049/2496/1446
f 355/2495/1446 2049/2496/1446 353/2497/1446
f 353/2497/1446 2049/2496/1446 2050/2498/1446
f 353/2497/1446 2050/2498/1446 351/2499/1446
f 351/2499/1446 2050/2498/1446 2051/2500/1446
f 351/2499/1446 2051/2500/1446 349/2501/1446
f 349/2501/1446 2051/2500/1446 2052/2502/1446
f 349/2501/1446 2052/2502/1446 347/2503/1446
f 347/2503/1446 2052/2502/1446 2053/2504/1446
f 347/2503/1446 2053/2504/1446 345/2505/1446
f 345/2505/1446 2053/2504/1446 2054/2506/1446
f 345/2505/1446 2054/2506/1446 343/2507/1446
f 343/2507/1446 2054/2506/1446 2055/2508/1446
f 343/2507/1446 2055/2508/1446 341/2509/1446
f 341/2509/1446 2055/2508/1446 2056/2510/1446
f 341/2509/1446 2056/2510/1446 339/2511/1446
f 339/2511/1446 2056/2510/1446 2057/2512/1446
f 339/2511/1446 2057/2512/1446 337/2513/1446
f 337/2513/1446 2057/2512/1446 2058/2514/1446
f 337/2513/1446 2058/2514/1446 335/2515/1446
f 335/2515/1446 2058/2514/1446 2059/2516/1446
f 335/2515/1446 2059/2516/1446 333/2517/1446
f 333/2517/1446 2059/2516/1446 2060/2518/1446
f 333/2517/1446 2060/2518/1446 331/2519/1446
f 331/2519/1446 2060/2518/1446 2061/2520/1446
f 331/2519/1446 2061/2520/1446 329/2521/1446
f 329/2521/1446 2061/2520/1446 2062/2522/1446
f 329/2521/1446 2062/2522/1446 327/2523/1446
f 327/2523/1446 2062/2522/1446 2063/2524/1446
f 327/2523/1446 2063/2524/1446 325/2525/1446
f 325/2525/1446 2063/2524/1446 2064/2526/1446
f 325/2525/1446 2064/2526/1446 323/2527/1446
f 323/2527/1446 2064/2526/1446 2065/2528/1446
f 323/2527/1446 2065/2528/1446 321/2529/1446
f 321/2529/1446 2065/2528/1446 2066/2530/1446
f 321/2529/1446 2066/2530/1446 319/2531/1446
f 319/2531/1446 2066/2530/1446 2067/2532/1446
f 319/2531/1446 2067/2532/1446 317/2533/1446
f 317/2533/1446 2067/2532/1446 2068/2534/1446
f 317/2533/1446 2068/2534/1446 315/2475/1446
f 315/2475/1446 2068/2534/1446 2039/2476/1446
f 1343/2535/2918 132/162/2918 1349/2536/2918
f 1349/2536/2918 132/162/2918 118/148/2918
f 1349/2536/2919 118/148/2919 1347/2537/2919
f 1347/2537/2920 118/148/2920 117/147/2920
f 1347/2537/2921 117/147/2921 1353/2538/2921
f 1353/2538/2922 117/147/2922 144/174/2922
f 1353/2538/2923 144/174/2923 1355/2539/2923
f 1355/2539/2924 144/174/2924 143/173/2924
f 1355/2539/2925 143/173/2925 1357/2540/2925
f 1357/2540/2926 143/173/2926 161/191/2926
f 1357/1578/2927 161/2541/2927 1263/1473/2927
f 1263/1473/2927 161/2541/2927 156/2542/2927
f 1263/1473/2928 156/2542/2928 1360/1581/2928
f 1360/1581/2928 156/2542/2928 155/2543/2928
f 1360/1581/2929 155/2543/2929 1270/1480/2929
f 1270/1480/2929 155/2543/2929 169/2544/2929
f 1270/2545/2930 169/2546/2930 1266/2547/2930
f 1266/2547/2931 169/2546/2931 158/2548/2931
f 1266/2547/2932 158/2548/2932 1274/2549/2932
f 1274/2549/2933 158/2548/2933 112/2550/2933
f 1274/2549/2934 112/2550/2934 1281/1491/2934
f 1281/1491/2935 112/2550/2935 111/2551/2935
f 1281/1491/2936 111/2551/2936 1279/1489/2936
f 1279/1489/2937 111/2551/2937 122/2552/2937
f 1279/1489/2938 122/2552/2938 1285/1500/2938
f 1285/1500/2938 122/2552/2938 94/2553/2938
f 1285/1500/2939 94/2553/2939 1290/1505/2939
f 1290/1505/2939 94/2553/2939 96/2554/2939
f 1290/1505/2940 96/2554/2940 1287/1502/2940
f 1287/1502/2940 96/2554/2940 98/2555/2940
f 1287/1502/2941 98/2555/2941 1298/1515/2941
f 1298/1515/2941 98/2555/2941 89/2556/2941
f 1298/1515/2942 89/2556/2942 1296/1512/2942
f 1296/1512/2943 89/2556/2943 88/2557/2943
f 1296/1512/2944 88/2557/2944 1302/2558/2944
f 1302/2558/2945 88/2557/2945 128/2559/2945
f 1302/2558/2946 128/2559/2946 1307/2560/2946
f 1307/2560/2947 128/2559/2947 130/2561/2947
f 1307/2560/2948 130/2561/2948 1304/2562/2948
f 1304/2562/2949 130/2561/2949 129/2563/2949
f 1304/1521/2950 129/2564/2950 1315/1532/2950
f 1315/1532/2950 129/2564/2950 148/2565/2950
f 1315/1532/2951 148/2565/2951 1313/1530/2951
f 1313/1530/2951 148/2565/2951 103/2566/2951
f 1313/1530/2952 103/2566/2952 1319/1536/2952
f 1319/1536/2952 103/2566/2952 102/2567/2952
f 1319/2568/2953 102/132/2953 1321/2569/2953
f 1321/2569/2954 102/132/2954 86/116/2954
f 1321/2569/2955 86/116/2955 1326/2570/2955
f 1326/2570/2956 86/116/2956 85/115/2956
f 1326/2570/2957 85/115/2957 1332/2571/2957
f 1332/2571/2958 85/115/2958 107/137/2958
f 1332/2571/2959 107/137/2959 1330/2572/2959
f 1330/2572/2960 107/137/2960 92/122/2960
f 1330/2572/2961 92/122/2961 1336/2573/2961
f 1336/2573/2961 92/122/2961 91/121/2961
f 1336/2573/2962 91/121/2962 2069/2574/2962
f 2069/2574/2962 91/121/2962 140/170/2962
f 2069/2574/2963 140/170/2963 1343/2535/2963
f 1343/2535/2963 140/170/2963 132/162/2963
f 251/2575/2964 2042/2482/2964 254/2576/2964
f 254/2576/2964 2042/2482/2964 2041/2480/2964
f 254/2576/2965 2041/2480/2965 257/2577/2965
f 257/2577/2966 2041/2480/2966 2040/2478/2966
f 257/2577/2967 2040/2478/2967 260/2578/2967
f 260/2578/2967 2040/2478/2967 2039/2476/2967
f 260/2578/2968 2039/2476/2968 263/2579/2968
f 263/2579/2969 2039/2476/2969 2068/2534/2969
f 263/2579/2970 2068/2534/2970 266/2580/2970
f 266/2580/2971 2068/2534/2971 2067/2532/2971
f 266/2580/2972 2067/2532/2972 269/2581/2972
f 269/2581/2972 2067/2532/2972 2066/2530/2972
f 269/2581/2973 2066/2530/2973 272/2582/2973
f 272/2582/2973 2066/2530/2973 2065/2528/2973
f 272/2582/2974 2065/2528/2974 275/2583/2974
f 275/2583/2974 2065/2528/2974 2064/2526/2974
f 275/2583/2975 2064/2526/2975 278/2584/2975
f 278/2584/2976 2064/2526/2976 2063/2524/2976
f 278/2584/2977 2063/2524/2977 281/2585/2977
f 281/2585/2978 2063/2524/2978 2062/2522/2978
f 281/2585/2979 2062/2522/2979 284/2586/2979
f 284/2586/2979 2062/2522/2979 2061/2520/2979
f 284/2586/2980 2061/2520/2980 287/2587/2980
f 287/2587/2980 2061/2520/2980 2060/2518/2980
f 287/2587/2981 2060/2518/2981 290/2588/2981
f 290/2588/2981 2060/2518/2981 2059/2516/2981
f 290/2588/2982 2059/2516/2982 293/2589/2982
f 293/2589/2982 2059/2516/2982 2058/2514/2982
f 293/2589/2983 2058/2514/2983 296/2590/2983
f 296/2590/2984 2058/2514/2984 2057/2512/2984
f 296/2590/2985 2057/2512/2985 299/2591/2985
f 299/2591/2986 2057/2512/2986 2056/2510/2986
f 299/2591/2987 2056/2510/2987 302/2592/2987
f 302/2592/2988 2056/2510/2988 2055/2508/2988
f 302/2592/2989 2055/2508/2989 181/2593/2989
f 181/2593/2989 2055/2508/2989 2054/2506/2989
f 181/2593/2990 2054/2506/2990 194/2594/2990
f 194/2594/2990 2054/2506/2990 2053/2504/2990
f 194/2594/2991 2053/2504/2991 192/2595/2991
f 192/2595/2991 2053/2504/2991 2052/2502/2991
f 192/2595/2992 2052/2502/2992 200/2596/2992
f 200/2596/2992 2052/2502/2992 2051/2500/2992
f 200/2596/2993 2051/2500/2993 205/2597/2993
f 205/2597/2993 2051/2500/2993 2050/2498/2993
f 205/2597/2994 2050/2498/2994 216/2598/2994
f 216/2598/2994 2050/2498/2994 2049/2496/2994
f 216/2598/2995 2049/2496/2995 219/2599/2995
f 219/2599/2995 2049/2496/2995 2048/2494/2995
f 219/2599/2996 2048/2494/2996 175/2600/2996
f 175/2600/2996 2048/2494/2996 2047/2492/2996
f 175/2600/2997 2047/2492/2997 240/2601/2997
f 240/2601/2997 2047/2492/2997 2046/2490/2997
f 240/2601/2998 2046/2490/2998 242/2602/2998
f 242/2602/2999 2046/2490/2999 2045/2488/2999
f 242/2602/3000 2045/2488/3000 245/2603/3000
f 245/2603/3000 2045/2488/3000 2044/2486/3000
f 245/2603/3001 2044/2486/3001 248/2604/3001
f 248/2604/3002 2044/2486/3002 2043/2484/3002
f 248/2604/3003 2043/2484/3003 251/2575/3003
f 251/2575/3004 2043/2484/3004 2042/2482/3004
f 2070/2605/73 2071/2606/73 2072/2607/73
f 2072/2607/73 2071/2606/73 2073/2608/73
f 2072/2607/73 2073/2608/73 2074/2609/73
f 2074/2609/73 2073/2608/73 2075/2610/73
f 2074/2609/73 2075/2610/73 2076/2611/73
f 2076/2611/73 2075/2610/73 2077/2612/73
f 2076/2611/73 2077/2612/73 2078/2613/73
f 2078/2613/73 2077/2612/73 2079/2614/73
f 2078/2613/73 2079/2614/73 2080/2615/73
f 2080/2615/73 2079/2614/73 2081/2616/73
f 2080/2615/73 2081/2616/73 2082/2617/73
f 2082/2617/73 2081/2616/73 2083/2618/73
f 2082/2617/73 2083/2618/73 2084/2619/73
f 2084/2619/73 2083/2618/73 2085/2620/73
f 2084/2619/73 2085/2620/73 2086/2621/73
f 2086/2621/73 2085/2620/73 2087/2622/73
f 2086/2621/73 2087/2622/73 2088/2623/73
f 2088/2623/73 2087/2622/73 2089/2624/73
f 2088/2623/73 2089/2624/73 2090/2625/73
f 2090/2625/73 2089/2624/73 2091/2626/73
f 2090/2625/73 2091/2626/73 2092/2627/73
f 2092/2627/73 2091/2626/73 2093/2628/73
f 2092/2627/73 2093/2628/73 2094/2629/73
f 2094/2629/73 2093/2628/73 2095/2630/73
f 2094/2629/73 2095/2630/73 2096/2631/73
f 2096/2631/73 2095/2630/73 2097/2632/73
f 2096/2631/73 2097/2632/73 2098/2633/73
f 2098/2633/73 2097/2632/73 2099/2634/73
f 2098/2633/73 2099/2634/73 2100/2635/73
f 2100/2635/73 2099/2634/73 2101/2636/73
f 2100/2635/73 2101/2636/73 2102/2637/73
f 2102/2637/73 2101/2636/73 2103/2638/73
f 2102/2637/73 2103/2638/73 2104/2639/73
f 2104/2639/73 2103/2638/73 2105/2640/73
f 2104/2639/73 2105/2640/73 2106/2641/73
f 2106/2641/73 2105/2640/73 2107/2642/73
f 2106/2641/73 2107/2642/73 2108/2643/73
f 2108/2643/73 2107/2642/73 2109/2644/73
f 2108/2643/73 2109/2644/73 2110/2645/73
f 2110/2645/73 2109/2644/73 2111/2646/73
f 2110/2645/73 2111/2646/73 2112/2647/73
f 2112/2647/73 2111/2646/73 2113/2648/73
f 2112/2647/73 2113/2648/73 2114/2649/73
f 2114/2649/73 2113/2648/73 2115/2650/73
f 2114/2649/73 2115/2650/73 2116/2651/73
f 2116/2651/73 2115/2650/73 2117/2652/73
f 2116/2651/73 2117/2652/73 2118/2653/73
f 2118/2653/73 2117/2652/73 2119/2654/73
f 2118/2653/73 2119/2654/73 2120/2655/73
f 2120/2655/73 2119/2654/73 2121/2656/73
f 2120/2655/73 2121/2656/73 2122/2657/73
f 2122/2657/73 2121/2656/73 2123/2658/73
f 2122/2657/73 2123/2658/73 2124/2659/73
f 2124/2659/73 2123/2658/73 2125/2660/73
f 2124/2659/73 2125/2660/73 2126/2661/73
f 2126/2661/73 2125/2660/73 2127/2662/73
f 2126/2661/73 2127/2662/73 2128/2663/73
f 2128/2663/73 2127/2662/73 2070/2605/73
f 2128/2663/73 2070/2605/73 2072/2607/73
f 2103/2664/3005 2101/2665/3005 2129/2666/3005
f 2129/2666/3006 2130/2667/3006 2103/2664/3006
f 2103/2664/3007 2130/2667/3007 2131/2668/3007
f 2103/2664/3008 2131/2668/3008 2105/2669/3008
f 2131/2668/3009 2132/2670/3009 2105/2669/3009
f 2105/2669/3010 2132/2670/3010 2133/2671/3010
f 2105/2669/3011 2133/2671/3011 2107/2672/3011
f 2107/2672/3012 2133/2671/3012 2134/2673/3012
f 2107/2674/3013 2134/2675/3013 2109/2676/3013
f 2109/2677/3014 2134/2678/3014 2135/2679/3014
f 2135/2680/3015 2136/2681/3015 2109/2682/3015
f 2109/2682/3016 2136/2681/3016 2137/2683/3016
f 2109/2682/3017 2137/2683/3017 2111/2684/3017
f 2111/2684/3018 2137/2683/3018 2138/2685/3018
f 2111/2684/3019 2138/2685/3019 2113/2686/3019
f 2113/2686/3020 2138/2685/3020 2139/2687/3020
f 2139/2687/3021 2140/2688/3021 2113/2686/3021
f 2113/2686/3022 2140/2688/3022 2141/2689/3022
f 2113/2686/3023 2141/2689/3023 2115/2690/3023
f 2115/2690/3024 2141/2689/3024 2142/2691/3024
f 2115/2690/3025 2142/2691/3025 2117/2692/3025
f 2117/2692/3026 2142/2691/3026 2143/2693/3026
f 2143/2693/3027 2144/2694/3027 2117/2692/3027
f 2117/2692/3028 2144/2694/3028 2145/2695/3028
f 2117/2692/3029 2145/2695/3029 2119/2696/3029
f 2119/2696/3030 2145/2695/3030 2146/2697/3030
f 2119/2696/3031 2146/2697/3031 2121/2698/3031
f 2121/2698/3032 2146/2697/3032 2147/2699/3032
f 2147/2699/3033 2148/2700/3033 2121/2698/3033
f 2121/2698/3034 2148/2700/3034 2149/2701/3034
f 2121/2698/3035 2149/2701/3035 2123/2702/3035
f 2123/2702/3036 2149/2701/3036 2150/2703/3036
f 2123/2702/3037 2150/2703/3037 2125/2704/3037
f 2125/2705/3038 2150/2706/3038 2151/2707/3038
f 2151/2707/3039 2152/2708/3039 2125/2705/3039
f 2125/2705/3040 2152/2708/3040 2153/2709/3040
f 2125/2705/3041 2153/2709/3041 2127/2710/3041
f 2127/2710/3042 2153/2709/3042 2154/2711/3042
f 2127/2710/3043 2154/2711/3043 2070/2712/3043
f 2154/2711/3044 2155/2713/3044 2070/2712/3044
f 2070/2712/3045 2155/2713/3045 2156/2714/3045
f 2070/2712/3046 2156/2714/3046 2071/2715/3046
f 2071/2715/3046 2156/2714/3046 2157/2716/3046
f 2071/2715/3047 2157/2716/3047 2073/2717/3047
f 2157/2716/3047 2158/2718/3047 2073/2717/3047
f 2073/2717/3048 2158/2718/3048 2159/2719/3048
f 2073/2717/3049 2159/2719/3049 2075/2720/3049
f 2159/2719/3050 2160/2721/3050 2075/2720/3050
f 2075/2720/3051 2160/2721/3051 2161/2722/3051
f 2075/2720/3052 2161/2722/3052 2077/2723/3052
f 2161/2722/3053 2162/2724/3053 2077/2723/3053
f 2077/2723/3054 2162/2724/3054 2163/2725/3054
f 2077/2723/3055 2163/2725/3055 2079/2726/3055
f 2079/2727/3056 2163/2728/3056 2164/2729/3056
f 2079/2727/3057 2164/2729/3057 2081/2730/3057
f 2164/2731/3058 2165/2732/3058 2081/2733/3058
f 2081/2734/3059 2165/2735/3059 2166/2736/3059
f 2081/2734/3060 2166/2736/3060 2083/2737/3060
f 2166/2736/3061 2167/2738/3061 2083/2737/3061
f 2083/2737/3062 2167/2738/3062 2168/2739/3062
f 2083/2737/3063 2168/2739/3063 2085/2740/3063
f 2085/2740/3064 2168/2739/3064 2169/2741/3064
f 2169/2741/3065 2170/2742/3065 2085/2740/3065
f 2085/2740/3066 2170/2742/3066 2171/2743/3066
f 2085/2740/3067 2171/2743/3067 2087/2744/3067
f 2171/2743/1496 2172/2745/1496 2087/2744/1496
f 2087/2744/3068 2172/2745/3068 2173/2746/3068
f 2087/2744/3069 2173/2746/3069 2089/2747/3069
f 2173/2746/3070 2174/2748/3070 2089/2747/3070
f 2089/2747/3071 2174/2748/3071 2175/2749/3071
f 2089/2747/3072 2175/2749/3072 2091/2750/3072
f 2091/2750/3073 2175/2749/3073 2176/2751/3073
f 2091/2750/3074 2176/2751/3074 2093/2752/3074
f 2176/2751/3075 2177/2753/3075 2093/2752/3075
f 2093/2752/3076 2177/2753/3076 2178/2754/3076
f 2093/2752/3077 2178/2754/3077 2095/2755/3077
f 2178/2754/3078 2179/2756/3078 2095/2755/3078
f 2095/2757/3079 2179/2758/3079 2180/2759/3079
f 2095/2757/3080 2180/2759/3080 2097/2760/3080
f 2097/2761/3081 2180/2762/3081 2181/2763/3081
f 2181/2764/3082 2182/2765/3082 2097/2766/3082
f 2097/2766/3083 2182/2765/3083 2183/2767/3083
f 2097/2766/3084 2183/2767/3084 2099/2768/3084
f 2183/2767/3085 2184/2769/3085 2099/2768/3085
f 2099/2768/3086 2184/2769/3086 2185/2770/3086
f 2099/2768/3087 2185/2770/3087 2101/2665/3087
f 2101/2665/3088 2185/2770/3088 2186/2771/3088
f 2101/2665/3089 2186/2771/3089 2129/2666/3089
f 2126/2661/3090 2128/2663/3090 48/2772/3090
f 48/2772/3090 47/2773/3090 2126/2661/3090
f 2126/2661/3091 47/2773/3091 51/2774/3091
f 2126/2661/3091 51/2774/3091 2124/2659/3091
f 51/2774/3091 50/2775/3091 2124/2659/3091
f 2124/2659/3092 50/2775/3092 54/2776/3092
f 2124/2659/3092 54/2776/3092 2122/2657/3092
f 54/2776/3093 53/2777/3093 2122/2657/3093
f 2122/2657/3094 53/2777/3094 57/2778/3094
f 2122/2657/3094 57/2778/3094 2120/2655/3094
f 57/2778/3095 56/2779/3095 2120/2655/3095
f 2120/2655/3096 56/2779/3096 60/2780/3096
f 2120/2655/3097 60/2780/3097 2118/2653/3097
f 60/2780/3097 59/2781/3097 2118/2653/3097
f 2118/2782/3098 59/75/3098 63/79/3098
f 2118/2782/3099 63/79/3099 2116/2783/3099
f 63/79/3098 62/78/3098 2116/2783/3098
f 2116/2783/3100 62/78/3100 66/82/3100
f 2116/2783/3100 66/82/3100 2114/2784/3100
f 66/82/3101 65/81/3101 2114/2784/3101
f 2114/2784/3102 65/81/3102 69/85/3102
f 2114/2784/3103 69/85/3103 2112/2785/3103
f 69/85/3103 68/84/3103 2112/2785/3103
f 2112/2786/3104 68/2787/3104 72/2788/3104
f 2112/2786/3104 72/2788/3104 2110/2789/3104
f 72/2788/3104 71/2790/3104 2110/2789/3104
f 2110/2789/3105 71/2790/3105 75/2791/3105
f 2110/2789/3105 75/2791/3105 2108/2792/3105
f 75/2791/3106 74/2793/3106 2108/2792/3106
f 2108/2792/3107 74/2793/3107 78/2794/3107
f 2108/2792/3108 78/2794/3108 2106/2795/3108
f 78/2794/3109 77/2796/3109 2106/2795/3109
f 2106/2795/3110 77/2796/3110 81/2797/3110
f 2106/2795/3110 81/2797/3110 2104/2798/3110
f 81/2797/3111 80/2799/3111 2104/2798/3111
f 2104/2798/3112 80/2799/3112 84/2800/3112
f 2104/2798/3113 84/2800/3113 2102/2801/3113
f 6/6/3114 2098/2802/3114 2100/2803/3114
f 84/2800/3113 83/2804/3113 2102/2801/3113
f 2102/2801/3115 83/2804/3115 82/2805/3115
f 2102/2801/3115 82/2805/3115 2100/2803/3115
f 2100/2803/3115 82/2805/3115 4/4/3115
f 2100/2803/3114 4/4/3114 6/6/3114
f 12/23/3116 2094/2806/3116 2096/2807/3116
f 6/6/3117 7/11/3117 2098/2802/3117
f 2098/2802/3118 7/11/3118 3/13/3118
f 2098/2802/3119 3/13/3119 2096/2807/3119
f 2096/2807/3119 3/13/3119 13/24/3119
f 2096/2807/3120 13/24/3120 12/23/3120
f 18/2808/3121 2090/2809/3121 2092/2810/3121
f 12/23/3116 11/2811/3116 2094/2806/3116
f 2094/2806/3122 11/2811/3122 10/2812/3122
f 2094/2806/3123 10/2812/3123 2092/2810/3123
f 2092/2810/3123 10/2812/3123 19/2813/3123
f 2092/2810/3121 19/2813/3121 18/2808/3121
f 24/36/3124 2086/2814/3124 2088/2815/3124
f 18/2808/3121 17/2816/3121 2090/2809/3121
f 2090/2817/3125 17/29/3125 16/28/3125
f 2090/2817/3125 16/28/3125 2088/2815/3125
f 2088/2815/3126 16/28/3126 25/37/3126
f 2088/2815/3127 25/37/3127 24/36/3127
f 24/36/3124 23/35/3124 2086/2814/3124
f 2086/2814/3128 23/35/3128 22/34/3128
f 2086/2814/3129 22/34/3129 2084/2818/3129
f 2084/2818/3128 22/34/3128 31/43/3128
f 2084/2619/3130 31/2819/3130 2082/2617/3130
f 31/2819/3130 30/2820/3130 2082/2617/3130
f 2082/2617/3131 30/2820/3131 29/2821/3131
f 2082/2617/3132 29/2821/3132 2080/2615/3132
f 29/2821/3133 28/2822/3133 2080/2615/3133
f 2080/2615/3133 28/2822/3133 36/2823/3133
f 2080/2615/3134 36/2823/3134 2078/2613/3134
f 36/2823/3135 35/2824/3135 2078/2613/3135
f 2078/2613/3135 35/2824/3135 33/2825/3135
f 2078/2613/3136 33/2825/3136 2076/2611/3136
f 33/2825/3136 39/2826/3136 2076/2611/3136
f 2076/2611/3136 39/2826/3136 38/2827/3136
f 2076/2611/3137 38/2827/3137 2074/2609/3137
f 38/2827/3138 42/2828/3138 2074/2609/3138
f 2074/2609/3139 42/2828/3139 41/2829/3139
f 2074/2609/3140 41/2829/3140 2072/2607/3140
f 2072/2607/3141 41/2829/3141 45/2830/3141
f 2072/2607/3142 45/2830/3142 2128/2663/3142
f 2128/2663/3143 45/2830/3143 44/2831/3143
f 2128/2663/3144 44/2831/3144 48/2772/3144
f 2019/2450/3145 2018/2449/3145 189/2832/3145
f 189/2832/3146 1119/2833/3146 2019/2450/3146
f 2019/2450/3147 1119/2833/3147 1118/2834/3147
f 2019/2450/3148 1118/2834/3148 1115/2835/3148
f 1115/2835/3149 1121/2836/3149 2019/2450/3149
f 2019/2450/3150 1121/2836/3150 454/1298/3150
f 2019/2450/3151 454/1298/3151 453/2451/3151
f 189/2832/3152 2018/2449/3152 178/2837/3152
f 178/2837/3152 2018/2449/3152 2017/2448/3152
f 2014/2445/3153 227/2838/3153 174/2839/3153
f 239/271/3154 2026/2840/3154 2015/2841/3154
f 2014/2445/3155 174/2839/3155 2015/2446/3155
f 2015/2446/3153 174/2839/3153 173/2842/3153
f 2015/2841/3154 173/203/3154 239/271/3154
f 246/2843/3156 2036/2472/3156 2035/2471/3156
f 239/271/3154 241/273/3154 2026/2840/3154
f 2026/2459/3157 241/2844/3157 243/2845/3157
f 2026/2459/3157 243/2845/3157 2035/2471/3157
f 2035/2471/3157 243/2845/3157 244/2846/3157
f 2035/2471/3156 244/2846/3156 246/2843/3156
f 252/2847/3158 2037/2473/3158 2038/2474/3158
f 246/2843/3159 247/2848/3159 2036/2472/3159
f 2036/2472/3160 247/2848/3160 249/2849/3160
f 2036/2472/3160 249/2849/3160 2038/2474/3160
f 2038/2474/3160 249/2849/3160 250/2850/3160
f 2038/2474/3158 250/2850/3158 252/2847/3158
f 258/292/3161 2028/2851/3161 2027/2852/3161
f 252/2847/3158 253/2853/3158 2037/2473/3158
f 2037/2473/3162 253/2853/3162 255/2854/3162
f 2037/2473/3162 255/2854/3162 2027/2460/3162
f 2027/2460/3163 255/2854/3163 256/2855/3163
f 2027/2852/3161 256/290/3161 258/292/3161
f 264/298/3164 2030/2856/3164 2029/2857/3164
f 258/292/3161 259/293/3161 2028/2851/3161
f 2028/2851/3165 259/293/3165 261/295/3165
f 2028/2851/3166 261/295/3166 2029/2857/3166
f 2029/2857/3165 261/295/3165 262/296/3165
f 2029/2857/3167 262/296/3167 264/298/3167
f 270/304/3168 2187/2858/3168 2031/2859/3168
f 264/298/3167 265/299/3167 2030/2856/3167
f 2030/2856/3169 265/299/3169 267/301/3169
f 2030/2856/3170 267/301/3170 2031/2859/3170
f 2031/2859/3169 267/301/3169 268/302/3169
f 2031/2859/3168 268/302/3168 270/304/3168
f 270/304/3168 2188/305/3168 2187/2858/3168
f 2187/2465/3171 2188/2860/3171 273/2861/3171
f 2187/2465/3171 273/2861/3171 2033/2466/3171
f 273/2861/3171 274/2862/3171 2033/2466/3171
f 2033/2466/3172 274/2862/3172 276/2863/3172
f 2033/2466/3173 276/2863/3173 2034/2467/3173
f 276/2863/3172 277/2864/3172 2034/2467/3172
f 2034/2865/3174 277/313/3174 279/315/3174
f 2034/2865/3175 279/315/3175 2016/2866/3175
f 279/315/3174 280/316/3174 2016/2866/3174
f 2016/2866/3176 280/316/3176 282/318/3176
f 2016/2866/3177 282/318/3177 2013/2867/3177
f 282/318/3176 283/319/3176 2013/2867/3176
f 2013/2867/3178 283/319/3178 285/321/3178
f 2013/2867/3178 285/321/3178 2020/2868/3178
f 285/321/3178 286/322/3178 2020/2868/3178
f 2020/2868/3179 286/322/3179 288/324/3179
f 2020/2868/3180 288/324/3180 2023/2869/3180
f 288/324/3180 289/325/3180 2023/2869/3180
f 2023/2869/3181 289/325/3181 291/327/3181
f 2023/2869/3181 291/327/3181 2024/2870/3181
f 291/327/3181 292/328/3181 2024/2870/3181
f 2024/2456/3182 292/2871/3182 294/2872/3182
f 2024/2456/3182 294/2872/3182 2025/2457/3182
f 294/2872/3182 295/2873/3182 2025/2457/3182
f 2025/2457/3183 295/2873/3183 297/2874/3183
f 2025/2457/3184 297/2874/3184 2021/2453/3184
f 297/2874/3184 298/2875/3184 2021/2453/3184
f 2021/2453/3185 298/2875/3185 300/2876/3185
f 2021/2453/3185 300/2876/3185 2022/2454/3185
f 300/2876/3185 301/2877/3185 2022/2454/3185
f 2022/2454/3186 301/2877/3186 303/2878/3186
f 2022/2454/3186 303/2878/3186 2017/2448/3186
f 2017/2448/3186 303/2878/3186 304/2879/3186
f 2017/2448/3187 304/2879/3187 178/2837/3187
f 375/2442/3188 377/2324/3188 2012/2443/3188
f 2012/2443/3189 377/2324/3189 1959/2880/3189
f 2012/2443/3190 1959/2880/3190 1960/2881/3190
f 227/2838/3191 2014/2445/3191 1941/2882/3191
f 1941/2882/3192 2014/2445/3192 2012/2443/3192
f 1941/2882/3193 2012/2443/3193 1952/2883/3193
f 1952/2883/3194 2012/2443/3194 1960/2881/3194
f 2189/2884/3195 97/2885/3195 2190/2886/3195
f 2190/2886/3196 97/2885/3196 95/2887/3196
f 2190/2886/3197 95/2887/3197 2191/2888/3197
f 2191/2888/3198 95/2887/3198 125/2889/3198
f 2191/2888/3199 125/2889/3199 2192/2890/3199
f 2192/2890/3200 125/2889/3200 124/2891/3200
f 2192/2890/3200 124/2891/3200 2193/2892/3200
f 2193/2892/3201 124/2891/3201 123/2893/3201
f 2193/2892/3201 123/2893/3201 2194/2894/3201
f 2194/2894/3202 123/2893/3202 121/2895/3202
f 2194/2894/3203 121/2895/3203 2195/2896/3203
f 2195/2896/3204 121/2895/3204 120/2897/3204
f 2195/2896/3204 120/2897/3204 2196/2898/3204
f 2196/2898/3205 120/2897/3205 113/2899/3205
f 2196/2898/3205 113/2899/3205 2197/2900/3205
f 2197/2900/3206 113/2899/3206 160/2901/3206
f 2197/2900/3206 160/2901/3206 2198/2902/3206
f 2198/2902/3207 160/2901/3207 159/2903/3207
f 2198/2902/3207 159/2903/3207 2199/2904/3207
f 2199/2904/3208 159/2903/3208 172/2905/3208
f 2199/2904/3208 172/2905/3208 2200/2906/3208
f 2200/2906/3209 172/2905/3209 171/2907/3209
f 2200/2906/3209 171/2907/3209 2201/2908/3209
f 2201/2908/3210 171/2907/3210 170/2909/3210
f 2201/2908/3210 170/2909/3210 2202/2910/3210
f 2202/2911/3211 170/200/3211 168/198/3211
f 2202/2911/3211 168/198/3211 2203/2912/3211
f 2203/2912/3212 168/198/3212 167/197/3212
f 2203/2912/3213 167/197/3213 2204/2913/3213
f 2204/2913/3214 167/197/3214 157/187/3214
f 2204/2913/3214 157/187/3214 2205/2914/3214
f 2205/2914/3215 157/187/3215 163/193/3215
f 2205/2914/3216 163/193/3216 2206/2915/3216
f 2206/2915/3217 163/193/3217 162/192/3217
f 2206/2915/3217 162/192/3217 2207/2916/3217
f 2207/2916/3218 162/192/3218 166/196/3218
f 2207/2916/3218 166/196/3218 2208/2917/3218
f 2208/2917/3219 166/196/3219 165/195/3219
f 2208/2917/3219 165/195/3219 2209/2918/3219
f 2209/2918/3220 165/195/3220 164/194/3220
f 2209/2918/3220 164/194/3220 2210/2919/3220
f 2210/2919/3221 164/194/3221 145/175/3221
f 2210/2919/3221 145/175/3221 2211/2920/3221
f 2211/2920/3222 145/175/3222 154/184/3222
f 2211/2920/3222 154/184/3222 2212/2921/3222
f 2212/2921/3223 154/184/3223 153/183/3223
f 2212/2921/3223 153/183/3223 2213/2922/3223
f 2213/2922/3224 153/183/3224 152/182/3224
f 2213/2922/3224 152/182/3224 2214/2923/3224
f 2214/2923/3225 152/182/3225 119/149/3225
f 2214/2923/3226 119/149/3226 2215/2924/3226
f 2215/2924/3227 119/149/3227 134/164/3227
f 2215/2924/3228 134/164/3228 2216/2925/3228
f 2216/2925/3229 134/164/3229 133/163/3229
f 2216/2925/3229 133/163/3229 2217/2926/3229
f 2217/2926/3230 133/163/3230 142/172/3230
f 2217/2926/3231 142/172/3231 2218/2927/3231
f 2218/2927/3232 142/172/3232 141/171/3232
f 2218/2927/3232 141/171/3232 2219/2928/3232
f 2219/2928/3233 141/171/3233 139/169/3233
f 2219/2928/3234 139/169/3234 2220/2929/3234
f 2220/2929/3235 139/169/3235 138/168/3235
f 2220/2929/3236 138/168/3236 2221/2930/3236
f 2221/2930/3237 138/168/3237 93/123/3237
f 2221/2930/3237 93/123/3237 2222/2931/3237
f 2222/2931/3238 93/123/3238 110/140/3238
f 2222/2931/3238 110/140/3238 2223/2932/3238
f 2223/2932/3239 110/140/3239 109/139/3239
f 2223/2932/3240 109/139/3240 2224/2933/3240
f 2224/2933/3241 109/139/3241 108/138/3241
f 2224/2933/3241 108/138/3241 2225/2934/3241
f 2225/2934/3242 108/138/3242 106/136/3242
f 2225/2934/3242 106/136/3242 2226/2935/3242
f 2226/2935/3243 106/136/3243 105/135/3243
f 2226/2935/3243 105/135/3243 2227/2936/3243
f 2227/2936/3244 105/135/3244 87/117/3244
f 2227/2936/3244 87/117/3244 2228/2937/3244
f 2228/2937/3245 87/117/3245 116/146/3245
f 2228/2937/3245 116/146/3245 2229/2938/3245
f 2229/2938/3246 116/146/3246 115/145/3246
f 2229/2938/3246 115/145/3246 2230/2939/3246
f 2230/2939/3247 115/145/3247 114/144/3247
f 2230/2939/3247 114/144/3247 2231/2940/3247
f 2231/2940/3248 114/144/3248 104/134/3248
f 2231/2940/3248 104/134/3248 2232/2941/3248
f 2232/2941/3249 104/134/3249 151/181/3249
f 2232/2941/3250 151/181/3250 2233/2942/3250
f 2233/2942/3251 151/181/3251 150/180/3251
f 2233/2942/3251 150/180/3251 2234/2943/3251
f 2234/2943/3252 150/180/3252 149/179/3252
f 2234/2943/3253 149/179/3253 2235/2944/3253
f 2235/2944/3254 149/179/3254 147/177/3254
f 2235/2944/3254 147/177/3254 2236/2945/3254
f 2236/2946/3255 147/2947/3255 146/2948/3255
f 2236/2946/3255 146/2948/3255 2237/2949/3255
f 2237/2949/3256 146/2948/3256 131/2950/3256
f 2237/2949/3256 131/2950/3256 2238/2951/3256
f 2238/2951/3257 131/2950/3257 137/2952/3257
f 2238/2951/3257 137/2952/3257 2239/2953/3257
f 2239/2953/3258 137/2952/3258 136/2954/3258
f 2239/2953/3258 136/2954/3258 2240/2955/3258
f 2240/2955/3259 136/2954/3259 135/2956/3259
f 2240/2955/3259 135/2956/3259 2241/2957/3259
f 2241/2957/3260 135/2956/3260 127/2958/3260
f 2241/2957/3260 127/2958/3260 2242/2959/3260
f 2242/2959/3261 127/2958/3261 126/2960/3261
f 2242/2959/3261 126/2960/3261 2243/2961/3261
f 2243/2961/3262 126/2960/3262 90/2962/3262
f 2243/2961/3263 90/2962/3263 2244/2963/3263
f 2244/2963/3264 90/2962/3264 101/2964/3264
f 2244/2963/3265 101/2964/3265 2245/2965/3265
f 2245/2965/3266 101/2964/3266 100/2966/3266
f 2245/2965/3266 100/2966/3266 2246/2967/3266
f 2246/2967/3267 100/2966/3267 99/2968/3267
f 2246/2967/3268 99/2968/3268 2189/2884/3268
f 2189/2884/3195 99/2968/3195 97/2885/3195
f 2247/2969/3269 2190/2886/3269 2248/2970/3269
f 2248/2970/3270 2190/2886/3270 2191/2888/3270
f 2248/2970/3271 2191/2888/3271 2249/2971/3271
f 2249/2971/3272 2191/2888/3272 2192/2890/3272
f 2249/2971/3273 2192/2890/3273 2250/2972/3273
f 2250/2972/3274 2192/2890/3274 2193/2892/3274
f 2250/2972/3275 2193/2892/3275 2251/2973/3275
f 2251/2973/3276 2193/2892/3276 2194/2894/3276
f 2251/2973/3276 2194/2894/3276 2252/2974/3276
f 2252/2974/3277 2194/2894/3277 2195/2896/3277
f 2252/2974/3278 2195/2896/3278 2253/2975/3278
f 2253/2975/3279 2195/2896/3279 2196/2898/3279
f 2253/2975/3280 2196/2898/3280 2254/2976/3280
f 2254/2976/3281 2196/2898/3281 2197/2900/3281
f 2254/2976/3282 2197/2900/3282 2255/2977/3282
f 2255/2977/3283 2197/2900/3283 2198/2902/3283
f 2255/2977/3283 2198/2902/3283 2256/2978/3283
f 2256/2978/3284 2198/2902/3284 2199/2904/3284
f 2256/2978/3284 2199/2904/3284 2257/2979/3284
f 2257/2979/3285 2199/2904/3285 2200/2906/3285
f 2257/2979/3286 2200/2906/3286 2258/2980/3286
f 2258/2980/3287 2200/2906/3287 2201/2908/3287
f 2258/2980/3288 2201/2908/3288 2259/2981/3288
f 2259/2982/3289 2201/2983/3289 2202/2984/3289
f 2259/2982/3290 2202/2984/3290 2260/2985/3290
f 2260/2985/3291 2202/2984/3291 2203/2986/3291
f 2260/2985/3292 2203/2986/3292 2261/2987/3292
f 2261/2987/3293 2203/2986/3293 2204/2988/3293
f 2261/2987/3294 2204/2988/3294 2262/2989/3294
f 2262/2989/3295 2204/2988/3295 2205/2990/3295
f 2262/2989/3295 2205/2990/3295 2263/2991/3295
f 2263/2991/3296 2205/2990/3296 2206/2992/3296
f 2263/2991/3297 2206/2992/3297 2264/2993/3297
f 2264/2993/3298 2206/2992/3298 2207/2994/3298
f 2264/2993/3299 2207/2994/3299 2265/2995/3299
f 2265/2996/3300 2207/2916/3300 2208/2917/3300
f 2265/2996/3301 2208/2917/3301 2266/2997/3301
f 2266/2997/3302 2208/2917/3302 2209/2918/3302
f 2266/2997/3302 2209/2918/3302 2267/2998/3302
f 2267/2998/3303 2209/2918/3303 2210/2919/3303
f 2267/2998/3303 2210/2919/3303 2268/2999/3303
f 2268/2999/3304 2210/2919/3304 2211/2920/3304
f 2268/2999/3304 2211/2920/3304 2269/3000/3304
f 2269/3000/3305 2211/2920/3305 2212/2921/3305
f 2269/3000/3305 2212/2921/3305 2270/3001/3305
f 2270/3001/3306 2212/2921/3306 2213/2922/3306
f 2270/3001/3307 2213/2922/3307 2271/3002/3307
f 2271/3002/3308 2213/2922/3308 2214/2923/3308
f 2271/3002/3309 2214/2923/3309 2272/3003/3309
f 2272/3003/3310 2214/2923/3310 2215/2924/3310
f 2272/3003/3311 2215/2924/3311 2273/3004/3311
f 2273/3004/3312 2215/2924/3312 2216/2925/3312
f 2273/3004/3312 2216/2925/3312 2274/3005/3312
f 2274/3005/3313 2216/2925/3313 2217/2926/3313
f 2274/3005/3314 2217/2926/3314 2275/3006/3314
f 2275/3006/3315 2217/2926/3315 2218/2927/3315
f 2275/3006/3316 2218/2927/3316 2276/3007/3316
f 2276/3007/3317 2218/2927/3317 2219/2928/3317
f 2276/3007/3318 2219/2928/3318 2277/3008/3318
f 2277/3008/3319 2219/2928/3319 2220/2929/3319
f 2277/3008/3320 2220/2929/3320 2278/3009/3320
f 2278/3009/3321 2220/2929/3321 2221/2930/3321
f 2278/3009/3322 2221/2930/3322 2279/3010/3322
f 2279/3010/3323 2221/2930/3323 2222/2931/3323
f 2279/3010/3324 2222/2931/3324 2280/3011/3324
f 2280/3011/3325 2222/2931/3325 2223/2932/3325
f 2280/3011/3325 2223/2932/3325 2281/3012/3325
f 2281/3012/3326 2223/2932/3326 2224/2933/3326
f 2281/3012/3327 2224/2933/3327 2282/3013/3327
f 2282/3013/3328 2224/2933/3328 2225/2934/3328
f 2282/3013/3329 2225/2934/3329 2283/3014/3329
f 2283/3014/3330 2225/2934/3330 2226/2935/3330
f 2283/3014/3331 2226/2935/3331 2284/3015/3331
f 2284/3015/3332 2226/2935/3332 2227/2936/3332
f 2284/3015/3332 2227/2936/3332 2285/3016/3332
f 2285/3016/3333 2227/2936/3333 2228/2937/3333
f 2285/3016/3333 2228/2937/3333 2286/3017/3333
f 2286/3017/3334 2228/2937/3334 2229/2938/3334
f 2286/3017/3335 2229/2938/3335 2287/3018/3335
f 2287/3018/3336 2229/2938/3336 2230/2939/3336
f 2287/3018/3337 2230/2939/3337 2288/3019/3337
f 2288/3019/3338 2230/2939/3338 2231/2940/3338
f 2288/3019/3339 2231/2940/3339 2289/3020/3339
f 2289/3021/3340 2231/3022/3340 2232/3023/3340
f 2289/3021/3341 2232/3023/3341 2290/3024/3341
f 2290/3024/3342 2232/3023/3342 2233/3025/3342
f 2290/3024/3343 2233/3025/3343 2291/3026/3343
f 2291/3026/3344 2233/3025/3344 2234/3027/3344
f 2291/3026/3344 2234/3027/3344 2292/3028/3344
f 2292/3028/3345 2234/3027/3345 2235/3029/3345
f 2292/3028/3346 2235/3029/3346 2293/3030/3346
f 2293/3030/3347 2235/3029/3347 2236/3031/3347
f 2293/3030/3348 2236/3031/3348 2294/3032/3348
f 2294/3032/3349 2236/3031/3349 2237/3033/3349
f 2294/3032/3350 2237/3033/3350 2295/3034/3350
f 2295/3035/3351 2237/2949/3351 2238/2951/3351
f 2295/3035/3351 2238/2951/3351 2296/3036/3351
f 2296/3036/3352 2238/2951/3352 2239/2953/3352
f 2296/3036/3352 2239/2953/3352 2297/3037/3352
f 2297/3037/3353 2239/2953/3353 2240/2955/3353
f 2297/3037/3353 2240/2955/3353 2298/3038/3353
f 2298/3038/3354 2240/2955/3354 2241/2957/3354
f 2298/3038/3354 2241/2957/3354 2299/3039/3354
f 2299/3039/3355 2241/2957/3355 2242/2959/3355
f 2299/3039/3356 2242/2959/3356 2300/3040/3356
f 2300/3040/3357 2242/2959/3357 2243/2961/3357
f 2300/3040/3358 2243/2961/3358 2301/3041/3358
f 2301/3041/3359 2243/2961/3359 2244/2963/3359
f 2301/3041/3360 2244/2963/3360 2302/3042/3360
f 2302/3042/3361 2244/2963/3361 2245/2965/3361
f 2302/3042/3361 2245/2965/3361 2303/3043/3361
f 2303/3043/3362 2245/2965/3362 2246/2967/3362
f 2303/3043/3363 2246/2967/3363 2304/3044/3363
f 2304/3044/3364 2246/2967/3364 2189/2884/3364
f 2304/3044/3365 2189/2884/3365 2247/2969/3365
f 2247/2969/3366 2189/2884/3366 2190/2886/3366
f 2156/2714/3367 2248/2970/3367 2157/2716/3367
f 2157/2716/3368 2248/2970/3368 2249/2971/3368
f 2157/2716/3368 2249/2971/3368 2158/2718/3368
f 2158/2718/3369 2249/2971/3369 2250/2972/3369
f 2158/2718/3369 2250/2972/3369 2159/2719/3369
f 2159/2719/3370 2250/2972/3370 2251/2973/3370
f 2159/2719/3371 2251/2973/3371 2160/2721/3371
f 2160/2721/3372 2251/2973/3372 2252/2974/3372
f 2160/2721/3372 2252/2974/3372 2161/2722/3372
f 2161/2722/3373 2252/2974/3373 2253/2975/3373
f 2161/2722/3374 2253/2975/3374 2162/2724/3374
f 2162/2724/3375 2253/2975/3375 2254/2976/3375
f 2162/2724/3376 2254/2976/3376 2163/2725/3376
f 2163/2725/3377 2254/2976/3377 2255/2977/3377
f 2163/2725/3378 2255/2977/3378 2164/3045/3378
f 2164/3046/3379 2255/3047/3379 2256/3048/3379
f 2164/3046/3380 2256/3048/3380 2165/2735/3380
f 2165/2735/3381 2256/3048/3381 2257/3049/3381
f 2165/2735/3382 2257/3049/3382 2166/2736/3382
f 2166/2736/3383 2257/3049/3383 2258/3050/3383
f 2166/2736/3384 2258/3050/3384 2167/2738/3384
f 2167/2738/3385 2258/3050/3385 2259/2982/3385
f 2167/2738/3385 2259/2982/3385 2168/2739/3385
f 2168/2739/3386 2259/2982/3386 2260/2985/3386
f 2168/2739/3387 2260/2985/3387 2169/2741/3387
f 2169/2741/3388 2260/2985/3388 2261/2987/3388
f 2169/2741/3388 2261/2987/3388 2170/2742/3388
f 2170/2742/3389 2261/2987/3389 2262/2989/3389
f 2170/2742/3390 2262/2989/3390 2171/2743/3390
f 2171/2743/3391 2262/2989/3391 2263/2991/3391
f 2171/2743/3391 2263/2991/3391 2172/2745/3391
f 2172/2745/3392 2263/2991/3392 2264/2993/3392
f 2172/2745/3393 2264/2993/3393 2173/2746/3393
f 2173/2746/3394 2264/2993/3394 2265/2995/3394
f 2173/2746/3394 2265/2995/3394 2174/2748/3394
f 2174/2748/3395 2265/2995/3395 2266/3051/3395
f 2174/2748/3396 2266/3051/3396 2175/2749/3396
f 2175/2749/3397 2266/3051/3397 2267/3052/3397
f 2175/2749/3397 2267/3052/3397 2176/2751/3397
f 2176/2751/3398 2267/3052/3398 2268/3053/3398
f 2176/2751/3399 2268/3053/3399 2177/2753/3399
f 2177/2753/3400 2268/3053/3400 2269/3054/3400
f 2177/2753/3401 2269/3054/3401 2178/2754/3401
f 2178/2754/3402 2269/3054/3402 2270/3055/3402
f 2178/2754/3403 2270/3055/3403 2179/2756/3403
f 2179/3056/3404 2270/3001/3404 2271/3002/3404
f 2179/3056/3404 2271/3002/3404 2180/2762/3404
f 2180/2762/3405 2271/3002/3405 2272/3003/3405
f 2180/2762/3406 2272/3003/3406 2181/2763/3406
f 2181/2763/3407 2272/3003/3407 2273/3004/3407
f 2181/2763/3408 2273/3004/3408 2182/3057/3408
f 2182/3057/3409 2273/3004/3409 2274/3005/3409
f 2182/3057/3409 2274/3005/3409 2183/3058/3409
f 2183/3058/3410 2274/3005/3410 2275/3006/3410
f 2183/3058/3411 2275/3006/3411 2184/3059/3411
f 2184/3059/3412 2275/3006/3412 2276/3007/3412
f 2184/3059/3412 2276/3007/3412 2185/3060/3412
f 2185/3060/3413 2276/3007/3413 2277/3008/3413
f 2185/3060/3413 2277/3008/3413 2305/3061/3413
f 2305/3061/3414 2277/3008/3414 2278/3009/3414
f 2305/3061/3414 2278/3009/3414 2129/3062/3414
f 2129/3062/3415 2278/3009/3415 2279/3010/3415
f 2129/3062/3415 2279/3010/3415 2130/3063/3415
f 2130/3063/3416 2279/3010/3416 2280/3011/3416
f 2130/3063/3417 2280/3011/3417 2131/3064/3417
f 2131/3064/3418 2280/3011/3418 2281/3012/3418
f 2131/3064/3418 2281/3012/3418 2132/3065/3418
f 2132/3065/3419 2281/3012/3419 2282/3013/3419
f 2132/3065/3420 2282/3013/3420 2133/3066/3420
f 2133/3066/3421 2282/3013/3421 2283/3014/3421
f 2133/3066/3422 2283/3014/3422 2134/2678/3422
f 2134/2678/3423 2283/3014/3423 2284/3015/3423
f 2134/2678/3424 2284/3015/3424 2135/2679/3424
f 2135/2680/3425 2284/3067/3425 2285/3068/3425
f 2135/2680/3426 2285/3068/3426 2136/2681/3426
f 2136/2681/3427 2285/3068/3427 2286/3069/3427
f 2136/2681/3428 2286/3069/3428 2137/2683/3428
f 2137/2683/3429 2286/3069/3429 2287/3070/3429
f 2137/2683/3430 2287/3070/3430 2138/2685/3430
f 2138/2685/3431 2287/3070/3431 2288/3071/3431
f 2138/2685/3431 2288/3071/3431 2139/2687/3431
f 2139/2687/3432 2288/3071/3432 2289/3021/3432
f 2139/2687/3433 2289/3021/3433 2140/2688/3433
f 2140/2688/3434 2289/3021/3434 2290/3024/3434
f 2140/2688/3434 2290/3024/3434 2141/2689/3434
f 2141/2689/3435 2290/3024/3435 2291/3026/3435
f 2141/2689/3436 2291/3026/3436 2142/2691/3436
f 2142/2691/3437 2291/3026/3437 2292/3028/3437
f 2142/2691/3437 2292/3028/3437 2143/2693/3437
f 2143/2693/3438 2292/3028/3438 2293/3030/3438
f 2143/2693/3439 2293/3030/3439 2144/2694/3439
f 2144/2694/3440 2293/3030/3440 2294/3032/3440
f 2144/2694/3440 2294/3032/3440 2145/2695/3440
f 2145/2695/3441 2294/3032/3441 2295/3034/3441
f 2145/2695/3442 2295/3034/3442 2146/2697/3442
f 2146/2697/3443 2295/3034/3443 2296/3072/3443
f 2146/2697/3443 2296/3072/3443 2147/2699/3443
f 2147/2699/3444 2296/3072/3444 2297/3073/3444
f 2147/2699/3445 2297/3073/3445 2148/2700/3445
f 2148/2700/3446 2297/3073/3446 2298/3074/3446
f 2148/2700/3447 2298/3074/3447 2149/2701/3447
f 2149/2701/3448 2298/3074/3448 2299/3075/3448
f 2149/2701/3449 2299/3075/3449 2150/2703/3449
f 2150/2706/3450 2299/3039/3450 2300/3040/3450
f 2150/2706/3450 2300/3040/3450 2151/2707/3450
f 2151/2707/3451 2300/3040/3451 2301/3041/3451
f 2151/2707/3452 2301/3041/3452 2152/2708/3452
f 2152/2708/3453 2301/3041/3453 2302/3042/3453
f 2152/2708/3454 2302/3042/3454 2153/2709/3454
f 2153/2709/3455 2302/3042/3455 2303/3043/3455
f 2153/2709/3455 2303/3043/3455 2154/2711/3455
f 2154/2711/3456 2303/3043/3456 2304/3044/3456
f 2154/2711/3457 2304/3044/3457 2155/2713/3457
f 2155/2713/3458 2304/3044/3458 2247/2969/3458
f 2155/2713/3458 2247/2969/3458 2156/2714/3458
f 2156/2714/3367 2247/2969/3367 2248/2970/3367
f 8/3076/73 2/3077/73 70/3078/73
f 61/3079/73 58/3080/73 9/3081/73
f 26/3082/73 52/3083/73 27/3084/73
f 27/3084/73 52/3083/73 49/3085/73
f 27/3084/73 49/3085/73 46/3086/73
f 61/3079/73 9/3081/73 64/3087/73
f 26/3082/73 21/3088/73 52/3083/73
f 52/3083/73 21/3088/73 2306/3089/73
f 52/3083/73 2306/3089/73 15/3090/73
f 58/3080/73 55/3091/73 9/3081/73
f 9/3081/73 55/3091/73 52/3083/73
f 9/3081/73 52/3083/73 14/3092/73
f 14/3092/73 52/3083/73 15/3090/73
f 2307/3093/73 37/3094/73 43/3095/73
f 43/3095/73 37/3094/73 32/3096/73
f 43/3095/73 32/3096/73 46/3086/73
f 46/3086/73 32/3096/73 34/3097/73
f 46/3086/73 34/3097/73 27/3084/73
f 2308/3098/73 79/3099/73 1/3100/73
f 1/3100/73 79/3099/73 76/3101/73
f 1/3100/73 76/3101/73 2/3077/73
f 2/3077/73 76/3101/73 73/3102/73
f 2/3077/73 73/3102/73 70/3078/73
f 8/3076/73 70/3078/73 9/3081/73
f 9/3081/73 70/3078/73 67/3103/73
f 9/3081/73 67/3103/73 64/3087/73
f 2309/3104/3459 2310/3105/3459 2311/3106/3459
f 2312/3107/3460 2313/3108/3460 2314/3109/3460
f 2314/3109/3461 2313/3108/3461 2309/3104/3461
f 2314/3109/3462 2309/3104/3462 2315/3110/3462
f 2315/3110/3463 2309/3104/3463 2311/3106/3463
f 2316/3111/3464 2317/3112/3464 2318/3113/3464
f 2318/3113/3465 2319/3114/3465 2316/3111/3465
f 2316/3111/3466 2319/3114/3466 2320/3115/3466
f 2316/3111/3467 2320/3115/3467 2310/3105/3467
f 2310/3105/3468 2320/3115/3468 2321/3116/3468
f 2310/3105/3469 2321/3116/3469 2311/3106/3469
f 2322/3117/3470 2323/3118/3470 2324/3119/3470
f 2324/3119/3471 2325/3120/3471 2322/3117/3471
f 2322/3117/3472 2325/3120/3472 2326/3121/3472
f 2322/3117/3473 2326/3121/3473 2317/3122/3473
f 2317/3122/3474 2326/3121/3474 2327/3123/3474
f 2317/3122/3475 2327/3123/3475 2318/3124/3475
f 2328/3125/3476 2329/3126/3476 2330/3127/3476
f 2330/3127/3477 2331/3128/3477 2328/3125/3477
f 2328/3125/3478 2331/3128/3478 2332/3129/3478
f 2328/3125/3479 2332/3129/3479 2323/3118/3479
f 2323/3118/3480 2332/3129/3480 2333/3130/3480
f 2323/3118/3481 2333/3130/3481 2324/3119/3481
f 2334/3131/3482 2335/3132/3482 2336/3133/3482
f 2336/3133/3483 2337/3134/3483 2334/3131/3483
f 2334/3131/3484 2337/3134/3484 2338/3135/3484
f 2334/3131/3485 2338/3135/3485 2329/3126/3485
f 2329/3126/3486 2338/3135/3486 2339/3136/3486
f 2329/3126/3487 2339/3136/3487 2330/3127/3487
f 2340/3137/3488 2341/3138/3488 2342/3139/3488
f 2342/3139/3489 2343/3140/3489 2340/3137/3489
f 2340/3137/3490 2343/3140/3490 2344/3141/3490
f 2340/3137/3491 2344/3141/3491 2335/3132/3491
f 2335/3132/3492 2344/3141/3492 2345/3142/3492
f 2335/3132/3493 2345/3142/3493 2336/3133/3493
f 2346/3143/3494 2347/3144/3494 2348/3145/3494
f 2348/3145/3495 2349/3146/3495 2346/3143/3495
f 2346/3143/3496 2349/3146/3496 2350/3147/3496
f 2346/3143/3497 2350/3147/3497 2341/3138/3497
f 2341/3138/3498 2350/3147/3498 2351/3148/3498
f 2341/3138/3499 2351/3148/3499 2342/3139/3499
f 2352/3149/3500 2353/3150/3500 2354/3151/3500
f 2354/3151/3501 2355/3152/3501 2352/3149/3501
f 2352/3149/3502 2355/3152/3502 2356/3153/3502
f 2352/3149/3503 2356/3153/3503 2347/3154/3503
f 2347/3154/3504 2356/3153/3504 2357/3155/3504
f 2347/3144/3505 2357/3156/3505 2348/3145/3505
f 2358/3157/3506 2359/3158/3506 2360/3159/3506
f 2360/3159/3507 2361/3160/3507 2358/3157/3507
f 2358/3157/3508 2361/3160/3508 2362/3161/3508
f 2358/3157/3509 2362/3161/3509 2353/3150/3509
f 2353/3150/3510 2362/3161/3510 2363/3162/3510
f 2353/3150/3511 2363/3162/3511 2354/3151/3511
f 2364/3163/3512 2365/3164/3512 2366/3165/3512
f 2366/3165/3513 2367/3166/3513 2364/3163/3513
f 2364/3163/3514 2367/3166/3514 2368/3167/3514
f 2364/3163/3515 2368/3167/3515 2359/3158/3515
f 2359/3158/3516 2368/3167/3516 2369/3168/3516
f 2359/3158/3517 2369/3168/3517 2360/3159/3517
f 2370/3169/3518 2371/3170/3518 2372/3171/3518
f 2372/3171/3519 2373/3172/3519 2370/3169/3519
f 2370/3169/3520 2373/3172/3520 2374/3173/3520
f 2370/3169/3521 2374/3173/3521 2365/3164/3521
f 2365/3164/3522 2374/3173/3522 2375/3174/3522
f 2365/3164/3523 2375/3174/3523 2366/3165/3523
f 2376/3175/3524 2377/3176/3524 2378/3177/3524
f 2378/3177/3525 2379/3178/3525 2376/3175/3525
f 2376/3175/3526 2379/3178/3526 2380/3179/3526
f 2376/3175/3527 2380/3179/3527 2371/3170/3527
f 2371/3170/3528 2380/3179/3528 2381/3180/3528
f 2371/3170/3529 2381/3180/3529 2372/3171/3529
f 2382/3181/3530 2383/3182/3530 2384/3183/3530
f 2384/3183/3531 2383/3182/3531 2385/3184/3531
f 2384/3183/3532 2385/3184/3532 2377/3185/3532
f 2377/3185/3533 2385/3184/3533 2386/3186/3533
f 2377/3185/3534 2386/3186/3534 2378/3187/3534
f 2387/3188/3535 2388/3189/3535 2382/3181/3535
f 2382/3181/3536 2388/3189/3536 2389/3190/3536
f 2382/3181/3537 2389/3190/3537 2383/3182/3537
f 2390/3191/3538 2391/3192/3538 2387/3188/3538
f 2387/3188/3539 2391/3192/3539 2392/3193/3539
f 2387/3188/3540 2392/3193/3540 2388/3189/3540
f 2393/3194/3541 2394/3195/3541 2395/3196/3541
f 2395/3196/3542 2394/3195/3542 2396/3197/3542
f 2395/3196/3543 2396/3197/3543 2390/3191/3543
f 2390/3191/3544 2396/3197/3544 2397/3198/3544
f 2390/3191/3545 2397/3198/3545 2391/3192/3545
f 2393/3194/3546 2395/3196/3546 2398/3199/3546
f 2398/3199/3547 2395/3196/3547 2399/3200/3547
f 2398/3199/3548 2399/3200/3548 2400/3201/3548
f 2400/3201/3549 2399/3200/3549 2401/3202/3549
f 2400/3201/3550 2401/3202/3550 2402/3203/3550
f 2403/3204/3551 2404/3205/3551 2401/3202/3551
f 2401/3202/3552 2404/3205/3552 2405/3206/3552
f 2401/3202/3553 2405/3206/3553 2402/3203/3553
f 2406/3207/3554 2407/3208/3554 2408/3209/3554
f 2408/3209/3555 2407/3208/3555 2409/3210/3555
f 2408/3209/3556 2409/3210/3556 2410/3211/3556
f 2410/3211/3557 2409/3210/3557 2411/3212/3557
f 2410/3213/3558 2411/3214/3558 2403/3204/3558
f 2403/3204/3559 2411/3214/3559 2412/3215/3559
f 2403/3204/3560 2412/3215/3560 2404/3205/3560
f 2406/3207/3561 2408/3209/3561 2413/3216/3561
f 2413/3216/3562 2408/3209/3562 2414/3217/3562
f 2413/3216/3563 2414/3217/3563 2415/3218/3563
f 2415/3218/3564 2414/3217/3564 2416/3219/3564
f 2415/3218/3565 2416/3219/3565 2417/3220/3565
f 2418/3221/3566 2419/3222/3566 2416/3219/3566
f 2416/3219/3567 2419/3222/3567 2420/3223/3567
f 2416/3219/3568 2420/3223/3568 2417/3220/3568
f 2312/3107/3569 2421/3224/3569 2313/3108/3569
f 2313/3108/3570 2421/3224/3570 2422/3225/3570
f 2313/3108/3571 2422/3225/3571 2423/3226/3571
f 2423/3226/3572 2422/3225/3572 2424/3227/3572
f 2423/3226/3573 2424/3227/3573 2418/3221/3573
f 2418/3221/3574 2424/3227/3574 2425/3228/3574
f 2418/3221/3575 2425/3228/3575 2419/3222/3575
f 2426/3229/1496 2427/3230/1496 2428/3231/1496
f 2428/3231/1496 2427/3230/1496 2429/3232/1496
f 2428/3231/1496 2429/3232/1496 2430/3233/1496
f 2426/3229/1496 2428/3231/1496 2431/3234/1496
f 2431/3234/1496 2428/3231/1496 2432/3235/1496
f 2431/3234/1496 2432/3235/1496 2433/3236/1496
f 2433/3236/1496 2434/3237/1496 2431/3234/1496
f 2431/3234/1496 2434/3237/1496 2435/3238/1496
f 2431/3234/1496 2435/3238/1496 2436/3239/1496
f 2437/3240/1496 2438/3241/1496 2431/3234/1496
f 2431/3234/1496 2438/3241/1496 2439/3242/1496
f 2431/3234/1496 2439/3242/1496 2440/3243/1496
f 2430/3233/1496 2441/3244/1496 2428/3231/1496
f 2428/3231/1496 2441/3244/1496 2442/3245/1496
f 2428/3231/1496 2442/3245/1496 2443/3246/1496
f 2443/3246/1496 2444/3247/1496 2428/3231/1496
f 2428/3231/1496 2444/3247/1496 2445/3248/1496
f 2428/3231/1496 2445/3248/1496 2446/3249/1496
f 2428/3231/1496 2447/3250/1496 2448/3251/1496
f 2449/3252/1496 2450/3253/1496 2428/3231/1496
f 2428/3231/1496 2450/3253/1496 2451/3254/1496
f 2428/3231/1496 2451/3254/1496 2452/3255/1496
f 2452/3255/1496 2453/3256/1496 2428/3231/1496
f 2428/3231/1496 2453/3256/1496 2454/3257/1496
f 2428/3231/1496 2454/3257/1496 2455/3258/1496
f 2436/3239/1496 2456/3259/1496 2431/3234/1496
f 2431/3234/1496 2456/3259/1496 2457/3260/1496
f 2431/3234/1496 2457/3260/1496 2437/3240/1496
f 2458/3261/1496 2459/3262/1496 2460/3263/1496
f 2446/3249/1496 2461/3264/1496 2428/3231/1496
f 2428/3231/1496 2461/3264/1496 2462/3265/1496
f 2428/3231/1496 2462/3265/1496 2463/3266/1496
f 2448/3251/1496 2464/3267/1496 2428/3231/1496
f 2428/3231/1496 2464/3267/1496 2465/3268/1496
f 2428/3231/1496 2465/3268/1496 2449/3252/1496
f 2440/3243/1496 2466/3269/1496 2431/3234/1496
f 2431/3234/1496 2466/3269/1496 2467/3270/1496
f 2431/3234/1496 2467/3270/1496 2468/3271/1496
f 2469/3272/1496 2470/3273/1496 2471/3274/1496
f 2458/3261/1496 2472/3275/1496 2459/3262/1496
f 2459/3262/1496 2472/3275/1496 2473/3276/1496
f 2459/3262/1496 2473/3276/1496 2474/3277/1496
f 2463/3266/1496 2475/3278/1496 2428/3231/1496
f 2428/3231/1496 2475/3278/1496 2476/3279/1496
f 2428/3231/1496 2476/3279/1496 2447/3250/1496
f 2460/3263/1496 2477/3280/1496 2458/3261/1496
f 2458/3261/1496 2477/3280/1496 2478/3281/1496
f 2458/3261/1496 2478/3281/1496 2479/3282/1496
f 2455/3258/1496 2454/3257/1496 2471/3274/1496
f 2471/3274/1496 2454/3257/1496 2480/3283/1496
f 2471/3274/1496 2480/3283/1496 2469/3272/1496
f 2470/3273/1496 2481/3284/1496 2471/3274/1496
f 2471/3274/1496 2481/3284/1496 2482/3285/1496
f 2471/3274/1496 2482/3285/1496 2483/3286/1496
f 2483/3286/1496 2482/3285/1496 2484/3287/1496
f 2484/3287/1496 2485/3288/1496 2483/3286/1496
f 2483/3286/1496 2485/3288/1496 2486/3289/1496
f 2483/3286/3576 2486/3289/3576 2487/3290/3576
f 2474/3277/1496 2488/3291/1496 2459/3262/1496
f 2459/3262/1496 2488/3291/1496 2489/3292/1496
f 2459/3262/1496 2489/3292/1496 2490/3293/1496
f 2490/3293/1496 2491/3294/1496 2459/3262/1496
f 2459/3262/1496 2491/3294/1496 2492/3295/1496
f 2459/3262/1496 2492/3295/1496 2493/3296/1496
f 2493/3296/1496 2494/3297/1496 2459/3262/1496
f 2459/3262/1496 2494/3297/1496 2495/3298/1496
f 2459/3262/1496 2495/3298/1496 2496/3299/1496
f 2479/3282/1496 2497/3300/1496 2458/3261/1496
f 2458/3261/1496 2497/3300/1496 2498/3301/1496
f 2458/3261/1496 2498/3301/1496 2499/3302/1496
f 2468/3271/1496 2500/3303/1496 2431/3234/1496
f 2431/3234/1496 2500/3303/1496 2458/3261/1496
f 2431/3234/1496 2458/3261/1496 2501/3304/1496
f 2501/3304/1496 2458/3261/1496 2499/3302/1496
f 2309/3305/1446 2313/3306/1446 2364/3307/1446
f 2309/3305/1446 2364/3307/1446 2310/3308/1446
f 2353/3309/1446 2317/3310/1446 2358/3311/1446
f 2358/3311/1446 2317/3310/1446 2359/3312/1446
f 2359/3312/1446 2317/3310/1446 2364/3307/1446
f 2364/3307/1446 2317/3310/1446 2316/3313/1446
f 2364/3307/1446 2316/3313/1446 2310/3308/1446
f 2370/3314/1446 2418/3315/1446 2371/3316/1446
f 2371/3316/1446 2418/3315/1446 2376/3317/1446
f 2313/3306/1446 2423/3318/1446 2364/3307/1446
f 2364/3307/1446 2423/3318/1446 2418/3315/1446
f 2364/3307/1446 2418/3315/1446 2365/3319/1446
f 2365/3319/1446 2418/3315/1446 2370/3314/1446
f 2353/3309/1446 2352/3320/1446 2317/3310/1446
f 2317/3310/1446 2352/3320/1446 2347/3321/1446
f 2317/3310/1446 2347/3321/1446 2346/3322/1446
f 2418/3315/1446 2416/3323/1446 2376/3317/1446
f 2376/3317/1446 2416/3323/1446 2414/3324/1446
f 2376/3317/1446 2414/3324/1446 2408/3325/1446
f 2346/3322/1446 2341/3326/1446 2317/3310/1446
f 2317/3310/1446 2341/3326/1446 2340/3327/1446
f 2317/3310/1446 2340/3327/1446 2335/3328/1446
f 2317/3310/1446 2328/3329/1446 2322/3330/1446
f 2322/3330/1446 2328/3329/1446 2323/3331/1446
f 2408/3325/1446 2410/3332/1446 2376/3317/1446
f 2376/3317/1446 2410/3332/1446 2403/3333/1446
f 2376/3317/1446 2403/3333/1446 2401/3334/1446
f 2401/3334/1446 2399/3335/1446 2376/3317/1446
f 2376/3317/1446 2399/3335/1446 2395/3336/1446
f 2376/3317/1446 2395/3336/1446 2390/3337/1446
f 2335/3328/1446 2334/3338/1446 2317/3310/1446
f 2317/3310/1446 2334/3338/1446 2329/3339/1446
f 2317/3310/1446 2329/3339/1446 2328/3329/1446
f 2390/3337/1446 2387/3340/1446 2376/3317/1446
f 2376/3317/1446 2387/3340/1446 2382/3341/1446
f 2376/3317/1446 2382/3341/1446 2377/3342/1446
f 2377/3342/1446 2382/3341/1446 2384/3343/1446
f 2502/3344/3577 2503/3345/3577 2504/3346/3577
f 2504/3346/3578 2503/3345/3578 2505/3347/3578
f 2504/3346/3579 2505/3347/3579 2506/3348/3579
f 2507/3349/3580 2508/3350/3580 2509/3351/3580
f 2509/3351/3581 2508/3350/3581 2510/3352/3581
f 2509/3351/3582 2510/3352/3582 2511/3353/3582
f 2505/3347/3583 2512/3354/3583 2506/3348/3583
f 2506/3348/3584 2512/3354/3584 2513/3355/3584
f 2506/3348/3585 2513/3355/3585 2514/3356/3585
f 2514/3356/3586 2513/3355/3586 2515/3357/3586
f 2514/3356/3587 2515/3357/3587 2507/3349/3587
f 2507/3349/3588 2515/3357/3588 2516/3358/3588
f 2507/3349/3589 2516/3358/3589 2508/3350/3589
f 2517/3359/3590 2518/3360/3590 2519/3361/3590
f 2519/3361/3591 2518/3360/3591 2520/3362/3591
f 2519/3361/3592 2520/3362/3592 2521/3363/3592
f 2510/3352/3593 2522/3364/3593 2511/3353/3593
f 2511/3353/3594 2522/3364/3594 2523/3365/3594
f 2511/3353/3595 2523/3365/3595 2524/3366/3595
f 2524/3366/3596 2523/3365/3596 2525/3367/3596
f 2524/3366/3597 2525/3367/3597 2517/3368/3597
f 2517/3368/3598 2525/3367/3598 2526/3369/3598
f 2517/3359/3599 2526/3370/3599 2518/3360/3599
f 2527/3371/3600 2528/3372/3600 2529/3373/3600
f 2529/3373/3601 2528/3372/3601 2530/3374/3601
f 2529/3373/3602 2530/3374/3602 2531/3375/3602
f 2520/3362/3603 2532/3376/3603 2521/3363/3603
f 2521/3363/3604 2532/3376/3604 2533/3377/3604
f 2521/3363/3605 2533/3377/3605 2534/3378/3605
f 2534/3378/3606 2533/3377/3606 2535/3379/3606
f 2534/3378/3607 2535/3379/3607 2527/3371/3607
f 2527/3371/3608 2535/3379/3608 2536/3380/3608
f 2527/3371/3609 2536/3380/3609 2528/3372/3609
f 2537/3381/3610 2538/3382/3610 2539/3383/3610
f 2530/3374/3611 2540/3384/3611 2531/3375/3611
f 2531/3375/3612 2540/3384/3612 2541/3385/3612
f 2531/3375/3613 2541/3385/3613 2542/3386/3613
f 2542/3386/3614 2541/3385/3614 2543/3387/3614
f 2542/3386/3615 2543/3387/3615 2539/3383/3615
f 2539/3383/3616 2543/3387/3616 2544/3388/3616
f 2539/3383/3617 2544/3388/3617 2537/3381/3617
f 2537/3381/3618 2545/3389/3618 2538/3382/3618
f 2538/3382/3618 2545/3389/3618 2546/3390/3618
f 2538/3382/3619 2546/3390/3619 2547/3391/3619
f 2547/3391/3620 2546/3390/3620 2548/3392/3620
f 2547/3391/3621 2548/3392/3621 2549/3393/3621
f 2548/3392/3622 2550/3394/3622 2549/3393/3622
f 2549/3393/3622 2550/3394/3622 2551/3395/3622
f 2549/3393/3623 2551/3395/3623 2552/3396/3623
f 2552/3396/3624 2551/3395/3624 2553/3397/3624
f 2552/3396/3625 2553/3397/3625 2554/3398/3625
f 2553/3397/3626 2555/3399/3626 2554/3398/3626
f 2554/3398/3626 2555/3399/3626 2556/3400/3626
f 2554/3398/3627 2556/3400/3627 2557/3401/3627
f 2557/3401/3628 2556/3400/3628 2558/3402/3628
f 2557/3401/3629 2558/3402/3629 2559/3403/3629
f 2558/3402/3630 2560/3404/3630 2559/3403/3630
f 2559/3403/3630 2560/3404/3630 2561/3405/3630
f 2559/3403/3631 2561/3405/3631 2562/3406/3631
f 2562/3406/3632 2561/3405/3632 2563/3407/3632
f 2562/3406/3633 2563/3407/3633 2564/3408/3633
f 2563/3407/3634 2565/3409/3634 2564/3408/3634
f 2564/3408/3634 2565/3409/3634 2566/3410/3634
f 2564/3408/3635 2566/3410/3635 2567/3411/3635
f 2567/3412/3636 2566/3413/3636 2568/3414/3636
f 2567/3412/3637 2568/3414/3637 2569/3415/3637
f 2568/3414/3638 2570/3416/3638 2569/3415/3638
f 2569/3415/3638 2570/3416/3638 2571/3417/3638
f 2569/3415/3639 2571/3417/3639 2572/3418/3639
f 2572/3418/3640 2571/3417/3640 2573/3419/3640
f 2572/3418/3641 2573/3419/3641 2574/3420/3641
f 2573/3419/3642 2575/3421/3642 2574/3420/3642
f 2574/3420/3642 2575/3421/3642 2576/3422/3642
f 2574/3420/3643 2576/3422/3643 2577/3423/3643
f 2577/3423/3644 2576/3422/3644 2578/3424/3644
f 2577/3423/3645 2578/3424/3645 2579/3425/3645
f 2578/3424/3646 2580/3426/3646 2579/3425/3646
f 2579/3425/3647 2580/3426/3647 2581/3427/3647
f 2579/3425/3648 2581/3427/3648 2582/3428/3648
f 2582/3428/3649 2581/3427/3649 2583/3429/3649
f 2582/3428/3650 2583/3429/3650 2584/3430/3650
f 2583/3429/3651 2585/3431/3651 2584/3430/3651
f 2584/3430/3651 2585/3431/3651 2586/3432/3651
f 2584/3430/3652 2586/3432/3652 2587/3433/3652
f 2587/3433/3653 2586/3432/3653 2588/3434/3653
f 2587/3433/3654 2588/3434/3654 2589/3435/3654
f 2590/3436/3655 2591/3437/3655 2592/3438/3655
f 2592/3438/3656 2591/3437/3656 2593/3439/3656
f 2592/3438/3657 2593/3439/3657 2594/3440/3657
f 2588/3434/3658 2595/3441/3658 2589/3435/3658
f 2589/3435/3658 2595/3441/3658 2596/3442/3658
f 2589/3435/3659 2596/3442/3659 2597/3443/3659
f 2597/3443/3660 2596/3442/3660 2598/3444/3660
f 2597/3443/3661 2598/3444/3661 2599/3445/3661
f 2599/3445/3662 2598/3444/3662 2600/3446/3662
f 2599/3445/3663 2600/3446/3663 2590/3436/3663
f 2590/3436/3664 2600/3446/3664 2601/3447/3664
f 2590/3436/3665 2601/3447/3665 2591/3437/3665
f 2602/3448/3666 2603/3449/3666 2604/3450/3666
f 2604/3450/3667 2603/3449/3667 2605/3451/3667
f 2604/3450/3668 2605/3451/3668 2606/3452/3668
f 2593/3439/3669 2607/3453/3669 2594/3440/3669
f 2594/3440/3670 2607/3453/3670 2608/3454/3670
f 2594/3440/3671 2608/3454/3671 2609/3455/3671
f 2609/3455/3672 2608/3454/3672 2610/3456/3672
f 2609/3455/3673 2610/3456/3673 2602/3448/3673
f 2602/3448/3674 2610/3456/3674 2611/3457/3674
f 2602/3448/3675 2611/3457/3675 2603/3449/3675
f 2612/3458/3676 2613/3459/3676 2614/3460/3676
f 2614/3460/3677 2613/3459/3677 2615/3461/3677
f 2614/3460/3678 2615/3461/3678 2616/3462/3678
f 2605/3451/3679 2617/3463/3679 2606/3452/3679
f 2606/3452/3680 2617/3463/3680 2618/3464/3680
f 2606/3452/3681 2618/3464/3681 2619/3465/3681
f 2619/3466/3682 2618/3467/3682 2620/3468/3682
f 2619/3466/3683 2620/3468/3683 2612/3458/3683
f 2612/3458/3684 2620/3468/3684 2621/3469/3684
f 2612/3458/3685 2621/3469/3685 2613/3459/3685
f 2622/3470/3686 2623/3471/3686 2624/3472/3686
f 2624/3472/3687 2623/3471/3687 2625/3473/3687
f 2624/3472/3688 2625/3473/3688 2626/3474/3688
f 2615/3461/3689 2627/3475/3689 2616/3462/3689
f 2616/3462/3690 2627/3475/3690 2628/3476/3690
f 2616/3462/3691 2628/3476/3691 2629/3477/3691
f 2629/3477/3692 2628/3476/3692 2630/3478/3692
f 2629/3477/3693 2630/3478/3693 2622/3470/3693
f 2622/3470/3694 2630/3478/3694 2631/3479/3694
f 2622/3470/3695 2631/3479/3695 2623/3471/3695
f 2632/3480/3696 2633/3481/3696 2634/3482/3696
f 2625/3473/3697 2635/3483/3697 2626/3474/3697
f 2626/3474/3698 2635/3483/3698 2636/3484/3698
f 2626/3474/3699 2636/3484/3699 2637/3485/3699
f 2637/3485/3700 2636/3484/3700 2638/3486/3700
f 2637/3485/3701 2638/3486/3701 2634/3482/3701
f 2634/3482/3702 2638/3486/3702 2639/3487/3702
f 2634/3482/3703 2639/3487/3703 2632/3480/3703
f 2632/3480/3704 2640/3488/3704 2633/3481/3704
f 2633/3481/3704 2640/3488/3704 2641/3489/3704
f 2633/3481/3705 2641/3489/3705 2642/3490/3705
f 2642/3490/3706 2641/3489/3706 2643/3491/3706
f 2642/3490/3707 2643/3491/3707 2644/3492/3707
f 2643/3491/3708 2645/3493/3708 2644/3492/3708
f 2644/3492/3708 2645/3493/3708 2646/3494/3708
f 2644/3492/3709 2646/3494/3709 2647/3495/3709
f 2647/3495/3710 2646/3494/3710 2648/3496/3710
f 2647/3495/3711 2648/3496/3711 2649/3497/3711
f 2648/3496/3712 2650/3498/3712 2649/3497/3712
f 2649/3497/3712 2650/3498/3712 2651/3499/3712
f 2649/3497/3713 2651/3499/3713 2652/3500/3713
f 2652/3500/3714 2651/3499/3714 2653/3501/3714
f 2652/3500/3715 2653/3501/3715 2654/3502/3715
f 2653/3501/3716 2655/3503/3716 2654/3502/3716
f 2654/3502/3716 2655/3503/3716 2656/3504/3716
f 2654/3502/3717 2656/3504/3717 2657/3505/3717
f 2657/3505/3718 2656/3504/3718 2658/3506/3718
f 2657/3505/3719 2658/3506/3719 2659/3507/3719
f 2658/3506/3720 2660/3508/3720 2659/3507/3720
f 2659/3507/3721 2660/3508/3721 2661/3509/3721
f 2659/3507/3722 2661/3509/3722 2662/3510/3722
f 2662/3510/3723 2661/3509/3723 2663/3511/3723
f 2662/3510/3724 2663/3511/3724 2664/3512/3724
f 2663/3511/3725 2665/3513/3725 2664/3512/3725
f 2664/3512/3725 2665/3513/3725 2666/3514/3725
f 2664/3515/3726 2666/3516/3726 2667/3517/3726
f 2667/3517/3727 2666/3516/3727 2668/3518/3727
f 2667/3517/3728 2668/3518/3728 2669/3519/3728
f 2668/3518/3729 2670/3520/3729 2669/3519/3729
f 2669/3519/3729 2670/3520/3729 2671/3521/3729
f 2669/3519/3730 2671/3521/3730 2672/3522/3730
f 2672/3522/3731 2671/3521/3731 2673/3523/3731
f 2672/3522/3732 2673/3523/3732 2674/3524/3732
f 2673/3523/3733 2675/3525/3733 2674/3524/3733
f 2674/3524/3734 2675/3525/3734 2676/3526/3734
f 2674/3524/3735 2676/3526/3735 2677/3527/3735
f 2677/3527/3736 2676/3526/3736 2678/3528/3736
f 2677/3527/3737 2678/3528/3737 2679/3529/3737
f 2678/3528/3738 2680/3530/3738 2679/3529/3738
f 2679/3529/3739 2680/3530/3739 2681/3531/3739
f 2679/3529/3740 2681/3531/3740 2682/3532/3740
f 2682/3532/3741 2681/3531/3741 2683/3533/3741
f 2682/3532/3742 2683/3533/3742 2684/3534/3742
f 2683/3533/3743 2685/3535/3743 2684/3534/3743
f 2684/3534/3744 2685/3535/3744 2686/3536/3744
f 2684/3534/3745 2686/3536/3745 2687/3537/3745
f 2687/3537/3746 2686/3536/3746 2688/3538/3746
f 2687/3537/3747 2688/3538/3747 2689/3539/3747
f 2689/3539/3748 2688/3538/3748 2690/3540/3748
f 2689/3539/3749 2690/3540/3749 2502/3344/3749
f 2502/3344/3750 2690/3540/3750 2691/3541/3750
f 2502/3344/3751 2691/3541/3751 2503/3345/3751
f 2692/3542/3752 2586/3432/3752 2693/3543/3752
f 2693/3543/3753 2586/3432/3753 2585/3431/3753
f 2693/3543/3754 2585/3431/3754 2694/3544/3754
f 2585/3431/3753 2583/3429/3753 2694/3544/3753
f 2694/3544/3755 2583/3429/3755 2581/3427/3755
f 2694/3544/3756 2581/3427/3756 2695/3545/3756
f 2695/3545/3757 2581/3427/3757 2580/3426/3757
f 2695/3545/3757 2580/3426/3757 2696/3546/3757
f 2580/3426/3757 2578/3424/3757 2696/3546/3757
f 2696/3546/3758 2578/3424/3758 2576/3422/3758
f 2696/3546/3759 2576/3422/3759 2697/3547/3759
f 2697/3547/3760 2576/3422/3760 2575/3421/3760
f 2697/3547/3761 2575/3421/3761 2698/3548/3761
f 2575/3421/3761 2573/3419/3761 2698/3548/3761
f 2698/3548/3762 2573/3419/3762 2571/3417/3762
f 2698/3548/3762 2571/3417/3762 2699/3549/3762
f 2699/3549/3763 2571/3417/3763 2570/3416/3763
f 2699/3549/3763 2570/3416/3763 2700/3550/3763
f 2570/3416/3763 2568/3414/3763 2700/3550/3763
f 2700/3550/3764 2568/3414/3764 2566/3413/3764
f 2700/3550/3765 2566/3413/3765 2701/3551/3765
f 2701/3552/3766 2566/3410/3766 2565/3409/3766
f 2701/3552/3766 2565/3409/3766 2702/3553/3766
f 2565/3409/3766 2563/3407/3766 2702/3553/3766
f 2702/3553/3767 2563/3407/3767 2561/3405/3767
f 2702/3553/3767 2561/3405/3767 2703/3554/3767
f 2703/3554/3768 2561/3405/3768 2560/3404/3768
f 2703/3554/3769 2560/3404/3769 2704/3555/3769
f 2560/3404/3769 2558/3402/3769 2704/3555/3769
f 2704/3555/3770 2558/3402/3770 2556/3400/3770
f 2704/3555/3771 2556/3400/3771 2705/3556/3771
f 2705/3556/3772 2556/3400/3772 2555/3399/3772
f 2705/3556/3772 2555/3399/3772 2706/3557/3772
f 2555/3399/3772 2553/3397/3772 2706/3557/3772
f 2706/3557/3773 2553/3397/3773 2551/3395/3773
f 2706/3557/3773 2551/3395/3773 2707/3558/3773
f 2707/3558/3774 2551/3395/3774 2550/3394/3774
f 2707/3558/3775 2550/3394/3775 2708/3559/3775
f 2708/3559/3776 2550/3394/3776 2548/3392/3776
f 2708/3559/3777 2548/3392/3777 2546/3390/3777
f 2545/3389/3778 2709/3560/3778 2546/3390/3778
f 2546/3390/3778 2709/3560/3778 2710/3561/3778
f 2546/3390/3779 2710/3561/3779 2708/3559/3779
f 2545/3389/3780 2537/3381/3780 2709/3560/3780
f 2709/3560/3781 2537/3381/3781 2544/3388/3781
f 2709/3560/3782 2544/3388/3782 2711/3562/3782
f 2711/3562/3783 2544/3388/3783 2712/3563/3783
f 2544/3388/3783 2543/3387/3783 2712/3563/3783
f 2712/3563/3783 2543/3387/3783 2541/3385/3783
f 2712/3563/3784 2541/3385/3784 2540/3384/3784
f 2530/3374/3785 2713/3564/3785 2540/3384/3785
f 2540/3384/3786 2713/3564/3786 2714/3565/3786
f 2540/3384/3787 2714/3565/3787 2712/3563/3787
f 2530/3374/3786 2528/3372/3786 2713/3564/3786
f 2713/3564/3788 2528/3372/3788 2536/3380/3788
f 2713/3564/3789 2536/3380/3789 2715/3566/3789
f 2715/3566/3790 2536/3380/3790 2716/3567/3790
f 2536/3380/3790 2535/3379/3790 2716/3567/3790
f 2716/3567/3790 2535/3379/3790 2533/3377/3790
f 2716/3567/3791 2533/3377/3791 2532/3376/3791
f 2520/3362/3792 2717/3568/3792 2532/3376/3792
f 2532/3376/3792 2717/3568/3792 2718/3569/3792
f 2532/3376/3791 2718/3569/3791 2716/3567/3791
f 2520/3362/3792 2518/3360/3792 2717/3568/3792
f 2717/3568/3793 2518/3360/3793 2526/3370/3793
f 2717/3568/3793 2526/3370/3793 2719/3570/3793
f 2719/3571/3794 2526/3369/3794 2525/3367/3794
f 2719/3571/3794 2525/3367/3794 2720/3572/3794
f 2525/3367/3794 2523/3365/3794 2720/3572/3794
f 2720/3572/3795 2523/3365/3795 2522/3364/3795
f 2720/3572/3795 2522/3364/3795 2721/3573/3795
f 2721/3573/3796 2522/3364/3796 2510/3352/3796
f 2721/3573/3796 2510/3352/3796 2722/3574/3796
f 2510/3352/3796 2508/3350/3796 2722/3574/3796
f 2722/3574/3797 2508/3350/3797 2516/3358/3797
f 2722/3574/3798 2516/3358/3798 2723/3575/3798
f 2723/3575/3799 2516/3358/3799 2515/3357/3799
f 2723/3575/3799 2515/3357/3799 2724/3576/3799
f 2515/3357/3799 2513/3355/3799 2724/3576/3799
f 2724/3576/3800 2513/3355/3800 2512/3354/3800
f 2724/3576/3800 2512/3354/3800 2725/3577/3800
f 2725/3577/3801 2512/3354/3801 2505/3347/3801
f 2725/3577/3802 2505/3347/3802 2726/3578/3802
f 2505/3347/3803 2503/3345/3803 2726/3578/3803
f 2726/3578/3804 2503/3345/3804 2691/3541/3804
f 2726/3578/3804 2691/3541/3804 2727/3579/3804
f 2727/3579/3805 2691/3541/3805 2690/3540/3805
f 2727/3579/3805 2690/3540/3805 2728/3580/3805
f 2728/3580/3806 2690/3540/3806 2688/3538/3806
f 2728/3580/3807 2688/3538/3807 2729/3581/3807
f 2729/3581/3808 2688/3538/3808 2686/3536/3808
f 2729/3581/3809 2686/3536/3809 2730/3582/3809
f 2730/3582/3810 2686/3536/3810 2685/3535/3810
f 2730/3582/3811 2685/3535/3811 2731/3583/3811
f 2685/3535/3811 2683/3533/3811 2731/3583/3811
f 2731/3583/3812 2683/3533/3812 2681/3531/3812
f 2731/3583/3813 2681/3531/3813 2732/3584/3813
f 2732/3584/3814 2681/3531/3814 2680/3530/3814
f 2732/3584/3815 2680/3530/3815 2733/3585/3815
f 2680/3530/3816 2678/3528/3816 2733/3585/3816
f 2733/3585/3817 2678/3528/3817 2676/3526/3817
f 2733/3585/3818 2676/3526/3818 2734/3586/3818
f 2734/3586/3819 2676/3526/3819 2675/3525/3819
f 2734/3586/3820 2675/3525/3820 2735/3587/3820
f 2675/3525/3819 2673/3523/3819 2735/3587/3819
f 2735/3587/3821 2673/3523/3821 2671/3521/3821
f 2735/3587/3822 2671/3521/3822 2736/3588/3822
f 2736/3588/3823 2671/3521/3823 2670/3520/3823
f 2736/3588/3824 2670/3520/3824 2737/3589/3824
f 2670/3520/3823 2668/3518/3823 2737/3589/3823
f 2737/3589/3825 2668/3518/3825 2666/3516/3825
f 2737/3589/3825 2666/3516/3825 2738/3590/3825
f 2738/3591/3826 2666/3514/3826 2665/3513/3826
f 2738/3591/3826 2665/3513/3826 2739/3592/3826
f 2665/3513/3827 2663/3511/3827 2739/3592/3827
f 2739/3592/3828 2663/3511/3828 2661/3509/3828
f 2739/3592/3829 2661/3509/3829 2740/3593/3829
f 2740/3593/3830 2661/3509/3830 2660/3508/3830
f 2740/3593/3830 2660/3508/3830 2741/3594/3830
f 2660/3508/3831 2658/3506/3831 2741/3594/3831
f 2741/3594/3832 2658/3506/3832 2656/3504/3832
f 2741/3594/3833 2656/3504/3833 2742/3595/3833
f 2742/3595/3834 2656/3504/3834 2655/3503/3834
f 2742/3595/3834 2655/3503/3834 2743/3596/3834
f 2655/3503/3835 2653/3501/3835 2743/3596/3835
f 2743/3596/3836 2653/3501/3836 2651/3499/3836
f 2743/3596/3837 2651/3499/3837 2744/3597/3837
f 2744/3597/3838 2651/3499/3838 2650/3498/3838
f 2744/3597/3838 2650/3498/3838 2745/3598/3838
f 2650/3498/3838 2648/3496/3838 2745/3598/3838
f 2745/3598/3839 2648/3496/3839 2646/3494/3839
f 2745/3598/3839 2646/3494/3839 2746/3599/3839
f 2746/3599/3840 2646/3494/3840 2645/3493/3840
f 2746/3599/3841 2645/3493/3841 2747/3600/3841
f 2747/3600/3841 2645/3493/3841 2643/3491/3841
f 2747/3600/3842 2643/3491/3842 2641/3489/3842
f 2640/3488/3843 2748/3601/3843 2641/3489/3843
f 2641/3489/3843 2748/3601/3843 2749/3602/3843
f 2641/3489/3842 2749/3602/3842 2747/3600/3842
f 2640/3488/3844 2632/3480/3844 2748/3601/3844
f 2748/3601/3845 2632/3480/3845 2639/3487/3845
f 2748/3601/3846 2639/3487/3846 2750/3603/3846
f 2750/3603/3847 2639/3487/3847 2751/3604/3847
f 2639/3487/3847 2638/3486/3847 2751/3604/3847
f 2751/3604/3847 2638/3486/3847 2636/3484/3847
f 2751/3604/3848 2636/3484/3848 2635/3483/3848
f 2625/3473/3849 2752/3605/3849 2635/3483/3849
f 2635/3483/3850 2752/3605/3850 2753/3606/3850
f 2635/3483/3851 2753/3606/3851 2751/3604/3851
f 2625/3473/3849 2623/3471/3849 2752/3605/3849
f 2752/3605/3852 2623/3471/3852 2631/3479/3852
f 2752/3605/3852 2631/3479/3852 2754/3607/3852
f 2754/3607/3853 2631/3479/3853 2755/3608/3853
f 2631/3479/3853 2630/3478/3853 2755/3608/3853
f 2755/3608/3854 2630/3478/3854 2628/3476/3854
f 2755/3608/3855 2628/3476/3855 2627/3475/3855
f 2615/3461/3856 2756/3609/3856 2627/3475/3856
f 2627/3475/3856 2756/3609/3856 2757/3610/3856
f 2627/3475/3857 2757/3610/3857 2755/3608/3857
f 2615/3461/3856 2613/3459/3856 2756/3609/3856
f 2756/3609/3858 2613/3459/3858 2621/3469/3858
f 2756/3609/3858 2621/3469/3858 2758/3611/3858
f 2758/3611/3859 2621/3469/3859 2620/3468/3859
f 2758/3611/3859 2620/3468/3859 2759/3612/3859
f 2620/3468/3859 2618/3467/3859 2759/3612/3859
f 2759/3613/3860 2618/3464/3860 2617/3463/3860
f 2759/3613/3860 2617/3463/3860 2760/3614/3860
f 2760/3614/3861 2617/3463/3861 2605/3451/3861
f 2760/3614/3861 2605/3451/3861 2761/3615/3861
f 2605/3451/3861 2603/3449/3861 2761/3615/3861
f 2761/3615/3862 2603/3449/3862 2611/3457/3862
f 2761/3615/3863 2611/3457/3863 2762/3616/3863
f 2762/3616/3864 2611/3457/3864 2610/3456/3864
f 2762/3616/3864 2610/3456/3864 2763/3617/3864
f 2610/3456/3864 2608/3454/3864 2763/3617/3864
f 2763/3617/3865 2608/3454/3865 2607/3453/3865
f 2763/3617/3866 2607/3453/3866 2764/3618/3866
f 2764/3618/3867 2607/3453/3867 2593/3439/3867
f 2764/3618/3868 2593/3439/3868 2765/3619/3868
f 2593/3439/3869 2591/3437/3869 2765/3619/3869
f 2765/3619/3870 2591/3437/3870 2601/3447/3870
f 2765/3619/3870 2601/3447/3870 2766/3620/3870
f 2766/3620/3871 2601/3447/3871 2600/3446/3871
f 2766/3620/3872 2600/3446/3872 2767/3621/3872
f 2767/3621/3873 2600/3446/3873 2598/3444/3873
f 2767/3621/3873 2598/3444/3873 2768/3622/3873
f 2768/3622/3874 2598/3444/3874 2596/3442/3874
f 2768/3622/3874 2596/3442/3874 2769/3623/3874
f 2769/3623/3875 2596/3442/3875 2595/3441/3875
f 2769/3623/3875 2595/3441/3875 2692/3542/3875
f 2692/3542/3875 2595/3441/3875 2588/3434/3875
f 2692/3542/3752 2588/3434/3752 2586/3432/3752
f 2312/3107/3876 2767/3621/3876 2421/3224/3876
f 2421/3224/3877 2767/3621/3877 2768/3622/3877
f 2421/3224/3877 2768/3622/3877 2422/3225/3877
f 2422/3225/3878 2768/3622/3878 2769/3623/3878
f 2422/3225/3878 2769/3623/3878 2424/3227/3878
f 2424/3227/3879 2769/3623/3879 2692/3542/3879
f 2424/3227/3879 2692/3542/3879 2425/3228/3879
f 2425/3228/3880 2692/3542/3880 2693/3543/3880
f 2425/3228/3880 2693/3543/3880 2419/3222/3880
f 2419/3222/3881 2693/3543/3881 2694/3544/3881
f 2419/3222/3881 2694/3544/3881 2420/3223/3881
f 2420/3223/3882 2694/3544/3882 2695/3545/3882
f 2420/3223/3883 2695/3545/3883 2417/3220/3883
f 2417/3220/3884 2695/3545/3884 2696/3546/3884
f 2417/3220/3884 2696/3546/3884 2415/3218/3884
f 2415/3218/3885 2696/3546/3885 2697/3547/3885
f 2415/3218/3886 2697/3547/3886 2413/3216/3886
f 2413/3216/3887 2697/3547/3887 2698/3548/3887
f 2413/3216/3888 2698/3548/3888 2406/3207/3888
f 2406/3207/3889 2698/3548/3889 2699/3549/3889
f 2406/3207/3889 2699/3549/3889 2407/3208/3889
f 2407/3208/3890 2699/3549/3890 2700/3550/3890
f 2407/3208/3890 2700/3550/3890 2409/3210/3890
f 2409/3210/3891 2700/3550/3891 2701/3551/3891
f 2409/3210/3892 2701/3551/3892 2411/3212/3892
f 2411/3214/3893 2701/3552/3893 2702/3553/3893
f 2411/3214/3893 2702/3553/3893 2412/3215/3893
f 2412/3215/3894 2702/3553/3894 2703/3554/3894
f 2412/3215/3894 2703/3554/3894 2404/3205/3894
f 2404/3205/3895 2703/3554/3895 2704/3555/3895
f 2404/3205/3895 2704/3555/3895 2405/3206/3895
f 2405/3206/3896 2704/3555/3896 2705/3556/3896
f 2405/3206/3897 2705/3556/3897 2402/3203/3897
f 2402/3203/3898 2705/3556/3898 2706/3557/3898
f 2402/3203/3898 2706/3557/3898 2400/3201/3898
f 2400/3201/3899 2706/3557/3899 2707/3558/3899
f 2400/3201/3899 2707/3558/3899 2398/3199/3899
f 2398/3199/3900 2707/3558/3900 2708/3559/3900
f 2398/3199/3900 2708/3559/3900 2393/3194/3900
f 2393/3194/3901 2708/3559/3901 2710/3561/3901
f 2393/3194/3901 2710/3561/3901 2394/3195/3901
f 2394/3195/3902 2710/3561/3902 2709/3560/3902
f 2394/3195/3902 2709/3560/3902 2396/3197/3902
f 2396/3197/3903 2709/3560/3903 2711/3562/3903
f 2396/3197/3903 2711/3562/3903 2397/3198/3903
f 2397/3198/3904 2711/3562/3904 2712/3563/3904
f 2397/3198/3905 2712/3563/3905 2391/3192/3905
f 2391/3192/3906 2712/3563/3906 2714/3565/3906
f 2391/3192/3906 2714/3565/3906 2392/3193/3906
f 2392/3193/3907 2714/3565/3907 2713/3564/3907
f 2392/3193/3908 2713/3564/3908 2388/3189/3908
f 2388/3189/3909 2713/3564/3909 2715/3566/3909
f 2388/3189/3909 2715/3566/3909 2389/3190/3909
f 2389/3190/3910 2715/3566/3910 2716/3567/3910
f 2389/3190/3910 2716/3567/3910 2383/3182/3910
f 2383/3182/3911 2716/3567/3911 2718/3569/3911
f 2383/3182/3911 2718/3569/3911 2385/3184/3911
f 2385/3184/3912 2718/3569/3912 2717/3568/3912
f 2385/3184/3912 2717/3568/3912 2386/3186/3912
f 2386/3186/3913 2717/3568/3913 2719/3570/3913
f 2386/3186/3913 2719/3570/3913 2378/3187/3913
f 2378/3177/3914 2719/3571/3914 2720/3572/3914
f 2378/3177/3914 2720/3572/3914 2379/3178/3914
f 2379/3178/3915 2720/3572/3915 2721/3573/3915
f 2379/3178/3915 2721/3573/3915 2380/3179/3915
f 2380/3179/3916 2721/3573/3916 2722/3574/3916
f 2380/3179/3916 2722/3574/3916 2381/3180/3916
f 2381/3180/3917 2722/3574/3917 2723/3575/3917
f 2381/3180/3917 2723/3575/3917 2372/3171/3917
f 2372/3171/3918 2723/3575/3918 2724/3576/3918
f 2372/3171/3918 2724/3576/3918 2373/3172/3918
f 2373/3172/3919 2724/3576/3919 2725/3577/3919
f 2373/3172/3920 2725/3577/3920 2374/3173/3920
f 2374/3173/3921 2725/3577/3921 2726/3578/3921
f 2374/3173/3922 2726/3578/3922 2375/3174/3922
f 2375/3174/3923 2726/3578/3923 2727/3579/3923
f 2375/3174/3923 2727/3579/3923 2366/3165/3923
f 2366/3165/3924 2727/3579/3924 2728/3580/3924
f 2366/3165/3924 2728/3580/3924 2367/3166/3924
f 2367/3166/3925 2728/3580/3925 2729/3581/3925
f 2367/3166/3926 2729/3581/3926 2368/3167/3926
f 2368/3167/3927 2729/3581/3927 2730/3582/3927
f 2368/3167/3927 2730/3582/3927 2369/3168/3927
f 2369/3168/3928 2730/3582/3928 2731/3583/3928
f 2369/3168/3928 2731/3583/3928 2360/3159/3928
f 2360/3159/3929 2731/3583/3929 2732/3584/3929
f 2360/3159/3930 2732/3584/3930 2361/3160/3930
f 2361/3160/3931 2732/3584/3931 2733/3585/3931
f 2361/3160/3931 2733/3585/3931 2362/3161/3931
f 2362/3161/3932 2733/3585/3932 2734/3586/3932
f 2362/3161/3933 2734/3586/3933 2363/3162/3933
f 2363/3162/3934 2734/3586/3934 2735/3587/3934
f 2363/3162/3934 2735/3587/3934 2354/3151/3934
f 2354/3151/3935 2735/3587/3935 2736/3588/3935
f 2354/3151/3936 2736/3588/3936 2355/3152/3936
f 2355/3152/3937 2736/3588/3937 2737/3589/3937
f 2355/3152/3937 2737/3589/3937 2356/3153/3937
f 2356/3153/3938 2737/3589/3938 2738/3590/3938
f 2356/3153/3938 2738/3590/3938 2357/3155/3938
f 2357/3156/3939 2738/3591/3939 2739/3592/3939
f 2357/3156/3939 2739/3592/3939 2348/3145/3939
f 2348/3145/3940 2739/3592/3940 2740/3593/3940
f 2348/3145/3941 2740/3593/3941 2349/3146/3941
f 2349/3146/3942 2740/3593/3942 2741/3594/3942
f 2349/3146/3942 2741/3594/3942 2350/3147/3942
f 2350/3147/3943 2741/3594/3943 2742/3595/3943
f 2350/3147/3943 2742/3595/3943 2351/3148/3943
f 2351/3148/3944 2742/3595/3944 2743/3596/3944
f 2351/3148/3944 2743/3596/3944 2342/3139/3944
f 2342/3139/3945 2743/3596/3945 2744/3597/3945
f 2342/3139/3945 2744/3597/3945 2343/3140/3945
f 2343/3140/3946 2744/3597/3946 2745/3598/3946
f 2343/3140/3946 2745/3598/3946 2344/3141/3946
f 2344/3141/3947 2745/3598/3947 2746/3599/3947
f 2344/3141/3947 2746/3599/3947 2345/3142/3947
f 2345/3142/3948 2746/3599/3948 2747/3600/3948
f 2345/3142/3948 2747/3600/3948 2336/3133/3948
f 2336/3133/3949 2747/3600/3949 2749/3602/3949
f 2336/3133/3949 2749/3602/3949 2337/3134/3949
f 2337/3134/3950 2749/3602/3950 2748/3601/3950
f 2337/3134/3951 2748/3601/3951 2338/3135/3951
f 2338/3135/3952 2748/3601/3952 2750/3603/3952
f 2338/3135/3953 2750/3603/3953 2339/3136/3953
f 2339/3136/3954 2750/3603/3954 2751/3604/3954
f 2339/3136/3955 2751/3604/3955 2330/3127/3955
f 2330/3127/3956 2751/3604/3956 2753/3606/3956
f 2330/3127/3957 2753/3606/3957 2331/3128/3957
f 2331/3128/3958 2753/3606/3958 2752/3605/3958
f 2331/3128/3959 2752/3605/3959 2332/3129/3959
f 2332/3129/3960 2752/3605/3960 2754/3607/3960
f 2332/3129/3960 2754/3607/3960 2333/3130/3960
f 2333/3130/3961 2754/3607/3961 2755/3608/3961
f 2333/3130/3961 2755/3608/3961 2324/3119/3961
f 2324/3119/3962 2755/3608/3962 2757/3610/3962
f 2324/3119/3962 2757/3610/3962 2325/3120/3962
f 2325/3120/3963 2757/3610/3963 2756/3609/3963
f 2325/3120/3963 2756/3609/3963 2326/3121/3963
f 2326/3121/3964 2756/3609/3964 2758/3611/3964
f 2326/3121/3964 2758/3611/3964 2327/3123/3964
f 2327/3123/3965 2758/3611/3965 2759/3612/3965
f 2327/3123/3965 2759/3612/3965 2318/3124/3965
f 2318/3113/3966 2759/3613/3966 2760/3614/3966
f 2318/3113/3966 2760/3614/3966 2319/3114/3966
f 2319/3114/3967 2760/3614/3967 2761/3615/3967
f 2319/3114/3967 2761/3615/3967 2320/3115/3967
f 2320/3115/3968 2761/3615/3968 2762/3616/3968
f 2320/3115/3968 2762/3616/3968 2321/3116/3968
f 2321/3116/3969 2762/3616/3969 2763/3617/3969
f 2321/3116/3969 2763/3617/3969 2311/3106/3969
f 2311/3106/3970 2763/3617/3970 2764/3618/3970
f 2311/3106/3971 2764/3618/3971 2315/3110/3971
f 2315/3110/3972 2764/3618/3972 2765/3619/3972
f 2315/3110/3973 2765/3619/3973 2314/3109/3973
f 2314/3109/3974 2765/3619/3974 2766/3620/3974
f 2314/3109/3974 2766/3620/3974 2312/3107/3974
f 2312/3107/3876 2766/3620/3876 2767/3621/3876
f 2770/3624/3975 2478/3281/3975 2771/3625/3975
f 2771/3625/3976 2478/3281/3976 2477/3280/3976
f 2771/3625/3976 2477/3280/3976 2772/3626/3976
f 2772/3626/3977 2477/3280/3977 2460/3263/3977
f 2772/3626/3977 2460/3263/3977 2773/3627/3977
f 2773/3627/3978 2460/3263/3978 2459/3262/3978
f 2773/3627/3979 2459/3262/3979 2774/3628/3979
f 2774/3628/3980 2459/3262/3980 2496/3299/3980
f 2774/3628/3981 2496/3299/3981 2775/3629/3981
f 2775/3629/3982 2496/3299/3982 2495/3298/3982
f 2775/3629/3982 2495/3298/3982 2776/3630/3982
f 2776/3630/3983 2495/3298/3983 2494/3297/3983
f 2776/3630/3983 2494/3297/3983 2777/3631/3983
f 2777/3631/3984 2494/3297/3984 2493/3296/3984
f 2777/3631/3984 2493/3296/3984 2778/3632/3984
f 2778/3632/3985 2493/3296/3985 2492/3295/3985
f 2778/3632/3985 2492/3295/3985 2779/3633/3985
f 2779/3633/3986 2492/3295/3986 2491/3294/3986
f 2779/3633/3987 2491/3294/3987 2780/3634/3987
f 2780/3634/3988 2491/3294/3988 2490/3293/3988
f 2780/3634/3988 2490/3293/3988 2781/3635/3988
f 2781/3635/3989 2490/3293/3989 2489/3292/3989
f 2781/3635/3989 2489/3292/3989 2782/3636/3989
f 2782/3636/3990 2489/3292/3990 2488/3291/3990
f 2782/3636/3990 2488/3291/3990 2783/3637/3990
f 2783/3637/3991 2488/3291/3991 2474/3277/3991
f 2783/3637/3991 2474/3277/3991 2784/3638/3991
f 2784/3638/3992 2474/3277/3992 2473/3276/3992
f 2784/3638/3992 2473/3276/3992 2785/3639/3992
f 2785/3639/3993 2473/3276/3993 2472/3275/3993
f 2785/3639/3993 2472/3275/3993 2786/3640/3993
f 2786/3640/3994 2472/3275/3994 2458/3261/3994
f 2786/3640/3995 2458/3261/3995 2787/3641/3995
f 2787/3641/3996 2458/3261/3996 2500/3303/3996
f 2787/3641/3997 2500/3303/3997 2788/3642/3997
f 2788/3642/3998 2500/3303/3998 2468/3271/3998
f 2788/3642/3998 2468/3271/3998 2789/3643/3998
f 2789/3643/3999 2468/3271/3999 2467/3270/3999
f 2789/3643/3999 2467/3270/3999 2790/3644/3999
f 2790/3644/4000 2467/3270/4000 2466/3269/4000
f 2790/3644/4001 2466/3269/4001 2791/3645/4001
f 2791/3645/4002 2466/3269/4002 2440/3243/4002
f 2791/3645/4002 2440/3243/4002 2792/3646/4002
f 2792/3646/4003 2440/3243/4003 2439/3242/4003
f 2792/3646/4004 2439/3242/4004 2793/3647/4004
f 2793/3647/4005 2439/3242/4005 2438/3241/4005
f 2793/3647/4006 2438/3241/4006 2794/3648/4006
f 2794/3648/4007 2438/3241/4007 2437/3240/4007
f 2794/3648/4007 2437/3240/4007 2795/3649/4007
f 2795/3649/4008 2437/3240/4008 2457/3260/4008
f 2795/3649/4008 2457/3260/4008 2796/3650/4008
f 2796/3650/4009 2457/3260/4009 2456/3259/4009
f 2796/3650/4009 2456/3259/4009 2797/3651/4009
f 2797/3651/4010 2456/3259/4010 2436/3239/4010
f 2797/3651/4011 2436/3239/4011 2798/3652/4011
f 2798/3652/4012 2436/3239/4012 2435/3238/4012
f 2798/3652/4013 2435/3238/4013 2799/3653/4013
f 2799/3653/4014 2435/3238/4014 2434/3237/4014
f 2799/3653/4014 2434/3237/4014 2800/3654/4014
f 2800/3654/4015 2434/3237/4015 2433/3236/4015
f 2800/3654/4015 2433/3236/4015 2801/3655/4015
f 2801/3655/4016 2433/3236/4016 2432/3235/4016
f 2801/3655/4016 2432/3235/4016 2802/3656/4016
f 2802/3656/4017 2432/3235/4017 2428/3231/4017
f 2802/3656/4017 2428/3231/4017 2803/3657/4017
f 2803/3657/4018 2428/3231/4018 2455/3258/4018
f 2803/3657/4018 2455/3258/4018 2804/3658/4018
f 2804/3658/4019 2455/3258/4019 2471/3274/4019
f 2804/3658/4019 2471/3274/4019 2805/3659/4019
f 2805/3659/4020 2471/3274/4020 2483/3286/4020
f 2805/3659/4020 2483/3286/4020 2806/3660/4020
f 2806/3660/4021 2483/3286/4021 2487/3290/4021
f 2806/3660/4022 2487/3290/4022 2807/3661/4022
f 2807/3661/4023 2487/3290/4023 2486/3289/4023
f 2807/3661/4023 2486/3289/4023 2808/3662/4023
f 2808/3662/4024 2486/3289/4024 2485/3288/4024
f 2808/3662/4024 2485/3288/4024 2809/3663/4024
f 2809/3663/4025 2485/3288/4025 2484/3287/4025
f 2809/3663/4026 2484/3287/4026 2810/3664/4026
f 2810/3664/4027 2484/3287/4027 2482/3285/4027
f 2810/3664/4027 2482/3285/4027 2811/3665/4027
f 2811/3665/4028 2482/3285/4028 2481/3284/4028
f 2811/3665/4029 2481/3284/4029 2812/3666/4029
f 2812/3666/4030 2481/3284/4030 2470/3273/4030
f 2812/3666/4031 2470/3273/4031 2813/3667/4031
f 2813/3667/4032 2470/3273/4032 2469/3272/4032
f 2813/3667/4032 2469/3272/4032 2814/3668/4032
f 2814/3668/4033 2469/3272/4033 2480/3283/4033
f 2814/3668/4033 2480/3283/4033 2815/3669/4033
f 2815/3669/4034 2480/3283/4034 2454/3257/4034
f 2815/3669/4034 2454/3257/4034 2816/3670/4034
f 2816/3670/4035 2454/3257/4035 2453/3256/4035
f 2816/3670/4035 2453/3256/4035 2817/3671/4035
f 2817/3671/4036 2453/3256/4036 2452/3255/4036
f 2817/3671/4037 2452/3255/4037 2818/3672/4037
f 2818/3672/4038 2452/3255/4038 2451/3254/4038
f 2818/3672/4038 2451/3254/4038 2819/3673/4038
f 2819/3673/4039 2451/3254/4039 2450/3253/4039
f 2819/3673/4040 2450/3253/4040 2820/3674/4040
f 2820/3674/4041 2450/3253/4041 2449/3252/4041
f 2820/3674/4041 2449/3252/4041 2821/3675/4041
f 2821/3675/4042 2449/3252/4042 2465/3268/4042
f 2821/3675/4042 2465/3268/4042 2822/3676/4042
f 2822/3676/4043 2465/3268/4043 2464/3267/4043
f 2822/3676/4043 2464/3267/4043 2823/3677/4043
f 2823/3677/4044 2464/3267/4044 2448/3251/4044
f 2823/3677/4044 2448/3251/4044 2824/3678/4044
f 2824/3678/4045 2448/3251/4045 2447/3250/4045
f 2824/3678/4046 2447/3250/4046 2825/3679/4046
f 2825/3679/4047 2447/3250/4047 2476/3279/4047
f 2825/3679/4048 2476/3279/4048 2826/3680/4048
f 2826/3680/4049 2476/3279/4049 2475/3278/4049
f 2826/3680/4049 2475/3278/4049 2827/3681/4049
f 2827/3681/4050 2475/3278/4050 2463/3266/4050
f 2827/3681/4050 2463/3266/4050 2828/3682/4050
f 2828/3682/4051 2463/3266/4051 2462/3265/4051
f 2828/3682/4051 2462/3265/4051 2829/3683/4051
f 2829/3683/4052 2462/3265/4052 2461/3264/4052
f 2829/3683/4052 2461/3264/4052 2830/3684/4052
f 2830/3684/4053 2461/3264/4053 2446/3249/4053
f 2830/3684/4053 2446/3249/4053 2831/3685/4053
f 2831/3685/4054 2446/3249/4054 2445/3248/4054
f 2831/3685/4054 2445/3248/4054 2832/3686/4054
f 2832/3686/4055 2445/3248/4055 2444/3247/4055
f 2832/3686/4055 2444/3247/4055 2833/3687/4055
f 2833/3687/4056 2444/3247/4056 2443/3246/4056
f 2833/3687/4056 2443/3246/4056 2834/3688/4056
f 2834/3688/4057 2443/3246/4057 2442/3245/4057
f 2834/3688/4057 2442/3245/4057 2835/3689/4057
f 2835/3689/4058 2442/3245/4058 2441/3244/4058
f 2835/3689/4059 2441/3244/4059 2836/3690/4059
f 2836/3690/4060 2441/3244/4060 2430/3233/4060
f 2836/3690/4061 2430/3233/4061 2837/3691/4061
f 2837/3691/4062 2430/3233/4062 2429/3232/4062
f 2837/3691/4062 2429/3232/4062 2838/3692/4062
f 2838/3692/4063 2429/3232/4063 2427/3230/4063
f 2838/3692/4064 2427/3230/4064 2839/3693/4064
f 2839/3693/4065 2427/3230/4065 2426/3229/4065
f 2839/3693/4065 2426/3229/4065 2840/3694/4065
f 2840/3694/4066 2426/3229/4066 2431/3234/4066
f 2840/3694/4066 2431/3234/4066 2841/3695/4066
f 2841/3695/4067 2431/3234/4067 2501/3304/4067
f 2841/3695/4067 2501/3304/4067 2842/3696/4067
f 2842/3696/4068 2501/3304/4068 2499/3302/4068
f 2842/3696/4068 2499/3302/4068 2843/3697/4068
f 2843/3697/4069 2499/3302/4069 2498/3301/4069
f 2843/3697/4069 2498/3301/4069 2844/3698/4069
f 2844/3698/4070 2498/3301/4070 2497/3300/4070
f 2844/3698/4071 2497/3300/4071 2845/3699/4071
f 2845/3699/4072 2497/3300/4072 2479/3282/4072
f 2845/3699/4073 2479/3282/4073 2770/3624/4073
f 2770/3624/3975 2479/3282/3975 2478/3281/3975
f 2846/3700/4074 2771/3625/4074 2847/3701/4074
f 2847/3701/4075 2771/3625/4075 2772/3626/4075
f 2847/3701/4076 2772/3626/4076 2848/3702/4076
f 2848/3702/4077 2772/3626/4077 2773/3627/4077
f 2848/3702/4077 2773/3627/4077 2849/3703/4077
f 2849/3703/4078 2773/3627/4078 2774/3628/4078
f 2849/3703/4078 2774/3628/4078 2850/3704/4078
f 2850/3704/4079 2774/3628/4079 2775/3629/4079
f 2850/3704/4079 2775/3629/4079 2851/3705/4079
f 2851/3705/4080 2775/3629/4080 2776/3630/4080
f 2851/3705/4080 2776/3630/4080 2852/3706/4080
f 2852/3706/4081 2776/3630/4081 2777/3631/4081
f 2852/3706/4081 2777/3631/4081 2853/3707/4081
f 2853/3707/4082 2777/3631/4082 2778/3632/4082
f 2853/3707/4082 2778/3632/4082 2854/3708/4082
f 2854/3708/4083 2778/3632/4083 2779/3633/4083
f 2854/3708/4084 2779/3633/4084 2855/3709/4084
f 2855/3709/4085 2779/3633/4085 2780/3634/4085
f 2855/3709/4086 2780/3634/4086 2856/3710/4086
f 2856/3710/4087 2780/3634/4087 2781/3635/4087
f 2856/3710/4087 2781/3635/4087 2857/3711/4087
f 2857/3711/4088 2781/3635/4088 2782/3636/4088
f 2857/3711/4088 2782/3636/4088 2858/3712/4088
f 2858/3712/4089 2782/3636/4089 2783/3637/4089
f 2858/3712/4089 2783/3637/4089 2859/3713/4089
f 2859/3713/4090 2783/3637/4090 2784/3638/4090
f 2859/3713/4090 2784/3638/4090 2860/3714/4090
f 2860/3714/4091 2784/3638/4091 2785/3639/4091
f 2860/3714/4092 2785/3639/4092 2861/3715/4092
f 2861/3715/4093 2785/3639/4093 2786/3640/4093
f 2861/3715/4093 2786/3640/4093 2862/3716/4093
f 2862/3716/4094 2786/3640/4094 2787/3641/4094
f 2862/3716/4094 2787/3641/4094 2863/3717/4094
f 2863/3717/4095 2787/3641/4095 2788/3642/4095
f 2863/3717/4095 2788/3642/4095 2864/3718/4095
f 2864/3718/4096 2788/3642/4096 2789/3643/4096
f 2864/3718/4097 2789/3643/4097 2865/3719/4097
f 2865/3719/4098 2789/3643/4098 2790/3644/4098
f 2865/3719/4098 2790/3644/4098 2866/3720/4098
f 2866/3720/4099 2790/3644/4099 2791/3645/4099
f 2866/3720/4099 2791/3645/4099 2867/3721/4099
f 2867/3721/4100 2791/3645/4100 2792/3646/4100
f 2867/3721/4100 2792/3646/4100 2868/3722/4100
f 2868/3722/4101 2792/3646/4101 2793/3647/4101
f 2868/3722/4101 2793/3647/4101 2869/3723/4101
f 2869/3723/4102 2793/3647/4102 2794/3648/4102
f 2869/3723/4102 2794/3648/4102 2870/3724/4102
f 2870/3724/4103 2794/3648/4103 2795/3649/4103
f 2870/3724/4103 2795/3649/4103 2871/3725/4103
f 2871/3725/4104 2795/3649/4104 2796/3650/4104
f 2871/3725/4104 2796/3650/4104 2872/3726/4104
f 2872/3726/4105 2796/3650/4105 2797/3651/4105
f 2872/3726/4105 2797/3651/4105 2873/3727/4105
f 2873/3727/4106 2797/3651/4106 2798/3652/4106
f 2873/3727/4106 2798/3652/4106 2874/3728/4106
f 2874/3728/4107 2798/3652/4107 2799/3653/4107
f 2874/3728/4108 2799/3653/4108 2875/3729/4108
f 2875/3729/4109 2799/3653/4109 2800/3654/4109
f 2875/3729/4109 2800/3654/4109 2876/3730/4109
f 2876/3730/4110 2800/3654/4110 2801/3655/4110
f 2876/3730/4110 2801/3655/4110 2877/3731/4110
f 2877/3731/4111 2801/3655/4111 2802/3656/4111
f 2877/3731/4111 2802/3656/4111 2878/3732/4111
f 2878/3732/4112 2802/3656/4112 2803/3657/4112
f 2878/3732/4112 2803/3657/4112 2879/3733/4112
f 2879/3733/4113 2803/3657/4113 2804/3658/4113
f 2879/3733/4114 2804/3658/4114 2880/3734/4114
f 2880/3734/4115 2804/3658/4115 2805/3659/4115
f 2880/3734/4116 2805/3659/4116 2881/3735/4116
f 2881/3735/4117 2805/3659/4117 2806/3660/4117
f 2881/3735/4117 2806/3660/4117 2882/3736/4117
f 2882/3736/4118 2806/3660/4118 2807/3661/4118
f 2882/3736/4118 2807/3661/4118 2883/3737/4118
f 2883/3737/4119 2807/3661/4119 2808/3662/4119
f 2883/3737/4120 2808/3662/4120 2884/3738/4120
f 2884/3738/4121 2808/3662/4121 2809/3663/4121
f 2884/3738/4122 2809/3663/4122 2885/3739/4122
f 2885/3739/4123 2809/3663/4123 2810/3664/4123
f 2885/3739/4124 2810/3664/4124 2886/3740/4124
f 2886/3740/4125 2810/3664/4125 2811/3665/4125
f 2886/3740/4125 2811/3665/4125 2887/3741/4125
f 2887/3741/4126 2811/3665/4126 2812/3666/4126
f 2887/3741/4126 2812/3666/4126 2888/3742/4126
f 2888/3742/4127 2812/3666/4127 2813/3667/4127
f 2888/3742/4128 2813/3667/4128 2889/3743/4128
f 2889/3743/4129 2813/3667/4129 2814/3668/4129
f 2889/3743/4129 2814/3668/4129 2890/3744/4129
f 2890/3744/4130 2814/3668/4130 2815/3669/4130
f 2890/3744/4131 2815/3669/4131 2891/3745/4131
f 2891/3745/4132 2815/3669/4132 2816/3670/4132
f 2891/3745/4132 2816/3670/4132 2892/3746/4132
f 2892/3746/4133 2816/3670/4133 2817/3671/4133
f 2892/3746/4133 2817/3671/4133 2893/3747/4133
f 2893/3747/4134 2817/3671/4134 2818/3672/4134
f 2893/3747/4134 2818/3672/4134 2894/3748/4134
f 2894/3748/4135 2818/3672/4135 2819/3673/4135
f 2894/3748/4136 2819/3673/4136 2895/3749/4136
f 2895/3749/4137 2819/3673/4137 2820/3674/4137
f 2895/3749/4137 2820/3674/4137 2896/3750/4137
f 2896/3750/4138 2820/3674/4138 2821/3675/4138
f 2896/3750/4138 2821/3675/4138 2897/3751/4138
f 2897/3751/4139 2821/3675/4139 2822/3676/4139
f 2897/3751/4139 2822/3676/4139 2898/3752/4139
f 2898/3752/4140 2822/3676/4140 2823/3677/4140
f 2898/3752/4140 2823/3677/4140 2899/3753/4140
f 2899/3753/4141 2823/3677/4141 2824/3678/4141
f 2899/3753/4142 2824/3678/4142 2900/3754/4142
f 2900/3754/4143 2824/3678/4143 2825/3679/4143
f 2900/3754/4143 2825/3679/4143 2901/3755/4143
f 2901/3755/4144 2825/3679/4144 2826/3680/4144
f 2901/3755/4144 2826/3680/4144 2902/3756/4144
f 2902/3756/4145 2826/3680/4145 2827/3681/4145
f 2902/3756/4146 2827/3681/4146 2903/3757/4146
f 2903/3757/4147 2827/3681/4147 2828/3682/4147
f 2903/3757/4148 2828/3682/4148 2904/3758/4148
f 2904/3758/4149 2828/3682/4149 2829/3683/4149
f 2904/3758/4149 2829/3683/4149 2905/3759/4149
f 2905/3759/4150 2829/3683/4150 2830/3684/4150
f 2905/3759/4150 2830/3684/4150 2906/3760/4150
f 2906/3760/4151 2830/3684/4151 2831/3685/4151
f 2906/3760/4151 2831/3685/4151 2907/3761/4151
f 2907/3761/4152 2831/3685/4152 2832/3686/4152
f 2907/3761/4152 2832/3686/4152 2908/3762/4152
f 2908/3762/4153 2832/3686/4153 2833/3687/4153
f 2908/3762/4153 2833/3687/4153 2909/3763/4153
f 2909/3763/4154 2833/3687/4154 2834/3688/4154
f 2909/3763/4154 2834/3688/4154 2910/3764/4154
f 2910/3764/4155 2834/3688/4155 2835/3689/4155
f 2910/3764/4155 2835/3689/4155 2911/3765/4155
f 2911/3765/4156 2835/3689/4156 2836/3690/4156
f 2911/3765/4157 2836/3690/4157 2912/3766/4157
f 2912/3766/4158 2836/3690/4158 2837/3691/4158
f 2912/3766/4158 2837/3691/4158 2913/3767/4158
f 2913/3767/4159 2837/3691/4159 2838/3692/4159
f 2913/3767/4159 2838/3692/4159 2914/3768/4159
f 2914/3768/4160 2838/3692/4160 2839/3693/4160
f 2914/3768/4160 2839/3693/4160 2915/3769/4160
f 2915/3769/4161 2839/3693/4161 2840/3694/4161
f 2915/3769/4161 2840/3694/4161 2916/3770/4161
f 2916/3770/4162 2840/3694/4162 2841/3695/4162
f 2916/3770/4162 2841/3695/4162 2917/3771/4162
f 2917/3771/4163 2841/3695/4163 2842/3696/4163
f 2917/3771/4163 2842/3696/4163 2918/3772/4163
f 2918/3772/4164 2842/3696/4164 2843/3697/4164
f 2918/3772/4165 2843/3697/4165 2919/3773/4165
f 2919/3773/4166 2843/3697/4166 2844/3698/4166
f 2919/3773/4166 2844/3698/4166 2920/3774/4166
f 2920/3774/4167 2844/3698/4167 2845/3699/4167
f 2920/3774/4167 2845/3699/4167 2921/3775/4167
f 2921/3775/4168 2845/3699/4168 2770/3624/4168
f 2921/3775/4169 2770/3624/4169 2846/3700/4169
f 2846/3700/4170 2770/3624/4170 2771/3625/4170
f 2590/3436/4171 2847/3776/4171 2599/3445/4171
f 2599/3445/4172 2847/3776/4172 2848/3777/4172
f 2599/3445/4173 2848/3777/4173 2597/3443/4173
f 2597/3443/4174 2848/3777/4174 2849/3778/4174
f 2597/3443/4174 2849/3778/4174 2589/3435/4174
f 2589/3435/4175 2849/3778/4175 2850/3779/4175
f 2589/3435/4175 2850/3779/4175 2587/3433/4175
f 2587/3433/4176 2850/3779/4176 2851/3780/4176
f 2587/3433/4176 2851/3780/4176 2584/3430/4176
f 2584/3430/4177 2851/3780/4177 2852/3781/4177
f 2584/3430/4177 2852/3781/4177 2582/3428/4177
f 2582/3428/4178 2852/3781/4178 2853/3782/4178
f 2582/3428/4178 2853/3782/4178 2579/3425/4178
f 2579/3425/4179 2853/3782/4179 2854/3783/4179
f 2579/3425/4179 2854/3783/4179 2577/3423/4179
f 2577/3423/4180 2854/3783/4180 2855/3784/4180
f 2577/3423/4180 2855/3784/4180 2574/3420/4180
f 2574/3420/4181 2855/3784/4181 2856/3785/4181
f 2574/3420/4181 2856/3785/4181 2572/3418/4181
f 2572/3418/4182 2856/3785/4182 2857/3786/4182
f 2572/3418/4182 2857/3786/4182 2569/3415/4182
f 2569/3415/4183 2857/3786/4183 2858/3787/4183
f 2569/3415/4184 2858/3787/4184 2567/3412/4184
f 2567/3788/4185 2858/3712/4185 2859/3713/4185
f 2567/3788/4185 2859/3713/4185 2564/3789/4185
f 2564/3408/4186 2859/3790/4186 2860/3791/4186
f 2564/3408/4186 2860/3791/4186 2562/3406/4186
f 2562/3406/4187 2860/3791/4187 2861/3792/4187
f 2562/3406/4187 2861/3792/4187 2559/3403/4187
f 2559/3403/4188 2861/3792/4188 2862/3793/4188
f 2559/3403/4189 2862/3793/4189 2557/3401/4189
f 2557/3401/4190 2862/3793/4190 2863/3794/4190
f 2557/3401/4190 2863/3794/4190 2554/3398/4190
f 2554/3398/4191 2863/3794/4191 2864/3795/4191
f 2554/3398/4191 2864/3795/4191 2552/3396/4191
f 2552/3396/4192 2864/3795/4192 2865/3796/4192
f 2552/3396/4193 2865/3796/4193 2549/3393/4193
f 2549/3393/4194 2865/3796/4194 2866/3797/4194
f 2549/3393/4194 2866/3797/4194 2547/3391/4194
f 2547/3391/4195 2866/3797/4195 2867/3798/4195
f 2547/3391/4195 2867/3798/4195 2538/3382/4195
f 2538/3382/4196 2867/3798/4196 2868/3799/4196
f 2538/3382/4197 2868/3799/4197 2539/3383/4197
f 2539/3383/4198 2868/3799/4198 2869/3800/4198
f 2539/3383/4198 2869/3800/4198 2542/3386/4198
f 2542/3386/4199 2869/3800/4199 2870/3801/4199
f 2542/3386/4199 2870/3801/4199 2531/3375/4199
f 2531/3375/4200 2870/3801/4200 2871/3802/4200
f 2531/3375/4201 2871/3802/4201 2529/3373/4201
f 2529/3373/4202 2871/3802/4202 2872/3803/4202
f 2529/3373/4202 2872/3803/4202 2527/3371/4202
f 2527/3371/4203 2872/3803/4203 2873/3804/4203
f 2527/3371/4203 2873/3804/4203 2534/3378/4203
f 2534/3378/4204 2873/3804/4204 2874/3805/4204
f 2534/3378/4204 2874/3805/4204 2521/3363/4204
f 2521/3363/4205 2874/3805/4205 2875/3806/4205
f 2521/3363/4205 2875/3806/4205 2519/3361/4205
f 2519/3361/4206 2875/3806/4206 2876/3807/4206
f 2519/3361/4206 2876/3807/4206 2517/3359/4206
f 2517/3368/4207 2876/3808/4207 2877/3809/4207
f 2517/3368/4207 2877/3809/4207 2524/3366/4207
f 2524/3366/4208 2877/3809/4208 2878/3810/4208
f 2524/3366/4208 2878/3810/4208 2511/3353/4208
f 2511/3353/4209 2878/3810/4209 2879/3811/4209
f 2511/3353/4209 2879/3811/4209 2509/3351/4209
f 2509/3351/4210 2879/3811/4210 2880/3812/4210
f 2509/3351/4211 2880/3812/4211 2507/3349/4211
f 2507/3349/4212 2880/3812/4212 2881/3813/4212
f 2507/3349/4213 2881/3813/4213 2514/3356/4213
f 2514/3356/4214 2881/3813/4214 2882/3814/4214
f 2514/3356/4215 2882/3814/4215 2506/3348/4215
f 2506/3348/4216 2882/3814/4216 2883/3815/4216
f 2506/3348/4216 2883/3815/4216 2504/3346/4216
f 2504/3346/4217 2883/3815/4217 2884/3816/4217
f 2504/3346/4218 2884/3816/4218 2502/3344/4218
f 2502/3344/4219 2884/3816/4219 2885/3817/4219
f 2502/3344/4220 2885/3817/4220 2689/3539/4220
f 2689/3539/4221 2885/3817/4221 2886/3818/4221
f 2689/3539/4221 2886/3818/4221 2687/3537/4221
f 2687/3537/4222 2886/3818/4222 2887/3819/4222
f 2687/3537/4222 2887/3819/4222 2684/3534/4222
f 2684/3534/4223 2887/3819/4223 2888/3820/4223
f 2684/3534/4223 2888/3820/4223 2682/3532/4223
f 2682/3532/4224 2888/3820/4224 2889/3821/4224
f 2682/3532/4224 2889/3821/4224 2679/3529/4224
f 2679/3529/4225 2889/3821/4225 2890/3822/4225
f 2679/3529/4226 2890/3822/4226 2677/3527/4226
f 2677/3527/4227 2890/3822/4227 2891/3823/4227
f 2677/3527/4227 2891/3823/4227 2674/3524/4227
f 2674/3524/4228 2891/3823/4228 2892/3824/4228
f 2674/3524/4228 2892/3824/4228 2672/3522/4228
f 2672/3522/4229 2892/3824/4229 2893/3825/4229
f 2672/3522/4229 2893/3825/4229 2669/3519/4229
f 2669/3519/4230 2893/3825/4230 2894/3826/4230
f 2669/3519/4230 2894/3826/4230 2667/3517/4230
f 2667/3517/4231 2894/3826/4231 2895/3827/4231
f 2667/3517/4232 2895/3827/4232 2664/3515/4232
f 2664/3512/4233 2895/3828/4233 2896/3829/4233
f 2664/3512/4234 2896/3829/4234 2662/3510/4234
f 2662/3510/4235 2896/3829/4235 2897/3830/4235
f 2662/3510/4235 2897/3830/4235 2659/3507/4235
f 2659/3507/4236 2897/3830/4236 2898/3831/4236
f 2659/3507/4236 2898/3831/4236 2657/3505/4236
f 2657/3505/4237 2898/3831/4237 2899/3832/4237
f 2657/3505/4237 2899/3832/4237 2654/3502/4237
f 2654/3502/4238 2899/3832/4238 2900/3833/4238
f 2654/3502/4238 2900/3833/4238 2652/3500/4238
f 2652/3500/4239 2900/3833/4239 2901/3834/4239
f 2652/3500/4239 2901/3834/4239 2649/3497/4239
f 2649/3497/4240 2901/3834/4240 2902/3835/4240
f 2649/3497/4240 2902/3835/4240 2647/3495/4240
f 2647/3495/4241 2902/3835/4241 2903/3836/4241
f 2647/3495/4242 2903/3836/4242 2644/3492/4242
f 2644/3492/4243 2903/3836/4243 2904/3837/4243
f 2644/3492/4243 2904/3837/4243 2642/3490/4243
f 2642/3490/4244 2904/3837/4244 2905/3838/4244
f 2642/3490/4244 2905/3838/4244 2633/3481/4244
f 2633/3481/4245 2905/3838/4245 2906/3839/4245
f 2633/3481/4245 2906/3839/4245 2634/3482/4245
f 2634/3482/4246 2906/3839/4246 2907/3840/4246
f 2634/3482/4246 2907/3840/4246 2637/3485/4246
f 2637/3485/4247 2907/3840/4247 2908/3841/4247
f 2637/3485/4247 2908/3841/4247 2626/3474/4247
f 2626/3474/4248 2908/3841/4248 2909/3842/4248
f 2626/3474/4248 2909/3842/4248 2624/3472/4248
f 2624/3472/4249 2909/3842/4249 2910/3843/4249
f 2624/3472/4249 2910/3843/4249 2622/3470/4249
f 2622/3470/4250 2910/3843/4250 2911/3844/4250
f 2622/3470/4250 2911/3844/4250 2629/3477/4250
f 2629/3477/4251 2911/3844/4251 2912/3845/4251
f 2629/3477/4251 2912/3845/4251 2616/3462/4251
f 2616/3462/4252 2912/3845/4252 2913/3846/4252
f 2616/3462/4252 2913/3846/4252 2614/3460/4252
f 2614/3460/4253 2913/3846/4253 2914/3847/4253
f 2614/3460/4253 2914/3847/4253 2612/3458/4253
f 2612/3458/4254 2914/3847/4254 2915/3848/4254
f 2612/3458/4254 2915/3848/4254 2619/3466/4254
f 2619/3849/4255 2915/3769/4255 2916/3770/4255
f 2619/3849/4255 2916/3770/4255 2606/3850/4255
f 2606/3452/4256 2916/3851/4256 2917/3852/4256
f 2606/3452/4257 2917/3852/4257 2604/3450/4257
f 2604/3450/4258 2917/3852/4258 2918/3853/4258
f 2604/3450/4259 2918/3853/4259 2602/3448/4259
f 2602/3448/4260 2918/3853/4260 2919/3854/4260
f 2602/3448/4261 2919/3854/4261 2609/3455/4261
f 2609/3455/4262 2919/3854/4262 2920/3855/4262
f 2609/3455/4262 2920/3855/4262 2594/3440/4262
f 2594/3440/4263 2920/3855/4263 2921/3856/4263
f 2594/3440/4263 2921/3856/4263 2592/3438/4263
f 2592/3438/4264 2921/3856/4264 2846/3857/4264
f 2592/3438/4264 2846/3857/4264 2590/3436/4264
f 2590/3436/4265 2846/3857/4265 2847/3776/4265
f 2922/3858/205 2923/3859/205 2924/3860/205
f 2924/3860/205 2923/3859/205 2925/3861/205
f 2924/3860/205 2925/3861/205 2926/3862/205
f 2926/3862/205 2925/3861/205 2927/3863/205
f 2926/3862/205 2927/3863/205 2928/3864/205
f 2928/3864/205 2927/3863/205 2929/3865/205
f 2928/3864/205 2929/3865/205 2930/3866/205
f 2930/3866/205 2929/3865/205 2931/3867/205
f 2930/3866/205 2931/3867/205 2932/3868/205
f 2932/3868/205 2931/3867/205 2933/3869/205
f 2932/3868/205 2933/3869/205 2934/3870/205
f 2934/3870/205 2933/3869/205 2935/3871/205
f 2934/3870/205 2935/3871/205 2936/3872/205
f 2936/3872/205 2935/3871/205 2937/3873/205
f 2936/3872/205 2937/3873/205 2938/3874/205
f 2938/3874/205 2937/3873/205 2939/3875/205
f 2938/3874/205 2939/3875/205 2940/3876/205
f 2940/3876/205 2939/3875/205 2941/3877/205
f 2940/3876/205 2941/3877/205 2942/3878/205
f 2942/3878/205 2941/3877/205 2943/3879/205
f 2942/3878/205 2943/3879/205 2944/3880/205
f 2944/3880/205 2943/3879/205 2945/3881/205
f 2944/3880/205 2945/3881/205 2946/3882/205
f 2946/3882/205 2945/3881/205 2947/3883/205
f 2946/3882/205 2947/3883/205 2948/3884/205
f 2948/3884/205 2947/3883/205 2949/3885/205
f 2948/3884/205 2949/3885/205 2950/3886/205
f 2950/3886/205 2949/3885/205 2951/3887/205
f 2950/3886/205 2951/3887/205 2952/3888/205
f 2952/3888/205 2951/3887/205 2953/3889/205
f 2952/3888/205 2953/3889/205 2954/3890/205
f 2954/3890/205 2953/3889/205 2955/3891/205
f 2954/3890/205 2955/3891/205 2956/3892/205
f 2956/3892/205 2955/3891/205 2957/3893/205
f 2956/3892/205 2957/3893/205 2958/3894/205
f 2958/3894/205 2957/3893/205 2959/3895/205
f 2958/3894/205 2959/3895/205 2960/3896/205
f 2960/3896/205 2959/3895/205 2961/3897/205
f 2960/3896/205 2961/3897/205 2962/3898/205
f 2962/3898/205 2961/3897/205 2963/3899/205
f 2962/3898/205 2963/3899/205 2964/3900/205
f 2964/3900/205 2963/3899/205 2965/3901/205
f 2964/3900/205 2965/3901/205 2966/3902/205
f 2966/3902/205 2965/3901/205 2967/3903/205
f 2966/3902/205 2967/3903/205 2968/3904/205
f 2968/3904/205 2967/3903/205 2969/3905/205
f 2968/3904/205 2969/3905/205 2970/3906/205
f 2970/3906/205 2969/3905/205 2971/3907/205
f 2970/3906/205 2971/3907/205 2972/3908/205
f 2972/3908/205 2971/3907/205 2973/3909/205
f 2972/3908/205 2973/3909/205 2974/3910/205
f 2974/3910/205 2973/3909/205 2975/3911/205
f 2974/3910/205 2975/3911/205 2976/3912/205
f 2976/3912/205 2975/3911/205 2977/3913/205
f 2976/3912/205 2977/3913/205 2978/3914/205
f 2978/3914/205 2977/3913/205 2979/3915/205
f 2978/3914/205 2979/3915/205 2980/3916/205
f 2980/3916/205 2979/3915/205 2981/3917/205
f 2980/3916/205 2981/3917/205 2982/3918/205
f 2982/3918/205 2981/3917/205 2983/3919/205
f 2982/3918/205 2983/3919/205 2984/3920/205
f 2984/3920/205 2983/3919/205 2985/3921/205
f 2984/3920/205 2985/3921/205 2986/3922/205
f 2986/3922/205 2985/3921/205 2987/3923/205
f 2986/3922/205 2987/3923/205 2988/3924/205
f 2988/3924/205 2987/3923/205 2989/3925/205
f 2988/3924/205 2989/3925/205 2990/3926/205
f 2990/3926/205 2989/3925/205 2991/3927/205
f 2990/3926/205 2991/3927/205 2992/3928/205
f 2992/3928/205 2991/3927/205 2993/3929/205
f 2992/3928/205 2993/3929/205 2994/3930/205
f 2994/3930/205 2993/3929/205 2995/3931/205
f 2994/3930/205 2995/3931/205 2996/3932/205
f 2996/3932/205 2995/3931/205 2997/3933/205
f 2996/3932/205 2997/3933/205 2922/3858/205
f 2922/3858/205 2997/3933/205 2923/3859/205
f 2998/3934/73 2999/3935/73 3000/3936/73
f 3000/3936/73 2999/3935/73 3001/3937/73
f 3000/3936/73 3001/3937/73 3002/3938/73
f 3002/3938/73 3001/3937/73 3003/3939/73
f 3002/3938/73 3003/3939/73 3004/3940/73
f 3004/3940/73 3003/3939/73 3005/3941/73
f 3004/3940/73 3005/3941/73 3006/3942/73
f 3006/3942/73 3005/3941/73 3007/3943/73
f 3006/3942/73 3007/3943/73 3008/3944/73
f 3008/3944/73 3007/3943/73 3009/3945/73
f 3008/3944/73 3009/3945/73 3010/3946/73
f 3010/3946/73 3009/3945/73 3011/3947/73
f 3010/3946/73 3011/3947/73 3012/3948/73
f 3012/3948/73 3011/3947/73 3013/3949/73
f 3012/3948/73 3013/3949/73 3014/3950/73
f 3014/3950/73 3013/3949/73 3015/3951/73
f 3014/3950/73 3015/3951/73 3016/3952/73
f 3016/3952/73 3015/3951/73 3017/3953/73
f 3016/3952/73 3017/3953/73 3018/3954/73
f 3018/3954/73 3017/3953/73 3019/3955/73
f 3018/3954/73 3019/3955/73 3020/3956/73
f 3020/3956/73 3019/3955/73 3021/3957/73
f 3020/3956/73 3021/3957/73 3022/3958/73
f 3022/3958/73 3021/3957/73 3023/3959/73
f 3022/3958/73 3023/3959/73 3024/3960/73
f 3024/3960/73 3023/3959/73 3025/3961/73
f 3024/3960/73 3025/3961/73 3026/3962/73
f 3026/3962/73 3025/3961/73 3027/3963/73
f 3026/3962/73 3027/3963/73 3028/3964/73
f 3028/3964/73 3027/3963/73 3029/3965/73
f 3028/3964/73 3029/3965/73 3030/3966/73
f 3030/3966/73 3029/3965/73 3031/3967/73
f 3030/3966/73 3031/3967/73 3032/3968/73
f 3032/3968/73 3031/3967/73 3033/3969/73
f 3032/3968/73 3033/3969/73 3034/3970/73
f 3034/3970/73 3033/3969/73 3035/3971/73
f 3034/3970/73 3035/3971/73 3036/3972/73
f 3036/3972/73 3035/3971/73 3037/3973/73
f 3036/3972/73 3037/3973/73 3038/3974/73
f 3038/3974/73 3037/3973/73 3039/3975/73
f 3038/3974/73 3039/3975/73 3040/3976/73
f 3040/3976/73 3039/3975/73 3041/3977/73
f 3040/3976/73 3041/3977/73 3042/3978/73
f 3042/3978/73 3041/3977/73 3043/3979/73
f 3042/3978/73 3043/3979/73 3044/3980/73
f 3044/3980/73 3043/3979/73 3045/3981/73
f 3044/3980/73 3045/3981/73 3046/3982/73
f 3046/3982/73 3045/3981/73 3047/3983/73
f 3046/3982/73 3047/3983/73 3048/3984/73
f 3048/3984/73 3047/3983/73 3049/3985/73
f 3048/3984/73 3049/3985/73 3050/3986/73
f 3050/3986/73 3049/3985/73 3051/3987/73
f 3050/3986/73 3051/3987/73 3052/3988/73
f 3052/3988/73 3051/3987/73 3053/3989/73
f 3052/3988/73 3053/3989/73 3054/3990/73
f 3054/3990/73 3053/3989/73 3055/3991/73
f 3054/3990/73 3055/3991/73 3056/3992/73
f 3056/3992/73 3055/3991/73 3057/3993/73
f 3056/3992/73 3057/3993/73 3058/3994/73
f 3058/3994/73 3057/3993/73 3059/3995/73
f 3058/3994/73 3059/3995/73 3060/3996/73
f 3060/3996/73 3059/3995/73 3061/3997/73
f 3060/3996/73 3061/3997/73 3062/3998/73
f 3062/3998/73 3061/3997/73 3063/3999/73
f 3062/3998/73 3063/3999/73 3064/4000/73
f 3064/4000/73 3063/3999/73 3065/4001/73
f 3064/4000/73 3065/4001/73 3066/4002/73
f 3066/4002/73 3065/4001/73 3067/4003/73
f 3066/4002/73 3067/4003/73 3068/4004/73
f 3068/4004/73 3067/4003/73 3069/4005/73
f 3068/4004/73 3069/4005/73 3070/4006/73
f 3070/4006/73 3069/4005/73 3071/4007/73
f 3070/4006/73 3071/4007/73 3072/4008/73
f 3072/4008/73 3071/4007/73 3073/4009/73
f 3072/4008/73 3073/4009/73 2998/3934/73
f 2998/3934/73 3073/4009/73 2999/3935/73
f 2943/4010/4266 3057/4011/4266 2945/4012/4266
f 2945/4012/4267 3057/4011/4267 3055/4013/4267
f 2945/4012/4267 3055/4013/4267 2947/4014/4267
f 2947/4014/4268 3055/4013/4268 3053/4015/4268
f 2947/4014/4268 3053/4015/4268 2949/4016/4268
f 2949/4016/4269 3053/4015/4269 3051/4017/4269
f 2949/4016/4269 3051/4017/4269 2951/4018/4269
f 2951/4018/4270 3051/4017/4270 3049/4019/4270
f 2951/4018/4270 3049/4019/4270 2953/4020/4270
f 2953/4020/4271 3049/4019/4271 3047/4021/4271
f 2953/4020/4271 3047/4021/4271 2955/4022/4271
f 2955/4023/4272 3047/4024/4272 3045/4025/4272
f 2955/4023/4272 3045/4025/4272 2957/4026/4272
f 2957/4026/4273 3045/4025/4273 3043/4027/4273
f 2957/4026/4273 3043/4027/4273 2959/4028/4273
f 2959/4028/4274 3043/4027/4274 3041/4029/4274
f 2959/4028/4274 3041/4029/4274 2961/4030/4274
f 2961/4030/4275 3041/4029/4275 3039/4031/4275
f 2961/4030/4275 3039/4031/4275 2963/4032/4275
f 2963/4032/548 3039/4031/548 3037/4033/548
f 2963/4032/548 3037/4033/548 2965/4034/548
f 2965/4034/4276 3037/4033/4276 3035/4035/4276
f 2965/4034/4276 3035/4035/4276 2967/4036/4276
f 2967/4036/4277 3035/4035/4277 3033/4037/4277
f 2967/4036/4277 3033/4037/4277 2969/4038/4277
f 2969/4038/4278 3033/4037/4278 3031/4039/4278
f 2969/4038/4278 3031/4039/4278 2971/4040/4278
f 2971/4040/4279 3031/4039/4279 3029/4041/4279
f 2971/4040/4279 3029/4041/4279 2973/4042/4279
f 2973/4043/4280 3029/4044/4280 3027/4045/4280
f 2973/4043/4280 3027/4045/4280 2975/4046/4280
f 2975/4046/4281 3027/4045/4281 3025/4047/4281
f 2975/4046/4281 3025/4047/4281 2977/4048/4281
f 2977/4048/4282 3025/4047/4282 3023/4049/4282
f 2977/4048/4282 3023/4049/4282 2979/4050/4282
f 2979/4050/4283 3023/4049/4283 3021/4051/4283
f 2979/4050/4283 3021/4051/4283 2981/4052/4283
f 2981/4052/4284 3021/4051/4284 3074/4053/4284
f 2981/4052/4284 3074/4053/4284 2983/4054/4284
f 2983/4054/4285 3074/4053/4285 3017/4055/4285
f 2983/4054/4285 3017/4055/4285 2985/4056/4285
f 2985/4056/4286 3017/4055/4286 3015/4057/4286
f 2985/4056/4286 3015/4057/4286 2987/4058/4286
f 2987/4058/4287 3015/4057/4287 3013/4059/4287
f 2987/4058/4287 3013/4059/4287 2989/4060/4287
f 2989/4060/4288 3013/4059/4288 3011/4061/4288
f 2989/4060/4288 3011/4061/4288 2991/4062/4288
f 2991/4062/4289 3011/4061/4289 3009/4063/4289
f 2991/4062/4289 3009/4063/4289 2993/4064/4289
f 2993/4064/4290 3009/4063/4290 3007/4065/4290
f 2993/4064/4290 3007/4065/4290 2995/4066/4290
f 2995/4067/4291 3007/4068/4291 3005/4069/4291
f 2995/4067/4291 3005/4069/4291 2997/4070/4291
f 2997/4070/4292 3005/4069/4292 3003/4071/4292
f 2997/4070/4292 3003/4071/4292 2923/4072/4292
f 2923/4072/4293 3003/4071/4293 3001/4073/4293
f 2923/4072/4293 3001/4073/4293 2925/4074/4293
f 2925/4074/1858 3001/4073/1858 2999/4075/1858
f 2925/4074/1858 2999/4075/1858 2927/4076/1858
f 2927/4076/4294 2999/4075/4294 3073/4077/4294
f 2927/4076/4294 3073/4077/4294 2929/4078/4294
f 2929/4078/4295 3073/4077/4295 3071/4079/4295
f 2929/4078/4295 3071/4079/4295 2931/4080/4295
f 2931/4080/4296 3071/4079/4296 3069/4081/4296
f 2931/4080/4296 3069/4081/4296 2933/4082/4296
f 2933/4083/4297 3069/4084/4297 3067/4085/4297
f 2933/4083/4297 3067/4085/4297 2935/4086/4297
f 2935/4086/4298 3067/4085/4298 3065/4087/4298
f 2935/4086/4298 3065/4087/4298 2937/4088/4298
f 2937/4088/4299 3065/4087/4299 3063/4089/4299
f 2937/4088/4299 3063/4089/4299 2939/4090/4299
f 2939/4090/4300 3063/4089/4300 3061/4091/4300
f 2939/4090/4300 3061/4091/4300 2941/4092/4300
f 2941/4092/4301 3061/4091/4301 3059/4093/4301
f 2941/4092/4301 3059/4093/4301 2943/4010/4301
f 2943/4010/4266 3059/4093/4266 3057/4011/4266
f 2946/4094/4285 3075/4095/4285 3076/4096/4285
f 3076/4096/4284 3075/4095/4284 3058/4097/4284
f 3076/4096/4284 3058/4097/4284 2942/4098/4284
f 2942/4098/4283 3058/4097/4283 3060/4099/4283
f 2942/4098/4283 3060/4099/4283 2940/4100/4283
f 2940/4100/4282 3060/4099/4282 3062/4101/4282
f 2940/4100/4282 3062/4101/4282 2938/4102/4282
f 2938/4102/4281 3062/4101/4281 3064/4103/4281
f 2938/4102/4281 3064/4103/4281 2936/4104/4281
f 2936/4104/4280 3064/4103/4280 3066/4105/4280
f 2936/4104/4280 3066/4105/4280 2934/4106/4280
f 2934/4107/4279 3066/4108/4279 3068/4109/4279
f 2934/4107/4279 3068/4109/4279 2932/4110/4279
f 2932/4110/4278 3068/4109/4278 3070/4111/4278
f 2932/4110/4278 3070/4111/4278 2930/4112/4278
f 2930/4112/4277 3070/4111/4277 3072/4113/4277
f 2930/4112/4277 3072/4113/4277 2928/4114/4277
f 2928/4114/4276 3072/4113/4276 2998/4115/4276
f 2928/4114/4276 2998/4115/4276 2926/4116/4276
f 2926/4116/548 2998/4115/548 3000/4117/548
f 2926/4116/548 3000/4117/548 2924/4118/548
f 2924/4118/4275 3000/4117/4275 3002/4119/4275
f 2924/4118/4275 3002/4119/4275 2922/4120/4275
f 2922/4120/4274 3002/4119/4274 3004/4121/4274
f 2922/4120/4274 3004/4121/4274 2996/4122/4274
f 2996/4122/4273 3004/4121/4273 3006/4123/4273
f 2996/4122/4273 3006/4123/4273 2994/4124/4273
f 2994/4124/4272 3006/4123/4272 3008/4125/4272
f 2994/4124/4272 3008/4125/4272 2992/4126/4272
f 2992/4127/4271 3008/4128/4271 3010/4129/4271
f 2992/4127/4271 3010/4129/4271 2990/4130/4271
f 2990/4130/4270 3010/4129/4270 3012/4131/4270
f 2990/4130/4270 3012/4131/4270 2988/4132/4270
f 2988/4132/4269 3012/4131/4269 3014/4133/4269
f 2988/4132/4269 3014/4133/4269 2986/4134/4269
f 2986/4134/4268 3014/4133/4268 3016/4135/4268
f 2986/4134/4268 3016/4135/4268 2984/4136/4268
f 2984/4136/4267 3016/4135/4267 3018/4137/4267
f 2984/4136/4267 3018/4137/4267 3077/4138/4267
f 3077/4138/4266 3018/4137/4266 3020/4139/4266
f 3077/4138/4266 3020/4139/4266 2980/4140/4266
f 2980/4140/4301 3020/4139/4301 3022/4141/4301
f 2980/4140/4301 3022/4141/4301 2978/4142/4301
f 2978/4142/4300 3022/4141/4300 3024/4143/4300
f 2978/4142/4300 3024/4143/4300 2976/4144/4300
f 2976/4144/4299 3024/4143/4299 3026/4145/4299
f 2976/4144/4299 3026/4145/4299 2974/4146/4299
f 2974/4146/4298 3026/4145/4298 3028/4147/4298
f 2974/4146/4298 3028/4147/4298 2972/4148/4298
f 2972/4148/4297 3028/4147/4297 3030/4149/4297
f 2972/4148/4297 3030/4149/4297 2970/4150/4297
f 2970/4151/4296 3030/4152/4296 3032/4153/4296
f 2970/4151/4296 3032/4153/4296 2968/4154/4296
f 2968/4154/4295 3032/4153/4295 3034/4155/4295
f 2968/4154/4295 3034/4155/4295 2966/4156/4295
f 2966/4156/4294 3034/4155/4294 3036/4157/4294
f 2966/4156/4294 3036/4157/4294 2964/4158/4294
f 2964/4158/1858 3036/4157/1858 3038/4159/1858
f 2964/4158/1858 3038/4159/1858 2962/4160/1858
f 2962/4160/4293 3038/4159/4293 3040/4161/4293
f 2962/4160/4293 3040/4161/4293 2960/4162/4293
f 2960/4162/4292 3040/4161/4292 3042/4163/4292
f 2960/4162/4292 3042/4163/4292 2958/4164/4292
f 2958/4164/4291 3042/4163/4291 3044/4165/4291
f 2958/4164/4291 3044/4165/4291 2956/4166/4291
f 2956/4167/4290 3044/4168/4290 3046/4169/4290
f 2956/4167/4290 3046/4169/4290 2954/4170/4290
f 2954/4170/4289 3046/4169/4289 3048/4171/4289
f 2954/4170/4289 3048/4171/4289 2952/4172/4289
f 2952/4172/4288 3048/4171/4288 3050/4173/4288
f 2952/4172/4288 3050/4173/4288 2950/4174/4288
f 2950/4174/4287 3050/4173/4287 3052/4175/4287
f 2950/4174/4287 3052/4175/4287 2948/4176/4287
f 2948/4176/4286 3052/4175/4286 3054/4177/4286
f 2948/4176/4286 3054/4177/4286 2946/4094/4286
f 2946/4094/4285 3054/4177/4285 3075/4095/4285
