# Blender 3.6.0
# www.blender.org
mtllib gripper_link.mtl
o gripper_link
v -0.046451 0.061063 0.000000
v -0.046448 0.063065 0.000000
v -0.139549 0.061063 0.000000
v -0.139552 0.063065 0.000000
v -0.140395 0.060875 0.000000
v -0.141243 0.062690 0.000000
v -0.150847 0.055997 0.000000
v -0.151695 0.057811 0.000000
v -0.151430 0.055584 0.000000
v -0.152860 0.056986 0.000000
v -0.151873 0.054888 0.000000
v -0.153746 0.055594 0.000000
v -0.152000 0.054186 0.000000
v -0.154001 0.054189 0.000000
v -0.152000 -0.054186 0.000000
v -0.154001 -0.054189 0.000000
v -0.151874 -0.054884 0.000000
v -0.153750 -0.055585 0.000000
v -0.151426 -0.055588 0.000000
v -0.152853 -0.056993 0.000000
v -0.150847 -0.055997 0.000000
v -0.151695 -0.057811 0.000000
v -0.140395 -0.060875 0.000000
v -0.141243 -0.062690 0.000000
v -0.139549 -0.061063 0.000000
v -0.139552 -0.063065 0.000000
v -0.046451 -0.061063 0.000000
v -0.046448 -0.063065 0.000000
v -0.045605 -0.060875 0.000000
v -0.044757 -0.062690 0.000000
v -0.035153 -0.055997 0.000000
v -0.034304 -0.057811 0.000000
v -0.034570 -0.055584 0.000000
v -0.033140 -0.056986 0.000000
v -0.034127 -0.054888 0.000000
v -0.032254 -0.055594 0.000000
v -0.034000 -0.054186 0.000000
v -0.031999 -0.054189 0.000000
v -0.034000 0.054186 0.000000
v -0.031999 0.054189 0.000000
v -0.034129 0.054892 0.000000
v -0.032254 0.055594 0.000000
v -0.034577 0.055591 0.000000
v -0.033140 0.056986 0.000000
v -0.035153 0.055997 0.000000
v -0.034304 0.057811 0.000000
v -0.045605 0.060875 0.000000
v -0.044757 0.062690 0.000000
v -0.148831 0.029495 -0.037383
v -0.139509 0.029495 -0.037383
v -0.148796 0.022545 -0.038417
v -0.139509 0.022167 -0.038465
v -0.148775 0.014783 -0.039027
v -0.139509 0.014799 -0.039239
v -0.148749 0.005192 -0.039782
v -0.139509 0.007406 -0.039703
v -0.148753 0.000004 -0.039679
v -0.139509 0.000000 -0.039858
v -0.139509 -0.007406 -0.039703
v -0.148761 -0.012210 -0.039437
v -0.139509 -0.014799 -0.039239
v -0.148771 -0.014787 -0.039131
v -0.148831 -0.029495 -0.037383
v -0.139509 -0.022167 -0.038465
v -0.139509 -0.029495 -0.037383
v -0.047351 -0.052551 -0.034000
v -0.111138 -0.028749 -0.034000
v -0.110203 -0.027934 -0.034000
v -0.138649 -0.037052 -0.034000
v -0.134851 -0.036837 -0.034000
v -0.138649 -0.052551 -0.034000
v -0.132955 -0.036614 -0.034000
v -0.129524 -0.035998 -0.034000
v -0.115240 -0.031116 -0.034000
v -0.114836 -0.030924 -0.034000
v -0.112576 -0.029715 -0.034000
v -0.098973 -0.012064 -0.034000
v -0.097889 -0.009199 -0.034000
v -0.096383 0.000245 -0.034000
v -0.047351 0.052551 -0.034000
v -0.096502 -0.002597 -0.034000
v -0.110706 0.028400 -0.034000
v -0.111969 0.029335 -0.034000
v -0.113523 0.030254 -0.034000
v -0.115344 0.031165 -0.034000
v -0.129524 0.035998 -0.034000
v -0.132955 0.036614 -0.034000
v -0.138649 0.052551 -0.034000
v -0.134851 0.036837 -0.034000
v -0.138649 0.037052 -0.034000
v -0.127060 -0.035365 -0.034000
v -0.123995 -0.034428 -0.034000
v -0.118849 -0.032637 -0.034000
v -0.096551 0.003077 -0.034000
v -0.096697 0.004200 -0.034000
v -0.097293 0.007151 -0.034000
v -0.097091 -0.006305 -0.034000
v -0.096912 -0.005454 -0.034000
v -0.098198 0.010098 -0.034000
v -0.099420 0.013066 -0.034000
v -0.099574 0.013393 -0.034000
v -0.101363 0.016737 -0.034000
v -0.103546 0.020082 -0.034000
v -0.106147 0.023460 -0.034000
v -0.107304 -0.024816 -0.034000
v -0.104691 -0.021633 -0.034000
v -0.102390 -0.018386 -0.034000
v -0.118349 0.032443 -0.034000
v -0.122497 0.033939 -0.034000
v -0.127060 0.035365 -0.034000
v -0.101960 -0.017714 -0.034000
v -0.100334 -0.014904 -0.034000
v -0.108772 0.026440 -0.034000
v -0.110203 0.027934 -0.034000
v -0.153009 -0.033512 -0.028405
v -0.153078 -0.036583 -0.026430
v -0.153115 -0.053029 -0.025379
v -0.153120 -0.053114 -0.025236
v -0.153127 -0.053161 -0.025021
v -0.153128 0.053162 -0.025014
v -0.153107 0.040492 -0.025609
v -0.153086 0.037181 -0.026195
v -0.153107 -0.040492 -0.025609
v -0.153107 -0.052552 -0.025609
v -0.153106 -0.039961 -0.025624
v -0.153128 -0.053162 -0.025014
v -0.153127 0.053161 -0.025021
v -0.153124 0.053150 -0.025119
v -0.153107 0.052552 -0.025609
v -0.153123 0.053141 -0.025156
v -0.153108 0.052713 -0.025587
v -0.153027 0.034106 -0.027906
v -0.152932 0.031589 -0.030607
v -0.152907 -0.031129 -0.031333
v -0.152907 0.031129 -0.031333
v -0.152892 -0.030885 -0.031768
v -0.153110 -0.052875 -0.025516
v -0.153114 -0.053004 -0.025408
v -0.153112 0.052944 -0.025466
v -0.153111 0.052914 -0.025489
v -0.153116 0.053057 -0.025342
v -0.153117 0.053076 -0.025310
v -0.153108 0.052768 -0.025569
v -0.153107 -0.052649 -0.025601
v -0.153107 -0.052686 -0.025594
v -0.153110 -0.052843 -0.025535
v -0.152847 0.029988 -0.033055
v -0.152829 0.028829 -0.033579
v -0.152876 0.030658 -0.032212
v -0.152793 0.022035 -0.034589
v -0.152892 0.030885 -0.031768
v -0.152747 0.005075 -0.035923
v -0.152759 -0.011935 -0.035586
v -0.152876 -0.030658 -0.032212
v -0.152829 -0.028829 -0.033579
v -0.152843 -0.029826 -0.033176
v -0.150699 0.040492 -0.029140
v -0.150699 0.052551 -0.029140
v -0.146979 0.039741 -0.030751
v -0.140239 0.052551 -0.033670
v -0.143385 0.038875 -0.032308
v -0.140239 0.037845 -0.033670
v -0.143385 -0.038875 -0.032308
v -0.140239 -0.037845 -0.033670
v -0.140239 -0.052551 -0.033670
v -0.150699 -0.052551 -0.029140
v -0.150699 -0.040492 -0.029140
v -0.146979 -0.039741 -0.030751
v -0.138683 -0.062043 -0.024888
v -0.047317 -0.062043 -0.024888
v -0.047319 -0.062011 -0.025371
v -0.138678 -0.061895 -0.026218
v -0.047325 -0.061785 -0.026733
v -0.047341 -0.059158 -0.031321
v -0.047336 -0.060320 -0.029968
v -0.138665 -0.060615 -0.029522
v -0.138670 -0.061236 -0.028342
v -0.138676 -0.061823 -0.026570
v -0.138670 -0.061258 -0.028301
v -0.047330 -0.061229 -0.028340
v -0.047330 -0.061190 -0.028453
v -0.138660 -0.059512 -0.030965
v -0.138659 -0.059160 -0.031323
v -0.047341 -0.059132 -0.031352
v -0.047344 -0.058314 -0.032053
v -0.138659 -0.059132 -0.031352
v -0.138654 -0.057702 -0.032483
v -0.047347 -0.057165 -0.032804
v -0.047349 -0.056101 -0.033268
v -0.138651 -0.056153 -0.033291
v -0.138651 -0.056116 -0.033302
v -0.047350 -0.055496 -0.033532
v -0.047351 -0.053906 -0.033903
v -0.138649 -0.053040 -0.033987
v -0.138649 -0.054410 -0.033816
v -0.138650 0.055496 -0.033532
v -0.138651 0.056101 -0.033268
v -0.047349 0.056116 -0.033302
v -0.138649 0.053906 -0.033903
v -0.047351 0.053040 -0.033987
v -0.047351 0.054410 -0.033816
v -0.047341 0.059160 -0.031323
v -0.047341 0.059132 -0.031352
v -0.138656 0.058314 -0.032053
v -0.047346 0.057702 -0.032483
v -0.138653 0.057165 -0.032804
v -0.047348 0.056153 -0.033291
v -0.138659 0.059132 -0.031352
v -0.138659 0.059158 -0.031321
v -0.047340 0.059512 -0.030965
v -0.047334 0.060615 -0.029522
v -0.138664 0.060320 -0.029968
v -0.047330 0.061236 -0.028342
v -0.138669 0.061190 -0.028453
v -0.138670 0.061229 -0.028340
v -0.047330 0.061258 -0.028301
v -0.138675 0.061785 -0.026733
v -0.138683 0.062043 -0.024888
v -0.047317 0.062043 -0.024888
v -0.138681 0.062011 -0.025371
v -0.047322 0.061895 -0.026218
v -0.047324 0.061823 -0.026570
v -0.032872 -0.053162 -0.025014
v -0.032872 0.053162 -0.025021
v -0.032893 0.052551 -0.025609
v -0.032893 0.052552 -0.025609
v -0.032893 -0.052552 -0.025609
v -0.032893 0.052649 -0.025601
v -0.032893 0.052686 -0.025594
v -0.032878 0.053134 -0.025181
v -0.032872 -0.053161 -0.025021
v -0.032876 -0.053150 -0.025119
v -0.032877 -0.053141 -0.025156
v -0.032892 -0.052713 -0.025587
v -0.032890 0.052875 -0.025516
v -0.032886 0.053004 -0.025408
v -0.032890 0.052843 -0.025535
v -0.032885 0.053029 -0.025380
v -0.032880 0.053114 -0.025236
v -0.032888 -0.052944 -0.025466
v -0.032889 -0.052914 -0.025489
v -0.032884 -0.053057 -0.025342
v -0.032883 -0.053076 -0.025310
v -0.032892 -0.052768 -0.025569
v -0.150819 0.056782 -0.025082
v -0.141090 0.061333 -0.024918
v -0.140373 0.061667 -0.024907
v -0.140240 0.053859 -0.033576
v -0.150702 0.053353 -0.029033
v -0.140241 0.054284 -0.033477
v -0.150703 0.053664 -0.028991
v -0.140245 0.055389 -0.033218
v -0.150707 0.054047 -0.028867
v -0.140249 0.055950 -0.032973
v -0.150708 0.054128 -0.028823
v -0.140256 0.056998 -0.032514
v -0.150720 0.054839 -0.028436
v -0.140262 0.057502 -0.032182
v -0.150724 0.055065 -0.028313
v -0.140268 0.058103 -0.031787
v -0.150729 0.055268 -0.028154
v -0.140278 0.058882 -0.031116
v -0.150735 0.055464 -0.027938
v -0.140278 0.058890 -0.031110
v -0.150753 0.056007 -0.027339
v -0.140299 0.060016 -0.029790
v -0.150754 0.056049 -0.027292
v -0.140299 0.060029 -0.029774
v -0.150761 0.056187 -0.027077
v -0.140321 0.060861 -0.028314
v -0.140322 0.060875 -0.028273
v -0.150774 0.056378 -0.026627
v -0.140346 0.061427 -0.026658
v -0.150792 0.056639 -0.026009
v -0.140347 0.061433 -0.026622
v -0.150796 0.056671 -0.025876
v -0.150799 0.056699 -0.025759
v -0.140367 0.061639 -0.025349
v -0.141090 -0.061333 -0.024918
v -0.150819 -0.056782 -0.025082
v -0.150797 -0.056607 -0.025861
v -0.140354 -0.061530 -0.026163
v -0.140373 -0.061668 -0.024907
v -0.140349 -0.061463 -0.026501
v -0.140347 -0.061425 -0.026619
v -0.140324 -0.060926 -0.028166
v -0.150776 -0.056450 -0.026559
v -0.140322 -0.060872 -0.028271
v -0.150773 -0.056404 -0.026636
v -0.140305 -0.060312 -0.029344
v -0.150753 -0.055989 -0.027330
v -0.140299 -0.059989 -0.029770
v -0.150746 -0.055855 -0.027555
v -0.140284 -0.059255 -0.030736
v -0.150740 -0.055685 -0.027753
v -0.140278 -0.058890 -0.031110
v -0.150735 -0.055467 -0.027935
v -0.140278 -0.058882 -0.031116
v -0.150720 -0.054846 -0.028454
v -0.140261 -0.057515 -0.032202
v -0.150718 -0.054792 -0.028499
v -0.140261 -0.057514 -0.032203
v -0.150714 -0.054568 -0.028629
v -0.140249 -0.056023 -0.032984
v -0.140249 -0.055964 -0.033002
v -0.150709 -0.054120 -0.028797
v -0.140241 -0.054344 -0.033493
v -0.150702 -0.053483 -0.029036
v -0.140241 -0.054290 -0.033499
v -0.150701 -0.053357 -0.029061
v -0.150701 -0.053229 -0.029085
v -0.140239 -0.053023 -0.033658
v -0.045626 0.061667 -0.024907
v -0.040403 0.059225 -0.024991
v -0.035180 0.056782 -0.025082
v -0.035204 0.056643 -0.025871
v -0.045653 0.061425 -0.026619
v -0.045651 0.061463 -0.026501
v -0.045646 0.061530 -0.026163
v -0.035213 0.056588 -0.026184
v -0.045676 0.060926 -0.028166
v -0.035224 0.056450 -0.026559
v -0.045678 0.060872 -0.028271
v -0.035226 0.056404 -0.026636
v -0.045695 0.060312 -0.029344
v -0.035247 0.055989 -0.027330
v -0.045701 0.059989 -0.029770
v -0.035254 0.055854 -0.027555
v -0.045716 0.059255 -0.030736
v -0.035260 0.055685 -0.027753
v -0.045722 0.058890 -0.031110
v -0.035265 0.055467 -0.027935
v -0.045722 0.058882 -0.031116
v -0.035280 0.054846 -0.028454
v -0.045739 0.057515 -0.032202
v -0.035282 0.054792 -0.028499
v -0.045739 0.057514 -0.032203
v -0.035286 0.054568 -0.028629
v -0.045751 0.056023 -0.032984
v -0.045751 0.055964 -0.033002
v -0.035291 0.054120 -0.028797
v -0.045759 0.054344 -0.033493
v -0.035298 0.053483 -0.029036
v -0.045759 0.054290 -0.033499
v -0.035299 0.053357 -0.029061
v -0.035299 0.053229 -0.029085
v -0.045761 0.053023 -0.033658
v -0.035301 0.052551 -0.029140
v -0.045761 0.052551 -0.033670
v -0.035301 -0.052551 -0.029140
v -0.045761 -0.052551 -0.033670
v -0.045760 -0.053859 -0.033576
v -0.035298 -0.053353 -0.029033
v -0.045759 -0.054284 -0.033477
v -0.035296 -0.053664 -0.028991
v -0.045755 -0.055389 -0.033218
v -0.035293 -0.054047 -0.028867
v -0.045751 -0.055950 -0.032973
v -0.035291 -0.054128 -0.028823
v -0.045744 -0.056998 -0.032514
v -0.035280 -0.054839 -0.028436
v -0.045738 -0.057502 -0.032182
v -0.035276 -0.055065 -0.028313
v -0.045732 -0.058103 -0.031787
v -0.035272 -0.055268 -0.028154
v -0.045722 -0.058882 -0.031116
v -0.035265 -0.055464 -0.027938
v -0.045722 -0.058890 -0.031110
v -0.035247 -0.056007 -0.027339
v -0.045701 -0.060016 -0.029790
v -0.035246 -0.056049 -0.027292
v -0.045701 -0.060029 -0.029774
v -0.035239 -0.056187 -0.027077
v -0.035204 -0.056671 -0.025876
v -0.045653 -0.061433 -0.026622
v -0.035208 -0.056639 -0.026009
v -0.045654 -0.061427 -0.026658
v -0.035226 -0.056378 -0.026627
v -0.045678 -0.060875 -0.028273
v -0.045679 -0.060861 -0.028314
v -0.035200 -0.056699 -0.025759
v -0.035180 -0.056782 -0.025082
v -0.040403 -0.059225 -0.024991
v -0.045633 -0.061639 -0.025349
v -0.045627 -0.061668 -0.024907
v -0.108242 -0.023994 -0.034131
v -0.111142 -0.027011 -0.034146
v -0.120555 -0.028058 -0.035488
v -0.101272 -0.014407 -0.034095
v -0.102899 -0.017124 -0.034103
v -0.128246 -0.014680 -0.038358
v -0.103329 -0.017774 -0.034106
v -0.105630 -0.020914 -0.034118
v -0.128246 -0.028914 -0.036582
v -0.128246 -0.022056 -0.037585
v -0.128246 -0.014725 -0.038355
v -0.098029 -0.006095 -0.034078
v -0.098828 -0.008892 -0.034082
v -0.128246 -0.007369 -0.038818
v -0.099911 -0.011661 -0.034088
v -0.101231 -0.014323 -0.034095
v -0.097851 -0.005271 -0.034077
v -0.128246 0.000000 -0.038972
v -0.097441 -0.002510 -0.034074
v -0.097490 0.002974 -0.034075
v -0.097635 0.004059 -0.034075
v -0.128246 0.007369 -0.038818
v -0.097322 0.000237 -0.034074
v -0.097332 0.000000 -0.034074
v -0.100359 0.012630 -0.034090
v -0.100513 0.012946 -0.034091
v -0.128246 0.014680 -0.038358
v -0.099137 0.009761 -0.034083
v -0.098232 0.006912 -0.034079
v -0.128246 0.022056 -0.037585
v -0.128246 0.028914 -0.036582
v -0.120555 0.028058 -0.035488
v -0.111142 0.027011 -0.034146
v -0.128246 0.014725 -0.038355
v -0.109711 0.025565 -0.034139
v -0.107086 0.022682 -0.034125
v -0.104485 0.019414 -0.034112
v -0.102302 0.016179 -0.034100
v -0.101275 0.014324 -0.034095
v -0.139548 0.061948 -0.024900
v -0.139003 0.062031 -0.024892
v -0.138837 0.037070 -0.033996
v -0.138993 0.037099 -0.033985
v -0.139765 0.037456 -0.033841
v -0.139286 0.037191 -0.033949
v -0.033140 0.056986 0.000000
v -0.034024 0.055946 -0.025084
v -0.033142 0.054563 -0.025064
v -0.033156 0.054636 -0.025066
v -0.033963 0.055902 -0.025084
v -0.032254 0.055594 0.000000
v -0.034049 0.054324 -0.027794
v -0.034052 0.054147 -0.027897
v -0.033194 0.052551 -0.026997
v -0.033235 0.052551 -0.027058
v -0.033239 0.052565 -0.027055
v -0.034946 0.052551 -0.028904
v -0.034119 0.052551 -0.028353
v -0.034077 0.052551 -0.028292
v -0.034064 0.053087 -0.028257
v -0.034062 0.053288 -0.028219
v -0.034030 0.055032 -0.027204
v -0.034000 0.055638 -0.026260
v -0.034025 0.055166 -0.027048
v -0.033991 0.055748 -0.025963
v -0.033222 0.052884 -0.027039
v -0.033221 0.053010 -0.027015
v -0.033215 0.053544 -0.026815
v -0.033213 0.053654 -0.026751
v -0.033200 0.054094 -0.026384
v -0.033197 0.054178 -0.026287
v -0.033181 0.054471 -0.025797
v -0.033174 0.054540 -0.025612
v -0.034126 -0.052551 -0.028342
v -0.034065 -0.052551 -0.028301
v -0.033223 -0.052552 -0.027066
v -0.033207 -0.052552 -0.026994
v -0.034019 -0.055320 -0.026840
v -0.034013 -0.055429 -0.026669
v -0.033129 -0.054566 -0.025063
v -0.033169 -0.054628 -0.025064
v -0.033173 -0.054625 -0.025078
v -0.034735 -0.056466 -0.025084
v -0.034016 -0.055956 -0.025089
v -0.033976 -0.055894 -0.025088
v -0.033980 -0.055836 -0.025626
v -0.033987 -0.055788 -0.025824
v -0.034040 -0.054701 -0.027521
v -0.034058 -0.053735 -0.028085
v -0.034044 -0.054541 -0.027647
v -0.034061 -0.053432 -0.028183
v -0.033167 -0.054594 -0.025402
v -0.033172 -0.054565 -0.025526
v -0.033189 -0.054341 -0.026052
v -0.033193 -0.054273 -0.026158
v -0.033207 -0.053889 -0.026581
v -0.033209 -0.053789 -0.026660
v -0.033219 -0.053288 -0.026932
v -0.033221 -0.053099 -0.026993
v -0.032254 -0.055594 0.000000
v -0.033140 -0.056986 0.000000
v -0.138838 -0.037070 -0.033996
v -0.139038 -0.052551 -0.033981
v -0.139951 -0.037595 -0.033782
v -0.139472 -0.037278 -0.033914
v -0.138993 -0.037099 -0.033985
v -0.139548 -0.061948 -0.024900
v -0.139003 -0.062031 -0.024892
v -0.046998 0.062031 -0.024892
v -0.046451 0.061948 -0.024900
v -0.046126 -0.052551 -0.033808
v -0.046451 -0.061948 -0.024900
v -0.046998 -0.062031 -0.024892
v -0.138633 -0.029492 -0.037379
v -0.133957 -0.029355 -0.037190
v -0.132882 -0.029295 -0.037107
v -0.133860 -0.029349 -0.037182
v -0.133860 -0.022139 -0.038245
v -0.133860 0.022139 -0.038245
v -0.133860 0.029349 -0.037182
v -0.132882 0.029295 -0.037107
v -0.138633 0.029492 -0.037379
v -0.133957 0.029355 -0.037190
v -0.133860 -0.014781 -0.039017
v -0.133860 -0.007397 -0.039482
v -0.133860 0.000000 -0.039636
v -0.128246 0.000000 -0.038972
v -0.133860 0.007397 -0.039482
v -0.133860 0.014781 -0.039017
v -0.120440 0.030040 -0.034793
v -0.119391 0.029789 -0.034721
v -0.116367 0.028966 -0.034512
v -0.114528 0.028397 -0.034384
v -0.112951 0.027836 -0.034274
v -0.111660 0.027281 -0.034183
v -0.128166 0.030675 -0.035802
v -0.123551 0.030784 -0.035007
v -0.128117 0.031763 -0.035320
v -0.140242 0.032977 -0.035601
v -0.139509 0.032929 -0.035648
v -0.139509 0.032276 -0.036113
v -0.141439 0.033115 -0.035461
v -0.148848 0.032293 -0.036118
v -0.142623 0.033317 -0.035239
v -0.148849 0.032510 -0.036020
v -0.145770 0.033853 -0.034531
v -0.148879 0.034251 -0.033831
v -0.139509 0.031354 -0.036771
v -0.130371 0.032187 -0.035444
v -0.132816 0.031144 -0.036492
v -0.133902 0.031207 -0.036575
v -0.133510 0.032604 -0.035572
v -0.132808 0.032511 -0.035543
v -0.138624 0.032900 -0.035665
v -0.135246 0.032756 -0.035619
v -0.133895 0.032638 -0.035582
v -0.139152 0.032914 -0.035662
v -0.138624 0.031350 -0.036766
v -0.138722 0.032904 -0.035666
v -0.128166 -0.030675 -0.035802
v -0.115854 -0.028814 -0.034476
v -0.116262 -0.028936 -0.034504
v -0.112103 -0.027486 -0.034214
v -0.113567 -0.028066 -0.034317
v -0.119892 -0.029916 -0.034755
v -0.120440 -0.030044 -0.034793
v -0.125051 -0.031116 -0.035110
v -0.128117 -0.031763 -0.035320
v -0.139509 -0.032276 -0.036113
v -0.139509 -0.032929 -0.035648
v -0.140708 -0.033022 -0.035556
v -0.141904 -0.033187 -0.035384
v -0.148848 -0.032267 -0.036127
v -0.142623 -0.033317 -0.035239
v -0.145770 -0.033853 -0.034531
v -0.148879 -0.034251 -0.033831
v -0.148845 -0.032087 -0.036335
v -0.139509 -0.031354 -0.036771
v -0.132816 -0.031144 -0.036492
v -0.139155 -0.032914 -0.035662
v -0.138722 -0.032904 -0.035666
v -0.138624 -0.031350 -0.036766
v -0.138624 -0.032900 -0.035665
v -0.135246 -0.032756 -0.035619
v -0.133902 -0.031207 -0.036575
v -0.133895 -0.032638 -0.035582
v -0.133510 -0.032604 -0.035572
v -0.132808 -0.032511 -0.035543
v -0.130372 -0.032187 -0.035444
v -0.150380 0.038443 -0.029624
v -0.150333 0.038261 -0.029739
v -0.147494 0.037681 -0.030980
v -0.147541 0.037493 -0.031001
v -0.149881 0.036505 -0.030852
v -0.149768 0.036216 -0.031184
v -0.148237 0.035905 -0.031869
v -0.148378 0.035585 -0.032043
v -0.149247 0.034878 -0.032722
v -0.149091 0.034574 -0.033219
v -0.144001 0.036893 -0.032434
v -0.148986 0.034408 -0.033522
v -0.144829 0.035149 -0.033205
v -0.141717 0.034566 -0.034234
v -0.141307 0.035345 -0.033964
v -0.140896 0.036124 -0.033694
v -0.139231 0.034848 -0.034408
v -0.139724 0.034908 -0.034348
v -0.140521 0.035076 -0.034172
v -0.138985 0.034829 -0.034425
v -0.138688 0.034817 -0.034432
v -0.127620 0.033456 -0.034339
v -0.129976 0.033966 -0.034373
v -0.133253 0.034463 -0.034407
v -0.135063 0.034643 -0.034419
v -0.123048 0.032291 -0.034257
v -0.110675 0.027470 -0.034037
v -0.111187 0.027836 -0.034046
v -0.112466 0.028576 -0.034069
v -0.114034 0.029310 -0.034097
v -0.115867 0.030041 -0.034129
v -0.118886 0.031074 -0.034183
v -0.110673 -0.027473 -0.034073
v -0.127620 -0.033456 -0.034339
v -0.124549 -0.032690 -0.034284
v -0.119388 -0.031232 -0.034192
v -0.115762 -0.030002 -0.034127
v -0.115355 -0.029847 -0.034120
v -0.113078 -0.028879 -0.034080
v -0.111625 -0.028112 -0.034054
v -0.129976 -0.033966 -0.034373
v -0.133253 -0.034463 -0.034407
v -0.135063 -0.034643 -0.034419
v -0.138688 -0.034817 -0.034432
v -0.138987 -0.034829 -0.034425
v -0.139231 -0.034848 -0.034408
v -0.141733 -0.034652 -0.034345
v -0.140942 -0.036155 -0.033825
v -0.140826 -0.035162 -0.034078
v -0.141291 -0.035315 -0.033901
v -0.140036 -0.034963 -0.034291
v -0.148237 -0.035905 -0.031869
v -0.148378 -0.035585 -0.032043
v -0.144829 -0.035149 -0.033205
v -0.149091 -0.034574 -0.033219
v -0.148986 -0.034408 -0.033522
v -0.147541 -0.037493 -0.031001
v -0.144001 -0.036893 -0.032434
v -0.147494 -0.037681 -0.030980
v -0.149755 -0.036125 -0.031201
v -0.149773 -0.036189 -0.031155
v -0.150300 -0.038070 -0.029798
v -0.150332 -0.038254 -0.029742
v -0.150661 -0.040166 -0.029165
v -0.151255 -0.056501 -0.025083
v -0.152853 -0.056993 0.000000
v -0.151735 -0.056191 -0.025083
v -0.153750 -0.055585 0.000000
v -0.153004 -0.054145 -0.025048
v -0.152833 -0.054538 -0.025057
v -0.152800 -0.054617 -0.025059
v -0.152502 -0.055304 -0.025076
v -0.152007 -0.055876 -0.025081
v -0.151951 -0.055941 -0.025081
v -0.151951 -0.054324 -0.027794
v -0.151948 -0.054147 -0.027897
v -0.151747 -0.052552 -0.028477
v -0.152542 -0.052552 -0.027523
v -0.151911 -0.052552 -0.028280
v -0.151936 -0.053087 -0.028257
v -0.151863 -0.052552 -0.028338
v -0.152787 -0.054603 -0.025102
v -0.151999 -0.055862 -0.025116
v -0.152000 -0.055638 -0.026260
v -0.152778 -0.052884 -0.027039
v -0.152733 -0.052552 -0.027049
v -0.153006 -0.052552 -0.026372
v -0.152761 -0.052552 -0.026979
v -0.151938 -0.053288 -0.028219
v -0.151970 -0.055032 -0.027204
v -0.151975 -0.055166 -0.027047
v -0.152779 -0.053010 -0.027015
v -0.152785 -0.053544 -0.026815
v -0.152787 -0.053654 -0.026751
v -0.152800 -0.054094 -0.026384
v -0.152803 -0.054178 -0.026287
v -0.152819 -0.054471 -0.025797
v -0.151874 -0.040492 -0.028342
v -0.152793 -0.040492 -0.026994
v -0.151935 -0.040492 -0.028301
v -0.152777 -0.040492 -0.027066
v -0.151916 -0.040116 -0.028330
v -0.152771 -0.040044 -0.027091
v -0.151716 -0.037736 -0.029070
v -0.152696 -0.037212 -0.027881
v -0.151399 -0.035615 -0.030690
v -0.152561 -0.034681 -0.029691
v -0.150992 -0.034043 -0.032974
v -0.152379 -0.032792 -0.032289
v -0.150927 -0.033891 -0.033312
v -0.152350 -0.032608 -0.032674
v -0.150860 -0.033751 -0.033655
v -0.152321 -0.032439 -0.033064
v -0.152269 -0.030938 -0.034779
v -0.152248 -0.029155 -0.035493
v -0.150811 -0.031763 -0.035931
v -0.150791 -0.029398 -0.036879
v -0.150791 0.029398 -0.036879
v -0.152248 0.029155 -0.035493
v -0.150756 0.022471 -0.037909
v -0.152213 0.022285 -0.036514
v -0.150709 0.005175 -0.039270
v -0.150721 -0.012170 -0.038925
v -0.152166 0.005132 -0.037863
v -0.152178 -0.012070 -0.037522
v -0.152276 0.031229 -0.034563
v -0.152321 0.032439 -0.033064
v -0.150817 0.032149 -0.035645
v -0.150860 0.033751 -0.033655
v -0.150927 0.033891 -0.033312
v -0.152350 0.032608 -0.032674
v -0.150992 0.034043 -0.032974
v -0.152379 0.032792 -0.032289
v -0.152423 0.033147 -0.031652
v -0.151090 0.034337 -0.032418
v -0.151473 0.036019 -0.030289
v -0.152594 0.035165 -0.029240
v -0.152715 0.037710 -0.027660
v -0.151761 0.038155 -0.028867
v -0.152793 0.040492 -0.026994
v -0.152777 0.040492 -0.027066
v -0.151935 0.040492 -0.028301
v -0.151874 0.040492 -0.028342
v -0.151874 0.052551 -0.028342
v -0.151935 0.052551 -0.028301
v -0.152777 0.052552 -0.027066
v -0.152793 0.052552 -0.026994
v -0.151981 0.055320 -0.026840
v -0.151987 0.055429 -0.026669
v -0.152871 0.054566 -0.025063
v -0.152831 0.054628 -0.025064
v -0.152827 0.054625 -0.025078
v -0.151265 0.056466 -0.025084
v -0.151984 0.055956 -0.025089
v -0.152024 0.055894 -0.025088
v -0.152020 0.055836 -0.025626
v -0.152013 0.055788 -0.025824
v -0.151960 0.054701 -0.027521
v -0.151942 0.053735 -0.028085
v -0.151956 0.054541 -0.027647
v -0.151939 0.053432 -0.028183
v -0.152833 0.054594 -0.025402
v -0.152828 0.054565 -0.025526
v -0.152811 0.054341 -0.026052
v -0.152807 0.054273 -0.026158
v -0.152793 0.053889 -0.026581
v -0.152790 0.053789 -0.026660
v -0.152781 0.053288 -0.026932
v -0.152779 0.053099 -0.026993
v -0.153746 0.055594 0.000000
v -0.152860 0.056986 0.000000
v -0.139509 0.029162 -0.035411
v -0.148831 0.029162 -0.035411
v -0.139509 0.021916 -0.036481
v -0.148797 0.022582 -0.036395
v -0.139509 0.014632 -0.037246
v -0.148775 0.014615 -0.037033
v -0.139509 0.007322 -0.037705
v -0.148749 0.005330 -0.037777
v -0.139509 0.000000 -0.037858
v -0.148753 0.000003 -0.037676
v -0.139509 -0.007322 -0.037705
v -0.148761 -0.011975 -0.037448
v -0.139509 -0.014632 -0.037246
v -0.148771 -0.014619 -0.037135
v -0.139509 -0.021916 -0.036481
v -0.148831 -0.029162 -0.035411
v -0.139509 -0.029162 -0.035411
v -0.127060 -0.035365 -0.032000
v -0.129587 -0.036012 -0.032000
v -0.138649 -0.052551 -0.032000
v -0.115344 0.031165 -0.032000
v -0.113552 0.030270 -0.032000
v -0.047351 0.052551 -0.032000
v -0.111062 -0.028690 -0.032000
v -0.112363 -0.029585 -0.032000
v -0.047351 -0.052551 -0.032000
v -0.114441 -0.030730 -0.032000
v -0.132955 -0.036614 -0.032000
v -0.134918 -0.036843 -0.032000
v -0.138649 -0.037052 -0.032000
v -0.132955 0.036614 -0.032000
v -0.138649 0.052551 -0.032000
v -0.134918 0.036843 -0.032000
v -0.138649 0.037052 -0.032000
v -0.118404 0.032465 -0.032000
v -0.097273 0.007071 -0.032000
v -0.096697 0.004200 -0.032000
v -0.096526 0.002844 -0.032000
v -0.096382 0.000092 -0.032000
v -0.115240 -0.031116 -0.032000
v -0.118748 -0.032598 -0.032000
v -0.123786 -0.034361 -0.032000
v -0.103448 0.019943 -0.032000
v -0.101320 0.016664 -0.032000
v -0.099574 0.013393 -0.032000
v -0.096510 -0.002673 -0.032000
v -0.096912 -0.005454 -0.032000
v -0.097146 -0.006550 -0.032000
v -0.097946 -0.009371 -0.032000
v -0.099019 -0.012172 -0.032000
v -0.100361 -0.014955 -0.032000
v -0.099313 0.012832 -0.032000
v -0.098142 0.009940 -0.032000
v -0.129586 0.036012 -0.032000
v -0.127060 0.035365 -0.032000
v -0.122525 0.033949 -0.032000
v -0.112031 0.029375 -0.032000
v -0.110796 0.028476 -0.032000
v -0.110203 0.027934 -0.032000
v -0.104750 -0.021710 -0.032000
v -0.107336 -0.024852 -0.032000
v -0.110203 -0.027934 -0.032000
v -0.108772 0.026440 -0.032000
v -0.105983 0.023260 -0.032000
v -0.101960 -0.017714 -0.032000
v -0.102473 -0.018512 -0.032000
v -0.151084 0.036907 -0.026227
v -0.151108 0.040492 -0.025539
v -0.151129 0.053162 -0.024944
v -0.151108 0.052552 -0.025539
v -0.151110 0.052768 -0.025500
v -0.151113 0.052944 -0.025396
v -0.151129 -0.053162 -0.024952
v -0.151121 -0.053114 -0.025166
v -0.151115 -0.053004 -0.025339
v -0.151129 0.053162 -0.024952
v -0.151125 0.053150 -0.025049
v -0.151119 0.053076 -0.025241
v -0.150893 -0.030885 -0.031699
v -0.150908 0.031129 -0.031263
v -0.150908 -0.031129 -0.031263
v -0.151015 0.033644 -0.028218
v -0.151016 -0.033698 -0.028171
v -0.151086 -0.037031 -0.026180
v -0.151108 -0.040492 -0.025539
v -0.151129 -0.053162 -0.024944
v -0.151108 -0.052552 -0.025539
v -0.151108 -0.052649 -0.025531
v -0.151111 -0.052843 -0.025465
v -0.150760 -0.011838 -0.035523
v -0.150748 0.005269 -0.035848
v -0.150893 0.030885 -0.031699
v -0.150796 0.022324 -0.034482
v -0.150878 0.030658 -0.032143
v -0.150830 0.028829 -0.033509
v -0.150849 0.030005 -0.032971
v -0.150844 -0.029807 -0.033118
v -0.150830 -0.028829 -0.033509
v -0.150878 -0.030658 -0.032143
v -0.142591 0.038875 -0.030472
v -0.139444 0.037845 -0.031835
v -0.139444 0.052551 -0.031835
v -0.149904 0.052551 -0.027305
v -0.149904 0.040492 -0.027305
v -0.146184 0.039741 -0.028916
v -0.149904 -0.040492 -0.027305
v -0.149904 -0.052551 -0.027305
v -0.146184 -0.039741 -0.028916
v -0.139444 -0.052551 -0.031835
v -0.142591 -0.038875 -0.030472
v -0.139444 -0.037845 -0.031835
v -0.047317 -0.060045 -0.024807
v -0.138683 -0.060045 -0.024807
v -0.138665 -0.058918 -0.028465
v -0.138669 -0.059352 -0.027663
v -0.047330 -0.059385 -0.027580
v -0.138670 -0.059380 -0.027579
v -0.047324 -0.059881 -0.026088
v -0.138676 -0.059871 -0.026134
v -0.047319 -0.060020 -0.025188
v -0.047330 -0.059371 -0.027621
v -0.047335 -0.058786 -0.028669
v -0.138659 -0.057922 -0.029735
v -0.047341 -0.057747 -0.029909
v -0.138659 -0.057747 -0.029909
v -0.138659 -0.057745 -0.029911
v -0.138651 -0.055349 -0.031453
v -0.138651 -0.055395 -0.031440
v -0.047346 -0.056350 -0.030967
v -0.138654 -0.056465 -0.030898
v -0.047344 -0.057101 -0.030463
v -0.047341 -0.057745 -0.029911
v -0.047349 -0.055335 -0.031424
v -0.047350 -0.054876 -0.031631
v -0.138649 -0.053842 -0.031888
v -0.047351 -0.053859 -0.031885
v -0.138649 -0.052937 -0.031990
v -0.138654 0.056350 -0.030967
v -0.138651 0.055335 -0.031424
v -0.047349 0.055349 -0.031453
v -0.138650 0.054876 -0.031631
v -0.047351 0.053842 -0.031888
v -0.138649 0.053859 -0.031885
v -0.047351 0.052937 -0.031990
v -0.047348 0.055395 -0.031440
v -0.047346 0.056465 -0.030898
v -0.138656 0.057101 -0.030463
v -0.047341 0.057745 -0.029911
v -0.138659 0.057745 -0.029911
v -0.138659 0.057747 -0.029909
v -0.138670 0.059385 -0.027580
v -0.138669 0.059371 -0.027621
v -0.047334 0.058918 -0.028465
v -0.138664 0.058786 -0.028669
v -0.047341 0.057922 -0.029735
v -0.047341 0.057747 -0.029909
v -0.047331 0.059352 -0.027663
v -0.047330 0.059380 -0.027579
v -0.138676 0.059881 -0.026088
v -0.047324 0.059871 -0.026134
v -0.138681 0.060020 -0.025188
v -0.047317 0.060045 -0.024807
v -0.138683 0.060045 -0.024807
v -0.034871 -0.053162 -0.024944
v -0.034871 0.053162 -0.024952
v -0.034871 -0.053162 -0.024952
v -0.034889 0.052843 -0.025465
v -0.034892 0.052649 -0.025531
v -0.034885 0.053004 -0.025339
v -0.034879 0.053114 -0.025166
v -0.034892 -0.052552 -0.025539
v -0.034890 -0.052768 -0.025500
v -0.034887 -0.052944 -0.025396
v -0.034892 0.052552 -0.025539
v -0.034892 0.052551 -0.025539
v -0.034875 -0.053150 -0.025049
v -0.034881 -0.053076 -0.025241
v -0.139528 0.059857 -0.024814
v -0.149975 0.054972 -0.024978
v -0.149909 0.053407 -0.027148
v -0.139445 0.053829 -0.031723
v -0.139448 0.054823 -0.031474
v -0.149910 0.053453 -0.027122
v -0.139450 0.055269 -0.031272
v -0.139456 0.056263 -0.030823
v -0.149921 0.054106 -0.026740
v -0.139462 0.056996 -0.030330
v -0.149925 0.054214 -0.026614
v -0.139468 0.057619 -0.029794
v -0.139468 0.057625 -0.029788
v -0.149940 0.054632 -0.026124
v -0.139524 0.059834 -0.025176
v -0.149963 0.054924 -0.025369
v -0.139483 0.058638 -0.028575
v -0.139495 0.059207 -0.027551
v -0.149948 0.054733 -0.025864
v -0.139496 0.059218 -0.027519
v -0.139513 0.059701 -0.026054
v -0.139496 -0.059213 -0.027517
v -0.149948 -0.054754 -0.025870
v -0.139512 -0.059691 -0.026100
v -0.149949 -0.054782 -0.025828
v -0.139528 -0.059857 -0.024814
v -0.149975 -0.054972 -0.024978
v -0.149928 -0.054345 -0.026511
v -0.139468 -0.057625 -0.029788
v -0.149925 -0.054217 -0.026611
v -0.139468 -0.057619 -0.029793
v -0.149913 -0.053706 -0.027012
v -0.139495 -0.059188 -0.027593
v -0.139485 -0.058766 -0.028376
v -0.139470 -0.057797 -0.029618
v -0.139444 -0.052929 -0.031825
v -0.149905 -0.052939 -0.027274
v -0.139457 -0.056375 -0.030756
v -0.139450 -0.055330 -0.031287
v -0.149910 -0.053447 -0.027100
v -0.139450 -0.055282 -0.031301
v -0.139445 -0.053813 -0.031726
v -0.036025 0.054972 -0.024978
v -0.046472 0.059857 -0.024814
v -0.046504 0.059213 -0.027517
v -0.036052 0.054754 -0.025870
v -0.046488 0.059691 -0.026100
v -0.036051 0.054782 -0.025828
v -0.036072 0.054345 -0.026511
v -0.046532 0.057625 -0.029788
v -0.036075 0.054217 -0.026611
v -0.046532 0.057619 -0.029793
v -0.036087 0.053706 -0.027012
v -0.046505 0.059188 -0.027593
v -0.046515 0.058766 -0.028376
v -0.046530 0.057797 -0.029618
v -0.046556 0.052551 -0.031835
v -0.036096 0.052551 -0.027305
v -0.046556 0.052929 -0.031825
v -0.036095 0.052939 -0.027274
v -0.046543 0.056375 -0.030756
v -0.046550 0.055330 -0.031287
v -0.036090 0.053447 -0.027100
v -0.046550 0.055282 -0.031301
v -0.046555 0.053813 -0.031726
v -0.046556 -0.052551 -0.031835
v -0.036096 -0.052551 -0.027305
v -0.036091 -0.053407 -0.027148
v -0.046555 -0.053829 -0.031723
v -0.046552 -0.054823 -0.031474
v -0.036090 -0.053453 -0.027122
v -0.046550 -0.055269 -0.031272
v -0.046544 -0.056263 -0.030823
v -0.036079 -0.054106 -0.026740
v -0.046538 -0.056996 -0.030330
v -0.036075 -0.054214 -0.026614
v -0.046532 -0.057619 -0.029794
v -0.046532 -0.057625 -0.029788
v -0.036060 -0.054632 -0.026124
v -0.046472 -0.059857 -0.024814
v -0.036025 -0.054972 -0.024978
v -0.046476 -0.059834 -0.025176
v -0.036037 -0.054924 -0.025369
v -0.046517 -0.058638 -0.028575
v -0.046505 -0.059207 -0.027551
v -0.036052 -0.054733 -0.025864
v -0.046504 -0.059218 -0.027519
v -0.046487 -0.059701 -0.026054
v -0.099198 -0.008954 -0.032109
v -0.098398 -0.006258 -0.032104
v -0.128559 -0.007286 -0.036844
v -0.110024 0.025274 -0.032185
v -0.111455 0.026704 -0.032195
v -0.120868 0.027741 -0.033539
v -0.104699 0.019059 -0.032148
v -0.107234 0.022231 -0.032166
v -0.128559 0.014515 -0.036390
v -0.102572 0.015924 -0.032133
v -0.128559 0.028590 -0.034634
v -0.128559 0.021808 -0.035626
v -0.128559 0.014560 -0.036387
v -0.128559 0.007286 -0.036844
v -0.098524 0.006756 -0.032105
v -0.099393 0.009497 -0.032111
v -0.100564 0.012261 -0.032119
v -0.100826 0.012797 -0.032121
v -0.101586 0.014160 -0.032126
v -0.097948 0.004012 -0.032101
v -0.128559 0.000000 -0.036996
v -0.097778 0.002718 -0.032099
v -0.097761 -0.002553 -0.032099
v -0.097638 0.000000 -0.032098
v -0.097634 0.000088 -0.032098
v -0.098164 -0.005211 -0.032102
v -0.128559 -0.021808 -0.035626
v -0.128559 -0.028590 -0.034634
v -0.120868 -0.027741 -0.033539
v -0.128559 -0.014560 -0.036387
v -0.128559 -0.014515 -0.036390
v -0.111455 -0.026704 -0.032195
v -0.108587 -0.023755 -0.032175
v -0.106002 -0.020749 -0.032157
v -0.103725 -0.017691 -0.032141
v -0.103212 -0.016928 -0.032138
v -0.101612 -0.014290 -0.032126
v -0.101546 -0.014159 -0.032126
v -0.100271 -0.011630 -0.032117
v -0.138743 0.037070 -0.031998
v -0.139221 0.037476 -0.031916
v -0.138996 0.037216 -0.031970
v -0.138821 0.037099 -0.031993
v -0.034942 0.053685 -0.024969
v -0.034129 0.054892 0.000000
v -0.035424 0.054522 -0.024983
v -0.035371 0.054482 -0.024983
v -0.035461 0.054550 -0.024982
v -0.035047 0.053881 -0.024972
v -0.035031 0.053851 -0.024972
v -0.034577 0.055591 0.000000
v -0.035413 0.052551 -0.026817
v -0.035089 0.052551 -0.026250
v -0.035093 0.052581 -0.026246
v -0.035072 0.052551 -0.026221
v -0.034979 0.052551 -0.026057
v -0.035526 0.052551 -0.026898
v -0.035488 0.052551 -0.026871
v -0.035491 0.052567 -0.026867
v -0.035477 0.052868 -0.026860
v -0.035470 0.053495 -0.026646
v -0.035457 0.054018 -0.026237
v -0.035056 0.052767 -0.026251
v -0.035051 0.053193 -0.026105
v -0.035042 0.053549 -0.025827
v -0.035029 0.053793 -0.025446
v -0.035439 0.054376 -0.025678
v -0.034979 -0.052552 -0.026057
v -0.035072 -0.052552 -0.026221
v -0.035089 -0.052552 -0.026250
v -0.035413 -0.052552 -0.026817
v -0.035488 -0.052552 -0.026871
v -0.035526 -0.052552 -0.026898
v -0.035373 -0.054485 -0.024981
v -0.035048 -0.053880 -0.024967
v -0.035053 -0.053876 -0.025000
v -0.035030 -0.053847 -0.024967
v -0.034940 -0.053679 -0.024963
v -0.035454 -0.054545 -0.024981
v -0.035424 -0.054522 -0.024981
v -0.035427 -0.054519 -0.024992
v -0.035427 -0.054493 -0.025303
v -0.035447 -0.054253 -0.025920
v -0.035463 -0.053823 -0.026424
v -0.035020 -0.053872 -0.025191
v -0.035035 -0.053709 -0.025611
v -0.035046 -0.053416 -0.025954
v -0.035054 -0.053028 -0.026181
v -0.035474 -0.053251 -0.026757
v -0.034127 -0.054888 0.000000
v -0.034570 -0.055584 0.000000
v -0.138744 -0.037070 -0.031998
v -0.138821 -0.037099 -0.031993
v -0.139268 -0.037545 -0.031902
v -0.139045 -0.037262 -0.031960
v -0.138729 0.029159 -0.035408
v -0.134112 0.029023 -0.035223
v -0.133137 0.028969 -0.035149
v -0.134017 0.029018 -0.035216
v -0.134017 0.021889 -0.036266
v -0.134017 -0.021889 -0.036266
v -0.134017 -0.029018 -0.035216
v -0.133137 -0.028969 -0.035149
v -0.138729 -0.029159 -0.035408
v -0.134112 -0.029023 -0.035223
v -0.134017 0.014614 -0.037031
v -0.134017 0.007313 -0.037489
v -0.134017 0.000000 -0.037643
v -0.128559 0.000000 -0.036996
v -0.134017 -0.007313 -0.037489
v -0.134017 -0.014614 -0.037031
v -0.123930 0.029737 -0.033345
v -0.128470 0.030562 -0.033759
v -0.128482 0.029858 -0.034205
v -0.120788 0.029114 -0.033057
v -0.114892 0.027785 -0.032515
v -0.116708 0.028234 -0.032682
v -0.119793 0.028916 -0.032966
v -0.112072 0.026942 -0.032253
v -0.113342 0.027355 -0.032371
v -0.139509 0.031087 -0.034532
v -0.148848 0.031095 -0.034527
v -0.139509 0.030449 -0.034987
v -0.139509 0.031539 -0.034210
v -0.140384 0.031581 -0.034169
v -0.141508 0.031675 -0.034073
v -0.142623 0.031808 -0.033927
v -0.148850 0.031279 -0.034443
v -0.145770 0.032179 -0.033436
v -0.148879 0.032454 -0.032952
v -0.133092 0.030249 -0.034724
v -0.139163 0.031528 -0.034219
v -0.138746 0.031521 -0.034221
v -0.138724 0.030446 -0.034983
v -0.138723 0.031520 -0.034221
v -0.135437 0.031399 -0.034161
v -0.134073 0.030306 -0.034798
v -0.134069 0.031295 -0.034109
v -0.133696 0.031267 -0.034096
v -0.133088 0.031197 -0.034062
v -0.130710 0.030924 -0.033929
v -0.120788 -0.029115 -0.033057
v -0.120139 -0.028988 -0.032998
v -0.116602 -0.028209 -0.032672
v -0.115794 -0.028014 -0.032598
v -0.113681 -0.027454 -0.032402
v -0.112346 -0.027038 -0.032278
v -0.128482 -0.029858 -0.034205
v -0.125194 -0.029974 -0.033460
v -0.128470 -0.030562 -0.033759
v -0.140628 -0.031598 -0.034152
v -0.139509 -0.031539 -0.034210
v -0.139509 -0.031087 -0.034532
v -0.141745 -0.031700 -0.034047
v -0.142623 -0.031808 -0.033927
v -0.148848 -0.031074 -0.034536
v -0.145770 -0.032179 -0.033436
v -0.148879 -0.032454 -0.032952
v -0.139509 -0.030449 -0.034987
v -0.148845 -0.030924 -0.034708
v -0.139166 -0.031529 -0.034219
v -0.130710 -0.030924 -0.033930
v -0.133092 -0.030249 -0.034724
v -0.134073 -0.030306 -0.034798
v -0.133696 -0.031267 -0.034096
v -0.133088 -0.031197 -0.034062
v -0.138723 -0.031520 -0.034221
v -0.135437 -0.031399 -0.034161
v -0.134069 -0.031295 -0.034109
v -0.138724 -0.030446 -0.034983
v -0.138746 -0.031521 -0.034221
v -0.149000 0.032852 -0.032206
v -0.148049 0.034199 -0.030639
v -0.149394 0.034898 -0.029669
v -0.147862 0.034626 -0.030406
v -0.149400 0.034927 -0.029634
v -0.146933 0.036744 -0.029249
v -0.149712 0.037565 -0.027945
v -0.146871 0.036995 -0.029221
v -0.149715 0.037589 -0.027929
v -0.148940 0.032647 -0.032575
v -0.144515 0.033907 -0.031669
v -0.141437 0.033588 -0.032735
v -0.143411 0.036233 -0.030640
v -0.140847 0.034472 -0.032143
v -0.140381 0.035592 -0.032041
v -0.140253 0.034292 -0.032351
v -0.139138 0.034098 -0.032556
v -0.139631 0.034159 -0.032494
v -0.138940 0.034082 -0.032570
v -0.138701 0.034072 -0.032576
v -0.127807 0.032820 -0.032453
v -0.130185 0.033299 -0.032498
v -0.133352 0.033746 -0.032542
v -0.135197 0.033916 -0.032560
v -0.110829 0.027319 -0.032097
v -0.111439 0.027703 -0.032063
v -0.112694 0.028353 -0.032093
v -0.114233 0.029007 -0.032130
v -0.116041 0.029667 -0.032172
v -0.119121 0.030634 -0.032245
v -0.123259 0.031749 -0.032344
v -0.110833 -0.027315 -0.032049
v -0.127807 -0.032820 -0.032453
v -0.124524 -0.032060 -0.032374
v -0.119466 -0.030734 -0.032253
v -0.115936 -0.029631 -0.032170
v -0.115131 -0.029346 -0.032151
v -0.113030 -0.028506 -0.032101
v -0.111710 -0.027857 -0.032070
v -0.130186 -0.033299 -0.032498
v -0.133352 -0.033746 -0.032542
v -0.135197 -0.033916 -0.032560
v -0.138701 -0.034072 -0.032576
v -0.138942 -0.034082 -0.032570
v -0.139138 -0.034098 -0.032556
v -0.140321 -0.035551 -0.031866
v -0.141415 -0.033473 -0.032586
v -0.140381 -0.034327 -0.032313
v -0.140868 -0.034512 -0.032226
v -0.139767 -0.034183 -0.032469
v -0.144515 -0.033907 -0.031669
v -0.148940 -0.032647 -0.032575
v -0.143411 -0.036233 -0.030640
v -0.146933 -0.036744 -0.029249
v -0.146871 -0.036995 -0.029221
v -0.147862 -0.034626 -0.030406
v -0.148049 -0.034199 -0.030639
v -0.149000 -0.032852 -0.032206
v -0.149394 -0.034905 -0.029676
v -0.149724 -0.037690 -0.027888
v -0.149710 -0.037572 -0.027962
v -0.149407 -0.034972 -0.029594
v -0.151002 -0.053859 -0.024968
v -0.151874 -0.054884 0.000000
v -0.150980 -0.053895 -0.024969
v -0.151426 -0.055588 0.000000
v -0.150554 -0.054563 -0.024982
v -0.150576 -0.054528 -0.024981
v -0.150492 -0.052552 -0.026906
v -0.150522 -0.052552 -0.026885
v -0.150523 -0.052868 -0.026860
v -0.150951 -0.052552 -0.026232
v -0.150977 -0.053891 -0.024978
v -0.150944 -0.052767 -0.026251
v -0.150943 -0.052552 -0.026268
v -0.150530 -0.053495 -0.026646
v -0.150543 -0.054018 -0.026237
v -0.150949 -0.053193 -0.026105
v -0.150958 -0.053549 -0.025827
v -0.150971 -0.053793 -0.025446
v -0.150561 -0.054376 -0.025678
v -0.150574 -0.054524 -0.024989
v -0.150492 -0.040492 -0.026906
v -0.150522 -0.040492 -0.026885
v -0.150943 -0.040492 -0.026268
v -0.150951 -0.040492 -0.026232
v -0.149951 -0.032586 -0.032084
v -0.150220 -0.034720 -0.029330
v -0.150419 -0.037540 -0.027513
v -0.150899 -0.037308 -0.026911
v -0.150795 -0.034266 -0.028822
v -0.150644 -0.031961 -0.031741
v -0.150622 -0.031746 -0.032151
v -0.149911 -0.032388 -0.032471
v -0.150600 -0.031548 -0.032569
v -0.149869 -0.032204 -0.032864
v -0.149828 -0.030764 -0.034504
v -0.149811 -0.029113 -0.035159
v -0.150557 -0.030357 -0.033925
v -0.150540 -0.028992 -0.034466
v -0.150540 0.028992 -0.034466
v -0.149811 0.029113 -0.035159
v -0.150506 0.022450 -0.035444
v -0.149777 0.022544 -0.036141
v -0.149729 0.005321 -0.037521
v -0.149741 -0.011955 -0.037192
v -0.150458 0.005299 -0.036818
v -0.150469 -0.011905 -0.036491
v -0.149834 0.031097 -0.034257
v -0.149869 0.032204 -0.032864
v -0.150563 0.030632 -0.033720
v -0.150600 0.031548 -0.032569
v -0.150622 0.031746 -0.032151
v -0.149911 0.032388 -0.032471
v -0.150644 0.031961 -0.031741
v -0.149951 0.032586 -0.032084
v -0.150413 0.037435 -0.027557
v -0.150896 0.037194 -0.026957
v -0.150792 0.034216 -0.028867
v -0.150216 0.034674 -0.029373
v -0.150484 0.040492 -0.026911
v -0.150522 0.040492 -0.026885
v -0.150943 0.040492 -0.026268
v -0.150950 0.040492 -0.026236
v -0.151021 0.052552 -0.026057
v -0.150474 0.052552 -0.026898
v -0.150512 0.052552 -0.026871
v -0.150587 0.052552 -0.026817
v -0.150911 0.052552 -0.026250
v -0.150928 0.052552 -0.026221
v -0.150627 0.054485 -0.024981
v -0.150952 0.053880 -0.024967
v -0.150947 0.053876 -0.025000
v -0.150970 0.053847 -0.024967
v -0.151060 0.053679 -0.024963
v -0.150546 0.054545 -0.024981
v -0.150576 0.054522 -0.024981
v -0.150573 0.054519 -0.024992
v -0.150573 0.054493 -0.025303
v -0.150553 0.054253 -0.025920
v -0.150537 0.053823 -0.026424
v -0.150980 0.053872 -0.025191
v -0.150965 0.053709 -0.025611
v -0.150954 0.053416 -0.025954
v -0.150946 0.053028 -0.026181
v -0.150526 0.053251 -0.026757
v -0.151873 0.054888 0.000000
v -0.151430 0.055584 0.000000
v -0.142502 0.024699 0.038207
v -0.140044 0.013303 0.039271
v -0.140044 0.048162 0.039271
v -0.150503 0.048162 0.034743
v -0.150503 0.044767 0.034743
v -0.146435 0.036031 0.036504
v -0.046451 0.061063 0.000000
v -0.046449 0.063064 0.000000
v -0.045605 0.060875 0.000000
v -0.044757 0.062689 0.000000
v -0.035153 0.055999 0.000000
v -0.034305 0.057813 0.000000
v -0.034577 0.055593 0.000000
v -0.033140 0.056987 0.000000
v -0.034129 0.054894 0.000000
v -0.032254 0.055595 0.000000
v -0.034000 0.054188 0.000000
v -0.031999 0.054190 0.000000
v -0.034000 -0.054188 0.000000
v -0.031999 -0.054190 0.000000
v -0.034127 -0.054890 0.000000
v -0.032254 -0.055595 0.000000
v -0.034571 -0.055586 0.000000
v -0.033140 -0.056987 0.000000
v -0.035153 -0.055999 0.000000
v -0.034305 -0.057813 0.000000
v -0.045605 -0.060875 0.000000
v -0.044757 -0.062689 0.000000
v -0.046451 -0.061063 0.000000
v -0.046449 -0.063064 0.000000
v -0.139552 -0.063064 0.000000
v -0.140395 -0.060875 0.000000
v -0.141243 -0.062689 0.000000
v -0.150847 -0.055999 0.000000
v -0.151695 -0.057813 0.000000
v -0.151429 -0.055586 0.000000
v -0.152860 -0.056987 0.000000
v -0.151873 -0.054890 0.000000
v -0.153746 -0.055595 0.000000
v -0.152000 -0.054188 0.000000
v -0.154001 -0.054190 0.000000
v -0.152000 0.054188 0.000000
v -0.154001 0.054190 0.000000
v -0.151871 0.054894 0.000000
v -0.153746 0.055595 0.000000
v -0.151423 0.055593 0.000000
v -0.152860 0.056987 0.000000
v -0.150847 0.055999 0.000000
v -0.151695 0.057813 0.000000
v -0.140395 0.060875 0.000000
v -0.141243 0.062689 0.000000
v -0.139552 0.063064 0.000000
v -0.138627 -0.062086 0.027053
v -0.138641 -0.062153 0.026087
v -0.047359 -0.062153 0.026087
v -0.138458 -0.050702 0.039368
v -0.138464 -0.052387 0.038917
v -0.047540 -0.051593 0.039173
v -0.138455 -0.048493 0.039596
v -0.047545 -0.049413 0.039544
v -0.138454 -0.048162 0.039600
v -0.047545 -0.049129 0.039567
v -0.047545 -0.048162 0.039600
v -0.138466 -0.052834 0.038797
v -0.047510 -0.056228 0.037036
v -0.047511 -0.056175 0.037080
v -0.047526 -0.054268 0.038198
v -0.047530 -0.053697 0.038459
v -0.047536 -0.052382 0.038905
v -0.138531 -0.059308 0.034060
v -0.047479 -0.058765 0.034741
v -0.138509 -0.057892 0.035666
v -0.047491 -0.057892 0.035666
v -0.138497 -0.056938 0.036508
v -0.138478 -0.054863 0.037892
v -0.138490 -0.056213 0.037011
v -0.138495 -0.056715 0.036683
v -0.047417 -0.061323 0.030288
v -0.138532 -0.059364 0.033997
v -0.138557 -0.060546 0.032130
v -0.047423 -0.061191 0.030722
v -0.047451 -0.060222 0.032710
v -0.047454 -0.060075 0.032954
v -0.047469 -0.059279 0.034040
v -0.138565 -0.060820 0.031580
v -0.138583 -0.061312 0.030282
v -0.047394 -0.061838 0.028595
v -0.047390 -0.061901 0.028287
v -0.138593 -0.061607 0.029502
v -0.138623 -0.062054 0.027335
v -0.138454 0.048162 0.039600
v -0.047545 0.048162 0.039600
v -0.047373 0.062086 0.027053
v -0.047359 0.062153 0.026087
v -0.138641 0.062153 0.026087
v -0.047417 0.061312 0.030282
v -0.047406 0.061607 0.029502
v -0.138610 0.061901 0.028287
v -0.047377 0.062054 0.027335
v -0.047469 0.059308 0.034060
v -0.047468 0.059364 0.033997
v -0.138583 0.061323 0.030288
v -0.047443 0.060546 0.032130
v -0.138606 0.061838 0.028595
v -0.047435 0.060820 0.031580
v -0.138577 0.061191 0.030722
v -0.138549 0.060222 0.032710
v -0.138546 0.060075 0.032954
v -0.138531 0.059279 0.034040
v -0.138521 0.058765 0.034741
v -0.047491 0.057892 0.035666
v -0.138509 0.057892 0.035666
v -0.047503 0.056938 0.036508
v -0.047536 0.052387 0.038917
v -0.047534 0.052834 0.038797
v -0.138490 0.056228 0.037036
v -0.047522 0.054863 0.037892
v -0.047510 0.056213 0.037011
v -0.047505 0.056715 0.036683
v -0.138489 0.056175 0.037080
v -0.138474 0.054268 0.038198
v -0.138470 0.053697 0.038459
v -0.138464 0.052382 0.038905
v -0.138460 0.051593 0.039173
v -0.047542 0.050702 0.039368
v -0.047545 0.048493 0.039596
v -0.138455 0.049413 0.039544
v -0.138455 0.049129 0.039567
v -0.032916 -0.053273 0.026267
v -0.032916 -0.053272 0.026270
v -0.032975 -0.052927 0.027952
v -0.033089 -0.048162 0.031212
v -0.033086 -0.049114 0.031122
v -0.033079 0.049853 0.030924
v -0.033083 0.049488 0.031037
v -0.032916 0.053273 0.026270
v -0.033089 0.048162 0.031212
v -0.033089 0.048162 0.031212
v -0.032962 -0.053053 0.027590
v -0.032949 0.053150 0.027225
v -0.032973 0.052943 0.027912
v -0.033005 0.052496 0.028812
v -0.033025 0.052073 0.029392
v -0.033050 0.051354 0.030093
v -0.033064 0.050764 0.030500
v -0.033065 -0.050723 0.030524
v -0.033051 -0.051319 0.030121
v -0.033079 -0.049809 0.030939
v -0.033026 -0.052044 0.029426
v -0.033006 -0.052473 0.028849
v -0.152864 0.032958 0.032553
v -0.152891 0.037412 0.031794
v -0.152911 -0.044767 0.031212
v -0.152905 -0.040767 0.031401
v -0.152885 -0.036212 0.031976
v -0.153084 -0.053273 0.026267
v -0.153084 -0.053272 0.026270
v -0.152911 -0.048162 0.031212
v -0.153050 -0.053150 0.027225
v -0.152780 0.016044 0.034975
v -0.152907 0.041615 0.031332
v -0.152910 0.042737 0.031264
v -0.152911 0.044767 0.031212
v -0.153027 -0.052943 0.027912
v -0.152995 -0.052496 0.028812
v -0.152975 -0.052073 0.029392
v -0.152874 -0.034483 0.032268
v -0.152864 -0.032958 0.032553
v -0.152787 -0.018086 0.034773
v -0.152911 0.048162 0.031212
v -0.152911 0.048162 0.031212
v -0.153084 0.053273 0.026270
v -0.152914 0.049114 0.031122
v -0.153049 0.053141 0.027264
v -0.153025 0.052927 0.027952
v -0.152950 -0.051354 0.030093
v -0.152936 -0.050764 0.030500
v -0.152915 -0.049160 0.031114
v -0.152921 -0.049853 0.030924
v -0.152763 -0.009567 0.035456
v -0.152754 -0.001026 0.035717
v -0.152760 0.007518 0.035557
v -0.152935 0.050723 0.030524
v -0.152949 0.051319 0.030121
v -0.152921 0.049809 0.030939
v -0.152974 0.052044 0.029426
v -0.152994 0.052473 0.028848
v -0.150776 0.056894 0.026313
v -0.140330 0.061777 0.026119
v -0.140284 0.061535 0.028247
v -0.150722 0.056672 0.027971
v -0.140278 0.061473 0.028548
v -0.140274 0.061429 0.028692
v -0.140233 0.060846 0.030618
v -0.150721 0.056666 0.028009
v -0.140221 0.060583 0.031159
v -0.150683 0.056301 0.029183
v -0.150671 0.056117 0.029545
v -0.140190 0.059905 0.032554
v -0.150633 0.055523 0.030712
v -0.140185 0.059762 0.032792
v -0.140171 0.059298 0.033426
v -0.150624 0.055305 0.031006
v -0.140147 0.058488 0.034534
v -0.150602 0.054791 0.031698
v -0.140127 0.057638 0.035435
v -0.150583 0.054203 0.032260
v -0.140127 0.057635 0.035438
v -0.140097 0.055967 0.036813
v -0.150563 0.053552 0.032882
v -0.140092 0.055576 0.037043
v -0.150549 0.052910 0.033316
v -0.150541 0.052534 0.033570
v -0.140073 0.054111 0.037903
v -0.150524 0.051421 0.034075
v -0.150508 0.049828 0.034580
v -0.140053 0.051505 0.038854
v -0.150518 0.050974 0.034278
v -0.140066 0.053265 0.038256
v -0.140068 0.053554 0.038158
v -0.150508 0.049787 0.034591
v -0.140044 0.049104 0.039238
v -0.140045 0.049380 0.039216
v -0.140050 0.050758 0.038981
v -0.150503 -0.044767 0.034743
v -0.150503 -0.048162 0.034743
v -0.145471 -0.033618 0.036921
v -0.140044 -0.048162 0.039271
v -0.141835 -0.022198 0.038495
v -0.140044 -0.013303 0.039271
v -0.140044 -0.048485 0.039267
v -0.140049 -0.050636 0.039044
v -0.150508 -0.049829 0.034579
v -0.140049 -0.050762 0.039010
v -0.140061 -0.052713 0.038488
v -0.150508 -0.049865 0.034576
v -0.140066 -0.053258 0.038245
v -0.150519 -0.051049 0.034252
v -0.150524 -0.051422 0.034079
v -0.140080 -0.054690 0.037605
v -0.150542 -0.052604 0.033530
v -0.140092 -0.055567 0.037032
v -0.150549 -0.052911 0.033318
v -0.140106 -0.056493 0.036426
v -0.150565 -0.053612 0.032835
v -0.140171 -0.059307 0.033434
v -0.140163 -0.059070 0.033809
v -0.150603 -0.054841 0.031639
v -0.140127 -0.057638 0.035435
v -0.150583 -0.054202 0.032260
v -0.140127 -0.057635 0.035438
v -0.140109 -0.056710 0.036255
v -0.150624 -0.055303 0.031005
v -0.150635 -0.055563 0.030650
v -0.140203 -0.060219 0.031990
v -0.150671 -0.056114 0.029544
v -0.150722 -0.056673 0.027970
v -0.140258 -0.061250 0.029430
v -0.150685 -0.056327 0.029115
v -0.140221 -0.060595 0.031166
v -0.140214 -0.060486 0.031454
v -0.150723 -0.056682 0.027942
v -0.150776 -0.056894 0.026313
v -0.140330 -0.061777 0.026119
v -0.140310 -0.061713 0.027047
v -0.140304 -0.061682 0.027322
v -0.140275 -0.061402 0.028687
v -0.045669 0.061777 0.026119
v -0.035224 0.056894 0.026313
v -0.035277 0.056682 0.027942
v -0.045690 0.061713 0.027047
v -0.045696 0.061682 0.027322
v -0.035278 0.056673 0.027970
v -0.045725 0.061402 0.028687
v -0.045742 0.061250 0.029430
v -0.035315 0.056327 0.029115
v -0.045779 0.060595 0.031166
v -0.035329 0.056114 0.029544
v -0.035397 0.054841 0.031639
v -0.035376 0.055303 0.031005
v -0.045829 0.059307 0.033434
v -0.035365 0.055563 0.030650
v -0.045797 0.060219 0.031990
v -0.045786 0.060486 0.031454
v -0.045837 0.059070 0.033809
v -0.045873 0.057638 0.035435
v -0.035417 0.054202 0.032260
v -0.045873 0.057635 0.035438
v -0.035435 0.053612 0.032835
v -0.045891 0.056710 0.036255
v -0.045894 0.056493 0.036426
v -0.035451 0.052911 0.033318
v -0.045907 0.055567 0.037032
v -0.035458 0.052604 0.033530
v -0.045920 0.054690 0.037605
v -0.035476 0.051422 0.034079
v -0.045934 0.053258 0.038245
v -0.035481 0.051049 0.034252
v -0.045939 0.052713 0.038488
v -0.035488 0.050426 0.034445
v -0.045951 0.050762 0.039010
v -0.035490 0.049821 0.034524
v -0.045951 0.050636 0.039044
v -0.035497 0.048162 0.034743
v -0.045956 0.048485 0.039267
v -0.045956 0.048162 0.039271
v -0.035497 -0.048162 0.034743
v -0.045956 -0.048162 0.039271
v -0.035492 -0.049787 0.034591
v -0.045956 -0.049104 0.039238
v -0.045955 -0.049380 0.039216
v -0.035492 -0.049828 0.034580
v -0.045950 -0.050758 0.038981
v -0.045947 -0.051505 0.038854
v -0.035482 -0.050974 0.034278
v -0.045934 -0.053265 0.038256
v -0.035476 -0.051421 0.034075
v -0.045932 -0.053554 0.038158
v -0.045927 -0.054111 0.037903
v -0.035459 -0.052534 0.033570
v -0.045908 -0.055576 0.037043
v -0.035451 -0.052910 0.033316
v -0.035437 -0.053552 0.032882
v -0.045903 -0.055967 0.036813
v -0.035417 -0.054203 0.032260
v -0.045873 -0.057635 0.035438
v -0.045873 -0.057638 0.035435
v -0.035398 -0.054791 0.031698
v -0.045853 -0.058488 0.034534
v -0.035376 -0.055305 0.031006
v -0.045829 -0.059298 0.033426
v -0.035367 -0.055523 0.030712
v -0.045815 -0.059762 0.032792
v -0.045810 -0.059905 0.032554
v -0.035329 -0.056117 0.029545
v -0.045779 -0.060583 0.031159
v -0.035317 -0.056301 0.029183
v -0.045767 -0.060846 0.030618
v -0.035297 -0.056516 0.028565
v -0.045725 -0.061429 0.028692
v -0.035277 -0.056617 0.027961
v -0.045669 -0.061777 0.026119
v -0.035224 -0.056894 0.026313
v -0.045716 -0.061535 0.028247
v -0.045722 -0.061473 0.028548
v -0.148553 0.007692 0.039408
v -0.148548 -0.000000 0.039552
v -0.141681 0.003729 0.039176
v -0.148556 -0.009789 0.039304
v -0.141767 -0.004955 0.039150
v -0.148547 -0.001049 0.039572
v -0.141566 -0.000316 0.039209
v -0.141575 0.000000 0.039207
v -0.148580 -0.018504 0.038606
v -0.148658 -0.033720 0.036334
v -0.148169 -0.032515 0.036538
v -0.144532 -0.021469 0.038054
v -0.143625 -0.017111 0.038433
v -0.148576 -0.017138 0.038715
v -0.142741 -0.012866 0.038801
v -0.142332 -0.010074 0.038962
v -0.142091 0.008196 0.039046
v -0.142741 0.012866 0.038801
v -0.148573 0.016415 0.038813
v -0.143687 0.017108 0.038407
v -0.148576 0.017135 0.038709
v -0.145199 0.023888 0.037776
v -0.148658 0.033720 0.036334
v -0.139784 0.008474 0.039373
v -0.139619 0.003855 0.039427
v -0.139573 -0.000326 0.039440
v -0.139654 -0.005124 0.039416
v -0.139880 -0.010416 0.039337
v -0.139134 0.062122 0.026099
v -0.046866 -0.062122 0.026099
v -0.034067 0.056057 0.026323
v -0.034007 0.056014 0.026324
v -0.032254 0.055595 0.000000
v -0.033186 0.054674 0.026307
v -0.033200 0.054747 0.026309
v -0.033140 0.056987 0.000000
v -0.034860 0.048162 0.034319
v -0.034273 0.048162 0.033895
v -0.034252 0.050197 0.033635
v -0.034315 0.048162 0.033956
v -0.034056 0.055823 0.027790
v -0.034091 0.055504 0.028845
v -0.034138 0.054816 0.030225
v -0.034167 0.054166 0.031114
v -0.034203 0.053062 0.032189
v -0.034224 0.052155 0.032813
v -0.034246 0.050757 0.033463
v -0.033436 0.048176 0.032657
v -0.033411 0.049869 0.032444
v -0.033406 0.050339 0.032299
v -0.033387 0.051512 0.031754
v -0.033369 0.052272 0.031230
v -0.033338 0.053199 0.030328
v -0.033312 0.053743 0.029582
v -0.033273 0.054320 0.028424
v -0.033242 0.054587 0.027539
v -0.033431 0.048162 0.032661
v -0.033390 0.048162 0.032600
v -0.033403 -0.048162 0.032597
v -0.033419 -0.048162 0.032669
v -0.034261 -0.048162 0.033904
v -0.034322 -0.048162 0.033945
v -0.033415 -0.049388 0.032554
v -0.034075 -0.055673 0.028351
v -0.034387 -0.056301 0.026322
v -0.034020 -0.056006 0.026324
v -0.034059 -0.056068 0.026325
v -0.034256 -0.049623 0.033767
v -0.034247 -0.050689 0.033486
v -0.034226 -0.052092 0.032850
v -0.034205 -0.053008 0.032231
v -0.034169 -0.054121 0.031167
v -0.034139 -0.054780 0.030281
v -0.034093 -0.055480 0.028906
v -0.033407 -0.050282 0.032319
v -0.033388 -0.051459 0.031785
v -0.033370 -0.052227 0.031266
v -0.033340 -0.053161 0.030373
v -0.033314 -0.053713 0.029629
v -0.033274 -0.054300 0.028476
v -0.033258 -0.054462 0.028010
v -0.033218 -0.054735 0.026322
v -0.033212 -0.054739 0.026308
v -0.033172 -0.054677 0.026307
v -0.032254 -0.055595 0.000000
v -0.033140 -0.056987 0.000000
v -0.150183 0.042922 0.034912
v -0.150005 0.041891 0.035030
v -0.149342 0.037973 0.035590
v -0.148858 0.034964 0.036116
v -0.148889 -0.035187 0.036066
v -0.149155 -0.036837 0.035778
v -0.149870 -0.041108 0.035128
v -0.152860 0.056987 0.000000
v -0.151933 0.056057 0.026323
v -0.152814 0.054674 0.026307
v -0.152800 0.054747 0.026309
v -0.151993 0.056014 0.026324
v -0.153746 0.055595 0.000000
v -0.152610 0.048162 0.032600
v -0.152569 0.048162 0.032661
v -0.152564 0.048176 0.032658
v -0.151140 0.048162 0.034319
v -0.151727 0.048162 0.033895
v -0.151685 0.048162 0.033956
v -0.151744 0.049623 0.033767
v -0.151907 0.055480 0.028906
v -0.151942 0.055809 0.027851
v -0.151753 0.050689 0.033486
v -0.151774 0.052092 0.032850
v -0.151795 0.053008 0.032231
v -0.151831 0.054121 0.031167
v -0.151861 0.054780 0.030281
v -0.152585 0.049388 0.032554
v -0.152593 0.050282 0.032319
v -0.152612 0.051459 0.031785
v -0.152629 0.052227 0.031266
v -0.152660 0.053161 0.030373
v -0.152686 0.053714 0.029629
v -0.152726 0.054300 0.028476
v -0.152756 0.054576 0.027590
v -0.151461 0.044767 0.034156
v -0.151662 0.044767 0.033935
v -0.152218 0.044767 0.033326
v -0.152583 0.044767 0.032586
v -0.152715 0.044767 0.032318
v -0.150699 0.037909 0.035189
v -0.151257 0.042893 0.034361
v -0.152686 0.042796 0.032449
v -0.152117 0.042850 0.033514
v -0.151142 0.041850 0.034504
v -0.152059 0.041786 0.033652
v -0.152668 0.041705 0.032559
v -0.151830 0.037782 0.034346
v -0.152592 0.037610 0.033165
v -0.150219 0.033666 0.036110
v -0.151570 0.033502 0.035311
v -0.152500 0.033253 0.034060
v -0.150219 -0.033666 0.036110
v -0.151570 -0.033502 0.035311
v -0.150141 -0.018474 0.038378
v -0.152500 -0.033253 0.034060
v -0.151492 -0.018384 0.037567
v -0.152422 -0.018248 0.036299
v -0.150117 -0.009773 0.039075
v -0.150108 -0.001048 0.039342
v -0.150114 0.007680 0.039179
v -0.150134 0.016389 0.038584
v -0.151468 -0.009725 0.038261
v -0.151459 -0.001043 0.038527
v -0.151464 0.007642 0.038364
v -0.151485 0.016309 0.037772
v -0.152398 -0.009653 0.036988
v -0.152389 -0.001035 0.037252
v -0.152395 0.007586 0.037091
v -0.152415 0.016188 0.036503
v -0.152533 -0.034746 0.033730
v -0.151660 -0.034972 0.034959
v -0.150384 -0.035126 0.035777
v -0.152568 -0.036438 0.033384
v -0.151761 -0.036633 0.034586
v -0.152654 -0.040880 0.032658
v -0.152014 -0.040981 0.033771
v -0.152715 -0.044767 0.032318
v -0.152583 -0.044767 0.032586
v -0.152218 -0.044767 0.033326
v -0.151662 -0.044767 0.033935
v -0.150570 -0.036772 0.035421
v -0.151054 -0.041060 0.034624
v -0.151461 -0.044767 0.034156
v -0.152597 -0.048162 0.032597
v -0.152581 -0.048162 0.032669
v -0.151739 -0.048162 0.033904
v -0.151678 -0.048162 0.033945
v -0.152828 -0.054677 0.026307
v -0.152788 -0.054739 0.026308
v -0.152782 -0.054735 0.026322
v -0.151613 -0.056301 0.026322
v -0.151980 -0.056006 0.026324
v -0.151941 -0.056068 0.026325
v -0.151944 -0.055823 0.027790
v -0.151754 -0.050757 0.033463
v -0.151744 -0.049693 0.033753
v -0.151909 -0.055504 0.028845
v -0.151862 -0.054816 0.030225
v -0.151833 -0.054166 0.031114
v -0.151797 -0.053062 0.032189
v -0.151776 -0.052155 0.032813
v -0.152758 -0.054587 0.027539
v -0.152727 -0.054320 0.028424
v -0.152688 -0.053743 0.029582
v -0.152662 -0.053199 0.030328
v -0.152631 -0.052272 0.031230
v -0.152613 -0.051512 0.031754
v -0.152594 -0.050339 0.032299
v -0.152585 -0.049446 0.032543
v -0.153746 -0.055595 0.000000
v -0.152860 -0.056987 0.000000
v -0.149708 0.044767 0.032908
v -0.149708 0.048162 0.032908
v -0.145540 0.035789 0.034712
v -0.139249 0.048162 0.037435
v -0.141672 0.024575 0.036386
v -0.139249 0.013303 0.037435
v -0.138454 -0.048162 0.037600
v -0.047545 -0.048162 0.037600
v -0.138455 -0.048446 0.037597
v -0.047545 -0.048991 0.037571
v -0.138458 -0.050488 0.037372
v -0.047540 -0.050955 0.037270
v -0.138464 -0.051784 0.037017
v -0.047536 -0.051777 0.036997
v -0.138466 -0.052166 0.036912
v -0.047530 -0.052906 0.036622
v -0.138479 -0.054039 0.036062
v -0.047417 -0.059434 0.029615
v -0.138583 -0.059426 0.029610
v -0.138565 -0.059012 0.030726
v -0.047528 -0.053119 0.036528
v -0.047512 -0.054905 0.035526
v -0.138490 -0.055057 0.035374
v -0.047510 -0.055069 0.035393
v -0.138497 -0.055684 0.034949
v -0.047491 -0.056502 0.034228
v -0.138509 -0.056502 0.034228
v -0.047481 -0.057150 0.033550
v -0.138531 -0.057707 0.032844
v -0.047469 -0.057685 0.032829
v -0.138534 -0.057854 0.032676
v -0.047454 -0.058373 0.031903
v -0.047426 -0.059273 0.030131
v -0.138596 -0.059728 0.028798
v -0.047394 -0.059884 0.028167
v -0.138627 -0.060097 0.026846
v -0.047359 -0.060154 0.026019
v -0.138641 -0.060154 0.026019
v -0.047545 0.048162 0.037600
v -0.138454 0.048162 0.037600
v -0.138641 0.060154 0.026019
v -0.047359 0.060154 0.026019
v -0.047373 0.060097 0.026846
v -0.138606 0.059884 0.028167
v -0.047404 0.059728 0.028798
v -0.138583 0.059434 0.029615
v -0.047417 0.059426 0.029610
v -0.047435 0.059012 0.030726
v -0.047521 0.054039 0.036062
v -0.138488 0.054905 0.035526
v -0.047510 0.055057 0.035374
v -0.138490 0.055069 0.035393
v -0.047503 0.055684 0.034949
v -0.138509 0.056502 0.034228
v -0.047491 0.056502 0.034228
v -0.138519 0.057150 0.033550
v -0.047469 0.057707 0.032844
v -0.138531 0.057685 0.032829
v -0.047466 0.057854 0.032676
v -0.138546 0.058373 0.031903
v -0.138574 0.059273 0.030131
v -0.047545 0.048446 0.037597
v -0.138455 0.048991 0.037571
v -0.047542 0.050488 0.037372
v -0.138460 0.050955 0.037270
v -0.047536 0.051784 0.037017
v -0.138464 0.051777 0.036997
v -0.047534 0.052166 0.036912
v -0.138470 0.052906 0.036622
v -0.138472 0.053119 0.036528
v -0.138641 0.060154 0.026017
v -0.047359 0.060154 0.026017
v -0.047359 -0.060154 0.026017
v -0.138641 -0.060154 0.026017
v -0.034948 0.053150 0.027155
v -0.034915 0.053273 0.026200
v -0.035077 0.049853 0.030854
v -0.035084 -0.049114 0.031053
v -0.035087 -0.048162 0.031142
v -0.034974 -0.052927 0.027883
v -0.035081 0.049488 0.030967
v -0.034961 -0.053053 0.027520
v -0.035087 0.048162 0.031142
v -0.035087 0.048162 0.031142
v -0.034915 -0.053273 0.026198
v -0.034915 -0.053273 0.026200
v -0.035020 0.052157 0.029220
v -0.035048 0.051354 0.030023
v -0.035060 0.050877 0.030362
v -0.035004 0.052496 0.028742
v -0.034968 0.052988 0.027718
v -0.035009 -0.052400 0.028889
v -0.035025 -0.052044 0.029356
v -0.035079 -0.049683 0.030910
v -0.035052 -0.051214 0.030131
v -0.035063 -0.050723 0.030454
v -0.151085 -0.053273 0.026198
v -0.150913 -0.044767 0.031142
v -0.150876 -0.034483 0.032198
v -0.150885 -0.036003 0.031939
v -0.150906 -0.040667 0.031340
v -0.150913 0.044767 0.031142
v -0.150911 0.042737 0.031194
v -0.150913 0.048162 0.031142
v -0.151085 -0.053273 0.026200
v -0.150913 -0.048162 0.031142
v -0.151052 -0.053150 0.027155
v -0.150908 0.041696 0.031257
v -0.150892 0.037450 0.031719
v -0.150866 0.032958 0.032483
v -0.150952 -0.051354 0.030023
v -0.150980 -0.052157 0.029220
v -0.150765 -0.009811 0.035372
v -0.150828 -0.026897 0.033547
v -0.150866 -0.032958 0.032483
v -0.150996 -0.052496 0.028742
v -0.151032 -0.052988 0.027718
v -0.150781 0.015947 0.034914
v -0.150761 0.007372 0.035493
v -0.150755 -0.001221 0.035646
v -0.150913 0.048162 0.031142
v -0.151085 0.053273 0.026200
v -0.150916 0.049114 0.031053
v -0.151046 0.053109 0.027323
v -0.151026 0.052927 0.027883
v -0.150940 -0.050877 0.030362
v -0.150917 -0.049289 0.031016
v -0.150923 -0.049853 0.030854
v -0.150991 0.052400 0.028889
v -0.150975 0.052044 0.029356
v -0.150921 0.049683 0.030910
v -0.150948 0.051214 0.030131
v -0.150936 0.050723 0.030454
v -0.139486 0.059967 0.026026
v -0.149931 0.055083 0.026220
v -0.139486 0.059967 0.026028
v -0.139442 0.059702 0.028144
v -0.149887 0.054891 0.027534
v -0.139439 0.059663 0.028268
v -0.149880 0.054860 0.027741
v -0.149855 0.054614 0.028498
v -0.139402 0.059102 0.030077
v -0.149846 0.054465 0.028783
v -0.149789 0.053418 0.030492
v -0.149807 0.053832 0.029949
v -0.139354 0.057811 0.032369
v -0.149810 0.053900 0.029860
v -0.139365 0.058216 0.031822
v -0.139395 0.058934 0.030408
v -0.139332 0.057014 0.033444
v -0.139318 0.056375 0.034112
v -0.149774 0.052946 0.030932
v -0.139318 0.056372 0.034115
v -0.149754 0.052293 0.031540
v -0.139291 0.054803 0.035392
v -0.149746 0.051929 0.031780
v -0.139289 0.054591 0.035511
v -0.139271 0.053044 0.036379
v -0.149726 0.050741 0.032366
v -0.149739 0.051629 0.031977
v -0.139250 0.048978 0.037407
v -0.149712 0.049451 0.032787
v -0.139254 0.050413 0.037187
v -0.149713 0.049483 0.032779
v -0.139256 0.050913 0.037110
v -0.149719 0.050221 0.032594
v -0.139267 0.052584 0.036555
v -0.139269 0.052835 0.036472
v -0.139249 -0.048162 0.037435
v -0.149708 -0.048162 0.032908
v -0.149708 -0.044767 0.032908
v -0.144713 -0.033711 0.035070
v -0.141089 -0.022392 0.036639
v -0.139249 -0.013303 0.037435
v -0.139249 -0.048442 0.037432
v -0.149713 -0.049482 0.032760
v -0.139254 -0.050417 0.037215
v -0.149714 -0.049688 0.032737
v -0.139254 -0.050453 0.037211
v -0.149721 -0.050451 0.032518
v -0.139263 -0.052106 0.036757
v -0.149726 -0.050745 0.032377
v -0.139268 -0.052576 0.036544
v -0.139280 -0.053950 0.035920
v -0.149743 -0.051837 0.031852
v -0.139289 -0.054578 0.035495
v -0.149746 -0.051932 0.031785
v -0.149759 -0.052483 0.031394
v -0.139303 -0.055570 0.034823
v -0.149774 -0.052945 0.030933
v -0.139318 -0.056372 0.034115
v -0.139318 -0.056375 0.034112
v -0.149795 -0.053571 0.030307
v -0.139350 -0.057706 0.032583
v -0.149807 -0.053827 0.029946
v -0.139354 -0.057825 0.032382
v -0.149816 -0.054029 0.029661
v -0.139390 -0.058845 0.030663
v -0.149846 -0.054454 0.028779
v -0.139395 -0.058937 0.030413
v -0.149863 -0.054697 0.028276
v -0.139429 -0.059548 0.028765
v -0.149887 -0.054909 0.027536
v -0.139439 -0.059642 0.028266
v -0.149888 -0.054916 0.027514
v -0.139469 -0.059910 0.026842
v -0.149931 -0.055083 0.026220
v -0.139486 -0.059967 0.026028
v -0.139486 -0.059967 0.026026
v -0.036069 0.055083 0.026220
v -0.046514 0.059967 0.026026
v -0.046514 0.059967 0.026028
v -0.046531 0.059910 0.026842
v -0.036112 0.054916 0.027514
v -0.046561 0.059642 0.028266
v -0.036113 0.054909 0.027536
v -0.046571 0.059548 0.028765
v -0.036137 0.054697 0.028276
v -0.046605 0.058937 0.030413
v -0.036154 0.054454 0.028779
v -0.046610 0.058845 0.030663
v -0.036183 0.054029 0.029661
v -0.046646 0.057825 0.032382
v -0.036193 0.053827 0.029946
v -0.046650 0.057706 0.032583
v -0.036205 0.053571 0.030307
v -0.046682 0.056375 0.034112
v -0.036226 0.052945 0.030933
v -0.046682 0.056372 0.034115
v -0.046697 0.055570 0.034823
v -0.036241 0.052483 0.031394
v -0.046711 0.054578 0.035495
v -0.036254 0.051932 0.031785
v -0.036257 0.051837 0.031852
v -0.046719 0.053950 0.035920
v -0.036274 0.050745 0.032377
v -0.046732 0.052576 0.036544
v -0.046737 0.052106 0.036757
v -0.036279 0.050451 0.032518
v -0.046746 0.050453 0.037211
v -0.036284 0.049957 0.032671
v -0.046746 0.050417 0.037215
v -0.036286 0.049478 0.032734
v -0.046751 0.048442 0.037432
v -0.036292 0.048162 0.032908
v -0.046751 0.048162 0.037435
v -0.046751 -0.048162 0.037435
v -0.036292 -0.048162 0.032908
v -0.046711 -0.054591 0.035511
v -0.046729 -0.053044 0.036379
v -0.036274 -0.050741 0.032366
v -0.046750 -0.048978 0.037407
v -0.036288 -0.049451 0.032787
v -0.046746 -0.050413 0.037187
v -0.036287 -0.049483 0.032779
v -0.046744 -0.050913 0.037110
v -0.036281 -0.050221 0.032594
v -0.046733 -0.052584 0.036555
v -0.046731 -0.052835 0.036472
v -0.036261 -0.051629 0.031977
v -0.036254 -0.051929 0.031780
v -0.046708 -0.054803 0.035392
v -0.036246 -0.052293 0.031540
v -0.046682 -0.056372 0.034115
v -0.036226 -0.052946 0.030932
v -0.046682 -0.056375 0.034112
v -0.036211 -0.053418 0.030492
v -0.046668 -0.057014 0.033444
v -0.046646 -0.057811 0.032369
v -0.036193 -0.053832 0.029949
v -0.036190 -0.053900 0.029860
v -0.046634 -0.058216 0.031822
v -0.036154 -0.054465 0.028783
v -0.046605 -0.058934 0.030408
v -0.046598 -0.059102 0.030077
v -0.036145 -0.054614 0.028498
v -0.046561 -0.059663 0.028268
v -0.036128 -0.054784 0.028008
v -0.036112 -0.054864 0.027529
v -0.046558 -0.059702 0.028144
v -0.036069 -0.055083 0.026220
v -0.046514 -0.059967 0.026028
v -0.046514 -0.059967 0.026026
v -0.148762 0.033339 0.034374
v -0.145269 0.023499 0.035812
v -0.148681 0.016941 0.036717
v -0.143789 0.016914 0.036421
v -0.148677 0.016132 0.036833
v -0.142846 0.012721 0.036809
v -0.148657 0.007458 0.037419
v -0.148661 -0.009924 0.037296
v -0.148652 -0.001235 0.037574
v -0.141867 -0.004834 0.037155
v -0.142200 0.008135 0.037050
v -0.141790 0.003753 0.037178
v -0.148653 -0.000000 0.037552
v -0.141679 0.000000 0.037209
v -0.141670 -0.000312 0.037212
v -0.148309 -0.032237 0.034560
v -0.148762 -0.033339 0.034374
v -0.148725 -0.027208 0.035450
v -0.142416 -0.009815 0.036975
v -0.142846 -0.012721 0.036809
v -0.148687 -0.016924 0.036549
v -0.143734 -0.016917 0.036443
v -0.144686 -0.021412 0.036052
v -0.139163 -0.010265 0.037470
v -0.139120 0.008507 0.037486
v -0.139053 -0.005055 0.037508
v -0.139014 -0.000326 0.037520
v -0.139038 0.003925 0.037513
v -0.035072 0.054007 0.026219
v -0.035089 0.054087 0.026221
v -0.034577 0.055593 0.000000
v -0.035065 0.053974 0.026218
v -0.035483 0.054626 0.026226
v -0.035511 0.054664 0.026226
v -0.035582 0.054761 0.026227
v -0.034129 0.054894 0.000000
v -0.035674 0.048162 0.032488
v -0.035674 0.048162 0.032488
v -0.035704 0.048162 0.032509
v -0.035095 0.053869 0.027312
v -0.035502 0.054486 0.027438
v -0.035526 0.054281 0.028151
v -0.035591 0.053226 0.030054
v -0.035570 0.053656 0.029449
v -0.035625 0.052208 0.031071
v -0.035640 0.051603 0.031500
v -0.035666 0.049843 0.032266
v -0.035661 0.050305 0.032123
v -0.035244 0.048162 0.031835
v -0.035117 0.053683 0.027956
v -0.035157 0.053120 0.029127
v -0.035176 0.052732 0.029673
v -0.035208 0.051813 0.030592
v -0.035222 0.051267 0.030979
v -0.035241 0.050096 0.031542
v -0.035246 0.049679 0.031671
v -0.035253 0.048162 0.031871
v -0.035253 0.048162 0.031871
v -0.035844 -0.048162 0.032640
v -0.035726 -0.048162 0.032494
v -0.035703 -0.048162 0.032465
v -0.035292 -0.048162 0.031956
v -0.035270 -0.048162 0.031867
v -0.035261 -0.048162 0.031830
v -0.035482 -0.054628 0.026225
v -0.035504 -0.054658 0.026225
v -0.035488 -0.054618 0.026249
v -0.035572 -0.054753 0.026226
v -0.035085 -0.054078 0.026220
v -0.035075 -0.054003 0.026231
v -0.035070 -0.054007 0.026218
v -0.035062 -0.053971 0.026217
v -0.035249 -0.049251 0.031769
v -0.035670 -0.049368 0.032375
v -0.035664 -0.050090 0.032195
v -0.035630 -0.052030 0.031208
v -0.035644 -0.051408 0.031617
v -0.035596 -0.053083 0.030227
v -0.035576 -0.053534 0.029635
v -0.035243 -0.049902 0.031606
v -0.035225 -0.051091 0.031085
v -0.035213 -0.051653 0.030715
v -0.035182 -0.052603 0.029830
v -0.035163 -0.053010 0.029296
v -0.035123 -0.053614 0.028144
v -0.035109 -0.053757 0.027730
v -0.035533 -0.054204 0.028360
v -0.035517 -0.054363 0.027901
v -0.034571 -0.055586 0.000000
v -0.034127 -0.054890 0.000000
v -0.149254 0.039318 0.033418
v -0.149464 0.041831 0.033104
v -0.149547 0.042830 0.033018
v -0.147295 0.034981 0.034223
v -0.149121 0.037730 0.033617
v -0.148844 0.034346 0.034200
v -0.143430 0.024021 0.035875
v -0.141009 0.013004 0.036909
v -0.141009 -0.013004 0.036909
v -0.140763 -0.010035 0.037050
v -0.140444 -0.004943 0.037205
v -0.140329 -0.000319 0.037254
v -0.140399 0.003838 0.037225
v -0.140638 0.008317 0.037115
v -0.149381 -0.040842 0.033205
v -0.149254 -0.039314 0.033420
v -0.146468 -0.032951 0.034576
v -0.149004 -0.036320 0.033841
v -0.148883 -0.034835 0.034097
v -0.142848 -0.021888 0.036123
v -0.151013 0.053801 0.026215
v -0.151871 0.054894 0.000000
v -0.150532 0.054632 0.026226
v -0.150587 0.054591 0.026227
v -0.150495 0.054660 0.026226
v -0.150910 0.053992 0.026218
v -0.150926 0.053963 0.026218
v -0.151423 0.055593 0.000000
v -0.150296 0.048162 0.032509
v -0.150326 0.048162 0.032488
v -0.150326 0.048162 0.032488
v -0.150747 0.048162 0.031871
v -0.150747 0.048162 0.031871
v -0.150755 0.048162 0.031835
v -0.150330 0.049368 0.032375
v -0.150336 0.050090 0.032195
v -0.150370 0.052030 0.031208
v -0.150356 0.051408 0.031617
v -0.150403 0.053083 0.030227
v -0.150424 0.053534 0.029635
v -0.150491 0.054434 0.027651
v -0.150467 0.054204 0.028360
v -0.150899 0.053822 0.027505
v -0.150877 0.053614 0.028144
v -0.150837 0.053010 0.029295
v -0.150818 0.052603 0.029830
v -0.150787 0.051653 0.030715
v -0.150775 0.051091 0.031085
v -0.150757 0.049902 0.031606
v -0.150751 0.049251 0.031769
v -0.150814 0.044767 0.031695
v -0.150748 0.044767 0.031829
v -0.150566 0.044767 0.032199
v -0.150288 0.044767 0.032504
v -0.150187 0.044767 0.032614
v -0.149543 0.033312 0.034262
v -0.150799 0.042767 0.031787
v -0.150084 0.042815 0.032742
v -0.150515 0.042794 0.032319
v -0.150789 0.041740 0.031869
v -0.150487 0.041779 0.032414
v -0.150030 0.041811 0.032840
v -0.149798 0.037698 0.033416
v -0.150743 0.037549 0.032404
v -0.150363 0.037635 0.032994
v -0.150684 0.033105 0.033236
v -0.150219 0.033230 0.033862
v -0.149458 0.016119 0.036719
v -0.150684 -0.033105 0.033236
v -0.150219 -0.033230 0.033862
v -0.150646 -0.027017 0.034306
v -0.149543 -0.033312 0.034262
v -0.150181 -0.027119 0.034935
v -0.149506 -0.027186 0.035338
v -0.149432 -0.001234 0.037459
v -0.149442 -0.009916 0.037182
v -0.149438 0.007452 0.037304
v -0.150582 -0.009855 0.036139
v -0.150573 -0.001226 0.036414
v -0.150578 0.007405 0.036260
v -0.150598 0.016019 0.035678
v -0.150117 -0.009892 0.036775
v -0.150108 -0.001231 0.037051
v -0.150113 0.007433 0.036897
v -0.150133 0.016079 0.036313
v -0.149630 -0.034804 0.033953
v -0.150269 -0.034727 0.033544
v -0.150705 -0.034615 0.032929
v -0.149717 -0.036288 0.033666
v -0.150317 -0.036218 0.033250
v -0.150458 -0.040777 0.032528
v -0.149975 -0.040817 0.032954
v -0.150187 -0.044767 0.032614
v -0.150288 -0.044767 0.032504
v -0.150566 -0.044767 0.032199
v -0.150748 -0.044767 0.031829
v -0.150725 -0.036118 0.032647
v -0.150779 -0.040725 0.031971
v -0.150814 -0.044767 0.031695
v -0.150733 -0.048162 0.031820
v -0.150826 -0.048162 0.031657
v -0.150286 -0.048162 0.032495
v -0.150316 -0.048162 0.032474
v -0.150391 -0.048162 0.032420
v -0.150715 -0.048162 0.031852
v -0.151035 -0.053716 0.026211
v -0.150890 -0.053980 0.026257
v -0.150918 -0.053955 0.026216
v -0.150901 -0.053989 0.026216
v -0.150494 -0.054645 0.026225
v -0.150523 -0.054622 0.026225
v -0.150517 -0.054614 0.026249
v -0.150633 -0.054536 0.026226
v -0.150498 -0.054486 0.027438
v -0.150474 -0.054281 0.028151
v -0.150409 -0.053226 0.030054
v -0.150430 -0.053656 0.029449
v -0.150375 -0.052208 0.031071
v -0.150360 -0.051603 0.031500
v -0.150332 -0.049591 0.032329
v -0.150339 -0.050305 0.032123
v -0.150752 -0.049451 0.031727
v -0.150759 -0.050096 0.031542
v -0.150778 -0.051267 0.030979
v -0.150792 -0.051813 0.030592
v -0.150824 -0.052732 0.029673
v -0.150843 -0.053120 0.029127
v -0.150883 -0.053683 0.027956
v -0.150905 -0.053869 0.027312
v -0.151873 -0.054890 0.000000
v -0.151429 -0.055586 0.000000
vn -0.0000 -0.0000 1.0000
vn -0.0000 0.1470 -0.9891
vn 0.0008 0.1460 -0.9893
vn -0.0020 0.0784 -0.9969
vn -0.0228 0.1044 -0.9943
vn -0.0228 0.0784 -0.9967
vn -0.0065 0.0627 -0.9980
vn 0.0133 -0.0199 -0.9997
vn -0.0194 0.0209 -0.9996
vn -0.0194 -0.0209 -0.9996
vn -0.0185 -0.0198 -0.9996
vn 0.0038 -0.0627 -0.9980
vn -0.0117 -0.1179 -0.9930
vn -0.0332 -0.1044 -0.9940
vn -0.0000 -0.1460 -0.9893
vn -0.0000 -0.0000 -1.0000
vn -0.9994 -0.0000 -0.0349
vn -0.9994 -0.0000 -0.0350
vn -0.9994 -0.0001 -0.0349
vn -0.9994 -0.0000 -0.0353
vn -0.9993 0.0001 -0.0364
vn -0.9994 -0.0000 -0.0348
vn -0.9994 -0.0007 -0.0357
vn -0.9994 -0.0011 -0.0338
vn -0.9994 -0.0004 -0.0346
vn -0.9994 0.0001 -0.0350
vn -0.9994 0.0012 -0.0335
vn -0.9994 0.0001 -0.0348
vn -0.3974 -0.0000 -0.9176
vn -0.0000 -0.9992 -0.0410
vn -0.0000 -0.9978 -0.0663
vn -0.0002 -0.9938 -0.1111
vn 0.0003 -0.9865 -0.1638
vn -0.0007 -0.7587 -0.6514
vn 0.0006 -0.8850 -0.4656
vn 0.0001 -0.9799 -0.1994
vn -0.0002 -0.9506 -0.3104
vn 0.0002 -0.9450 -0.3271
vn 0.0001 -0.8850 -0.4655
vn 0.0001 -0.9451 -0.3268
vn -0.0002 -0.8672 -0.4980
vn 0.0007 -0.7944 -0.6074
vn -0.0000 -0.7130 -0.7011
vn -0.0000 -0.7588 -0.6513
vn -0.0000 -0.6507 -0.7594
vn 0.0010 -0.7129 -0.7013
vn -0.0005 -0.6203 -0.7844
vn 0.0003 -0.5475 -0.8368
vn -0.0009 -0.3997 -0.9167
vn 0.0005 -0.4626 -0.8866
vn 0.0004 -0.2888 -0.9574
vn 0.0004 -0.3996 -0.9167
vn -0.0009 -0.2271 -0.9739
vn -0.0000 -0.0257 -0.9997
vn 0.0002 -0.0715 -0.9974
vn -0.0003 -0.1239 -0.9923
vn 0.0007 -0.2887 -0.9574
vn -0.0004 0.3996 -0.9167
vn 0.0009 0.2271 -0.9739
vn -0.0000 0.0257 -0.9997
vn -0.0002 0.0715 -0.9974
vn 0.0003 0.1239 -0.9923
vn -0.0007 0.2887 -0.9574
vn -0.0010 0.7129 -0.7013
vn 0.0005 0.6203 -0.7844
vn -0.0003 0.5475 -0.8368
vn 0.0009 0.3997 -0.9167
vn -0.0005 0.4626 -0.8866
vn -0.0004 0.2887 -0.9574
vn -0.0000 0.6507 -0.7594
vn -0.0000 0.7589 -0.6513
vn -0.0000 0.7130 -0.7011
vn -0.0007 0.7944 -0.6074
vn 0.0007 0.7587 -0.6514
vn -0.0006 0.8850 -0.4656
vn 0.0002 0.8672 -0.4980
vn -0.0001 0.9450 -0.3270
vn -0.0001 0.8850 -0.4657
vn -0.0002 0.9450 -0.3271
vn -0.0000 0.9978 -0.0663
vn 0.0002 0.9938 -0.1111
vn -0.0003 0.9865 -0.1638
vn -0.0001 0.9799 -0.1994
vn 0.0002 0.9506 -0.3104
vn -0.0000 0.9992 -0.0410
vn 0.9994 -0.0000 -0.0349
vn 0.9994 -0.0015 -0.0334
vn 0.9994 -0.0000 -0.0350
vn 0.9994 0.0001 -0.0350
vn 0.9994 0.0002 -0.0351
vn 0.9994 -0.0000 -0.0348
vn 0.9994 0.0002 -0.0347
vn 0.9994 -0.0001 -0.0348
vn 0.9994 -0.0001 -0.0350
vn 0.9994 0.0003 -0.0346
vn 0.9994 0.0001 -0.0349
vn -0.4224 0.9049 -0.0519
vn -0.4223 0.9050 -0.0519
vn -0.3966 0.0656 -0.9157
vn -0.4003 0.1200 -0.9085
vn -0.3981 0.2077 -0.8935
vn -0.3972 0.1202 -0.9098
vn -0.3958 0.2080 -0.8945
vn -0.3990 0.2790 -0.8734
vn -0.3970 0.3658 -0.8418
vn -0.3965 0.4337 -0.8091
vn -0.3976 0.3657 -0.8416
vn -0.4034 0.4322 -0.8065
vn -0.4021 0.5002 -0.7669
vn -0.3996 0.4332 -0.8079
vn -0.4004 0.5005 -0.7675
vn -0.4032 0.5596 -0.7241
vn -0.4028 0.5942 -0.6961
vn -0.4076 0.6703 -0.6201
vn -0.4053 0.5935 -0.6953
vn -0.4077 0.6704 -0.6200
vn -0.4054 0.6923 -0.5970
vn -0.4033 0.6719 -0.6212
vn -0.4051 0.6924 -0.5970
vn -0.4092 0.7632 -0.5000
vn -0.4081 0.7906 -0.4566
vn -0.4192 0.8571 -0.2994
vn -0.4159 0.8329 -0.3651
vn -0.4165 0.8583 -0.2997
vn -0.4064 0.8369 -0.3667
vn -0.4196 0.8949 -0.1517
vn -0.4174 0.8813 -0.2215
vn -0.4175 0.8813 -0.2213
vn -0.4178 0.9002 -0.1229
vn -0.4183 0.8990 -0.1294
vn -0.4602 0.8752 -0.1491
vn -0.4218 0.9044 -0.0638
vn -0.4111 -0.8867 -0.2115
vn -0.4199 -0.9015 -0.1048
vn -0.5206 -0.8357 -0.1748
vn -0.6461 -0.7236 -0.2428
vn -0.4230 -0.8959 -0.1360
vn -0.4184 -0.8626 -0.2843
vn -0.4121 -0.8863 -0.2115
vn -0.4107 -0.8058 -0.4267
vn -0.4075 -0.7786 -0.4771
vn -0.4111 -0.8057 -0.4265
vn -0.4130 -0.7764 -0.4761
vn -0.4070 -0.7244 -0.5565
vn -0.4089 -0.7780 -0.4770
vn -0.4050 -0.7251 -0.5570
vn -0.4064 -0.6889 -0.6002
vn -0.4053 -0.6505 -0.6423
vn -0.4045 -0.5801 -0.7070
vn -0.4035 -0.5664 -0.7186
vn -0.4045 -0.5799 -0.7072
vn -0.4023 -0.5666 -0.7191
vn -0.4020 -0.5807 -0.7080
vn -0.4021 -0.5704 -0.7162
vn -0.4003 -0.4559 -0.7950
vn -0.3976 -0.4234 -0.8140
vn -0.4017 -0.2636 -0.8770
vn -0.4013 -0.3178 -0.8590
vn -0.3994 -0.2639 -0.8780
vn -0.3935 -0.3191 -0.8621
vn -0.3972 -0.1134 -0.9107
vn -0.3978 -0.1720 -0.9012
vn -0.3960 -0.1137 -0.9112
vn -0.3983 -0.0728 -0.9144
vn -0.3973 -0.0235 -0.9174
vn -0.4224 -0.9049 -0.0519
vn -0.4223 -0.9050 -0.0519
vn 0.4224 0.9049 -0.0519
vn 0.4151 0.8939 -0.1694
vn 0.4438 0.8509 -0.2811
vn 0.4298 0.8842 -0.1832
vn 0.4199 0.9015 -0.1048
vn 0.4203 0.8958 -0.1447
vn 0.4201 0.8916 -0.1692
vn 0.4127 0.8651 -0.2850
vn 0.4141 0.8499 -0.3259
vn 0.4107 0.8058 -0.4266
vn 0.4075 0.7783 -0.4777
vn 0.4111 0.8057 -0.4265
vn 0.4130 0.7763 -0.4761
vn 0.4070 0.7243 -0.5565
vn 0.4090 0.7780 -0.4769
vn 0.4050 0.7251 -0.5570
vn 0.4064 0.6888 -0.6004
vn 0.4053 0.6505 -0.6423
vn 0.4045 0.5800 -0.7071
vn 0.4035 0.5661 -0.7188
vn 0.4023 0.5666 -0.7191
vn 0.4020 0.5806 -0.7080
vn 0.4022 0.5674 -0.7185
vn 0.4003 0.4558 -0.7950
vn 0.3976 0.4234 -0.8140
vn 0.4017 0.2636 -0.8770
vn 0.4013 0.3177 -0.8590
vn 0.3994 0.2639 -0.8780
vn 0.3935 0.3191 -0.8621
vn 0.3972 0.1136 -0.9107
vn 0.3978 0.1720 -0.9012
vn 0.3978 0.1723 -0.9012
vn 0.3960 0.1137 -0.9112
vn 0.3982 0.0728 -0.9144
vn 0.3973 0.0235 -0.9174
vn 0.3974 -0.0000 -0.9176
vn 0.3966 -0.0656 -0.9157
vn 0.4003 -0.1200 -0.9085
vn 0.3981 -0.2077 -0.8935
vn 0.3972 -0.1201 -0.9098
vn 0.3958 -0.2080 -0.8945
vn 0.3990 -0.2791 -0.8734
vn 0.3970 -0.3657 -0.8418
vn 0.3966 -0.4336 -0.8091
vn 0.3976 -0.3657 -0.8416
vn 0.4034 -0.4322 -0.8065
vn 0.4021 -0.5001 -0.7669
vn 0.3996 -0.4331 -0.8079
vn 0.4004 -0.5005 -0.7675
vn 0.4032 -0.5597 -0.7240
vn 0.4028 -0.5943 -0.6961
vn 0.4076 -0.6702 -0.6202
vn 0.4053 -0.5937 -0.6952
vn 0.4077 -0.6704 -0.6200
vn 0.4054 -0.6923 -0.5970
vn 0.4033 -0.6718 -0.6213
vn 0.4053 -0.6924 -0.5970
vn 0.4092 -0.7633 -0.4999
vn 0.4174 -0.8812 -0.2218
vn 0.4196 -0.8949 -0.1517
vn 0.4064 -0.8369 -0.3667
vn 0.4165 -0.8583 -0.2997
vn 0.4159 -0.8329 -0.3651
vn 0.4193 -0.8570 -0.2996
vn 0.4081 -0.7906 -0.4566
vn 0.4187 -0.8998 -0.1229
vn 0.4174 -0.8813 -0.2216
vn 0.4179 -0.8995 -0.1274
vn 0.4228 -0.8935 -0.1514
vn 0.4219 -0.9044 -0.0640
vn 0.4224 -0.9049 -0.0519
vn 0.1554 -0.1445 -0.9772
vn 0.1564 -0.0905 -0.9835
vn 0.1554 -0.0994 -0.9828
vn 0.1540 -0.1091 -0.9820
vn 0.1549 -0.1430 -0.9775
vn 0.1500 -0.1229 -0.9810
vn 0.1493 -0.1246 -0.9809
vn 0.2546 -0.0607 -0.9651
vn 0.1863 -0.1026 -0.9771
vn 0.1566 -0.0432 -0.9867
vn 0.1557 -0.0589 -0.9860
vn 0.1552 -0.0620 -0.9859
vn 0.1564 -0.0749 -0.9848
vn 0.1564 -0.0750 -0.9848
vn 0.1562 -0.0327 -0.9872
vn 0.1555 -0.0207 -0.9876
vn 0.1552 -0.0223 -0.9876
vn 0.1553 0.0201 -0.9877
vn 0.1552 0.0207 -0.9877
vn 0.1564 0.0093 -0.9877
vn 0.1565 -0.0065 -0.9877
vn 0.1535 0.0719 -0.9855
vn 0.1556 0.0620 -0.9859
vn 0.1551 0.0638 -0.9858
vn 0.1565 0.0481 -0.9865
vn 0.1564 0.0316 -0.9872
vn 0.1549 0.1430 -0.9775
vn 0.1534 0.1221 -0.9806
vn 0.2546 0.0607 -0.9652
vn 0.1863 0.1026 -0.9771
vn 0.1430 0.1365 -0.9803
vn 0.1472 0.1294 -0.9806
vn 0.1521 0.1170 -0.9814
vn 0.1554 0.1014 -0.9826
vn 0.1567 0.0838 -0.9841
vn -0.3213 0.9456 -0.0500
vn -0.2164 0.9753 -0.0438
vn -0.1485 0.9879 -0.0443
vn -0.0399 0.9983 -0.0424
vn -0.2025 0.0700 -0.9768
vn -0.2159 0.9742 -0.0652
vn -0.2897 0.8611 -0.4179
vn -0.1457 0.9798 -0.1367
vn -0.0396 0.9970 -0.0664
vn -0.2148 0.9635 -0.1595
vn -0.2137 0.9636 -0.1609
vn -0.2137 0.9638 -0.1596
vn -0.2123 0.9237 -0.3190
vn -0.2109 0.9235 -0.3204
vn -0.2109 0.9239 -0.3191
vn -0.2099 0.8475 -0.4875
vn -0.2063 0.6363 -0.7433
vn -0.2064 0.6370 -0.7427
vn -0.2064 0.7421 -0.6377
vn -0.2064 0.7427 -0.6370
vn -0.2076 0.7418 -0.6377
vn -0.2077 0.7425 -0.6368
vn -0.2086 0.8484 -0.4865
vn -0.2047 0.5356 -0.8193
vn -0.2051 0.5362 -0.8188
vn -0.2057 0.6371 -0.7428
vn -0.2026 0.0702 -0.9767
vn -0.2024 0.2225 -0.9537
vn -0.2024 0.2222 -0.9537
vn -0.2027 0.2225 -0.9536
vn -0.2030 0.3910 -0.8977
vn -0.2032 0.3915 -0.8975
vn -0.2032 0.3910 -0.8977
vn -0.2035 0.3915 -0.8974
vn -0.2044 0.5363 -0.8189
vn -0.0237 -0.0000 -0.9997
vn -0.0666 0.0005 -0.9978
vn -0.3390 -0.0000 -0.9408
vn -0.2029 0.0047 -0.9792
vn -0.2166 0.0057 -0.9762
vn -0.1221 0.0018 -0.9925
vn 0.5772 0.8148 -0.0541
vn 0.5849 0.8094 -0.0536
vn 0.9819 0.1886 -0.0183
vn 0.8425 0.5363 -0.0508
vn 0.5850 0.8092 -0.0542
vn 0.8425 0.5362 -0.0519
vn 0.9831 0.1783 -0.0422
vn 0.9814 0.1876 -0.0420
vn 0.5648 0.4067 -0.7180
vn 0.7781 0.3360 -0.5306
vn 0.5528 0.0656 -0.8307
vn 0.3847 0.9193 -0.0834
vn 0.5782 0.8005 -0.1578
vn -0.0000 1.0000 -0.0003
vn 0.5736 0.0807 -0.8151
vn 0.5593 0.0398 -0.8280
vn 0.5621 0.1542 -0.8125
vn 0.5620 0.1534 -0.8128
vn 0.5620 0.1540 -0.8126
vn 0.5597 0.2856 -0.7779
vn 0.5595 0.2851 -0.7783
vn 0.5594 0.2856 -0.7781
vn 0.5650 0.4078 -0.7173
vn 0.5640 0.5208 -0.6409
vn 0.5634 0.5200 -0.6420
vn 0.5694 0.6981 -0.4340
vn 0.5701 0.6968 -0.4353
vn 0.5703 0.6976 -0.4337
vn 0.5700 0.6154 -0.5444
vn 0.5702 0.6162 -0.5433
vn 0.5633 0.5210 -0.6412
vn 0.5695 0.6981 -0.4340
vn 0.5774 0.7603 -0.2976
vn 0.5769 0.7599 -0.2996
vn 0.5789 0.8000 -0.1578
vn 0.8279 0.0157 -0.5607
vn 0.8215 -0.0159 -0.5701
vn 0.8264 0.1023 -0.5537
vn 0.8264 0.1015 -0.5539
vn 0.8249 0.1898 -0.5325
vn 0.8247 0.1893 -0.5329
vn 0.8284 0.2699 -0.4909
vn 0.8283 0.2692 -0.4914
vn 0.8278 0.3461 -0.4415
vn 0.8275 0.3456 -0.4425
vn 0.8321 0.4082 -0.3755
vn 0.8320 0.4073 -0.3767
vn 0.8323 0.4636 -0.3039
vn 0.8318 0.4634 -0.3055
vn 0.8371 0.5038 -0.2130
vn 0.8369 0.5035 -0.2147
vn 0.5787 0.7999 -0.1590
vn 0.5782 0.8003 -0.1591
vn 0.8383 0.5318 -0.1201
vn 0.8378 0.5322 -0.1220
vn 0.9802 0.1869 -0.0658
vn 0.9724 0.0150 -0.2328
vn 0.9716 -0.0406 -0.2330
vn 0.9752 0.0148 -0.2210
vn 0.9754 0.0356 -0.2176
vn 0.9754 0.0359 -0.2176
vn 0.9753 0.0666 -0.2105
vn 0.9753 0.0662 -0.2108
vn 0.9761 0.0945 -0.1955
vn 0.9761 0.0944 -0.1957
vn 0.9764 0.1215 -0.1785
vn 0.9764 0.1212 -0.1789
vn 0.9775 0.1429 -0.1551
vn 0.9775 0.1426 -0.1556
vn 0.9780 0.1627 -0.1303
vn 0.9780 0.1626 -0.1308
vn 0.9794 0.1765 -0.0979
vn 0.9794 0.1762 -0.0988
vn 0.9802 0.1865 -0.0658
vn 0.9802 0.1866 -0.0669
vn 0.5618 -0.0000 -0.8273
vn 0.5540 -0.0001 -0.8325
vn 0.5615 -0.0001 -0.8275
vn 0.8259 0.0001 -0.5638
vn 0.8262 0.0001 -0.5634
vn 0.9753 0.0001 -0.2208
vn 0.8261 -0.0001 -0.5635
vn 0.9773 -0.0001 -0.2117
vn 0.9753 -0.0000 -0.2209
vn 0.5729 -0.6818 -0.4550
vn 0.7821 -0.4915 -0.3830
vn 0.5739 -0.8106 -0.1166
vn 0.9826 -0.1777 -0.0546
vn 0.5586 -0.1079 -0.8224
vn -0.0349 0.0410 -0.9986
vn 0.5958 -0.7911 -0.1384
vn 0.5818 -0.8081 -0.0926
vn 0.5801 -0.7885 -0.2043
vn 0.5802 -0.7879 -0.2066
vn 0.5803 -0.7883 -0.2045
vn 0.5724 -0.7487 -0.3343
vn 0.5729 -0.7477 -0.3358
vn 0.5733 -0.7482 -0.3339
vn 0.5727 -0.6829 -0.4535
vn 0.5657 -0.6026 -0.5629
vn 0.5657 -0.6024 -0.5631
vn 0.5662 -0.6012 -0.5639
vn 0.5612 -0.3885 -0.7308
vn 0.5608 -0.3878 -0.7315
vn 0.5607 -0.3887 -0.7311
vn 0.5669 -0.5000 -0.6548
vn 0.5668 -0.5006 -0.6544
vn 0.5664 -0.6022 -0.5626
vn 0.5611 -0.3887 -0.7308
vn 0.5625 -0.2498 -0.7882
vn 0.5626 -0.2493 -0.7882
vn 0.5584 -0.1078 -0.8225
vn 0.8437 -0.5329 -0.0648
vn 0.8389 -0.5431 -0.0352
vn 0.8392 -0.5224 -0.1514
vn 0.8392 -0.5219 -0.1527
vn 0.8341 -0.4978 -0.2378
vn 0.8344 -0.4966 -0.2390
vn 0.8339 -0.4523 -0.3162
vn 0.8340 -0.4514 -0.3173
vn 0.8292 -0.4004 -0.3899
vn 0.8296 -0.3992 -0.3904
vn 0.8297 -0.3318 -0.4489
vn 0.8297 -0.3307 -0.4496
vn 0.8258 -0.2582 -0.5015
vn 0.8259 -0.2575 -0.5015
vn 0.8267 -0.1656 -0.5377
vn 0.8268 -0.1648 -0.5379
vn 0.5584 -0.1075 -0.8225
vn 0.5582 -0.1076 -0.8227
vn 0.8240 -0.0716 -0.5620
vn 0.8241 -0.0715 -0.5620
vn 0.9750 -0.0252 -0.2207
vn 0.3660 -0.0395 -0.9298
vn 0.9795 -0.2014 -0.0008
vn 0.9808 -0.1869 -0.0561
vn 0.9802 -0.1828 -0.0764
vn 0.9802 -0.1826 -0.0772
vn 0.9788 -0.1746 -0.1069
vn 0.9788 -0.1743 -0.1073
vn 0.9782 -0.1582 -0.1344
vn 0.9782 -0.1581 -0.1346
vn 0.9770 -0.1405 -0.1604
vn 0.9770 -0.1400 -0.1607
vn 0.9766 -0.1163 -0.1808
vn 0.9766 -0.1155 -0.1813
vn 0.9757 -0.0907 -0.1996
vn 0.9757 -0.0903 -0.1997
vn 0.9755 -0.0581 -0.2120
vn 0.9756 -0.0577 -0.2120
vn 0.9750 -0.0252 -0.2209
vn 0.9750 -0.0251 -0.2209
vn 0.9831 -0.1783 -0.0416
vn 0.8425 -0.5362 -0.0514
vn 0.5772 -0.8148 -0.0536
vn -0.0236 -0.0000 -0.9997
vn -0.0488 -0.0003 -0.9988
vn -0.2504 -0.0000 -0.9681
vn -0.3544 -0.0092 -0.9350
vn -0.2641 -0.0033 -0.9645
vn -0.1463 0.0002 -0.9892
vn -0.0669 -0.0001 -0.9978
vn -0.2041 -0.4531 -0.8678
vn -0.2029 -0.0252 -0.9789
vn -0.2461 -0.1834 -0.9517
vn -0.0488 -0.0257 -0.9985
vn -0.1459 -0.9799 -0.1360
vn -0.0389 -0.9930 -0.1112
vn -0.2024 -0.1215 -0.9717
vn -0.2026 -0.1213 -0.9717
vn -0.2026 -0.1217 -0.9717
vn -0.2024 -0.2829 -0.9376
vn -0.2029 -0.2824 -0.9376
vn -0.2028 -0.2828 -0.9375
vn -0.2029 -0.2822 -0.9376
vn -0.2034 -0.4526 -0.8682
vn -0.2046 -0.6099 -0.7657
vn -0.2046 -0.6098 -0.7657
vn -0.2047 -0.6068 -0.7681
vn -0.2056 -0.6073 -0.7674
vn -0.2070 -0.6971 -0.6864
vn -0.2070 -0.6979 -0.6856
vn -0.2073 -0.6972 -0.6863
vn -0.2070 -0.7776 -0.5938
vn -0.2079 -0.7767 -0.5946
vn -0.2083 -0.7773 -0.5936
vn -0.2095 -0.8657 -0.4546
vn -0.2105 -0.8648 -0.4558
vn -0.2105 -0.8654 -0.4546
vn -0.2110 -0.9294 -0.3027
vn -0.2124 -0.9287 -0.3040
vn -0.2125 -0.9291 -0.3028
vn -0.2141 -0.9570 -0.1956
vn -0.2144 -0.9572 -0.1944
vn -0.2145 -0.9599 -0.1806
vn -0.3194 -0.9415 -0.1077
vn -0.0399 -0.9983 -0.0424
vn -0.2163 -0.9752 -0.0476
vn -0.3214 -0.9460 -0.0425
vn -0.1485 -0.9879 -0.0443
vn 0.0399 0.9983 -0.0424
vn 0.2163 0.9752 -0.0476
vn 0.3215 0.9460 -0.0425
vn 0.1485 0.9879 -0.0443
vn 0.2041 0.4531 -0.8678
vn 0.1458 0.9799 -0.1360
vn 0.0389 0.9930 -0.1112
vn 0.2029 0.0252 -0.9789
vn 0.2029 0.0251 -0.9789
vn 0.2024 0.1215 -0.9717
vn 0.2026 0.1213 -0.9717
vn 0.2026 0.1215 -0.9717
vn 0.2024 0.2829 -0.9376
vn 0.2029 0.2824 -0.9376
vn 0.2029 0.2829 -0.9375
vn 0.2029 0.2823 -0.9376
vn 0.2034 0.4526 -0.8682
vn 0.2046 0.6084 -0.7668
vn 0.2047 0.6068 -0.7681
vn 0.2056 0.6073 -0.7674
vn 0.2056 0.6072 -0.7675
vn 0.2070 0.6972 -0.6864
vn 0.2070 0.6979 -0.6856
vn 0.2073 0.6972 -0.6863
vn 0.2070 0.7776 -0.5937
vn 0.2079 0.7767 -0.5946
vn 0.2083 0.7773 -0.5937
vn 0.2095 0.8657 -0.4546
vn 0.2104 0.8649 -0.4558
vn 0.2105 0.8655 -0.4546
vn 0.2105 0.8646 -0.4562
vn 0.2110 0.9294 -0.3027
vn 0.2124 0.9287 -0.3040
vn 0.2125 0.9290 -0.3029
vn 0.2141 0.9570 -0.1956
vn 0.2144 0.9572 -0.1944
vn 0.2145 0.9599 -0.1806
vn 0.3195 0.9415 -0.1076
vn 0.2029 -0.0000 -0.9792
vn 0.3522 0.0024 -0.9359
vn 0.1550 -0.0000 -0.9879
vn 0.2086 -0.8484 -0.4865
vn 0.2159 -0.9742 -0.0655
vn 0.2896 -0.8611 -0.4178
vn 0.1458 -0.9798 -0.1369
vn 0.0396 -0.9970 -0.0664
vn 0.1547 -0.0706 -0.9854
vn 0.2148 -0.9635 -0.1595
vn 0.2137 -0.9635 -0.1609
vn 0.2137 -0.9638 -0.1595
vn 0.2123 -0.9237 -0.3190
vn 0.2109 -0.9235 -0.3204
vn 0.2109 -0.9239 -0.3191
vn 0.2108 -0.9234 -0.3206
vn 0.2099 -0.8475 -0.4875
vn 0.2076 -0.7426 -0.6368
vn 0.2076 -0.7418 -0.6377
vn 0.2064 -0.7427 -0.6370
vn 0.2064 -0.7419 -0.6379
vn 0.2064 -0.6370 -0.7427
vn 0.2063 -0.6363 -0.7433
vn 0.2057 -0.6371 -0.7428
vn 0.2051 -0.5362 -0.8188
vn 0.2047 -0.5356 -0.8193
vn 0.2044 -0.5363 -0.8189
vn 0.2036 -0.3915 -0.8974
vn 0.2032 -0.3910 -0.8977
vn 0.2032 -0.3915 -0.8975
vn 0.2030 -0.3910 -0.8977
vn 0.2027 -0.2225 -0.9536
vn 0.2024 -0.2222 -0.9537
vn 0.2024 -0.2225 -0.9537
vn 0.2030 -0.1153 -0.9724
vn 0.3514 -0.0669 -0.9338
vn 0.3213 -0.9457 -0.0500
vn 0.2164 -0.9753 -0.0438
vn 0.1485 -0.9879 -0.0443
vn 0.0399 -0.9983 -0.0424
vn 0.0060 -0.1460 -0.9893
vn 0.0441 -0.1414 -0.9890
vn 0.0837 -0.1452 -0.9859
vn 0.0835 -0.1452 -0.9859
vn 0.1230 -0.1436 -0.9820
vn 0.0837 0.1452 -0.9859
vn 0.0060 0.1460 -0.9893
vn 0.0441 0.1414 -0.9890
vn 0.1175 -0.1402 -0.9831
vn 0.1175 -0.1037 -0.9876
vn 0.1175 -0.0628 -0.9911
vn 0.1175 -0.0623 -0.9911
vn 0.1175 -0.0208 -0.9929
vn 0.1175 0.0208 -0.9929
vn 0.0392 -0.1451 -0.9886
vn 0.0392 -0.1044 -0.9938
vn 0.0392 -0.0627 -0.9973
vn 0.0393 -0.0627 -0.9973
vn 0.0393 -0.0209 -0.9990
vn 0.0393 0.0209 -0.9990
vn 0.0393 0.0627 -0.9973
vn 0.0392 0.0627 -0.9973
vn 0.0392 0.1044 -0.9938
vn 0.0393 0.1451 -0.9886
vn 0.0835 0.1452 -0.9859
vn 0.1175 0.0623 -0.9911
vn 0.1175 0.0624 -0.9911
vn 0.1175 0.1037 -0.9876
vn 0.1175 0.1402 -0.9831
vn 0.1230 0.1436 -0.9820
vn 0.1411 0.3206 -0.9366
vn 0.1504 0.3146 -0.9372
vn 0.1564 0.2934 -0.9431
vn 0.1597 0.2620 -0.9518
vn 0.1602 0.2152 -0.9633
vn 0.1576 0.1699 -0.9728
vn 0.1681 0.3178 -0.9331
vn 0.1508 0.3949 -0.9063
vn 0.1499 0.3622 -0.9200
vn 0.1468 0.3953 -0.9068
vn -0.0142 0.5802 -0.8143
vn -0.0143 0.7000 -0.7140
vn 0.0606 0.4118 -0.9093
vn -0.0170 0.7598 -0.6500
vn -0.0401 0.7818 -0.6222
vn -0.0000 0.3132 -0.9497
vn -0.0222 0.4119 -0.9110
vn 0.0015 0.5802 -0.8145
vn 0.0015 0.6160 -0.7877
vn -0.0307 0.5685 -0.8221
vn 0.1250 0.3973 -0.9091
vn 0.1757 0.4619 -0.8694
vn 0.0953 0.5631 -0.8209
vn 0.1084 0.5667 -0.8167
vn 0.0345 0.5465 -0.8368
vn 0.0723 0.5685 -0.8195
vn -0.0055 0.5803 -0.8144
vn -0.0052 0.5801 -0.8145
vn 0.0065 0.3132 -0.9497
vn 0.0068 0.5780 -0.8160
vn 0.0051 0.5786 -0.8156
vn 0.0475 0.3132 -0.9485
vn 0.0477 0.3127 -0.9487
vn 0.0504 0.5785 -0.8141
vn 0.0355 0.5788 -0.8147
vn 0.0898 0.3111 -0.9461
vn 0.0904 0.3111 -0.9461
vn 0.0899 0.3114 -0.9460
vn 0.1700 0.3055 -0.9369
vn 0.1354 0.3963 -0.9081
vn 0.1722 -0.3926 -0.9034
vn 0.1545 -0.3000 -0.9414
vn 0.1586 -0.1820 -0.9704
vn 0.1604 -0.2355 -0.9585
vn 0.1583 -0.2825 -0.9461
vn 0.1501 -0.3162 -0.9367
vn 0.1389 -0.3203 -0.9371
vn 0.1483 -0.3194 -0.9360
vn 0.1501 -0.3750 -0.9148
vn 0.1455 -0.3954 -0.9069
vn -0.0173 -0.5802 -0.8143
vn -0.0117 -0.6802 -0.7329
vn -0.0168 -0.7018 -0.7122
vn -0.0274 -0.7352 -0.6773
vn -0.0504 -0.7555 -0.6532
vn 0.0006 -0.5989 -0.8008
vn 0.0002 -0.7567 -0.6538
vn 0.0076 -0.5802 -0.8145
vn -0.0138 -0.3747 -0.9270
vn -0.0000 -0.3132 -0.9497
vn 0.1738 -0.3925 -0.9032
vn -0.0056 -0.5803 -0.8144
vn -0.0053 -0.5801 -0.8145
vn 0.0052 -0.5786 -0.8156
vn 0.0068 -0.5780 -0.8160
vn 0.0355 -0.5788 -0.8147
vn 0.0356 -0.5788 -0.8147
vn 0.0503 -0.5558 -0.8298
vn 0.0723 -0.5685 -0.8195
vn 0.0953 -0.5631 -0.8209
vn 0.1084 -0.5667 -0.8167
vn 0.1434 -0.5139 -0.8458
vn 0.0065 -0.3132 -0.9497
vn 0.0475 -0.3127 -0.9487
vn 0.0477 -0.3132 -0.9485
vn 0.0898 -0.3111 -0.9461
vn 0.0904 -0.3111 -0.9461
vn 0.0899 -0.3114 -0.9460
vn 0.1320 -0.3085 -0.9420
vn -0.3649 0.1600 -0.9172
vn -0.4230 0.4045 -0.8109
vn -0.3599 0.1914 -0.9131
vn -0.3599 0.1915 -0.9131
vn -0.2526 0.4703 -0.8456
vn -0.3214 0.6579 -0.6810
vn -0.2471 0.5457 -0.8007
vn -0.0780 0.7391 -0.6691
vn -0.2150 0.8012 -0.5584
vn -0.3456 0.1660 -0.9236
vn -0.2620 0.8047 -0.5328
vn -0.0584 0.7340 -0.6766
vn -0.1181 0.8680 -0.4824
vn -0.0593 0.6518 -0.7561
vn -0.0815 0.7408 -0.6668
vn -0.2133 0.4183 -0.8829
vn -0.2102 0.4774 -0.8532
vn -0.2459 0.4305 -0.8685
vn -0.3416 0.1431 -0.9289
vn -0.0970 0.7978 -0.5951
vn -0.2025 0.5363 -0.8194
vn -0.2254 0.4818 -0.8468
vn -0.3514 0.1897 -0.9168
vn -0.3466 0.1663 -0.9231
vn -0.3410 0.1876 -0.9212
vn -0.2343 0.5431 -0.8063
vn -0.0951 0.1935 -0.9765
vn -0.0572 0.5670 -0.8217
vn -0.0612 0.5681 -0.8207
vn -0.0342 0.5506 -0.8341
vn -0.0346 0.5507 -0.8340
vn -0.0181 0.5446 -0.8385
vn -0.2718 0.7154 -0.6437
vn -0.1141 0.3784 -0.9186
vn -0.0632 0.1836 -0.9810
vn -0.1702 0.2012 -0.9646
vn -0.1231 0.1750 -0.9768
vn -0.4114 0.2525 -0.8758
vn -0.2554 0.1106 -0.9605
vn -0.0055 0.1884 -0.9821
vn -0.0167 0.1900 -0.9816
vn 0.0013 0.5424 -0.8401
vn 0.0040 0.5419 -0.8404
vn -0.0313 0.1877 -0.9817
vn -0.0521 0.1911 -0.9802
vn -0.0154 0.5444 -0.8387
vn -0.0080 0.5430 -0.8397
vn 0.1360 0.4661 -0.8742
vn 0.0488 0.1610 -0.9858
vn 0.1189 0.4927 -0.8620
vn 0.1010 0.4967 -0.8620
vn 0.0871 0.5159 -0.8522
vn 0.1032 0.5178 -0.8492
vn 0.0691 0.5228 -0.8496
vn 0.0583 0.5259 -0.8485
vn 0.0342 0.5412 -0.8402
vn 0.0289 0.5412 -0.8404
vn 0.0341 0.5339 -0.8449
vn 0.0696 0.5304 -0.8449
vn 0.0439 0.1708 -0.9843
vn 0.0364 0.1724 -0.9843
vn 0.0325 0.1813 -0.9829
vn 0.0251 0.1824 -0.9829
vn 0.0218 0.1857 -0.9824
vn 0.0124 0.1866 -0.9823
vn 0.0108 0.1896 -0.9818
vn 0.1346 0.4666 -0.8742
vn 0.1260 0.1074 -0.9862
vn 0.0432 0.0349 -0.9985
vn 0.1191 0.1412 -0.9828
vn 0.1269 0.1345 -0.9828
vn 0.1258 0.1872 -0.9742
vn 0.1330 0.1825 -0.9742
vn 0.1269 0.2344 -0.9638
vn 0.1377 0.2285 -0.9638
vn 0.1281 0.2789 -0.9517
vn 0.1401 0.2733 -0.9517
vn 0.1322 0.3379 -0.9318
vn 0.1438 0.3333 -0.9318
vn 0.1222 0.3615 -0.9243
vn 0.1572 0.3972 -0.9042
vn 0.1478 0.4004 -0.9043
vn 0.0421 0.0454 -0.9981
vn 0.0435 0.0443 -0.9981
vn 0.0451 0.0610 -0.9971
vn 0.0460 0.0604 -0.9971
vn 0.0458 0.0773 -0.9960
vn 0.0480 0.0761 -0.9959
vn 0.0464 0.0929 -0.9946
vn 0.0490 0.0917 -0.9946
vn 0.0484 0.1137 -0.9923
vn 0.0507 0.1127 -0.9923
vn 0.0497 0.1377 -0.9892
vn 0.0526 0.1368 -0.9892
vn 0.0502 0.1606 -0.9857
vn 0.0399 0.0382 -0.9985
vn 0.0944 0.1394 -0.9857
vn 0.0789 0.0731 -0.9942
vn 0.0808 0.0711 -0.9942
vn 0.0778 0.0661 -0.9948
vn 0.0810 0.0624 -0.9948
vn 0.0774 0.0575 -0.9953
vn 0.0808 0.0527 -0.9953
vn 0.0773 0.0487 -0.9958
vn 0.0813 0.0421 -0.9958
vn 0.0785 0.0420 -0.9960
vn 0.0773 0.0398 -0.9962
vn 0.0787 0.0370 -0.9962
vn 0.0788 0.0359 -0.9962
vn 0.0801 0.0330 -0.9962
vn 0.0775 0.0308 -0.9965
vn 0.0798 0.0245 -0.9965
vn 0.0777 0.0230 -0.9967
vn 0.0795 0.0161 -0.9967
vn 0.0779 0.0152 -0.9968
vn 0.0787 0.0102 -0.9968
vn 0.0783 0.0098 -0.9969
vn 0.0789 0.0047 -0.9969
vn 0.0784 0.0045 -0.9969
vn 0.0785 -0.0031 -0.9969
vn 0.0785 -0.0033 -0.9969
vn 0.0788 -0.0032 -0.9969
vn 0.0781 -0.0112 -0.9969
vn 0.0793 -0.0110 -0.9968
vn 0.0782 -0.0164 -0.9968
vn 0.0789 -0.0159 -0.9968
vn 0.0776 -0.0214 -0.9968
vn 0.0799 -0.0213 -0.9966
vn 0.0773 -0.0292 -0.9966
vn 0.0803 -0.0294 -0.9963
vn 0.0809 -0.0752 -0.9939
vn 0.0776 -0.0358 -0.9963
vn 0.0801 -0.0384 -0.9960
vn 0.0808 -0.0373 -0.9960
vn 0.0769 -0.0445 -0.9960
vn 0.0811 -0.0454 -0.9957
vn 0.0782 -0.0500 -0.9957
vn 0.0798 -0.0494 -0.9956
vn 0.0766 -0.0543 -0.9956
vn 0.0817 -0.0561 -0.9951
vn 0.0765 -0.0628 -0.9951
vn 0.0820 -0.0651 -0.9945
vn 0.0772 -0.0705 -0.9945
vn 0.0821 -0.0740 -0.9939
vn 0.1568 -0.4599 -0.8740
vn 0.0573 -0.1585 -0.9857
vn 0.1234 -0.4299 -0.8944
vn 0.1588 -0.4185 -0.8942
vn 0.1189 -0.3623 -0.9245
vn 0.1435 -0.3425 -0.9285
vn 0.1554 -0.3379 -0.9283
vn 0.1131 -0.2835 -0.9523
vn 0.1458 -0.2682 -0.9523
vn 0.1200 -0.2710 -0.9551
vn 0.1504 -0.2563 -0.9548
vn 0.1095 -0.2170 -0.9700
vn 0.1454 -0.1954 -0.9699
vn 0.1070 -0.1695 -0.9797
vn 0.1405 -0.1439 -0.9796
vn 0.0508 -0.1057 -0.9931
vn 0.0450 -0.1472 -0.9881
vn 0.0581 -0.1430 -0.9880
vn 0.0416 -0.1195 -0.9920
vn 0.0562 -0.1139 -0.9919
vn 0.0401 -0.0950 -0.9947
vn 0.0517 -0.0896 -0.9946
vn 0.0430 -0.0904 -0.9950
vn 0.0539 -0.0851 -0.9949
vn 0.0385 -0.0720 -0.9967
vn 0.0516 -0.0641 -0.9966
vn 0.0374 -0.0557 -0.9977
vn 0.0240 -0.0659 -0.9975
vn 0.0727 -0.0835 -0.9939
vn 0.0419 -0.1630 -0.9857
vn 0.1394 -0.4879 -0.8617
vn 0.1146 -0.4723 -0.8740
vn 0.1010 -0.4967 -0.8620
vn 0.0871 -0.5159 -0.8522
vn 0.1032 -0.5178 -0.8492
vn 0.0691 -0.5228 -0.8496
vn 0.0583 -0.5259 -0.8486
vn 0.0696 -0.5304 -0.8449
vn 0.0505 -0.1693 -0.9843
vn 0.0312 -0.1736 -0.9843
vn 0.0376 -0.1806 -0.9828
vn 0.0215 -0.1829 -0.9829
vn 0.0254 -0.1854 -0.9823
vn 0.0106 -0.1868 -0.9823
vn 0.0125 -0.1896 -0.9818
vn 0.0341 -0.5339 -0.8449
vn 0.0289 -0.5412 -0.8404
vn 0.0342 -0.5412 -0.8402
vn -0.0310 -0.1899 -0.9813
vn -0.0523 -0.1897 -0.9804
vn -0.0155 -0.5434 -0.8393
vn -0.0081 -0.5436 -0.8393
vn -0.0054 -0.1899 -0.9818
vn -0.0169 -0.1891 -0.9818
vn 0.0012 -0.5420 -0.8404
vn 0.0040 -0.5423 -0.8402
vn -0.0584 -0.5821 -0.8110
vn -0.2875 -0.2049 -0.9356
vn -0.2874 -0.2049 -0.9356
vn -0.1032 -0.6000 -0.7933
vn -0.0895 -0.5831 -0.8074
vn -0.0403 -0.5666 -0.8230
vn -0.0805 -0.5637 -0.8221
vn -0.0211 -0.5511 -0.8342
vn -0.0430 -0.5467 -0.8362
vn -0.2063 -0.1908 -0.9597
vn -0.2108 -0.1922 -0.9584
vn -0.1409 -0.1924 -0.9711
vn -0.1146 -0.1868 -0.9757
vn -0.0729 -0.1916 -0.9788
vn -0.2025 -0.5363 -0.8194
vn -0.1040 -0.7845 -0.6113
vn -0.1136 -0.8538 -0.5081
vn -0.3410 -0.1876 -0.9212
vn -0.3466 -0.1663 -0.9231
vn -0.3514 -0.1897 -0.9168
vn -0.0313 -0.7255 -0.6875
vn -0.0814 -0.7407 -0.6669
vn 0.0130 -0.8930 -0.4498
vn -0.1785 -0.6269 -0.7584
vn -0.2329 -0.4839 -0.8436
vn -0.2254 -0.4818 -0.8468
vn -0.2343 -0.5431 -0.8063
vn -0.3263 -0.2196 -0.9194
vn -0.3726 -0.1737 -0.9116
vn -0.3560 -0.2307 -0.9055
vn -0.0874 -0.5938 -0.7998
vn -0.0757 -0.7784 -0.6232
vn -0.2993 -0.5020 -0.8114
vn -0.2664 -0.5494 -0.7920
vn -0.2841 -0.5075 -0.8135
vn -0.2374 -0.5438 -0.8050
vn -0.3525 -0.2140 -0.9110
vn -0.3597 -0.1915 -0.9132
vn -0.3540 -0.2137 -0.9105
vn -0.3692 -0.1933 -0.9090
vn -0.3929 -0.0257 -0.9192
vn -0.5418 -0.8388 -0.0533
vn -0.5762 -0.8156 -0.0527
vn -0.5419 -0.8389 -0.0510
vn -0.9833 -0.1771 -0.0416
vn -0.9916 -0.1240 -0.0367
vn -0.9172 -0.3953 -0.0501
vn -0.9171 -0.3955 -0.0500
vn -0.9171 -0.3954 -0.0500
vn -0.7554 -0.6537 -0.0449
vn -0.8425 -0.5362 -0.0523
vn -0.7551 -0.6534 -0.0546
vn -0.7551 -0.6533 -0.0546
vn -0.5648 -0.4069 -0.7179
vn -0.5337 -0.0667 -0.8431
vn -0.7680 0.0098 -0.6404
vn -0.7681 0.0098 -0.6403
vn -0.8559 -0.3612 -0.3702
vn -0.8559 -0.3614 -0.3698
vn -0.6967 -0.5997 -0.3936
vn -0.6968 -0.5997 -0.3935
vn -0.5313 -0.8230 -0.2008
vn -0.5750 -0.7944 -0.1957
vn -0.5651 -0.7939 -0.2246
vn -0.6401 -0.7540 -0.1479
vn -0.1249 -0.1959 -0.9726
vn -0.6968 -0.5998 -0.3933
vn -0.9215 0.1128 -0.3715
vn -0.9145 -0.3862 -0.1208
vn -0.9214 0.1130 -0.3717
vn -0.5621 -0.1351 -0.8159
vn -0.5621 -0.1538 -0.8126
vn -0.5620 -0.1536 -0.8127
vn -0.5621 -0.1538 -0.8127
vn -0.5597 -0.2856 -0.7779
vn -0.5595 -0.2850 -0.7783
vn -0.5594 -0.2857 -0.7781
vn -0.5650 -0.4077 -0.7173
vn -0.5640 -0.5207 -0.6409
vn -0.5635 -0.5201 -0.6419
vn -0.5634 -0.5212 -0.6411
vn -0.5702 -0.6163 -0.5432
vn -0.5699 -0.6153 -0.5445
vn -0.5704 -0.6977 -0.4335
vn -0.5701 -0.6968 -0.4352
vn -0.5694 -0.6981 -0.4340
vn -0.5695 -0.6981 -0.4339
vn -0.8218 -0.1957 -0.5351
vn -0.8264 -0.1020 -0.5538
vn -0.8264 -0.1016 -0.5539
vn -0.8249 -0.1897 -0.5325
vn -0.8247 -0.1893 -0.5329
vn -0.8284 -0.2702 -0.4907
vn -0.8283 -0.2693 -0.4912
vn -0.8278 -0.3461 -0.4415
vn -0.8275 -0.3456 -0.4425
vn -0.8321 -0.4081 -0.3756
vn -0.8320 -0.4074 -0.3766
vn -0.8323 -0.4637 -0.3039
vn -0.8319 -0.4635 -0.3052
vn -0.8329 -0.5431 -0.1064
vn -0.8466 -0.5288 -0.0607
vn -0.2141 -0.1234 -0.9690
vn -0.8558 -0.3613 -0.3702
vn -0.9752 -0.0154 -0.2209
vn -0.9754 -0.0359 -0.2176
vn -0.9754 -0.0356 -0.2176
vn -0.9753 -0.0665 -0.2105
vn -0.9753 -0.0662 -0.2108
vn -0.9762 -0.0947 -0.1953
vn -0.9760 -0.0937 -0.1964
vn -0.9764 -0.1215 -0.1786
vn -0.9764 -0.1212 -0.1790
vn -0.9775 -0.1431 -0.1549
vn -0.9775 -0.1425 -0.1556
vn -0.9781 -0.1628 -0.1300
vn -0.9780 -0.1626 -0.1308
vn -0.9760 -0.2179 0.0042
vn -0.9709 -0.2246 -0.0826
vn -0.2537 -0.0056 -0.9673
vn -0.9905 -0.1229 -0.0616
vn -0.5618 -0.0000 -0.8273
vn -0.9914 -0.0000 -0.1308
vn -0.9753 0.0058 -0.2209
vn -0.5349 0.0038 -0.8449
vn -0.7679 -0.0009 -0.6406
vn -0.5616 -0.0008 -0.8274
vn -0.7681 -0.0026 -0.6403
vn -0.8262 -0.0026 -0.5634
vn -0.7680 0.0093 -0.6404
vn -0.9274 -0.0039 -0.3739
vn -0.9752 -0.0038 -0.2213
vn -0.9274 -0.0029 -0.3740
vn -0.9274 -0.0029 -0.3742
vn -0.5612 -0.0359 -0.8269
vn -0.9753 -0.0051 -0.2210
vn -0.9748 0.0001 -0.2229
vn -0.8230 -0.0019 -0.5681
vn -0.8260 -0.0206 -0.5632
vn -0.9752 0.0004 -0.2211
vn -0.7912 -0.1200 -0.5997
vn -0.8191 -0.1340 -0.5578
vn -0.9705 -0.0408 -0.2377
vn -0.9744 -0.0444 -0.2203
vn -0.5618 0.0008 -0.8273
vn -0.5548 -0.0350 -0.8312
vn -0.5519 -0.1522 -0.8199
vn -0.4917 -0.2205 -0.8424
vn -0.4825 -0.1756 -0.8581
vn -0.4914 -0.4149 -0.7657
vn -0.3911 -0.4642 -0.7947
vn -0.3992 -0.5182 -0.7564
vn -0.7528 -0.3248 -0.5725
vn -0.7950 -0.3243 -0.5127
vn -0.9659 -0.1145 -0.2322
vn -0.9719 -0.1115 -0.2074
vn -0.2817 -0.7137 -0.6413
vn -0.3998 -0.7204 -0.5668
vn -0.7062 -0.5183 -0.4823
vn -0.7594 -0.4997 -0.4167
vn -0.9607 -0.1879 -0.2042
vn -0.9683 -0.1761 -0.1771
vn -0.2709 -0.8010 -0.5339
vn -0.2935 -0.8490 -0.4395
vn -0.7062 -0.5840 -0.4002
vn -0.7171 -0.6061 -0.3441
vn -0.9619 -0.2115 -0.1734
vn -0.9637 -0.2169 -0.1554
vn -0.2526 -0.8243 -0.5067
vn -0.2757 -0.8702 -0.4082
vn -0.6985 -0.6049 -0.3824
vn -0.7096 -0.6254 -0.3244
vn -0.9610 -0.2198 -0.1676
vn -0.9630 -0.2248 -0.1488
vn -0.2411 -0.7329 -0.6362
vn -0.9566 -0.0975 -0.2745
vn -0.9569 -0.0981 -0.2734
vn -0.6855 -0.2636 -0.6786
vn -0.6876 -0.2652 -0.6760
vn -0.2444 -0.3591 -0.9007
vn -0.2489 -0.3619 -0.8984
vn -0.9578 -0.2002 -0.2063
vn -0.9583 -0.2002 -0.2037
vn -0.6836 -0.5390 -0.4921
vn -0.6885 -0.5388 -0.4854
vn -0.2504 -0.7264 -0.6400
vn -0.2510 -0.7308 -0.6348
vn -0.2531 0.1410 -0.9571
vn -0.6947 0.1023 -0.7120
vn -0.9580 0.0373 -0.2842
vn -0.2533 0.1409 -0.9571
vn -0.2527 0.0752 -0.9646
vn -0.2528 0.0752 -0.9646
vn -0.2530 0.0752 -0.9645
vn -0.2529 -0.0190 -0.9673
vn -0.2528 -0.0190 -0.9673
vn -0.2527 -0.1131 -0.9609
vn -0.2530 -0.1131 -0.9608
vn -0.6948 0.1022 -0.7119
vn -0.6942 0.0546 -0.7177
vn -0.6943 0.0546 -0.7176
vn -0.6942 -0.0138 -0.7196
vn -0.6942 -0.0138 -0.7197
vn -0.6944 -0.0821 -0.7149
vn -0.6942 -0.0821 -0.7151
vn -0.9581 0.0373 -0.2842
vn -0.9579 0.0199 -0.2864
vn -0.9579 0.0199 -0.2863
vn -0.9579 -0.0050 -0.2870
vn -0.9580 -0.0299 -0.2853
vn -0.9579 -0.0299 -0.2854
vn -0.2469 0.3981 -0.8835
vn -0.9593 0.2037 -0.1955
vn -0.9589 0.2061 -0.1948
vn -0.6927 0.5512 -0.4651
vn -0.6887 0.5575 -0.4635
vn -0.2535 0.7509 -0.6098
vn -0.2445 0.7573 -0.6055
vn -0.9564 0.1078 -0.2716
vn -0.9561 0.1091 -0.2720
vn -0.6847 0.2904 -0.6685
vn -0.6821 0.2938 -0.6696
vn -0.2415 0.3952 -0.8863
vn -0.2414 0.3988 -0.8847
vn -0.2723 0.8163 -0.5094
vn -0.2570 0.8765 -0.4071
vn -0.7076 0.5954 -0.3804
vn -0.7015 0.6331 -0.3271
vn -0.9623 0.2156 -0.1659
vn -0.9619 0.2282 -0.1506
vn -0.2902 0.7927 -0.5361
vn -0.2751 0.8554 -0.4388
vn -0.7153 0.5746 -0.3977
vn -0.7092 0.6137 -0.3472
vn -0.9631 0.2074 -0.1715
vn -0.9627 0.2203 -0.1572
vn -0.9633 0.2102 -0.1668
vn -0.7163 0.5869 -0.3774
vn -0.3169 0.7612 -0.5659
vn -0.2924 0.8234 -0.4863
vn -0.3076 0.6640 -0.6815
vn -0.3996 0.6828 -0.6116
vn -0.4228 0.6081 -0.6720
vn -0.9644 0.1966 -0.1768
vn -0.9629 0.1799 -0.2012
vn -0.9692 0.1508 -0.1948
vn -0.9676 0.1082 -0.2281
vn -0.9726 0.0875 -0.2153
vn -0.7267 0.5468 -0.4159
vn -0.7221 0.5047 -0.4732
vn -0.7699 0.4259 -0.4753
vn -0.7653 0.3129 -0.5625
vn -0.8026 0.2517 -0.5408
vn -0.9748 0.0330 -0.2208
vn -0.9713 0.0290 -0.2361
vn -0.9749 0.0254 -0.2212
vn -0.7994 0.1082 -0.5910
vn -0.8239 0.0750 -0.5618
vn -0.5547 0.1568 -0.8171
vn -0.4123 0.4092 -0.8140
vn -0.4926 0.4353 -0.7536
vn -0.5048 0.3653 -0.7822
vn -0.5003 0.1668 -0.8496
vn -0.5585 0.1074 -0.8225
vn -0.5620 -0.0000 -0.8271
vn -0.5616 -0.0000 -0.8274
vn -0.8262 -0.0000 -0.5634
vn -0.9752 -0.0000 -0.2211
vn -0.9753 -0.0000 -0.2209
vn -0.5729 0.6819 -0.4547
vn -0.7820 0.4915 -0.3834
vn -0.5739 0.8106 -0.1165
vn -0.9825 0.1777 -0.0560
vn -0.5585 0.1078 -0.8224
vn 0.0350 -0.0411 -0.9985
vn -0.5958 0.7911 -0.1384
vn -0.5818 0.8081 -0.0926
vn -0.5801 0.7884 -0.2045
vn -0.5802 0.7878 -0.2067
vn -0.5803 0.7883 -0.2045
vn -0.5724 0.7488 -0.3342
vn -0.5729 0.7477 -0.3357
vn -0.5733 0.7480 -0.3342
vn -0.5727 0.6830 -0.4533
vn -0.5657 0.6025 -0.5630
vn -0.5657 0.6024 -0.5631
vn -0.5663 0.6012 -0.5639
vn -0.5612 0.3885 -0.7308
vn -0.5608 0.3878 -0.7315
vn -0.5607 0.3887 -0.7311
vn -0.5669 0.4999 -0.6547
vn -0.5667 0.5008 -0.6542
vn -0.5664 0.6019 -0.5629
vn -0.5613 0.3885 -0.7308
vn -0.5625 0.2498 -0.7882
vn -0.5626 0.2492 -0.7883
vn -0.5584 0.1079 -0.8225
vn -0.7820 0.4914 -0.3834
vn -0.8437 0.5329 -0.0648
vn -0.8389 0.5432 -0.0351
vn -0.8392 0.5223 -0.1515
vn -0.8392 0.5219 -0.1527
vn -0.8341 0.4978 -0.2377
vn -0.8345 0.4965 -0.2390
vn -0.8339 0.4524 -0.3161
vn -0.8340 0.4514 -0.3173
vn -0.8293 0.4004 -0.3899
vn -0.8295 0.3994 -0.3904
vn -0.8297 0.3315 -0.4490
vn -0.8297 0.3308 -0.4495
vn -0.8258 0.2583 -0.5014
vn -0.8260 0.2575 -0.5015
vn -0.8267 0.1653 -0.5378
vn -0.8267 0.1652 -0.5378
vn -0.5584 0.1076 -0.8225
vn -0.5584 0.1076 -0.8226
vn -0.8240 0.0717 -0.5620
vn -0.8241 0.0714 -0.5620
vn -0.9749 0.0252 -0.2211
vn -0.3663 0.0396 -0.9297
vn -0.9795 0.2013 -0.0010
vn -0.9808 0.1871 -0.0555
vn -0.9802 0.1828 -0.0764
vn -0.9801 0.1825 -0.0777
vn -0.9788 0.1746 -0.1070
vn -0.9788 0.1742 -0.1075
vn -0.9782 0.1582 -0.1345
vn -0.9782 0.1580 -0.1347
vn -0.9770 0.1406 -0.1603
vn -0.9770 0.1403 -0.1605
vn -0.9766 0.1158 -0.1811
vn -0.9766 0.1157 -0.1812
vn -0.9757 0.0907 -0.1996
vn -0.9757 0.0903 -0.1997
vn -0.9756 0.0580 -0.2119
vn -0.9756 0.0578 -0.2120
vn -0.9750 0.0252 -0.2209
vn -0.9750 0.0250 -0.2208
vn -0.9831 0.1783 -0.0416
vn -0.8425 0.5362 -0.0514
vn -0.5772 0.8148 -0.0536
vn -0.8425 0.5363 -0.0514
vn -0.8426 0.5361 -0.0514
vn -0.0000 -0.1460 0.9893
vn -0.0015 -0.1479 0.9890
vn 0.0016 -0.1044 0.9945
vn 0.0230 -0.0798 0.9965
vn 0.0230 -0.0627 0.9978
vn 0.0094 -0.0798 0.9968
vn -0.0033 -0.0209 0.9998
vn 0.0197 0.0190 0.9996
vn 0.0197 0.0209 0.9996
vn 0.0182 0.0190 0.9997
vn -0.0038 0.0627 0.9980
vn 0.0120 0.1176 0.9930
vn 0.0120 0.1044 0.9945
vn 0.0225 0.1176 0.9928
vn -0.0000 0.1460 0.9893
vn 0.9994 -0.0000 0.0349
vn 0.9994 0.0002 0.0347
vn 0.9994 -0.0001 0.0360
vn 0.9994 -0.0000 0.0347
vn 0.9994 -0.0000 0.0348
vn 0.9994 -0.0000 0.0351
vn 0.9994 -0.0002 0.0350
vn 0.9993 0.0011 0.0361
vn 0.9994 0.0002 0.0352
vn 0.9994 -0.0000 0.0345
vn 0.9994 -0.0001 0.0347
vn 0.3974 -0.0000 0.9176
vn -0.0000 0.9992 0.0410
vn -0.0001 0.8794 0.4761
vn 0.0001 0.9469 0.3217
vn -0.0000 0.9488 0.3158
vn -0.0001 0.9468 0.3217
vn -0.0000 0.9884 0.1520
vn 0.0003 0.9915 0.1300
vn -0.0000 0.9978 0.0664
vn 0.0018 0.9488 0.3158
vn -0.0002 0.8731 0.4876
vn 0.0002 0.7870 0.6169
vn -0.0002 0.7665 0.6423
vn -0.0000 0.7046 0.7096
vn -0.0000 0.6109 0.7917
vn -0.0021 0.2767 0.9609
vn 0.0001 0.4519 0.8921
vn -0.0001 0.5575 0.8302
vn 0.0005 0.6108 0.7918
vn -0.0000 0.6507 0.7593
vn -0.0000 0.6501 0.7599
vn -0.0004 0.4106 0.9118
vn 0.0004 0.2772 0.9608
vn -0.0000 0.2427 0.9701
vn -0.0000 0.1120 0.9937
vn -0.0003 0.0875 0.9962
vn -0.0000 0.0258 0.9997
vn 0.0004 -0.4106 0.9118
vn -0.0004 -0.2772 0.9608
vn -0.0000 -0.2427 0.9701
vn -0.0000 -0.1120 0.9937
vn 0.0003 -0.0875 0.9962
vn -0.0000 -0.0258 0.9997
vn 0.0021 -0.2767 0.9609
vn -0.0001 -0.4519 0.8920
vn 0.0001 -0.5575 0.8302
vn -0.0005 -0.6108 0.7918
vn -0.0000 -0.6507 0.7593
vn -0.0000 -0.6501 0.7599
vn -0.0018 -0.9489 0.3157
vn 0.0002 -0.8731 0.4876
vn -0.0002 -0.7870 0.6169
vn 0.0002 -0.7665 0.6423
vn -0.0000 -0.7046 0.7096
vn -0.0000 -0.6109 0.7917
vn 0.0001 -0.8794 0.4761
vn -0.0000 -0.9467 0.3221
vn -0.0000 -0.9488 0.3158
vn 0.0001 -0.9468 0.3217
vn -0.0000 -0.9884 0.1520
vn -0.0003 -0.9915 0.1300
vn -0.0000 -0.9978 0.0664
vn -0.0000 -0.9992 0.0410
vn -0.9994 -0.0000 0.0349
vn -0.9994 -0.0000 0.0350
vn -0.9994 0.0002 0.0346
vn -0.9994 -0.0001 0.0350
vn -0.9994 0.0001 0.0351
vn -0.9994 -0.0001 0.0349
vn -0.9993 -0.0032 0.0382
vn -0.9994 0.0001 0.0350
vn -0.9994 -0.0001 0.0348
vn 0.4224 -0.9049 0.0519
vn 0.3921 -0.1631 0.9053
vn 0.4019 -0.0800 0.9122
vn 0.3980 -0.2219 0.8901
vn 0.3917 -0.4592 0.7973
vn 0.3974 -0.3758 0.8371
vn 0.3974 -0.3757 0.8372
vn 0.4035 -0.4563 0.7931
vn 0.4019 -0.5094 0.7609
vn 0.3979 -0.6921 0.6023
vn 0.4048 -0.5937 0.6955
vn 0.4048 -0.5940 0.6952
vn 0.4069 -0.6889 0.5999
vn 0.4219 -0.9044 0.0633
vn 0.4205 -0.8990 0.1222
vn 0.4058 -0.6992 0.5885
vn 0.4095 -0.7954 0.4468
vn 0.4159 -0.8435 0.3400
vn 0.4158 -0.8622 0.2894
vn 0.4158 -0.8435 0.3400
vn 0.4135 -0.8631 0.2898
vn 0.4192 -0.8969 0.1409
vn 0.4139 0.8611 0.2952
vn 0.3777 0.7747 0.5071
vn 0.4251 0.8970 0.1211
vn 0.4113 0.8867 0.2110
vn 0.4024 0.5589 0.7250
vn 0.4024 0.5580 0.7257
vn 0.4025 0.5589 0.7250
vn 0.4113 0.8004 0.4360
vn 0.4118 0.7619 0.5000
vn 0.4051 0.7183 0.5656
vn 0.4053 0.6428 0.6500
vn 0.3973 0.0235 0.9174
vn 0.3979 0.0727 0.9146
vn 0.4023 0.5580 0.7258
vn 0.3986 0.4134 0.8186
vn 0.4002 0.2919 0.8687
vn 0.3984 0.2534 0.8815
vn 0.4001 0.2920 0.8687
vn 0.3967 0.2537 0.8822
vn 0.3968 0.1028 0.9121
vn 0.4224 0.9049 0.0519
vn -0.4224 -0.9049 0.0519
vn -0.4139 -0.8612 0.2952
vn -0.3777 -0.7747 0.5071
vn -0.4251 -0.8970 0.1211
vn -0.4113 -0.8867 0.2110
vn -0.4024 -0.5588 0.7251
vn -0.4024 -0.5580 0.7258
vn -0.4024 -0.5589 0.7250
vn -0.4139 -0.8613 0.2948
vn -0.4113 -0.8004 0.4361
vn -0.4118 -0.7619 0.4999
vn -0.4051 -0.7183 0.5656
vn -0.4053 -0.6428 0.6501
vn -0.3973 -0.0235 0.9174
vn -0.3979 -0.0728 0.9145
vn -0.4023 -0.5580 0.7258
vn -0.3986 -0.4134 0.8186
vn -0.4002 -0.2920 0.8687
vn -0.3984 -0.2534 0.8815
vn -0.4001 -0.2920 0.8687
vn -0.3967 -0.2537 0.8822
vn -0.3968 -0.1028 0.9121
vn -0.3974 -0.0000 0.9176
vn -0.3921 0.1631 0.9053
vn -0.4019 0.0801 0.9122
vn -0.3980 0.2220 0.8901
vn -0.3918 0.4592 0.7973
vn -0.3974 0.3758 0.8372
vn -0.3974 0.3757 0.8372
vn -0.4035 0.4564 0.7931
vn -0.4019 0.5094 0.7610
vn -0.3979 0.6919 0.6024
vn -0.4048 0.5937 0.6955
vn -0.4048 0.5937 0.6954
vn -0.4069 0.6889 0.5999
vn -0.4219 0.9044 0.0633
vn -0.4205 0.8990 0.1223
vn -0.4059 0.6992 0.5885
vn -0.4095 0.7954 0.4468
vn -0.4159 0.8434 0.3400
vn -0.4158 0.8622 0.2895
vn -0.4158 0.8436 0.3399
vn -0.4135 0.8631 0.2898
vn -0.4192 0.8969 0.1409
vn -0.4224 0.9049 0.0519
vn -0.1566 0.0444 0.9867
vn -0.1558 -0.1492 0.9764
vn -0.1523 -0.1163 0.9815
vn -0.1555 -0.1009 0.9827
vn -0.1549 -0.1430 0.9775
vn -0.1475 -0.1290 0.9806
vn -0.1506 -0.1238 0.9808
vn -0.2535 -0.0607 0.9654
vn -0.1860 -0.1026 0.9772
vn -0.1565 -0.0474 0.9865
vn -0.1552 -0.0628 0.9859
vn -0.1536 -0.0715 0.9855
vn -0.1556 -0.0620 0.9859
vn -0.1567 -0.0836 0.9841
vn -0.1563 -0.0314 0.9872
vn -0.1553 -0.0207 0.9877
vn -0.1554 -0.0195 0.9877
vn -0.1565 0.0072 0.9877
vn -0.1565 0.0071 0.9877
vn -0.1564 -0.0082 0.9877
vn -0.1559 0.0207 0.9876
vn -0.1534 0.0328 0.9876
vn -0.1552 0.0224 0.9876
vn -0.1549 0.1430 0.9775
vn -0.1860 0.1026 0.9772
vn -0.2535 0.0607 0.9654
vn -0.1534 0.1221 0.9806
vn -0.1448 0.1342 0.9803
vn -0.1500 0.1232 0.9810
vn -0.1540 0.1096 0.9820
vn -0.1554 0.0998 0.9828
vn -0.1564 0.0906 0.9835
vn -0.1564 0.0753 0.9848
vn -0.1564 0.0620 0.9857
vn -0.1533 0.0738 0.9854
vn -0.1556 0.0596 0.9860
vn 0.2163 -0.9752 0.0476
vn 0.2164 -0.9751 0.0476
vn 0.2047 -0.5453 0.8129
vn 0.2022 -0.0858 0.9756
vn 0.2023 -0.0857 0.9756
vn 0.2027 -0.2374 0.9500
vn 0.2161 -0.9742 0.0655
vn 0.2159 -0.9742 0.0659
vn 0.2150 -0.9652 0.1487
vn 0.2141 -0.9653 0.1496
vn 0.2122 -0.9269 0.3094
vn 0.2107 -0.9275 0.3087
vn 0.2107 -0.9273 0.3094
vn 0.2107 -0.9275 0.3089
vn 0.2102 -0.8536 0.4767
vn 0.2090 -0.8534 0.4776
vn 0.2075 -0.7498 0.6283
vn 0.2062 -0.7495 0.6290
vn 0.2064 -0.6361 0.7435
vn 0.2064 -0.6369 0.7428
vn 0.2064 -0.6362 0.7434
vn 0.2058 -0.6367 0.7431
vn 0.2053 -0.5457 0.8125
vn 0.2034 -0.4017 0.8929
vn 0.2030 -0.4020 0.8929
vn 0.2030 -0.4017 0.8930
vn 0.2028 -0.4020 0.8929
vn 0.2030 -0.2376 0.9499
vn 0.0236 -0.0000 0.9997
vn 0.2030 -0.0000 0.9792
vn 0.3314 -0.0073 0.9434
vn 0.2266 -0.0032 0.9740
vn 0.1294 -0.0010 0.9916
vn 0.0664 -0.0003 0.9978
vn -0.9904 -0.1320 0.0400
vn -0.9829 -0.1793 0.0407
vn -0.5988 -0.7998 0.0429
vn -0.5986 -0.7999 0.0429
vn -0.8795 -0.4732 0.0515
vn -0.8794 -0.4732 0.0515
vn -0.8794 -0.4733 0.0515
vn -0.8406 -0.5391 0.0522
vn -0.5753 -0.8161 0.0544
vn -0.5984 -0.7994 0.0537
vn -0.8569 -0.1622 0.4893
vn -0.8569 -0.1623 0.4893
vn -0.3400 -0.9387 0.0572
vn -0.5517 -0.3139 0.7727
vn -0.5518 -0.3138 0.7727
vn -0.5870 0.0089 0.8096
vn -0.5605 -0.0653 0.8256
vn -0.5576 -0.2626 0.7875
vn -0.5573 -0.2622 0.7878
vn -0.5572 -0.2627 0.7877
vn -0.5617 -0.5022 0.6575
vn -0.5610 -0.5016 0.6585
vn -0.5609 -0.5024 0.6580
vn -0.3335 -0.9131 0.2345
vn -0.8301 0.1740 0.5297
vn -0.8206 0.0255 0.5710
vn -0.8236 -0.1742 0.5398
vn -0.8233 -0.1749 0.5399
vn -0.8263 -0.3336 0.4538
vn -0.8260 -0.3345 0.4537
vn -0.8307 -0.4556 0.3199
vn -0.8303 -0.4568 0.3194
vn -0.9893 -0.1311 0.0639
vn -0.9620 -0.0223 0.2722
vn -0.9620 -0.0190 0.2722
vn -0.9495 0.1910 0.2488
vn -0.9751 -0.0611 0.2134
vn -0.9750 -0.0613 0.2134
vn -0.9761 -0.1172 0.1831
vn -0.9761 -0.1175 0.1830
vn -0.9777 -0.1600 0.1361
vn -0.9777 -0.1605 0.1357
vn -0.9771 -0.1572 0.1433
vn -0.8793 -0.4732 0.0544
vn -0.8794 -0.4730 0.0544
vn -0.8794 -0.4730 0.0545
vn -0.8365 -0.5237 0.1616
vn -0.5890 -0.7882 0.1781
vn -0.5890 -0.7883 0.1781
vn -0.5679 -0.6854 0.4557
vn -0.5667 -0.6853 0.4574
vn -0.5668 -0.6860 0.4562
vn -0.5741 -0.7985 0.1811
vn -0.5872 -0.7859 0.1937
vn -0.9862 -0.0000 0.1657
vn -0.8684 -0.0000 0.4958
vn -0.8684 -0.0000 0.4959
vn -0.5812 -0.0000 0.8137
vn -0.5808 -0.0000 0.8140
vn -0.5811 -0.0000 0.8138
vn -0.8671 0.4625 0.1849
vn -0.8672 0.4625 0.1845
vn -0.8672 0.4626 0.1845
vn -0.9907 0.1304 0.0396
vn -0.5505 0.7385 0.3893
vn -0.5505 0.7385 0.3892
vn -0.5506 0.7386 0.3890
vn -0.6015 0.7961 0.0668
vn -0.5820 0.8049 0.1157
vn -0.5711 0.7593 0.3119
vn -0.5719 0.7581 0.3133
vn -0.5723 0.7585 0.3118
vn -0.5643 0.6197 0.5456
vn -0.5651 0.6184 0.5462
vn -0.5652 0.6192 0.5451
vn -0.3151 0.1944 0.9289
vn -0.8570 0.4974 -0.1343
vn -0.8394 0.5416 0.0453
vn -0.8333 0.5052 0.2245
vn -0.8337 0.5050 0.2233
vn -0.8283 0.4120 0.3798
vn -0.8288 0.4121 0.3786
vn -0.8247 0.2730 0.4953
vn -0.8250 0.2734 0.4947
vn -0.9859 0.0242 0.1657
vn -0.3490 0.0258 0.9368
vn -0.9683 0.2416 0.0634
vn -0.9616 0.2249 -0.1571
vn -0.9788 0.1774 0.1025
vn -0.9788 0.1774 0.1020
vn -0.9769 0.1447 0.1570
vn -0.9770 0.1448 0.1567
vn -0.9756 0.0958 0.1978
vn -0.9756 0.0961 0.1974
vn -0.9754 0.1033 0.1946
vn -0.8684 0.0079 0.4958
vn -0.8685 0.0079 0.4955
vn -0.8684 0.0080 0.4959
vn -0.8240 0.1189 0.5539
vn -0.5770 0.1192 0.8080
vn -0.5767 0.1193 0.8082
vn -0.5592 0.4109 0.7200
vn -0.5598 0.4100 0.7201
vn -0.5598 0.4108 0.7196
vn -0.5533 0.1241 0.8237
vn -0.5750 0.1438 0.8054
vn -0.9831 0.1783 0.0416
vn -0.5979 0.7998 0.0537
vn -0.5772 0.8148 0.0543
vn -0.5978 0.7998 0.0544
vn -0.9907 0.1305 0.0386
vn -0.8799 0.4723 0.0515
vn -0.8425 0.5362 0.0528
vn -0.8800 0.4724 0.0491
vn -0.8800 0.4725 0.0491
vn 0.0239 -0.0000 0.9997
vn 0.0664 0.0003 0.9978
vn 0.3539 -0.0000 0.9353
vn 0.2030 0.0020 0.9792
vn 0.2495 0.0040 0.9684
vn 0.1414 0.0011 0.9900
vn 0.2041 0.4420 0.8735
vn 0.2029 0.0252 0.9789
vn 0.2026 0.1098 0.9731
vn 0.2027 0.1097 0.9731
vn 0.2020 0.2712 0.9411
vn 0.2026 0.2714 0.9409
vn 0.2026 0.2712 0.9410
vn 0.2026 0.2713 0.9409
vn 0.2035 0.4424 0.8734
vn 0.2042 0.5975 0.7754
vn 0.2053 0.5978 0.7749
vn 0.2053 0.5979 0.7749
vn 0.2069 0.6893 0.6943
vn 0.2071 0.6889 0.6947
vn 0.2065 0.7701 0.6036
vn 0.2079 0.7694 0.6040
vn 0.2096 0.8598 0.4656
vn 0.2143 0.9684 0.1277
vn 0.2138 0.9685 0.1280
vn 0.2121 0.9253 0.3145
vn 0.2107 0.9253 0.3153
vn 0.2107 0.9257 0.3141
vn 0.2106 0.9253 0.3155
vn 0.2104 0.8593 0.4662
vn 0.2163 0.9752 0.0476
vn 0.2164 0.9751 0.0476
vn -0.2163 -0.9752 0.0476
vn -0.2164 -0.9752 0.0476
vn -0.2041 -0.4420 0.8735
vn -0.2142 -0.9684 0.1280
vn -0.2029 -0.0252 0.9789
vn -0.2026 -0.1098 0.9731
vn -0.2027 -0.1097 0.9731
vn -0.2021 -0.2712 0.9411
vn -0.2026 -0.2714 0.9409
vn -0.2026 -0.2711 0.9410
vn -0.2036 -0.4424 0.8734
vn -0.2042 -0.5975 0.7754
vn -0.2053 -0.5978 0.7749
vn -0.2053 -0.5973 0.7753
vn -0.2053 -0.5979 0.7749
vn -0.2069 -0.6893 0.6943
vn -0.2071 -0.6888 0.6947
vn -0.2065 -0.7701 0.6036
vn -0.2080 -0.7693 0.6040
vn -0.2096 -0.8598 0.4656
vn -0.2104 -0.8593 0.4662
vn -0.2106 -0.9253 0.3153
vn -0.2107 -0.9257 0.3142
vn -0.2107 -0.9253 0.3153
vn -0.2121 -0.9253 0.3145
vn -0.2138 -0.9685 0.1277
vn -0.2030 -0.0000 0.9792
vn -0.2047 0.5453 0.8129
vn -0.2160 0.9742 0.0655
vn -0.2022 0.0858 0.9756
vn -0.2023 0.0857 0.9756
vn -0.2027 0.2374 0.9500
vn -0.2159 0.9742 0.0658
vn -0.2150 0.9652 0.1487
vn -0.2141 0.9653 0.1496
vn -0.2122 0.9269 0.3094
vn -0.2107 0.9275 0.3087
vn -0.2107 0.9273 0.3095
vn -0.2107 0.9276 0.3086
vn -0.2102 0.8536 0.4767
vn -0.2090 0.8534 0.4776
vn -0.2075 0.7498 0.6283
vn -0.2062 0.7495 0.6290
vn -0.2063 0.6356 0.7439
vn -0.2064 0.6368 0.7429
vn -0.2063 0.6362 0.7434
vn -0.2058 0.6367 0.7431
vn -0.2053 0.5457 0.8125
vn -0.2034 0.4017 0.8929
vn -0.2030 0.4020 0.8929
vn -0.2030 0.4017 0.8930
vn -0.2028 0.4020 0.8929
vn -0.2030 0.2376 0.9499
vn -0.2164 0.9752 0.0476
vn -0.2163 0.9752 0.0476
vn -0.0055 -0.1460 0.9893
vn -0.0436 -0.1418 0.9889
vn -0.0832 -0.1452 0.9859
vn -0.1225 -0.1436 0.9820
vn -0.0832 0.1452 0.9859
vn -0.0055 0.1460 0.9893
vn -0.0436 0.1418 0.9889
vn -0.1175 -0.1405 0.9831
vn -0.1175 -0.1037 0.9876
vn -0.1175 -0.0621 0.9911
vn -0.1175 -0.0623 0.9911
vn -0.1175 -0.0208 0.9929
vn -0.1175 0.0208 0.9929
vn -0.0393 -0.1451 0.9886
vn -0.0393 -0.1044 0.9938
vn -0.0392 -0.1044 0.9938
vn -0.0392 -0.0627 0.9973
vn -0.0393 -0.0627 0.9973
vn -0.0392 -0.0209 0.9990
vn -0.0392 0.0209 0.9990
vn -0.0393 0.0209 0.9990
vn -0.0392 0.0627 0.9973
vn -0.0392 0.1044 0.9938
vn -0.0393 0.1044 0.9938
vn -0.0393 0.1451 0.9886
vn -0.1175 0.0623 0.9911
vn -0.1175 0.0621 0.9911
vn -0.1175 0.1037 0.9876
vn -0.1175 0.1405 0.9831
vn -0.1225 0.1436 0.9820
vn -0.1715 -0.5248 0.8338
vn -0.1672 -0.3064 0.9371
vn -0.1699 -0.3175 0.9329
vn -0.1748 -0.4851 0.8568
vn -0.1594 -0.2931 0.9427
vn -0.1556 -0.3142 0.9365
vn -0.1492 -0.3197 0.9357
vn -0.1578 -0.1724 0.9723
vn -0.1605 -0.2183 0.9626
vn -0.1611 -0.2626 0.9514
vn -0.0000 -0.5802 0.8145
vn 0.0160 -0.4159 0.9093
vn -0.0000 -0.3132 0.9497
vn 0.0105 -0.5802 0.8144
vn 0.0231 -0.5652 0.8246
vn -0.0001 -0.6156 0.7881
vn 0.0108 -0.6975 0.7165
vn -0.0399 -0.4160 0.9085
vn 0.0111 -0.7621 0.6473
vn 0.0270 -0.7849 0.6191
vn -0.1322 -0.3100 0.9415
vn 0.0031 -0.5802 0.8145
vn -0.0061 -0.5783 0.8158
vn -0.0063 -0.5781 0.8159
vn -0.0363 -0.5783 0.8151
vn -0.0362 -0.5782 0.8151
vn -0.0497 -0.5484 0.8347
vn -0.0740 -0.5694 0.8188
vn -0.0739 -0.5694 0.8188
vn -0.0947 -0.5629 0.8211
vn -0.1107 -0.5686 0.8151
vn -0.1390 -0.5280 0.8378
vn -0.1451 -0.4956 0.8564
vn -0.1106 -0.5686 0.8151
vn -0.0059 -0.3132 0.9497
vn -0.0470 -0.3127 0.9487
vn -0.0472 -0.3132 0.9485
vn -0.0896 -0.3112 0.9461
vn -0.0898 -0.3112 0.9461
vn -0.0895 -0.3114 0.9461
vn -0.1317 -0.3086 0.9420
vn -0.1480 0.3196 0.9359
vn -0.1555 0.3153 0.9362
vn -0.1586 0.2972 0.9415
vn -0.1608 0.2764 0.9475
vn -0.1609 0.2302 0.9598
vn -0.1584 0.1797 0.9709
vn -0.1679 0.3175 0.9333
vn -0.1694 0.3062 0.9368
vn -0.1749 0.4980 0.8494
vn -0.1704 0.5249 0.8339
vn 0.0117 0.5802 0.8144
vn 0.0277 0.5568 0.8302
vn 0.0198 0.7324 0.6806
vn 0.0357 0.7531 0.6569
vn -0.0000 0.3132 0.9497
vn 0.0089 0.3707 0.9287
vn -0.0052 0.5802 0.8145
vn 0.0008 0.7539 0.6570
vn 0.0006 0.6198 0.7848
vn 0.0120 0.6969 0.7170
vn 0.0031 0.5802 0.8145
vn -0.1487 0.5271 0.8367
vn -0.1387 0.5095 0.8492
vn -0.0947 0.5629 0.8211
vn -0.1107 0.5686 0.8151
vn -0.1106 0.5686 0.8151
vn -0.0351 0.5355 0.8438
vn -0.0740 0.5694 0.8188
vn -0.0738 0.5694 0.8188
vn -0.0059 0.3132 0.9497
vn -0.0063 0.5781 0.8159
vn -0.0060 0.5783 0.8158
vn -0.0470 0.3132 0.9485
vn -0.0472 0.3127 0.9487
vn -0.0498 0.5779 0.8146
vn -0.0362 0.5782 0.8151
vn -0.0891 0.3112 0.9462
vn -0.0898 0.3112 0.9461
vn -0.0895 0.3114 0.9461
vn -0.1321 0.3085 0.9420
vn -0.1317 0.3101 0.9415
vn 0.0538 -0.7731 0.6320
vn 0.2796 -0.5518 0.7857
vn 0.1711 -0.7536 0.6346
vn 0.2850 -0.5527 0.7831
vn 0.2410 -0.5030 0.8300
vn 0.3695 -0.1933 0.9089
vn 0.2710 -0.4962 0.8249
vn 0.3719 -0.1938 0.9078
vn 0.3617 -0.1734 0.9160
vn -0.0082 -0.8910 0.4539
vn 0.0731 -0.7384 0.6704
vn 0.1416 -0.8552 0.4986
vn 0.1123 -0.7862 0.6077
vn 0.0226 -0.7226 0.6909
vn 0.1941 -0.6319 0.7504
vn 0.2403 -0.4860 0.8402
vn 0.0699 -0.5868 0.8067
vn 0.3665 -0.2346 0.9004
vn 0.3571 -0.1693 0.9186
vn 0.3820 -0.1763 0.9072
vn 0.3263 -0.2196 0.9194
vn 0.3373 -0.1869 0.9227
vn 0.3373 -0.1868 0.9227
vn 0.2575 -0.4907 0.8324
vn 0.1956 -0.5348 0.8221
vn 0.1956 -0.5348 0.8220
vn 0.0389 -0.5738 0.8181
vn 0.2706 -0.1985 0.9420
vn 0.0049 -0.1851 0.9827
vn 0.0384 -0.5464 0.8367
vn 0.1006 -0.1884 0.9769
vn 0.0303 -0.1750 0.9841
vn 0.1802 -0.1902 0.9651
vn 0.0883 -0.1629 0.9827
vn 0.0131 -0.5476 0.8367
vn 0.0700 -0.5579 0.8270
vn 0.0242 -0.5576 0.8298
vn 0.1067 -0.5817 0.8064
vn -0.0053 -0.5421 0.8403
vn -0.0017 -0.5420 0.8404
vn 0.0173 -0.1892 0.9818
vn -0.0122 -0.1896 0.9818
vn 0.0049 -0.5434 0.8395
vn 0.0151 -0.5434 0.8394
vn 0.0527 -0.1897 0.9804
vn -0.0034 -0.1879 0.9822
vn -0.0418 -0.1630 0.9857
vn -0.1441 -0.4873 0.8613
vn -0.1120 -0.4730 0.8739
vn -0.1049 -0.4963 0.8618
vn -0.0849 -0.5167 0.8520
vn -0.1067 -0.5173 0.8491
vn -0.0714 -0.5225 0.8497
vn -0.0566 -0.5261 0.8485
vn -0.0720 -0.5304 0.8447
vn -0.0528 -0.1690 0.9842
vn -0.0310 -0.1738 0.9843
vn -0.0392 -0.1804 0.9828
vn -0.0214 -0.1829 0.9829
vn -0.0264 -0.1854 0.9823
vn -0.0105 -0.1869 0.9823
vn -0.0130 -0.1895 0.9818
vn -0.0351 -0.5340 0.8448
vn -0.0279 -0.5414 0.8403
vn -0.0353 -0.5412 0.8401
vn -0.0746 -0.0816 0.9939
vn 0.0027 -0.0840 0.9965
vn -0.0371 -0.0510 0.9980
vn -0.0530 -0.0566 0.9970
vn -0.0388 -0.0659 0.9971
vn -0.0545 -0.0729 0.9958
vn -0.0402 -0.0806 0.9959
vn -0.0558 -0.0885 0.9945
vn -0.0406 -0.0956 0.9946
vn -0.0581 -0.1102 0.9922
vn -0.1124 -0.2862 0.9516
vn -0.1537 -0.2669 0.9514
vn -0.1116 -0.2434 0.9635
vn -0.1509 -0.2221 0.9633
vn -0.1083 -0.2006 0.9737
vn -0.1475 -0.1751 0.9734
vn -0.1048 -0.1572 0.9820
vn -0.1411 -0.1270 0.9818
vn -0.0266 -0.1299 0.9912
vn -0.1511 -0.3314 0.9313
vn -0.1511 -0.3315 0.9313
vn -0.1583 -0.3286 0.9311
vn -0.0607 -0.1574 0.9857
vn -0.0437 -0.1399 0.9892
vn -0.0420 -0.1165 0.9923
vn -0.0597 -0.1345 0.9891
vn -0.1309 -0.4065 0.9042
vn -0.1184 -0.4106 0.9041
vn -0.1630 -0.4580 0.8739
vn -0.0405 0.0377 0.9985
vn -0.0797 -0.0763 0.9939
vn -0.0818 -0.0508 0.9953
vn -0.0765 -0.0584 0.9954
vn -0.0822 -0.0602 0.9948
vn -0.0765 -0.0671 0.9948
vn -0.0824 -0.0693 0.9942
vn -0.0785 -0.0735 0.9942
vn -0.0814 -0.0746 0.9939
vn -0.0775 -0.0394 0.9962
vn -0.0806 -0.0430 0.9958
vn -0.0766 -0.0497 0.9958
vn -0.0795 -0.0353 0.9962
vn -0.0782 -0.0364 0.9963
vn -0.0806 -0.0312 0.9963
vn -0.0772 -0.0313 0.9965
vn -0.0801 -0.0231 0.9965
vn -0.0775 -0.0235 0.9967
vn -0.0796 -0.0152 0.9967
vn -0.0778 -0.0156 0.9968
vn -0.0788 -0.0094 0.9968
vn -0.0782 -0.0098 0.9969
vn -0.0788 -0.0039 0.9969
vn -0.0784 -0.0041 0.9969
vn -0.0785 0.0034 0.9969
vn -0.0784 0.0036 0.9969
vn -0.0788 0.0034 0.9969
vn -0.0781 0.0108 0.9969
vn -0.0792 0.0115 0.9968
vn -0.0783 0.0160 0.9968
vn -0.0788 0.0168 0.9968
vn -0.0778 0.0210 0.9967
vn -0.0797 0.0226 0.9966
vn -0.0777 0.0284 0.9966
vn -0.0799 0.0306 0.9963
vn -0.0778 0.0357 0.9963
vn -0.0800 0.0386 0.9960
vn -0.0809 0.0372 0.9960
vn -0.0778 0.0430 0.9960
vn -0.0803 0.0466 0.9957
vn -0.0791 0.0485 0.9957
vn -0.0791 0.0508 0.9956
vn -0.0778 0.0527 0.9956
vn -0.0808 0.0575 0.9951
vn -0.0780 0.0611 0.9951
vn -0.0808 0.0665 0.9945
vn -0.0783 0.0694 0.9945
vn -0.1047 0.1290 0.9861
vn -0.0493 0.1608 0.9858
vn -0.1565 0.4163 0.8957
vn -0.1293 0.4681 0.8742
vn -0.0567 0.1423 0.9882
vn -0.0505 0.1443 0.9882
vn -0.0536 0.1142 0.9920
vn -0.0490 0.1160 0.9920
vn -0.0515 0.0896 0.9946
vn -0.0448 0.0928 0.9947
vn -0.0526 0.0823 0.9952
vn -0.0469 0.0851 0.9953
vn -0.0489 0.0633 0.9968
vn -0.0451 0.0656 0.9968
vn -0.0469 0.0472 0.9978
vn -0.0437 0.0497 0.9978
vn -0.0446 0.0335 0.9984
vn -0.1627 0.4142 0.8955
vn -0.1172 0.3631 0.9244
vn -0.1509 0.3378 0.9290
vn -0.1301 0.3459 0.9292
vn -0.1466 0.2679 0.9522
vn -0.1214 0.2797 0.9524
vn -0.1481 0.2476 0.9575
vn -0.1261 0.2586 0.9577
vn -0.1405 0.1913 0.9714
vn -0.1226 0.2024 0.9716
vn -0.1360 0.1440 0.9802
vn -0.1201 0.1564 0.9804
vn -0.1308 0.1024 0.9861
vn -0.1414 0.4645 0.8742
vn -0.0511 0.1603 0.9857
vn -0.1160 0.4939 0.8618
vn -0.1049 0.4963 0.8618
vn -0.0849 0.5167 0.8520
vn -0.1067 0.5173 0.8491
vn -0.0714 0.5225 0.8497
vn -0.0566 0.5261 0.8485
vn -0.0353 0.5412 0.8401
vn -0.0279 0.5414 0.8403
vn -0.0351 0.5340 0.8448
vn -0.0720 0.5304 0.8447
vn -0.0438 0.1710 0.9843
vn -0.0381 0.1722 0.9843
vn -0.0324 0.1813 0.9829
vn -0.0262 0.1822 0.9829
vn -0.0217 0.1858 0.9823
vn -0.0129 0.1867 0.9823
vn -0.0106 0.1896 0.9818
vn 0.0049 0.5428 0.8399
vn 0.0151 0.5444 0.8387
vn 0.0529 0.1912 0.9801
vn -0.0017 0.1845 0.9828
vn -0.0052 0.5419 0.8404
vn -0.0018 0.5424 0.8401
vn 0.0173 0.1900 0.9816
vn -0.0116 0.1873 0.9822
vn 0.2093 0.0932 0.9734
vn 0.4792 0.7345 0.4806
vn 0.0358 0.3440 0.9383
vn 0.5955 0.3011 0.7448
vn 0.0692 0.1499 0.9863
vn 0.1959 0.2043 0.9591
vn 0.0195 0.1673 0.9857
vn 0.1093 0.1946 0.9748
vn 0.0426 0.5657 0.8235
vn 0.0724 0.5754 0.8147
vn 0.0284 0.5521 0.8333
vn 0.0406 0.5548 0.8310
vn 0.0148 0.5443 0.8388
vn 0.0419 0.7289 0.6833
vn 0.1519 0.8700 0.4691
vn 0.3373 0.1868 0.9227
vn 0.2387 0.5440 0.8044
vn 0.2179 0.4797 0.8499
vn 0.1956 0.5348 0.8220
vn 0.1066 0.7991 0.5917
vn 0.3174 0.8057 0.5001
vn 0.3456 0.1660 0.9236
vn 0.3429 0.1653 0.9247
vn 0.3514 0.1897 0.9168
vn 0.0429 0.6452 0.7628
vn 0.0917 0.7436 0.6624
vn 0.2041 0.4148 0.8867
vn 0.2094 0.4772 0.8535
vn 0.2488 0.4315 0.8671
vn 0.3378 0.1417 0.9305
vn 0.0489 0.7719 0.6339
vn 0.3632 0.1673 0.9166
vn 0.3760 0.1947 0.9060
vn 0.2684 0.4895 0.8297
vn 0.3649 0.1924 0.9110
vn 0.2391 0.4960 0.8348
vn 0.4014 0.6796 0.6140
vn 0.2751 0.5510 0.7879
vn 0.9833 0.1773 0.0416
vn 0.9833 0.1771 0.0416
vn 0.8425 0.5363 0.0514
vn 0.5762 0.8156 0.0536
vn 0.8424 0.5363 0.0514
vn 0.8425 0.5362 0.0514
vn 0.5604 0.0651 0.8257
vn 0.9752 0.0153 0.2209
vn 0.7628 0.4782 0.4353
vn 0.9833 0.1771 0.0419
vn 0.9752 0.0152 0.2209
vn 0.8254 0.0435 0.5629
vn 0.5606 0.0651 0.8255
vn 0.5606 0.0650 0.8255
vn 0.5577 0.2627 0.7874
vn 0.5573 0.2621 0.7878
vn 0.5610 0.5017 0.6585
vn 0.5617 0.5022 0.6575
vn 0.5572 0.2627 0.7877
vn 0.9752 0.0152 0.2210
vn 0.9750 0.0612 0.2134
vn 0.9761 0.1170 0.1832
vn 0.9761 0.1174 0.1830
vn 0.9777 0.1599 0.1361
vn 0.9777 0.1604 0.1357
vn 0.9797 0.1858 0.0756
vn 0.9779 0.2017 0.0549
vn 0.4065 0.0517 0.9122
vn 0.8254 0.0433 0.5628
vn 0.8236 0.1742 0.5398
vn 0.8234 0.1748 0.5399
vn 0.8264 0.3335 0.4537
vn 0.8260 0.3346 0.4536
vn 0.8307 0.4557 0.3199
vn 0.8303 0.4567 0.3194
vn 0.8344 0.5372 0.1238
vn 0.8372 0.5314 0.1294
vn 0.7552 0.4733 0.4535
vn 0.7552 0.4732 0.4535
vn 0.1899 0.2765 0.9421
vn 0.5857 0.7870 0.1939
vn 0.5742 0.7983 0.1818
vn 0.5669 0.6861 0.4560
vn 0.5667 0.6853 0.4574
vn 0.5679 0.6854 0.4558
vn 0.5609 0.5026 0.6579
vn 0.5618 -0.0000 0.8273
vn 0.5618 -0.0000 0.8272
vn 0.5617 -0.0000 0.8274
vn 0.8262 -0.0000 0.5634
vn 0.9753 -0.0000 0.2208
vn 0.9753 -0.0000 0.2209
vn 0.2829 0.7228 0.6305
vn 0.3987 0.4537 0.7970
vn 0.5567 0.1347 0.8197
vn 0.4956 0.1631 0.8531
vn 0.5550 0.1543 0.8174
vn 0.8228 0.0904 0.5611
vn 0.7972 0.1088 0.5938
vn 0.9748 0.0310 0.2207
vn 0.9712 0.0342 0.2356
vn 0.9747 0.0346 0.2208
vn 0.9668 0.1160 0.2279
vn 0.9724 0.0994 0.2112
vn 0.7579 0.3283 0.5637
vn 0.8000 0.2842 0.5284
vn 0.4932 0.4464 0.7466
vn 0.4997 0.4177 0.7588
vn 0.9616 0.1937 0.1945
vn 0.9686 0.1683 0.1829
vn 0.7095 0.5348 0.4589
vn 0.7633 0.4725 0.4407
vn 0.4025 0.7042 0.5849
vn 0.4080 0.6768 0.6127
vn 0.9627 0.2202 0.1572
vn 0.9635 0.2125 0.1628
vn 0.7089 0.6087 0.3563
vn 0.7163 0.5878 0.3760
vn 0.2744 0.8438 0.4612
vn 0.2919 0.8149 0.5007
vn 0.9619 0.2282 0.1506
vn 0.9627 0.2205 0.1567
vn 0.7012 0.6285 0.3366
vn 0.7088 0.6079 0.3579
vn 0.2563 0.8653 0.4307
vn 0.2740 0.8377 0.4725
vn 0.2508 0.7274 0.6387
vn 0.2450 0.3578 0.9011
vn 0.2493 0.3551 0.9010
vn 0.6861 0.2624 0.6785
vn 0.6881 0.2601 0.6774
vn 0.9568 0.0968 0.2743
vn 0.9570 0.0960 0.2739
vn 0.2406 0.7295 0.6403
vn 0.2500 0.7243 0.6426
vn 0.6838 0.5395 0.4913
vn 0.6885 0.5339 0.4909
vn 0.9578 0.2003 0.2062
vn 0.9583 0.1980 0.2059
vn 0.9580 -0.0375 0.2842
vn 0.6947 -0.1028 0.7119
vn 0.2533 -0.1418 0.9569
vn 0.2531 -0.1417 0.9570
vn 0.2528 -0.0766 0.9645
vn 0.2529 -0.0765 0.9645
vn 0.2530 -0.0765 0.9644
vn 0.2529 0.0182 0.9673
vn 0.2528 0.0182 0.9673
vn 0.9581 -0.0375 0.2840
vn 0.9579 -0.0202 0.2863
vn 0.9579 -0.0203 0.2862
vn 0.9579 0.0048 0.2870
vn 0.9579 0.0048 0.2871
vn 0.9580 0.0298 0.2853
vn 0.9579 0.0299 0.2854
vn 0.6941 -0.0555 0.7177
vn 0.6942 -0.0555 0.7176
vn 0.6942 0.0132 0.7197
vn 0.6943 0.0819 0.7150
vn 0.6942 0.0819 0.7151
vn 0.2527 0.1128 0.9609
vn 0.2530 0.1128 0.9609
vn 0.2410 -0.4020 0.8834
vn 0.2535 -0.7573 0.6018
vn 0.2443 -0.7561 0.6072
vn 0.6928 -0.5558 0.4595
vn 0.6886 -0.5568 0.4646
vn 0.9594 -0.2053 0.1936
vn 0.9589 -0.2057 0.1956
vn 0.2467 -0.4014 0.8821
vn 0.2413 -0.3995 0.8844
vn 0.6840 -0.2955 0.6670
vn 0.6813 -0.2949 0.6699
vn 0.9562 -0.1097 0.2713
vn 0.9559 -0.1094 0.2725
vn 0.9630 -0.2247 0.1488
vn 0.9615 -0.2243 0.1585
vn 0.7095 -0.6208 0.3334
vn 0.7000 -0.6162 0.3609
vn 0.2753 -0.8598 0.4301
vn 0.2546 -0.8438 0.4725
vn 0.9638 -0.2169 0.1553
vn 0.9624 -0.2162 0.1647
vn 0.7170 -0.6012 0.3528
vn 0.7077 -0.5958 0.3798
vn 0.2931 -0.8380 0.4602
vn 0.2727 -0.8213 0.5012
vn 0.7979 -0.3055 0.5196
vn 0.2831 -0.7245 0.6285
vn 0.7075 -0.5248 0.4733
vn 0.4030 -0.7056 0.5828
vn 0.4061 -0.6796 0.6109
vn 0.3970 -0.4612 0.7935
vn 0.9612 -0.1907 0.1993
vn 0.7614 -0.4903 0.4240
vn 0.7557 -0.3213 0.5707
vn 0.4943 -0.4528 0.7421
vn 0.4971 -0.4255 0.7562
vn 0.5563 -0.1398 0.8191
vn 0.4923 -0.1690 0.8539
vn 0.5546 -0.1597 0.8167
vn 0.7947 -0.1031 0.5982
vn 0.8216 -0.1053 0.5603
vn 0.9748 -0.0322 0.2210
vn 0.9685 -0.1744 0.1779
vn 0.9664 -0.1141 0.2303
vn 0.9721 -0.1066 0.2087
vn 0.9710 -0.0357 0.2364
vn 0.9747 -0.0358 0.2208
vn 0.9862 -0.0000 0.1657
vn 0.9753 0.0025 0.2209
vn 0.5810 -0.0015 0.8139
vn 0.5813 -0.0015 0.8137
vn 0.8262 0.0013 0.5634
vn 0.8684 -0.0030 0.4959
vn 0.9752 -0.0029 0.2211
vn 0.8684 -0.0022 0.4959
vn 0.8684 -0.0023 0.4958
vn 0.5618 -0.0014 0.8272
vn 0.5619 -0.0014 0.8272
vn 0.5811 -0.0000 0.8138
vn 0.8672 -0.4626 0.1844
vn 0.8673 -0.4624 0.1844
vn 0.8672 -0.4626 0.1842
vn 0.9906 -0.1304 0.0406
vn 0.5506 -0.7386 0.3889
vn 0.5506 -0.7385 0.3891
vn 0.5507 -0.7387 0.3887
vn 0.6016 -0.7960 0.0666
vn 0.5821 -0.8049 0.1156
vn 0.5712 -0.7593 0.3120
vn 0.5719 -0.7581 0.3133
vn 0.5723 -0.7585 0.3117
vn 0.5642 -0.6196 0.5456
vn 0.5651 -0.6183 0.5462
vn 0.5652 -0.6192 0.5451
vn 0.3153 -0.1945 0.9288
vn 0.8570 -0.4975 -0.1342
vn 0.8394 -0.5416 0.0455
vn 0.8332 -0.5053 0.2245
vn 0.8337 -0.5050 0.2232
vn 0.8283 -0.4120 0.3797
vn 0.8287 -0.4122 0.3786
vn 0.8247 -0.2730 0.4954
vn 0.8250 -0.2734 0.4946
vn 0.9859 -0.0242 0.1656
vn 0.3491 -0.0258 0.9367
vn 0.9683 -0.2416 0.0628
vn 0.9616 -0.2250 -0.1570
vn 0.9788 -0.1774 0.1026
vn 0.9789 -0.1773 0.1020
vn 0.9770 -0.1448 0.1568
vn 0.9770 -0.1448 0.1567
vn 0.9756 -0.0959 0.1976
vn 0.9756 -0.0960 0.1975
vn 0.9754 -0.1034 0.1947
vn 0.8684 -0.0081 0.4958
vn 0.8682 -0.0080 0.4961
vn 0.8683 -0.0081 0.4959
vn 0.8241 -0.1190 0.5539
vn 0.5770 -0.1192 0.8080
vn 0.5768 -0.1192 0.8081
vn 0.5592 -0.4109 0.7201
vn 0.5598 -0.4100 0.7201
vn 0.5598 -0.4109 0.7196
vn 0.5533 -0.1241 0.8237
vn 0.5750 -0.1438 0.8054
vn 0.9831 -0.1783 0.0417
vn 0.5978 -0.7998 0.0537
vn 0.5772 -0.8148 0.0543
vn 0.5979 -0.7997 0.0544
vn 0.5978 -0.7998 0.0544
vn 0.9907 -0.1304 0.0386
vn 0.8798 -0.4726 0.0515
vn 0.8425 -0.5362 0.0528
vn 0.8801 -0.4723 0.0491
vn 0.8800 -0.4725 0.0491
vn -0.3973 -0.0000 0.9177
vn -0.0000 -0.9976 0.0693
vn -0.0005 -0.2584 0.9660
vn 0.0011 -0.1029 0.9947
vn -0.0011 -0.1677 0.9858
vn 0.0005 -0.0119 0.9999
vn -0.0005 -0.0791 0.9969
vn -0.0000 -0.0346 0.9994
vn 0.0091 -0.2584 0.9660
vn -0.0109 -0.6359 0.7717
vn -0.0036 -0.5059 0.8626
vn -0.0014 -0.4158 0.9094
vn 0.0001 -0.3213 0.9470
vn 0.0001 -0.3212 0.9470
vn -0.0005 -0.7499 0.6615
vn -0.0000 -0.7270 0.6867
vn -0.0000 -0.6616 0.7498
vn 0.0025 -0.4075 0.9132
vn -0.0003 -0.5465 0.8374
vn -0.0003 -0.6357 0.7719
vn 0.0023 -0.5465 0.8375
vn 0.0008 -0.6191 0.7853
vn 0.0036 -0.8450 0.5348
vn 0.0108 -0.7501 0.6613
vn -0.0091 -0.9568 0.2906
vn -0.0025 -0.8989 0.4382
vn -0.0009 -0.8563 0.5164
vn 0.0004 -0.8067 0.5910
vn 0.0014 -0.8946 0.4469
vn -0.0001 -0.9352 0.3541
vn -0.0001 -0.9568 0.2908
vn -0.0019 -0.9792 0.2030
vn 0.0017 -0.9352 0.3540
vn -0.0017 -0.9935 0.1137
vn 0.0017 -0.9794 0.2019
vn 0.0005 -0.9935 0.1139
vn -0.0000 0.9976 0.0693
vn -0.0017 0.9352 0.3540
vn 0.0017 0.9935 0.1137
vn -0.0017 0.9794 0.2019
vn -0.0005 0.9935 0.1139
vn -0.0108 0.7500 0.6614
vn -0.0036 0.8450 0.5348
vn 0.0019 0.9792 0.2030
vn 0.0001 0.9568 0.2908
vn 0.0001 0.9352 0.3541
vn -0.0014 0.8946 0.4469
vn 0.0091 0.9568 0.2906
vn 0.0025 0.8989 0.4382
vn 0.0009 0.8563 0.5164
vn -0.0004 0.8067 0.5910
vn 0.0005 0.7499 0.6615
vn -0.0000 0.7270 0.6867
vn -0.0000 0.6616 0.7498
vn -0.0091 0.2584 0.9660
vn -0.0025 0.4075 0.9132
vn 0.0003 0.5465 0.8374
vn 0.0003 0.6357 0.7720
vn -0.0023 0.5465 0.8375
vn -0.0008 0.6187 0.7856
vn 0.0109 0.6356 0.7720
vn 0.0036 0.5059 0.8626
vn 0.0014 0.4158 0.9094
vn -0.0001 0.3213 0.9470
vn -0.0001 0.3212 0.9470
vn 0.0005 0.2584 0.9660
vn -0.0011 0.1029 0.9947
vn 0.0011 0.1677 0.9858
vn -0.0005 0.0119 0.9999
vn 0.0005 0.0791 0.9969
vn -0.0000 0.0346 0.9994
vn -0.0000 0.9994 0.0349
vn -0.0000 -0.9994 0.0349
vn 0.9994 0.0001 0.0349
vn 0.9994 0.0042 0.0357
vn 0.9994 0.0001 0.0348
vn 0.9994 -0.0001 0.0349
vn 0.9994 -0.0000 0.0350
vn 0.9994 -0.0001 0.0348
vn 0.9994 0.0002 0.0346
vn -0.9995 0.0022 0.0311
vn -0.9994 -0.0000 0.0348
vn -0.9994 0.0028 0.0355
vn -0.9994 -0.0000 0.0351
vn -0.9994 0.0002 0.0352
vn -0.9994 -0.0001 0.0347
vn -0.9994 0.0001 0.0349
vn -0.4224 0.9052 0.0464
vn -0.4192 0.9010 0.1116
vn -0.4215 0.8969 0.1338
vn -0.4187 0.8876 0.1921
vn -0.4143 0.8685 0.2720
vn -0.3955 0.9086 0.1342
vn -0.4236 0.8110 0.4035
vn -0.4086 0.8676 0.2833
vn -0.4105 0.8074 0.4238
vn -0.4115 0.8161 0.4058
vn -0.4130 0.8063 0.4234
vn -0.4103 0.7774 0.4769
vn -0.4060 0.7335 0.5451
vn -0.4059 0.7271 0.5536
vn -0.4064 0.7333 0.5451
vn -0.4071 0.7267 0.5533
vn -0.4051 0.6608 0.6319
vn -0.4075 0.6246 0.6662
vn -0.4050 0.5780 0.7084
vn -0.4050 0.5774 0.7090
vn -0.3964 0.6281 0.6696
vn -0.4033 0.4595 0.7913
vn -0.4011 0.5069 0.7629
vn -0.4012 0.5070 0.7629
vn -0.3978 0.4607 0.7934
vn -0.4023 0.3733 0.8360
vn -0.3997 0.2302 0.8873
vn -0.3955 0.2927 0.8706
vn -0.4004 0.3737 0.8367
vn -0.3990 0.2922 0.8692
vn -0.4026 0.3778 0.8338
vn -0.3958 0.0846 0.9144
vn -0.4040 0.0314 0.9142
vn -0.4009 0.0721 0.9133
vn -0.3858 0.2318 0.8930
vn -0.3949 0.1528 0.9059
vn -0.3949 0.1529 0.9059
vn -0.3972 -0.0109 0.9177
vn -0.3977 -0.0936 0.9127
vn -0.3969 -0.0887 0.9136
vn -0.3969 -0.2352 0.8872
vn -0.3969 -0.2353 0.8872
vn -0.3706 -0.0896 0.9244
vn -0.4124 -0.3682 0.8333
vn -0.3902 -0.2393 0.8891
vn -0.3991 -0.3815 0.8338
vn -0.3991 -0.3707 0.8386
vn -0.4006 -0.3812 0.8332
vn -0.3992 -0.4976 0.7701
vn -0.4001 -0.5141 0.7587
vn -0.3998 -0.4974 0.7699
vn -0.4018 -0.5136 0.7581
vn -0.4127 -0.7660 0.4928
vn -0.4032 -0.6824 0.6097
vn -0.4077 -0.6302 0.6607
vn -0.4064 -0.6008 0.6883
vn -0.4064 -0.6008 0.6884
vn -0.4077 -0.6302 0.6608
vn -0.4037 -0.6014 0.6894
vn -0.4029 -0.5628 0.7218
vn -0.4072 -0.7314 0.5470
vn -0.4072 -0.7313 0.5471
vn -0.4064 -0.7685 0.4942
vn -0.4146 -0.8091 0.4164
vn -0.4172 -0.8661 0.2753
vn -0.4112 -0.8499 0.3297
vn -0.4121 -0.8102 0.4168
vn -0.4148 -0.8483 0.3291
vn -0.4145 -0.8109 0.4131
vn -0.4179 -0.8991 0.1304
vn -0.4290 -0.9005 0.0713
vn -0.4246 -0.8985 0.1112
vn -0.4023 -0.8727 0.2766
vn -0.4156 -0.8892 0.1914
vn -0.4224 -0.9052 0.0464
vn 0.4224 0.9052 0.0464
vn 0.4179 0.8991 0.1304
vn 0.4290 0.9005 0.0713
vn 0.4246 0.8985 0.1112
vn 0.4023 0.8727 0.2766
vn 0.4156 0.8892 0.1914
vn 0.4172 0.8661 0.2754
vn 0.4112 0.8499 0.3297
vn 0.4121 0.8102 0.4168
vn 0.4072 0.7314 0.5470
vn 0.4072 0.7313 0.5471
vn 0.4065 0.7685 0.4942
vn 0.4146 0.8091 0.4164
vn 0.4145 0.8109 0.4131
vn 0.4148 0.8483 0.3291
vn 0.4127 0.7660 0.4928
vn 0.4032 0.6824 0.6097
vn 0.4077 0.6302 0.6607
vn 0.4064 0.6008 0.6883
vn 0.4077 0.6302 0.6608
vn 0.4037 0.6014 0.6894
vn 0.4029 0.5628 0.7217
vn 0.4018 0.5136 0.7582
vn 0.3998 0.4974 0.7699
vn 0.4001 0.5140 0.7588
vn 0.3992 0.4976 0.7701
vn 0.4006 0.3812 0.8332
vn 0.3991 0.3707 0.8386
vn 0.3991 0.3815 0.8338
vn 0.3987 0.3708 0.8388
vn 0.3980 0.2670 0.8777
vn 0.3950 0.2355 0.8880
vn 0.4003 0.1181 0.9087
vn 0.4009 0.2350 0.8855
vn 0.4016 0.1180 0.9082
vn 0.3977 0.0936 0.9127
vn 0.3972 0.0108 0.9177
vn 0.3973 -0.0000 0.9177
vn 0.3958 -0.0846 0.9144
vn 0.4040 -0.0314 0.9142
vn 0.4009 -0.0720 0.9133
vn 0.3858 -0.2316 0.8931
vn 0.3949 -0.1528 0.9059
vn 0.3949 -0.1529 0.9059
vn 0.3997 -0.2301 0.8873
vn 0.3955 -0.2927 0.8706
vn 0.4004 -0.3737 0.8367
vn 0.3990 -0.2922 0.8691
vn 0.4026 -0.3778 0.8338
vn 0.4023 -0.3733 0.8360
vn 0.3978 -0.4608 0.7934
vn 0.4011 -0.5070 0.7629
vn 0.4033 -0.4595 0.7914
vn 0.3964 -0.6281 0.6696
vn 0.4050 -0.5774 0.7090
vn 0.4050 -0.5773 0.7090
vn 0.4075 -0.6246 0.6662
vn 0.4051 -0.6608 0.6319
vn 0.4071 -0.7267 0.5533
vn 0.4064 -0.7333 0.5451
vn 0.4060 -0.7271 0.5536
vn 0.4060 -0.7335 0.5451
vn 0.4103 -0.7773 0.4769
vn 0.4130 -0.8063 0.4234
vn 0.4115 -0.8161 0.4058
vn 0.4105 -0.8073 0.4240
vn 0.4108 -0.8164 0.4058
vn 0.4147 -0.8553 0.3108
vn 0.4128 -0.8692 0.2721
vn 0.4221 -0.8917 0.1633
vn 0.4192 -0.9010 0.1116
vn 0.4241 -0.8908 0.1631
vn 0.4226 -0.8858 0.1918
vn 0.4182 -0.8668 0.2715
vn 0.4224 -0.9052 0.0464
vn 0.0446 0.0188 0.9988
vn 0.0445 -0.0306 0.9985
vn 0.0535 -0.0150 0.9985
vn 0.0500 0.0188 0.9986
vn 0.0495 0.0094 0.9987
vn 0.0495 0.0096 0.9987
vn -0.0491 -0.1472 0.9879
vn 0.0284 -0.1451 0.9890
vn 0.0626 -0.0992 0.9931
vn 0.0572 -0.0800 0.9952
vn 0.0572 -0.0982 0.9935
vn 0.0439 -0.0800 0.9958
vn 0.0519 -0.0649 0.9965
vn 0.0530 -0.0426 0.9977
vn 0.0532 0.0338 0.9980
vn 0.0512 0.0595 0.9969
vn 0.0434 0.0681 0.9967
vn 0.0672 0.1072 0.9920
vn 0.0620 0.1418 0.9880
vn 0.0620 0.1061 0.9924
vn -0.0098 0.1417 0.9899
vn -0.2163 -0.9754 0.0416
vn -0.2028 -0.0116 0.9791
vn -0.2153 -0.9699 0.1141
vn -0.2160 -0.9738 0.0717
vn -0.2154 -0.9740 0.0706
vn -0.2105 -0.8734 0.4392
vn -0.2116 -0.9129 0.3490
vn -0.2116 -0.9131 0.3486
vn -0.2112 -0.9130 0.3491
vn -0.2110 -0.9132 0.3486
vn -0.2138 -0.9560 0.2007
vn -0.2136 -0.9562 0.2001
vn -0.2131 -0.9562 0.2007
vn -0.2154 -0.9698 0.1148
vn -0.2058 -0.6045 0.7695
vn -0.2063 -0.6457 0.7352
vn -0.2061 -0.6460 0.7350
vn -0.2060 -0.6460 0.7350
vn -0.2072 -0.7322 0.6487
vn -0.2067 -0.7321 0.6491
vn -0.2067 -0.7323 0.6488
vn -0.2091 -0.8247 0.5255
vn -0.2089 -0.8250 0.5250
vn -0.2084 -0.8249 0.5255
vn -0.2107 -0.8731 0.4397
vn -0.2028 -0.0113 0.9791
vn -0.2023 -0.1004 0.9742
vn -0.2022 -0.1005 0.9742
vn -0.2027 -0.2522 0.9462
vn -0.2027 -0.2523 0.9462
vn -0.2026 -0.2522 0.9462
vn -0.2026 -0.2523 0.9462
vn -0.2036 -0.3977 0.8947
vn -0.2035 -0.3979 0.8946
vn -0.2032 -0.3977 0.8947
vn -0.2047 -0.5337 0.8205
vn -0.2044 -0.5335 0.8207
vn -0.2045 -0.5336 0.8206
vn -0.2043 -0.5334 0.8208
vn -0.2059 -0.6041 0.7698
vn -0.2936 0.0044 0.9559
vn -0.2028 -0.0000 0.9792
vn -0.2443 0.0026 0.9697
vn -0.1895 0.0011 0.9819
vn -0.1412 -0.0000 0.9900
vn -0.2053 -0.0015 0.9787
vn -0.2028 -0.0015 0.9792
vn -0.3224 -0.0003 0.9466
vn -0.3769 -0.0000 0.9263
vn -0.2096 0.8357 0.5077
vn -0.2069 0.7095 0.6736
vn -0.0594 0.9917 0.1143
vn -0.2027 0.0338 0.9787
vn -0.2029 0.0773 0.9762
vn -0.2029 0.0773 0.9761
vn -0.2024 0.1637 0.9655
vn -0.2023 0.1638 0.9655
vn -0.2030 0.3137 0.9276
vn -0.2029 0.3136 0.9276
vn -0.2028 0.3137 0.9276
vn -0.2028 0.3135 0.9277
vn -0.2041 0.4060 0.8908
vn -0.2040 0.4059 0.8909
vn -0.2043 0.4937 0.8453
vn -0.2040 0.4940 0.8452
vn -0.2040 0.4938 0.8453
vn -0.2056 0.6204 0.7568
vn -0.2053 0.6206 0.7568
vn -0.2051 0.6208 0.7566
vn -0.2052 0.6208 0.7567
vn -0.2072 0.7098 0.6733
vn -0.2083 0.7874 0.5802
vn -0.2079 0.7877 0.5799
vn -0.2080 0.7875 0.5802
vn -0.2077 0.7877 0.5799
vn -0.2097 0.8360 0.5071
vn -0.2104 0.8774 0.4312
vn -0.2100 0.8777 0.4308
vn -0.2098 0.8775 0.4311
vn -0.2126 0.9341 0.2868
vn -0.2124 0.9340 0.2874
vn -0.2119 0.9342 0.2869
vn -0.2119 0.9341 0.2873
vn -0.2141 0.9559 0.2009
vn -0.2140 0.9558 0.2017
vn -0.2149 0.9652 0.1488
vn -0.2736 0.9550 0.1146
vn -0.2163 0.9754 0.0416
vn -0.2764 0.9603 0.0391
vn -0.0617 0.9974 0.0370
vn 0.2163 0.9754 0.0416
vn 0.2028 0.0116 0.9791
vn 0.2153 0.9699 0.1142
vn 0.2160 0.9738 0.0717
vn 0.2154 0.9740 0.0706
vn 0.2105 0.8734 0.4392
vn 0.2117 0.9129 0.3490
vn 0.2116 0.9131 0.3486
vn 0.2112 0.9130 0.3491
vn 0.2110 0.9132 0.3486
vn 0.2138 0.9560 0.2007
vn 0.2136 0.9562 0.2001
vn 0.2131 0.9562 0.2007
vn 0.2154 0.9698 0.1147
vn 0.2058 0.6045 0.7696
vn 0.2063 0.6457 0.7352
vn 0.2061 0.6460 0.7350
vn 0.2060 0.6460 0.7350
vn 0.2072 0.7322 0.6488
vn 0.2067 0.7321 0.6491
vn 0.2067 0.7324 0.6487
vn 0.2091 0.8247 0.5255
vn 0.2089 0.8250 0.5250
vn 0.2084 0.8249 0.5255
vn 0.2107 0.8731 0.4397
vn 0.2028 0.0117 0.9791
vn 0.2023 0.1004 0.9742
vn 0.2022 0.1005 0.9742
vn 0.2027 0.2524 0.9462
vn 0.2027 0.2523 0.9462
vn 0.2026 0.2522 0.9462
vn 0.2026 0.2523 0.9462
vn 0.2036 0.3977 0.8946
vn 0.2035 0.3979 0.8946
vn 0.2032 0.3977 0.8947
vn 0.2047 0.5337 0.8206
vn 0.2044 0.5335 0.8207
vn 0.2045 0.5336 0.8206
vn 0.2043 0.5334 0.8208
vn 0.2059 0.6041 0.7698
vn 0.2028 -0.0000 0.9792
vn 0.2096 -0.8357 0.5077
vn 0.2069 -0.7096 0.6736
vn 0.0594 -0.9917 0.1143
vn 0.2027 -0.0338 0.9787
vn 0.2029 -0.0773 0.9762
vn 0.2029 -0.0773 0.9761
vn 0.2024 -0.1637 0.9655
vn 0.2023 -0.1638 0.9655
vn 0.2030 -0.3137 0.9276
vn 0.2029 -0.3136 0.9276
vn 0.2028 -0.3137 0.9276
vn 0.2028 -0.3136 0.9277
vn 0.2041 -0.4060 0.8908
vn 0.2041 -0.4059 0.8908
vn 0.2043 -0.4937 0.8453
vn 0.2040 -0.4940 0.8452
vn 0.2040 -0.4938 0.8453
vn 0.2056 -0.6205 0.7567
vn 0.2056 -0.6205 0.7568
vn 0.2057 -0.6204 0.7569
vn 0.2052 -0.6208 0.7567
vn 0.2072 -0.7098 0.6733
vn 0.2083 -0.7874 0.5803
vn 0.2079 -0.7877 0.5799
vn 0.2080 -0.7875 0.5802
vn 0.2077 -0.7877 0.5800
vn 0.2097 -0.8360 0.5070
vn 0.2104 -0.8774 0.4312
vn 0.2100 -0.8777 0.4308
vn 0.2098 -0.8775 0.4312
vn 0.2125 -0.9341 0.2868
vn 0.2124 -0.9340 0.2874
vn 0.2119 -0.9342 0.2869
vn 0.2119 -0.9341 0.2873
vn 0.2141 -0.9559 0.2011
vn 0.2140 -0.9558 0.2017
vn 0.2149 -0.9652 0.1488
vn 0.2736 -0.9550 0.1146
vn 0.2163 -0.9754 0.0416
vn 0.2764 -0.9603 0.0391
vn 0.0617 -0.9974 0.0370
vn 0.5856 0.8102 0.0261
vn 0.9814 0.1877 0.0408
vn 0.9831 0.1784 0.0411
vn 0.9814 0.1877 0.0413
vn 0.8426 0.5365 0.0476
vn 0.8425 0.5365 0.0486
vn 0.5772 0.8151 0.0491
vn 0.5849 0.8096 0.0487
vn 0.5807 0.8047 0.1234
vn 0.5826 0.0970 0.8070
vn -0.0000 1.0000 -0.0000
vn 0.5807 0.8046 0.1241
vn 0.8398 0.5341 0.0976
vn 0.9806 0.1870 0.0583
vn 0.5813 0.8041 0.1241
vn 0.5776 0.7760 0.2532
vn 0.5776 0.7758 0.2542
vn 0.5781 0.7757 0.2532
vn 0.5728 0.7262 0.3802
vn 0.5730 0.7257 0.3809
vn 0.5735 0.7257 0.3800
vn 0.5704 0.6545 0.4963
vn 0.5705 0.6540 0.4968
vn 0.5709 0.6543 0.4960
vn 0.5664 0.5656 0.5995
vn 0.5666 0.5649 0.5998
vn 0.5669 0.5653 0.5992
vn 0.5649 0.4597 0.6853
vn 0.5650 0.4592 0.6854
vn 0.5651 0.4595 0.6852
vn 0.5618 0.3417 0.7534
vn 0.5621 0.3413 0.7534
vn 0.5622 0.3416 0.7532
vn 0.5624 0.2388 0.7916
vn 0.5625 0.2385 0.7916
vn 0.5584 0.1061 0.8228
vn 0.5574 0.1099 0.8230
vn 0.5507 0.1068 0.8278
vn 0.9746 0.0140 0.2237
vn 0.9755 0.0553 0.2128
vn 0.9757 0.0792 0.2044
vn 0.9757 0.0794 0.2044
vn 0.9763 0.1066 0.1884
vn 0.9763 0.1065 0.1884
vn 0.9769 0.1311 0.1687
vn 0.9769 0.1314 0.1687
vn 0.9778 0.1516 0.1446
vn 0.9778 0.1518 0.1446
vn 0.9786 0.1685 0.1179
vn 0.9786 0.1688 0.1177
vn 0.9797 0.1799 0.0884
vn 0.9797 0.1801 0.0882
vn 0.9807 0.1869 0.0580
vn 0.9807 0.1866 0.0580
vn 0.8400 0.5336 0.0982
vn 0.8375 0.5145 0.1838
vn 0.8377 0.5140 0.1843
vn 0.8342 0.4818 0.2681
vn 0.8345 0.4812 0.2684
vn 0.8324 0.4338 0.3447
vn 0.8326 0.4333 0.3450
vn 0.8296 0.3751 0.4135
vn 0.8298 0.3747 0.4135
vn 0.8284 0.3047 0.4700
vn 0.8286 0.3042 0.4700
vn 0.8264 0.2266 0.5154
vn 0.8266 0.2263 0.5153
vn 0.8267 0.1581 0.5400
vn 0.8267 0.1579 0.5400
vn 0.8235 0.0634 0.5637
vn 0.8267 0.0584 0.5597
vn 0.7610 0.3891 0.5191
vn 0.7611 0.3890 0.5191
vn 0.3863 0.9186 0.0837
vn 0.9721 0.0272 0.2331
vn 0.9721 0.0263 0.2332
vn 0.9753 -0.0000 0.2210
vn 0.9773 -0.0001 0.2118
vn 0.9753 -0.0001 0.2209
vn 0.8261 0.0002 0.5635
vn 0.5616 0.0001 0.8274
vn 0.5539 -0.0000 0.8326
vn 0.5617 -0.0001 0.8273
vn 0.5539 -0.0001 0.8326
vn 0.8260 -0.0001 0.5636
vn 0.9752 -0.0175 0.2208
vn 0.5601 -0.0757 0.8250
vn 0.6185 -0.7726 0.1436
vn -0.0349 0.0348 0.9988
vn 0.5599 -0.0756 0.8251
vn 0.8251 -0.0502 0.5628
vn 0.9751 -0.0176 0.2209
vn 0.5600 -0.0756 0.8250
vn 0.5616 -0.2063 0.8013
vn 0.5616 -0.2060 0.8014
vn 0.5615 -0.2061 0.8014
vn 0.5621 -0.3349 0.7563
vn 0.5620 -0.3345 0.7565
vn 0.5617 -0.3349 0.7565
vn 0.5650 -0.4536 0.6892
vn 0.5649 -0.4532 0.6896
vn 0.5647 -0.4537 0.6894
vn 0.5668 -0.5602 0.6042
vn 0.5665 -0.5599 0.6047
vn 0.5662 -0.5605 0.6044
vn 0.5707 -0.6501 0.5017
vn 0.5703 -0.6499 0.5024
vn 0.5702 -0.6504 0.5018
vn 0.5733 -0.7227 0.3861
vn 0.5727 -0.7226 0.3870
vn 0.5726 -0.7230 0.3864
vn 0.5778 -0.7650 0.2847
vn 0.5774 -0.7649 0.2856
vn 0.5790 -0.8008 0.1531
vn 0.5773 -0.8010 0.1587
vn 0.5703 -0.8069 0.1538
vn 0.8251 -0.0501 0.5628
vn 0.8261 -0.1366 0.5467
vn 0.8260 -0.1364 0.5469
vn 0.8265 -0.2220 0.5173
vn 0.8263 -0.2219 0.5176
vn 0.8285 -0.3006 0.4725
vn 0.8283 -0.3004 0.4729
vn 0.8297 -0.3715 0.4165
vn 0.8295 -0.3715 0.4171
vn 0.8325 -0.4309 0.3483
vn 0.8323 -0.4308 0.3488
vn 0.8344 -0.4794 0.2720
vn 0.8341 -0.4796 0.2727
vn 0.8375 -0.5068 0.2044
vn 0.8373 -0.5068 0.2051
vn 0.8382 -0.5340 0.1104
vn 0.8410 -0.5306 0.1060
vn 0.7624 -0.4805 0.4334
vn 0.9754 -0.0478 0.2152
vn 0.9757 -0.0777 0.2050
vn 0.9756 -0.0777 0.2052
vn 0.9763 -0.1052 0.1892
vn 0.9763 -0.1051 0.1894
vn 0.9769 -0.1301 0.1698
vn 0.9768 -0.1301 0.1699
vn 0.9778 -0.1508 0.1457
vn 0.9777 -0.1508 0.1460
vn 0.9786 -0.1679 0.1191
vn 0.9785 -0.1679 0.1194
vn 0.9795 -0.1773 0.0954
vn 0.9795 -0.1773 0.0958
vn 0.9803 -0.1898 0.0543
vn 0.9777 -0.1991 0.0672
vn 0.3589 -0.0404 0.9325
vn 0.9821 -0.1775 0.0637
vn 0.9831 -0.1784 0.0406
vn 0.8425 -0.5365 0.0482
vn 0.8426 -0.5364 0.0481
vn 0.5772 -0.8151 0.0486
vn 0.8426 -0.5365 0.0482
vn -0.3521 0.0247 0.9357
vn -0.2999 0.0569 0.9523
vn -0.2386 0.0977 0.9662
vn -0.2142 0.1349 0.9674
vn -0.1678 0.0893 0.9818
vn -0.1805 0.0803 0.9803
vn -0.1733 0.0545 0.9834
vn -0.1794 0.0514 0.9824
vn -0.1735 -0.0129 0.9847
vn -0.1560 -0.0338 0.9872
vn -0.1526 -0.0081 0.9883
vn -0.1264 -0.0226 0.9917
vn -0.1249 -0.0030 0.9922
vn -0.1153 -0.0076 0.9933
vn -0.1153 0.0050 0.9933
vn -0.1157 0.0020 0.9933
vn -0.1209 0.0047 0.9927
vn -0.1211 0.0073 0.9926
vn -0.1418 0.0157 0.9898
vn -0.1415 0.0133 0.9898
vn -0.1757 0.0272 0.9841
vn -0.1788 -0.1412 0.9737
vn -0.2023 -0.1140 0.9727
vn -0.3073 -0.0470 0.9505
vn -0.1791 -0.0496 0.9826
vn -0.1741 -0.0491 0.9835
vn -0.1806 -0.0752 0.9807
vn -0.1723 -0.0804 0.9817
vn -0.1775 -0.0937 0.9797
vn -0.1744 -0.1504 0.9731
vn -0.5772 0.8151 0.0491
vn -0.5849 0.8096 0.0487
vn -0.9819 0.1885 0.0183
vn -0.8426 0.5365 0.0476
vn -0.5852 0.8094 0.0492
vn -0.8425 0.5365 0.0486
vn -0.9831 0.1784 0.0411
vn -0.9814 0.1876 0.0408
vn -0.7681 0.3685 0.5237
vn -0.0000 1.0000 -0.0001
vn -0.5523 0.0762 0.8301
vn -0.5841 0.0646 0.8091
vn -0.5774 0.7738 0.2604
vn -0.5811 0.8039 0.1266
vn -0.5804 0.8044 0.1266
vn -0.3880 0.9178 0.0841
vn -0.5602 0.0802 0.8244
vn -0.5616 0.2062 0.8013
vn -0.5616 0.2060 0.8014
vn -0.5614 0.2062 0.8014
vn -0.5621 0.3348 0.7563
vn -0.5620 0.3345 0.7565
vn -0.5618 0.3349 0.7565
vn -0.5650 0.4536 0.6892
vn -0.5649 0.4532 0.6896
vn -0.5647 0.4537 0.6894
vn -0.5668 0.5602 0.6042
vn -0.5665 0.5599 0.6047
vn -0.5662 0.5605 0.6044
vn -0.5707 0.6501 0.5017
vn -0.5703 0.6499 0.5024
vn -0.5702 0.6503 0.5019
vn -0.5734 0.7226 0.3861
vn -0.5728 0.7226 0.3870
vn -0.5726 0.7232 0.3862
vn -0.5779 0.7737 0.2595
vn -0.7679 0.3688 0.5238
vn -0.8274 0.0399 0.5602
vn -0.8242 0.0342 0.5653
vn -0.8261 0.1366 0.5467
vn -0.8260 0.1365 0.5468
vn -0.8265 0.2220 0.5173
vn -0.8263 0.2218 0.5177
vn -0.8285 0.3006 0.4725
vn -0.8284 0.3004 0.4728
vn -0.8297 0.3715 0.4165
vn -0.8295 0.3714 0.4171
vn -0.8325 0.4309 0.3483
vn -0.8322 0.4307 0.3491
vn -0.8344 0.4794 0.2720
vn -0.8341 0.4795 0.2727
vn -0.8376 0.5129 0.1878
vn -0.8374 0.5131 0.1885
vn -0.5811 0.8038 0.1273
vn -0.5804 0.8043 0.1274
vn -0.8399 0.5335 0.0997
vn -0.8395 0.5340 0.1004
vn -0.9806 0.1869 0.0588
vn -0.9723 0.0188 0.2331
vn -0.9724 0.0033 0.2334
vn -0.9751 0.0176 0.2210
vn -0.9754 0.0478 0.2153
vn -0.9756 0.0777 0.2051
vn -0.9763 0.1053 0.1892
vn -0.9763 0.1052 0.1893
vn -0.9769 0.1301 0.1698
vn -0.9768 0.1300 0.1699
vn -0.9778 0.1509 0.1457
vn -0.9777 0.1508 0.1459
vn -0.9786 0.1679 0.1192
vn -0.9786 0.1679 0.1194
vn -0.9797 0.1795 0.0896
vn -0.9796 0.1796 0.0900
vn -0.9806 0.1870 0.0590
vn -0.5539 -0.0000 0.8326
vn -0.5222 0.0085 0.8528
vn -0.5539 0.0124 0.8325
vn -0.7387 -0.0091 0.6740
vn -0.8262 -0.0090 0.5634
vn -0.7388 -0.0061 0.6739
vn -0.8259 0.0251 0.5633
vn -0.8971 -0.0061 0.4418
vn -0.8262 -0.0090 0.5633
vn -0.8970 -0.0091 0.4419
vn -0.9772 0.0124 0.2118
vn -0.9846 -0.0000 0.1750
vn -0.2862 0.1203 0.9506
vn -0.4568 0.0023 0.8896
vn -0.9846 0.0036 0.1750
vn -0.9826 -0.0022 0.1857
vn -0.8969 0.0161 0.4418
vn -0.8825 0.0133 0.4702
vn -0.5219 0.0361 0.8522
vn -0.7387 -0.0070 0.6740
vn -0.7016 0.0098 0.7125
vn -0.7386 0.0271 0.6736
vn -0.8971 -0.0039 0.4419
vn -0.4208 0.0308 0.9066
vn -0.4571 0.0709 0.8866
vn -0.6809 0.0250 0.7320
vn -0.7018 0.0540 0.7104
vn -0.8741 0.0154 0.4855
vn -0.8825 0.0329 0.4692
vn -0.9816 0.0033 0.1912
vn -0.9827 0.0091 0.1852
vn -0.2858 0.0880 0.9542
vn -0.4208 0.1094 0.9005
vn -0.6016 0.0709 0.7956
vn -0.6808 0.0869 0.7273
vn -0.8422 0.0447 0.5372
vn -0.8741 0.0552 0.4825
vn -0.9774 0.0132 0.2112
vn -0.9816 0.0172 0.1902
vn -0.1454 0.1479 0.9783
vn -0.1841 0.1886 0.9646
vn -0.5165 0.1254 0.8470
vn -0.6021 0.1407 0.7859
vn -0.8075 0.0827 0.5840
vn -0.8426 0.0913 0.5307
vn -0.9729 0.0267 0.2298
vn -0.9775 0.0297 0.2089
vn -0.1453 -0.1453 0.9787
vn -0.5165 -0.1238 0.8473
vn -0.8075 -0.0830 0.5839
vn -0.9729 -0.0292 0.2294
vn -0.1457 -0.1453 0.9786
vn -0.1456 -0.0787 0.9862
vn -0.1457 -0.0787 0.9862
vn -0.1456 -0.0301 0.9889
vn -0.1456 0.0185 0.9892
vn -0.1452 0.1396 0.9795
vn -0.1456 0.1395 0.9795
vn -0.1456 0.1396 0.9794
vn -0.1455 0.0670 0.9871
vn -0.1457 0.0670 0.9871
vn -0.5168 -0.1237 0.8471
vn -0.5168 -0.0670 0.8535
vn -0.5169 -0.0670 0.8534
vn -0.5168 -0.0257 0.8557
vn -0.5168 0.0157 0.8560
vn -0.5168 0.0571 0.8542
vn -0.5166 0.1189 0.8479
vn -0.5164 0.1189 0.8481
vn -0.8076 -0.0829 0.5838
vn -0.8077 -0.0449 0.5879
vn -0.8076 -0.0172 0.5894
vn -0.8077 -0.0172 0.5894
vn -0.8077 0.0105 0.5896
vn -0.8077 0.0105 0.5895
vn -0.8077 0.0382 0.5883
vn -0.8077 0.0382 0.5884
vn -0.8076 0.0797 0.5843
vn -0.8074 0.0797 0.5845
vn -0.9729 -0.0158 0.2308
vn -0.9729 -0.0060 0.2313
vn -0.9729 0.0037 0.2314
vn -0.9729 0.0134 0.2310
vn -0.9729 0.0134 0.2309
vn -0.9729 0.0280 0.2296
vn -0.8080 -0.1103 0.5788
vn -0.5171 -0.1690 0.8391
vn -0.1458 -0.2043 0.9680
vn -0.8198 -0.0851 0.5662
vn -0.8200 -0.0980 0.5640
vn -0.8334 -0.0725 0.5480
vn -0.8334 -0.0735 0.5478
vn -0.8680 -0.0422 0.4947
vn -0.9807 -0.0076 0.1952
vn -0.9808 -0.0130 0.1947
vn -0.9762 -0.0229 0.2155
vn -0.9762 -0.0235 0.2154
vn -0.9745 -0.0318 0.2220
vn -0.9745 -0.0280 0.2227
vn -0.9730 -0.0362 0.2280
vn -0.9846 0.0002 0.1750
vn -0.8968 -0.0245 0.4418
vn -0.8679 -0.0250 0.4962
vn -0.8971 -0.0036 0.4419
vn -0.7383 -0.0394 0.6734
vn -0.5462 -0.1271 0.8280
vn -0.5464 -0.1519 0.8237
vn -0.5792 -0.1093 0.8078
vn -0.5793 -0.1174 0.8066
vn -0.6654 -0.0633 0.7438
vn -0.6649 -0.0294 0.7463
vn -0.7387 -0.0038 0.6740
vn -0.1932 -0.1469 0.9701
vn -0.1935 -0.1866 0.9632
vn -0.2479 -0.1277 0.9603
vn -0.2481 -0.1500 0.9571
vn -0.3938 -0.0733 0.9163
vn -0.3938 -0.0723 0.9163
vn -0.5223 0.0004 0.8528
vn -0.9752 -0.0155 0.2210
vn -0.8970 0.0053 0.4419
vn -0.9753 0.0050 0.2207
vn -0.8970 0.0104 0.4418
vn -0.8260 -0.0207 0.5633
vn -0.7388 0.0104 0.6738
vn -0.5617 0.0049 0.8274
vn -0.7387 0.0053 0.6740
vn -0.5616 -0.0155 0.8272
vn -0.5223 -0.0000 0.8528
vn -0.7699 -0.4856 0.4141
vn 0.0348 0.0347 0.9988
vn -0.5730 -0.8102 0.1238
vn -0.6211 -0.7756 0.1122
vn -0.9826 -0.1779 0.0537
vn -0.5617 -0.2130 0.7995
vn -0.5598 -0.0792 0.8248
vn -0.5599 -0.0794 0.8247
vn -0.5814 -0.8031 0.1301
vn -0.5776 -0.7761 0.2531
vn -0.5776 -0.7758 0.2541
vn -0.5781 -0.7757 0.2532
vn -0.5728 -0.7262 0.3802
vn -0.5730 -0.7257 0.3809
vn -0.5735 -0.7257 0.3800
vn -0.5704 -0.6544 0.4963
vn -0.5705 -0.6540 0.4968
vn -0.5708 -0.6543 0.4960
vn -0.5664 -0.5656 0.5994
vn -0.5666 -0.5650 0.5998
vn -0.5669 -0.5653 0.5993
vn -0.5648 -0.4597 0.6853
vn -0.5650 -0.4592 0.6855
vn -0.5652 -0.4596 0.6851
vn -0.5619 -0.3417 0.7534
vn -0.5621 -0.3413 0.7534
vn -0.5622 -0.3416 0.7532
vn -0.5615 -0.2133 0.7995
vn -0.7699 -0.4855 0.4141
vn -0.8424 -0.5317 0.0873
vn -0.8398 -0.5367 0.0822
vn -0.8375 -0.5146 0.1838
vn -0.8378 -0.5140 0.1843
vn -0.8342 -0.4818 0.2681
vn -0.8345 -0.4812 0.2684
vn -0.8324 -0.4338 0.3448
vn -0.8326 -0.4333 0.3450
vn -0.8296 -0.3752 0.4135
vn -0.8298 -0.3746 0.4135
vn -0.8285 -0.3046 0.4700
vn -0.8286 -0.3042 0.4700
vn -0.8264 -0.2266 0.5154
vn -0.8266 -0.2262 0.5153
vn -0.8261 -0.1413 0.5455
vn -0.8261 -0.1411 0.5455
vn -0.5598 -0.0793 0.8248
vn -0.5599 -0.0793 0.8248
vn -0.8250 -0.0527 0.5627
vn -0.8250 -0.0525 0.5627
vn -0.9751 -0.0184 0.2209
vn -0.3611 -0.0409 0.9316
vn -0.9788 -0.2001 0.0440
vn -0.9807 -0.1869 0.0582
vn -0.9797 -0.1801 0.0882
vn -0.9797 -0.1799 0.0884
vn -0.9786 -0.1688 0.1178
vn -0.9786 -0.1685 0.1179
vn -0.9778 -0.1519 0.1445
vn -0.9778 -0.1515 0.1447
vn -0.9769 -0.1314 0.1687
vn -0.9769 -0.1311 0.1687
vn -0.9763 -0.1066 0.1883
vn -0.9763 -0.1065 0.1883
vn -0.9757 -0.0793 0.2044
vn -0.9754 -0.0495 0.2148
vn -0.9754 -0.0494 0.2148
vn -0.9751 -0.0185 0.2210
vn -0.9831 -0.1783 0.0406
vn -0.9831 -0.1784 0.0406
vn -0.8425 -0.5365 0.0481
vn -0.5773 -0.8151 0.0486
vn -0.5772 -0.8152 0.0486
vn -0.8425 -0.5365 0.0482
vn -0.8424 -0.5367 0.0481
vn 0.3973 -0.0000 -0.9177
vn -0.0000 0.0116 -0.9999
vn -0.0001 0.0346 -0.9994
vn 0.0004 0.1092 -0.9940
vn -0.0003 0.1514 -0.9885
vn 0.0003 0.2645 -0.9644
vn -0.0002 0.3153 -0.9490
vn -0.0002 0.2644 -0.9644
vn -0.0005 0.3152 -0.9490
vn 0.0005 0.4132 -0.9106
vn 0.0001 0.9374 -0.3481
vn 0.0006 0.4043 -0.9146
vn -0.0005 0.4893 -0.8721
vn 0.0005 0.5603 -0.8283
vn 0.0002 0.6307 -0.7760
vn 0.0002 0.5602 -0.8284
vn -0.0005 0.6308 -0.7759
vn -0.0000 0.6616 -0.7498
vn -0.0000 0.7226 -0.6913
vn 0.0005 0.7541 -0.6568
vn -0.0003 0.8029 -0.5961
vn -0.0003 0.7542 -0.6567
vn -0.0005 0.8029 -0.5961
vn 0.0006 0.8598 -0.5107
vn -0.0004 0.8915 -0.4530
vn 0.0008 0.9549 -0.2969
vn 0.0001 0.9375 -0.3481
vn -0.0004 0.9549 -0.2969
vn 0.0004 0.9826 -0.1858
vn -0.0005 0.9922 -0.1249
vn -0.0000 0.9976 -0.0693
vn -0.0000 -0.9976 -0.0693
vn 0.0005 -0.9922 -0.1249
vn -0.0004 -0.9826 -0.1858
vn 0.0004 -0.9549 -0.2969
vn -0.0001 -0.9375 -0.3481
vn -0.0001 -0.9374 -0.3481
vn -0.0005 -0.5603 -0.8283
vn -0.0002 -0.6307 -0.7760
vn -0.0002 -0.5602 -0.8284
vn 0.0005 -0.6308 -0.7759
vn -0.0000 -0.6616 -0.7498
vn -0.0000 -0.7226 -0.6913
vn -0.0005 -0.7541 -0.6568
vn 0.0003 -0.8029 -0.5961
vn 0.0003 -0.7542 -0.6567
vn 0.0005 -0.8029 -0.5961
vn -0.0006 -0.8598 -0.5107
vn 0.0004 -0.8915 -0.4530
vn -0.0008 -0.9549 -0.2969
vn -0.0000 -0.0116 -0.9999
vn 0.0001 -0.0346 -0.9994
vn -0.0004 -0.1092 -0.9940
vn 0.0003 -0.1514 -0.9885
vn -0.0003 -0.2645 -0.9644
vn 0.0002 -0.3153 -0.9490
vn 0.0002 -0.2644 -0.9644
vn 0.0005 -0.3152 -0.9490
vn -0.0005 -0.4132 -0.9106
vn -0.0006 -0.4043 -0.9146
vn 0.0005 -0.4893 -0.8721
vn -0.0000 -0.9994 -0.0349
vn -0.0000 -0.9994 -0.0348
vn -0.0000 0.9994 -0.0349
vn -0.0000 0.9994 -0.0348
vn -0.9994 -0.0002 -0.0350
vn -0.9994 0.0001 -0.0351
vn -0.9992 -0.0054 -0.0405
vn -0.9994 -0.0008 -0.0340
vn -0.9994 -0.0001 -0.0350
vn -0.9994 -0.0001 -0.0348
vn -0.9994 -0.0002 -0.0345
vn 0.9995 -0.0023 -0.0309
vn 0.9994 -0.0001 -0.0346
vn 0.9994 -0.0031 -0.0355
vn 0.9994 0.0001 -0.0348
vn 0.9994 0.0001 -0.0347
vn 0.9994 0.0001 -0.0351
vn 0.4224 -0.9052 -0.0464
vn 0.4226 -0.9055 -0.0393
vn 0.4186 -0.9000 -0.1214
vn 0.4209 -0.8954 -0.1453
vn 0.4152 -0.8664 -0.2773
vn 0.4195 -0.8961 -0.1453
vn 0.4116 -0.8626 -0.2941
vn 0.4141 -0.8669 -0.2775
vn 0.4099 -0.8021 -0.4343
vn 0.4046 -0.7205 -0.5632
vn 0.4047 -0.7204 -0.5632
vn 0.4052 -0.7303 -0.5499
vn 0.4126 -0.8010 -0.4339
vn 0.4113 -0.8094 -0.4192
vn 0.4113 -0.8094 -0.4191
vn 0.4062 -0.7299 -0.5497
vn 0.4054 -0.6567 -0.6360
vn 0.4072 -0.6161 -0.6743
vn 0.4047 -0.5726 -0.7130
vn 0.4071 -0.6161 -0.6743
vn 0.4006 -0.5742 -0.7140
vn 0.4023 -0.4969 -0.7690
vn 0.3993 -0.4451 -0.8015
vn 0.4046 -0.4441 -0.7994
vn 0.3894 -0.3650 -0.8457
vn 0.4011 -0.4973 -0.7693
vn 0.3971 -0.0314 -0.9173
vn 0.3993 -0.0844 -0.9129
vn 0.3949 -0.1380 -0.9083
vn 0.3955 -0.2195 -0.8919
vn 0.3951 -0.1380 -0.9082
vn 0.3988 -0.2189 -0.8905
vn 0.3955 -0.2873 -0.8724
vn 0.4008 -0.3629 -0.8412
vn 0.3993 -0.2867 -0.8708
vn 0.4027 -0.3673 -0.8384
vn 0.3972 0.0106 -0.9177
vn 0.3973 0.1003 -0.9122
vn 0.3974 0.0994 -0.9122
vn 0.3974 0.1003 -0.9121
vn 0.3974 0.0993 -0.9123
vn 0.3962 0.2499 -0.8835
vn 0.3971 0.2408 -0.8856
vn 0.3982 0.3922 -0.8292
vn 0.3990 0.3760 -0.8363
vn 0.3990 0.3761 -0.8363
vn 0.4010 0.3917 -0.8281
vn 0.3992 0.5100 -0.7619
vn 0.3995 0.5237 -0.7524
vn 0.3995 0.5238 -0.7523
vn 0.4003 0.5098 -0.7615
vn 0.4034 0.6400 -0.6539
vn 0.4064 0.6006 -0.6885
vn 0.4064 0.6004 -0.6887
vn 0.4079 0.6386 -0.6526
vn 0.4035 0.6861 -0.6053
vn 0.4091 0.7376 -0.5372
vn 0.4087 0.7813 -0.4717
vn 0.4076 0.7382 -0.5375
vn 0.4066 0.7820 -0.4724
vn 0.4150 0.8143 -0.4059
vn 0.4153 0.8501 -0.3238
vn 0.4131 0.8150 -0.4064
vn 0.4113 0.8519 -0.3242
vn 0.4168 0.8698 -0.2642
vn 0.4164 0.8919 -0.1768
vn 0.4132 0.8714 -0.2645
vn 0.4162 0.8919 -0.1767
vn 0.4218 0.8973 -0.1302
vn 0.4214 0.9041 -0.0710
vn 0.4226 0.9055 -0.0393
vn 0.4224 0.9052 -0.0464
vn -0.4224 -0.9052 -0.0464
vn -0.4226 -0.9055 -0.0393
vn -0.4214 -0.9041 -0.0710
vn -0.4218 -0.8973 -0.1302
vn -0.4162 -0.8919 -0.1767
vn -0.4132 -0.8714 -0.2645
vn -0.4164 -0.8919 -0.1767
vn -0.4168 -0.8698 -0.2642
vn -0.4113 -0.8519 -0.3242
vn -0.4131 -0.8150 -0.4063
vn -0.4153 -0.8501 -0.3238
vn -0.4150 -0.8142 -0.4059
vn -0.4066 -0.7820 -0.4724
vn -0.4076 -0.7382 -0.5375
vn -0.4087 -0.7812 -0.4719
vn -0.4090 -0.7376 -0.5372
vn -0.4035 -0.6861 -0.6053
vn -0.4079 -0.6385 -0.6526
vn -0.4064 -0.6005 -0.6887
vn -0.4064 -0.6006 -0.6885
vn -0.4034 -0.6400 -0.6539
vn -0.4003 -0.5098 -0.7615
vn -0.3995 -0.5238 -0.7523
vn -0.3992 -0.5101 -0.7619
vn -0.4011 -0.3917 -0.8281
vn -0.3990 -0.3761 -0.8363
vn -0.3990 -0.3759 -0.8363
vn -0.3982 -0.3922 -0.8292
vn -0.3971 -0.2408 -0.8856
vn -0.3942 -0.2676 -0.8792
vn -0.4001 -0.0993 -0.9111
vn -0.3999 -0.1181 -0.9089
vn -0.3993 -0.0993 -0.9114
vn -0.3969 -0.1183 -0.9102
vn -0.3973 -0.0109 -0.9176
vn -0.3973 -0.0000 -0.9177
vn -0.4046 0.4441 -0.7994
vn -0.3971 0.0315 -0.9172
vn -0.3993 0.0845 -0.9129
vn -0.3949 0.1380 -0.9083
vn -0.3955 0.2192 -0.8919
vn -0.3951 0.1381 -0.9082
vn -0.3988 0.2190 -0.8905
vn -0.3955 0.2873 -0.8724
vn -0.4008 0.3629 -0.8412
vn -0.3993 0.2867 -0.8709
vn -0.4027 0.3673 -0.8384
vn -0.3894 0.3650 -0.8457
vn -0.4011 0.4972 -0.7694
vn -0.3993 0.4455 -0.8013
vn -0.4023 0.4969 -0.7689
vn -0.4006 0.5742 -0.7140
vn -0.4071 0.6161 -0.6743
vn -0.4047 0.5729 -0.7128
vn -0.4072 0.6161 -0.6743
vn -0.4054 0.6566 -0.6360
vn -0.4062 0.7299 -0.5497
vn -0.4046 0.7204 -0.5632
vn -0.4046 0.7203 -0.5634
vn -0.4052 0.7303 -0.5499
vn -0.4126 0.8010 -0.4338
vn -0.4113 0.8094 -0.4192
vn -0.4099 0.8021 -0.4342
vn -0.4141 0.8669 -0.2775
vn -0.4089 0.8578 -0.3115
vn -0.4213 0.8921 -0.1632
vn -0.4171 0.8656 -0.2770
vn -0.4225 0.8916 -0.1631
vn -0.4186 0.9000 -0.1214
vn -0.4226 0.9055 -0.0394
vn -0.4224 0.9052 -0.0464
vn 0.0091 -0.1414 -0.9899
vn -0.0607 -0.1055 -0.9926
vn -0.0606 -0.1415 -0.9881
vn -0.0665 -0.1068 -0.9921
vn -0.0435 -0.0674 -0.9968
vn -0.0446 0.0319 -0.9985
vn -0.0507 -0.0595 -0.9969
vn -0.0535 -0.0341 -0.9980
vn -0.0447 -0.0178 -0.9988
vn -0.0490 -0.0098 -0.9987
vn -0.0490 -0.0178 -0.9986
vn -0.0505 -0.0097 -0.9987
vn -0.0537 0.0148 -0.9984
vn -0.0158 0.1730 -0.9848
vn -0.0521 0.0419 -0.9978
vn -0.0525 0.0645 -0.9965
vn -0.0322 0.1063 -0.9938
vn -0.0213 0.0913 -0.9956
vn -0.0213 0.1063 -0.9941
vn 0.0340 0.0796 -0.9962
vn -0.0923 0.1662 -0.9818
vn 0.2163 0.9754 -0.0416
vn 0.2166 0.9758 -0.0304
vn 0.2163 0.9754 -0.0423
vn 0.2132 0.9594 -0.1848
vn 0.2160 0.9738 -0.0712
vn 0.2157 0.9738 -0.0715
vn 0.2116 0.9150 -0.3435
vn 0.2139 0.9591 -0.1851
vn 0.2140 0.9591 -0.1852
vn 0.2109 0.9153 -0.3432
vn 0.2109 0.9153 -0.3433
vn 0.2116 0.9149 -0.3437
vn 0.2084 0.8393 -0.5022
vn 0.2091 0.8393 -0.5019
vn 0.2092 0.8392 -0.5021
vn 0.2066 0.7363 -0.6443
vn 0.2067 0.7360 -0.6446
vn 0.2072 0.7361 -0.6444
vn 0.2060 0.6454 -0.7355
vn 0.2060 0.6458 -0.7352
vn 0.2063 0.6456 -0.7353
vn 0.2043 0.5469 -0.8119
vn 0.2045 0.5467 -0.8120
vn 0.2046 0.5469 -0.8118
vn 0.2048 0.5466 -0.8119
vn 0.2032 0.4034 -0.8922
vn 0.2028 0.0115 -0.9791
vn 0.2028 0.0116 -0.9792
vn 0.2021 0.1066 -0.9735
vn 0.2021 0.1066 -0.9736
vn 0.2021 0.1065 -0.9736
vn 0.2028 0.2582 -0.9446
vn 0.2027 0.2581 -0.9446
vn 0.2035 0.4032 -0.8922
vn 0.2035 0.4033 -0.8922
vn 0.3021 0.0024 -0.9533
vn 0.2028 -0.0000 -0.9792
vn 0.3653 -0.0000 -0.9309
vn 0.2028 -0.0006 -0.9792
vn 0.2601 0.0016 -0.9656
vn 0.2051 0.0008 -0.9787
vn 0.1412 -0.0000 -0.9900
vn 0.1899 -0.0006 -0.9818
vn 0.2447 -0.0013 -0.9696
vn 0.2069 -0.7053 -0.6780
vn 0.2027 -0.0338 -0.9787
vn 0.2027 -0.0337 -0.9787
vn 0.2023 -0.1478 -0.9681
vn 0.2027 -0.3076 -0.9297
vn 0.2022 -0.1478 -0.9681
vn 0.2029 -0.3077 -0.9296
vn 0.2027 -0.3077 -0.9297
vn 0.2041 -0.3945 -0.8960
vn 0.2041 -0.3946 -0.8959
vn 0.2041 -0.4775 -0.8546
vn 0.2038 -0.4776 -0.8546
vn 0.2036 -0.4773 -0.8548
vn 0.2054 -0.6157 -0.7607
vn 0.2054 -0.6156 -0.7608
vn 0.2049 -0.6158 -0.7608
vn 0.2050 -0.6152 -0.7612
vn 0.2071 -0.7051 -0.6781
vn 0.2081 -0.7837 -0.5852
vn 0.2078 -0.7836 -0.5854
vn 0.2077 -0.7838 -0.5852
vn 0.2115 -0.9322 -0.2936
vn 0.2075 -0.7838 -0.5854
vn 0.2102 -0.8701 -0.4458
vn 0.2096 -0.8704 -0.4456
vn 0.2095 -0.8703 -0.4458
vn 0.2124 -0.9322 -0.2933
vn 0.2124 -0.9322 -0.2932
vn 0.2116 -0.9323 -0.2935
vn 0.2147 -0.9686 -0.1257
vn 0.2139 -0.9688 -0.1254
vn 0.2165 -0.9758 -0.0305
vn 0.2163 -0.9754 -0.0423
vn 0.2163 -0.9754 -0.0416
vn -0.2163 -0.9754 -0.0416
vn -0.2165 -0.9758 -0.0314
vn -0.2163 -0.9754 -0.0423
vn -0.2163 -0.9754 -0.0424
vn -0.2132 -0.9594 -0.1849
vn -0.2160 -0.9738 -0.0711
vn -0.2157 -0.9738 -0.0715
vn -0.2116 -0.9150 -0.3435
vn -0.2139 -0.9591 -0.1851
vn -0.2140 -0.9591 -0.1852
vn -0.2109 -0.9153 -0.3432
vn -0.2109 -0.9153 -0.3433
vn -0.2116 -0.9149 -0.3436
vn -0.2084 -0.8393 -0.5022
vn -0.2091 -0.8393 -0.5019
vn -0.2092 -0.8391 -0.5021
vn -0.2066 -0.7363 -0.6444
vn -0.2067 -0.7360 -0.6446
vn -0.2072 -0.7361 -0.6444
vn -0.2060 -0.6454 -0.7355
vn -0.2060 -0.6458 -0.7352
vn -0.2063 -0.6456 -0.7353
vn -0.2043 -0.5469 -0.8119
vn -0.2045 -0.5467 -0.8120
vn -0.2046 -0.5469 -0.8118
vn -0.2048 -0.5467 -0.8119
vn -0.2032 -0.4034 -0.8922
vn -0.2028 -0.0116 -0.9791
vn -0.2028 -0.0117 -0.9792
vn -0.2021 -0.1065 -0.9735
vn -0.2021 -0.1066 -0.9736
vn -0.2021 -0.1066 -0.9735
vn -0.2028 -0.2582 -0.9446
vn -0.2027 -0.2581 -0.9446
vn -0.2035 -0.4032 -0.8922
vn -0.2035 -0.4033 -0.8922
vn -0.2028 -0.0000 -0.9792
vn -0.2069 0.7053 -0.6780
vn -0.2027 0.0337 -0.9787
vn -0.2023 0.1478 -0.9681
vn -0.2022 0.1478 -0.9681
vn -0.2023 0.1479 -0.9681
vn -0.2027 0.3076 -0.9297
vn -0.2029 0.3077 -0.9296
vn -0.2027 0.3077 -0.9297
vn -0.2041 0.3944 -0.8960
vn -0.2040 0.3946 -0.8959
vn -0.2040 0.4775 -0.8546
vn -0.2038 0.4776 -0.8546
vn -0.2036 0.4773 -0.8548
vn -0.2054 0.6157 -0.7608
vn -0.2054 0.6156 -0.7608
vn -0.2050 0.6158 -0.7608
vn -0.2050 0.6154 -0.7611
vn -0.2072 0.7051 -0.6782
vn -0.2081 0.7837 -0.5852
vn -0.2078 0.7836 -0.5854
vn -0.2077 0.7838 -0.5852
vn -0.2095 0.8703 -0.4458
vn -0.2096 0.8704 -0.4456
vn -0.2102 0.8701 -0.4458
vn -0.2075 0.7837 -0.5854
vn -0.2116 0.9322 -0.2936
vn -0.2124 0.9322 -0.2932
vn -0.2123 0.9321 -0.2933
vn -0.2116 0.9323 -0.2934
vn -0.2147 0.9685 -0.1257
vn -0.2139 0.9688 -0.1254
vn -0.2165 0.9758 -0.0314
vn -0.2163 0.9754 -0.0424
vn -0.2163 0.9754 -0.0416
vn -0.9775 -0.2085 -0.0311
vn -0.9776 -0.2082 -0.0311
vn -0.8068 -0.5888 -0.0496
vn -0.8067 -0.5888 -0.0496
vn -0.5753 -0.8164 -0.0494
vn -0.8072 -0.5888 -0.0410
vn -0.5501 -0.8337 -0.0483
vn -0.8407 -0.5393 -0.0489
vn -0.9829 -0.1794 -0.0414
vn -0.9772 -0.2083 -0.0414
vn -0.9763 -0.2076 -0.0608
vn -0.5616 0.0001 -0.8274
vn -0.9771 -0.2076 -0.0462
vn -0.9771 -0.2079 -0.0463
vn -0.8053 -0.5874 -0.0802
vn -0.8052 -0.5875 -0.0802
vn -0.8053 -0.5875 -0.0802
vn -0.5457 -0.8286 -0.1254
vn -0.5814 -0.8008 -0.1435
vn -0.5783 -0.7787 -0.2434
vn -0.5783 -0.7785 -0.2439
vn -0.5788 -0.7784 -0.2433
vn -0.5712 -0.6599 -0.4881
vn -0.5710 -0.6604 -0.4877
vn -0.5733 -0.7304 -0.3713
vn -0.5725 -0.7311 -0.3711
vn -0.5726 -0.7310 -0.3712
vn -0.5664 -0.5728 -0.5926
vn -0.5660 -0.5732 -0.5925
vn -0.5714 -0.6601 -0.4876
vn -0.5655 -0.4678 -0.6792
vn -0.5654 -0.4680 -0.6792
vn -0.5666 -0.5729 -0.5922
vn -0.5624 -0.2386 -0.7917
vn -0.5618 -0.3511 -0.7491
vn -0.5617 -0.3509 -0.7492
vn -0.5614 -0.3513 -0.7493
vn -0.5655 -0.4679 -0.6792
vn -0.5611 0.0475 -0.8264
vn -0.5585 -0.1060 -0.8227
vn -0.5584 -0.1060 -0.8227
vn -0.5584 -0.1061 -0.8228
vn -0.5625 -0.2387 -0.7916
vn -0.9749 -0.0294 -0.2209
vn -0.9808 -0.1899 -0.0446
vn -0.9798 -0.1806 -0.0861
vn -0.9798 -0.1805 -0.0859
vn -0.9786 -0.1700 -0.1159
vn -0.9787 -0.1698 -0.1157
vn -0.9779 -0.1530 -0.1427
vn -0.9779 -0.1530 -0.1425
vn -0.9769 -0.1332 -0.1673
vn -0.9769 -0.1331 -0.1671
vn -0.9764 -0.1085 -0.1869
vn -0.9764 -0.1085 -0.1868
vn -0.9756 -0.0816 -0.2036
vn -0.9757 -0.0816 -0.2035
vn -0.9755 -0.0553 -0.2128
vn -0.9750 -0.0247 -0.2209
vn -0.9749 -0.0295 -0.2209
vn -0.9753 -0.0000 -0.2210
vn -0.8401 -0.5311 -0.1105
vn -0.8379 -0.5161 -0.1775
vn -0.8381 -0.5159 -0.1771
vn -0.8340 -0.4853 -0.2626
vn -0.8344 -0.4849 -0.2620
vn -0.8328 -0.4374 -0.3393
vn -0.8330 -0.4374 -0.3390
vn -0.8294 -0.3803 -0.4093
vn -0.8297 -0.3802 -0.4088
vn -0.8288 -0.3099 -0.4659
vn -0.8289 -0.3100 -0.4656
vn -0.8262 -0.2329 -0.5131
vn -0.8263 -0.2329 -0.5128
vn -0.8267 -0.1580 -0.5400
vn -0.8267 -0.1580 -0.5399
vn -0.8240 -0.0704 -0.5622
vn -0.8241 -0.0704 -0.5620
vn -0.8261 -0.0000 -0.5635
vn -0.5136 -0.0000 -0.8581
vn -0.7780 -0.0019 -0.6282
vn -0.5617 0.0003 -0.8273
vn -0.7782 0.0003 -0.6281
vn -0.5620 0.0004 -0.8271
vn -0.7781 0.0004 -0.6282
vn -0.8262 -0.0002 -0.5634
vn -0.9699 0.0002 -0.2436
vn -0.9753 0.0002 -0.2210
vn -0.9698 -0.0000 -0.2439
vn -0.9696 0.0198 -0.2438
vn -0.7444 0.5333 -0.4018
vn -0.1649 0.2647 -0.9501
vn -0.7445 0.5332 -0.4017
vn -0.3116 0.1814 -0.9327
vn -0.9108 0.1825 -0.3704
vn -0.9765 0.2119 -0.0402
vn -0.9107 0.1825 -0.3705
vn -0.9699 0.0036 -0.2436
vn -0.7778 0.0255 -0.6280
vn -0.5120 0.0787 -0.8554
vn -0.5610 0.0994 -0.8218
vn -0.5618 0.1958 -0.8038
vn -0.5618 0.1958 -0.8037
vn -0.5617 0.1960 -0.8038
vn -0.5650 0.4444 -0.6952
vn -0.5651 0.4447 -0.6949
vn -0.5611 0.3252 -0.7612
vn -0.5614 0.3253 -0.7609
vn -0.5615 0.3254 -0.7609
vn -0.5656 0.5526 -0.6121
vn -0.5660 0.5528 -0.6116
vn -0.5649 0.4448 -0.6951
vn -0.5704 0.6435 -0.5105
vn -0.5707 0.6435 -0.5101
vn -0.5654 0.5530 -0.6120
vn -0.9746 0.0024 -0.2237
vn -0.9754 0.0454 -0.2157
vn -0.9756 0.0755 -0.2063
vn -0.9755 0.0757 -0.2064
vn -0.9763 0.1031 -0.1906
vn -0.9768 0.1284 -0.1717
vn -0.9767 0.1286 -0.1717
vn -0.9777 0.1491 -0.1478
vn -0.9777 0.1492 -0.1478
vn -0.9784 0.1669 -0.1215
vn -0.9784 0.1671 -0.1215
vn -0.9795 0.1771 -0.0957
vn -0.9795 0.1774 -0.0955
vn -0.8257 0.0639 -0.5606
vn -0.8262 0.1297 -0.5482
vn -0.8262 0.1298 -0.5482
vn -0.8260 0.2157 -0.5207
vn -0.8259 0.2159 -0.5208
vn -0.8286 0.2944 -0.4762
vn -0.8285 0.2946 -0.4762
vn -0.8293 0.3665 -0.4218
vn -0.8290 0.3670 -0.4219
vn -0.8325 0.4261 -0.3540
vn -0.8323 0.4266 -0.3539
vn -0.8339 0.4764 -0.2787
vn -0.8335 0.4770 -0.2787
vn -0.8374 0.5067 -0.2049
vn -0.8374 0.5068 -0.2047
vn -0.5789 0.8008 -0.1532
vn -0.5774 0.7651 -0.2850
vn -0.5777 0.7647 -0.2855
vn -0.5718 0.7186 -0.3958
vn -0.5719 0.7182 -0.3963
vn -0.5726 0.7180 -0.3957
vn -0.5704 0.6436 -0.5103
vn -0.6134 0.7754 -0.1500
vn -0.5884 0.7975 -0.1336
vn -0.8271 0.5530 -0.1000
vn -0.8381 0.5349 -0.1069
vn -0.9758 0.2110 -0.0569
vn -0.9803 0.1866 -0.0652
vn -0.5527 0.8320 -0.0484
vn -0.5773 0.8151 -0.0479
vn -0.8103 0.5840 -0.0495
vn -0.8425 0.5364 -0.0490
vn -0.8101 0.5844 -0.0477
vn -0.8102 0.5842 -0.0477
vn -0.9776 0.2061 -0.0421
vn -0.9778 0.2051 -0.0421
vn -0.9777 0.2057 -0.0421
vn -0.9831 0.1784 -0.0406
vn 0.2408 -0.1006 -0.9654
vn 0.3031 -0.0564 -0.9513
vn 0.3533 -0.0239 -0.9352
vn 0.1613 -0.1091 -0.9808
vn 0.0813 -0.1629 -0.9833
vn 0.0468 -0.1327 -0.9901
vn 0.0681 -0.1206 -0.9904
vn 0.2884 -0.0472 -0.9564
vn 0.2870 -0.0439 -0.9569
vn 0.2913 -0.0413 -0.9557
vn 0.2874 -0.0273 -0.9574
vn 0.2903 -0.0261 -0.9566
vn 0.0566 -0.0794 -0.9952
vn 0.0627 -0.0797 -0.9948
vn 0.0661 -0.0772 -0.9948
vn 0.0617 0.0477 -0.9970
vn 0.2896 0.0214 -0.9569
vn 0.0513 0.0431 -0.9977
vn 0.0497 0.0307 -0.9983
vn 0.0373 0.0281 -0.9989
vn 0.0360 0.0109 -0.9993
vn 0.0316 0.0098 -0.9995
vn 0.0316 -0.0073 -0.9995
vn 0.0317 -0.0065 -0.9995
vn 0.0341 -0.0073 -0.9994
vn 0.0353 -0.0259 -0.9990
vn 0.0440 -0.0222 -0.9988
vn 0.0467 -0.0458 -0.9979
vn 0.0604 -0.0389 -0.9974
vn 0.2543 0.0039 -0.9671
vn 0.2556 0.0134 -0.9667
vn 0.2129 0.0026 -0.9771
vn 0.2131 0.0050 -0.9770
vn 0.1982 0.0008 -0.9802
vn 0.1982 -0.0036 -0.9802
vn 0.2071 -0.0005 -0.9783
vn 0.2078 -0.0130 -0.9781
vn 0.2377 -0.0015 -0.9713
vn 0.2403 -0.0235 -0.9704
vn 0.2867 -0.0024 -0.9580
vn 0.1145 0.1289 -0.9850
vn 0.0669 0.1645 -0.9841
vn 0.0568 0.1770 -0.9826
vn 0.0634 0.1410 -0.9880
vn 0.0546 0.1183 -0.9915
vn 0.2913 0.0392 -0.9558
vn 0.2877 0.0251 -0.9574
vn 0.2902 0.0251 -0.9566
vn 0.3088 0.0463 -0.9500
vn 0.2935 0.0574 -0.9542
vn 0.2867 0.0400 -0.9572
vn 0.0687 0.1161 -0.9909
vn 0.0585 0.0759 -0.9954
vn 0.0655 0.0729 -0.9952
vn 0.9903 -0.1332 -0.0392
vn 0.9830 -0.1794 -0.0396
vn 0.5995 -0.7995 -0.0386
vn 0.5996 -0.7993 -0.0386
vn 0.8794 -0.4735 -0.0485
vn 0.8794 -0.4736 -0.0485
vn 0.8407 -0.5393 -0.0489
vn 0.5753 -0.8164 -0.0494
vn 0.5992 -0.7991 -0.0488
vn 0.5615 -0.0000 -0.8275
vn 0.9753 -0.0000 -0.2208
vn 0.5545 0.1591 -0.8168
vn 0.5601 -0.0756 -0.8250
vn 0.5600 -0.0757 -0.8250
vn 0.5617 -0.1960 -0.8038
vn 0.5618 -0.1958 -0.8038
vn 0.5617 -0.1959 -0.8038
vn 0.5650 -0.4445 -0.6952
vn 0.5651 -0.4448 -0.6948
vn 0.5611 -0.3252 -0.7612
vn 0.5614 -0.3253 -0.7609
vn 0.5615 -0.3254 -0.7609
vn 0.5657 -0.5526 -0.6121
vn 0.5660 -0.5527 -0.6117
vn 0.5649 -0.4448 -0.6951
vn 0.5704 -0.6434 -0.5105
vn 0.5708 -0.6435 -0.5100
vn 0.5654 -0.5530 -0.6119
vn 0.5803 -0.8028 -0.1372
vn 0.5774 -0.7706 -0.2697
vn 0.5779 -0.7701 -0.2701
vn 0.5718 -0.7186 -0.3959
vn 0.5719 -0.7182 -0.3963
vn 0.5725 -0.7181 -0.3957
vn 0.5703 -0.6437 -0.5102
vn 0.9897 -0.1326 -0.0539
vn 0.9799 -0.1808 -0.0842
vn 0.9796 -0.1787 -0.0921
vn 0.9784 -0.1672 -0.1215
vn 0.9785 -0.1669 -0.1215
vn 0.9777 -0.1492 -0.1479
vn 0.9777 -0.1490 -0.1479
vn 0.9767 -0.1285 -0.1717
vn 0.9762 -0.1032 -0.1906
vn 0.9763 -0.1029 -0.1906
vn 0.9755 -0.0757 -0.2064
vn 0.9755 -0.0756 -0.2064
vn 0.9754 -0.0455 -0.2158
vn 0.9754 -0.0453 -0.2157
vn 0.9751 -0.0176 -0.2210
vn 0.9751 -0.0176 -0.2209
vn 0.9711 0.0928 -0.2199
vn 0.9711 0.0929 -0.2200
vn 0.9711 0.0928 -0.2200
vn 0.9751 -0.0177 -0.2209
vn 0.8784 -0.4726 -0.0705
vn 0.8784 -0.4727 -0.0705
vn 0.8395 -0.5311 -0.1151
vn 0.8374 -0.5107 -0.1946
vn 0.8376 -0.5104 -0.1949
vn 0.8336 -0.4770 -0.2786
vn 0.8339 -0.4765 -0.2787
vn 0.8323 -0.4266 -0.3540
vn 0.8325 -0.4261 -0.3541
vn 0.8290 -0.3671 -0.4219
vn 0.8293 -0.3665 -0.4218
vn 0.8285 -0.2946 -0.4762
vn 0.8286 -0.2944 -0.4762
vn 0.8260 -0.2159 -0.5208
vn 0.8261 -0.2157 -0.5206
vn 0.8263 -0.1298 -0.5481
vn 0.8263 -0.1297 -0.5481
vn 0.8251 -0.0502 -0.5627
vn 0.8251 -0.0502 -0.5628
vn 0.8261 -0.0000 -0.5635
vn 0.5938 -0.7931 -0.1361
vn 0.5820 -0.8029 -0.1289
vn 0.5945 -0.7939 -0.1275
vn 0.5946 -0.7939 -0.1275
vn 0.9846 -0.0000 -0.1750
vn 0.9752 -0.0078 -0.2211
vn 0.8970 0.0027 -0.4421
vn 0.9753 0.0025 -0.2208
vn 0.8971 0.0052 -0.4418
vn 0.8261 -0.0103 -0.5634
vn 0.7389 0.0052 -0.6738
vn 0.5613 0.0025 -0.8276
vn 0.7389 0.0027 -0.6738
vn 0.5617 -0.0078 -0.8273
vn 0.5222 -0.0000 -0.8528
vn 0.1455 -0.1566 -0.9769
vn 0.9826 -0.0039 -0.1854
vn 0.7386 -0.0053 -0.6741
vn 0.7017 -0.0138 -0.7123
vn 0.9846 -0.0004 -0.1750
vn 0.8969 -0.0132 -0.4421
vn 0.8824 -0.0123 -0.4703
vn 0.8971 -0.0035 -0.4419
vn 0.7387 -0.0216 -0.6737
vn 0.9816 -0.0094 -0.1905
vn 0.9827 -0.0058 -0.1854
vn 0.8749 -0.0306 -0.4833
vn 0.8825 -0.0198 -0.4699
vn 0.6826 -0.0496 -0.7291
vn 0.7019 -0.0308 -0.7116
vn 0.2871 -0.0952 -0.9532
vn 0.9775 -0.0192 -0.2102
vn 0.9817 -0.0135 -0.1902
vn 0.8429 -0.0590 -0.5348
vn 0.8749 -0.0413 -0.4825
vn 0.6028 -0.0928 -0.7925
vn 0.6826 -0.0636 -0.7281
vn 0.4235 -0.1022 -0.9001
vn 0.4237 -0.0645 -0.9035
vn 0.4572 -0.0379 -0.8886
vn 0.4572 -0.0342 -0.8887
vn 0.5222 -0.0052 -0.8528
vn 0.1454 -0.1565 -0.9769
vn 0.9730 -0.0331 -0.2286
vn 0.9775 -0.0261 -0.2092
vn 0.8079 -0.0981 -0.5811
vn 0.8431 -0.0773 -0.5322
vn 0.5170 -0.1492 -0.8429
vn 0.6030 -0.1171 -0.7891
vn 0.2875 -0.1652 -0.9434
vn 0.1455 -0.0663 -0.9871
vn 0.9730 0.0342 -0.2284
vn 0.8079 0.0971 -0.5813
vn 0.5169 0.1450 -0.8437
vn 0.1456 0.1703 -0.9746
vn 0.1456 -0.0175 -0.9892
vn 0.1456 0.0314 -0.9888
vn 0.1456 0.1045 -0.9838
vn 0.1455 0.1045 -0.9838
vn 0.1452 0.1045 -0.9839
vn 0.1457 0.1703 -0.9746
vn 0.1455 -0.0175 -0.9892
vn 0.1456 -0.0663 -0.9871
vn 0.9729 0.0342 -0.2285
vn 0.9728 0.0210 -0.2305
vn 0.9729 0.0063 -0.2313
vn 0.9729 -0.0035 -0.2314
vn 0.9729 -0.0133 -0.2310
vn 0.9729 -0.0133 -0.2308
vn 0.9728 -0.0280 -0.2298
vn 0.9729 -0.0280 -0.2296
vn 0.8079 0.0971 -0.5812
vn 0.8074 0.0597 -0.5869
vn 0.8075 0.0597 -0.5869
vn 0.8076 0.0179 -0.5894
vn 0.8077 0.0179 -0.5894
vn 0.8077 -0.0100 -0.5896
vn 0.8077 -0.0100 -0.5895
vn 0.8077 -0.0378 -0.5884
vn 0.8075 -0.0795 -0.5844
vn 0.8075 -0.0795 -0.5845
vn 0.5171 0.1450 -0.8436
vn 0.5164 0.0890 -0.8517
vn 0.5166 0.0890 -0.8516
vn 0.5168 0.0267 -0.8557
vn 0.5168 -0.0149 -0.8560
vn 0.5169 -0.0565 -0.8542
vn 0.5167 -0.0565 -0.8543
vn 0.5166 -0.1186 -0.8480
vn 0.5164 -0.1186 -0.8481
vn 0.1453 -0.1393 -0.9795
vn 0.1457 -0.1393 -0.9795
vn 0.1456 -0.1392 -0.9795
vn 0.5169 0.1443 -0.8438
vn 0.8079 0.0965 -0.5814
vn 0.9730 0.0328 -0.2287
vn 0.5464 0.1565 -0.8228
vn 0.5462 0.1282 -0.8278
vn 0.5755 0.1402 -0.8057
vn 0.6633 0.0970 -0.7420
vn 0.5750 0.0949 -0.8126
vn 0.2413 0.1372 -0.9607
vn 0.2415 0.1705 -0.9553
vn 0.1933 0.1516 -0.9694
vn 0.1935 0.1879 -0.9629
vn 0.1456 0.1684 -0.9749
vn 0.3906 0.0961 -0.9155
vn 0.3901 0.0372 -0.9200
vn 0.5217 0.0453 -0.8519
vn 0.7388 0.0183 -0.6736
vn 0.6631 0.0327 -0.7478
vn 0.7384 0.0355 -0.6734
vn 0.8970 0.0121 -0.4418
vn 0.8200 0.1031 -0.5630
vn 0.8198 0.0850 -0.5663
vn 0.8318 0.0916 -0.5475
vn 0.8315 0.0618 -0.5522
vn 0.8672 0.0623 -0.4941
vn 0.8671 0.0241 -0.4976
vn 0.8967 0.0224 -0.4420
vn 0.9745 0.0349 -0.2214
vn 0.9745 0.0287 -0.2226
vn 0.9761 0.0309 -0.2151
vn 0.9760 0.0203 -0.2168
vn 0.9807 0.0206 -0.1946
vn 0.9806 0.0049 -0.1960
vn 0.9845 0.0068 -0.1750
vn 0.8970 0.0051 -0.4421
vn 0.8688 0.0025 -0.4952
vn 0.9846 -0.0016 -0.1750
vn 0.9863 -0.0000 -0.1647
vn 0.5809 0.0117 -0.8139
vn 0.7386 0.0022 -0.6741
vn 0.5808 0.0024 -0.8141
vn 0.7389 -0.0001 -0.6738
vn 0.5808 -0.0231 -0.8137
vn 0.8969 0.0174 -0.4418
vn 0.8688 0.0051 -0.4951
vn 0.8688 0.0052 -0.4951
vn 0.8545 0.4126 -0.3156
vn 0.5669 0.7318 -0.3782
vn 0.5669 0.7317 -0.3785
vn 0.5667 0.7318 -0.3785
vn 0.6190 0.7798 -0.0939
vn 0.5814 0.8042 -0.1234
vn 0.5783 0.7787 -0.2433
vn 0.5783 0.7785 -0.2439
vn 0.5788 0.7783 -0.2433
vn 0.5712 0.6599 -0.4881
vn 0.5710 0.6604 -0.4877
vn 0.5733 0.7303 -0.3713
vn 0.5725 0.7312 -0.3711
vn 0.5726 0.7309 -0.3713
vn 0.5664 0.5728 -0.5926
vn 0.5660 0.5732 -0.5925
vn 0.5714 0.6601 -0.4876
vn 0.5656 0.4677 -0.6792
vn 0.5653 0.4681 -0.6792
vn 0.5666 0.5729 -0.5923
vn 0.5593 0.0897 -0.8241
vn 0.5620 0.2233 -0.7964
vn 0.5619 0.2231 -0.7966
vn 0.5618 0.3511 -0.7491
vn 0.5617 0.3509 -0.7492
vn 0.5614 0.3513 -0.7493
vn 0.5656 0.4679 -0.6791
vn 0.9862 0.0146 -0.1651
vn 0.9755 0.0442 -0.2157
vn 0.9755 0.0518 -0.2140
vn 0.9757 0.0816 -0.2035
vn 0.9757 0.0816 -0.2036
vn 0.9764 0.1085 -0.1868
vn 0.9764 0.1084 -0.1869
vn 0.9769 0.1331 -0.1671
vn 0.9769 0.1332 -0.1674
vn 0.9779 0.1531 -0.1423
vn 0.9779 0.1530 -0.1427
vn 0.9787 0.1698 -0.1157
vn 0.9786 0.1699 -0.1158
vn 0.9798 0.1804 -0.0858
vn 0.9798 0.1806 -0.0861
vn 0.9802 0.1980 -0.0069
vn 0.9634 0.2597 -0.0670
vn 0.3229 0.0126 -0.9464
vn 0.9931 0.1117 -0.0344
vn 0.8687 0.0229 -0.4948
vn 0.8684 0.0229 -0.4954
vn 0.8686 0.0229 -0.4950
vn 0.8252 0.0703 -0.5605
vn 0.8264 0.1479 -0.5434
vn 0.8263 0.1478 -0.5434
vn 0.8263 0.2329 -0.5128
vn 0.8262 0.2329 -0.5130
vn 0.8289 0.3100 -0.4656
vn 0.8288 0.3099 -0.4658
vn 0.8297 0.3802 -0.4087
vn 0.8294 0.3803 -0.4092
vn 0.8330 0.4374 -0.3389
vn 0.8328 0.4374 -0.3394
vn 0.8344 0.4849 -0.2620
vn 0.8340 0.4853 -0.2626
vn 0.8381 0.5160 -0.1771
vn 0.8379 0.5161 -0.1775
vn 0.8395 0.5386 -0.0714
vn 0.8609 0.5070 -0.0414
vn 0.3179 0.1989 -0.9270
vn 0.8545 0.4125 -0.3157
vn 0.5787 0.0883 -0.8108
vn 0.5613 0.0781 -0.8239
vn 0.5791 0.0762 -0.8117
vn 0.5792 0.0761 -0.8116
vn 0.9831 0.1784 -0.0406
vn 0.9931 0.1116 -0.0367
vn 0.8976 0.4382 -0.0483
vn 0.8424 0.5365 -0.0498
vn 0.8977 0.4384 -0.0448
vn 0.8976 0.4385 -0.0448
vn 0.6134 0.7883 -0.0489
vn 0.5772 0.8151 -0.0498
vn 0.6134 0.7882 -0.0502
vn 0.6131 0.7884 -0.0502
vt 0.253580 0.340760
vt 0.253587 0.346255
vt 0.034075 0.340743
vt 0.034068 0.346238
vt 0.032082 0.340228
vt 0.030081 0.345208
vt 0.007437 0.326834
vt 0.005436 0.331814
vt 0.006063 0.325701
vt 0.002690 0.329548
vt 0.005019 0.323790
vt 0.000601 0.325727
vt 0.004718 0.321862
vt 0.000000 0.321869
vt 0.004718 0.024371
vt 0.000000 0.024363
vt 0.005015 0.022455
vt 0.000593 0.020531
vt 0.006072 0.020522
vt 0.002706 0.016665
vt 0.007437 0.019400
vt 0.005436 0.014419
vt 0.032082 0.006009
vt 0.030081 0.001029
vt 0.034075 0.005495
vt 0.034068 0.000000
vt 0.253580 0.005512
vt 0.253587 0.000018
vt 0.255574 0.006027
vt 0.257574 0.001047
vt 0.280218 0.019421
vt 0.282219 0.014441
vt 0.281592 0.020554
vt 0.284965 0.016707
vt 0.282636 0.022465
vt 0.287054 0.020528
vt 0.282937 0.024394
vt 0.287655 0.024386
vt 0.282937 0.321884
vt 0.287655 0.321892
vt 0.282633 0.323824
vt 0.287054 0.325750
vt 0.281576 0.325741
vt 0.284965 0.329571
vt 0.280219 0.326856
vt 0.282219 0.331836
vt 0.255574 0.340246
vt 0.257574 0.345226
vt 0.271854 0.589670
vt 0.249893 0.589674
vt 0.271913 0.570599
vt 0.250042 0.569566
vt 0.271948 0.549297
vt 0.250149 0.549349
vt 0.271991 0.522976
vt 0.250212 0.529058
vt 0.271986 0.508732
vt 0.250234 0.508729
vt 0.250212 0.488397
vt 0.271972 0.475202
vt 0.250148 0.468098
vt 0.271954 0.468128
vt 0.271854 0.427736
vt 0.250042 0.447867
vt 0.249893 0.427741
vt 0.032318 0.364466
vt 0.182589 0.429775
vt 0.180387 0.432011
vt 0.247400 0.406967
vt 0.238454 0.407561
vt 0.247400 0.364421
vt 0.233985 0.408174
vt 0.225903 0.409865
vt 0.192252 0.423275
vt 0.191300 0.423803
vt 0.185976 0.427122
vt 0.153930 0.475583
vt 0.151377 0.483447
vt 0.147830 0.509373
vt 0.032318 0.652983
vt 0.148110 0.501571
vt 0.181571 0.586654
vt 0.184548 0.589219
vt 0.188208 0.591743
vt 0.192498 0.594240
vt 0.225902 0.607502
vt 0.233985 0.609190
vt 0.247400 0.652937
vt 0.238454 0.609801
vt 0.247400 0.610391
vt 0.220099 0.411604
vt 0.212878 0.414178
vt 0.200754 0.419098
vt 0.148225 0.517147
vt 0.148567 0.520229
vt 0.149973 0.528331
vt 0.149496 0.491391
vt 0.149076 0.493728
vt 0.152105 0.536420
vt 0.154985 0.544565
vt 0.155347 0.545463
vt 0.159561 0.554641
vt 0.164705 0.563824
vt 0.170832 0.573094
vt 0.173557 0.440573
vt 0.167402 0.449313
vt 0.161981 0.458227
vt 0.199577 0.597748
vt 0.209349 0.601854
vt 0.220099 0.605765
vt 0.160968 0.460071
vt 0.157136 0.467786
vt 0.177016 0.581275
vt 0.180387 0.585376
vt 0.600909 0.705348
vt 0.605573 0.696939
vt 0.667981 0.945368
vt 0.667981 0.648722
vt 0.000000 0.000000
vt 0.608916 0.942586
vt 0.607511 0.907907
vt 0.606128 0.898843
vt 0.608899 0.651563
vt 0.607511 0.686239
vt 0.607511 0.653228
vt 0.607475 0.687693
vt 0.608916 0.651558
vt 0.608899 0.942584
vt 0.608668 0.942553
vt 0.607511 0.940917
vt 0.608581 0.942530
vt 0.607562 0.941356
vt 0.602087 0.890428
vt 0.595709 0.883543
vt 0.593994 0.711873
vt 0.593994 0.882286
vt 0.592967 0.712541
vt 0.607793 0.941909
vt 0.607604 0.941507
vt 0.607529 0.652964
vt 0.279613 0.379641
vt 0.279613 0.381682
vt 0.279314 0.380630
vt 0.589930 0.879163
vt 0.588692 0.875990
vt 0.591918 0.880995
vt 0.586307 0.857396
vt 0.592967 0.881618
vt 0.583156 0.810975
vt 0.583953 0.764417
vt 0.591918 0.713165
vt 0.588692 0.718173
vt 0.589643 0.715443
vt 0.275119 0.619786
vt 0.275119 0.652890
vt 0.266577 0.617739
vt 0.251100 0.652934
vt 0.258326 0.615378
vt 0.251100 0.612563
vt 0.258326 0.401946
vt 0.251100 0.404788
vt 0.251100 0.364417
vt 0.275119 0.364373
vt 0.275119 0.397477
vt 0.266577 0.399555
vt 0.901439 0.683082
vt 0.902027 0.929503
vt 0.842895 0.679764
vt 0.843494 0.930872
vt 0.903167 0.929511
vt 0.904595 0.683101
vt 0.906423 0.929463
vt 0.917971 0.928359
vt 0.914446 0.928882
vt 0.912723 0.682682
vt 0.909770 0.682914
vt 0.905442 0.683089
vt 0.909666 0.682922
vt 0.910356 0.929262
vt 0.910632 0.929247
vt 0.916442 0.682223
vt 0.917387 0.682069
vt 0.918052 0.928348
vt 0.031930 0.346380
vt 0.247055 0.346255
vt 0.032033 0.348631
vt 0.917464 0.682057
vt 0.919945 0.927967
vt 0.247059 0.346334
vt 0.247205 0.350270
vt 0.032143 0.351792
vt 0.032211 0.354717
vt 0.247309 0.354528
vt 0.247310 0.354630
vt 0.032250 0.356379
vt 0.032305 0.360748
vt 0.247399 0.363079
vt 0.247375 0.359317
vt 0.247339 0.661017
vt 0.247305 0.662675
vt 0.032216 0.662762
vt 0.247387 0.656654
vt 0.032316 0.654324
vt 0.032292 0.658083
vt 0.166020 0.960991
vt 0.165951 0.960991
vt 0.164282 0.710333
vt 0.247149 0.668739
vt 0.031930 0.671025
vt 0.032096 0.667108
vt 0.247246 0.665592
vt 0.032214 0.662863
vt 0.247059 0.670979
vt 0.031926 0.671103
vt 0.165951 0.710317
vt 0.166024 0.710317
vt 0.166870 0.960991
vt 0.170295 0.960995
vt 0.169237 0.710292
vt 0.173090 0.961001
vt 0.172827 0.710267
vt 0.173095 0.710266
vt 0.173189 0.961001
vt 0.176898 0.710245
vt 0.181256 0.710222
vt 0.181256 0.961029
vt 0.180115 0.710227
vt 0.178116 0.961016
vt 0.177283 0.961012
vt 0.240005 0.707828
vt 0.240005 0.963406
vt 0.306544 0.948459
vt 0.247652 0.948010
vt 0.306652 0.677079
vt 0.247740 0.681772
vt 0.246355 0.683350
vt 0.246251 0.946533
vt 0.246356 0.683348
vt 0.246374 0.683106
vt 0.246391 0.683012
vt 0.247363 0.681855
vt 0.247634 0.948008
vt 0.247405 0.947989
vt 0.247318 0.947970
vt 0.246302 0.946933
vt 0.246896 0.682136
vt 0.247235 0.681909
vt 0.246533 0.947430
vt 0.246344 0.947069
vt 0.180704 0.676959
vt 0.239911 0.674546
vt 0.181172 0.703623
vt 0.239998 0.703190
vt 0.181205 0.705585
vt 0.251090 0.656522
vt 0.275112 0.655091
vt 0.251079 0.657689
vt 0.275109 0.655944
vt 0.251054 0.660719
vt 0.275101 0.656993
vt 0.251029 0.662257
vt 0.275098 0.657215
vt 0.250983 0.665129
vt 0.275072 0.659163
vt 0.250949 0.666511
vt 0.275063 0.659783
vt 0.250909 0.668158
vt 0.275053 0.660339
vt 0.250841 0.670290
vt 0.166502 0.705875
vt 0.173428 0.677224
vt 0.173941 0.677204
vt 0.290699 0.446220
vt 0.290716 0.416540
vt 0.290716 0.446227
vt 0.166518 0.705874
vt 0.175364 0.677150
vt 0.169652 0.705807
vt 0.175475 0.677146
vt 0.169690 0.705806
vt 0.175986 0.677127
vt 0.173151 0.705736
vt 0.173247 0.705735
vt 0.177052 0.677088
vt 0.177069 0.705663
vt 0.178515 0.677036
vt 0.177153 0.705661
vt 0.178829 0.677024
vt 0.179105 0.677015
vt 0.180162 0.705603
vt 0.901715 0.676232
vt 0.903449 0.647689
vt 0.905327 0.647709
vt 0.904570 0.678391
vt 0.901589 0.678334
vt 0.905383 0.678392
vt 0.905670 0.678384
vt 0.909443 0.678286
vt 0.907007 0.647727
vt 0.909706 0.678269
vt 0.907202 0.647714
vt 0.912390 0.678094
vt 0.908955 0.647601
vt 0.913486 0.677973
vt 0.909522 0.647564
vt 0.915976 0.677699
vt 0.910039 0.647506
vt 0.916963 0.677551
vt 0.910533 0.647421
vt 0.916980 0.677548
vt 0.911938 0.647178
vt 0.919945 0.676965
vt 0.912060 0.647157
vt 0.250951 0.350781
vt 0.275076 0.358217
vt 0.275085 0.358832
vt 0.251031 0.354881
vt 0.251032 0.355044
vt 0.275096 0.360065
vt 0.251081 0.359495
vt 0.275112 0.361816
vt 0.251081 0.359643
vt 0.275114 0.362161
vt 0.275115 0.362513
vt 0.251099 0.363122
vt 0.844449 0.644344
vt 0.843001 0.675012
vt 0.181205 0.965674
vt 0.239998 0.968052
vt 0.180963 0.980036
vt 0.239911 0.996794
vt 0.180704 0.994398
vt 0.178839 0.994335
vt 0.177160 0.965603
vt 0.177439 0.965607
vt 0.178238 0.965621
vt 0.178101 0.994310
vt 0.173501 0.965544
vt 0.177213 0.994281
vt 0.173253 0.965540
vt 0.177030 0.994276
vt 0.170710 0.965500
vt 0.175385 0.994223
vt 0.169700 0.965485
vt 0.174851 0.994206
vt 0.167405 0.965451
vt 0.174380 0.994192
vt 0.028016 0.671357
vt 0.002972 0.661538
vt 0.028081 0.670358
vt 0.003010 0.660941
vt 0.028082 0.670336
vt 0.003117 0.659241
vt 0.028272 0.666594
vt 0.003127 0.659092
vt 0.028272 0.666592
vt 0.003154 0.658479
vt 0.028408 0.662505
vt 0.028411 0.662342
vt 0.003189 0.657250
vt 0.028498 0.657900
vt 0.003239 0.655503
vt 0.028499 0.657753
vt 0.003244 0.655158
vt 0.003249 0.654807
vt 0.028525 0.654276
vt 0.003260 0.652947
vt 0.028527 0.652981
vt 0.003260 0.364431
vt 0.028527 0.364464
vt 0.028512 0.360875
vt 0.003238 0.362228
vt 0.028495 0.359706
vt 0.003229 0.361374
vt 0.028449 0.356671
vt 0.003203 0.360323
vt 0.028406 0.355129
vt 0.003194 0.360100
vt 0.028326 0.352249
vt 0.003114 0.358146
vt 0.028268 0.350862
vt 0.003088 0.357523
vt 0.028199 0.349207
vt 0.003055 0.356965
vt 0.028083 0.347065
vt 0.293957 0.464203
vt 0.293436 0.437198
vt 0.293957 0.436922
vt 0.280217 0.376911
vt 0.280234 0.346281
vt 0.280234 0.376916
vt 0.917571 0.932578
vt 0.911283 0.958851
vt 0.909713 0.959139
vt 0.914134 0.933125
vt 0.909591 0.959161
vt 0.914093 0.933132
vt 0.909044 0.959236
vt 0.906085 0.959505
vt 0.906284 0.933785
vt 0.906405 0.959487
vt 0.906369 0.933782
vt 0.907932 0.959341
vt 0.910319 0.933533
vt 0.910418 0.933527
vt 0.905803 0.959522
vt 0.904193 0.959577
vt 0.903188 0.946725
vt 0.903240 0.933868
vt 0.902198 0.933872
vt 0.843621 0.935243
vt 0.845204 0.960958
vt 0.175786 0.442830
vt 0.182619 0.434546
vt 0.204979 0.431679
vt 0.159361 0.469150
vt 0.163194 0.461690
vt 0.223493 0.468423
vt 0.164207 0.459907
vt 0.169629 0.451285
vt 0.223248 0.429334
vt 0.223386 0.448170
vt 0.223492 0.468299
vt 0.151718 0.491970
vt 0.153600 0.484291
vt 0.223556 0.488497
vt 0.156154 0.476688
vt 0.159263 0.469379
vt 0.151297 0.494229
vt 0.223577 0.508727
vt 0.150332 0.501809
vt 0.150446 0.516865
vt 0.150789 0.519843
vt 0.223556 0.528954
vt 0.150051 0.509350
vt 0.150075 0.508700
vt 0.157208 0.543369
vt 0.157571 0.544237
vt 0.223493 0.549020
vt 0.154328 0.535495
vt 0.152195 0.527675
vt 0.223386 0.569260
vt 0.223248 0.588079
vt 0.204979 0.585723
vt 0.182619 0.582843
vt 0.223492 0.549144
vt 0.179246 0.578874
vt 0.173061 0.570959
vt 0.166931 0.561992
vt 0.161786 0.553112
vt 0.159368 0.548020
vt 0.181225 0.707847
vt 0.181247 0.709345
vt 0.247842 0.610439
vt 0.248209 0.610518
vt 0.250008 0.611498
vt 0.248894 0.610772
vt 0.239896 1.000000
vt 0.180684 0.997582
vt 0.247668 0.678568
vt 0.247664 0.678401
vt 0.306766 0.671357
vt 0.247700 0.676138
vt 0.180682 0.997748
vt 0.306678 0.673846
vt 0.000125 0.657803
vt 0.000147 0.657318
vt 0.002392 0.652946
vt 0.280086 0.377481
vt 0.280159 0.377297
vt 0.280159 0.381379
vt 0.280154 0.348984
vt 0.280215 0.346255
vt 0.280215 0.349173
vt 0.000260 0.652941
vt 0.000224 0.654411
vt 0.000215 0.654962
vt 0.000000 0.659740
vt 0.177905 0.997649
vt 0.176036 0.997585
vt 0.175664 0.997573
vt 0.178608 0.997674
vt 0.280187 0.354388
vt 0.280187 0.356893
vt 0.280154 0.354399
vt 0.242980 0.683770
vt 0.240145 0.684803
vt 0.240226 0.683444
vt 0.243015 0.682951
vt 0.240318 0.682938
vt 0.243073 0.682636
vt 0.241076 0.680761
vt 0.243545 0.681281
vt 0.241319 0.680309
vt 0.243695 0.681000
vt 0.242707 0.678490
vt 0.244559 0.679868
vt 0.243076 0.678142
vt 0.244788 0.679650
vt 0.244933 0.676896
vt 0.245943 0.678875
vt 0.245632 0.676597
vt 0.246378 0.678688
vt 0.246530 0.682614
vt 0.246575 0.682531
vt 0.246829 0.682200
vt 0.000383 0.364426
vt 0.000366 0.652941
vt 0.000233 0.364425
vt 0.240020 0.947969
vt 0.240005 0.684852
vt 0.242848 0.946969
vt 0.242973 0.683801
vt 0.243016 0.946947
vt 0.243112 0.683751
vt 0.242509 0.958010
vt 0.243457 0.954785
vt 0.243858 0.955044
vt 0.247664 0.958381
vt 0.247714 0.959671
vt 0.246119 0.959516
vt 0.280154 0.354198
vt 0.280215 0.351781
vt 0.280215 0.354388
vt 0.247584 0.956095
vt 0.246314 0.955977
vt 0.245844 0.959456
vt 0.245848 0.955875
vt 0.245531 0.959388
vt 0.244076 0.958781
vt 0.243016 0.958338
vt 0.242399 0.957909
vt 0.240989 0.956596
vt 0.241853 0.953291
vt 0.000187 0.361174
vt 0.000094 0.358958
vt 0.240106 0.955628
vt 0.241556 0.952899
vt 0.240481 0.956123
vt 0.000208 0.362006
vt 0.247562 0.952016
vt 0.247530 0.952013
vt 0.246763 0.951946
vt 0.246473 0.951882
vt 0.245235 0.951366
vt 0.244985 0.951205
vt 0.243988 0.950276
vt 0.243804 0.950033
vt 0.240526 0.950916
vt 0.243163 0.948801
vt 0.240296 0.950166
vt 0.243020 0.948334
vt 0.280077 0.350541
vt 0.280153 0.350357
vt 0.280153 0.354459
vt 0.246954 0.947820
vt 0.246881 0.947773
vt 0.246587 0.947502
vt 0.247561 0.951815
vt 0.306568 0.952265
vt 0.306766 0.960122
vt 0.306653 0.956746
vt 0.247585 0.956296
vt 0.247846 0.406918
vt 0.248315 0.364421
vt 0.250438 0.405475
vt 0.249329 0.406346
vt 0.248209 0.406840
vt 0.901492 0.680699
vt 0.901449 0.682214
vt 0.250951 0.350779
vt 0.250841 0.347018
vt 0.181247 0.961906
vt 0.181225 0.963406
vt 0.166518 0.965439
vt 0.029406 0.364467
vt 0.902091 0.931790
vt 0.902041 0.930359
vt 0.247829 0.427751
vt 0.236787 0.428128
vt 0.234241 0.428292
vt 0.236557 0.428143
vt 0.236703 0.447945
vt 0.236703 0.569491
vt 0.236557 0.589275
vt 0.234241 0.589125
vt 0.247829 0.589665
vt 0.236787 0.589290
vt 0.236810 0.468150
vt 0.236874 0.488423
vt 0.236895 0.508730
vt 0.236874 0.529033
vt 0.236810 0.549299
vt 0.204613 0.591158
vt 0.202130 0.590469
vt 0.194978 0.588210
vt 0.190628 0.586646
vt 0.186899 0.585106
vt 0.183845 0.583584
vt 0.222953 0.592906
vt 0.211971 0.593200
vt 0.222771 0.595887
vt 0.251374 0.599218
vt 0.249654 0.599086
vt 0.249718 0.597298
vt 0.254176 0.599594
vt 0.271720 0.597340
vt 0.256934 0.600146
vt 0.271709 0.597933
vt 0.287490 0.440131
vt 0.280254 0.425109
vt 0.286258 0.431385
vt 0.285040 0.422747
vt 0.249809 0.594771
vt 0.228099 0.597051
vt 0.234002 0.594196
vt 0.236572 0.594369
vt 0.235512 0.598195
vt 0.233853 0.597939
vt 0.247570 0.599006
vt 0.239607 0.598613
vt 0.236420 0.598288
vt 0.248814 0.599045
vt 0.247724 0.594762
vt 0.247801 0.599017
vt 0.222953 0.424493
vt 0.193765 0.429596
vt 0.194729 0.429264
vt 0.184893 0.433243
vt 0.188356 0.431651
vt 0.203317 0.426572
vt 0.204612 0.426223
vt 0.215519 0.423279
vt 0.222771 0.421504
vt 0.249718 0.420095
vt 0.249654 0.418300
vt 0.252465 0.418042
vt 0.291209 0.349651
vt 0.290511 0.352745
vt 0.281919 0.369242
vt 0.290194 0.354644
vt 0.288947 0.363052
vt 0.287654 0.371399
vt 0.271721 0.420116
vt 0.290827 0.346281
vt 0.281399 0.369047
vt 0.271743 0.420611
vt 0.249809 0.422633
vt 0.234002 0.423210
vt 0.248822 0.418341
vt 0.247801 0.418370
vt 0.247724 0.422644
vt 0.247570 0.418381
vt 0.239607 0.418777
vt 0.236572 0.423038
vt 0.236420 0.419102
vt 0.235512 0.419195
vt 0.233853 0.419451
vt 0.228099 0.420340
vt 0.274434 0.614166
vt 0.274339 0.613668
vt 0.267822 0.612087
vt 0.267935 0.611571
vt 0.273428 0.608855
vt 0.280086 0.373215
vt 0.280086 0.379641
vt 0.279314 0.373582
vt 0.269696 0.607218
vt 0.273208 0.608065
vt 0.270050 0.606341
vt 0.290066 0.417723
vt 0.289410 0.422157
vt 0.287146 0.420657
vt 0.286193 0.421571
vt 0.259793 0.609938
vt 0.285622 0.422155
vt 0.290008 0.432391
vt 0.288006 0.449507
vt 0.290509 0.441378
vt 0.290509 0.452702
vt 0.254661 0.603567
vt 0.261850 0.605157
vt 0.253657 0.605704
vt 0.252653 0.607840
vt 0.248827 0.604343
vt 0.249981 0.604506
vt 0.251835 0.604966
vt 0.288006 0.447849
vt 0.286851 0.444373
vt 0.288006 0.441378
vt 0.248250 0.604292
vt 0.247552 0.604259
vt 0.221466 0.600527
vt 0.227019 0.601927
vt 0.234744 0.603289
vt 0.239011 0.603783
vt 0.210681 0.597331
vt 0.181505 0.584101
vt 0.182710 0.585107
vt 0.185728 0.587138
vt 0.189424 0.589152
vt 0.193747 0.591158
vt 0.200868 0.593993
vt 0.181503 0.433278
vt 0.221466 0.416848
vt 0.214223 0.418952
vt 0.202051 0.422957
vt 0.193500 0.426333
vt 0.192541 0.426758
vt 0.187171 0.429417
vt 0.183744 0.431524
vt 0.227019 0.415446
vt 0.234744 0.414081
vt 0.239011 0.413586
vt 0.247552 0.413107
vt 0.248255 0.413073
vt 0.248827 0.413021
vt 0.254714 0.413558
vt 0.256934 0.417229
vt 0.255260 0.417588
vt 0.252777 0.409427
vt 0.252540 0.412155
vt 0.253611 0.411733
vt 0.250708 0.412704
vt 0.269696 0.410094
vt 0.270050 0.410974
vt 0.261850 0.412181
vt 0.293237 0.361890
vt 0.292518 0.371851
vt 0.288892 0.372539
vt 0.288277 0.371976
vt 0.267935 0.405727
vt 0.259793 0.407388
vt 0.267822 0.405210
vt 0.293237 0.376062
vt 0.273180 0.409483
vt 0.273215 0.409308
vt 0.274269 0.404133
vt 0.274337 0.403625
vt 0.275034 0.398373
vt 0.903535 0.646371
vt 0.844695 0.640806
vt 0.903630 0.644920
vt 0.667957 0.644848
vt 0.608824 0.648843
vt 0.608786 0.647730
vt 0.608778 0.647508
vt 0.608711 0.645566
vt 0.608653 0.643896
vt 0.667872 0.640806
vt 0.608646 0.643708
vt 0.608620 0.642979
vt 0.277883 0.359494
vt 0.277890 0.359981
vt 0.277496 0.364366
vt 0.602945 0.653128
vt 0.601099 0.653003
vt 0.601155 0.651542
vt 0.600959 0.652994
vt 0.600620 0.652971
vt 0.290811 0.428944
vt 0.290724 0.428934
vt 0.290811 0.427299
vt 0.906551 0.643996
vt 0.903805 0.644042
vt 0.290961 0.420604
vt 0.290961 0.423296
vt 0.290781 0.421745
vt 0.604107 0.652263
vt 0.604081 0.653163
vt 0.605703 0.653214
vt 0.604248 0.653168
vt 0.277913 0.362894
vt 0.277910 0.362342
vt 0.910549 0.643552
vt 0.908950 0.643825
vt 0.908541 0.643871
vt 0.601247 0.650992
vt 0.604164 0.651920
vt 0.602007 0.648640
vt 0.604637 0.650457
vt 0.602250 0.648156
vt 0.604788 0.650155
vt 0.603641 0.646218
vt 0.605653 0.648951
vt 0.604012 0.645850
vt 0.605884 0.648722
vt 0.605872 0.644558
vt 0.607041 0.647918
vt 0.608570 0.643933
vt 0.608676 0.647545
vt 0.290961 0.412466
vt 0.290961 0.416540
vt 0.290657 0.414514
vt 0.607546 0.652862
vt 0.607686 0.652433
vt 0.607730 0.652345
vt 0.607985 0.651992
vt 0.608053 0.651924
vt 0.608393 0.651690
vt 0.290716 0.419248
vt 0.277777 0.397469
vt 0.604215 0.686185
vt 0.600950 0.686005
vt 0.277750 0.364365
vt 0.277915 0.397469
vt 0.601053 0.686017
vt 0.604044 0.686182
vt 0.277874 0.398501
vt 0.603984 0.687407
vt 0.600982 0.687043
vt 0.599220 0.693522
vt 0.602114 0.695152
vt 0.277506 0.405041
vt 0.276981 0.410878
vt 0.595368 0.699275
vt 0.597834 0.702065
vt 0.287356 0.377672
vt 0.292517 0.380866
vt 0.589944 0.703512
vt 0.591690 0.707220
vt 0.286635 0.377160
vt 0.589140 0.703918
vt 0.590781 0.707721
vt 0.285910 0.376636
vt 0.285162 0.381336
vt 0.286036 0.381815
vt 0.589857 0.708182
vt 0.585810 0.712292
vt 0.584125 0.717173
vt 0.582955 0.709740
vt 0.580717 0.716216
vt 0.276319 0.421497
vt 0.276402 0.427997
vt 0.588325 0.704289
vt 0.280234 0.374462
vt 0.276402 0.589399
vt 0.584125 0.876780
vt 0.580717 0.877153
vt 0.578286 0.858191
vt 0.581713 0.857975
vt 0.276460 0.570390
vt 0.276537 0.522924
vt 0.276518 0.475306
vt 0.575073 0.810852
vt 0.578527 0.811027
vt 0.575886 0.763374
vt 0.579333 0.763942
vt 0.586318 0.882455
vt 0.589858 0.885761
vt 0.583629 0.884678
vt 0.588325 0.889055
vt 0.279324 0.419722
vt 0.283660 0.417535
vt 0.276294 0.596940
vt 0.284353 0.417009
vt 0.589140 0.889448
vt 0.590781 0.886227
vt 0.285036 0.416491
vt 0.589944 0.889876
vt 0.591690 0.886734
vt 0.593196 0.887711
vt 0.286171 0.415665
vt 0.290509 0.412466
vt 0.277101 0.607517
vt 0.598901 0.893248
vt 0.602638 0.900227
vt 0.591265 0.890697
vt 0.596321 0.895363
vt 0.599700 0.901256
vt 0.604215 0.907853
vt 0.604044 0.907850
vt 0.601053 0.907685
vt 0.277584 0.613367
vt 0.277916 0.619778
vt 0.277777 0.619779
vt 0.277777 0.652881
vt 0.277915 0.652881
vt 0.601053 0.940692
vt 0.604044 0.940859
vt 0.604215 0.940862
vt 0.176530 0.673784
vt 0.176934 0.673769
vt 0.180692 0.675740
vt 0.280154 0.351591
vt 0.280215 0.351781
vt 0.180675 0.673662
vt 0.179403 0.673674
vt 0.178935 0.673692
vt 0.174911 0.673850
vt 0.277902 0.656129
vt 0.277874 0.658337
vt 0.277866 0.658777
vt 0.277908 0.655298
vt 0.608770 0.946537
vt 0.608638 0.949834
vt 0.608737 0.946527
vt 0.607367 0.949678
vt 0.607972 0.946448
vt 0.606901 0.949549
vt 0.607681 0.946368
vt 0.604905 0.948567
vt 0.606439 0.945757
vt 0.604502 0.948269
vt 0.606189 0.945571
vt 0.602894 0.946576
vt 0.605188 0.944518
vt 0.602596 0.946137
vt 0.605003 0.944244
vt 0.601563 0.943932
vt 0.604361 0.942873
vt 0.601331 0.943103
vt 0.604217 0.942358
vt 0.280161 0.377100
vt 0.280234 0.381016
vt 0.608216 0.942352
vt 0.608142 0.942297
vt 0.607848 0.941989
vt 0.608777 0.946374
vt 0.667957 0.949162
vt 0.239896 0.671357
vt 0.180673 0.673770
vt 0.667873 0.952787
vt 0.608632 0.949997
vt 0.601260 0.562369
vt 0.579281 0.562418
vt 0.601120 0.542484
vt 0.579233 0.544360
vt 0.601010 0.522492
vt 0.579184 0.522493
vt 0.600931 0.502429
vt 0.579127 0.497007
vt 0.600881 0.482328
vt 0.579104 0.482386
vt 0.600862 0.462227
vt 0.579052 0.449504
vt 0.600873 0.442159
vt 0.579045 0.442243
vt 0.600914 0.422160
vt 0.579007 0.402314
vt 0.600986 0.402265
vt 0.630647 0.385154
vt 0.624687 0.383392
vt 0.603242 0.338037
vt 0.658583 0.567723
vt 0.662804 0.565258
vt 0.818996 0.626073
vt 0.668399 0.403395
vt 0.665327 0.400944
vt 0.818502 0.337556
vt 0.660420 0.397811
vt 0.616743 0.381757
vt 0.612111 0.381138
vt 0.603315 0.380584
vt 0.617087 0.582775
vt 0.603736 0.626555
vt 0.612458 0.583414
vt 0.603663 0.584009
vt 0.651374 0.571308
vt 0.701078 0.501488
vt 0.702423 0.493604
vt 0.702818 0.489882
vt 0.703144 0.482325
vt 0.658536 0.396757
vt 0.650258 0.392706
vt 0.638371 0.387893
vt 0.686579 0.536855
vt 0.691580 0.527844
vt 0.695681 0.518854
vt 0.702832 0.474737
vt 0.701869 0.467105
vt 0.701312 0.464098
vt 0.699413 0.456356
vt 0.696869 0.448675
vt 0.693693 0.441041
vt 0.696295 0.517314
vt 0.699043 0.509368
vt 0.625025 0.581105
vt 0.630979 0.579315
vt 0.641666 0.575403
vt 0.666387 0.562792
vt 0.669293 0.560320
vt 0.670689 0.558829
vt 0.683312 0.422522
vt 0.677202 0.413909
vt 0.670426 0.405464
vt 0.674056 0.554720
vt 0.680618 0.545975
vt 0.689909 0.433476
vt 0.688696 0.431287
vt 0.477830 0.959172
vt 0.415901 0.731271
vt 0.477830 0.687806
vt 0.417526 0.722288
vt 0.418931 0.690557
vt 0.418913 0.690558
vt 0.417526 0.692089
vt 0.418683 0.690588
vt 0.417863 0.691107
vt 0.402982 0.901066
vt 0.404009 0.745776
vt 0.404009 0.901674
vt 0.411200 0.739456
vt 0.411311 0.908084
vt 0.416013 0.916413
vt 0.417526 0.925076
vt 0.418931 0.956797
vt 0.417526 0.955275
vt 0.418913 0.956797
vt 0.417544 0.955516
vt 0.418000 0.956404
vt 0.393952 0.853399
vt 0.393184 0.810566
vt 0.402982 0.746391
vt 0.396410 0.767850
vt 0.401933 0.746964
vt 0.398707 0.751554
vt 0.399978 0.748605
vt 0.399629 0.898378
vt 0.398707 0.895930
vt 0.401933 0.900500
vt 0.594529 0.589025
vt 0.601809 0.586187
vt 0.601878 0.626558
vt 0.577663 0.626592
vt 0.577606 0.593488
vt 0.586215 0.591413
vt 0.577226 0.371179
vt 0.577169 0.338075
vt 0.585842 0.373229
vt 0.601385 0.338041
vt 0.594164 0.375594
vt 0.601454 0.378412
vt 0.932923 0.926637
vt 0.932923 0.675830
vt 0.991444 0.929027
vt 0.991444 0.673465
vt 0.924311 0.675866
vt 0.926195 0.675860
vt 0.926390 0.926594
vt 0.926394 0.675860
vt 0.929904 0.926617
vt 0.929794 0.675847
vt 0.932025 0.926632
vt 0.926295 0.926593
vt 0.923833 0.926574
vt 0.921333 0.675873
vt 0.920924 0.926547
vt 0.603416 0.323283
vt 0.818708 0.323285
vt 0.603402 0.323766
vt 0.603401 0.323772
vt 0.603277 0.330355
vt 0.603278 0.330230
vt 0.818598 0.327124
vt 0.603321 0.327289
vt 0.818650 0.325060
vt 0.818707 0.323290
vt 0.818552 0.329912
vt 0.818531 0.331172
vt 0.603247 0.334495
vt 0.818507 0.333968
vt 0.603241 0.336978
vt 0.603845 0.636977
vt 0.603800 0.634193
vt 0.819069 0.633750
vt 0.603780 0.632935
vt 0.819013 0.629615
vt 0.603753 0.630142
vt 0.818999 0.627132
vt 0.819071 0.633876
vt 0.819135 0.636812
vt 0.603893 0.639036
vt 0.819250 0.640320
vt 0.603944 0.640801
vt 0.603944 0.640806
vt 0.934393 0.282467
vt 0.934301 0.282457
vt 0.932200 0.035834
vt 0.932033 0.282080
vt 0.929539 0.035264
vt 0.929455 0.281457
vt 0.819270 0.640806
vt 0.819250 0.640325
vt 0.933940 0.036095
vt 0.934128 0.036114
vt 0.937730 0.282832
vt 0.937355 0.036438
vt 0.939792 0.282973
vt 0.940405 0.036593
vt 0.940674 0.283015
vt 0.998116 0.036363
vt 0.998390 0.287457
vt 0.998026 0.326993
vt 0.998067 0.623624
vt 0.939292 0.330196
vt 0.939315 0.621223
vt 0.939274 0.330197
vt 0.938403 0.620797
vt 0.937949 0.619828
vt 0.937931 0.619564
vt 0.937931 0.619561
vt 0.937891 0.331875
vt 0.939045 0.330230
vt 0.938227 0.330800
vt 0.998451 0.289642
vt 1.000000 0.315360
vt 0.940720 0.285199
vt 0.941887 0.310887
vt 0.577671 0.628941
vt 0.601893 0.630066
vt 0.601915 0.632791
vt 0.577672 0.629065
vt 0.601931 0.634014
vt 0.601967 0.636741
vt 0.577686 0.630857
vt 0.602005 0.638751
vt 0.414577 0.686921
vt 0.405087 0.668098
vt 0.414876 0.686650
vt 0.602046 0.640460
vt 0.577690 0.631152
vt 0.602046 0.640477
vt 0.406365 0.666503
vt 0.416033 0.685597
vt 0.939879 0.285153
vt 0.940987 0.310806
vt 0.409227 0.663926
vt 0.411642 0.662468
vt 0.416647 0.685341
vt 0.411718 0.662440
vt 0.417814 0.684854
vt 0.415173 0.661180
vt 0.937866 0.284999
vt 0.926543 0.673590
vt 0.930509 0.644854
vt 0.929879 0.673550
vt 0.930609 0.644850
vt 0.932911 0.673508
vt 0.932610 0.644782
vt 0.577183 0.333149
vt 0.601505 0.324103
vt 0.577180 0.333499
vt 0.601505 0.324120
vt 0.577172 0.334905
vt 0.926365 0.673592
vt 0.924525 0.673614
vt 0.929004 0.644903
vt 0.921612 0.673645
vt 0.921212 0.673649
vt 0.601383 0.337005
vt 0.577168 0.337011
vt 0.601443 0.327540
vt 0.601410 0.330411
vt 0.577171 0.335616
vt 0.601409 0.330542
vt 0.601388 0.334577
vt 0.991448 0.671142
vt 0.991535 0.642399
vt 0.999659 0.003322
vt 0.998172 0.033987
vt 0.941551 0.003554
vt 0.940446 0.034218
vt 0.934322 0.033805
vt 0.939532 0.003459
vt 0.937489 0.034094
vt 0.939623 0.003472
vt 0.846142 0.630911
vt 0.821171 0.639987
vt 0.846124 0.630561
vt 0.821170 0.639970
vt 0.846053 0.629158
vt 0.934154 0.033790
vt 0.932453 0.033551
vt 0.938160 0.003263
vt 0.929850 0.033020
vt 0.821193 0.640457
vt 0.820886 0.626068
vt 0.845998 0.625992
vt 0.820889 0.627104
vt 0.846005 0.627055
vt 0.821042 0.636559
vt 0.820969 0.633693
vt 0.846037 0.628449
vt 0.820967 0.633562
vt 0.820905 0.629531
vt 0.820392 0.337551
vt 0.845504 0.337475
vt 0.845527 0.335124
vt 0.820399 0.334043
vt 0.820427 0.331315
vt 0.845531 0.335000
vt 0.820451 0.330090
vt 0.820504 0.327359
vt 0.845593 0.333205
vt 0.820563 0.325345
vt 0.928468 0.957428
vt 0.919945 0.928744
vt 0.928764 0.957439
vt 0.820629 0.323630
vt 0.845614 0.332908
vt 0.820629 0.323613
vt 0.921212 0.928768
vt 0.929913 0.957484
vt 0.932911 0.928955
vt 0.932610 0.957583
vt 0.932055 0.928944
vt 0.931688 0.957550
vt 0.924057 0.928819
vt 0.926462 0.928859
vt 0.930525 0.957507
vt 0.926539 0.928860
vt 0.929986 0.928912
vt 0.991448 0.931346
vt 0.991535 0.959990
vt 0.696453 0.457510
vt 0.698352 0.464907
vt 0.626766 0.462264
vt 0.671081 0.551525
vt 0.667713 0.555457
vt 0.645391 0.558362
vt 0.683610 0.534436
vt 0.677646 0.543158
vt 0.626913 0.522110
vt 0.688613 0.525820
vt 0.627153 0.560738
vt 0.627023 0.542126
vt 0.626913 0.522232
vt 0.626834 0.502268
vt 0.698115 0.500630
vt 0.696079 0.508160
vt 0.693330 0.515754
vt 0.692716 0.517226
vt 0.690928 0.520971
vt 0.699461 0.493097
vt 0.626785 0.482266
vt 0.699857 0.489541
vt 0.699872 0.475072
vt 0.700173 0.482080
vt 0.700184 0.482321
vt 0.698909 0.467779
vt 0.626818 0.422394
vt 0.626884 0.403773
vt 0.645130 0.406058
vt 0.626777 0.442295
vt 0.626777 0.442417
vt 0.667462 0.408850
vt 0.674239 0.416930
vt 0.680350 0.425167
vt 0.685735 0.433549
vt 0.686949 0.435642
vt 0.690733 0.442873
vt 0.690890 0.443234
vt 0.693910 0.450169
vt 0.934591 0.284614
vt 0.934518 0.284606
vt 0.932301 0.284218
vt 0.284577 0.441378
vt 0.286483 0.441864
vt 0.286483 0.444641
vt 0.284598 0.444229
vt 0.603442 0.584057
vt 0.602325 0.585173
vt 0.602849 0.584458
vt 0.603258 0.584136
vt 0.939282 0.622670
vt 0.998080 0.625585
vt 0.941679 0.001705
vt 0.941690 0.001543
vt 1.000000 0.000000
vt 0.941671 0.001819
vt 0.939288 0.624942
vt 0.939283 0.623227
vt 0.939283 0.623144
vt 0.296821 0.437043
vt 0.298543 0.436922
vt 0.298543 0.505392
vt 0.999784 0.001563
vt 0.290962 0.427318
vt 0.290820 0.426731
vt 0.290962 0.425317
vt 0.847467 0.626030
vt 0.847503 0.626855
vt 0.847543 0.628576
vt 0.847617 0.630009
vt 0.290724 0.425035
vt 0.290820 0.423296
vt 0.290820 0.425267
vt 0.934857 0.619741
vt 0.936282 0.619690
vt 0.936269 0.620191
vt 0.934873 0.620561
vt 0.936611 0.621357
vt 0.935376 0.622274
vt 0.937268 0.622326
vt 0.936340 0.623699
vt 0.938163 0.622987
vt 0.937657 0.624670
vt 0.938810 0.621096
vt 0.938105 0.620358
vt 0.940098 0.001626
vt 0.938902 0.001457
vt 0.936678 0.331898
vt 0.936718 0.619584
vt 0.936301 0.331919
vt 0.936340 0.619605
vt 0.936235 0.331923
vt 0.936274 0.619609
vt 0.934927 0.331996
vt 0.934967 0.619681
vt 0.847163 0.337468
vt 0.847656 0.625986
vt 0.846980 0.337469
vt 0.847474 0.625987
vt 0.846889 0.337469
vt 0.847383 0.625987
vt 0.939252 0.326681
vt 0.939254 0.328267
vt 0.939178 0.328280
vt 0.932586 0.959221
vt 0.931853 0.959220
vt 0.930400 0.959164
vt 0.929219 0.959115
vt 0.290820 0.429204
vt 0.290890 0.427318
vt 0.290890 0.429359
vt 0.939231 0.326599
vt 0.938724 0.328285
vt 0.938498 0.326672
vt 0.937734 0.328739
vt 0.937045 0.327339
vt 0.936927 0.329546
vt 0.935859 0.328525
vt 0.936393 0.330613
vt 0.935073 0.330093
vt 0.937984 0.331284
vt 0.279940 0.381064
vt 0.280086 0.381664
vt 0.938594 0.330435
vt 0.847022 0.335548
vt 0.847078 0.333978
vt 0.998038 0.325096
vt 0.932612 0.959148
vt 0.991543 0.961585
vt 0.932612 0.959229
vt 0.932612 0.959368
vt 0.939254 0.328795
vt 0.939254 0.328354
vt 0.998080 0.323283
vt 0.603092 0.380535
vt 0.602910 0.380458
vt 0.601862 0.379233
vt 0.602385 0.380011
vt 0.601516 0.323632
vt 0.603099 0.562357
vt 0.614004 0.561960
vt 0.616308 0.561804
vt 0.614228 0.561944
vt 0.614091 0.542380
vt 0.613885 0.422204
vt 0.613955 0.402629
vt 0.616036 0.402759
vt 0.602825 0.402268
vt 0.613732 0.402615
vt 0.613981 0.522412
vt 0.613901 0.502374
vt 0.613851 0.482298
vt 0.613832 0.462221
vt 0.613843 0.442178
vt 0.638199 0.563857
vt 0.627459 0.566146
vt 0.627381 0.564216
vt 0.645633 0.562127
vt 0.659582 0.558447
vt 0.655287 0.559688
vt 0.647987 0.561579
vt 0.666253 0.556116
vt 0.663250 0.557256
vt 0.601356 0.567650
vt 0.579337 0.567721
vt 0.601308 0.565899
vt 0.601390 0.568889
vt 0.599331 0.569009
vt 0.596690 0.569272
vt 0.594077 0.569642
vt 0.579343 0.568226
vt 0.298847 0.451977
vt 0.304725 0.436922
vt 0.303106 0.445508
vt 0.301546 0.453959
vt 0.616463 0.565317
vt 0.602206 0.568858
vt 0.603188 0.568835
vt 0.603160 0.565887
vt 0.603242 0.568832
vt 0.610995 0.568484
vt 0.614143 0.565477
vt 0.614226 0.568191
vt 0.615107 0.568111
vt 0.616544 0.567916
vt 0.622162 0.567153
vt 0.645359 0.402284
vt 0.646896 0.402627
vt 0.655271 0.404747
vt 0.657184 0.405277
vt 0.662189 0.406802
vt 0.665350 0.407936
vt 0.627101 0.400290
vt 0.634928 0.399952
vt 0.627171 0.398355
vt 0.598462 0.395577
vt 0.601094 0.395733
vt 0.601064 0.396975
vt 0.595837 0.395303
vt 0.291685 0.390324
vt 0.292833 0.407447
vt 0.290395 0.398932
vt 0.289120 0.407437
vt 0.601022 0.398730
vt 0.579036 0.397474
vt 0.293237 0.381815
vt 0.293237 0.407448
vt 0.579045 0.397061
vt 0.593778 0.395011
vt 0.601902 0.395760
vt 0.621871 0.397373
vt 0.616179 0.399242
vt 0.613858 0.399093
vt 0.614813 0.396449
vt 0.616251 0.396637
vt 0.602946 0.395782
vt 0.610700 0.396095
vt 0.613932 0.396373
vt 0.602874 0.398734
vt 0.602892 0.395779
vt 0.302893 0.455154
vt 0.306468 0.454792
vt 0.307188 0.459416
vt 0.578548 0.578141
vt 0.581621 0.576219
vt 0.582087 0.577389
vt 0.578538 0.578219
vt 0.584401 0.583193
vt 0.577983 0.585455
vt 0.584553 0.583880
vt 0.577978 0.585522
vt 0.302230 0.454559
vt 0.579322 0.571971
vt 0.586708 0.570674
vt 0.589849 0.575405
vt 0.307188 0.444712
vt 0.597001 0.574515
vt 0.592565 0.581777
vt 0.598454 0.576938
vt 0.599568 0.580009
vt 0.599833 0.576441
vt 0.602442 0.575903
vt 0.601285 0.576074
vt 0.602907 0.575860
vt 0.603469 0.575830
vt 0.629161 0.572334
vt 0.623551 0.573664
vt 0.616082 0.574907
vt 0.611731 0.575384
vt 0.669201 0.557143
vt 0.667767 0.558201
vt 0.664809 0.559991
vt 0.661179 0.561796
vt 0.656916 0.563616
vt 0.649652 0.566289
vt 0.639890 0.569369
vt 0.668940 0.407167
vt 0.628852 0.392148
vt 0.636604 0.394216
vt 0.648548 0.397828
vt 0.656886 0.400838
vt 0.658786 0.401615
vt 0.663748 0.403910
vt 0.666868 0.405685
vt 0.623238 0.390844
vt 0.615765 0.389634
vt 0.611412 0.389177
vt 0.603149 0.388768
vt 0.602582 0.388741
vt 0.602121 0.388699
vt 0.599393 0.384713
vt 0.280215 0.373215
vt 0.279314 0.368387
vt 0.280215 0.365641
vt 0.599212 0.388076
vt 0.596752 0.390426
vt 0.598072 0.387570
vt 0.600645 0.388468
vt 0.286313 0.395381
vt 0.288232 0.407583
vt 0.592224 0.382853
vt 0.584056 0.381461
vt 0.584205 0.380772
vt 0.581762 0.387285
vt 0.589531 0.389246
vt 0.581299 0.388459
vt 0.283731 0.405024
vt 0.287363 0.407728
vt 0.279324 0.449312
vt 0.282254 0.441378
vt 0.282254 0.453934
vt 0.288605 0.386923
vt 0.281412 0.408659
vt 0.577607 0.378872
vt 0.577633 0.379197
vt 0.578198 0.386341
vt 0.281219 0.408689
vt 0.280547 0.401865
vt 0.578220 0.386524
vt 0.418861 0.958402
vt 0.477818 0.960778
vt 0.418858 0.958465
vt 0.991543 0.640806
vt 0.932610 0.643189
vt 0.477774 0.962038
vt 0.418786 0.959660
vt 0.418790 0.959597
vt 0.415877 0.955130
vt 0.415792 0.955122
vt 0.415832 0.955660
vt 0.414295 0.954677
vt 0.575824 0.338075
vt 0.575753 0.337207
vt 0.575755 0.335485
vt 0.575762 0.334048
vt 0.417700 0.956001
vt 0.416175 0.956727
vt 0.416833 0.957615
vt 0.418407 0.956679
vt 0.417731 0.958222
vt 0.418836 0.958454
vt 0.414355 0.955469
vt 0.414859 0.957037
vt 0.415826 0.958342
vt 0.417145 0.959232
vt 0.418770 0.959585
vt 0.932593 0.643133
vt 0.930970 0.643166
vt 0.929658 0.643212
vt 0.575880 0.371180
vt 0.575754 0.338075
vt 0.575810 0.371180
vt 0.414295 0.924480
vt 0.415792 0.924924
vt 0.415877 0.924932
vt 0.287027 0.410334
vt 0.576308 0.387035
vt 0.576006 0.379286
vt 0.412805 0.917001
vt 0.414271 0.916931
vt 0.409755 0.909285
vt 0.408501 0.909801
vt 0.402856 0.903481
vt 0.286177 0.412224
vt 0.279324 0.412466
vt 0.401981 0.904285
vt 0.280556 0.410910
vt 0.401888 0.902939
vt 0.287141 0.412187
vt 0.287938 0.410245
vt 0.400902 0.902437
vt 0.288123 0.412149
vt 0.288865 0.410154
vt 0.292710 0.410138
vt 0.576739 0.397917
vt 0.576721 0.402451
vt 0.575080 0.399036
vt 0.575073 0.402785
vt 0.397700 0.899468
vt 0.396422 0.896057
vt 0.291303 0.412113
vt 0.396422 0.750864
vt 0.394716 0.749773
vt 0.394113 0.767252
vt 0.576947 0.544261
vt 0.576995 0.562289
vt 0.576843 0.496987
vt 0.576767 0.449562
vt 0.390869 0.810211
vt 0.391642 0.853286
vt 0.392397 0.766230
vt 0.575298 0.544003
vt 0.575194 0.496926
vt 0.575119 0.449700
vt 0.577040 0.567731
vt 0.298543 0.454591
vt 0.301053 0.456466
vt 0.396846 0.744789
vt 0.400133 0.741991
vt 0.398183 0.746748
vt 0.400902 0.744442
vt 0.401888 0.743951
vt 0.401065 0.741559
vt 0.301794 0.457030
vt 0.402856 0.743420
vt 0.401981 0.741090
vt 0.302515 0.457590
vt 0.412700 0.729257
vt 0.414162 0.730374
vt 0.409648 0.737804
vt 0.284227 0.447966
vt 0.282254 0.446554
vt 0.284227 0.441378
vt 0.408400 0.736033
vt 0.407620 0.734562
vt 0.407704 0.734496
vt 0.576640 0.577529
vt 0.576367 0.585099
vt 0.576278 0.593489
vt 0.576191 0.593489
vt 0.414295 0.721693
vt 0.415792 0.722137
vt 0.415868 0.722143
vt 0.416296 0.692016
vt 0.576359 0.626594
vt 0.576273 0.626594
vt 0.576101 0.626594
vt 0.414461 0.691565
vt 0.415831 0.691902
vt 0.415901 0.691919
vt 0.418795 0.686683
vt 0.418858 0.688561
vt 0.418782 0.688569
vt 0.418737 0.684730
vt 0.418764 0.686538
vt 0.418031 0.686617
vt 0.416573 0.687225
vt 0.415384 0.688308
vt 0.290894 0.429206
vt 0.290962 0.427318
vt 0.290962 0.429360
vt 0.418334 0.688623
vt 0.417342 0.689036
vt 0.416533 0.689772
vt 0.415997 0.690746
vt 0.414596 0.689742
vt 0.417619 0.691549
vt 0.290820 0.424719
vt 0.290961 0.425317
vt 0.418231 0.690774
vt 0.576254 0.628514
vt 0.413676 0.688562
vt 0.413614 0.688675
vt 0.477818 0.685903
vt 0.477717 0.681975
vt 0.418788 0.686442
vt 0.477774 0.683663
vt 0.418790 0.686532
vt 0.418880 0.689186
vt 0.418862 0.688664
vt 0.773302 0.296374
vt 0.746406 0.289512
vt 0.828667 0.289505
vt 0.828684 0.318712
vt 0.820673 0.318713
vt 0.800051 0.307355
vt 0.541026 0.005493
vt 0.541032 0.000000
vt 0.543018 0.006008
vt 0.545016 0.001028
vt 0.567641 0.019390
vt 0.569639 0.014410
vt 0.568999 0.020504
vt 0.572384 0.016675
vt 0.570054 0.022421
vt 0.574472 0.020496
vt 0.570358 0.024361
vt 0.575073 0.024353
vt 0.570358 0.321860
vt 0.575073 0.321866
vt 0.570058 0.323789
vt 0.574472 0.325724
vt 0.569014 0.325700
vt 0.572384 0.329546
vt 0.567641 0.326833
vt 0.569639 0.331811
vt 0.543018 0.340225
vt 0.545016 0.345204
vt 0.541026 0.340740
vt 0.541032 0.346234
vt 0.321702 0.340787
vt 0.321696 0.346281
vt 0.319710 0.340273
vt 0.317713 0.345252
vt 0.295087 0.326891
vt 0.293089 0.331870
vt 0.293714 0.325759
vt 0.290344 0.329606
vt 0.292670 0.323848
vt 0.288256 0.325785
vt 0.292370 0.321919
vt 0.287655 0.321927
vt 0.292370 0.024420
vt 0.287655 0.024414
vt 0.292674 0.022480
vt 0.288256 0.020556
vt 0.293729 0.020562
vt 0.290344 0.016735
vt 0.295087 0.019447
vt 0.293089 0.014469
vt 0.319710 0.006055
vt 0.317713 0.001077
vt 0.321702 0.005540
vt 0.321696 0.000047
vt 0.326029 0.701076
vt 0.328269 0.701137
vt 0.328467 0.947331
vt 0.595363 0.285163
vt 0.591386 0.285232
vt 0.593261 0.035826
vt 0.600573 0.285128
vt 0.598404 0.035796
vt 0.601356 0.285127
vt 0.599074 0.035795
vt 0.601356 0.035792
vt 0.590333 0.285250
vt 0.582330 0.035992
vt 0.582456 0.035988
vt 0.586951 0.035902
vt 0.588298 0.035881
vt 0.591400 0.035846
vt 0.575073 0.285976
vt 0.576352 0.036170
vt 0.578409 0.285730
vt 0.578409 0.036098
vt 0.580657 0.285601
vt 0.585548 0.285389
vt 0.582366 0.285524
vt 0.581182 0.285574
vt 0.318897 0.946480
vt 0.310633 0.699502
vt 0.314633 0.700153
vt 0.291097 0.412466
vt 0.291097 0.661994
vt 0.290967 0.412472
vt 0.310503 0.699472
vt 0.317924 0.946369
vt 0.313575 0.945675
vt 0.313050 0.945575
vt 0.310758 0.945061
vt 0.309277 0.944729
vt 0.315834 0.700308
vt 0.318718 0.700593
vt 0.322697 0.946914
vt 0.323398 0.946978
vt 0.320451 0.700765
vt 0.325379 0.701051
vt 0.828665 0.285109
vt 0.828665 0.035774
vt 0.778942 0.682379
vt 0.781221 0.682343
vt 0.781240 0.932917
vt 0.771337 0.682494
vt 0.773172 0.682467
vt 0.776052 0.932832
vt 0.778276 0.682389
vt 0.762457 0.682617
vt 0.762604 0.682615
vt 0.771341 0.932751
vt 0.766989 0.682556
vt 0.775326 0.932820
vt 0.768282 0.682538
vt 0.770320 0.932733
vt 0.765646 0.932648
vt 0.765072 0.932638
vt 0.762524 0.932589
vt 0.760878 0.932557
vt 0.758693 0.682664
vt 0.758712 0.932514
vt 0.851642 0.036076
vt 0.851642 0.285708
vt 0.849388 0.036012
vt 0.838640 0.035826
vt 0.839694 0.035835
vt 0.847711 0.285499
vt 0.844486 0.035905
vt 0.847675 0.035973
vt 0.848862 0.035998
vt 0.847584 0.285492
vt 0.843081 0.285322
vt 0.841732 0.285282
vt 0.838626 0.285214
vt 0.836764 0.285173
vt 0.834660 0.035791
vt 0.829448 0.035774
vt 0.831617 0.285117
vt 0.830947 0.285114
vt 0.842783 0.935423
vt 0.842764 0.679847
vt 0.389006 0.700837
vt 0.389208 0.951945
vt 0.562658 0.693735
vt 0.561662 0.965120
vt 0.500625 0.695923
vt 0.500620 0.695924
vt 0.496643 0.696780
vt 0.488903 0.708700
vt 0.489123 0.706316
vt 0.488683 0.954132
vt 0.488420 0.953217
vt 0.499641 0.962713
vt 0.488018 0.949895
vt 0.488018 0.949895
vt 0.497500 0.696468
vt 0.497387 0.962402
vt 0.495766 0.961880
vt 0.493645 0.960757
vt 0.492280 0.959697
vt 0.490631 0.957894
vt 0.489675 0.956414
vt 0.490551 0.702289
vt 0.491509 0.700799
vt 0.489562 0.704576
vt 0.493155 0.698986
vt 0.494523 0.697915
vt 0.681934 0.706850
vt 0.683720 0.694646
vt 0.758585 0.648225
vt 0.685091 0.919575
vt 0.684646 0.908630
vt 0.758585 0.944880
vt 0.683293 0.896172
vt 0.696734 0.942780
vt 0.696729 0.942779
vt 0.685091 0.928868
vt 0.694479 0.942458
vt 0.676231 0.753183
vt 0.684808 0.683135
vt 0.684970 0.680062
vt 0.685091 0.674506
vt 0.692861 0.941902
vt 0.690742 0.940693
vt 0.689377 0.939546
vt 0.682604 0.891443
vt 0.681934 0.887273
vt 0.676707 0.846601
vt 0.685091 0.665214
vt 0.685091 0.665214
vt 0.696728 0.651147
vt 0.685302 0.662606
vt 0.694386 0.651524
vt 0.692766 0.652119
vt 0.687726 0.937588
vt 0.686767 0.935979
vt 0.685323 0.931597
vt 0.685769 0.933493
vt 0.675099 0.823295
vt 0.674483 0.799919
vt 0.674860 0.776529
vt 0.686711 0.658192
vt 0.687661 0.656555
vt 0.685733 0.660701
vt 0.689296 0.654559
vt 0.690656 0.653377
vt 0.780802 0.966177
vt 0.781171 0.937552
vt 0.842880 0.968704
vt 0.842790 0.940061
vt 0.776153 0.937423
vt 0.776895 0.966027
vt 0.775445 0.937405
vt 0.775106 0.937396
vt 0.770572 0.937275
vt 0.776804 0.966024
vt 0.769300 0.937240
vt 0.774041 0.965916
vt 0.773189 0.965882
vt 0.766019 0.937150
vt 0.770447 0.965773
vt 0.765460 0.937134
vt 0.763973 0.937092
vt 0.769757 0.965744
vt 0.761373 0.937017
vt 0.768134 0.965678
vt 0.759262 0.936955
vt 0.851045 0.290175
vt 0.844340 0.319333
vt 0.842950 0.319218
vt 0.851036 0.290174
vt 0.847095 0.289934
vt 0.841412 0.319091
vt 0.846172 0.289894
vt 0.839894 0.319003
vt 0.839007 0.318951
vt 0.842710 0.289743
vt 0.836378 0.318848
vt 0.832618 0.318746
vt 0.836557 0.289577
vt 0.835322 0.318807
vt 0.840714 0.289681
vt 0.841397 0.289699
vt 0.832521 0.318743
vt 0.830890 0.289510
vt 0.831543 0.289514
vt 0.834795 0.289555
vt 0.609386 0.318730
vt 0.601375 0.318731
vt 0.635688 0.304677
vt 0.601357 0.289523
vt 0.662631 0.294520
vt 0.683618 0.289517
vt 0.600595 0.289524
vt 0.595518 0.289563
vt 0.597441 0.318765
vt 0.595221 0.289569
vt 0.590619 0.289661
vt 0.597356 0.318765
vt 0.589335 0.289704
vt 0.594562 0.318832
vt 0.593683 0.318867
vt 0.585958 0.289816
vt 0.590897 0.318979
vt 0.583891 0.289916
vt 0.590173 0.319022
vt 0.581707 0.290022
vt 0.588520 0.319121
vt 0.311964 0.695088
vt 0.311161 0.694966
vt 0.317532 0.664803
vt 0.307804 0.694230
vt 0.585625 0.319366
vt 0.579008 0.290197
vt 0.587129 0.319239
vt 0.579017 0.290196
vt 0.581196 0.290052
vt 0.318871 0.665024
vt 0.319621 0.665147
vt 0.315059 0.695560
vt 0.322036 0.665402
vt 0.325543 0.665650
vt 0.320725 0.696098
vt 0.322974 0.665501
vt 0.316869 0.695755
vt 0.316229 0.695698
vt 0.325607 0.665654
vt 0.329351 0.665725
vt 0.328307 0.696386
vt 0.326156 0.696347
vt 0.325523 0.696330
vt 0.322416 0.696180
vt 0.390615 0.665423
vt 0.389119 0.696086
vt 0.781151 0.677700
vt 0.780779 0.648978
vt 0.842770 0.675201
vt 0.842856 0.646460
vt 0.776939 0.649120
vt 0.778963 0.677755
vt 0.778315 0.677771
vt 0.776872 0.649123
vt 0.775097 0.677850
vt 0.773347 0.677893
vt 0.774178 0.649221
vt 0.769262 0.677991
vt 0.773168 0.649257
vt 0.768247 0.649431
vt 0.769735 0.649379
vt 0.763933 0.678114
vt 0.770569 0.649350
vt 0.767326 0.678036
vt 0.768584 0.678007
vt 0.763053 0.678134
vt 0.759242 0.678217
vt 0.844458 0.003368
vt 0.851045 0.031663
vt 0.842949 0.003352
vt 0.851036 0.031663
vt 0.841554 0.003337
vt 0.848851 0.031618
vt 0.848339 0.031609
vt 0.839897 0.003325
vt 0.846150 0.031576
vt 0.839172 0.003319
vt 0.844078 0.031544
vt 0.836381 0.003305
vt 0.840696 0.031509
vt 0.835500 0.003301
vt 0.839410 0.031496
vt 0.834029 0.003296
vt 0.834804 0.031467
vt 0.832602 0.003294
vt 0.834507 0.031465
vt 0.828684 0.003288
vt 0.829429 0.031453
vt 0.828667 0.031453
vt 0.601375 0.003307
vt 0.601357 0.031471
vt 0.597539 0.003311
vt 0.599133 0.031473
vt 0.598481 0.031475
vt 0.597442 0.003311
vt 0.595231 0.031488
vt 0.593470 0.031495
vt 0.594741 0.003319
vt 0.589318 0.031528
vt 0.593686 0.003325
vt 0.588635 0.031534
vt 0.587324 0.031548
vt 0.591060 0.003338
vt 0.583869 0.031596
vt 0.590175 0.003345
vt 0.588661 0.003356
vt 0.582947 0.031609
vt 0.587128 0.003373
vt 0.579017 0.031685
vt 0.579008 0.031685
vt 0.486268 0.690992
vt 0.477830 0.670744
vt 0.487602 0.689520
vt 0.479965 0.668606
vt 0.489239 0.688234
vt 0.482587 0.666567
vt 0.489935 0.687688
vt 0.484087 0.665399
vt 0.484649 0.665039
vt 0.492695 0.686203
vt 0.487949 0.663325
vt 0.493552 0.685742
vt 0.489228 0.662660
vt 0.495013 0.685205
vt 0.493778 0.661180
vt 0.293957 0.462607
vt 0.295306 0.436922
vt 0.295306 0.462981
vt 0.328512 0.951696
vt 0.329601 0.977379
vt 0.323608 0.951310
vt 0.325832 0.976988
vt 0.322925 0.951241
vt 0.284577 0.465412
vt 0.284227 0.441443
vt 0.389328 0.956315
vt 0.390869 0.982033
vt 0.733164 0.312834
vt 0.715010 0.312806
vt 0.723811 0.294015
vt 0.691912 0.312859
vt 0.703319 0.294256
vt 0.712534 0.312802
vt 0.714267 0.293695
vt 0.715012 0.293720
vt 0.671347 0.313007
vt 0.635448 0.313484
vt 0.638291 0.312119
vt 0.664352 0.301970
vt 0.674637 0.299436
vt 0.674571 0.312984
vt 0.684651 0.296969
vt 0.691240 0.295827
vt 0.734354 0.295155
vt 0.745376 0.296964
vt 0.753752 0.312957
vt 0.755387 0.299603
vt 0.755451 0.312979
vt 0.771390 0.303822
vt 0.794598 0.313471
vt 0.307188 0.698709
vt 0.735010 0.288788
vt 0.724109 0.288332
vt 0.714241 0.288205
vt 0.702920 0.288430
vt 0.690431 0.289059
vt 0.781212 0.934272
vt 0.314041 0.949950
vt 0.313530 0.949848
vt 0.577006 0.031735
vt 0.328449 0.948645
vt 0.309852 0.948987
vt 0.312191 0.949534
vt 0.317095 0.950467
vt 0.318278 0.950667
vt 0.322601 0.951201
vt 0.780770 0.645793
vt 0.780769 0.645627
vt 0.842895 0.640806
vt 0.499514 0.965921
vt 0.561625 0.968352
vt 0.499507 0.966088
vt 0.499386 0.968352
vt 0.293237 0.484871
vt 0.291097 0.484758
vt 0.293237 0.412466
vt 0.842870 0.643253
vt 0.828686 0.001589
vt 0.828687 0.000028
vt 0.833492 0.000000
vt 0.777312 0.645760
vt 0.495925 0.967870
vt 0.774829 0.645854
vt 0.771585 0.645975
vt 0.769498 0.646050
vt 0.842868 0.000058
vt 0.840257 0.000033
vt 0.838115 0.000019
vt 0.834815 0.000004
vt 0.484578 0.949591
vt 0.485067 0.953852
vt 0.485405 0.955029
vt 0.486681 0.957967
vt 0.487911 0.959873
vt 0.490032 0.962196
vt 0.491789 0.963562
vt 0.494518 0.965011
vt 0.496604 0.965684
vt 0.493438 0.967068
vt 0.490186 0.965343
vt 0.488092 0.963714
vt 0.485565 0.960945
vt 0.484099 0.958674
vt 0.482579 0.955172
vt 0.482175 0.953769
vt 0.481579 0.948657
vt 0.484569 0.949561
vt 0.280079 0.362456
vt 0.280153 0.358558
vt 0.280153 0.362638
vt 0.485607 0.708396
vt 0.484717 0.949605
vt 0.485436 0.708380
vt 0.482445 0.707476
vt 0.601378 0.000012
vt 0.601378 0.000175
vt 0.828687 0.000135
vt 0.290509 0.653672
vt 0.290657 0.412466
vt 0.290657 0.653715
vt 0.485718 0.705311
vt 0.495626 0.688682
vt 0.500387 0.686688
vt 0.500413 0.687841
vt 0.597930 0.000016
vt 0.482783 0.703818
vt 0.595414 0.000023
vt 0.592106 0.000038
vt 0.484970 0.697636
vt 0.483159 0.695168
vt 0.483762 0.694228
vt 0.486439 0.695347
vt 0.484793 0.692620
vt 0.488963 0.692560
vt 0.491060 0.690913
vt 0.494312 0.689165
vt 0.496440 0.684952
vt 0.500333 0.684262
vt 0.483455 0.701148
vt 0.486283 0.703071
vt 0.487554 0.700126
vt 0.488787 0.698206
vt 0.490905 0.695870
vt 0.492664 0.694489
vt 0.495393 0.693025
vt 0.496496 0.692621
vt 0.500481 0.691924
vt 0.500515 0.691919
vt 0.280153 0.354459
vt 0.280153 0.358558
vt 0.280078 0.358377
vt 0.562647 0.689929
vt 0.500520 0.692120
vt 0.562576 0.685447
vt 0.562474 0.682071
vt 0.500408 0.687639
vt 0.816318 0.317816
vt 0.813886 0.317315
vt 0.804636 0.315433
vt 0.797535 0.314045
vt 0.631988 0.314149
vt 0.628095 0.314913
vt 0.618018 0.316951
vt 0.842895 0.971894
vt 0.780794 0.969344
vt 0.696665 0.647367
vt 0.696662 0.647171
vt 0.758693 0.640806
vt 0.696704 0.643872
vt 0.780794 0.969509
vt 0.758609 0.644432
vt 0.828686 0.320510
vt 0.828687 0.322168
vt 0.832136 0.322228
vt 0.774709 0.969267
vt 0.777193 0.969367
vt 0.280086 0.373399
vt 0.280160 0.373215
vt 0.280160 0.377297
vt 0.834654 0.322286
vt 0.837968 0.322417
vt 0.840129 0.322545
vt 0.842762 0.322766
vt 0.769399 0.969046
vt 0.771478 0.969134
vt 0.681707 0.665297
vt 0.678876 0.665483
vt 0.681715 0.665259
vt 0.679178 0.661479
vt 0.681957 0.661938
vt 0.679838 0.658556
vt 0.682512 0.659485
vt 0.681337 0.654705
vt 0.683769 0.656255
vt 0.682793 0.652191
vt 0.684991 0.654146
vt 0.685300 0.649126
vt 0.687094 0.651575
vt 0.687386 0.647309
vt 0.688845 0.650051
vt 0.690623 0.645373
vt 0.691560 0.648428
vt 0.693108 0.644457
vt 0.693645 0.647660
vt 0.820675 0.321409
vt 0.828687 0.322047
vt 0.678286 0.674833
vt 0.678736 0.665492
vt 0.678788 0.674789
vt 0.680171 0.674668
vt 0.681881 0.674586
vt 0.681846 0.665288
vt 0.682501 0.674556
vt 0.804487 0.319201
vt 0.816252 0.320826
vt 0.682195 0.679957
vt 0.679738 0.679938
vt 0.677823 0.680007
vt 0.820676 0.321987
vt 0.816153 0.323283
vt 0.813791 0.320493
vt 0.813642 0.323108
vt 0.679418 0.682864
vt 0.681937 0.682949
vt 0.804192 0.322399
vt 0.677804 0.693875
vt 0.680517 0.694179
vt 0.794471 0.317780
vt 0.794087 0.321577
vt 0.675553 0.705654
vt 0.678415 0.706131
vt 0.635577 0.317793
vt 0.635968 0.321590
vt 0.671418 0.317315
vt 0.678415 0.888169
vt 0.675553 0.889055
vt 0.670241 0.847710
vt 0.673142 0.847132
vt 0.691950 0.317167
vt 0.712539 0.317110
vt 0.733136 0.317142
vt 0.753690 0.317265
vt 0.671634 0.321113
vt 0.692065 0.320965
vt 0.712554 0.320908
vt 0.733051 0.320941
vt 0.753505 0.321063
vt 0.668607 0.824020
vt 0.671519 0.823618
vt 0.667981 0.800259
vt 0.670898 0.800033
vt 0.668364 0.776483
vt 0.671279 0.776434
vt 0.669757 0.752752
vt 0.672661 0.752880
vt 0.679190 0.892247
vt 0.632500 0.321878
vt 0.632133 0.318283
vt 0.676374 0.893056
vt 0.680002 0.896867
vt 0.677244 0.897580
vt 0.681705 0.909002
vt 0.679142 0.909421
vt 0.682501 0.919626
vt 0.681881 0.919655
vt 0.680171 0.919737
vt 0.678788 0.919858
vt 0.628581 0.322198
vt 0.628249 0.318836
vt 0.618324 0.322987
vt 0.618135 0.320254
vt 0.609389 0.322004
vt 0.280077 0.365641
vt 0.279314 0.355502
vt 0.279817 0.355512
vt 0.609388 0.321426
vt 0.681855 0.928945
vt 0.681686 0.928949
vt 0.678855 0.929134
vt 0.601378 0.322218
vt 0.601378 0.322046
vt 0.280077 0.346255
vt 0.329514 0.663167
vt 0.329599 0.662025
vt 0.326227 0.661936
vt 0.595254 0.322310
vt 0.597765 0.322250
vt 0.323859 0.661801
vt 0.320845 0.661487
vt 0.318967 0.661180
vt 0.587219 0.322797
vt 0.589822 0.322574
vt 0.591959 0.322445
vt 0.696666 0.946856
vt 0.696704 0.950491
vt 0.696633 0.946847
vt 0.693251 0.950010
vt 0.693765 0.946457
vt 0.690768 0.949153
vt 0.691682 0.945738
vt 0.687518 0.947291
vt 0.688955 0.944178
vt 0.685424 0.945527
vt 0.687198 0.942699
vt 0.682894 0.942520
vt 0.685075 0.940177
vt 0.681422 0.940047
vt 0.683841 0.938103
vt 0.679894 0.936232
vt 0.682558 0.934903
vt 0.679210 0.933323
vt 0.681984 0.932462
vt 0.280077 0.346439
vt 0.280154 0.346255
vt 0.280154 0.350357
vt 0.696664 0.946676
vt 0.758609 0.948779
vt 0.390869 0.661862
vt 0.329578 0.662164
vt 0.758693 0.952774
vt 0.696706 0.950670
vt 0.546171 0.348745
vt 0.554183 0.348744
vt 0.524973 0.360456
vt 0.554155 0.378132
vt 0.498499 0.371325
vt 0.471894 0.378135
vt 0.326845 0.380343
vt 0.326890 0.629473
vt 0.326174 0.380343
vt 0.324935 0.629470
vt 0.321357 0.380297
vt 0.320301 0.629435
vt 0.318301 0.380225
vt 0.318364 0.629403
vt 0.317400 0.380204
vt 0.315701 0.629360
vt 0.312987 0.380030
vt 0.094367 0.706581
vt 0.094378 0.956838
vt 0.091739 0.956793
vt 0.315200 0.629349
vt 0.310993 0.629232
vt 0.310589 0.379890
vt 0.310607 0.629217
vt 0.309112 0.379803
vt 0.307234 0.629082
vt 0.307188 0.379656
vt 0.083430 0.956664
vt 0.083430 0.706813
vt 0.085041 0.706777
vt 0.086717 0.956712
vt 0.086751 0.706740
vt 0.087117 0.956719
vt 0.088949 0.706692
vt 0.093147 0.706605
vt 0.096301 0.956871
vt 0.097792 0.706512
vt 0.100915 0.956953
vt 0.102867 0.706415
vt 0.102867 0.956990
vt 0.554199 0.629465
vt 0.554154 0.380336
vt 0.022284 0.700415
vt 0.022284 0.946609
vt 0.020332 0.946547
vt 0.017174 0.700500
vt 0.015649 0.946517
vt 0.013646 0.700693
vt 0.013655 0.946580
vt 0.010917 0.946666
vt 0.568079 0.629286
vt 0.570081 0.379912
vt 0.570487 0.629206
vt 0.570469 0.379885
vt 0.571971 0.629156
vt 0.573860 0.379647
vt 0.573905 0.629073
vt 0.001942 0.947550
vt 0.001942 0.702067
vt 0.003731 0.701755
vt 0.005556 0.947092
vt 0.005583 0.701501
vt 0.005995 0.947037
vt 0.007964 0.701176
vt 0.012390 0.700762
vt 0.554870 0.629465
vt 0.556110 0.380330
vt 0.559691 0.629439
vt 0.560748 0.380269
vt 0.562752 0.629397
vt 0.562689 0.380213
vt 0.563654 0.629385
vt 0.565357 0.380136
vt 0.565860 0.380117
vt 0.083430 0.699262
vt 0.083430 0.950356
vt 0.022288 0.700415
vt 0.022288 0.946609
vt 0.164282 0.703914
vt 0.164282 0.959476
vt 0.102871 0.706415
vt 0.102871 0.956989
vt 0.865334 0.008068
vt 0.867589 0.007731
vt 0.856600 0.017095
vt 0.856131 0.287986
vt 0.855920 0.285380
vt 0.863616 0.298420
vt 0.856333 0.018095
vt 0.864472 0.298763
vt 0.855920 0.021726
vt 0.855920 0.021725
vt 0.929455 0.005198
vt 0.929455 0.301839
vt 0.867595 0.299363
vt 0.867589 0.299363
vt 0.860459 0.010787
vt 0.858562 0.012986
vt 0.857762 0.014293
vt 0.861587 0.009860
vt 0.864004 0.008511
vt 0.861239 0.296978
vt 0.860136 0.296004
vt 0.856467 0.289544
vt 0.858307 0.293733
vt 0.857544 0.292390
vt 0.873124 0.330707
vt 0.934802 0.326145
vt 0.861487 0.352434
vt 0.859006 0.378277
vt 0.859614 0.374449
vt 0.861023 0.362717
vt 0.861533 0.576630
vt 0.861410 0.571553
vt 0.934857 0.597519
vt 0.861534 0.585131
vt 0.873118 0.330707
vt 0.861485 0.343933
vt 0.870870 0.331098
vt 0.861262 0.568950
vt 0.860170 0.558359
vt 0.858370 0.547176
vt 0.864118 0.335842
vt 0.866009 0.333762
vt 0.851546 0.440332
vt 0.855833 0.397389
vt 0.858336 0.382120
vt 0.867133 0.332873
vt 0.869544 0.331551
vt 0.852637 0.504791
vt 0.851269 0.483370
vt 0.850905 0.461866
vt 0.307188 0.349764
vt 0.307188 0.435952
vt 0.298338 0.364939
vt 0.305197 0.350348
vt 0.298224 0.361850
vt 0.298380 0.360275
vt 0.863321 0.337067
vt 0.861781 0.341099
vt 0.862162 0.339672
vt 0.299088 0.357369
vt 0.299654 0.355981
vt 0.304043 0.350937
vt 0.301103 0.353591
vt 0.302016 0.352543
vt 0.022208 0.698230
vt 0.020231 0.672519
vt 0.083371 0.697076
vt 0.081850 0.671357
vt 0.022203 0.698230
vt 0.017173 0.698340
vt 0.017098 0.672646
vt 0.016869 0.698358
vt 0.016604 0.672666
vt 0.014757 0.672808
vt 0.012463 0.698621
vt 0.014044 0.672890
vt 0.009719 0.673458
vt 0.011120 0.673236
vt 0.006699 0.699249
vt 0.011348 0.673200
vt 0.008104 0.699050
vt 0.011635 0.698703
vt 0.003935 0.699641
vt 0.566603 0.348136
vt 0.575073 0.377266
vt 0.573561 0.377410
vt 0.565487 0.348247
vt 0.573553 0.377411
vt 0.563943 0.348400
vt 0.569842 0.377688
vt 0.563081 0.348460
vt 0.569340 0.377714
vt 0.565685 0.377903
vt 0.560274 0.348608
vt 0.562371 0.348510
vt 0.556082 0.378126
vt 0.557225 0.348714
vt 0.559468 0.378078
vt 0.557303 0.348712
vt 0.560650 0.378062
vt 0.559045 0.348665
vt 0.564597 0.377941
vt 0.565190 0.377923
vt 0.326846 0.378140
vt 0.326874 0.348752
vt 0.334885 0.348752
vt 0.360962 0.362788
vt 0.387663 0.372966
vt 0.409106 0.378137
vt 0.326185 0.378139
vt 0.323760 0.348715
vt 0.321525 0.378092
vt 0.323274 0.348709
vt 0.321440 0.378091
vt 0.321474 0.348654
vt 0.317543 0.377993
vt 0.320782 0.348619
vt 0.316434 0.377947
vt 0.313197 0.377811
vt 0.318209 0.348486
vt 0.311719 0.377719
vt 0.317985 0.348469
vt 0.316687 0.348371
vt 0.309382 0.377573
vt 0.315601 0.348255
vt 0.307496 0.377420
vt 0.307488 0.377419
vt 0.314129 0.348098
vt 0.092629 0.987675
vt 0.083700 0.958887
vt 0.087332 0.958961
vt 0.093487 0.987706
vt 0.087810 0.958971
vt 0.094162 0.987730
vt 0.091884 0.959059
vt 0.096251 0.987806
vt 0.092476 0.959072
vt 0.097443 0.987850
vt 0.096376 0.959160
vt 0.099192 0.987915
vt 0.097556 0.959187
vt 0.099246 0.987917
vt 0.100919 0.959266
vt 0.102300 0.988034
vt 0.102841 0.959311
vt 0.102846 0.959311
vt 0.164279 0.961799
vt 0.164191 0.990540
vt 0.020231 0.979617
vt 0.022208 0.948983
vt 0.081851 0.983393
vt 0.083371 0.952732
vt 0.022203 0.948983
vt 0.020281 0.948911
vt 0.017154 0.979498
vt 0.016868 0.948871
vt 0.017098 0.979498
vt 0.015672 0.948857
vt 0.015303 0.979489
vt 0.011626 0.948963
vt 0.014050 0.979533
vt 0.011012 0.948979
vt 0.011854 0.979609
vt 0.006674 0.949284
vt 0.011125 0.979667
vt 0.006165 0.949319
vt 0.010199 0.979740
vt 0.002173 0.949805
vt 0.008541 0.979958
vt 0.002165 0.949806
vt 0.000259 0.950124
vt 0.007319 0.980120
vt 0.571703 0.631346
vt 0.564448 0.659449
vt 0.569356 0.631415
vt 0.563145 0.659476
vt 0.562919 0.659481
vt 0.567871 0.631459
vt 0.560339 0.659517
vt 0.564625 0.631524
vt 0.563514 0.631546
vt 0.559645 0.659527
vt 0.559610 0.631593
vt 0.558478 0.659537
vt 0.559525 0.631593
vt 0.557346 0.659541
vt 0.554861 0.631616
vt 0.554239 0.659554
vt 0.554201 0.631616
vt 0.326892 0.631624
vt 0.326930 0.659561
vt 0.311735 0.631425
vt 0.315377 0.631515
vt 0.320847 0.659524
vt 0.324965 0.631621
vt 0.323890 0.659553
vt 0.321582 0.631598
vt 0.323812 0.659552
vt 0.320401 0.631590
vt 0.322072 0.659540
vt 0.316463 0.631533
vt 0.315871 0.631525
vt 0.318756 0.659497
vt 0.318048 0.659484
vt 0.311235 0.631413
vt 0.317190 0.659467
vt 0.307542 0.631281
vt 0.315655 0.659425
vt 0.307534 0.631281
vt 0.314545 0.659395
vt 0.083700 0.704593
vt 0.092190 0.675880
vt 0.085288 0.704549
vt 0.087840 0.704479
vt 0.093480 0.675826
vt 0.093690 0.675817
vt 0.089137 0.704444
vt 0.096242 0.675713
vt 0.092487 0.704356
vt 0.093272 0.704336
vt 0.096917 0.675685
vt 0.097550 0.704227
vt 0.098077 0.675639
vt 0.099208 0.675594
vt 0.097845 0.704220
vt 0.102300 0.675473
vt 0.102841 0.704097
vt 0.102846 0.704097
vt 0.164191 0.672952
vt 0.164279 0.701595
vt 0.519193 0.351573
vt 0.495963 0.361376
vt 0.480479 0.352171
vt 0.480421 0.365532
vt 0.478568 0.352201
vt 0.470522 0.368178
vt 0.458095 0.352351
vt 0.417077 0.352321
vt 0.437580 0.352391
vt 0.429094 0.370918
vt 0.459698 0.369987
vt 0.449357 0.371132
vt 0.440493 0.352385
vt 0.440501 0.371440
vt 0.439764 0.371466
vt 0.364443 0.352849
vt 0.361843 0.351578
vt 0.376303 0.351852
vt 0.417340 0.369383
vt 0.410484 0.368180
vt 0.400563 0.352131
vt 0.400584 0.365687
vt 0.389978 0.363016
vt 0.416277 0.378378
vt 0.460576 0.378498
vt 0.428570 0.378685
vt 0.439730 0.378794
vt 0.449762 0.378727
vt 0.002173 0.699956
vt 0.000000 0.947884
vt 0.867529 0.005689
vt 0.867523 0.005464
vt 0.929400 0.001231
vt 0.867532 0.005779
vt 0.867475 0.003907
vt 0.867472 0.003798
vt 0.295306 0.508700
vt 0.296821 0.436922
vt 0.296821 0.508797
vt 0.929345 0.000000
vt 0.867463 0.003517
vt 0.020116 0.981093
vt 0.929442 0.003237
vt 0.864949 0.006072
vt 0.864615 0.004297
vt 0.017197 0.981367
vt 0.015464 0.981357
vt 0.010685 0.981588
vt 0.012235 0.981467
vt 0.007988 0.981942
vt 0.006796 0.982180
vt 0.006233 0.980337
vt 0.558211 0.661165
vt 0.559304 0.661156
vt 0.562370 0.661114
vt 0.006045 0.980375
vt 0.554242 0.661180
vt 0.863428 0.006580
vt 0.860664 0.008124
vt 0.859374 0.009185
vt 0.857206 0.011701
vt 0.856292 0.013197
vt 0.854963 0.016402
vt 0.854658 0.017545
vt 0.854186 0.021697
vt 0.862930 0.004861
vt 0.859867 0.006573
vt 0.858438 0.007749
vt 0.856036 0.010538
vt 0.855024 0.012195
vt 0.853551 0.015747
vt 0.853214 0.017013
vt 0.852691 0.021615
vt 0.326932 0.660745
vt 0.852316 0.285234
vt 0.851642 0.021490
vt 0.852672 0.285258
vt 0.278503 0.346255
vt 0.279245 0.610671
vt 0.277916 0.610671
vt 0.852639 0.021609
vt 0.852743 0.285262
vt 0.279314 0.346255
vt 0.279314 0.610671
vt 0.279245 0.610672
vt 0.852691 0.021615
vt 0.853981 0.285344
vt 0.854186 0.021697
vt 0.854194 0.285348
vt 0.854272 0.021699
vt 0.854280 0.285349
vt 0.280202 0.364682
vt 0.280080 0.364268
vt 0.280202 0.362638
vt 0.290724 0.427111
vt 0.290801 0.425267
vt 0.290801 0.427299
vt 0.854427 0.288332
vt 0.852958 0.288571
vt 0.324087 0.661180
vt 0.322385 0.661168
vt 0.317814 0.661103
vt 0.319280 0.661130
vt 0.315337 0.661037
vt 0.094215 0.674136
vt 0.092811 0.674196
vt 0.854811 0.290114
vt 0.856042 0.293369
vt 0.856914 0.294905
vt 0.859006 0.297504
vt 0.860267 0.298619
vt 0.862985 0.300270
vt 0.863963 0.300663
vt 0.853383 0.290546
vt 0.854747 0.294152
vt 0.855713 0.295855
vt 0.858030 0.298736
vt 0.859427 0.299971
vt 0.862438 0.301801
vt 0.863522 0.302237
vt 0.098322 0.673966
vt 0.097236 0.674010
vt 0.102224 0.673883
vt 0.867419 0.302927
vt 0.867502 0.301330
vt 0.102280 0.674113
vt 0.164184 0.671357
vt 0.929401 0.305549
vt 0.867465 0.303278
vt 0.867474 0.303033
vt 0.929443 0.303736
vt 0.867477 0.302954
vt 0.867527 0.301532
vt 0.867533 0.301341
vt 0.867536 0.301243
vt 0.533310 0.350073
vt 0.539242 0.349447
vt 0.541599 0.349204
vt 0.523070 0.355571
vt 0.529559 0.350469
vt 0.521570 0.351320
vt 0.497195 0.366426
vt 0.471190 0.373228
vt 0.409816 0.373230
vt 0.416822 0.373927
vt 0.428837 0.374825
vt 0.439748 0.375147
vt 0.449557 0.374950
vt 0.460129 0.374278
vt 0.344146 0.349696
vt 0.347749 0.350079
vt 0.362759 0.357899
vt 0.354811 0.350830
vt 0.358315 0.351204
vt 0.388856 0.368065
vt 0.297140 0.365108
vt 0.305561 0.436242
vt 0.294910 0.365510
vt 0.295052 0.365478
vt 0.294816 0.365531
vt 0.296634 0.365198
vt 0.296712 0.365184
vt 0.303651 0.436617
vt 0.302244 0.436922
vt 0.293387 0.365853
vt 0.554186 0.346983
vt 0.557034 0.346954
vt 0.558738 0.346909
vt 0.563324 0.346658
vt 0.561852 0.346762
vt 0.296573 0.354156
vt 0.296005 0.352371
vt 0.298412 0.351129
vt 0.297145 0.350494
vt 0.295855 0.355915
vt 0.294521 0.355342
vt 0.295180 0.353727
vt 0.293258 0.362240
vt 0.293237 0.361670
vt 0.294754 0.361593
vt 0.293451 0.359539
vt 0.294954 0.359597
vt 0.293652 0.358716
vt 0.294413 0.355606
vt 0.296499 0.361655
vt 0.296678 0.359855
vt 0.297489 0.356532
vt 0.298137 0.354944
vt 0.299796 0.352212
vt 0.300840 0.351013
vt 0.303159 0.349178
vt 0.304479 0.348504
vt 0.306756 0.347836
vt 0.299569 0.349800
vt 0.302139 0.347767
vt 0.303602 0.347021
vt 0.306126 0.346281
vt 0.860238 0.576766
vt 0.859917 0.585340
vt 0.859928 0.576847
vt 0.859833 0.585351
vt 0.859074 0.577069
vt 0.858419 0.585853
vt 0.546176 0.346281
vt 0.554185 0.346983
vt 0.546174 0.347091
vt 0.554185 0.347070
vt 0.546173 0.347385
vt 0.519130 0.349415
vt 0.860023 0.571780
vt 0.541567 0.347687
vt 0.541519 0.346440
vt 0.858796 0.572191
vt 0.859830 0.569223
vt 0.858574 0.569688
vt 0.539125 0.346533
vt 0.539196 0.347852
vt 0.529485 0.348580
vt 0.858571 0.558805
vt 0.857217 0.559476
vt 0.529339 0.346965
vt 0.856611 0.547786
vt 0.855182 0.548650
vt 0.518939 0.347500
vt 0.478538 0.350044
vt 0.856577 0.381991
vt 0.855148 0.382232
vt 0.854063 0.397329
vt 0.361907 0.349420
vt 0.362103 0.347505
vt 0.376516 0.347779
vt 0.376355 0.349694
vt 0.437583 0.350234
vt 0.417096 0.350164
vt 0.458081 0.350194
vt 0.849757 0.440464
vt 0.849113 0.462094
vt 0.849479 0.483694
vt 0.850853 0.505211
vt 0.852625 0.397627
vt 0.848302 0.440924
vt 0.847656 0.462635
vt 0.848023 0.484316
vt 0.849403 0.505915
vt 0.417157 0.348248
vt 0.437593 0.348318
vt 0.458040 0.348278
vt 0.478447 0.348128
vt 0.358387 0.349132
vt 0.855893 0.378411
vt 0.857299 0.378174
vt 0.358572 0.347317
vt 0.354888 0.348849
vt 0.355058 0.347136
vt 0.344304 0.346636
vt 0.344206 0.348028
vt 0.334887 0.347392
vt 0.334888 0.347098
vt 0.334890 0.346287
vt 0.858266 0.363003
vt 0.859028 0.352874
vt 0.859883 0.352651
vt 0.856581 0.374611
vt 0.857962 0.374373
vt 0.859549 0.362744
vt 0.860192 0.352571
vt 0.859905 0.344167
vt 0.860280 0.344054
vt 0.326877 0.347102
vt 0.326877 0.347016
vt 0.326877 0.346802
vt 0.858523 0.344580
vt 0.859830 0.344189
vt 0.102224 0.989648
vt 0.099417 0.989597
vt 0.097729 0.989533
vt 0.093221 0.989365
vt 0.094657 0.989417
vt 0.317339 0.346631
vt 0.314943 0.346374
vt 0.318764 0.346740
vt 0.323506 0.346950
vt 0.321821 0.346898
vt 0.860121 0.340912
vt 0.860557 0.339281
vt 0.861881 0.336301
vt 0.862793 0.334900
vt 0.864954 0.332520
vt 0.866240 0.331502
vt 0.868996 0.329989
vt 0.870513 0.329469
vt 0.873002 0.329156
vt 0.279779 0.379641
vt 0.279779 0.381659
vt 0.279613 0.380851
vt 0.858744 0.341064
vt 0.859227 0.339257
vt 0.860694 0.335955
vt 0.861704 0.334403
vt 0.864098 0.331766
vt 0.865523 0.330638
vt 0.868577 0.328962
vt 0.870257 0.328386
vt 0.099702 0.990721
vt 0.873058 0.327987
vt 0.279925 0.379641
vt 0.279925 0.381658
vt 0.279779 0.381311
vt 0.873101 0.328051
vt 0.873098 0.329120
vt 0.934814 0.324528
vt 0.873096 0.329654
vt 0.873098 0.329186
vt 0.934857 0.323283
vt 0.102282 0.989583
vt 0.164184 0.992144
vt 0.102281 0.989664
vt 0.102278 0.989967
s 0
usemtl Material_001
f 1/1/1 2/2/1 3/3/1
f 3/3/1 2/2/1 4/4/1
f 3/3/1 4/4/1 5/5/1
f 5/5/1 4/4/1 6/6/1
f 5/5/1 6/6/1 7/7/1
f 7/7/1 6/6/1 8/8/1
f 7/7/1 8/8/1 9/9/1
f 9/9/1 8/8/1 10/10/1
f 9/9/1 10/10/1 11/11/1
f 11/11/1 10/10/1 12/12/1
f 11/11/1 12/12/1 13/13/1
f 13/13/1 12/12/1 14/14/1
f 13/13/1 14/14/1 15/15/1
f 15/15/1 14/14/1 16/16/1
f 15/15/1 16/16/1 17/17/1
f 17/17/1 16/16/1 18/18/1
f 17/17/1 18/18/1 19/19/1
f 19/19/1 18/18/1 20/20/1
f 19/19/1 20/20/1 21/21/1
f 21/21/1 20/20/1 22/22/1
f 21/21/1 22/22/1 23/23/1
f 23/23/1 22/22/1 24/24/1
f 23/23/1 24/24/1 25/25/1
f 25/25/1 24/24/1 26/26/1
f 25/25/1 26/26/1 27/27/1
f 27/27/1 26/26/1 28/28/1
f 27/27/1 28/28/1 29/29/1
f 29/29/1 28/28/1 30/30/1
f 29/29/1 30/30/1 31/31/1
f 31/31/1 30/30/1 32/32/1
f 31/31/1 32/32/1 33/33/1
f 33/33/1 32/32/1 34/34/1
f 33/33/1 34/34/1 35/35/1
f 35/35/1 34/34/1 36/36/1
f 35/35/1 36/36/1 37/37/1
f 37/37/1 36/36/1 38/38/1
f 37/37/1 38/38/1 39/39/1
f 39/39/1 38/38/1 40/40/1
f 39/39/1 40/40/1 41/41/1
f 41/41/1 40/40/1 42/42/1
f 41/41/1 42/42/1 43/43/1
f 43/43/1 42/42/1 44/44/1
f 43/43/1 44/44/1 45/45/1
f 45/45/1 44/44/1 46/46/1
f 45/45/1 46/46/1 47/47/1
f 47/47/1 46/46/1 48/48/1
f 47/47/1 48/48/1 1/1/1
f 1/1/1 48/48/1 2/2/1
f 49/49/2 50/50/2 51/51/2
f 51/51/3 50/50/3 52/52/3
f 51/51/4 52/52/4 53/53/4
f 53/53/5 52/52/5 54/54/5
f 53/53/6 54/54/6 55/55/6
f 55/55/7 54/54/7 56/56/7
f 55/55/8 56/56/8 57/57/8
f 56/56/9 58/58/9 57/57/9
f 57/57/10 58/58/10 59/59/10
f 57/57/11 59/59/11 60/60/11
f 60/60/12 59/59/12 61/61/12
f 60/60/13 61/61/13 62/62/13
f 62/62/13 61/61/13 63/63/13
f 63/63/14 61/61/14 64/64/14
f 63/63/15 64/64/15 65/65/15
f 66/66/16 67/67/16 68/68/16
f 69/69/16 70/70/16 71/71/16
f 71/71/16 70/70/16 72/72/16
f 71/71/16 72/72/16 73/73/16
f 74/74/16 75/75/16 66/66/16
f 66/66/16 75/75/16 76/76/16
f 66/66/16 76/76/16 67/67/16
f 77/77/16 78/78/16 66/66/16
f 79/79/16 80/80/16 81/81/16
f 81/81/16 80/80/16 66/66/16
f 82/82/16 83/83/16 80/80/16
f 80/80/16 83/83/16 84/84/16
f 80/80/16 84/84/16 85/85/16
f 86/86/16 87/87/16 88/88/16
f 88/88/16 87/87/16 89/89/16
f 88/88/16 89/89/16 90/90/16
f 73/73/16 91/91/16 71/71/16
f 71/71/16 91/91/16 92/92/16
f 71/71/16 92/92/16 66/66/16
f 66/66/16 92/92/16 93/93/16
f 66/66/16 93/93/16 74/74/16
f 79/79/16 94/94/16 80/80/16
f 80/80/16 94/94/16 95/95/16
f 80/80/16 95/95/16 96/96/16
f 78/78/16 97/97/16 66/66/16
f 66/66/16 97/97/16 98/98/16
f 66/66/16 98/98/16 81/81/16
f 96/96/16 99/99/16 80/80/16
f 80/80/16 99/99/16 100/100/16
f 80/80/16 100/100/16 101/101/16
f 101/101/16 102/102/16 80/80/16
f 80/80/16 102/102/16 103/103/16
f 80/80/16 103/103/16 104/104/16
f 68/68/16 105/105/16 66/66/16
f 66/66/16 105/105/16 106/106/16
f 66/66/16 106/106/16 107/107/16
f 85/85/16 108/108/16 80/80/16
f 80/80/16 108/108/16 109/109/16
f 80/80/16 109/109/16 88/88/16
f 88/88/16 109/109/16 110/110/16
f 88/88/16 110/110/16 86/86/16
f 107/107/16 111/111/16 66/66/16
f 66/66/16 111/111/16 112/112/16
f 66/66/16 112/112/16 77/77/16
f 104/104/16 113/113/16 80/80/16
f 80/80/16 113/113/16 114/114/16
f 80/80/16 114/114/16 82/82/16
f 115/115/17 116/116/17 14/117/17
f 14/117/17 116/116/17 16/118/17
f 117/119/18 118/119/18 119/119/18
f 120/120/17 121/121/17 14/117/17
f 14/117/17 121/121/17 122/122/17
f 14/117/17 122/122/17 115/115/17
f 119/123/17 123/124/17 124/125/17
f 116/116/17 125/126/17 16/118/17
f 16/118/19 125/126/19 123/124/19
f 16/118/17 123/124/17 126/127/17
f 126/127/20 123/124/20 119/123/20
f 120/120/21 127/128/21 121/121/21
f 121/121/22 127/128/22 128/129/22
f 121/121/17 128/129/17 129/130/17
f 129/119/17 128/119/17 130/119/17
f 129/130/17 130/131/17 131/132/17
f 122/122/17 132/133/17 115/115/17
f 115/115/17 132/133/17 133/134/17
f 115/115/17 133/134/17 134/135/17
f 134/135/18 133/134/18 135/136/18
f 134/135/17 135/136/17 136/137/17
f 137/119/23 138/119/23 117/119/23
f 139/119/24 140/119/24 141/119/24
f 141/119/25 140/119/25 142/119/25
f 142/119/26 140/119/26 130/119/26
f 130/131/26 140/138/26 143/139/26
f 130/119/18 143/119/18 131/119/18
f 124/125/17 144/140/17 119/123/17
f 119/119/17 144/119/17 145/119/17
f 119/141/17 145/142/17 117/143/17
f 117/119/17 145/119/17 146/119/17
f 117/119/27 146/119/27 137/119/27
f 147/144/17 148/145/17 149/146/17
f 149/146/17 148/145/17 150/147/17
f 149/146/17 150/147/17 151/148/17
f 151/148/17 150/147/17 152/149/17
f 151/148/17 152/149/17 153/150/17
f 135/136/17 151/148/17 136/137/17
f 136/137/17 151/148/17 153/150/17
f 136/137/17 153/150/17 154/151/17
f 154/151/17 153/150/17 155/152/17
f 154/151/28 155/152/28 156/153/28
f 157/154/29 158/155/29 159/156/29
f 159/156/29 158/155/29 160/157/29
f 159/156/29 160/157/29 161/158/29
f 161/158/29 160/157/29 162/159/29
f 163/160/29 164/161/29 165/162/29
f 166/163/29 167/164/29 165/162/29
f 165/162/29 167/164/29 168/165/29
f 165/162/29 168/165/29 163/160/29
f 169/166/30 170/167/30 26/168/30
f 26/168/30 170/167/30 28/169/30
f 170/167/31 169/166/31 171/170/31
f 171/170/32 169/166/32 172/171/32
f 171/170/33 172/171/33 173/172/33
f 174/173/34 175/174/34 176/175/34
f 176/175/35 175/174/35 177/176/35
f 172/171/36 178/177/36 173/172/36
f 173/172/37 178/177/37 179/178/37
f 173/172/38 179/178/38 180/179/38
f 180/179/39 179/178/39 177/176/39
f 180/179/40 177/176/40 181/180/40
f 181/180/41 177/176/41 175/174/41
f 176/175/42 182/181/42 174/173/42
f 174/173/43 182/181/43 183/182/43
f 174/173/44 183/182/44 184/183/44
f 184/184/45 183/185/45 185/186/45
f 183/182/46 186/187/46 185/188/46
f 185/186/47 186/189/47 187/190/47
f 185/186/48 187/190/48 188/191/48
f 188/191/49 187/190/49 189/192/49
f 187/190/50 190/193/50 189/192/50
f 189/192/51 190/193/51 191/194/51
f 189/192/52 191/194/52 192/195/52
f 192/195/53 191/194/53 193/196/53
f 71/71/54 66/66/54 194/197/54
f 194/197/55 66/66/55 193/196/55
f 194/197/56 193/196/56 195/198/56
f 195/198/57 193/196/57 191/194/57
f 196/199/58 197/200/58 198/201/58
f 196/199/59 198/201/59 199/202/59
f 80/80/60 88/88/60 200/203/60
f 200/203/61 88/88/61 199/202/61
f 200/203/62 199/202/62 201/204/62
f 201/204/63 199/202/63 198/201/63
f 202/205/64 203/206/64 204/207/64
f 204/208/65 203/209/65 205/210/65
f 204/208/66 205/210/66 206/211/66
f 206/211/67 205/210/67 197/200/67
f 197/200/68 205/210/68 207/212/68
f 197/200/69 207/212/69 198/201/69
f 204/208/70 208/213/70 202/214/70
f 202/205/71 208/215/71 209/216/71
f 202/205/72 209/216/72 210/217/72
f 210/217/73 209/216/73 211/218/73
f 211/218/74 209/216/74 212/219/74
f 211/218/75 212/219/75 213/220/75
f 212/219/76 214/221/76 213/220/76
f 213/220/77 214/221/77 215/222/77
f 213/220/78 215/222/78 216/223/78
f 216/223/79 215/222/79 217/224/79
f 218/225/80 219/226/80 220/227/80
f 220/227/81 219/226/81 221/228/81
f 220/227/82 221/228/82 217/224/82
f 217/224/83 221/228/83 222/229/83
f 217/224/84 222/229/84 216/223/84
f 4/230/85 2/231/85 218/225/85
f 218/225/85 2/231/85 219/226/85
f 38/232/86 223/233/86 40/234/86
f 40/234/86 223/233/86 224/235/86
f 225/119/87 226/119/87 224/119/87
f 225/236/88 224/235/88 227/237/88
f 226/238/89 228/239/89 224/235/89
f 224/119/86 228/119/86 229/119/86
f 224/235/90 229/240/90 230/241/90
f 223/233/91 231/242/91 224/235/91
f 224/235/88 231/242/88 232/243/88
f 224/235/86 232/243/86 227/237/86
f 227/119/86 232/119/86 233/119/86
f 227/237/92 233/244/92 234/245/92
f 235/119/93 236/119/93 237/119/93
f 237/119/93 236/119/93 238/119/93
f 237/119/86 238/119/86 229/119/86
f 229/240/86 238/246/86 239/247/86
f 229/119/94 239/119/94 230/119/94
f 240/119/95 241/119/95 242/119/95
f 242/119/94 241/119/94 243/119/94
f 243/119/86 241/119/86 233/119/86
f 233/244/96 241/248/96 244/249/96
f 233/119/94 244/119/94 234/119/94
f 245/250/97 8/251/97 246/252/97
f 246/252/97 8/251/97 6/253/97
f 246/252/98 6/253/98 247/254/98
f 160/157/99 158/155/99 248/255/99
f 248/255/100 158/155/100 249/256/100
f 248/255/101 249/256/101 250/257/101
f 250/257/102 249/256/102 251/258/102
f 250/257/103 251/258/103 252/259/103
f 252/259/104 251/258/104 253/260/104
f 252/259/105 253/260/105 254/261/105
f 254/261/106 253/260/106 255/262/106
f 254/261/107 255/262/107 256/263/107
f 256/263/108 255/262/108 257/264/108
f 256/263/109 257/264/109 258/265/109
f 258/265/110 257/264/110 259/266/110
f 258/265/111 259/266/111 260/267/111
f 260/267/112 259/266/112 261/268/112
f 260/267/113 261/268/113 262/269/113
f 262/270/114 261/271/114 263/272/114
f 262/273/115 263/274/115 264/275/115
f 264/276/116 263/272/116 265/277/116
f 264/276/117 265/277/117 266/278/117
f 266/278/118 265/277/118 267/279/118
f 266/278/119 267/279/119 268/280/119
f 268/280/120 267/279/120 269/281/120
f 268/280/121 269/281/121 270/282/121
f 270/282/122 269/281/122 271/283/122
f 271/283/123 269/281/123 272/284/123
f 271/283/124 272/284/124 273/285/124
f 273/285/125 272/284/125 274/286/125
f 273/285/126 274/286/126 275/287/126
f 275/287/127 274/286/127 276/288/127
f 275/287/128 276/288/128 277/289/128
f 277/289/129 245/250/129 275/287/129
f 275/287/130 245/250/130 246/252/130
f 275/287/131 246/252/131 278/290/131
f 278/290/132 246/252/132 247/254/132
f 279/291/133 280/292/133 281/293/133
f 282/294/134 283/295/134 279/291/134
f 282/294/135 279/291/135 284/296/135
f 284/296/136 279/291/136 285/297/136
f 285/297/137 279/291/137 281/293/137
f 285/297/138 281/293/138 286/298/138
f 286/298/139 281/293/139 287/299/139
f 286/298/140 287/299/140 288/300/140
f 288/300/141 287/299/141 289/301/141
f 288/300/142 289/301/142 290/302/142
f 290/302/143 289/301/143 291/303/143
f 290/302/144 291/303/144 292/304/144
f 292/304/145 291/303/145 293/305/145
f 292/304/146 293/305/146 294/306/146
f 294/306/147 293/305/147 295/307/147
f 294/306/148 295/307/148 296/308/148
f 296/308/149 295/307/149 297/309/149
f 296/308/150 297/309/150 298/310/150
f 298/310/151 297/309/151 299/311/151
f 298/310/152 299/311/152 300/312/152
f 300/312/153 299/311/153 301/313/153
f 300/119/154 301/119/154 302/119/154
f 302/314/155 301/315/155 303/316/155
f 302/314/156 303/316/156 304/317/156
f 304/317/157 303/316/157 305/318/157
f 305/318/158 303/316/158 306/319/158
f 305/318/159 306/319/159 307/320/159
f 307/320/160 306/319/160 308/321/160
f 307/320/161 308/321/161 309/322/161
f 308/321/162 310/323/162 309/322/162
f 309/322/162 310/323/162 311/324/162
f 309/322/163 311/324/163 312/325/163
f 312/325/164 311/324/164 166/163/164
f 312/325/165 166/163/165 165/162/165
f 22/326/166 280/292/166 24/327/166
f 24/327/166 280/292/166 279/291/166
f 24/327/167 279/291/167 283/295/167
f 313/328/168 48/329/168 314/330/168
f 314/330/168 48/329/168 46/331/168
f 314/330/168 46/331/168 315/332/168
f 314/330/169 315/332/169 316/333/169
f 317/334/170 318/335/170 314/330/170
f 314/330/171 318/335/171 319/336/171
f 314/330/172 319/336/172 313/328/172
f 314/330/173 316/333/173 317/334/173
f 317/334/174 316/333/174 320/337/174
f 317/334/175 320/337/175 321/338/175
f 321/338/176 320/337/176 322/339/176
f 321/338/177 322/339/177 323/340/177
f 323/340/178 322/339/178 324/341/178
f 323/340/179 324/341/179 325/342/179
f 325/342/180 324/341/180 326/343/180
f 325/342/181 326/343/181 327/344/181
f 327/344/182 326/343/182 328/345/182
f 327/344/183 328/345/183 329/346/183
f 329/346/184 328/345/184 330/347/184
f 329/348/185 330/349/185 331/350/185
f 331/350/186 330/349/186 332/351/186
f 331/350/187 332/351/187 333/352/187
f 333/352/186 332/351/186 334/353/186
f 333/352/188 334/353/188 335/354/188
f 335/354/189 334/353/189 336/355/189
f 335/119/190 336/119/190 337/119/190
f 337/356/191 336/355/191 338/357/191
f 337/356/192 338/357/192 339/358/192
f 339/358/193 338/357/193 340/359/193
f 340/359/194 338/357/194 341/360/194
f 340/359/195 341/360/195 342/361/195
f 342/361/196 341/360/196 343/362/196
f 342/361/197 343/362/197 344/363/197
f 343/362/198 345/364/198 344/363/198
f 344/363/199 345/364/199 346/365/199
f 344/363/200 346/365/200 347/366/200
f 347/366/201 346/365/201 348/367/201
f 347/366/202 348/367/202 349/368/202
f 350/369/203 351/370/203 348/367/203
f 348/367/203 351/370/203 349/368/203
f 351/370/204 350/369/204 352/371/204
f 352/371/205 350/369/205 353/372/205
f 352/371/206 353/372/206 354/373/206
f 354/373/207 353/372/207 355/374/207
f 354/373/208 355/374/208 356/375/208
f 356/375/209 355/374/209 357/376/209
f 356/375/210 357/376/210 358/377/210
f 358/377/211 357/376/211 359/378/211
f 358/377/212 359/378/212 360/379/212
f 360/379/213 359/378/213 361/380/213
f 360/379/214 361/380/214 362/381/214
f 362/381/215 361/380/215 363/382/215
f 362/381/216 363/382/216 364/383/216
f 364/383/217 363/382/217 365/384/217
f 364/383/218 365/384/218 366/385/218
f 366/386/219 365/387/219 367/388/219
f 366/389/220 367/390/220 368/391/220
f 368/392/221 367/393/221 369/394/221
f 368/392/222 369/394/222 370/395/222
f 370/395/223 369/394/223 371/396/223
f 370/395/224 371/396/224 372/397/224
f 372/397/225 371/396/225 373/398/225
f 374/399/226 375/400/226 376/401/226
f 376/401/227 375/400/227 377/402/227
f 376/401/228 377/402/228 378/403/228
f 378/403/229 377/402/229 379/404/229
f 378/403/230 379/404/230 373/398/230
f 373/398/231 379/404/231 380/405/231
f 373/398/232 380/405/232 372/397/232
f 381/406/233 382/407/233 383/408/233
f 374/399/234 381/406/234 375/400/234
f 375/400/235 381/406/235 383/408/235
f 375/400/236 383/408/236 384/409/236
f 384/409/237 383/408/237 385/410/237
f 30/411/238 385/410/238 32/412/238
f 32/412/238 385/410/238 383/408/238
f 32/412/238 383/408/238 382/407/238
f 386/413/239 387/414/239 388/415/239
f 389/416/240 390/417/240 391/418/240
f 391/418/241 390/417/241 392/419/241
f 391/418/242 392/419/242 393/420/242
f 388/415/243 394/421/243 395/422/243
f 393/420/244 386/413/244 391/418/244
f 391/418/245 386/413/245 388/415/245
f 391/418/246 388/415/246 396/423/246
f 396/423/247 388/415/247 395/422/247
f 397/424/248 398/425/248 399/426/248
f 399/426/249 398/425/249 400/427/249
f 399/426/250 400/427/250 391/418/250
f 391/418/251 400/427/251 401/428/251
f 391/418/252 401/428/252 389/416/252
f 397/424/253 399/426/253 402/429/253
f 402/429/254 399/426/254 403/430/254
f 402/429/255 403/430/255 404/431/255
f 405/432/256 403/430/256 406/433/256
f 406/433/257 403/430/257 407/434/257
f 405/432/258 408/435/258 403/430/258
f 403/430/259 408/435/259 409/436/259
f 403/430/259 409/436/259 404/431/259
f 410/437/260 407/434/260 411/438/260
f 411/438/261 407/434/261 412/439/261
f 410/437/262 413/440/262 407/434/262
f 407/434/263 413/440/263 414/441/263
f 407/434/264 414/441/264 406/433/264
f 415/442/265 416/443/265 417/444/265
f 418/445/266 412/439/266 417/444/266
f 417/444/267 412/439/267 419/446/267
f 417/444/268 419/446/268 415/442/268
f 418/445/269 420/447/269 412/439/269
f 412/439/270 420/447/270 421/448/270
f 412/439/271 421/448/271 422/449/271
f 422/449/272 423/450/272 412/439/272
f 412/439/273 423/450/273 424/451/273
f 412/439/273 424/451/273 411/438/273
f 247/254/274 6/253/274 425/452/274
f 425/452/275 6/253/275 4/230/275
f 425/452/276 4/230/276 426/453/276
f 426/453/277 4/230/277 218/225/277
f 199/202/278 88/88/278 160/157/278
f 220/227/279 278/290/279 247/254/279
f 247/254/280 425/452/280 220/227/280
f 220/227/281 425/452/281 426/453/281
f 220/227/282 426/453/282 218/225/282
f 278/290/283 220/227/283 275/287/283
f 275/287/284 220/227/284 217/224/284
f 275/287/285 217/224/285 273/285/285
f 273/285/286 217/224/286 271/283/286
f 271/283/287 217/224/287 215/222/287
f 271/283/288 215/222/288 270/282/288
f 270/282/287 215/222/287 214/221/287
f 270/282/289 214/221/289 212/219/289
f 204/208/290 262/269/290 208/213/290
f 208/119/291 262/119/291 264/119/291
f 208/215/292 264/276/292 209/216/292
f 209/216/293 264/276/293 266/278/293
f 209/216/294 266/278/294 212/219/294
f 212/219/295 266/278/295 268/280/295
f 212/219/296 268/280/296 270/282/296
f 206/211/297 258/265/297 204/208/297
f 204/208/298 258/265/298 260/267/298
f 204/208/299 260/267/299 262/269/299
f 160/157/300 248/255/300 199/202/300
f 199/202/301 248/255/301 250/257/301
f 199/202/302 250/257/302 196/199/302
f 196/199/303 250/257/303 252/259/303
f 196/199/304 252/259/304 197/200/304
f 197/200/305 252/259/305 254/261/305
f 197/200/306 254/261/306 206/211/306
f 206/211/307 254/261/307 256/263/307
f 206/211/308 256/263/308 258/265/308
f 90/90/309 427/454/309 88/88/309
f 88/88/310 427/454/310 428/455/310
f 162/159/311 160/157/311 429/456/311
f 429/456/312 160/157/312 88/88/312
f 429/456/313 88/88/313 430/457/313
f 430/457/314 88/88/314 428/455/314
f 431/458/315 432/459/315 46/331/315
f 46/331/316 432/459/316 315/332/316
f 433/460/317 434/461/317 431/462/317
f 431/462/318 434/461/318 435/463/318
f 431/458/319 435/464/319 432/459/319
f 431/462/320 436/465/320 433/460/320
f 433/460/321 436/465/321 40/234/321
f 433/460/322 40/234/322 224/235/322
f 336/355/323 437/466/323 438/467/323
f 439/119/324 440/119/324 441/119/324
f 442/468/325 348/367/325 346/365/325
f 439/469/326 441/470/326 225/471/326
f 316/333/327 315/332/327 432/459/327
f 443/472/328 442/473/328 444/474/328
f 444/475/329 442/468/329 346/365/329
f 444/475/330 346/365/330 445/476/330
f 445/476/331 346/365/331 345/364/331
f 445/476/332 345/364/332 446/477/332
f 345/364/333 343/362/333 446/477/333
f 446/477/334 343/362/334 341/360/334
f 446/477/335 341/360/335 438/467/335
f 438/467/336 341/360/336 338/357/336
f 438/467/337 338/357/337 336/355/337
f 336/355/338 334/353/338 437/466/338
f 437/466/338 334/353/338 332/351/338
f 437/466/339 332/351/339 447/478/339
f 324/341/340 448/479/340 326/343/340
f 326/343/341 448/479/341 449/480/341
f 326/343/342 449/480/342 328/345/342
f 328/345/343 449/480/343 447/481/343
f 328/345/344 447/481/344 330/347/344
f 330/349/345 447/478/345 332/351/345
f 324/341/346 322/339/346 448/479/346
f 448/479/347 322/339/347 320/337/347
f 448/479/348 320/337/348 450/482/348
f 450/482/349 320/337/349 316/333/349
f 440/483/324 444/484/324 441/485/324
f 441/486/350 444/487/350 445/488/350
f 441/486/351 445/488/351 451/489/351
f 451/489/352 445/488/352 446/490/352
f 451/489/353 446/490/353 452/491/353
f 452/491/354 446/490/354 438/492/354
f 452/491/355 438/492/355 453/493/355
f 453/493/356 438/492/356 437/494/356
f 453/493/357 437/494/357 454/495/357
f 454/495/358 437/494/358 447/496/358
f 454/495/359 447/496/359 455/497/359
f 455/497/360 447/496/360 449/498/360
f 455/497/361 449/498/361 456/499/361
f 456/499/362 449/498/362 448/500/362
f 456/499/363 448/500/363 457/501/363
f 457/501/364 448/500/364 450/502/364
f 457/501/365 450/502/365 458/503/365
f 316/333/366 432/459/366 450/482/366
f 450/482/367 432/459/367 435/464/367
f 450/502/368 435/463/368 458/503/368
f 458/503/369 435/463/369 434/461/369
f 458/503/370 434/461/370 433/460/370
f 225/119/371 441/119/371 226/119/371
f 226/238/372 441/486/372 451/489/372
f 226/238/373 451/489/373 228/239/373
f 228/239/374 451/489/374 452/491/374
f 228/239/375 452/491/375 229/240/375
f 229/240/376 452/491/376 453/493/376
f 229/240/377 453/493/377 237/504/377
f 237/504/378 453/493/378 454/495/378
f 237/504/379 454/495/379 235/505/379
f 235/505/380 454/495/380 455/497/380
f 235/505/381 455/497/381 236/506/381
f 236/506/382 455/497/382 456/499/382
f 236/506/383 456/499/383 238/246/383
f 238/246/384 456/499/384 457/501/384
f 238/246/385 457/501/385 239/247/385
f 239/247/386 457/501/386 458/503/386
f 239/247/387 458/503/387 230/241/387
f 230/241/388 458/503/388 433/460/388
f 230/241/389 433/460/389 224/235/389
f 459/507/390 350/369/390 348/367/390
f 348/367/391 442/468/391 459/507/391
f 459/507/391 442/468/391 443/508/391
f 459/507/392 443/508/392 460/509/392
f 460/510/393 443/511/393 444/487/393
f 460/510/394 444/487/394 461/512/394
f 461/512/394 444/487/394 440/513/394
f 461/512/395 440/513/395 462/514/395
f 440/513/396 439/515/396 462/514/396
f 462/514/397 439/515/397 225/236/397
f 462/514/398 225/236/398 227/237/398
f 371/516/399 463/517/399 464/518/399
f 465/119/400 466/119/400 467/119/400
f 468/519/401 382/520/401 381/521/401
f 231/119/402 223/119/402 465/119/402
f 353/372/403 350/369/403 459/507/403
f 469/522/404 468/523/404 470/524/404
f 470/525/405 468/519/405 381/521/405
f 470/525/406 381/521/406 471/526/406
f 471/526/407 381/521/407 374/527/407
f 471/526/408 374/527/408 472/528/408
f 374/527/409 376/529/409 472/528/409
f 472/528/410 376/529/410 378/530/410
f 472/528/411 378/530/411 464/518/411
f 464/518/412 378/530/412 373/531/412
f 464/518/413 373/531/413 371/516/413
f 371/516/414 369/532/414 463/517/414
f 463/517/415 369/532/415 367/533/415
f 463/517/416 367/533/416 473/534/416
f 359/378/417 474/535/417 361/380/417
f 361/380/418 474/535/418 475/536/418
f 361/380/419 475/536/419 363/382/419
f 363/537/420 475/538/420 473/534/420
f 363/537/421 473/534/421 365/539/421
f 365/539/422 473/534/422 367/533/422
f 359/378/423 357/376/423 474/535/423
f 474/535/424 357/376/424 355/374/424
f 474/535/425 355/374/425 476/540/425
f 476/540/426 355/374/426 353/372/426
f 466/541/400 470/525/400 467/542/400
f 467/542/427 470/525/427 471/526/427
f 467/542/428 471/526/428 477/543/428
f 477/543/429 471/526/429 472/528/429
f 477/543/430 472/528/430 478/544/430
f 478/544/431 472/528/431 464/518/431
f 478/544/432 464/518/432 479/545/432
f 479/545/433 464/518/433 463/517/433
f 479/545/434 463/517/434 480/546/434
f 480/546/435 463/517/435 473/534/435
f 480/546/436 473/534/436 481/547/436
f 481/547/437 473/534/437 475/538/437
f 481/547/438 475/538/438 482/548/438
f 482/548/439 475/538/439 474/549/439
f 482/548/440 474/549/440 483/550/440
f 483/550/441 474/549/441 476/551/441
f 483/550/442 476/551/442 484/552/442
f 353/372/443 459/507/443 476/540/443
f 476/540/444 459/507/444 460/509/444
f 476/551/445 460/510/445 484/552/445
f 484/552/446 460/510/446 461/512/446
f 484/552/447 461/512/447 462/514/447
f 465/553/448 467/554/448 231/555/448
f 231/242/449 467/542/449 477/543/449
f 231/242/450 477/543/450 232/243/450
f 232/243/451 477/543/451 478/544/451
f 232/243/452 478/544/452 233/244/452
f 233/244/453 478/544/453 479/545/453
f 233/244/454 479/545/454 243/556/454
f 243/556/455 479/545/455 480/546/455
f 243/556/456 480/546/456 242/557/456
f 242/557/457 480/546/457 481/547/457
f 242/557/458 481/547/458 240/558/458
f 240/558/459 481/547/459 482/548/459
f 240/558/460 482/548/460 241/248/460
f 241/248/461 482/548/461 483/550/461
f 241/248/462 483/550/462 244/249/462
f 244/249/463 483/550/463 484/552/463
f 244/249/464 484/552/464 234/245/464
f 234/245/465 484/552/465 462/514/465
f 234/245/466 462/514/466 227/237/466
f 223/233/467 38/232/467 465/559/467
f 465/559/467 38/232/467 485/560/467
f 465/559/468 485/560/468 466/541/468
f 32/561/469 382/520/469 468/519/469
f 32/561/469 468/519/469 486/562/469
f 486/562/469 468/519/469 469/563/469
f 486/562/468 469/563/468 485/560/468
f 485/560/468 469/563/468 470/525/468
f 485/560/468 470/525/468 466/541/468
f 69/69/470 71/71/470 487/564/470
f 487/564/471 71/71/471 488/565/471
f 165/162/472 164/161/472 488/565/472
f 488/565/473 164/161/473 489/566/473
f 489/566/474 490/567/474 488/565/474
f 488/565/475 490/567/475 491/568/475
f 488/565/476 491/568/476 487/564/476
f 187/190/477 302/314/477 304/317/477
f 312/325/478 165/162/478 194/197/478
f 194/197/479 165/162/479 488/565/479
f 194/197/480 488/565/480 71/71/480
f 492/569/481 172/171/481 493/570/481
f 493/570/482 172/171/482 169/166/482
f 312/325/483 194/197/483 309/322/483
f 309/322/484 194/197/484 195/198/484
f 309/322/485 195/198/485 307/320/485
f 307/320/486 195/198/486 305/318/486
f 305/318/487 195/198/487 191/194/487
f 305/318/488 191/194/488 304/317/488
f 304/317/489 191/194/489 190/193/489
f 304/317/490 190/193/490 187/190/490
f 302/119/491 187/119/492 300/119/492
f 300/571/493 187/190/493 186/189/493
f 300/571/494 186/189/494 298/572/494
f 298/119/494 186/119/494 296/119/494
f 296/308/495 186/187/495 183/182/495
f 296/308/496 183/182/496 294/306/496
f 294/306/497 183/182/497 182/181/497
f 294/306/498 182/181/498 292/304/498
f 292/304/499 182/181/499 176/175/499
f 292/304/500 176/175/500 290/302/500
f 290/302/501 176/175/501 288/300/501
f 288/300/502 176/175/502 177/176/502
f 288/300/503 177/176/503 286/298/503
f 286/298/502 177/176/502 179/178/502
f 286/298/504 179/178/504 285/297/504
f 285/297/505 179/178/505 178/177/505
f 285/297/506 178/177/506 284/296/506
f 284/296/507 178/177/507 172/171/507
f 284/296/508 172/171/508 282/294/508
f 282/294/509 172/171/509 492/569/509
f 282/294/510 492/569/510 283/295/510
f 493/570/511 169/166/511 26/168/511
f 24/327/512 283/295/512 26/168/512
f 26/168/513 283/295/513 492/569/513
f 26/168/514 492/569/514 493/570/514
f 494/573/515 219/226/515 2/231/515
f 48/329/516 313/328/516 2/231/516
f 2/231/517 313/328/517 495/574/517
f 2/231/518 495/574/518 494/573/518
f 205/210/519 337/356/519 339/358/519
f 495/574/520 221/228/520 494/573/520
f 494/573/521 221/228/521 219/226/521
f 349/368/522 80/80/522 347/366/522
f 347/366/523 80/80/523 200/203/523
f 347/366/524 200/203/524 344/363/524
f 344/363/525 200/203/525 201/204/525
f 344/363/526 201/204/526 342/361/526
f 342/361/527 201/204/527 340/359/527
f 340/359/528 201/204/528 198/201/528
f 340/359/529 198/201/529 339/358/529
f 339/358/530 198/201/530 207/212/530
f 339/358/531 207/212/531 205/210/531
f 337/119/532 205/119/532 335/119/532
f 335/354/533 205/210/533 203/209/533
f 335/354/534 203/209/534 333/352/534
f 333/119/535 203/119/535 331/119/535
f 331/575/536 203/206/536 202/205/536
f 331/575/537 202/205/537 329/346/537
f 329/346/538 202/205/538 210/217/538
f 329/346/539 210/217/539 327/344/539
f 327/344/540 210/217/540 211/218/540
f 327/344/541 211/218/541 325/342/541
f 325/342/542 211/218/542 323/340/542
f 323/340/543 211/218/543 213/220/543
f 323/340/544 213/220/544 321/338/544
f 321/338/545 213/220/545 216/223/545
f 321/338/546 216/223/546 317/334/546
f 317/334/547 216/223/547 222/229/547
f 317/334/548 222/229/548 318/335/548
f 318/335/549 222/229/549 221/228/549
f 318/335/550 221/228/550 319/336/550
f 319/336/551 221/228/551 495/574/551
f 319/336/552 495/574/552 313/328/552
f 349/368/553 351/370/553 80/80/553
f 80/80/554 351/370/554 496/576/554
f 80/80/555 496/576/555 66/66/555
f 175/174/556 372/397/556 380/405/556
f 171/170/557 384/409/557 385/410/557
f 385/410/558 497/577/558 171/170/558
f 171/170/559 497/577/559 498/578/559
f 171/170/560 498/578/560 170/167/560
f 193/196/561 66/66/561 496/576/561
f 384/409/562 171/170/562 375/400/562
f 375/400/563 171/170/563 173/172/563
f 375/400/564 173/172/564 377/402/564
f 377/402/565 173/172/565 379/404/565
f 379/404/566 173/172/566 180/179/566
f 379/404/567 180/179/567 380/405/567
f 380/405/568 180/179/568 181/180/568
f 380/405/569 181/180/569 175/174/569
f 372/397/570 175/174/570 370/395/570
f 370/395/571 175/174/571 174/173/571
f 370/395/572 174/173/572 368/392/572
f 368/392/573 174/173/573 184/183/573
f 368/119/574 184/119/574 366/119/574
f 366/385/575 184/184/575 185/186/575
f 366/385/576 185/186/576 364/383/576
f 364/383/577 185/186/577 362/381/577
f 362/381/578 185/186/578 188/191/578
f 362/381/579 188/191/579 360/379/579
f 360/379/580 188/191/580 358/377/580
f 358/377/581 188/191/581 189/192/581
f 358/377/582 189/192/582 356/375/582
f 356/375/583 189/192/583 192/195/583
f 356/375/584 192/195/584 354/373/584
f 354/373/585 192/195/585 193/196/585
f 354/373/586 193/196/586 352/371/586
f 352/371/587 193/196/587 496/576/587
f 352/371/588 496/576/588 351/370/588
f 385/410/589 30/411/589 497/577/589
f 497/577/590 30/411/590 28/169/590
f 497/577/591 28/169/591 498/578/591
f 498/578/592 28/169/592 170/167/592
f 499/579/593 65/65/593 64/64/593
f 499/579/594 64/64/594 500/580/594
f 501/581/595 502/582/595 503/583/595
f 503/583/596 502/582/596 500/580/596
f 395/422/597 394/421/597 501/581/597
f 504/584/598 505/585/598 506/586/598
f 50/50/599 507/587/599 52/52/599
f 52/52/600 507/587/600 508/588/600
f 501/581/601 503/583/601 395/422/601
f 395/422/602 503/583/602 509/589/602
f 395/422/602 509/589/602 396/423/602
f 396/423/603 509/589/603 391/418/603
f 391/418/604 509/589/604 510/590/604
f 391/418/604 510/590/604 399/426/604
f 399/426/605 510/590/605 511/591/605
f 399/426/605 511/591/605 512/430/605
f 512/430/606 511/591/606 513/592/606
f 512/430/606 513/592/606 407/434/606
f 500/580/607 64/64/607 503/583/607
f 503/583/608 64/64/608 61/61/608
f 503/583/608 61/61/608 509/589/608
f 509/589/609 61/61/609 59/59/609
f 509/589/610 59/59/610 510/590/610
f 510/590/611 59/59/611 58/58/611
f 510/590/611 58/58/611 511/591/611
f 511/591/612 58/58/612 56/56/612
f 511/591/612 56/56/612 513/592/612
f 513/592/613 56/56/613 54/54/613
f 513/592/614 54/54/614 514/593/614
f 514/593/615 54/54/615 52/52/615
f 514/593/615 52/52/615 504/584/615
f 504/584/616 52/52/616 508/588/616
f 504/584/617 508/588/617 505/585/617
f 407/434/618 513/592/618 412/439/618
f 412/439/618 513/592/618 514/593/618
f 412/439/619 514/593/619 419/446/619
f 419/446/620 514/593/620 504/584/620
f 419/446/620 504/584/620 415/442/620
f 415/442/621 504/584/621 506/586/621
f 415/442/622 506/586/622 416/443/622
f 515/594/623 516/595/623 417/444/623
f 417/444/624 516/595/624 517/596/624
f 417/444/625 517/596/625 518/597/625
f 518/597/626 519/598/626 417/444/626
f 417/444/627 519/598/627 520/599/627
f 417/444/628 520/599/628 418/445/628
f 417/444/629 416/443/629 515/594/629
f 515/594/630 416/443/630 521/600/630
f 515/594/631 521/600/631 522/601/631
f 522/601/632 521/600/632 523/602/632
f 524/603/633 525/604/633 526/605/633
f 527/606/634 528/607/634 529/608/634
f 529/608/635 528/607/635 530/609/635
f 529/610/636 530/611/636 531/612/636
f 531/612/637 530/611/637 532/613/637
f 50/50/638 49/49/638 533/614/638
f 533/614/639 49/49/639 528/607/639
f 533/614/640 528/607/640 526/605/640
f 526/605/641 528/607/641 527/606/641
f 526/605/642 527/606/642 524/603/642
f 523/602/643 521/600/643 534/615/643
f 534/615/644 521/600/644 535/616/644
f 536/617/645 537/618/645 535/616/645
f 535/616/646 537/618/646 538/619/646
f 535/616/646 538/619/646 534/615/646
f 539/620/647 540/621/647 536/617/647
f 536/617/648 540/621/648 541/622/648
f 536/617/648 541/622/648 537/618/648
f 525/604/649 542/623/649 526/605/649
f 526/605/650 542/623/650 533/614/650
f 507/587/651 50/50/651 543/624/651
f 543/624/651 50/50/651 533/614/651
f 543/624/652 533/614/652 544/625/652
f 544/625/653 533/614/653 542/623/653
f 508/588/654 507/587/654 536/617/654
f 536/617/655 507/587/655 543/624/655
f 536/617/656 543/624/656 539/620/656
f 539/620/657 543/624/657 544/625/657
f 508/588/658 536/617/658 505/585/658
f 505/585/659 536/617/659 535/616/659
f 505/585/660 535/616/660 506/586/660
f 506/586/661 535/616/661 521/600/661
f 506/586/662 521/600/662 416/443/662
f 545/626/663 394/421/663 388/415/663
f 546/627/664 547/628/664 388/415/664
f 387/414/665 548/629/665 388/415/665
f 388/415/666 548/629/666 549/630/666
f 388/415/667 549/630/667 546/627/667
f 547/628/668 550/631/668 388/415/668
f 388/415/669 550/631/669 551/632/669
f 388/415/670 551/632/670 545/626/670
f 545/626/671 551/632/671 552/633/671
f 545/626/672 552/633/672 553/634/672
f 554/635/673 555/636/673 556/637/673
f 556/638/674 557/639/674 558/640/674
f 557/639/675 559/641/675 558/640/675
f 558/640/676 559/641/676 560/642/676
f 558/640/677 560/642/677 561/643/677
f 556/637/678 558/644/678 554/635/678
f 554/645/679 558/640/679 562/646/679
f 554/635/680 562/647/680 563/648/680
f 563/648/681 562/647/681 63/63/681
f 563/648/682 63/63/682 65/65/682
f 394/421/683 545/626/683 564/649/683
f 555/636/684 554/635/684 565/650/684
f 565/650/685 554/635/685 563/648/685
f 565/650/686 563/648/686 566/651/686
f 566/651/687 563/648/687 567/652/687
f 566/651/688 567/652/688 568/653/688
f 568/653/689 567/652/689 569/654/689
f 569/654/690 567/652/690 570/655/690
f 569/654/691 570/655/691 571/656/691
f 571/656/691 570/655/691 572/657/691
f 572/657/692 570/655/692 564/649/692
f 572/657/693 564/649/693 573/658/693
f 545/626/683 553/634/683 564/649/683
f 564/649/694 553/634/694 574/659/694
f 564/649/693 574/659/693 573/658/693
f 563/648/695 65/65/695 499/579/695
f 563/648/695 499/579/695 567/652/695
f 567/652/696 499/579/696 500/580/696
f 567/652/697 500/580/697 570/655/697
f 570/655/698 500/580/698 502/582/698
f 570/655/699 502/582/699 564/649/699
f 564/649/700 502/582/700 501/581/700
f 564/649/701 501/581/701 394/421/701
f 575/660/702 157/154/702 159/156/702
f 575/660/703 159/156/703 576/661/703
f 159/156/704 577/662/704 576/661/704
f 576/661/705 577/662/705 578/663/705
f 576/661/706 578/663/706 579/664/706
f 579/665/707 578/666/707 580/667/707
f 578/663/708 581/668/708 580/669/708
f 580/669/708 581/668/708 582/670/708
f 580/671/709 582/672/709 583/673/709
f 583/673/710 582/672/710 584/674/710
f 585/675/711 161/158/711 162/159/711
f 586/676/712 584/674/712 582/672/712
f 531/612/713 532/613/713 587/677/713
f 587/677/714 532/613/714 586/676/714
f 529/678/715 531/679/715 588/680/715
f 588/679/716 531/612/716 587/677/716
f 588/681/717 587/682/717 589/683/717
f 589/683/718 587/682/718 585/675/718
f 589/683/719 585/675/719 590/684/719
f 590/684/720 585/675/720 162/159/720
f 586/676/721 582/672/721 587/677/721
f 587/682/722 582/670/722 581/668/722
f 587/682/723 581/668/723 585/675/723
f 159/156/724 161/158/724 577/662/724
f 577/662/725 161/158/725 585/675/725
f 577/662/726 585/675/726 578/663/726
f 578/663/727 585/675/727 581/668/727
f 428/455/728 591/685/728 592/686/728
f 529/608/729 593/687/729 527/606/729
f 527/606/730 593/687/730 592/686/730
f 527/606/731 592/686/731 524/603/731
f 524/603/732 592/686/732 591/685/732
f 524/603/733 591/685/733 525/604/733
f 529/688/734 588/689/734 593/690/734
f 593/687/735 588/681/735 589/683/735
f 593/687/735 589/683/735 590/684/735
f 428/455/736 592/686/736 430/457/736
f 430/457/737 592/686/737 593/687/737
f 430/457/738 593/687/738 429/456/738
f 429/456/739 593/687/739 590/684/739
f 429/456/740 590/684/740 162/159/740
f 427/454/741 90/90/741 594/691/741
f 594/691/742 90/90/742 595/692/742
f 594/691/743 595/692/743 542/623/743
f 542/623/744 595/692/744 544/625/744
f 428/455/745 427/454/745 591/685/745
f 591/685/746 427/454/746 594/691/746
f 591/685/747 594/691/747 525/604/747
f 525/604/748 594/691/748 542/623/748
f 596/693/749 523/602/749 534/615/749
f 110/110/750 596/693/750 597/694/750
f 596/693/751 534/615/751 597/694/751
f 597/694/752 534/615/752 538/619/752
f 597/694/753 538/619/753 598/695/753
f 538/619/754 537/618/754 598/695/754
f 598/695/755 537/618/755 541/622/755
f 598/695/756 541/622/756 599/696/756
f 544/625/757 595/692/757 539/620/757
f 539/620/758 595/692/758 599/696/758
f 539/620/759 599/696/759 540/621/759
f 540/621/760 599/696/760 541/622/760
f 110/110/761 597/694/761 86/86/761
f 86/86/762 597/694/762 598/695/762
f 86/86/763 598/695/763 87/87/763
f 87/87/764 598/695/764 599/696/764
f 87/87/765 599/696/765 89/89/765
f 89/89/766 599/696/766 595/692/766
f 89/89/767 595/692/767 90/90/767
f 523/602/768 596/693/768 600/697/768
f 601/698/769 418/445/769 520/599/769
f 114/114/770 601/698/770 602/699/770
f 601/698/771 520/599/771 602/699/771
f 602/699/772 520/599/772 519/598/772
f 602/699/773 519/598/773 603/700/773
f 603/700/774 519/598/774 518/597/774
f 603/700/775 518/597/775 604/701/775
f 604/701/776 518/597/776 517/596/776
f 604/701/777 517/596/777 605/702/777
f 605/702/778 517/596/778 516/595/778
f 605/702/779 516/595/779 606/703/779
f 606/703/780 516/595/780 515/594/780
f 606/703/781 515/594/781 600/697/781
f 600/697/782 515/594/782 522/601/782
f 600/697/783 522/601/783 523/602/783
f 114/114/784 602/699/784 82/82/784
f 82/82/785 602/699/785 603/700/785
f 82/82/786 603/700/786 83/83/786
f 83/83/787 603/700/787 604/701/787
f 83/83/788 604/701/788 84/84/788
f 84/84/789 604/701/789 605/702/789
f 84/84/790 605/702/790 85/85/790
f 85/85/791 605/702/791 606/703/791
f 85/85/792 606/703/792 108/108/792
f 108/108/793 606/703/793 600/697/793
f 108/108/794 600/697/794 109/109/794
f 109/109/795 600/697/795 596/693/795
f 109/109/796 596/693/796 110/110/796
f 601/698/797 114/114/797 113/113/797
f 601/698/798 113/113/798 418/445/798
f 418/445/799 113/113/799 420/447/799
f 420/447/800 113/113/800 104/104/800
f 420/447/801 104/104/801 421/448/801
f 421/448/802 104/104/802 103/103/802
f 421/448/803 103/103/803 422/449/803
f 422/449/804 103/103/804 102/102/804
f 422/449/805 102/102/805 423/450/805
f 423/450/806 102/102/806 424/451/806
f 424/451/807 102/102/807 101/101/807
f 424/451/808 101/101/808 411/438/808
f 411/438/809 101/101/809 100/100/809
f 411/438/810 100/100/810 410/437/810
f 410/437/811 100/100/811 99/99/811
f 410/437/812 99/99/812 413/440/812
f 413/440/813 99/99/813 96/96/813
f 413/440/814 96/96/814 414/441/814
f 414/441/815 96/96/815 95/95/815
f 414/441/816 95/95/816 406/433/816
f 406/433/817 95/95/817 94/94/817
f 406/433/818 94/94/818 405/432/818
f 405/432/819 94/94/819 79/79/819
f 405/432/820 79/79/820 408/435/820
f 408/435/821 79/79/821 409/436/821
f 409/436/822 79/79/822 81/81/822
f 409/436/823 81/81/823 404/431/823
f 404/431/824 81/81/824 98/98/824
f 404/431/825 98/98/825 402/429/825
f 402/429/826 98/98/826 97/97/826
f 402/429/827 97/97/827 397/424/827
f 397/424/828 97/97/828 78/78/828
f 397/424/829 78/78/829 398/425/829
f 398/425/830 78/78/830 77/77/830
f 398/425/831 77/77/831 400/427/831
f 105/105/832 68/68/832 607/704/832
f 400/427/833 77/77/833 401/428/833
f 401/428/834 77/77/834 112/112/834
f 401/428/835 112/112/835 389/416/835
f 389/416/836 112/112/836 111/111/836
f 389/416/837 111/111/837 390/417/837
f 390/417/838 111/111/838 107/107/838
f 390/417/839 107/107/839 392/419/839
f 392/419/840 107/107/840 106/106/840
f 392/419/841 106/106/841 393/420/841
f 393/420/842 106/106/842 105/105/842
f 393/420/843 105/105/843 386/413/843
f 386/413/844 105/105/844 607/704/844
f 386/413/845 607/704/845 387/414/845
f 608/705/846 553/634/846 552/633/846
f 91/91/847 608/705/847 609/706/847
f 608/705/848 552/633/848 609/706/848
f 609/706/849 552/633/849 551/632/849
f 609/706/850 551/632/850 610/707/850
f 551/632/851 550/631/851 610/707/851
f 610/707/852 550/631/852 547/628/852
f 610/707/853 547/628/853 611/708/853
f 611/708/854 547/628/854 546/627/854
f 611/708/855 546/627/855 612/709/855
f 612/709/856 546/627/856 549/630/856
f 612/709/857 549/630/857 613/710/857
f 613/710/858 549/630/858 548/629/858
f 613/710/859 548/629/859 614/711/859
f 614/711/860 548/629/860 387/414/860
f 614/711/861 387/414/861 607/704/861
f 91/91/862 609/706/862 92/92/862
f 92/92/863 609/706/863 610/707/863
f 92/92/864 610/707/864 93/93/864
f 93/93/865 610/707/865 611/708/865
f 93/93/866 611/708/866 74/74/866
f 74/74/867 611/708/867 612/709/867
f 74/74/868 612/709/868 75/75/868
f 75/75/869 612/709/869 613/710/869
f 75/75/870 613/710/870 76/76/870
f 76/76/871 613/710/871 614/711/871
f 76/76/872 614/711/872 67/67/872
f 67/67/873 614/711/873 607/704/873
f 67/67/874 607/704/874 68/68/874
f 608/705/875 91/91/875 73/73/875
f 574/659/876 553/634/876 615/712/876
f 615/712/877 553/634/877 608/705/877
f 574/659/878 615/712/878 573/658/878
f 573/658/879 615/712/879 616/713/879
f 573/658/880 616/713/880 572/657/880
f 572/657/881 616/713/881 571/656/881
f 571/656/882 616/713/882 617/714/882
f 571/656/883 617/714/883 569/654/883
f 608/705/884 73/73/884 615/712/884
f 615/712/885 73/73/885 72/72/885
f 615/712/886 72/72/886 616/713/886
f 616/713/887 72/72/887 70/70/887
f 616/713/888 70/70/888 617/714/888
f 617/714/889 70/70/889 69/69/889
f 617/714/890 69/69/890 618/715/890
f 569/654/891 617/714/891 568/653/891
f 568/653/892 617/714/892 618/715/892
f 568/653/893 618/715/893 566/651/893
f 487/564/894 491/568/894 619/716/894
f 619/716/895 491/568/895 620/717/895
f 619/716/896 620/717/896 565/650/896
f 565/650/897 620/717/897 555/636/897
f 69/69/898 487/564/898 618/715/898
f 618/715/899 487/564/899 619/716/899
f 618/715/900 619/716/900 566/651/900
f 566/651/901 619/716/901 565/650/901
f 621/718/902 559/719/902 557/720/902
f 164/161/903 622/721/903 623/722/903
f 623/722/904 622/721/904 624/723/904
f 623/722/905 624/723/905 621/718/905
f 621/718/906 557/720/906 623/722/906
f 623/722/907 557/720/907 556/637/907
f 623/722/908 556/637/908 625/724/908
f 625/724/909 556/637/909 555/636/909
f 625/724/910 555/636/910 620/717/910
f 164/161/911 623/722/911 489/566/911
f 489/566/912 623/722/912 625/724/912
f 489/566/913 625/724/913 490/567/913
f 490/567/914 625/724/914 620/717/914
f 490/567/915 620/717/915 491/568/915
f 626/725/916 627/726/916 628/727/916
f 628/728/917 627/729/917 629/730/917
f 628/728/918 629/730/918 630/731/918
f 631/732/919 632/733/919 633/734/919
f 633/734/920 632/733/920 163/160/920
f 633/734/921 163/160/921 168/165/921
f 559/641/922 628/728/922 560/642/922
f 560/642/923 628/728/923 630/731/923
f 560/642/924 630/731/924 561/643/924
f 559/719/925 621/718/925 628/727/925
f 628/727/926 621/718/926 632/733/926
f 628/727/927 632/733/927 626/725/927
f 626/725/928 632/733/928 631/732/928
f 164/161/929 163/160/929 622/721/929
f 622/721/930 163/160/930 632/733/930
f 622/721/931 632/733/931 624/723/931
f 624/723/932 632/733/932 621/718/932
f 634/735/933 629/730/933 627/729/933
f 634/736/934 627/726/934 635/737/934
f 635/737/935 627/726/935 626/725/935
f 635/737/936 626/725/936 636/738/936
f 636/738/937 626/725/937 631/732/937
f 636/738/938 631/732/938 637/739/938
f 637/739/939 631/732/939 633/734/939
f 637/739/940 633/734/940 638/740/940
f 638/740/941 633/734/941 168/165/941
f 638/740/942 168/165/942 167/164/942
f 280/292/943 22/326/943 639/741/943
f 639/741/944 22/326/944 640/742/944
f 639/741/945 640/742/945 641/743/945
f 642/744/946 16/118/946 126/127/946
f 126/127/947 643/745/947 642/744/947
f 642/744/948 643/745/948 644/746/948
f 642/744/949 644/746/949 645/747/949
f 645/747/950 646/748/950 642/744/950
f 642/744/951 646/748/951 647/749/951
f 642/744/952 647/749/952 640/750/952
f 640/750/953 647/749/953 648/751/953
f 640/750/954 648/751/954 641/752/954
f 301/315/955 649/753/955 650/754/955
f 651/755/956 166/163/956 311/324/956
f 652/756/957 653/757/957 654/758/957
f 654/758/958 653/757/958 655/759/958
f 654/758/958 655/759/958 651/760/958
f 643/119/959 656/119/959 644/119/959
f 644/119/960 656/119/960 645/119/960
f 648/119/961 647/119/961 657/119/961
f 657/761/962 647/762/962 646/763/962
f 281/293/963 280/292/963 639/741/963
f 287/299/964 281/293/964 658/764/964
f 658/764/965 281/293/965 639/741/965
f 658/764/966 639/741/966 657/765/966
f 657/766/967 639/767/967 641/768/967
f 657/119/968 641/119/968 648/119/968
f 659/769/969 660/770/969 652/756/969
f 124/125/970 661/771/970 659/769/970
f 659/769/971 661/771/971 662/772/971
f 659/769/969 662/772/969 660/770/969
f 651/755/972 311/324/972 654/773/972
f 654/773/973 311/324/973 310/323/973
f 654/773/974 310/323/974 663/774/974
f 310/323/975 308/321/975 663/774/975
f 663/774/976 308/321/976 306/319/976
f 663/774/977 306/319/977 650/754/977
f 650/754/978 306/319/978 303/316/978
f 650/754/979 303/316/979 301/315/979
f 301/313/980 299/311/980 649/775/980
f 649/775/980 299/311/980 297/309/980
f 649/775/981 297/309/981 664/776/981
f 297/309/982 295/307/982 664/776/982
f 664/776/983 295/307/983 293/305/983
f 664/776/984 293/305/984 665/777/984
f 665/777/985 293/305/985 291/303/985
f 665/777/986 291/303/986 658/764/986
f 658/764/987 291/303/987 289/301/987
f 658/764/988 289/301/988 287/299/988
f 652/756/989 654/758/989 659/769/989
f 659/769/990 654/758/990 663/778/990
f 659/769/991 663/778/991 666/779/991
f 666/779/992 663/778/992 650/780/992
f 666/779/993 650/780/993 667/781/993
f 667/781/994 650/780/994 649/782/994
f 667/781/995 649/782/995 668/783/995
f 668/783/996 649/782/996 664/784/996
f 668/783/997 664/784/997 669/785/997
f 669/785/998 664/784/998 665/786/998
f 669/785/999 665/786/999 670/787/999
f 670/787/1000 665/786/1000 658/788/1000
f 670/787/1001 658/788/1001 671/789/1001
f 671/789/1002 658/788/1002 657/790/1002
f 671/789/1003 657/790/1003 656/791/1003
f 656/792/1004 657/793/1004 646/794/1004
f 656/791/1005 646/748/1005 645/747/1005
f 124/125/1006 659/769/1006 144/140/1006
f 144/140/1007 659/769/1007 666/779/1007
f 144/140/1008 666/779/1008 145/795/1008
f 145/795/1009 666/779/1009 667/781/1009
f 145/795/1010 667/781/1010 146/796/1010
f 146/796/1011 667/781/1011 668/783/1011
f 146/796/1012 668/783/1012 137/797/1012
f 137/797/1013 668/783/1013 669/785/1013
f 137/797/1014 669/785/1014 138/798/1014
f 138/798/1015 669/785/1015 670/787/1015
f 138/798/1016 670/787/1016 117/799/1016
f 117/799/1017 670/787/1017 671/789/1017
f 117/799/1018 671/789/1018 118/800/1018
f 118/800/1019 671/789/1019 656/791/1019
f 118/800/1020 656/791/1020 119/123/1020
f 119/793/1021 656/766/1021 643/801/1021
f 119/119/1022 643/119/1022 126/119/1022
f 672/802/1023 167/164/1023 166/163/1023
f 124/125/1024 123/124/1024 661/771/1024
f 661/771/1025 123/124/1025 673/803/1025
f 166/163/1026 651/755/1026 672/802/1026
f 672/804/1027 651/760/1027 655/759/1027
f 672/802/1028 655/805/1028 674/806/1028
f 674/807/1029 655/759/1029 653/757/1029
f 674/807/1030 653/757/1030 675/808/1030
f 653/757/1031 652/756/1031 675/808/1031
f 675/808/1032 652/756/1032 660/770/1032
f 675/808/1033 660/770/1033 673/803/1033
f 673/803/1034 660/770/1034 662/772/1034
f 673/803/1035 662/772/1035 661/771/1035
f 672/802/1036 674/806/1036 676/809/1036
f 123/124/1037 125/126/1037 673/803/1037
f 673/803/1038 125/126/1038 677/810/1038
f 676/811/1039 674/807/1039 677/810/1039
f 677/810/1040 674/807/1040 675/808/1040
f 677/810/1041 675/808/1041 673/803/1041
f 678/812/1042 676/811/1042 679/813/1042
f 679/813/1043 676/811/1043 677/810/1043
f 679/813/1044 677/810/1044 116/116/1044
f 116/116/1045 677/810/1045 125/126/1045
f 167/164/1046 672/802/1046 638/740/1046
f 638/740/1047 672/802/1047 676/809/1047
f 638/740/1048 676/809/1048 637/739/1048
f 637/739/1049 676/809/1049 678/814/1049
f 637/739/1050 678/814/1050 636/738/1050
f 636/738/1051 678/814/1051 635/737/1051
f 634/736/1052 635/737/1052 680/815/1052
f 680/815/1053 635/737/1053 678/814/1053
f 680/816/1054 678/812/1054 681/817/1054
f 681/817/1055 678/812/1055 679/813/1055
f 681/817/1056 679/813/1056 115/115/1056
f 115/115/1057 679/813/1057 116/116/1057
f 629/730/1058 634/735/1058 682/818/1058
f 682/818/1059 634/735/1059 680/819/1059
f 682/820/1060 680/816/1060 683/821/1060
f 683/821/1061 680/816/1061 681/817/1061
f 683/821/1062 681/817/1062 134/135/1062
f 134/135/1063 681/817/1063 115/115/1063
f 630/731/1064 629/730/1064 684/822/1064
f 684/822/1065 629/730/1065 682/818/1065
f 684/823/1066 682/820/1066 685/824/1066
f 685/824/1067 682/820/1067 683/821/1067
f 685/824/1068 683/821/1068 136/137/1068
f 136/137/1069 683/821/1069 134/135/1069
f 561/643/1070 630/731/1070 686/825/1070
f 686/825/1071 630/731/1071 684/822/1071
f 686/825/1072 684/822/1072 687/826/1072
f 687/826/1073 684/822/1073 685/827/1073
f 687/828/1074 685/824/1074 154/151/1074
f 154/151/1075 685/824/1075 136/137/1075
f 558/640/1076 561/643/1076 686/825/1076
f 156/153/1077 155/152/1077 688/829/1077
f 688/829/1078 155/152/1078 689/830/1078
f 688/829/1079 689/830/1079 690/831/1079
f 690/831/1080 689/830/1080 691/832/1080
f 690/833/1081 691/834/1081 562/647/1081
f 562/647/1082 691/834/1082 63/63/1082
f 154/151/1083 156/153/1083 687/828/1083
f 687/828/1084 156/153/1084 688/829/1084
f 687/828/1085 688/829/1085 686/835/1085
f 686/835/1086 688/829/1086 690/831/1086
f 686/825/1087 690/836/1087 558/640/1087
f 558/640/1088 690/836/1088 562/646/1088
f 692/837/1089 49/49/1089 51/51/1089
f 693/838/1090 692/839/1090 694/840/1090
f 148/145/1091 693/838/1091 695/841/1091
f 692/837/1092 51/51/1092 694/842/1092
f 694/842/1093 51/51/1093 53/53/1093
f 694/842/1094 53/53/1094 696/843/1094
f 53/53/1095 55/55/1095 696/843/1095
f 696/843/1096 55/55/1096 57/57/1096
f 696/843/1097 57/57/1097 697/844/1097
f 63/63/1098 691/834/1098 62/62/1098
f 62/62/1099 691/834/1099 697/844/1099
f 62/62/1099 697/844/1099 60/60/1099
f 60/60/1097 697/844/1097 57/57/1097
f 693/838/1100 694/840/1100 695/841/1100
f 695/841/1101 694/840/1101 696/845/1101
f 695/841/1102 696/845/1102 698/846/1102
f 698/846/1103 696/845/1103 697/847/1103
f 698/846/1104 697/847/1104 699/848/1104
f 699/848/1105 697/847/1105 691/832/1105
f 699/848/1106 691/832/1106 689/830/1106
f 148/145/1107 695/841/1107 150/147/1107
f 150/147/1108 695/841/1108 698/846/1108
f 150/147/1109 698/846/1109 152/149/1109
f 152/149/1110 698/846/1110 699/848/1110
f 152/149/1110 699/848/1110 153/150/1110
f 153/150/1111 699/848/1111 689/830/1111
f 153/150/1112 689/830/1112 155/152/1112
f 528/607/1113 49/49/1113 692/837/1113
f 147/144/1114 149/146/1114 700/849/1114
f 700/849/1115 149/146/1115 701/850/1115
f 700/849/1116 701/850/1116 702/851/1116
f 702/851/1117 701/850/1117 703/852/1117
f 702/853/1118 703/854/1118 530/611/1118
f 530/611/1119 703/854/1119 532/613/1119
f 148/145/1120 147/144/1120 693/838/1120
f 693/838/1121 147/144/1121 700/849/1121
f 693/838/1122 700/849/1122 692/839/1122
f 692/839/1123 700/849/1123 702/851/1123
f 692/837/1124 702/855/1124 528/607/1124
f 528/607/1125 702/855/1125 530/609/1125
f 586/676/1126 532/613/1126 704/856/1126
f 704/856/1127 532/613/1127 703/854/1127
f 704/857/1128 703/852/1128 705/858/1128
f 705/858/1129 703/852/1129 701/850/1129
f 705/858/1130 701/850/1130 151/148/1130
f 151/148/1131 701/850/1131 149/146/1131
f 584/674/1132 586/676/1132 706/859/1132
f 706/859/1133 586/676/1133 704/856/1133
f 706/860/1134 704/857/1134 707/861/1134
f 707/861/1135 704/857/1135 705/858/1135
f 707/861/1136 705/858/1136 135/136/1136
f 135/136/1137 705/858/1137 151/148/1137
f 707/861/1138 135/136/1138 133/134/1138
f 706/860/1139 707/861/1139 708/862/1139
f 583/673/1140 584/674/1140 709/863/1140
f 709/863/1141 584/674/1141 706/859/1141
f 583/673/1142 709/863/1142 580/671/1142
f 580/671/1143 709/863/1143 710/864/1143
f 580/669/1144 710/865/1144 579/664/1144
f 707/861/1145 133/134/1145 708/862/1145
f 708/862/1146 133/134/1146 132/133/1146
f 708/862/1147 132/133/1147 711/866/1147
f 711/866/1148 132/133/1148 122/122/1148
f 711/866/1149 122/122/1149 712/867/1149
f 706/860/1150 708/862/1150 709/868/1150
f 709/868/1151 708/862/1151 711/866/1151
f 709/868/1152 711/866/1152 710/869/1152
f 710/869/1153 711/866/1153 712/867/1153
f 710/869/1154 712/867/1154 713/870/1154
f 122/122/1155 121/121/1155 714/871/1155
f 122/122/1156 714/871/1156 712/867/1156
f 712/867/1157 714/871/1157 715/872/1157
f 712/867/1158 715/872/1158 713/870/1158
f 713/870/1159 715/872/1159 716/873/1159
f 713/874/1160 716/875/1160 717/876/1160
f 579/664/1161 710/865/1161 576/661/1161
f 576/661/1162 710/865/1162 713/874/1162
f 576/661/1163 713/874/1163 575/660/1163
f 575/660/1164 713/874/1164 717/876/1164
f 575/660/1165 717/876/1165 157/154/1165
f 158/155/1023 157/154/1023 718/877/1023
f 718/877/1023 157/154/1023 717/876/1023
f 718/877/1166 717/876/1166 719/878/1166
f 719/878/1167 717/876/1167 716/875/1167
f 719/879/1168 716/873/1168 720/880/1168
f 720/880/1168 716/873/1168 715/872/1168
f 720/880/1169 715/872/1169 721/881/1169
f 715/872/1169 714/871/1169 721/881/1169
f 721/881/1170 714/871/1170 121/121/1170
f 721/881/1170 121/121/1170 129/130/1170
f 267/279/1171 722/882/1171 723/883/1171
f 724/119/1172 725/119/1172 726/119/1172
f 727/884/1173 245/250/1173 277/289/1173
f 127/119/1174 120/119/1174 724/119/1174
f 249/256/1175 158/155/1175 718/877/1175
f 728/885/1176 727/474/1176 729/886/1176
f 729/887/1177 727/884/1177 277/289/1177
f 729/887/1178 277/289/1178 730/888/1178
f 730/888/1179 277/289/1179 276/288/1179
f 730/888/1180 276/288/1180 731/889/1180
f 276/288/1181 274/286/1181 731/889/1181
f 731/889/1182 274/286/1182 272/284/1182
f 731/889/1183 272/284/1183 723/883/1183
f 723/883/1184 272/284/1184 269/281/1184
f 723/883/1185 269/281/1185 267/279/1185
f 267/279/1186 265/277/1186 722/882/1186
f 722/882/1187 265/277/1187 263/272/1187
f 722/882/1188 263/272/1188 732/890/1188
f 255/262/1189 733/891/1189 257/264/1189
f 257/264/1190 733/891/1190 734/892/1190
f 257/264/1191 734/892/1191 259/266/1191
f 259/266/1192 734/892/1192 732/893/1192
f 259/266/1193 732/893/1193 261/268/1193
f 261/271/1194 732/890/1194 263/272/1194
f 255/262/1195 253/260/1195 733/891/1195
f 733/891/1196 253/260/1196 251/258/1196
f 733/891/1197 251/258/1197 735/894/1197
f 735/894/1198 251/258/1198 249/256/1198
f 725/895/1199 729/896/1199 726/897/1199
f 726/897/1200 729/896/1200 730/898/1200
f 726/897/1201 730/898/1201 736/899/1201
f 736/899/1202 730/898/1202 731/900/1202
f 736/899/1203 731/900/1203 737/901/1203
f 737/901/1204 731/900/1204 723/902/1204
f 737/901/1205 723/902/1205 738/903/1205
f 738/903/1206 723/902/1206 722/904/1206
f 738/903/1207 722/904/1207 739/905/1207
f 739/905/1208 722/904/1208 732/906/1208
f 739/905/1209 732/906/1209 740/907/1209
f 740/907/1210 732/906/1210 734/908/1210
f 740/907/1211 734/908/1211 741/909/1211
f 741/909/1212 734/908/1212 733/910/1212
f 741/909/1213 733/910/1213 742/911/1213
f 742/911/1214 733/910/1214 735/912/1214
f 742/911/1215 735/912/1215 743/913/1215
f 249/256/1216 718/877/1216 735/894/1216
f 735/894/1217 718/877/1217 719/878/1217
f 735/912/1218 719/879/1218 743/913/1218
f 743/913/1219 719/879/1219 720/880/1219
f 743/913/1220 720/880/1220 721/881/1220
f 724/914/1221 726/391/1221 127/915/1221
f 127/128/1222 726/897/1222 736/899/1222
f 127/128/1223 736/899/1223 128/129/1223
f 128/129/1224 736/899/1224 737/901/1224
f 128/129/1225 737/901/1225 130/131/1225
f 130/131/1226 737/901/1226 738/903/1226
f 130/131/1227 738/903/1227 142/916/1227
f 142/916/1228 738/903/1228 739/905/1228
f 142/916/1229 739/905/1229 141/917/1229
f 141/917/1230 739/905/1230 740/907/1230
f 141/917/1231 740/907/1231 139/918/1231
f 139/918/1232 740/907/1232 741/909/1232
f 139/918/1233 741/909/1233 140/138/1233
f 140/138/1234 741/909/1234 742/911/1234
f 140/138/1235 742/911/1235 143/139/1235
f 143/139/1236 742/911/1236 743/913/1236
f 143/139/1237 743/913/1237 131/132/1237
f 131/132/1238 743/913/1238 721/881/1238
f 131/132/1239 721/881/1239 129/130/1239
f 120/120/1240 14/117/1240 724/919/1240
f 724/919/1240 14/117/1240 744/920/1240
f 724/919/1241 744/920/1241 725/895/1241
f 8/251/1242 245/250/1242 727/884/1242
f 8/251/1242 727/884/1242 745/921/1242
f 745/921/1242 727/884/1242 728/922/1242
f 745/923/1243 728/924/1243 744/920/1243
f 744/920/1244 728/924/1244 729/896/1244
f 744/920/1243 729/896/1243 725/895/1243
f 746/925/1245 747/926/1245 748/927/1245
f 748/927/1246 747/926/1246 749/928/1246
f 748/927/1247 749/928/1247 750/929/1247
f 750/929/1248 749/928/1248 751/930/1248
f 750/929/1249 751/930/1249 752/931/1249
f 752/931/1250 751/930/1250 753/932/1250
f 752/931/1251 753/932/1251 754/933/1251
f 754/933/1252 753/932/1252 755/934/1252
f 754/933/1253 755/934/1253 756/935/1253
f 756/935/1254 755/934/1254 757/936/1254
f 756/935/1255 757/936/1255 758/937/1255
f 758/937/1256 757/936/1256 759/938/1256
f 758/937/1257 759/938/1257 760/939/1257
f 760/939/1258 759/938/1258 761/940/1258
f 760/939/1259 761/940/1259 762/941/1259
f 763/942/1 764/943/1 765/944/1
f 766/945/1 767/946/1 768/947/1
f 769/948/1 770/949/1 771/950/1
f 771/950/1 770/949/1 772/951/1
f 764/943/1 773/952/1 765/944/1
f 765/944/1 773/952/1 774/953/1
f 765/944/1 774/953/1 775/954/1
f 776/955/1 777/956/1 778/957/1
f 778/957/1 777/956/1 779/958/1
f 766/945/1 768/947/1 780/959/1
f 768/947/1 781/960/1 782/961/1
f 782/961/1 783/962/1 768/947/1
f 768/947/1 783/962/1 784/963/1
f 768/947/1 784/963/1 771/950/1
f 772/951/1 785/964/1 771/950/1
f 771/950/1 785/964/1 786/965/1
f 771/950/1 786/965/1 765/944/1
f 765/944/1 786/965/1 787/966/1
f 765/944/1 787/966/1 763/942/1
f 788/967/1 789/968/1 768/947/1
f 768/947/1 789/968/1 790/969/1
f 784/963/1 791/970/1 771/950/1
f 771/950/1 791/970/1 792/971/1
f 771/950/1 792/971/1 793/972/1
f 793/972/1 794/973/1 771/950/1
f 771/950/1 794/973/1 795/974/1
f 771/950/1 795/974/1 796/975/1
f 790/969/1 797/976/1 768/947/1
f 768/947/1 797/976/1 798/977/1
f 768/947/1 798/977/1 781/960/1
f 776/955/1 799/978/1 777/956/1
f 777/956/1 799/978/1 800/979/1
f 777/956/1 800/979/1 768/947/1
f 768/947/1 800/979/1 801/980/1
f 768/947/1 801/980/1 780/959/1
f 767/946/1 802/981/1 768/947/1
f 768/947/1 802/981/1 803/982/1
f 768/947/1 803/982/1 804/983/1
f 805/984/1 806/985/1 771/950/1
f 771/950/1 806/985/1 807/986/1
f 771/950/1 807/986/1 769/948/1
f 804/983/1 808/987/1 768/947/1
f 768/947/1 808/987/1 809/988/1
f 768/947/1 809/988/1 788/967/1
f 796/975/1 810/989/1 771/950/1
f 771/950/1 810/989/1 811/990/1
f 771/950/1 811/990/1 805/984/1
f 15/991/1260 812/992/1260 13/993/1260
f 13/993/1260 812/992/1260 813/994/1260
f 13/993/1260 813/994/1260 814/995/1260
f 815/119/1261 816/119/1261 817/119/1261
f 818/119/1260 819/119/1260 820/119/1260
f 814/995/1262 813/994/1262 821/996/1262
f 821/996/1263 813/994/1263 815/997/1263
f 821/996/1264 815/997/1264 822/998/1264
f 822/998/1265 815/997/1265 817/999/1265
f 822/119/1266 817/119/1266 823/119/1266
f 824/1000/1260 825/1001/1260 826/1002/1260
f 826/1002/1260 825/1001/1260 827/1003/1260
f 826/1002/1260 827/1003/1260 828/1004/1260
f 828/1004/1260 827/1003/1260 812/992/1260
f 828/1004/1260 812/992/1260 829/1005/1260
f 829/1005/1260 812/992/1260 15/991/1260
f 829/1005/1260 15/991/1260 830/1006/1260
f 830/1006/1260 15/991/1260 831/1007/1260
f 830/1006/1260 831/1007/1260 832/1008/1260
f 832/119/1267 831/119/1267 818/119/1267
f 832/1008/1264 818/1009/1264 833/1010/1264
f 833/1010/1268 818/1009/1268 820/1011/1268
f 833/119/1269 820/119/1269 834/119/1269
f 835/1012/1260 836/1013/1260 837/1014/1260
f 837/1014/1260 836/1013/1260 838/1015/1260
f 837/1014/1260 838/1015/1260 839/1016/1260
f 839/1016/1260 838/1015/1260 840/1017/1260
f 839/1016/1260 840/1017/1260 841/1018/1260
f 842/1019/1270 843/1020/1270 844/1021/1270
f 844/1021/1260 843/1020/1260 835/1012/1260
f 844/1021/1260 835/1012/1260 824/1000/1260
f 824/1000/1260 835/1012/1260 837/1014/1260
f 824/1000/1260 837/1014/1260 825/1001/1260
f 845/1022/1271 846/1023/1271 847/1024/1271
f 848/1025/1271 849/1026/1271 847/1024/1271
f 847/1024/1271 849/1026/1271 850/1027/1271
f 847/1024/1271 850/1027/1271 845/1022/1271
f 851/1028/1271 852/1029/1271 853/1030/1271
f 853/1030/1271 852/1029/1271 854/1031/1271
f 853/1030/1271 854/1031/1271 855/1032/1271
f 855/1032/1271 854/1031/1271 856/1033/1271
f 857/1034/1272 858/1035/1272 27/1036/1272
f 27/1036/1272 858/1035/1272 25/1037/1272
f 859/1038/1273 860/1039/1273 861/1040/1273
f 861/1040/1274 860/1039/1274 862/1041/1274
f 861/1040/1275 862/1041/1275 863/1042/1275
f 863/1042/1276 862/1041/1276 864/1043/1276
f 863/1042/1277 864/1043/1277 865/1044/1277
f 865/1044/1278 864/1043/1278 858/1035/1278
f 865/1044/1279 858/1035/1279 857/1034/1279
f 861/1040/1280 866/1045/1280 859/1038/1280
f 859/1038/1281 866/1045/1281 867/1046/1281
f 859/1038/1282 867/1046/1282 868/1047/1282
f 868/1047/1283 867/1046/1283 869/1048/1283
f 868/1049/1284 869/1050/1284 870/1051/1284
f 870/1051/1285 869/1050/1285 871/1052/1285
f 872/1053/1286 873/1054/1286 874/1055/1286
f 874/1055/1287 873/1054/1287 875/1056/1287
f 874/1055/1288 875/1056/1288 876/1057/1288
f 876/1057/1289 875/1056/1289 871/1052/1289
f 876/1057/1290 871/1052/1290 877/1058/1290
f 877/1058/1291 871/1052/1291 869/1050/1291
f 874/1055/1292 878/1059/1292 872/1053/1292
f 872/1053/1292 878/1059/1292 879/1060/1292
f 872/1053/1293 879/1060/1293 880/1061/1293
f 880/1061/1294 879/1060/1294 881/1062/1294
f 880/1061/1295 881/1062/1295 882/1063/1295
f 882/1063/1296 881/1062/1296 771/950/1296
f 882/1063/1297 771/950/1297 765/944/1297
f 883/1064/1298 884/1065/1298 885/1066/1298
f 885/1066/1298 884/1065/1298 886/1067/1298
f 885/1066/1299 886/1067/1299 887/1068/1299
f 887/1068/1300 886/1067/1300 888/1069/1300
f 887/1068/1301 888/1069/1301 889/1070/1301
f 889/1070/1302 888/1069/1302 777/956/1302
f 889/1070/1303 777/956/1303 768/947/1303
f 885/1066/1304 890/1071/1304 883/1064/1304
f 883/1064/1305 890/1071/1305 891/1072/1305
f 883/1064/1306 891/1072/1306 892/1073/1306
f 892/1073/1307 891/1072/1307 893/1074/1307
f 892/1073/1308 893/1074/1308 894/1075/1308
f 894/1075/1309 893/1074/1309 895/1076/1309
f 896/1077/1310 897/1078/1310 898/1079/1310
f 898/1079/1311 897/1078/1311 899/1080/1311
f 898/1079/1312 899/1080/1312 900/1081/1312
f 900/1081/1313 899/1080/1313 895/1082/1313
f 900/1083/1314 895/1076/1314 901/1084/1314
f 901/1084/1315 895/1076/1315 893/1074/1315
f 898/1079/1316 902/1085/1316 896/1077/1316
f 896/1077/1317 902/1085/1317 903/1086/1317
f 896/1077/1318 903/1086/1318 904/1087/1318
f 904/1087/1319 903/1086/1319 905/1088/1319
f 904/1087/1320 905/1088/1320 906/1089/1320
f 906/1089/1321 905/1088/1321 907/1090/1321
f 906/1089/1322 907/1090/1322 908/1091/1322
f 1/1092/1323 3/1093/1323 907/1090/1323
f 907/1090/1323 3/1093/1323 908/1091/1323
f 37/1094/1324 39/1095/1324 909/1096/1324
f 909/1096/1324 39/1095/1324 910/1097/1324
f 909/1096/1325 910/1097/1325 911/1098/1325
f 912/119/1326 913/119/1326 914/119/1326
f 914/1099/1327 913/1100/1327 910/1097/1327
f 914/119/1324 910/119/1324 915/119/1324
f 916/119/1328 917/119/1328 918/119/1328
f 913/1100/1329 919/1101/1329 910/1097/1329
f 910/119/1330 919/119/1330 920/119/1330
f 910/1097/1325 920/1102/1325 911/1098/1325
f 911/1098/1325 920/1102/1325 916/1103/1325
f 911/1098/1331 916/1103/1331 921/1104/1331
f 921/1104/1332 916/1103/1332 918/1105/1332
f 921/119/1331 918/119/1331 922/119/1331
f 5/1106/1333 7/1107/1333 923/1108/1333
f 923/1108/1333 7/1107/1333 924/1109/1333
f 925/1110/1334 848/1025/1334 847/1024/1334
f 847/1024/1335 926/1111/1335 925/1110/1335
f 925/1110/1336 926/1111/1336 927/1112/1336
f 925/1110/1337 927/1112/1337 928/1113/1337
f 927/1112/1338 929/1114/1338 928/1113/1338
f 928/1113/1339 929/1114/1339 930/1115/1339
f 928/1113/1340 930/1115/1340 931/1116/1340
f 931/1116/1341 930/1115/1341 932/1117/1341
f 931/1118/1342 932/1119/1342 933/1120/1342
f 932/1117/1343 934/1121/1343 933/1122/1343
f 933/1122/1344 934/1121/1344 935/1123/1344
f 933/1120/1345 935/1124/1345 936/1125/1345
f 923/1108/1346 924/1109/1346 937/1126/1346
f 937/1126/1347 924/1109/1347 938/1127/1347
f 935/1124/1348 939/1128/1348 936/1125/1348
f 936/1125/1349 939/1128/1349 940/1129/1349
f 936/1125/1350 940/1129/1350 941/1130/1350
f 941/1130/1351 940/1129/1351 942/1131/1351
f 941/1130/1352 942/1131/1352 938/1132/1352
f 938/1132/1353 942/1131/1353 943/1133/1353
f 938/1127/1354 943/1134/1354 937/1126/1354
f 944/1135/1355 945/1136/1355 946/1137/1355
f 946/1137/1356 945/1136/1356 947/1138/1356
f 946/1137/1357 947/1138/1357 948/1139/1357
f 948/1139/1358 947/1138/1358 949/1140/1358
f 950/1141/1359 951/1142/1359 952/1143/1359
f 952/1143/1360 951/1142/1360 953/1144/1360
f 952/1143/1361 953/1144/1361 954/1145/1361
f 944/1135/1355 955/1146/1355 945/1136/1355
f 945/1136/1362 955/1146/1362 956/1147/1362
f 945/1136/1363 956/1147/1363 950/1148/1363
f 950/1148/1364 956/1147/1364 957/1149/1364
f 950/1148/1365 957/1149/1365 951/1150/1365
f 854/1031/1366 852/1029/1366 958/1151/1366
f 958/1151/1367 852/1029/1367 959/1152/1367
f 953/1144/1368 960/1153/1368 954/1145/1368
f 954/1145/1369 960/1153/1369 961/1154/1369
f 954/1145/1370 961/1154/1370 962/1155/1370
f 962/1155/1371 961/1154/1371 963/1156/1371
f 962/1155/1372 963/1156/1372 959/1152/1372
f 959/1152/1373 963/1156/1373 964/1157/1373
f 959/1152/1374 964/1157/1374 958/1151/1374
f 948/1139/1375 949/1140/1375 23/1158/1375
f 23/1158/1375 949/1140/1375 21/1159/1375
f 45/1160/1376 47/1161/1376 965/1162/1376
f 965/1162/1376 47/1161/1376 966/1163/1376
f 967/1164/1377 968/1165/1377 969/1166/1377
f 969/1166/1378 968/1165/1378 970/1167/1378
f 969/1166/1379 970/1167/1379 966/1163/1379
f 966/1163/1380 970/1167/1380 965/1162/1380
f 971/1168/1381 972/1169/1381 973/1170/1381
f 973/1170/1382 972/1169/1382 974/1171/1382
f 973/1170/1383 974/1171/1383 975/1172/1383
f 967/1164/1384 976/1173/1384 968/1165/1384
f 968/1165/1385 976/1173/1385 977/1174/1385
f 968/1165/1386 977/1174/1386 971/1175/1386
f 971/1175/1387 977/1174/1387 978/1176/1387
f 971/1168/1388 978/1177/1388 972/1169/1388
f 979/1178/1389 980/1179/1389 981/1180/1389
f 981/1180/1390 980/1179/1390 982/1181/1390
f 974/1171/1391 983/1182/1391 975/1172/1391
f 975/1172/1392 983/1182/1392 984/1183/1392
f 975/1172/1393 984/1183/1393 985/1184/1393
f 985/1184/1394 984/1183/1394 986/1185/1394
f 985/1184/1395 986/1185/1395 982/1181/1395
f 982/1181/1396 986/1185/1396 987/1186/1396
f 982/1181/1397 987/1186/1397 981/1180/1397
f 988/1187/1398 989/1188/1398 979/1178/1398
f 979/1178/1398 989/1188/1398 980/1179/1398
f 990/1189/1399 989/1188/1399 988/1187/1399
f 988/1187/1400 991/1190/1400 990/1189/1400
f 990/1189/1401 991/1190/1401 992/1191/1401
f 990/1189/1402 992/1191/1402 993/1192/1402
f 992/1191/1403 994/1193/1403 993/1192/1403
f 993/1192/1404 994/1193/1404 995/1194/1404
f 993/1192/1405 995/1194/1405 996/1195/1405
f 996/1195/1406 995/1194/1406 997/1196/1406
f 996/1197/1407 997/1198/1407 998/1199/1407
f 997/1196/1408 999/1200/1408 998/1201/1408
f 998/1201/1409 999/1200/1409 1000/1202/1409
f 998/1199/1410 1000/1203/1410 1001/1204/1410
f 1002/1205/1411 1003/1206/1411 1004/1207/1411
f 1004/1207/1412 1003/1206/1412 1005/1208/1412
f 1000/1203/1413 1006/1209/1413 1001/1204/1413
f 1001/1204/1414 1006/1209/1414 1007/1210/1414
f 1001/1204/1415 1007/1210/1415 1008/1211/1415
f 1008/1211/1416 1007/1210/1416 1009/1212/1416
f 1008/1211/1417 1009/1212/1417 1005/1208/1417
f 1005/1208/1418 1009/1212/1418 1010/1213/1418
f 1005/1208/1419 1010/1213/1419 1004/1207/1419
f 29/1214/1420 31/1215/1420 1002/1205/1420
f 1002/1205/1420 31/1215/1420 1003/1206/1420
f 1011/1216/1421 1012/1217/1421 1013/1218/1421
f 1014/1219/1422 1015/1220/1422 1016/1221/1422
f 1017/1222/1423 1018/1223/1423 1019/1224/1423
f 1017/1222/1424 1019/1224/1424 1020/1225/1424
f 1016/1221/1425 1021/1226/1425 1022/1227/1425
f 1018/1223/1426 1014/1219/1426 1019/1224/1426
f 1019/1224/1427 1014/1219/1427 1016/1221/1427
f 1019/1224/1428 1016/1221/1428 1023/1228/1428
f 1023/1228/1429 1016/1221/1429 1022/1227/1429
f 1024/1229/1430 1025/1230/1430 1026/1231/1430
f 1026/1231/1431 1027/1232/1431 1024/1229/1431
f 1024/1229/1432 1027/1232/1432 1028/1233/1432
f 1024/1229/1433 1028/1233/1433 1019/1224/1433
f 1019/1224/1434 1028/1233/1434 1029/1234/1434
f 1019/1224/1434 1029/1234/1434 1020/1225/1434
f 1025/1230/1435 1024/1229/1435 1030/1235/1435
f 1030/1235/1436 1024/1229/1436 1031/1236/1436
f 1030/1235/1437 1031/1236/1437 1032/1237/1437
f 1033/1238/1438 1034/1239/1438 1031/1236/1438
f 1031/1236/1439 1034/1239/1439 1035/1240/1439
f 1031/1236/1440 1035/1240/1440 1032/1237/1440
f 1013/1218/1441 1012/1217/1441 1031/1236/1441
f 1031/1236/1442 1012/1217/1442 1036/1241/1442
f 1031/1236/1443 1036/1241/1443 1033/1238/1443
f 1037/1242/1444 1038/1243/1444 1039/1244/1444
f 1037/1242/1445 1039/1244/1445 1040/1245/1445
f 1040/1245/1446 1039/1244/1446 1041/1246/1446
f 1041/1246/1447 1039/1244/1447 1042/1247/1447
f 1041/1246/1448 1042/1247/1448 1043/1248/1448
f 1043/1248/1449 1044/1249/1449 1041/1246/1449
f 1041/1246/1450 1044/1249/1450 1045/1250/1450
f 1041/1246/1451 1045/1250/1451 1046/1251/1451
f 1046/1251/1452 1047/1252/1452 1041/1246/1452
f 1041/1246/1453 1047/1252/1453 1048/1253/1453
f 1041/1246/1454 1048/1253/1454 1013/1218/1454
f 1013/1218/1455 1048/1253/1455 1049/1254/1455
f 1013/1218/1456 1049/1254/1456 1011/1216/1456
f 3/1093/1457 5/1106/1457 908/1091/1457
f 908/1091/1458 5/1106/1458 923/1108/1458
f 930/1115/1459 883/1064/1459 892/1073/1459
f 847/1024/1460 777/956/1460 926/1111/1460
f 926/1111/1461 777/956/1461 888/1069/1461
f 926/1111/1462 888/1069/1462 886/1067/1462
f 908/1091/1463 923/1108/1463 937/1126/1463
f 908/1091/1464 937/1126/1464 906/1089/1464
f 906/1089/1465 937/1126/1465 943/1134/1465
f 906/1089/1466 943/1134/1466 904/1087/1466
f 904/1087/1467 943/1134/1467 896/1077/1467
f 896/1077/1468 943/1134/1468 942/1255/1468
f 896/1077/1469 942/1255/1469 897/1078/1469
f 942/1255/1470 940/1256/1470 897/1078/1470
f 897/1078/1471 940/1256/1471 939/1257/1471
f 897/1078/1472 939/1257/1472 899/1080/1472
f 899/1258/1473 939/1259/1473 935/1260/1473
f 899/1258/1474 935/1260/1474 895/1261/1474
f 895/119/1475 935/119/1475 894/119/1475
f 894/119/1476 935/119/1476 934/119/1476
f 894/1075/1477 934/1121/1477 892/1073/1477
f 892/1073/1478 934/1121/1478 932/1117/1478
f 892/1073/1479 932/1117/1479 930/1115/1479
f 883/1064/1480 930/1115/1480 884/1065/1480
f 884/1065/1481 930/1115/1481 929/1114/1481
f 884/1065/1482 929/1114/1482 886/1067/1482
f 886/1067/1483 929/1114/1483 927/1112/1483
f 886/1067/1484 927/1112/1484 926/1111/1484
f 1050/1262/1485 779/958/1485 777/956/1485
f 847/1024/1486 846/1023/1486 777/956/1486
f 777/956/1487 846/1023/1487 1051/1263/1487
f 1051/1263/1488 1052/1264/1488 777/956/1488
f 777/956/1489 1052/1264/1489 1053/1265/1489
f 777/956/1490 1053/1265/1490 1050/1262/1490
f 910/1097/1491 39/1095/1491 1054/1266/1491
f 1054/1266/1492 39/1095/1492 1055/1267/1492
f 1056/1268/1493 1057/1269/1493 1055/1270/1493
f 1056/1268/1494 1055/1270/1494 1058/1271/1494
f 1057/1272/1495 1059/1273/1495 1055/1267/1495
f 1055/1267/1496 1059/1273/1496 1060/1274/1496
f 1055/1267/1497 1060/1274/1497 1054/1266/1497
f 1055/1275/1498 1061/1276/1498 1058/1277/1498
f 1058/1271/1499 1061/1278/1499 45/1160/1499
f 1058/1271/1500 45/1160/1500 965/1162/1500
f 1062/119/1501 1063/119/1501 1064/119/1501
f 1063/119/1502 1065/119/1502 1064/119/1502
f 1064/119/1502 1065/119/1502 1066/119/1502
f 1064/1279/1503 1066/1280/1503 920/1281/1503
f 1067/119/1504 1068/119/1504 1069/119/1504
f 1069/119/1504 1068/119/1504 1062/119/1504
f 1067/119/1505 1069/119/1505 980/119/1505
f 980/1179/1506 1069/1282/1506 1070/1283/1506
f 980/1179/1507 1070/1283/1507 982/1181/1507
f 982/1181/1508 1070/1283/1508 985/1184/1508
f 985/1184/1509 1070/1283/1509 1071/1284/1509
f 985/1184/1510 1071/1284/1510 975/1172/1510
f 975/1172/1511 1071/1284/1511 973/1170/1511
f 973/1170/1512 1071/1284/1512 1072/1285/1512
f 973/1170/1513 1072/1285/1513 971/1168/1513
f 1062/1286/1514 1064/1287/1514 1069/1288/1514
f 1069/1289/1515 1064/1290/1515 1073/1291/1515
f 1069/1289/1516 1073/1291/1516 1070/1292/1516
f 1070/1292/1517 1073/1291/1517 1074/1293/1517
f 1070/1292/1518 1074/1293/1518 1071/1294/1518
f 1071/1294/1519 1074/1293/1519 1075/1295/1519
f 1071/1294/1520 1075/1295/1520 1072/1296/1520
f 1072/1296/1521 1075/1295/1521 1076/1297/1521
f 1072/1296/1522 1076/1297/1522 1077/1298/1522
f 915/1299/1523 910/1097/1523 1054/1266/1523
f 920/119/1524 919/119/1524 1064/119/1524
f 1064/1290/1525 919/1101/1525 913/1100/1525
f 1064/1290/1526 913/1100/1526 1073/1291/1526
f 1073/1291/1527 913/1100/1527 912/1300/1527
f 1073/1291/1528 912/1300/1528 1074/1293/1528
f 1074/1293/1529 912/1300/1529 914/1099/1529
f 1074/1293/1530 914/1099/1530 1075/1295/1530
f 1075/1295/1531 914/1099/1531 915/1299/1531
f 1075/1295/1532 915/1299/1532 1076/1297/1532
f 1076/1297/1533 915/1299/1533 1054/1266/1533
f 1076/1297/1534 1054/1266/1534 1060/1274/1534
f 1060/119/1535 1059/119/1535 1076/119/1535
f 1076/1297/1536 1059/1273/1536 1057/1272/1536
f 1076/1297/1537 1057/1272/1537 1077/1298/1537
f 1077/1301/1538 1057/1269/1538 1056/1268/1538
f 1077/1301/1539 1056/1268/1539 1058/1271/1539
f 971/1175/1540 1072/1302/1540 968/1165/1540
f 968/1165/1541 1072/1302/1541 1077/1301/1541
f 968/1165/1542 1077/1301/1542 970/1167/1542
f 970/1167/1543 1077/1301/1543 1058/1271/1543
f 970/1167/1544 1058/1271/1544 965/1162/1544
f 916/1103/1545 920/1102/1545 1078/1303/1545
f 1078/1303/1545 920/1102/1545 1066/1304/1545
f 1078/1303/1546 1066/1304/1546 1079/1305/1546
f 1079/1305/1546 1066/1304/1546 1065/1306/1546
f 1079/1305/1546 1065/1306/1546 1080/1307/1546
f 1080/1307/1547 1065/1306/1547 1063/1308/1547
f 1080/1307/1547 1063/1308/1547 1081/1309/1547
f 1081/1309/1547 1063/1308/1547 1062/1310/1547
f 1081/1311/1548 1062/1312/1548 1082/1313/1548
f 1082/1313/1548 1062/1312/1548 1068/1314/1548
f 1082/1313/1549 1068/1314/1549 1083/1315/1549
f 1068/1314/1549 1067/1316/1549 1083/1315/1549
f 1083/1315/1550 1067/1316/1550 980/1179/1550
f 1083/1315/1550 980/1179/1550 989/1188/1550
f 1084/1317/1551 1085/1318/1551 1086/1319/1551
f 1086/119/1552 1085/119/1552 1087/119/1552
f 1086/119/1553 1087/119/1553 1088/119/1553
f 1088/119/1554 909/119/1554 911/119/1554
f 1089/119/1555 1090/119/1555 1091/119/1555
f 1091/119/1556 1090/119/1556 1084/119/1556
f 1089/119/1557 1091/119/1557 1003/119/1557
f 1003/1206/1558 1091/1320/1558 1092/1321/1558
f 1003/1206/1559 1092/1321/1559 1005/1208/1559
f 1005/1208/1560 1092/1321/1560 1008/1211/1560
f 1008/1211/1561 1092/1321/1561 1093/1322/1561
f 1008/1211/1562 1093/1322/1562 1001/1204/1562
f 1001/1204/1563 1093/1322/1563 998/1199/1563
f 998/1199/1564 1093/1322/1564 1094/1323/1564
f 998/1199/1565 1094/1323/1565 996/1197/1565
f 1084/1324/1566 1086/1325/1566 1091/1326/1566
f 1091/1327/1567 1086/1319/1567 1095/1328/1567
f 1091/1327/1568 1095/1328/1568 1092/1329/1568
f 1092/1329/1569 1095/1328/1569 1096/1330/1569
f 1092/1329/1570 1096/1330/1570 1093/1331/1570
f 1093/1331/1571 1096/1330/1571 1097/1332/1571
f 1093/1331/1572 1097/1332/1572 1094/1333/1572
f 1094/1333/1573 1097/1332/1573 1098/1334/1573
f 1094/1333/1574 1098/1334/1574 1099/1335/1574
f 917/1336/1575 916/1103/1575 1078/1303/1575
f 1088/1337/1576 911/666/1576 1086/1338/1576
f 1086/1319/1577 911/1098/1577 921/1104/1577
f 1086/1319/1578 921/1104/1578 1095/1328/1578
f 1095/1328/1579 921/1104/1579 922/1339/1579
f 1095/1328/1580 922/1339/1580 1096/1330/1580
f 1096/1330/1581 922/1339/1581 918/1105/1581
f 1096/1330/1582 918/1105/1582 1097/1332/1582
f 1097/1332/1583 918/1105/1583 917/1336/1583
f 1097/1332/1584 917/1336/1584 1098/1334/1584
f 1098/1334/1585 917/1336/1585 1078/1303/1585
f 1098/1334/1586 1078/1303/1586 1079/1305/1586
f 1079/119/1587 1080/119/1587 1098/119/1587
f 1098/1334/1588 1080/1307/1588 1081/1309/1588
f 1098/1334/1589 1081/1309/1589 1099/1335/1589
f 1099/1340/1590 1081/1311/1590 1082/1313/1590
f 1099/1340/1591 1082/1313/1591 1083/1315/1591
f 996/1195/1592 1094/1341/1592 993/1192/1592
f 993/1192/1593 1094/1341/1593 1099/1340/1593
f 993/1192/1594 1099/1340/1594 990/1189/1594
f 990/1189/1595 1099/1340/1595 1083/1315/1595
f 990/1189/1596 1083/1315/1596 989/1188/1596
f 1100/1342/1597 37/1094/1597 909/1096/1597
f 1003/1206/1598 31/1215/1598 1089/1343/1598
f 1089/1343/1599 31/1215/1599 1101/1344/1599
f 1089/1343/1600 1101/1344/1600 1090/1345/1600
f 1090/1345/1600 1101/1344/1600 1084/1346/1600
f 909/1096/1601 1088/1347/1601 1100/1342/1601
f 1100/1342/1602 1088/1347/1602 1087/1348/1602
f 1100/1342/1603 1087/1348/1603 1101/1349/1603
f 1101/1349/1604 1087/1348/1604 1085/1318/1604
f 1101/1349/1605 1085/1318/1605 1084/1317/1605
f 775/954/1606 1102/1350/1606 765/944/1606
f 765/944/1607 1102/1350/1607 1103/1351/1607
f 856/1033/1608 854/1031/1608 1104/1352/1608
f 1104/1352/1609 854/1031/1609 765/944/1609
f 1104/1352/1610 765/944/1610 1105/1353/1610
f 1105/1353/1611 765/944/1611 1103/1351/1611
f 960/1153/1612 875/1056/1612 873/1054/1612
f 882/1063/1613 765/944/1613 854/1031/1613
f 854/1031/1613 958/1151/1613 882/1063/1613
f 882/1063/1614 958/1151/1614 964/1157/1614
f 882/1063/1615 964/1157/1615 880/1061/1615
f 880/1061/1616 964/1157/1616 872/1053/1616
f 872/1053/1617 964/1157/1617 963/1156/1617
f 872/1053/1618 963/1156/1618 873/1054/1618
f 873/1054/1619 963/1156/1619 961/1154/1619
f 873/1054/1620 961/1154/1620 960/1153/1620
f 875/1056/1621 960/1153/1621 871/1052/1621
f 871/1052/1622 960/1153/1622 953/1144/1622
f 871/119/1622 953/119/1623 870/119/1623
f 953/119/1623 951/119/1623 870/119/1623
f 870/1051/1624 951/1142/1624 957/1354/1624
f 870/1051/1625 957/1354/1625 868/1049/1625
f 868/1047/1626 957/1149/1626 956/1147/1626
f 868/1047/1627 956/1147/1627 859/1038/1627
f 859/1038/1628 956/1147/1628 955/1146/1628
f 948/1139/1629 858/1035/1629 946/1137/1629
f 946/1137/1630 858/1035/1630 864/1043/1630
f 946/1137/1631 864/1043/1631 944/1135/1631
f 944/1135/1632 864/1043/1632 862/1041/1632
f 944/1135/1633 862/1041/1633 955/1146/1633
f 955/1146/1634 862/1041/1634 860/1039/1634
f 955/1146/1635 860/1039/1635 859/1038/1635
f 25/1037/1636 858/1035/1636 23/1158/1636
f 23/1158/1637 858/1035/1637 948/1139/1637
f 1/1092/1638 907/1090/1638 47/1161/1638
f 47/1161/1639 907/1090/1639 966/1163/1639
f 983/1182/1640 891/1072/1640 890/1071/1640
f 966/1163/1641 907/1090/1641 905/1088/1641
f 889/1070/1642 768/947/1642 979/1178/1642
f 979/1178/1642 981/1180/1642 889/1070/1642
f 889/1070/1643 981/1180/1643 987/1186/1643
f 889/1070/1644 987/1186/1644 887/1068/1644
f 887/1068/1645 987/1186/1645 885/1066/1645
f 885/1066/1646 987/1186/1646 986/1185/1646
f 885/1066/1647 986/1185/1647 890/1071/1647
f 890/1071/1646 986/1185/1646 984/1183/1646
f 890/1071/1648 984/1183/1648 983/1182/1648
f 891/1072/1649 983/1182/1649 893/1074/1649
f 893/1074/1650 983/1182/1650 974/1171/1650
f 893/119/1651 974/119/1651 901/119/1651
f 974/119/1652 972/119/1652 901/119/1652
f 901/1084/1653 972/1169/1653 978/1177/1653
f 901/1084/1654 978/1177/1654 900/1083/1654
f 900/1081/1655 978/1176/1655 977/1174/1655
f 900/1081/1656 977/1174/1656 898/1079/1656
f 898/1079/1657 977/1174/1657 976/1173/1657
f 898/1079/1658 976/1173/1658 902/1085/1658
f 902/1085/1659 976/1173/1659 903/1086/1659
f 903/1086/1660 976/1173/1660 967/1164/1660
f 903/1086/1661 967/1164/1661 905/1088/1661
f 905/1088/1662 967/1164/1662 969/1166/1662
f 905/1088/1663 969/1166/1663 966/1163/1663
f 768/947/1664 771/950/1664 979/1178/1664
f 979/1178/1664 771/950/1664 988/1187/1664
f 995/1194/1665 874/1055/1665 876/1057/1665
f 857/1034/1666 1002/1205/1666 1004/1207/1666
f 988/1187/1667 771/950/1667 991/1190/1667
f 991/1190/1668 771/950/1668 881/1062/1668
f 991/1190/1669 881/1062/1669 879/1060/1669
f 857/1034/1670 1004/1207/1670 865/1044/1670
f 865/1044/1671 1004/1207/1671 1010/1213/1671
f 865/1044/1672 1010/1213/1672 863/1042/1672
f 863/1042/1673 1010/1213/1673 861/1040/1673
f 861/1040/1674 1010/1213/1674 1009/1212/1674
f 861/1040/1675 1009/1212/1675 866/1045/1675
f 1009/1212/1676 1007/1210/1676 866/1045/1676
f 866/1045/1677 1007/1210/1677 1006/1209/1677
f 866/1045/1678 1006/1209/1678 867/1046/1678
f 867/1046/1679 1006/1209/1679 1000/1203/1679
f 867/1046/1680 1000/1203/1680 869/1048/1680
f 869/119/1681 1000/119/1681 877/119/1681
f 877/119/1682 1000/119/1682 999/119/1682
f 877/1058/1683 999/1200/1683 876/1057/1683
f 876/1057/1684 999/1200/1684 997/1196/1684
f 876/1057/1685 997/1196/1685 995/1194/1685
f 874/1055/1686 995/1194/1686 878/1059/1686
f 878/1059/1687 995/1194/1687 994/1193/1687
f 878/1059/1688 994/1193/1688 879/1060/1688
f 879/1060/1689 994/1193/1689 992/1191/1689
f 879/1060/1690 992/1191/1690 991/1190/1690
f 857/1034/1691 27/1036/1691 1002/1205/1691
f 1002/1205/1692 27/1036/1692 29/1214/1692
f 1106/1355/1693 746/925/1693 748/927/1693
f 1106/1355/1694 748/927/1694 1107/1356/1694
f 1108/1357/1695 1109/1358/1695 1110/1359/1695
f 1110/1359/1695 1109/1358/1695 1107/1356/1695
f 1022/1227/1696 1021/1226/1696 1108/1357/1696
f 1111/1360/1697 1112/1361/1697 1113/1362/1697
f 762/941/1698 1114/1363/1698 760/939/1698
f 760/939/1699 1114/1363/1699 1115/1364/1699
f 1108/1357/1700 1110/1359/1700 1022/1227/1700
f 1022/1227/1701 1110/1359/1701 1116/1365/1701
f 1022/1227/1701 1116/1365/1701 1023/1228/1701
f 1023/1228/1702 1116/1365/1702 1019/1224/1702
f 1019/1224/1703 1116/1365/1703 1117/1366/1703
f 1019/1224/1703 1117/1366/1703 1024/1229/1703
f 1024/1229/1704 1117/1366/1704 1118/1367/1704
f 1024/1229/1704 1118/1367/1704 1119/1236/1704
f 1119/1236/1705 1118/1367/1705 1120/1368/1705
f 1119/1236/1705 1120/1368/1705 1013/1218/1705
f 1107/1356/1706 748/927/1706 1110/1359/1706
f 1110/1359/1707 748/927/1707 750/929/1707
f 1110/1359/1708 750/929/1708 1116/1365/1708
f 1116/1365/1709 750/929/1709 752/931/1709
f 1116/1365/1710 752/931/1710 1117/1366/1710
f 1117/1366/1711 752/931/1711 754/933/1711
f 1117/1366/1711 754/933/1711 1118/1367/1711
f 1118/1367/1712 754/933/1712 756/935/1712
f 1118/1367/1713 756/935/1713 1120/1368/1713
f 1120/1368/1714 756/935/1714 758/937/1714
f 1120/1368/1714 758/937/1714 1121/1369/1714
f 1121/1369/1715 758/937/1715 760/939/1715
f 1121/1369/1716 760/939/1716 1111/1360/1716
f 1111/1360/1717 760/939/1717 1115/1364/1717
f 1111/1360/1697 1115/1364/1697 1112/1361/1697
f 1013/1218/1718 1120/1368/1718 1041/1246/1718
f 1041/1246/1718 1120/1368/1718 1121/1369/1718
f 1041/1246/1719 1121/1369/1719 1040/1245/1719
f 1040/1245/1720 1121/1369/1720 1111/1360/1720
f 1040/1245/1720 1111/1360/1720 1037/1242/1720
f 1037/1242/1721 1111/1360/1721 1113/1362/1721
f 1037/1242/1722 1113/1362/1722 1038/1243/1722
f 1122/1370/1723 1123/1371/1723 1124/1372/1723
f 1021/1226/1724 1016/1221/1724 1124/1372/1724
f 1124/1372/1725 1016/1221/1725 1125/1373/1725
f 1124/1372/1726 1125/1373/1726 1122/1370/1726
f 1126/1374/1727 1127/1375/1727 1016/1221/1727
f 1016/1221/1728 1127/1375/1728 1128/1376/1728
f 1016/1221/1729 1128/1376/1729 1125/1373/1729
f 1015/1220/1730 1129/1377/1730 1016/1221/1730
f 1016/1221/1731 1129/1377/1731 1130/1378/1731
f 1016/1221/1732 1130/1378/1732 1126/1374/1732
f 1131/1379/1733 1132/1380/1733 1133/1381/1733
f 1133/1381/1734 1132/1380/1734 747/926/1734
f 1133/1381/1735 747/926/1735 746/925/1735
f 1134/1382/1736 1135/1383/1736 1131/1379/1736
f 1131/1379/1737 1135/1383/1737 1136/1384/1737
f 1131/1379/1738 1136/1384/1738 1132/1380/1738
f 1132/1380/1739 1136/1384/1739 1137/1385/1739
f 1132/1380/1740 1137/1385/1740 1138/1386/1740
f 1138/1387/1741 1137/1388/1741 1139/1389/1741
f 1138/1387/1742 1139/1389/1742 1140/1390/1742
f 1021/1226/1743 1124/1372/1743 1141/1391/1743
f 1134/1382/1744 1131/1379/1744 1142/1392/1744
f 1142/1392/1744 1131/1379/1744 1133/1381/1744
f 1142/1392/1745 1133/1381/1745 1143/1393/1745
f 1143/1393/1746 1133/1381/1746 1144/1394/1746
f 1143/1393/1747 1144/1394/1747 1145/1395/1747
f 1145/1395/1748 1144/1394/1748 1146/1396/1748
f 1146/1396/1749 1144/1394/1749 1147/1397/1749
f 1146/1396/1750 1147/1397/1750 1148/1398/1750
f 1148/1398/1751 1147/1397/1751 1149/1399/1751
f 1149/1399/1752 1147/1397/1752 1141/1391/1752
f 1149/1399/1753 1141/1391/1753 1150/1400/1753
f 1124/1372/1754 1123/1371/1754 1141/1391/1754
f 1141/1391/1755 1123/1371/1755 1151/1401/1755
f 1141/1391/1756 1151/1401/1756 1150/1400/1756
f 1133/1381/1757 746/925/1757 1106/1355/1757
f 1133/1381/1757 1106/1355/1757 1144/1394/1757
f 1144/1394/1758 1106/1355/1758 1107/1356/1758
f 1144/1394/1759 1107/1356/1759 1147/1397/1759
f 1147/1397/1760 1107/1356/1760 1109/1358/1760
f 1147/1397/1761 1109/1358/1761 1141/1391/1761
f 1141/1391/1762 1109/1358/1762 1108/1357/1762
f 1141/1391/1763 1108/1357/1763 1021/1226/1763
f 1152/1402/1764 1153/1403/1764 1039/1244/1764
f 1039/1244/1765 1153/1403/1765 1154/1404/1765
f 1039/1244/1766 1154/1404/1766 1155/1405/1766
f 1155/1405/1767 1156/1406/1767 1039/1244/1767
f 1039/1244/1768 1156/1406/1768 1157/1407/1768
f 1039/1244/1769 1157/1407/1769 1042/1247/1769
f 1039/1244/1770 1038/1243/1770 1152/1402/1770
f 1152/1402/1771 1038/1243/1771 1158/1408/1771
f 1152/1402/1772 1158/1408/1772 1159/1409/1772
f 1159/1409/1773 1158/1408/1773 1160/1410/1773
f 1161/1411/1774 1162/1412/1774 1163/1413/1774
f 1161/1411/1775 1163/1413/1775 1164/1414/1775
f 1165/1415/1776 1166/1416/1776 1167/1417/1776
f 1167/1417/1777 1166/1416/1777 1168/1418/1777
f 762/941/1778 761/940/1778 1169/1419/1778
f 1169/1419/1779 761/940/1779 1170/1420/1779
f 1169/1419/1780 1170/1420/1780 1163/1413/1780
f 1163/1421/1781 1170/1422/1781 1166/1416/1781
f 1163/1413/1782 1166/1423/1782 1164/1414/1782
f 1164/1414/1783 1166/1423/1783 1165/1424/1783
f 1162/1412/1784 1171/1425/1784 1163/1413/1784
f 1163/1413/1784 1171/1425/1784 1169/1419/1784
f 1160/1410/1785 1158/1408/1785 1172/1426/1785
f 1172/1426/1786 1158/1408/1786 1173/1427/1786
f 1174/1428/1787 1175/1429/1787 1173/1427/1787
f 1173/1427/1788 1175/1429/1788 1176/1430/1788
f 1173/1427/1789 1176/1430/1789 1172/1426/1789
f 1177/1431/1790 1178/1432/1790 1174/1428/1790
f 1174/1428/1791 1178/1432/1791 1179/1433/1791
f 1174/1428/1792 1179/1433/1792 1175/1429/1792
f 1114/1363/1793 762/941/1793 1180/1434/1793
f 1180/1434/1793 762/941/1793 1169/1419/1793
f 1180/1434/1794 1169/1419/1794 1181/1435/1794
f 1181/1435/1795 1169/1419/1795 1171/1425/1795
f 1115/1364/1796 1114/1363/1796 1174/1428/1796
f 1174/1428/1797 1114/1363/1797 1180/1434/1797
f 1174/1428/1798 1180/1434/1798 1177/1431/1798
f 1177/1431/1799 1180/1434/1799 1181/1435/1799
f 1115/1364/1800 1174/1428/1800 1112/1361/1800
f 1112/1361/1801 1174/1428/1801 1173/1427/1801
f 1112/1361/1802 1173/1427/1802 1113/1362/1802
f 1113/1362/1803 1173/1427/1803 1158/1408/1803
f 1113/1362/1804 1158/1408/1804 1038/1243/1804
f 1182/1436/1805 1183/1437/1805 1184/1438/1805
f 1184/1439/1806 1183/1440/1806 1185/1441/1806
f 1184/1439/1807 1185/1441/1807 1186/1442/1807
f 1186/1442/1808 1185/1441/1808 1187/1443/1808
f 1186/1442/1809 1187/1443/1809 1188/1444/1809
f 1188/1444/1810 1187/1443/1810 1189/1445/1810
f 1188/1444/1811 1189/1445/1811 1190/1446/1811
f 1190/1446/1812 1189/1445/1812 850/1027/1812
f 1190/1446/1813 850/1027/1813 849/1026/1813
f 1140/1390/1814 1139/1389/1814 1191/1447/1814
f 1191/1448/1815 1139/1449/1815 1192/1450/1815
f 1191/1447/1816 1192/1451/1816 1182/1436/1816
f 1182/1436/1817 1192/1451/1817 1183/1437/1817
f 1139/1449/1818 1137/1385/1818 1192/1450/1818
f 1192/1450/1819 1137/1385/1819 1193/1452/1819
f 1192/1450/1820 1193/1452/1820 1194/1453/1820
f 1194/1453/1821 1193/1452/1821 1195/1454/1821
f 1194/1453/1822 1195/1454/1822 1196/1455/1822
f 850/1027/1823 1194/1453/1823 845/1022/1823
f 845/1022/1824 1194/1453/1824 1196/1455/1824
f 845/1022/1825 1196/1455/1825 846/1023/1825
f 850/1027/1826 1189/1445/1826 1194/1453/1826
f 1194/1453/1827 1189/1445/1827 1187/1443/1827
f 1194/1453/1828 1187/1443/1828 1192/1450/1828
f 1192/1450/1829 1187/1443/1829 1185/1441/1829
f 1192/1450/1830 1185/1441/1830 1183/1440/1830
f 1193/1452/1831 1137/1385/1831 1136/1384/1831
f 1196/1455/1832 1195/1454/1832 1197/1456/1832
f 1198/1457/1833 1053/1265/1833 1052/1264/1833
f 1134/1382/1834 1198/1457/1834 1199/1458/1834
f 1198/1457/1835 1052/1264/1835 1199/1458/1835
f 1199/1458/1836 1052/1264/1836 1051/1263/1836
f 1199/1458/1837 1051/1263/1837 1197/1456/1837
f 1197/1456/1838 1051/1263/1838 846/1023/1838
f 1197/1456/1832 846/1023/1832 1196/1455/1832
f 1134/1382/1839 1199/1458/1839 1135/1383/1839
f 1135/1383/1840 1199/1458/1840 1197/1456/1840
f 1135/1383/1841 1197/1456/1841 1136/1384/1841
f 1136/1384/1842 1197/1456/1842 1195/1454/1842
f 1136/1384/1831 1195/1454/1831 1193/1452/1831
f 1142/1392/1843 1143/1393/1843 1200/1459/1843
f 1200/1459/1844 1143/1393/1844 1201/1460/1844
f 1200/1459/1845 1201/1460/1845 1050/1262/1845
f 1050/1262/1846 1201/1460/1846 779/958/1846
f 1134/1382/1847 1142/1392/1847 1198/1457/1847
f 1198/1457/1848 1142/1392/1848 1200/1459/1848
f 1198/1457/1849 1200/1459/1849 1053/1265/1849
f 1053/1265/1850 1200/1459/1850 1050/1262/1850
f 1202/1461/1851 800/979/1851 799/978/1851
f 1151/1401/1852 1123/1371/1852 1203/1462/1852
f 1203/1462/1853 1123/1371/1853 1202/1461/1853
f 1151/1401/1854 1203/1462/1854 1150/1400/1854
f 1150/1400/1855 1203/1462/1855 1204/1463/1855
f 1150/1400/1856 1204/1463/1856 1149/1399/1856
f 1149/1399/1857 1204/1463/1857 1148/1398/1857
f 1148/1398/1858 1204/1463/1858 1205/1464/1858
f 1148/1398/1859 1205/1464/1859 1146/1396/1859
f 1202/1461/1860 799/978/1860 1203/1462/1860
f 1203/1462/1861 799/978/1861 776/955/1861
f 1203/1462/1862 776/955/1862 1204/1463/1862
f 1204/1463/1863 776/955/1863 778/957/1863
f 1204/1463/1864 778/957/1864 1205/1464/1864
f 1205/1464/1865 778/957/1865 779/958/1865
f 1205/1464/1866 779/958/1866 1201/1460/1866
f 1146/1396/1867 1205/1464/1867 1145/1395/1867
f 1145/1395/1868 1205/1464/1868 1201/1460/1868
f 1145/1395/1869 1201/1460/1869 1143/1393/1869
f 1206/1465/1870 804/983/1870 803/982/1870
f 1206/1465/1871 803/982/1871 1207/1466/1871
f 1207/1466/1872 803/982/1872 802/981/1872
f 1207/1466/1873 802/981/1873 1208/1467/1873
f 1208/1467/1874 802/981/1874 767/946/1874
f 1208/1467/1875 767/946/1875 1209/1468/1875
f 1209/1468/1876 767/946/1876 766/945/1876
f 1209/1468/1877 766/945/1877 1210/1469/1877
f 1210/1469/1878 766/945/1878 780/959/1878
f 1210/1469/1879 780/959/1879 1211/1470/1879
f 1211/1470/1880 1127/1375/1880 1210/1469/1880
f 1210/1469/1881 1127/1375/1881 1126/1374/1881
f 1210/1469/1882 1126/1374/1882 1209/1468/1882
f 1209/1468/1883 1126/1374/1883 1130/1378/1883
f 1209/1468/1884 1130/1378/1884 1208/1467/1884
f 1208/1467/1885 1130/1378/1885 1129/1377/1885
f 1208/1467/1886 1129/1377/1886 1207/1466/1886
f 1207/1466/1887 1129/1377/1887 1015/1220/1887
f 1207/1466/1888 1015/1220/1888 1206/1465/1888
f 1122/1370/1889 1125/1373/1889 1211/1470/1889
f 1211/1470/1890 1125/1373/1890 1128/1376/1890
f 1211/1470/1891 1128/1376/1891 1127/1375/1891
f 1202/1461/1892 1212/1471/1892 800/979/1892
f 800/979/1893 1212/1471/1893 801/980/1893
f 780/959/1894 801/980/1894 1211/1470/1894
f 1211/1470/1895 801/980/1895 1212/1471/1895
f 1211/1470/1896 1212/1471/1896 1122/1370/1896
f 1122/1370/1897 1212/1471/1897 1202/1461/1897
f 1122/1370/1898 1202/1461/1898 1123/1371/1898
f 1213/1472/1899 807/986/1899 806/985/1899
f 808/987/1900 804/983/1900 1206/1465/1900
f 1020/1225/1901 788/967/1901 1017/1222/1901
f 1017/1222/1902 788/967/1902 809/988/1902
f 1017/1222/1903 809/988/1903 1018/1223/1903
f 1018/1223/1904 809/988/1904 808/987/1904
f 1018/1223/1905 808/987/1905 1014/1219/1905
f 1014/1219/1906 808/987/1906 1206/1465/1906
f 1014/1219/1907 1206/1465/1907 1015/1220/1907
f 1029/1234/1908 790/969/1908 1020/1225/1908
f 1020/1225/1909 790/969/1909 789/968/1909
f 1020/1225/1910 789/968/1910 788/967/1910
f 1029/1234/1908 1028/1233/1908 790/969/1908
f 790/969/1911 1028/1233/1911 1027/1232/1911
f 790/969/1912 1027/1232/1912 797/976/1912
f 797/976/1913 1027/1232/1913 1026/1231/1913
f 797/976/1914 1026/1231/1914 798/977/1914
f 798/977/1915 1026/1231/1915 1025/1230/1915
f 798/977/1916 1025/1230/1916 781/960/1916
f 781/960/1917 1025/1230/1917 1030/1235/1917
f 781/960/1918 1030/1235/1918 782/961/1918
f 782/961/1919 1030/1235/1919 1032/1237/1919
f 782/961/1920 1032/1237/1920 783/962/1920
f 783/962/1921 1032/1237/1921 1035/1240/1921
f 783/962/1922 1035/1240/1922 784/963/1922
f 784/963/1923 1035/1240/1923 1034/1239/1923
f 784/963/1924 1034/1239/1924 791/970/1924
f 1034/1239/1925 1033/1238/1925 791/970/1925
f 791/970/1926 1033/1238/1926 1036/1241/1926
f 791/970/1927 1036/1241/1927 792/971/1927
f 792/971/1928 1036/1241/1928 1012/1217/1928
f 792/971/1929 1012/1217/1929 793/972/1929
f 793/972/1930 1012/1217/1930 1011/1216/1930
f 793/972/1931 1011/1216/1931 794/973/1931
f 794/973/1932 1011/1216/1932 1049/1254/1932
f 794/973/1933 1049/1254/1933 795/974/1933
f 795/974/1934 1049/1254/1934 1048/1253/1934
f 795/974/1935 1048/1253/1935 796/975/1935
f 1048/1253/1936 1047/1252/1936 796/975/1936
f 796/975/1937 1047/1252/1937 1046/1251/1937
f 796/975/1938 1046/1251/1938 810/989/1938
f 810/989/1939 1046/1251/1939 1045/1250/1939
f 810/989/1940 1045/1250/1940 811/990/1940
f 811/990/1941 1045/1250/1941 1044/1249/1941
f 811/990/1942 1044/1249/1942 805/984/1942
f 805/984/1943 1044/1249/1943 1043/1248/1943
f 805/984/1944 1043/1248/1944 806/985/1944
f 806/985/1945 1043/1248/1945 1042/1247/1945
f 806/985/1946 1042/1247/1946 1213/1472/1946
f 1214/1473/1947 763/942/1947 787/966/1947
f 1159/1409/1948 1160/1410/1948 1215/1474/1948
f 1215/1474/1949 1160/1410/1949 1214/1473/1949
f 1214/1473/1950 787/966/1950 1215/1474/1950
f 1215/1474/1951 787/966/1951 786/965/1951
f 1215/1474/1952 786/965/1952 1216/1475/1952
f 1216/1475/1953 786/965/1953 785/964/1953
f 1216/1475/1954 785/964/1954 1217/1476/1954
f 1217/1476/1955 785/964/1955 772/951/1955
f 1217/1476/1956 772/951/1956 1218/1477/1956
f 1218/1477/1957 772/951/1957 770/949/1957
f 1218/1477/1958 770/949/1958 1219/1478/1958
f 1219/1478/1959 770/949/1959 769/948/1959
f 1219/1478/1960 769/948/1960 1220/1479/1960
f 1220/1479/1961 769/948/1961 807/986/1961
f 1220/1479/1962 807/986/1962 1213/1472/1962
f 1159/1409/1963 1215/1474/1963 1152/1402/1963
f 1152/1402/1964 1215/1474/1964 1216/1475/1964
f 1152/1402/1965 1216/1475/1965 1153/1403/1965
f 1153/1403/1966 1216/1475/1966 1217/1476/1966
f 1153/1403/1967 1217/1476/1967 1154/1404/1967
f 1154/1404/1968 1217/1476/1968 1218/1477/1968
f 1154/1404/1969 1218/1477/1969 1155/1405/1969
f 1155/1405/1970 1218/1477/1970 1219/1478/1970
f 1155/1405/1971 1219/1478/1971 1156/1406/1971
f 1156/1406/1972 1219/1478/1972 1220/1479/1972
f 1156/1406/1973 1220/1479/1973 1157/1407/1973
f 1157/1407/1974 1220/1479/1974 1213/1472/1974
f 1157/1407/1975 1213/1472/1975 1042/1247/1975
f 1214/1473/1976 1160/1410/1976 1172/1426/1976
f 763/942/1977 1214/1473/1977 1221/1480/1977
f 1214/1473/1978 1172/1426/1978 1221/1480/1978
f 1221/1480/1979 1172/1426/1979 1176/1430/1979
f 1221/1480/1980 1176/1430/1980 1222/1481/1980
f 1176/1430/1981 1175/1429/1981 1222/1481/1981
f 1222/1481/1982 1175/1429/1982 1179/1433/1982
f 1222/1481/1983 1179/1433/1983 1223/1482/1983
f 1181/1435/1984 1224/1483/1984 1177/1431/1984
f 1177/1431/1985 1224/1483/1985 1223/1482/1985
f 1177/1431/1986 1223/1482/1986 1178/1432/1986
f 1178/1432/1987 1223/1482/1987 1179/1433/1987
f 763/942/1988 1221/1480/1988 764/943/1988
f 764/943/1989 1221/1480/1989 1222/1481/1989
f 764/943/1990 1222/1481/1990 773/952/1990
f 773/952/1991 1222/1481/1991 1223/1482/1991
f 773/952/1992 1223/1482/1992 774/953/1992
f 774/953/1993 1223/1482/1993 1224/1483/1993
f 774/953/1994 1224/1483/1994 775/954/1994
f 1171/1425/1995 1162/1412/1995 1225/1484/1995
f 1225/1484/1996 1162/1412/1996 1226/1485/1996
f 1225/1484/1997 1226/1485/1997 1102/1350/1997
f 1102/1350/1998 1226/1485/1998 1103/1351/1998
f 1181/1435/1999 1171/1425/1999 1224/1483/1999
f 1224/1483/2000 1171/1425/2000 1225/1484/2000
f 1224/1483/2001 1225/1484/2001 775/954/2001
f 775/954/2002 1225/1484/2002 1102/1350/2002
f 1227/1486/2003 856/1033/2003 1104/1352/2003
f 1165/1487/2004 1228/1488/2004 1229/1489/2004
f 1229/1490/2005 1228/1491/2005 1230/1492/2005
f 1229/1490/2005 1230/1492/2005 1227/1486/2005
f 1227/1486/2006 1104/1352/2006 1229/1490/2006
f 1229/1490/2007 1104/1352/2007 1105/1353/2007
f 1229/1490/2008 1105/1353/2008 1231/1493/2008
f 1231/1493/2009 1105/1353/2009 1103/1351/2009
f 1231/1493/2010 1103/1351/2010 1226/1485/2010
f 1165/1424/2011 1229/1490/2011 1164/1414/2011
f 1164/1414/2012 1229/1490/2012 1231/1493/2012
f 1164/1414/2013 1231/1493/2013 1161/1411/2013
f 1161/1411/2014 1231/1493/2014 1226/1485/2014
f 1161/1411/2015 1226/1485/2015 1162/1412/2015
f 1167/1417/2016 1168/1418/2016 1232/1494/2016
f 1232/1494/2017 1168/1418/2017 1233/1495/2017
f 1234/1496/2018 1235/1497/2018 1236/1498/2018
f 1235/1497/2019 1234/1496/2019 1237/1499/2019
f 1237/1499/2020 1234/1496/2020 1232/1500/2020
f 1237/1499/2021 1232/1500/2021 1238/1501/2021
f 1238/1502/2022 1232/1494/2022 1233/1495/2022
f 1238/1502/2023 1233/1495/2023 1239/1503/2023
f 856/1033/2024 1234/1496/2024 855/1032/2024
f 855/1032/2025 1234/1496/2025 1236/1498/2025
f 855/1032/2026 1236/1498/2026 853/1030/2026
f 1165/1504/2027 1167/1505/2027 1228/1506/2027
f 1228/1507/2028 1167/1417/2028 1232/1494/2028
f 1228/1491/2029 1232/1500/2029 1230/1492/2029
f 1230/1492/2030 1232/1500/2030 1234/1496/2030
f 1230/1492/2031 1234/1496/2031 1227/1486/2031
f 1227/1486/2032 1234/1496/2032 856/1033/2032
f 1238/1502/2033 1239/1503/2033 1240/1508/2033
f 851/1028/2034 853/1030/2034 1241/1509/2034
f 1241/1509/2035 853/1030/2035 1236/1498/2035
f 1241/1509/2036 1236/1498/2036 1242/1510/2036
f 1242/1510/2037 1236/1498/2037 1235/1497/2037
f 1242/1510/2038 1235/1497/2038 1243/1511/2038
f 1243/1512/2039 1235/1513/2039 1240/1508/2039
f 1240/1514/2040 1235/1497/2040 1237/1499/2040
f 1240/1514/2040 1237/1499/2040 1238/1501/2040
f 831/1007/2041 15/991/2041 1244/1515/2041
f 1244/1515/2042 15/991/2042 1245/1516/2042
f 1244/1515/2043 1245/1516/2043 1246/1517/2043
f 21/1159/2044 949/1140/2044 1247/1518/2044
f 1247/1518/2044 949/1140/2044 1248/1519/2044
f 1247/1520/2043 1248/1521/2043 1245/1516/2043
f 1245/1516/2045 1248/1521/2045 1249/1522/2045
f 1245/1516/2046 1249/1522/2046 1246/1517/2046
f 1250/119/2047 1251/119/2047 1252/119/2047
f 1253/1523/2048 832/1008/2048 833/1010/2048
f 1254/119/2049 1246/119/2049 1249/119/2049
f 818/119/2050 831/119/2050 1244/119/2050
f 1255/119/2051 1256/119/2051 1253/119/2051
f 1256/1524/2052 1255/1525/2052 1251/1526/2052
f 852/1029/2053 1250/1527/2053 959/1152/2053
f 959/1152/2054 1250/1527/2054 1252/1528/2054
f 959/1152/2055 1252/1528/2055 962/1155/2055
f 962/1155/2056 1252/1528/2056 1257/1529/2056
f 1258/1530/2057 952/1143/2057 1257/1529/2057
f 1257/1529/2058 952/1143/2058 954/1145/2058
f 1257/1529/2059 954/1145/2059 962/1155/2059
f 1253/1523/2060 833/1010/2060 1255/1525/2060
f 1255/1525/2061 833/1010/2061 834/1531/2061
f 1255/1525/2061 834/1531/2061 1259/1532/2061
f 1259/1532/2062 834/1531/2062 820/1011/2062
f 1259/1532/2063 820/1011/2063 1260/1533/2063
f 1260/1533/2064 820/1011/2064 819/1534/2064
f 1260/1533/2065 819/1534/2065 1261/1535/2065
f 1261/1535/2066 819/1534/2066 818/1009/2066
f 1261/1535/2067 818/1009/2067 1254/1536/2067
f 1254/119/2068 818/119/2068 1244/119/2068
f 1254/119/2049 1244/119/2049 1246/119/2049
f 1251/1526/2069 1255/1525/2069 1252/1537/2069
f 1252/1537/2070 1255/1525/2070 1259/1532/2070
f 1252/1537/2071 1259/1532/2071 1257/1538/2071
f 1257/1538/2072 1259/1532/2072 1260/1533/2072
f 1257/1538/2073 1260/1533/2073 1258/1539/2073
f 1258/1539/2074 1260/1533/2074 1261/1535/2074
f 1258/1539/2075 1261/1535/2075 1262/1540/2075
f 1262/1540/2076 1261/1535/2076 1254/1536/2076
f 1262/1540/2077 1254/1536/2077 1263/1541/2077
f 1263/119/2078 1254/119/2078 1249/119/2078
f 1263/119/2079 1249/119/2079 1248/119/2079
f 1248/119/2080 949/119/2080 1263/119/2080
f 1263/1542/2081 949/1140/2081 947/1138/2081
f 1263/1542/2082 947/1138/2082 1262/1543/2082
f 1262/1543/2083 947/1138/2083 945/1136/2083
f 1262/1543/2084 945/1136/2084 1258/1544/2084
f 1258/1544/2085 945/1136/2085 950/1148/2085
f 1258/1530/2086 950/1141/2086 952/1143/2086
f 852/1029/2087 851/1028/2087 1250/1527/2087
f 1250/1527/2088 851/1028/2088 1264/1545/2088
f 1250/1527/2087 1264/1545/2087 1251/1546/2087
f 1251/1546/2089 1264/1545/2089 1265/1547/2089
f 1251/1526/2090 1265/1548/2090 1256/1524/2090
f 1256/1524/2090 1265/1548/2090 1266/1549/2090
f 1256/1524/2091 1266/1549/2091 1253/1523/2091
f 1253/1523/2092 1266/1549/2092 1267/1550/2092
f 1253/1523/2092 1267/1550/2092 832/1008/2092
f 832/1008/2092 1267/1550/2092 830/1006/2092
f 1240/1508/2093 1239/1503/2093 1268/1551/2093
f 1242/1510/2094 1243/1511/2094 1269/1552/2094
f 851/1028/2095 1241/1509/2095 1264/1545/2095
f 1264/1545/2096 1241/1509/2096 1270/1553/2096
f 1264/1545/2097 1270/1553/2097 1265/1547/2097
f 1265/1548/2098 1270/1554/2098 1266/1549/2098
f 1266/1549/2099 1270/1554/2099 1271/1555/2099
f 1266/1549/2100 1271/1555/2100 1267/1550/2100
f 1267/1550/2101 1271/1555/2101 829/1005/2101
f 1267/1550/2102 829/1005/2102 830/1006/2102
f 828/1004/2103 829/1005/2103 1272/1556/2103
f 1272/1556/2104 829/1005/2104 1271/1555/2104
f 1272/1556/2105 1271/1555/2105 1269/1557/2105
f 1269/1557/2106 1271/1555/2106 1270/1554/2106
f 1269/1552/2107 1270/1553/2107 1242/1510/2107
f 1242/1510/2108 1270/1553/2108 1241/1509/2108
f 826/1002/2109 828/1004/2109 1273/1558/2109
f 1273/1558/2110 828/1004/2110 1272/1556/2110
f 1273/1559/2111 1272/1560/2111 1268/1551/2111
f 1268/1561/2112 1272/1556/2112 1269/1557/2112
f 1268/1551/2113 1269/1562/2113 1240/1508/2113
f 1240/1508/2114 1269/1562/2114 1243/1512/2114
f 824/1000/2115 826/1002/2115 1274/1563/2115
f 1274/1563/2116 826/1002/2116 1273/1558/2116
f 1274/1564/2117 1273/1559/2117 1275/1565/2117
f 1275/1565/2118 1273/1559/2118 1268/1551/2118
f 1275/1565/2119 1268/1551/2119 1233/1495/2119
f 1233/1495/2120 1268/1551/2120 1239/1503/2120
f 844/1021/2121 824/1000/2121 1276/1566/2121
f 1276/1566/2122 824/1000/2122 1274/1563/2122
f 1276/1567/2123 1274/1564/2123 1277/1568/2123
f 1277/1568/2124 1274/1564/2124 1275/1565/2124
f 1277/1568/2125 1275/1565/2125 1168/1418/2125
f 1168/1418/2126 1275/1565/2126 1233/1495/2126
f 1166/1416/2127 1170/1422/2127 1278/1569/2127
f 1170/1420/2128 761/940/2128 1278/1570/2128
f 1278/1570/2129 761/940/2129 1279/1571/2129
f 1278/1570/2130 1279/1571/2130 1280/1572/2130
f 1280/1572/2131 1279/1571/2131 1281/1573/2131
f 1280/1574/2132 1281/1575/2132 842/1019/2132
f 842/1019/2133 1281/1575/2133 843/1020/2133
f 1168/1418/2134 1166/1416/2134 1277/1568/2134
f 1277/1568/2135 1166/1416/2135 1278/1569/2135
f 1277/1568/2136 1278/1569/2136 1276/1567/2136
f 1276/1567/2137 1278/1569/2137 1280/1576/2137
f 1276/1566/2138 1280/1574/2138 844/1021/2138
f 844/1021/2139 1280/1574/2139 842/1019/2139
f 1282/1577/2140 840/1017/2140 838/1015/2140
f 1283/1578/2141 1282/1577/2141 1284/1579/2141
f 749/928/2142 747/926/2142 1285/1580/2142
f 1285/1580/2143 747/926/2143 1283/1581/2143
f 749/928/2144 1285/1580/2144 751/930/2144
f 751/930/2145 1285/1580/2145 1286/1582/2145
f 751/930/2146 1286/1582/2146 753/932/2146
f 753/932/2147 1286/1582/2147 755/934/2147
f 755/934/2147 1286/1582/2147 1287/1583/2147
f 755/934/2148 1287/1583/2148 757/936/2148
f 1282/1577/2149 838/1015/2149 1284/1579/2149
f 1284/1579/2150 838/1015/2150 836/1013/2150
f 1284/1579/2151 836/1013/2151 1288/1584/2151
f 1288/1584/2152 836/1013/2152 835/1012/2152
f 1288/1584/2153 835/1012/2153 1289/1585/2153
f 1289/1585/2154 835/1012/2154 843/1020/2154
f 1289/1585/2155 843/1020/2155 1281/1575/2155
f 1283/1578/2141 1284/1579/2141 1285/1586/2141
f 1285/1580/2156 1284/1587/2156 1288/1588/2156
f 1285/1580/2157 1288/1588/2157 1286/1582/2157
f 1286/1582/2158 1288/1588/2158 1289/1589/2158
f 1286/1582/2158 1289/1589/2158 1287/1583/2158
f 1287/1583/2159 1289/1589/2159 1281/1573/2159
f 1287/1583/2160 1281/1573/2160 1279/1571/2160
f 1279/1571/2161 761/940/2161 1287/1583/2161
f 1287/1583/2162 761/940/2162 759/938/2162
f 1287/1583/2162 759/938/2162 757/936/2162
f 1132/1380/2163 1138/1386/2163 1290/1590/2163
f 1138/1387/2164 1140/1390/2164 1290/1591/2164
f 1290/1591/2165 1140/1390/2165 1291/1592/2165
f 1290/1593/2166 1291/1594/2166 1292/1595/2166
f 1292/1595/2167 1291/1594/2167 1293/1596/2167
f 1292/1595/2168 1293/1596/2168 841/1018/2168
f 841/1018/2169 1293/1596/2169 839/1016/2169
f 747/926/2170 1132/1380/2170 1283/1581/2170
f 1283/1581/2171 1132/1380/2171 1290/1590/2171
f 1283/1578/2172 1290/1593/2172 1282/1577/2172
f 1282/1577/2173 1290/1593/2173 1292/1595/2173
f 1282/1577/2174 1292/1595/2174 840/1017/2174
f 840/1017/2175 1292/1595/2175 841/1018/2175
f 837/1014/2176 839/1016/2176 1294/1597/2176
f 1294/1597/2177 839/1016/2177 1293/1596/2177
f 1294/1597/2178 1293/1596/2178 1295/1598/2178
f 1295/1598/2179 1293/1596/2179 1291/1594/2179
f 1295/1599/2180 1291/1592/2180 1191/1447/2180
f 1191/1447/2181 1291/1592/2181 1140/1390/2181
f 825/1001/2182 837/1014/2182 1296/1600/2182
f 1296/1600/2183 837/1014/2183 1294/1597/2183
f 1296/1600/2184 1294/1597/2184 1297/1601/2184
f 1297/1601/2185 1294/1597/2185 1295/1598/2185
f 1297/1602/2186 1295/1599/2186 1182/1436/2186
f 1182/1436/2187 1295/1599/2187 1191/1447/2187
f 1298/1603/2188 1299/1604/2188 1300/1605/2188
f 1297/1606/2189 1182/1607/2189 1184/1608/2189
f 1296/1600/2190 1297/1601/2190 1301/1609/2190
f 1297/1601/2191 1184/1610/2191 1301/1609/2191
f 1301/1609/2192 1184/1610/2192 1186/1611/2192
f 1301/1612/2193 1186/1442/2193 1188/1444/2193
f 825/1001/2194 1296/1600/2194 1300/1605/2194
f 1300/1605/2195 1296/1600/2195 1301/1609/2195
f 1300/1605/2196 1301/1609/2196 1298/1603/2196
f 1298/1613/2197 1301/1612/2197 1188/1444/2197
f 1298/1613/2198 1188/1444/2198 1190/1446/2198
f 1190/1446/2199 849/1026/2199 1302/1614/2199
f 1190/1446/2200 1302/1614/2200 1298/1613/2200
f 1298/1613/2201 1302/1614/2201 1303/1615/2201
f 1298/1603/2202 1303/1616/2202 1299/1604/2202
f 1299/1604/2203 1303/1616/2203 1304/1617/2203
f 1299/1604/2204 1304/1617/2204 1305/1618/2204
f 825/1001/2205 1300/1605/2205 827/1003/2205
f 827/1003/2206 1300/1605/2206 1299/1604/2206
f 827/1003/2207 1299/1604/2207 812/992/2207
f 812/992/2208 1299/1604/2208 1305/1618/2208
f 812/992/2209 1305/1618/2209 813/994/2209
f 815/997/2210 813/994/2210 1306/1619/2210
f 1306/1619/2211 813/994/2211 1305/1618/2211
f 1307/1620/2212 1308/1621/2212 1303/1615/2212
f 1303/1615/2213 1308/1621/2213 1309/1622/2213
f 1303/1616/2214 1309/1623/2214 1304/1617/2214
f 1304/1617/2215 1309/1623/2215 1310/1624/2215
f 1304/1617/2216 1310/1624/2216 1305/1618/2216
f 1305/1618/2217 1310/1624/2217 1311/1625/2217
f 1305/1618/2218 1311/1625/2218 1306/1619/2218
f 1303/1615/2219 1302/1614/2219 1307/1620/2219
f 1307/1620/2220 1302/1614/2220 849/1026/2220
f 1307/1620/2221 849/1026/2221 848/1025/2221
f 1312/1626/2222 1313/1627/2222 1314/1628/2222
f 1314/119/2223 1313/119/2223 1315/119/2223
f 1314/119/2224 1315/119/2224 1316/119/2224
f 1316/119/2225 814/119/2225 821/119/2225
f 1317/119/2226 1318/119/2226 1319/119/2226
f 1319/119/2227 1318/119/2227 1312/119/2227
f 1317/119/2228 1319/119/2228 924/119/2228
f 924/1629/2229 1319/1630/2229 1320/1631/2229
f 924/1629/2230 1320/1631/2230 938/1132/2230
f 938/1132/2231 1320/1631/2231 941/1130/2231
f 941/1130/2232 1320/1631/2232 1321/1632/2232
f 941/1130/2233 1321/1632/2233 936/1125/2233
f 936/1125/2234 1321/1632/2234 933/1120/2234
f 933/1120/2235 1321/1632/2235 1322/1633/2235
f 933/1120/2236 1322/1633/2236 931/1118/2236
f 1312/1634/2237 1314/1635/2237 1319/1636/2237
f 1319/1630/2238 1314/1628/2238 1323/1637/2238
f 1319/1630/2239 1323/1637/2239 1320/1631/2239
f 1320/1631/2240 1323/1637/2240 1324/1638/2240
f 1320/1631/2241 1324/1638/2241 1321/1632/2241
f 1321/1632/2242 1324/1638/2242 1325/1639/2242
f 1321/1632/2243 1325/1639/2243 1322/1633/2243
f 1322/1633/2244 1325/1639/2244 1326/1640/2244
f 1322/1633/2245 1326/1640/2245 1327/1641/2245
f 816/1642/2246 815/997/2246 1306/1619/2246
f 1316/1643/2247 821/767/2247 1314/1644/2247
f 1314/1628/2248 821/996/2248 822/998/2248
f 1314/1628/2249 822/998/2249 1323/1637/2249
f 1323/1637/2250 822/998/2250 823/1645/2250
f 1323/1637/2251 823/1645/2251 1324/1638/2251
f 1324/1638/2252 823/1645/2252 817/999/2252
f 1324/1638/2253 817/999/2253 1325/1639/2253
f 1325/1639/2254 817/999/2254 816/1642/2254
f 1325/1639/2255 816/1642/2255 1326/1640/2255
f 1326/1640/2256 816/1642/2256 1306/1619/2256
f 1326/1640/2257 1306/1619/2257 1311/1625/2257
f 1311/119/2258 1310/119/2258 1326/119/2258
f 1326/1640/2259 1310/1624/2259 1309/1623/2259
f 1326/1640/2260 1309/1623/2260 1327/1641/2260
f 1327/1646/2261 1309/1622/2261 1308/1621/2261
f 1327/1646/2262 1308/1621/2262 1307/1620/2262
f 931/1118/2263 1322/1633/2263 928/1647/2263
f 928/1647/2264 1322/1633/2264 1327/1641/2264
f 928/1647/2265 1327/1641/2265 925/1648/2265
f 925/1110/2266 1327/1646/2266 1307/1620/2266
f 925/1110/2267 1307/1620/2267 848/1025/2267
f 1328/1649/2268 13/993/2268 814/995/2268
f 924/1629/2269 7/1650/2269 1317/1651/2269
f 1317/1651/2270 7/1650/2270 1329/1652/2270
f 1317/1651/2271 1329/1652/2271 1318/1653/2271
f 1318/1653/2272 1329/1652/2272 1312/1626/2272
f 814/995/2273 1316/1654/2273 1328/1649/2273
f 1328/1649/2274 1316/1654/2274 1315/1655/2274
f 1328/1649/2275 1315/1655/2275 1329/1652/2275
f 1329/1652/2276 1315/1655/2276 1313/1627/2276
f 1329/1652/2277 1313/1627/2277 1312/1626/2277
f 1330/1656/2278 1331/1657/2278 1332/1658/2278
f 1333/1659/2278 1334/1660/2278 1332/1658/2278
f 1332/1658/2278 1334/1660/2278 1335/1661/2278
f 1332/1658/2278 1335/1661/2278 1330/1656/2278
f 1336/1662/16 1337/1663/16 1338/1664/16
f 1338/1664/16 1337/1663/16 1339/1665/16
f 1338/1664/16 1339/1665/16 1340/1666/16
f 1340/1666/16 1339/1665/16 1341/1667/16
f 1340/1666/16 1341/1667/16 1342/1668/16
f 1342/1668/16 1341/1667/16 1343/1669/16
f 1342/1668/16 1343/1669/16 1344/1670/16
f 1344/1670/16 1343/1669/16 1345/1671/16
f 1344/1670/16 1345/1671/16 1346/1672/16
f 1346/1672/16 1345/1671/16 1347/1673/16
f 1346/1672/16 1347/1673/16 1348/1674/16
f 1348/1674/16 1347/1673/16 1349/1675/16
f 1348/1674/16 1349/1675/16 1350/1676/16
f 1350/1676/16 1349/1675/16 1351/1677/16
f 1350/1676/16 1351/1677/16 1352/1678/16
f 1352/1678/16 1351/1677/16 1353/1679/16
f 1352/1678/16 1353/1679/16 1354/1680/16
f 1354/1680/16 1353/1679/16 1355/1681/16
f 1354/1680/16 1355/1681/16 1356/1682/16
f 1356/1682/16 1355/1681/16 1357/1683/16
f 1356/1682/16 1357/1683/16 1358/1684/16
f 1358/1684/16 1357/1683/16 1359/1685/16
f 1358/1684/16 1359/1685/16 25/1686/16
f 25/1686/16 1359/1685/16 1360/1687/16
f 25/1686/16 1360/1687/16 1361/1688/16
f 1361/1688/16 1360/1687/16 1362/1689/16
f 1361/1688/16 1362/1689/16 1363/1690/16
f 1363/1690/16 1362/1689/16 1364/1691/16
f 1363/1690/16 1364/1691/16 1365/1692/16
f 1365/1692/16 1364/1691/16 1366/1693/16
f 1365/1692/16 1366/1693/16 1367/1694/16
f 1367/1694/16 1366/1693/16 1368/1695/16
f 1367/1694/16 1368/1695/16 1369/1696/16
f 1369/1696/16 1368/1695/16 1370/1697/16
f 1369/1696/16 1370/1697/16 1371/1698/16
f 1371/1698/16 1370/1697/16 1372/1699/16
f 1371/1698/16 1372/1699/16 1373/1700/16
f 1373/1700/16 1372/1699/16 1374/1701/16
f 1373/1700/16 1374/1701/16 1375/1702/16
f 1375/1702/16 1374/1701/16 1376/1703/16
f 1375/1702/16 1376/1703/16 1377/1704/16
f 1377/1704/16 1376/1703/16 1378/1705/16
f 1377/1704/16 1378/1705/16 1379/1706/16
f 1379/1706/16 1378/1705/16 1380/1707/16
f 1379/1706/16 1380/1707/16 3/1708/16
f 3/1708/16 1380/1707/16 1381/1709/16
f 3/1708/16 1381/1709/16 1336/1662/16
f 1336/1662/16 1381/1709/16 1337/1663/16
f 1382/1710/2279 1383/1711/2279 1384/1712/2279
f 1385/1713/2280 1386/1714/2280 1387/1715/2280
f 1385/1713/2281 1387/1715/2281 1388/1716/2281
f 1388/1716/2282 1387/1715/2282 1389/1717/2282
f 1388/1716/2283 1389/1717/2283 1390/1718/2283
f 1390/1718/2284 1389/1717/2284 1391/1719/2284
f 1390/1718/2285 1391/1719/2285 1392/1720/2285
f 1393/1721/2286 1394/1722/2286 1386/1714/2286
f 1386/1714/2287 1394/1722/2287 1395/1723/2287
f 1386/1714/2288 1395/1723/2288 1396/1724/2288
f 1396/1724/2289 1397/1725/2289 1386/1714/2289
f 1386/1714/2290 1397/1725/2290 1398/1726/2290
f 1386/1714/2291 1398/1726/2291 1387/1715/2291
f 1399/1727/2292 1400/1728/2292 1401/1729/2292
f 1401/1729/2293 1400/1728/2293 1402/1730/2293
f 1401/1729/2294 1402/1730/2294 1403/1731/2294
f 1393/1721/2295 1404/1732/2295 1394/1722/2295
f 1394/1722/2296 1404/1732/2296 1405/1733/2296
f 1394/1722/2297 1405/1733/2297 1402/1730/2297
f 1402/1730/2298 1405/1733/2298 1406/1734/2298
f 1402/1730/2299 1406/1734/2299 1403/1731/2299
f 1407/1735/2300 1408/1736/2300 1409/1737/2300
f 1408/1738/2301 1407/1739/2301 1399/1740/2301
f 1399/1741/2302 1407/1735/2302 1410/1742/2302
f 1399/1741/2303 1410/1742/2303 1411/1743/2303
f 1411/1743/2304 1412/1744/2304 1399/1741/2304
f 1399/1741/2305 1412/1744/2305 1413/1745/2305
f 1399/1741/2305 1413/1745/2305 1400/1746/2305
f 1409/1737/2306 1414/1747/2306 1407/1735/2306
f 1407/1735/2307 1414/1747/2307 1415/1748/2307
f 1407/1735/2308 1415/1748/2308 1416/1749/2308
f 1416/1749/2309 1415/1748/2309 1417/1750/2309
f 1417/1750/2310 1415/1748/2310 1418/1751/2310
f 1417/1750/2311 1418/1751/2311 1384/1712/2311
f 1384/1712/2312 1418/1751/2312 1419/1752/2312
f 1384/1712/2313 1419/1752/2313 1382/1710/2313
f 1390/1718/1 1392/1720/1 1420/1753/1
f 1420/1753/1 1392/1720/1 1421/1754/1
f 1422/1755/2314 1423/1756/2314 1424/1757/2314
f 1425/1758/2315 1426/1759/2315 1427/1760/2315
f 1427/1760/2316 1426/1759/2316 1424/1757/2316
f 1424/1757/2317 1426/1759/2317 1428/1761/2317
f 1424/1757/2318 1428/1761/2318 1422/1755/2318
f 1429/1762/2319 1430/1763/2319 1431/1764/2319
f 1431/1764/2320 1430/1763/2320 1432/1765/2320
f 1427/1760/2321 1433/1766/2321 1425/1758/2321
f 1425/1758/2322 1433/1766/2322 1431/1764/2322
f 1425/1758/2323 1431/1764/2323 1434/1767/2323
f 1434/1767/2324 1431/1764/2324 1432/1765/2324
f 1431/1764/2325 1435/1768/2325 1429/1762/2325
f 1429/1762/2326 1435/1768/2326 1436/1769/2326
f 1429/1762/2327 1436/1769/2327 1437/1770/2327
f 1437/1770/2328 1438/1771/2328 1429/1762/2328
f 1429/1762/2328 1438/1771/2328 1439/1772/2328
f 1429/1762/2329 1439/1772/2329 1440/1773/2329
f 1440/1773/2330 1439/1772/2330 1441/1774/2330
f 1440/1775/2331 1441/1776/2331 1442/1777/2331
f 1443/1778/2332 1444/1779/2332 1445/1780/2332
f 1444/1779/2333 1446/1781/2333 1445/1780/2333
f 1445/1780/2334 1446/1781/2334 1447/1782/2334
f 1445/1780/2335 1447/1782/2335 1441/1776/2335
f 1441/1776/2336 1447/1782/2336 1448/1783/2336
f 1441/1776/2337 1448/1783/2337 1442/1777/2337
f 1445/1780/2338 1449/1784/2338 1443/1778/2338
f 1443/1778/2339 1449/1784/2339 1450/1785/2339
f 1443/1778/2340 1450/1785/2340 1451/1786/2340
f 1451/1786/2341 1452/1787/2341 1443/1778/2341
f 1443/1778/2342 1452/1787/2342 1453/1788/2342
f 1443/1778/2343 1453/1788/2343 1454/1789/2343
f 1454/1789/2344 1453/1788/2344 1455/1790/2344
f 1455/1790/2345 1453/1788/2345 1456/1791/2345
f 1455/1790/2346 1456/1791/2346 1421/1754/2346
f 1421/1754/2347 1456/1791/2347 1457/1792/2347
f 1421/1754/2348 1457/1792/2348 1420/1753/2348
f 1424/1757/2349 1423/1756/2349 1381/1793/2349
f 1381/1793/2349 1423/1756/2349 1337/1794/2349
f 1360/1795/2350 1359/1796/2350 1383/1711/2350
f 1383/1711/2350 1359/1796/2350 1384/1712/2350
f 1349/1797/1260 1347/1798/1260 1458/1799/1260
f 1458/1799/1264 1347/1798/1264 1459/1800/1264
f 1460/1801/1260 1461/1802/1260 1462/1803/1260
f 1463/1804/2351 1464/1805/2351 1465/1806/2351
f 1465/1806/1260 1464/1805/1260 1466/1807/1260
f 1465/1806/1260 1466/1807/1260 1347/1798/1260
f 1347/119/2352 1466/119/2352 1467/119/2352
f 1347/1798/1260 1467/1808/1260 1459/1800/1260
f 1459/1800/1260 1467/1808/1260 1461/1802/1260
f 1459/1800/1260 1461/1802/1260 1468/1809/1260
f 1468/1809/2353 1461/1802/2353 1460/1801/2353
f 1465/1806/2354 1469/1810/2354 1463/1804/2354
f 1463/1804/1260 1469/1810/1260 1470/1811/1260
f 1463/1804/2354 1470/1811/2354 1471/1812/2354
f 1471/1812/2355 1472/1813/2355 1463/1804/2355
f 1463/1804/2355 1472/1813/2355 1473/1814/2355
f 1463/1804/2356 1473/1814/2356 1474/1815/2356
f 1475/1816/2357 1476/1817/2357 1477/1818/2357
f 1477/1818/1260 1476/1817/1260 1478/1819/1260
f 1477/1818/2355 1478/1819/2355 1462/1803/2355
f 1462/1803/2353 1478/1819/2353 1479/1820/2353
f 1462/1803/1260 1479/1820/1260 1460/1801/1260
f 1480/1821/1324 1481/1822/1324 1372/1823/1324
f 1482/1824/1324 1483/1825/1324 1370/1826/1324
f 1370/1826/1324 1483/1825/1324 1484/1827/1324
f 1370/1826/1324 1485/1828/1324 1482/1824/1324
f 1482/119/2358 1485/119/2358 1486/119/2358
f 1482/1824/1324 1486/1829/1324 1487/1830/1324
f 1487/1830/2359 1486/1829/2359 1488/1831/2359
f 1480/1821/1324 1372/1823/1324 1489/1832/1324
f 1481/1822/1324 1490/1833/1324 1372/1823/1324
f 1372/1823/1329 1490/1833/1329 1491/1834/1329
f 1372/1823/1324 1491/1834/1324 1492/1835/1324
f 1488/1831/1324 1493/1836/1324 1487/1830/1324
f 1487/1830/1324 1493/1836/1324 1494/1837/1324
f 1487/1830/1327 1494/1837/1327 1495/1838/1327
f 1484/1827/1324 1496/1839/1324 1370/1826/1324
f 1370/1826/1324 1496/1839/1324 1497/1840/1324
f 1370/1826/1324 1497/1840/1324 1498/1841/1324
f 1492/1835/1324 1499/1842/1324 1372/1823/1324
f 1372/119/2360 1499/119/2360 1500/119/2360
f 1372/1823/1324 1500/1843/1324 1501/1844/1324
f 1501/1844/1324 1500/1843/1324 1502/1845/1324
f 1501/1844/1329 1502/1845/1329 1503/1846/1329
f 1503/1846/1332 1502/1845/1332 1504/1847/1332
f 1495/1838/1325 1505/1848/1325 1487/1830/1325
f 1487/1830/2359 1505/1848/2359 1506/1849/2359
f 1487/1830/1325 1506/1849/1325 1507/1850/1325
f 1507/1850/2361 1506/1849/2361 1508/1851/2361
f 1498/1841/1324 1509/1852/1324 1370/1826/1324
f 1370/1826/1324 1509/1852/1324 1510/1853/1324
f 1370/1826/1324 1510/1853/1324 1372/1823/1324
f 1372/1823/1324 1510/1853/1324 1511/1854/1324
f 1372/1823/1324 1511/1854/1324 1489/1832/1324
f 1512/1855/2359 1513/1856/2359 1514/1857/2359
f 1514/1857/2362 1513/1856/2362 1515/1858/2362
f 1514/1857/1324 1515/1858/1324 1502/1845/1324
f 1502/1845/2363 1515/1858/2363 1516/1859/2363
f 1502/1845/2364 1516/1859/2364 1504/1847/2364
f 1517/1860/2365 1518/1861/2365 1378/1862/2365
f 1378/1862/2365 1518/1861/2365 1380/1863/2365
f 1518/1861/2366 1517/1860/2366 1519/1864/2366
f 1519/1864/2367 1517/1860/2367 1520/1865/2367
f 1519/1864/2368 1520/1865/2368 1521/1866/2368
f 1521/1866/2369 1520/1865/2369 1522/1867/2369
f 1522/1867/2369 1520/1865/2369 1523/1868/2369
f 1523/1868/2370 1520/1865/2370 1524/1869/2370
f 1523/1868/2371 1524/1869/2371 1525/1870/2371
f 1524/1869/2372 1526/1871/2372 1525/1870/2372
f 1525/1870/2373 1526/1871/2373 1527/1872/2373
f 1525/1870/2374 1527/1872/2374 1528/1873/2374
f 1528/1873/2375 1527/1872/2375 1529/1874/2375
f 1528/1873/2376 1529/1874/2376 1530/1875/2376
f 1530/1875/2377 1529/1874/2377 1531/1876/2377
f 1531/1876/2378 1529/1874/2378 1532/1877/2378
f 1531/1876/2379 1532/1877/2379 1533/1878/2379
f 1533/1878/2380 1532/1877/2380 1534/1879/2380
f 1533/1878/2381 1534/1879/2381 1535/1880/2381
f 1535/1881/2382 1534/1882/2382 1536/1883/2382
f 1535/1881/2383 1536/1883/2383 1537/1884/2383
f 1537/1884/2384 1536/1883/2384 1538/1885/2384
f 1538/1885/2385 1536/1883/2385 1539/1886/2385
f 1538/1885/2386 1539/1886/2386 1540/1887/2386
f 1539/1886/2387 1541/1888/2387 1540/1887/2387
f 1540/1887/2388 1541/1888/2388 1542/1889/2388
f 1540/1887/2389 1542/1889/2389 1543/1890/2389
f 1543/1890/2390 1542/1889/2390 1544/1891/2390
f 1545/1892/2391 1546/1893/2391 1547/1894/2391
f 1547/1894/2392 1546/1893/2392 1548/1895/2392
f 1547/1894/2393 1548/1895/2393 1544/1891/2393
f 1544/1891/2394 1548/1895/2394 1549/1896/2394
f 1544/1891/2395 1549/1896/2395 1543/1890/2395
f 1550/1897/2396 1333/1659/2396 1332/1658/2396
f 1332/1658/2397 1551/1898/2397 1550/1897/2397
f 1550/1897/2398 1551/1898/2398 1552/1899/2398
f 1550/1897/2399 1552/1899/2399 1545/1892/2399
f 1545/1892/2400 1552/1899/2400 1553/1900/2400
f 1545/1892/2401 1553/1900/2401 1546/1893/2401
f 1554/1901/2278 1555/1902/2278 1556/1903/2278
f 1556/1903/2278 1555/1902/2278 1557/1904/2278
f 1556/1903/2278 1557/1904/2278 1558/1905/2278
f 1558/1905/2278 1557/1904/2278 1559/1906/2278
f 1560/1907/2402 1557/1904/2402 1555/1902/2402
f 1560/1907/2403 1555/1902/2403 1561/1908/2403
f 1561/1908/2404 1555/1902/2404 1562/1909/2404
f 1561/1908/2405 1562/1909/2405 1563/1910/2405
f 1563/1910/2406 1562/1909/2406 1564/1911/2406
f 1564/1911/2407 1562/1909/2407 1565/1912/2407
f 1564/1911/2408 1565/1912/2408 1566/1913/2408
f 1565/1912/2409 1567/1914/2409 1566/1913/2409
f 1566/1913/2410 1567/1914/2410 1568/1915/2410
f 1566/1913/2411 1568/1915/2411 1569/1916/2411
f 1569/1916/2412 1568/1915/2412 1570/1917/2412
f 1569/1916/2413 1570/1917/2413 1571/1918/2413
f 1571/1918/2414 1570/1917/2414 1572/1919/2414
f 1571/1918/2415 1572/1919/2415 1573/1920/2415
f 1573/1920/2416 1572/1919/2416 1574/1921/2416
f 1575/1922/2417 1576/1923/2417 1577/1924/2417
f 1577/1924/2418 1576/1923/2418 1578/1925/2418
f 1577/1926/2419 1578/1927/2419 1579/1928/2419
f 1579/1928/2420 1578/1927/2420 1580/1929/2421
f 1579/1928/2422 1580/1929/2422 1574/1921/2422
f 1574/1921/2423 1580/1929/2423 1581/1930/2423
f 1574/1921/2424 1581/1930/2424 1573/1920/2424
f 1577/1924/2425 1582/1931/2425 1575/1922/2425
f 1575/1922/2426 1582/1931/2426 1583/1932/2426
f 1575/1922/2427 1583/1932/2427 1584/1933/2427
f 1584/1933/2428 1583/1932/2428 1585/1934/2428
f 1586/1935/2429 1587/1936/2429 1588/1937/2429
f 1588/1937/2430 1587/1936/2430 1589/1938/2430
f 1588/1937/2431 1589/1938/2431 1585/1934/2431
f 1585/1934/2432 1589/1938/2432 1590/1939/2432
f 1585/1934/2433 1590/1939/2433 1584/1933/2433
f 1591/1940/2434 1592/1941/2434 1593/1942/2434
f 1593/1942/2435 1594/1943/2435 1591/1940/2435
f 1591/1940/2436 1594/1943/2436 1595/1944/2436
f 1591/1940/2437 1595/1944/2437 1586/1935/2437
f 1586/1935/2438 1595/1944/2438 1596/1945/2438
f 1586/1935/2438 1596/1945/2438 1587/1936/2438
f 1364/1946/2439 1362/1947/2439 1592/1941/2439
f 1592/1941/2439 1362/1947/2439 1593/1942/2439
f 1597/1948/2440 1598/1949/2440 1339/1950/2440
f 1339/1950/2440 1598/1949/2440 1341/1951/2440
f 1599/1952/2441 1598/1949/2441 1597/1948/2441
f 1597/1948/2442 1600/1953/2442 1599/1952/2442
f 1599/1952/2443 1600/1953/2443 1601/1954/2443
f 1599/1952/2444 1601/1954/2444 1602/1955/2444
f 1601/1954/2445 1603/1956/2445 1602/1955/2445
f 1602/1955/2445 1603/1956/2445 1604/1957/2445
f 1602/1955/2446 1604/1957/2446 1605/1958/2446
f 1605/1958/2447 1604/1957/2447 1606/1959/2447
f 1605/1958/2448 1606/1959/2448 1607/1960/2448
f 1608/1961/2449 1609/1962/2449 1610/1963/2449
f 1610/1963/2450 1609/1962/2450 1611/1964/2450
f 1610/1963/2451 1611/1964/2451 1612/1965/2451
f 1612/1965/2452 1611/1964/2452 1607/1960/2452
f 1612/1965/2453 1607/1960/2453 1613/1966/2453
f 1613/1966/2454 1607/1960/2454 1606/1959/2454
f 1610/1963/2455 1614/1967/2455 1608/1961/2455
f 1608/1961/2456 1614/1967/2456 1615/1968/2456
f 1608/1969/2457 1615/1970/2457 1616/1971/2457
f 1616/1971/2458 1615/1970/2458 1617/1972/2458
f 1616/1971/2459 1617/1972/2459 1618/1973/2459
f 1617/1972/2460 1619/1974/2460 1618/1973/2460
f 1618/1973/2461 1619/1974/2461 1620/1975/2461
f 1618/1973/2462 1620/1975/2462 1621/1976/2462
f 1621/1976/2463 1620/1975/2463 1622/1977/2463
f 1621/1976/2464 1622/1977/2464 1623/1978/2464
f 1623/1978/2465 1622/1977/2465 1624/1979/2465
f 1623/1978/2466 1624/1979/2466 1625/1980/2466
f 1625/1980/2467 1624/1979/2467 1626/1981/2467
f 1625/1980/2468 1626/1981/2468 1627/1982/2468
f 1627/1982/2469 1626/1981/2469 1628/1983/2469
f 1627/1982/2470 1628/1983/2470 1629/1984/2470
f 1629/1984/2471 1628/1983/2471 1630/1985/2471
f 1629/1984/2472 1630/1985/2472 1631/1986/2472
f 1631/1986/2473 1630/1985/2473 1632/1987/2473
f 1631/1986/2474 1632/1987/2474 1633/1988/2474
f 1633/1988/2475 1632/1987/2475 1634/1989/2475
f 1633/1988/2476 1634/1989/2476 1635/1990/2476
f 1633/1988/2477 1635/1990/2477 1636/1991/2477
f 1636/1991/2477 1635/1990/2477 1637/1992/2477
f 1638/1993/2478 1636/1991/2478 1637/1992/2478
f 1637/1992/2479 1639/1994/2479 1638/1993/2479
f 1638/1993/2480 1639/1994/2480 1640/1995/2480
f 1638/1993/2481 1640/1995/2481 1641/1996/2481
f 1640/1995/2482 1642/1997/2482 1641/1996/2482
f 1641/1996/2483 1642/1997/2483 1643/1998/2483
f 1641/1996/2484 1643/1998/2484 1644/1999/2484
f 1644/1999/2485 1643/1998/2485 1645/2000/2485
f 1644/1999/2486 1645/2000/2486 1646/2001/2486
f 1645/2000/2487 1647/2002/2487 1646/2001/2487
f 1646/2001/2488 1647/2002/2488 1648/2003/2488
f 1646/2001/2489 1648/2003/2489 1649/2004/2489
f 1649/2004/2490 1648/2003/2490 1650/2005/2490
f 1649/2004/2491 1650/2005/2491 1651/2006/2491
f 1651/2006/2491 1650/2005/2491 1652/2007/2491
f 1652/2007/2492 1650/2005/2492 1653/2008/2492
f 1652/2007/2493 1653/2008/2493 1654/2009/2493
f 1653/2008/2494 1655/2010/2494 1654/2009/2494
f 1654/2009/2495 1655/2010/2495 1656/2011/2495
f 1654/2012/2496 1656/2013/2496 1657/2014/2496
f 1657/2014/2497 1656/2013/2497 1658/2015/2497
f 1657/2014/2498 1658/2015/2498 1659/2016/2498
f 1659/2016/2499 1658/2015/2499 1660/2017/2499
f 1659/2016/2500 1660/2017/2500 1661/2018/2500
f 1660/2017/2501 1662/2019/2501 1661/2018/2501
f 1661/2018/2502 1662/2019/2502 1663/2020/2502
f 1661/2018/2503 1663/2020/2503 1664/2021/2503
f 1664/2021/2504 1663/2020/2504 1665/2022/2504
f 1664/2021/2505 1665/2022/2505 1666/2023/2505
f 1666/2023/2506 1665/2022/2506 1667/2024/2506
f 1666/2023/2507 1667/2024/2507 1668/2025/2507
f 1668/2025/2508 1667/2024/2508 1669/2026/2508
f 1668/2027/2509 1669/2028/2509 1670/2029/2509
f 1671/2030/2510 1672/2031/2510 1673/2032/2510
f 1673/2032/2511 1672/2031/2511 1670/2033/2511
f 1673/2032/2512 1670/2033/2512 1674/2034/2512
f 1674/1258/2513 1670/2035/2513 1669/2036/2513
f 1357/2037/2514 1355/2038/2514 1671/2030/2514
f 1671/2030/2514 1355/2038/2514 1672/2031/2514
f 1675/2039/2515 1676/2040/2515 1677/2041/2515
f 1678/2042/2516 1679/2043/2516 1680/2044/2516
f 1680/2044/2517 1679/2043/2517 1681/2045/2517
f 1680/2044/2518 1681/2045/2518 1676/2040/2518
f 1676/2040/2519 1681/2045/2519 1682/2046/2519
f 1676/2040/2520 1682/2046/2520 1677/2041/2520
f 1683/2047/2521 1684/2048/2521 1685/2049/2521
f 1685/2049/2522 1686/2050/2522 1683/2047/2522
f 1683/2047/2523 1686/2050/2523 1687/2051/2523
f 1683/2047/2524 1687/2051/2524 1688/2052/2524
f 1688/2052/2525 1687/2051/2525 1689/2053/2525
f 1688/2052/2526 1689/2053/2526 1678/2042/2526
f 1678/2042/2527 1689/2053/2527 1690/2054/2527
f 1678/2042/2528 1690/2054/2528 1679/2043/2528
f 1677/2041/2529 1691/2055/2529 1675/2039/2529
f 1675/2039/2530 1691/2055/2530 1692/2056/2530
f 1675/2039/2531 1692/2056/2531 1693/2057/2531
f 1693/2057/2532 1692/2056/2532 1694/2058/2532
f 1693/2057/2533 1694/2058/2533 1695/2059/2533
f 1695/2059/2534 1694/2058/2534 1696/2060/2534
f 1695/2059/2535 1696/2060/2535 1697/2061/2535
f 1360/1795/2536 1383/1711/2536 1362/1947/2536
f 1362/1947/2536 1383/1711/2536 1593/1942/2536
f 1388/1716/2537 1390/1718/2537 1557/1904/2537
f 1419/1752/2538 1594/1943/2538 1382/1710/2538
f 1382/1710/2539 1594/1943/2539 1593/1942/2539
f 1382/1710/2540 1593/1942/2540 1383/1711/2540
f 1409/1737/2541 1590/1939/2541 1414/1747/2541
f 1414/1747/2542 1590/1939/2542 1589/1938/2542
f 1414/1747/2543 1589/1938/2543 1415/1748/2543
f 1415/1748/2544 1589/1938/2544 1587/1936/2544
f 1415/1748/2545 1587/1936/2545 1418/1751/2545
f 1418/1751/2546 1587/1936/2546 1596/1945/2546
f 1418/1751/2547 1596/1945/2547 1419/1752/2547
f 1419/1752/2548 1596/1945/2548 1595/1944/2548
f 1419/1752/2549 1595/1944/2549 1594/1943/2549
f 1406/1734/2550 1581/1930/2550 1403/1731/2550
f 1403/1731/2551 1581/1930/2551 1580/1929/2551
f 1403/1731/2552 1580/1929/2552 1401/1729/2552
f 1401/119/2553 1580/119/2553 1578/119/2553
f 1401/2062/2554 1578/1925/2554 1399/1741/2554
f 1399/1741/2555 1578/1925/2555 1576/1923/2555
f 1399/1741/2556 1576/1923/2556 1408/1736/2556
f 1408/1736/2557 1576/1923/2557 1575/1922/2557
f 1408/1736/2558 1575/1922/2558 1409/1737/2558
f 1409/1737/2559 1575/1922/2559 1584/1933/2559
f 1409/1737/2560 1584/1933/2560 1590/1939/2560
f 1557/1904/2561 1560/1907/2561 1388/1716/2561
f 1388/1716/2562 1560/1907/2562 1561/1908/2562
f 1388/1716/2563 1561/1908/2563 1385/1713/2563
f 1385/1713/2564 1561/1908/2564 1563/1910/2564
f 1385/1713/2565 1563/1910/2565 1386/1714/2565
f 1386/1714/2566 1563/1910/2566 1564/1911/2566
f 1386/1714/2567 1564/1911/2567 1393/1721/2567
f 1393/1721/2568 1564/1911/2568 1566/1913/2568
f 1393/1721/2569 1566/1913/2569 1404/1732/2569
f 1404/1732/2570 1566/1913/2570 1569/1916/2570
f 1404/1732/2571 1569/1916/2571 1405/1733/2571
f 1405/1733/2572 1569/1916/2572 1571/1918/2572
f 1405/1733/2573 1571/1918/2573 1406/1734/2573
f 1406/1734/2574 1571/1918/2574 1573/1920/2574
f 1406/1734/2575 1573/1920/2575 1581/1930/2575
f 1698/2063/2576 1420/1753/2576 1331/1657/2576
f 1331/1657/2577 1420/1753/2577 1332/1658/2577
f 1698/2063/2578 1699/2064/2578 1420/1753/2578
f 1420/1753/2579 1699/2064/2579 1700/2065/2579
f 1420/1753/2580 1700/2065/2580 1390/1718/2580
f 1390/1718/2581 1700/2065/2581 1701/2066/2581
f 1390/1718/2582 1701/2066/2582 1557/1904/2582
f 1557/1904/2583 1701/2066/2583 1702/2067/2583
f 1557/1904/2584 1702/2067/2584 1559/1906/2584
f 1436/1769/2585 1528/1873/2585 1530/1875/2585
f 1439/1772/2586 1533/1878/2586 1535/1880/2586
f 1427/1760/2587 1424/1757/2587 1703/2068/2587
f 1551/1898/2588 1332/1658/2588 1420/1753/2588
f 1420/1753/2588 1457/1792/2588 1551/1898/2588
f 1551/1898/2589 1457/1792/2589 1456/1791/2589
f 1551/1898/2590 1456/1791/2590 1552/1899/2590
f 1552/1899/2591 1456/1791/2591 1553/1900/2591
f 1553/1900/2592 1456/1791/2592 1453/1788/2592
f 1553/1900/2592 1453/1788/2592 1546/1893/2592
f 1546/1893/2593 1453/1788/2593 1452/1787/2593
f 1546/1893/2594 1452/1787/2594 1548/1895/2594
f 1548/1895/2595 1452/1787/2595 1451/1786/2595
f 1548/1895/2596 1451/1786/2596 1549/1896/2596
f 1549/1896/2597 1451/1786/2597 1450/1785/2597
f 1549/1896/2598 1450/1785/2598 1543/1890/2598
f 1543/1890/2599 1450/1785/2599 1540/1887/2599
f 1540/1887/2600 1450/1785/2600 1449/1784/2600
f 1540/1887/2601 1449/1784/2601 1538/1885/2601
f 1538/1885/2602 1449/1784/2602 1537/1884/2602
f 1537/1884/2603 1449/1784/2603 1445/1780/2603
f 1537/119/2604 1445/119/2604 1535/119/2604
f 1535/1881/2605 1445/1780/2605 1441/1776/2605
f 1535/1880/2606 1441/1774/2606 1439/1772/2606
f 1533/1878/2607 1439/1772/2607 1531/1876/2607
f 1531/1876/2608 1439/1772/2608 1438/1771/2608
f 1531/1876/2609 1438/1771/2609 1530/1875/2609
f 1530/1875/2610 1438/1771/2610 1437/1770/2610
f 1530/1875/2611 1437/1770/2611 1436/1769/2611
f 1528/1873/2612 1436/1769/2612 1525/1870/2612
f 1525/1870/2613 1436/1769/2613 1435/1768/2613
f 1525/1870/2614 1435/1768/2614 1523/1868/2614
f 1523/1868/2615 1435/1768/2615 1431/1764/2615
f 1523/1868/2616 1431/1764/2616 1522/1867/2616
f 1522/1867/2617 1431/1764/2617 1433/1766/2617
f 1522/1867/2618 1433/1766/2618 1521/1866/2618
f 1521/1866/2619 1433/1766/2619 1427/1760/2619
f 1521/1866/2620 1427/1760/2620 1519/1864/2620
f 1519/1864/2621 1427/1760/2621 1703/2068/2621
f 1519/1864/2622 1703/2068/2622 1518/1861/2622
f 1380/1863/2623 1518/1861/2623 1381/1793/2623
f 1381/1793/2624 1518/1861/2624 1703/2068/2624
f 1381/1793/2625 1703/2068/2625 1424/1757/2625
f 1337/1794/2626 1423/1756/2626 1339/1950/2626
f 1339/1950/2626 1423/1756/2626 1597/1948/2626
f 1455/1790/2627 1421/1754/2627 1635/1990/2627
f 1428/1761/2628 1600/1953/2628 1422/1755/2628
f 1422/1755/2629 1600/1953/2629 1597/1948/2629
f 1422/1755/2630 1597/1948/2630 1423/1756/2630
f 1432/1765/2631 1613/1966/2631 1434/1767/2631
f 1434/1767/2632 1613/1966/2632 1606/1959/2632
f 1434/1767/2633 1606/1959/2633 1425/1758/2633
f 1425/1758/2634 1606/1959/2634 1604/1957/2634
f 1425/1758/2635 1604/1957/2635 1426/1759/2635
f 1426/1759/2636 1604/1957/2636 1603/1956/2636
f 1426/1759/2637 1603/1956/2637 1428/1761/2637
f 1428/1761/2638 1603/1956/2638 1601/1954/2638
f 1428/1761/2639 1601/1954/2639 1600/1953/2639
f 1448/1783/2640 1619/1974/2640 1442/1777/2640
f 1442/1777/2641 1619/1974/2641 1617/1972/2641
f 1442/1777/2642 1617/1972/2642 1440/1775/2642
f 1440/119/2643 1617/119/2643 1615/119/2643
f 1440/1773/2644 1615/1968/2644 1429/1762/2644
f 1429/1762/2645 1615/1968/2645 1614/1967/2645
f 1429/1762/2646 1614/1967/2646 1430/1763/2646
f 1430/1763/2647 1614/1967/2647 1610/1963/2647
f 1430/1763/2648 1610/1963/2648 1432/1765/2648
f 1432/1765/2649 1610/1963/2649 1612/1965/2649
f 1432/1765/2650 1612/1965/2650 1613/1966/2650
f 1635/1990/2651 1634/1989/2651 1455/1790/2651
f 1455/1790/2652 1634/1989/2652 1632/1987/2652
f 1455/1790/2653 1632/1987/2653 1454/1789/2653
f 1454/1789/2654 1632/1987/2654 1630/1985/2654
f 1454/1789/2655 1630/1985/2655 1443/1778/2655
f 1443/1778/2656 1630/1985/2656 1628/1983/2656
f 1443/1778/2657 1628/1983/2657 1444/1779/2657
f 1444/1779/2658 1628/1983/2658 1626/1981/2658
f 1444/1779/2659 1626/1981/2659 1446/1781/2659
f 1446/1781/2660 1626/1981/2660 1624/1979/2660
f 1446/1781/2661 1624/1979/2661 1447/1782/2661
f 1447/1782/2662 1624/1979/2662 1622/1977/2662
f 1447/1782/2663 1622/1977/2663 1448/1783/2663
f 1448/1783/2664 1622/1977/2664 1620/1975/2664
f 1448/1783/2665 1620/1975/2665 1619/1974/2665
f 1421/1754/2666 1392/1720/2666 1635/1990/2666
f 1635/1990/2666 1392/1720/2666 1637/1992/2666
f 1411/1743/2667 1663/2069/2667 1662/2070/2667
f 1400/1728/2668 1658/2071/2668 1656/2011/2668
f 1417/1750/2669 1384/1712/2669 1704/2072/2669
f 1639/1994/2670 1637/1992/2670 1392/1720/2670
f 1392/1720/2670 1391/1719/2670 1639/1994/2670
f 1639/1994/2671 1391/1719/2671 1389/1717/2671
f 1639/1994/2672 1389/1717/2672 1640/1995/2672
f 1640/1995/2673 1389/1717/2673 1642/1997/2673
f 1642/1997/2674 1389/1717/2674 1387/1715/2674
f 1642/1997/2674 1387/1715/2674 1643/1998/2674
f 1643/1998/2675 1387/1715/2675 1398/1726/2675
f 1643/1998/2676 1398/1726/2676 1645/2000/2676
f 1645/2000/2677 1398/1726/2677 1397/1725/2677
f 1645/2000/2678 1397/1725/2678 1647/2002/2678
f 1647/2002/2679 1397/1725/2679 1396/1724/2679
f 1647/2002/2680 1396/1724/2680 1648/2003/2680
f 1648/2003/2681 1396/1724/2681 1650/2005/2681
f 1650/2005/2682 1396/1724/2682 1395/1723/2682
f 1650/2005/2683 1395/1723/2683 1653/2008/2683
f 1653/2008/2684 1395/1723/2684 1394/1722/2684
f 1653/2008/2685 1394/1722/2685 1655/2010/2685
f 1655/119/2686 1394/119/2686 1656/119/2686
f 1656/2011/2687 1394/1722/2687 1402/1730/2687
f 1656/2011/2688 1402/1730/2688 1400/1728/2688
f 1658/2073/2689 1400/1746/2689 1660/2074/2689
f 1660/2074/2690 1400/1746/2690 1413/1745/2690
f 1660/2074/2691 1413/1745/2691 1662/2070/2691
f 1662/2070/2692 1413/1745/2692 1412/1744/2692
f 1662/2070/2693 1412/1744/2693 1411/1743/2693
f 1663/2069/2694 1411/1743/2694 1665/2075/2694
f 1665/2075/2695 1411/1743/2695 1410/1742/2695
f 1665/2075/2696 1410/1742/2696 1667/2076/2696
f 1667/2076/2697 1410/1742/2697 1407/1735/2697
f 1667/2076/2698 1407/1735/2698 1669/2077/2698
f 1669/2077/2699 1407/1735/2699 1416/1749/2699
f 1669/2077/2700 1416/1749/2700 1674/2034/2700
f 1674/2034/2701 1416/1749/2701 1417/1750/2701
f 1674/2034/2702 1417/1750/2702 1673/2032/2702
f 1673/2032/2703 1417/1750/2703 1704/2072/2703
f 1673/2032/2704 1704/2072/2704 1671/2030/2704
f 1357/2037/2705 1671/2030/2705 1359/1796/2705
f 1359/1796/2706 1671/2030/2706 1704/2072/2706
f 1359/1796/2707 1704/2072/2707 1384/1712/2707
f 1705/2078/2708 1706/2079/2708 1707/2080/2708
f 1465/1806/2709 1347/1798/2709 1708/2081/2709
f 1708/2081/2710 1347/1798/2710 1707/2082/2710
f 1708/2081/2711 1707/2082/2711 1709/2083/2711
f 1709/2083/2712 1707/2082/2712 1706/2084/2712
f 1707/2085/2713 1710/2086/2713 1705/2087/2713
f 1705/2078/2714 1710/2088/2714 1341/1951/2714
f 1705/2078/2715 1341/1951/2715 1598/1949/2715
f 1705/2078/2716 1598/1949/2716 1599/1952/2716
f 1711/2089/2717 1712/2090/2717 1713/2091/2717
f 1712/119/2718 1711/119/2718 1714/119/2718
f 1715/2092/2719 1706/2079/2719 1705/2078/2719
f 1706/2084/2720 1715/2093/2720 1709/2083/2720
f 1469/1810/2721 1465/1806/2721 1708/2081/2721
f 1705/2078/2722 1599/1952/2722 1715/2092/2722
f 1715/2092/2723 1599/1952/2723 1602/1955/2723
f 1715/2092/2724 1602/1955/2724 1716/2094/2724
f 1602/1955/2725 1605/1958/2725 1716/2094/2725
f 1716/2094/2726 1605/1958/2726 1607/1960/2726
f 1716/2094/2727 1607/1960/2727 1717/2095/2727
f 1607/1960/2728 1611/1964/2728 1717/2095/2728
f 1717/2095/2729 1611/1964/2729 1609/1962/2729
f 1717/2095/2730 1609/1962/2730 1718/2096/2730
f 1609/1962/2731 1608/1961/2731 1718/2096/2731
f 1718/2097/2732 1608/1969/2732 1616/1971/2732
f 1718/2097/2733 1616/1971/2733 1719/2098/2733
f 1616/1971/2734 1618/1973/2734 1719/2098/2734
f 1719/2098/2735 1618/1973/2735 1621/1976/2735
f 1719/2098/2736 1621/1976/2736 1720/2099/2736
f 1621/1976/2737 1623/1978/2737 1720/2099/2737
f 1720/2099/2738 1623/1978/2738 1625/1980/2738
f 1720/2099/2739 1625/1980/2739 1721/2100/2739
f 1625/1980/2740 1627/1982/2740 1721/2100/2740
f 1721/2100/2741 1627/1982/2741 1629/1984/2741
f 1721/2100/2742 1629/1984/2742 1713/2091/2742
f 1713/2091/2743 1629/1984/2743 1631/1986/2743
f 1713/2091/2744 1631/1986/2744 1711/2089/2744
f 1711/2089/2745 1631/1986/2745 1633/1988/2745
f 1722/2101/2746 1464/1805/2746 1723/2102/2746
f 1723/2102/2747 1464/1805/2747 1463/1804/2747
f 1723/2102/2747 1463/1804/2747 1724/2103/2747
f 1724/2103/2748 1463/1804/2748 1474/1815/2748
f 1724/2103/2749 1474/1815/2749 1725/2104/2749
f 1725/2104/2750 1474/1815/2750 1473/1814/2750
f 1725/2104/2751 1473/1814/2751 1726/2105/2751
f 1726/2105/2752 1473/1814/2752 1472/1813/2752
f 1726/2105/2753 1472/1813/2753 1727/2106/2753
f 1727/2106/2754 1472/1813/2754 1471/1812/2754
f 1727/2106/2755 1471/1812/2755 1728/2107/2755
f 1728/2107/2756 1471/1812/2756 1470/1811/2756
f 1728/2107/2757 1470/1811/2757 1729/2108/2757
f 1729/2108/2758 1470/1811/2758 1469/1810/2758
f 1729/2108/2759 1469/1810/2759 1730/2109/2759
f 1730/2109/2760 1469/1810/2760 1708/2081/2760
f 1730/2109/2761 1708/2081/2761 1709/2083/2761
f 1709/2083/2762 1715/2093/2762 1730/2109/2762
f 1730/2109/2763 1715/2093/2763 1716/2110/2763
f 1730/2109/2764 1716/2110/2764 1729/2108/2764
f 1729/2108/2765 1716/2110/2765 1717/2111/2765
f 1729/2108/2766 1717/2111/2766 1728/2107/2766
f 1728/2107/2767 1717/2111/2767 1718/2112/2767
f 1728/2107/2768 1718/2112/2768 1727/2106/2768
f 1727/2106/2769 1718/2112/2769 1719/2113/2769
f 1727/2106/2770 1719/2113/2770 1726/2105/2770
f 1726/2105/2771 1719/2113/2771 1720/2114/2771
f 1726/2105/2772 1720/2114/2772 1725/2104/2772
f 1725/2104/2773 1720/2114/2773 1721/2115/2773
f 1725/2104/2774 1721/2115/2774 1724/2103/2774
f 1724/2103/2775 1721/2115/2775 1713/2116/2775
f 1724/2103/2776 1713/2116/2776 1723/2102/2776
f 1723/2102/2777 1713/2116/2777 1712/2117/2777
f 1723/2102/2778 1712/2117/2778 1722/2101/2778
f 1722/2101/2779 1712/2117/2779 1731/2118/2779
f 1722/119/2780 1731/119/2780 1732/119/2780
f 1732/2119/2781 1467/2120/2781 1722/2121/2781
f 1722/119/2782 1467/119/2782 1466/119/2782
f 1722/2101/2783 1466/1807/2783 1464/1805/2783
f 1461/1802/2784 1467/1808/2784 1733/2122/2784
f 1733/2122/2785 1467/1808/2785 1732/2123/2785
f 1733/2122/2786 1732/2123/2786 1734/2124/2786
f 1734/2124/2787 1732/2123/2787 1731/2118/2787
f 1734/2124/2787 1731/2118/2787 1735/2125/2787
f 1735/2125/2787 1731/2118/2787 1712/2117/2787
f 1735/2126/2788 1712/2090/2788 1736/2127/2788
f 1633/1988/2789 1636/1991/2789 1711/2089/2789
f 1711/2089/2790 1636/1991/2790 1736/2127/2790
f 1711/2089/2791 1736/2127/2791 1714/2128/2791
f 1714/2129/2792 1736/2130/2792 1712/2131/2792
f 1733/2122/2793 1734/2124/2793 1737/2132/2793
f 1736/2127/2794 1636/1991/2794 1638/1993/2794
f 1738/2133/2795 1739/2134/2795 1740/2135/2795
f 1740/119/2796 1739/119/2796 1741/119/2796
f 1742/2136/2797 1735/2126/2797 1736/2127/2797
f 1735/2125/2798 1742/2137/2798 1734/2124/2798
f 1462/1803/2799 1461/1802/2799 1733/2122/2799
f 1736/2127/2800 1638/1993/2800 1742/2136/2800
f 1742/2136/2801 1638/1993/2801 1641/1996/2801
f 1742/2136/2802 1641/1996/2802 1743/2138/2802
f 1641/1996/2803 1644/1999/2803 1743/2138/2803
f 1743/2138/2804 1644/1999/2804 1646/2001/2804
f 1743/2138/2805 1646/2001/2805 1744/2139/2805
f 1646/2001/2806 1649/2004/2806 1744/2139/2806
f 1744/2140/2807 1649/2141/2807 1651/2142/2807
f 1744/2140/2808 1651/2142/2808 1745/2143/2808
f 1651/2142/2809 1652/2144/2809 1745/2143/2809
f 1745/2143/2810 1652/2144/2810 1654/2012/2810
f 1745/2143/2811 1654/2012/2811 1746/2145/2811
f 1654/2012/2812 1657/2014/2812 1746/2145/2812
f 1746/2145/2813 1657/2014/2813 1659/2016/2813
f 1746/2145/2814 1659/2016/2814 1747/2146/2814
f 1659/2016/2815 1661/2018/2815 1747/2146/2815
f 1747/2146/2816 1661/2018/2816 1664/2021/2816
f 1747/2146/2817 1664/2021/2817 1748/2147/2817
f 1664/2021/2818 1666/2023/2818 1748/2147/2818
f 1748/2147/2819 1666/2023/2819 1668/2025/2819
f 1748/2147/2820 1668/2025/2820 1738/2133/2820
f 1738/2133/2821 1668/2025/2821 1670/2148/2821
f 1738/2133/2822 1670/2148/2822 1739/2134/2822
f 1739/2134/2823 1670/2148/2823 1672/2149/2823
f 1734/2124/2824 1742/2137/2824 1737/2132/2824
f 1737/2132/2825 1742/2137/2825 1743/2150/2825
f 1737/2132/2826 1743/2150/2826 1749/2151/2826
f 1749/2151/2827 1743/2150/2827 1744/2140/2827
f 1749/2151/2828 1744/2140/2828 1750/2152/2828
f 1750/2152/2829 1744/2140/2829 1745/2143/2829
f 1750/2152/2830 1745/2143/2830 1751/2153/2830
f 1751/2153/2831 1745/2143/2831 1746/2145/2831
f 1751/2153/2832 1746/2145/2832 1752/2154/2832
f 1752/2154/2833 1746/2145/2833 1747/2146/2833
f 1752/2154/2834 1747/2146/2834 1753/2155/2834
f 1753/2155/2835 1747/2146/2835 1748/2147/2835
f 1753/2155/2836 1748/2147/2836 1754/2156/2836
f 1754/2156/2837 1748/2147/2837 1738/2133/2837
f 1754/2156/2838 1738/2133/2838 1755/2157/2838
f 1755/2157/2839 1738/2133/2839 1740/2135/2839
f 1755/2157/2840 1740/2135/2840 1756/2158/2840
f 1756/2158/2841 1740/2135/2841 1757/2159/2841
f 1756/119/2841 1757/119/2841 1758/119/2841
f 1733/2122/2799 1737/2132/2799 1462/1803/2799
f 1462/1803/2842 1737/2132/2842 1749/2151/2842
f 1462/1803/2842 1749/2151/2842 1477/1818/2842
f 1477/1818/2843 1749/2151/2843 1750/2152/2843
f 1477/1818/2844 1750/2152/2844 1475/1816/2844
f 1475/1816/2845 1750/2152/2845 1751/2153/2845
f 1475/1816/2846 1751/2153/2846 1476/1817/2846
f 1476/1817/2847 1751/2153/2847 1752/2154/2847
f 1476/1817/2848 1752/2154/2848 1478/1819/2848
f 1478/1819/2849 1752/2154/2849 1753/2155/2849
f 1478/1819/2850 1753/2155/2850 1479/1820/2850
f 1479/1820/2851 1753/2155/2851 1754/2156/2851
f 1479/1820/2852 1754/2156/2852 1460/1801/2852
f 1460/1801/2853 1754/2156/2853 1755/2157/2853
f 1460/1801/2854 1755/2157/2854 1468/1809/2854
f 1468/1809/2855 1755/2157/2855 1756/2158/2855
f 1468/1809/2856 1756/2158/2856 1459/1800/2856
f 1459/2160/2857 1756/2161/2857 1758/2162/2857
f 1459/119/2858 1758/119/2858 1458/119/2858
f 1349/1797/2859 1458/1799/2859 1759/2163/2859
f 1759/2163/2859 1458/1799/2859 1758/2164/2859
f 1759/2163/2860 1758/2164/2860 1760/2165/2860
f 1760/2165/2861 1758/2164/2861 1757/2159/2861
f 1760/2165/2860 1757/2159/2860 1740/2135/2860
f 1672/2149/2862 1355/2166/2862 1739/2134/2862
f 1739/2134/2862 1355/2166/2862 1760/2165/2862
f 1739/2134/2862 1760/2165/2862 1741/2167/2862
f 1741/2167/2863 1760/2165/2863 1740/2135/2863
f 1334/1660/2864 1761/2168/2864 1335/1661/2864
f 1335/1661/2865 1761/2168/2865 1762/2169/2865
f 1335/1661/2866 1762/2169/2866 1763/2170/2866
f 1763/2170/2867 1764/2171/2867 1335/1661/2867
f 1335/1661/2867 1764/2171/2867 1697/2061/2867
f 1335/1661/2868 1697/2061/2868 1330/1656/2868
f 1330/1656/2869 1697/2061/2869 1696/2060/2869
f 1330/1656/2870 1696/2060/2870 1331/1657/2870
f 1331/1657/2871 1696/2060/2871 1694/2058/2871
f 1331/1657/2871 1694/2058/2871 1692/2056/2871
f 1689/2053/2872 1559/1906/2872 1702/2067/2872
f 1689/2053/2873 1702/2067/2873 1690/2054/2873
f 1690/2054/2874 1702/2067/2874 1701/2066/2874
f 1690/2054/2875 1701/2066/2875 1679/2043/2875
f 1679/2043/2876 1701/2066/2876 1700/2065/2876
f 1679/2043/2877 1700/2065/2877 1681/2045/2877
f 1681/2045/2878 1700/2065/2878 1682/2046/2878
f 1682/2046/2879 1700/2065/2879 1699/2064/2879
f 1682/2046/2880 1699/2064/2880 1677/2041/2880
f 1677/2041/2881 1699/2064/2881 1698/2063/2881
f 1677/2041/2882 1698/2063/2882 1691/2055/2882
f 1691/2055/2883 1698/2063/2883 1331/1657/2883
f 1691/2055/2884 1331/1657/2884 1692/2056/2884
f 1765/2172/2885 1766/2173/2885 1556/1903/2885
f 1556/1903/2886 1766/2173/2886 1767/2174/2886
f 1556/1903/2887 1767/2174/2887 1554/1901/2887
f 1559/1906/2888 1689/2053/2888 1558/1905/2888
f 1558/1905/2889 1689/2053/2889 1687/2051/2889
f 1687/2051/2889 1686/2050/2889 1558/1905/2889
f 1558/1905/2890 1686/2050/2890 1685/2049/2890
f 1558/1905/2891 1685/2049/2891 1556/1903/2891
f 1556/1903/2892 1685/2049/2892 1684/2048/2892
f 1556/1903/2893 1684/2048/2893 1765/2172/2893
f 1768/2175/2894 1769/2176/2894 1378/1862/2894
f 1378/1862/2895 1769/2176/2895 1517/1860/2895
f 1770/2177/2896 1771/2178/2896 1768/2179/2896
f 1768/2179/2897 1771/2178/2897 1772/2180/2897
f 1768/2175/2898 1772/2181/2898 1769/2176/2898
f 1768/2179/2899 1773/2182/2899 1770/2177/2899
f 1770/2177/2900 1773/2182/2900 1372/1823/2900
f 1770/2177/2901 1372/1823/2901 1501/1844/2901
f 1774/119/2902 1775/119/2902 1776/119/2902
f 1777/119/2903 1778/119/2903 1779/119/2903
f 1777/2183/2904 1333/1659/2904 1550/1897/2904
f 1778/2184/2905 1777/2183/2905 1780/2185/2905
f 1781/2186/2906 1524/1869/2906 1782/2187/2906
f 1782/2187/2907 1524/1869/2907 1520/1865/2907
f 1520/1865/2908 1517/1860/2908 1769/2176/2908
f 1774/2188/2909 1776/2189/2909 1499/2190/2909
f 1777/2183/2910 1550/1897/2910 1780/2185/2910
f 1780/2185/2911 1550/1897/2911 1545/1892/2911
f 1780/2185/2912 1545/1892/2912 1783/2191/2912
f 1545/1892/2913 1547/1894/2913 1783/2191/2913
f 1783/2191/2914 1547/1894/2914 1544/1891/2914
f 1783/2191/2915 1544/1891/2915 1784/2192/2915
f 1544/1891/2916 1542/1889/2916 1784/2192/2916
f 1784/2192/2917 1542/1889/2917 1541/1888/2917
f 1784/2192/2918 1541/1888/2918 1785/2193/2918
f 1541/1888/2919 1539/1886/2919 1785/2193/2919
f 1785/2193/2920 1539/1886/2920 1536/1883/2920
f 1785/2193/2921 1536/1883/2921 1786/2194/2921
f 1536/1883/2922 1534/1882/2922 1786/2194/2922
f 1786/2195/2923 1534/1879/2923 1532/1877/2923
f 1786/2195/2924 1532/1877/2924 1787/2196/2924
f 1532/1877/2925 1529/1874/2925 1787/2196/2925
f 1787/2196/2926 1529/1874/2926 1527/1872/2926
f 1787/2196/2927 1527/1872/2927 1781/2186/2927
f 1781/2186/2928 1527/1872/2928 1526/1871/2928
f 1781/2186/2929 1526/1871/2929 1524/1869/2929
f 1775/2197/2930 1778/2198/2930 1776/2199/2930
f 1776/2199/2931 1778/2198/2931 1780/2200/2931
f 1776/2199/2932 1780/2200/2932 1788/2201/2932
f 1788/2201/2933 1780/2200/2933 1783/2202/2933
f 1788/2201/2934 1783/2202/2934 1789/2203/2934
f 1789/2203/2935 1783/2202/2935 1784/2204/2935
f 1789/2203/2936 1784/2204/2936 1790/2205/2936
f 1790/2205/2937 1784/2204/2937 1785/2206/2937
f 1790/2205/2938 1785/2206/2938 1791/2207/2938
f 1791/2207/2939 1785/2206/2939 1786/2208/2939
f 1791/2207/2940 1786/2208/2940 1792/2209/2940
f 1792/2209/2941 1786/2208/2941 1787/2210/2941
f 1792/2209/2942 1787/2210/2942 1793/2211/2942
f 1793/2211/2943 1787/2210/2943 1781/2212/2943
f 1793/2211/2944 1781/2212/2944 1794/2213/2944
f 1794/2213/2945 1781/2212/2945 1782/2214/2945
f 1794/2213/2946 1782/2214/2946 1795/2215/2946
f 1520/1865/2947 1769/2176/2947 1782/2187/2947
f 1782/2187/2948 1769/2176/2948 1772/2181/2948
f 1782/2214/2949 1772/2180/2949 1795/2215/2949
f 1795/2215/2950 1772/2180/2950 1771/2178/2950
f 1795/2215/2951 1771/2178/2951 1770/2177/2951
f 1499/119/2952 1776/119/2952 1500/119/2952
f 1500/1843/2953 1776/2199/2953 1788/2201/2953
f 1500/1843/2954 1788/2201/2954 1502/1845/2954
f 1502/1845/2955 1788/2201/2955 1789/2203/2955
f 1502/1845/2955 1789/2203/2955 1514/1857/2955
f 1514/1857/2956 1789/2203/2956 1790/2205/2956
f 1514/1857/2956 1790/2205/2956 1512/1855/2956
f 1512/1855/2957 1790/2205/2957 1791/2207/2957
f 1512/1855/2958 1791/2207/2958 1513/1856/2958
f 1513/1856/2959 1791/2207/2959 1792/2209/2959
f 1513/1856/2960 1792/2209/2960 1515/1858/2960
f 1515/1858/2961 1792/2209/2961 1793/2211/2961
f 1515/1858/2962 1793/2211/2962 1516/1859/2962
f 1516/1859/2963 1793/2211/2963 1794/2213/2963
f 1516/1859/2964 1794/2213/2964 1504/1847/2964
f 1504/1847/2965 1794/2213/2965 1795/2215/2965
f 1504/1847/2966 1795/2215/2966 1503/1846/2966
f 1503/1846/2951 1795/2215/2951 1770/2177/2951
f 1503/1846/2967 1770/2177/2967 1501/1844/2967
f 1334/1660/2968 1333/1659/2968 1777/2183/2968
f 1334/1660/2969 1777/2183/2969 1796/2216/2969
f 1796/2216/2970 1777/2183/2970 1779/2217/2970
f 1796/2218/2971 1779/2219/2971 1797/2220/2971
f 1797/2220/2972 1779/2219/2972 1778/2198/2972
f 1797/2220/2973 1778/2198/2973 1798/2221/2973
f 1798/2221/2974 1778/2198/2974 1775/2197/2974
f 1798/2221/2975 1775/2197/2975 1799/2222/2975
f 1799/2222/2976 1775/2197/2976 1774/2223/2976
f 1799/2222/2977 1774/2223/2977 1800/2224/2977
f 1800/2224/2978 1774/2223/2978 1499/1842/2978
f 1800/2224/2979 1499/1842/2979 1492/1835/2979
f 1764/2171/2980 1763/2170/2980 1801/2225/2980
f 1802/2226/2981 1761/2168/2981 1334/1660/2981
f 1492/1835/2982 1491/1834/2982 1800/2224/2982
f 1800/2224/2983 1491/1834/2983 1803/2227/2983
f 1800/2224/2984 1803/2227/2984 1799/2222/2984
f 1799/2222/2985 1803/2227/2985 1804/2228/2985
f 1334/1660/2986 1796/2216/2986 1802/2226/2986
f 1802/2229/2987 1796/2218/2987 1797/2220/2987
f 1802/2226/2988 1797/2230/2988 1804/2231/2988
f 1804/2228/2989 1797/2220/2989 1798/2221/2989
f 1804/2228/2990 1798/2221/2990 1799/2222/2990
f 1762/2169/2991 1761/2168/2991 1805/2232/2991
f 1805/2232/2992 1761/2168/2992 1802/2226/2992
f 1805/2232/2993 1802/2226/2993 1806/2233/2993
f 1806/2233/2994 1802/2226/2994 1804/2231/2994
f 1806/2234/2995 1804/2228/2995 1807/2235/2995
f 1807/2235/2996 1804/2228/2996 1803/2227/2996
f 1807/2235/2997 1803/2227/2997 1490/1833/2997
f 1490/1833/2998 1803/2227/2998 1491/1834/2998
f 1763/2170/2999 1762/2169/2999 1801/2225/2999
f 1801/2225/3000 1762/2169/3000 1805/2232/3000
f 1801/2225/3001 1805/2232/3001 1808/2236/3001
f 1808/2236/3002 1805/2232/3002 1806/2233/3002
f 1808/2237/3003 1806/2234/3003 1809/2238/3003
f 1809/2238/3004 1806/2234/3004 1807/2235/3004
f 1809/2238/3005 1807/2235/3005 1481/1822/3005
f 1481/1822/3006 1807/2235/3006 1490/1833/3006
f 1697/2061/3007 1764/2171/3007 1810/2239/3007
f 1810/2239/3008 1764/2171/3008 1801/2225/3008
f 1810/2239/3009 1801/2225/3009 1811/2240/3009
f 1811/2240/3010 1801/2225/3010 1808/2236/3010
f 1811/2241/3011 1808/2237/3011 1812/2242/3011
f 1812/2242/3012 1808/2237/3012 1809/2238/3012
f 1812/2242/3013 1809/2238/3013 1480/1821/3013
f 1480/1821/3014 1809/2238/3014 1481/1822/3014
f 1813/2243/3015 1684/2048/3015 1683/2047/3015
f 1814/2244/3016 1813/2243/3016 1815/2245/3016
f 1816/2246/3017 1814/2247/3017 1817/2248/3017
f 1497/1840/3018 1816/2246/3018 1818/2249/3018
f 1813/2243/3019 1683/2047/3019 1815/2245/3019
f 1815/2245/3020 1683/2047/3020 1688/2052/3020
f 1815/2245/3020 1688/2052/3020 1819/2250/3020
f 1688/2052/3021 1678/2042/3021 1819/2250/3021
f 1819/2250/3022 1678/2042/3022 1680/2044/3022
f 1819/2250/3022 1680/2044/3022 1820/2251/3022
f 1820/2251/3023 1680/2044/3023 1676/2040/3023
f 1820/2251/3023 1676/2040/3023 1821/2252/3023
f 1697/2061/3024 1810/2239/3024 1695/2059/3024
f 1695/2059/3025 1810/2239/3025 1822/2253/3025
f 1695/2059/3026 1822/2253/3026 1693/2057/3026
f 1693/2057/3027 1822/2253/3027 1821/2252/3027
f 1693/2057/3028 1821/2252/3028 1675/2039/3028
f 1675/2039/3023 1821/2252/3023 1676/2040/3023
f 1814/2244/3029 1815/2245/3029 1817/2254/3029
f 1817/2254/3030 1815/2245/3030 1819/2250/3030
f 1817/2254/3031 1819/2250/3031 1823/2255/3031
f 1823/2255/3032 1819/2250/3032 1820/2251/3032
f 1823/2255/3032 1820/2251/3032 1824/2256/3032
f 1824/2256/3033 1820/2251/3033 1821/2252/3033
f 1824/2256/3033 1821/2252/3033 1825/2257/3033
f 1825/2257/3034 1821/2252/3034 1822/2253/3034
f 1825/2257/3034 1822/2253/3034 1826/2258/3034
f 1826/2258/3035 1822/2253/3035 1810/2239/3035
f 1826/2258/3036 1810/2239/3036 1811/2240/3036
f 1816/2246/3037 1817/2248/3037 1818/2249/3037
f 1818/2249/3038 1817/2248/3038 1823/2259/3038
f 1818/2249/3038 1823/2259/3038 1827/2260/3038
f 1827/2260/3039 1823/2259/3039 1824/2261/3039
f 1827/2260/3040 1824/2261/3040 1828/2262/3040
f 1828/2262/3041 1824/2261/3041 1825/2263/3041
f 1828/2262/3042 1825/2263/3042 1829/2264/3042
f 1829/2264/3043 1825/2263/3043 1826/2265/3043
f 1829/2264/3044 1826/2265/3044 1830/2266/3044
f 1830/2266/3045 1826/2265/3045 1811/2241/3045
f 1830/2266/3046 1811/2241/3046 1812/2242/3046
f 1497/1840/3018 1818/2249/3018 1498/1841/3018
f 1498/1841/3047 1818/2249/3047 1827/2260/3047
f 1498/1841/3047 1827/2260/3047 1509/1852/3047
f 1509/1852/3048 1827/2260/3048 1828/2262/3048
f 1509/1852/3048 1828/2262/3048 1510/1853/3048
f 1510/1853/3049 1828/2262/3049 1829/2264/3049
f 1510/1853/3049 1829/2264/3049 1511/1854/3049
f 1511/1854/3050 1829/2264/3050 1830/2266/3050
f 1511/1854/3051 1830/2266/3051 1489/1832/3051
f 1489/1832/3052 1830/2266/3052 1812/2242/3052
f 1489/1832/3052 1812/2242/3052 1480/1821/3052
f 1814/2247/3053 1816/2246/3053 1831/2267/3053
f 1813/2243/3054 1814/2244/3054 1832/2268/3054
f 1684/2048/3055 1813/2243/3055 1833/2269/3055
f 1814/2247/3056 1831/2267/3056 1832/2270/3056
f 1832/2270/3057 1831/2267/3057 1834/2271/3057
f 1832/2270/3058 1834/2271/3058 1835/2272/3058
f 1835/2272/3059 1834/2271/3059 1836/2273/3059
f 1835/2272/3060 1836/2273/3060 1837/2274/3060
f 1482/1824/3061 1836/2273/3061 1483/1825/3061
f 1483/1825/3062 1836/2273/3062 1834/2271/3062
f 1483/1825/3063 1834/2271/3063 1484/1827/3063
f 1484/1827/3064 1834/2271/3064 1831/2267/3064
f 1484/1827/3065 1831/2267/3065 1496/1839/3065
f 1496/1839/3066 1831/2267/3066 1816/2246/3066
f 1496/1839/3067 1816/2246/3067 1497/1840/3067
f 1482/1824/3068 1838/2275/3068 1836/2273/3068
f 1836/2273/3069 1838/2275/3069 1839/2276/3069
f 1836/2273/3070 1839/2276/3070 1837/2274/3070
f 1837/2274/3071 1839/2276/3071 1840/2277/3071
f 1837/2274/3072 1840/2277/3072 1841/2278/3072
f 1813/2243/3073 1832/2268/3073 1833/2269/3073
f 1833/2269/3074 1832/2268/3074 1835/2279/3074
f 1833/2269/3075 1835/2279/3075 1842/2280/3075
f 1842/2280/3076 1835/2279/3076 1837/2281/3076
f 1842/2280/3077 1837/2281/3077 1843/2282/3077
f 1843/2282/3078 1837/2281/3078 1841/2283/3078
f 1843/2284/3079 1841/2285/3079 1844/2286/3079
f 1684/2048/3080 1833/2269/3080 1765/2172/3080
f 1765/2172/3081 1833/2269/3081 1842/2280/3081
f 1765/2172/3082 1842/2280/3082 1766/2173/3082
f 1766/2173/3083 1842/2280/3083 1843/2282/3083
f 1766/2173/3084 1843/2282/3084 1767/2174/3084
f 1767/2174/3085 1843/2282/3085 1844/2287/3085
f 1767/2174/3086 1844/2287/3086 1554/1901/3086
f 1482/1824/2979 1487/1830/2979 1838/2275/2979
f 1838/2275/3087 1487/1830/3087 1845/2288/3087
f 1838/2275/3088 1845/2288/3088 1839/2276/3088
f 1839/2276/3089 1845/2288/3089 1846/2289/3089
f 1839/2276/3090 1846/2289/3090 1840/2277/3090
f 1840/2277/3091 1846/2289/3091 1847/2290/3091
f 1840/2277/3092 1847/2290/3092 1841/2278/3092
f 1841/2283/3093 1847/2291/3093 1848/2292/3093
f 1841/2285/3094 1848/2293/3094 1844/2286/3094
f 1844/2287/3095 1848/2292/3095 1555/1902/3095
f 1844/2287/3096 1555/1902/3096 1554/1901/3096
f 1849/119/3097 1850/119/3097 1851/119/3097
f 1852/119/3098 1853/119/3098 1854/119/3098
f 1852/2294/3099 1592/1941/3099 1591/1940/3099
f 1853/2295/3100 1852/2294/3100 1855/2296/3100
f 1486/119/3101 1485/119/3101 1849/119/3101
f 1856/2297/3102 1565/1912/3102 1857/2298/3102
f 1857/2298/3103 1565/1912/3103 1562/1909/3103
f 1562/1909/3104 1555/1902/3104 1848/2292/3104
f 1852/2294/3105 1591/1940/3105 1855/2296/3105
f 1855/2296/3106 1591/1940/3106 1586/1935/3106
f 1855/2296/3107 1586/1935/3107 1858/2299/3107
f 1586/1935/3108 1588/1937/3108 1858/2299/3108
f 1858/2299/3109 1588/1937/3109 1585/1934/3109
f 1858/2299/3110 1585/1934/3110 1859/2300/3110
f 1585/1934/3111 1583/1932/3111 1859/2300/3111
f 1859/2300/3112 1583/1932/3112 1582/1931/3112
f 1859/2300/3113 1582/1931/3113 1860/2301/3113
f 1582/1931/3114 1577/1924/3114 1860/2301/3114
f 1860/2302/3115 1577/1926/3115 1579/1928/3115
f 1860/2302/3116 1579/1928/3116 1861/2303/3116
f 1579/1928/3117 1574/1921/3117 1861/2303/3117
f 1861/2303/3118 1574/1921/3118 1572/1919/3118
f 1861/2303/3119 1572/1919/3119 1862/2304/3119
f 1572/1919/3120 1570/1917/3120 1862/2304/3120
f 1862/2304/3121 1570/1917/3121 1568/1915/3121
f 1862/2304/3122 1568/1915/3122 1856/2297/3122
f 1856/2297/3123 1568/1915/3123 1567/1914/3123
f 1856/2297/3124 1567/1914/3124 1565/1912/3124
f 1850/2305/3125 1853/2306/3125 1851/2307/3125
f 1851/2307/3126 1853/2306/3126 1855/2308/3126
f 1851/2307/3127 1855/2308/3127 1863/2309/3127
f 1863/2309/3128 1855/2308/3128 1858/2310/3128
f 1863/2309/3129 1858/2310/3129 1864/2311/3129
f 1864/2311/3130 1858/2310/3130 1859/2312/3130
f 1864/2311/3131 1859/2312/3131 1865/2313/3131
f 1865/2313/3132 1859/2312/3132 1860/2314/3132
f 1865/2313/3133 1860/2314/3133 1866/2315/3133
f 1866/2315/3134 1860/2314/3134 1861/2316/3134
f 1866/2315/3135 1861/2316/3135 1867/2317/3135
f 1867/2317/3136 1861/2316/3136 1862/2318/3136
f 1867/2317/3137 1862/2318/3137 1868/2319/3137
f 1868/2319/3138 1862/2318/3138 1856/2320/3138
f 1868/2319/3139 1856/2320/3139 1869/2321/3139
f 1869/2321/3140 1856/2320/3140 1857/2322/3140
f 1869/2321/3141 1857/2322/3141 1870/2323/3141
f 1562/1909/3142 1848/2292/3142 1857/2298/3142
f 1857/2298/3143 1848/2292/3143 1847/2291/3143
f 1857/2322/3144 1847/2290/3144 1870/2323/3144
f 1870/2323/3145 1847/2290/3145 1846/2289/3145
f 1870/2323/3146 1846/2289/3146 1845/2288/3146
f 1849/2324/3147 1851/2325/3147 1486/2326/3147
f 1486/1829/3148 1851/2307/3148 1863/2309/3148
f 1486/1829/3149 1863/2309/3149 1488/1831/3149
f 1488/1831/3150 1863/2309/3150 1864/2311/3150
f 1488/1831/3151 1864/2311/3151 1493/1836/3151
f 1493/1836/3152 1864/2311/3152 1865/2313/3152
f 1493/1836/3153 1865/2313/3153 1494/1837/3153
f 1494/1837/3154 1865/2313/3154 1866/2315/3154
f 1494/1837/3155 1866/2315/3155 1495/1838/3155
f 1495/1838/3156 1866/2315/3156 1867/2317/3156
f 1495/1838/3157 1867/2317/3157 1505/1848/3157
f 1505/1848/3158 1867/2317/3158 1868/2319/3158
f 1505/1848/3159 1868/2319/3159 1506/1849/3159
f 1506/1849/3160 1868/2319/3160 1869/2321/3160
f 1506/1849/3160 1869/2321/3160 1508/1851/3160
f 1508/1851/3161 1869/2321/3161 1870/2323/3161
f 1508/1851/3162 1870/2323/3162 1507/1850/3162
f 1507/1850/3163 1870/2323/3163 1845/2288/3163
f 1507/1850/3163 1845/2288/3163 1487/1830/3163
f 1485/1828/3164 1370/1826/3164 1849/2327/3164
f 1849/2327/3165 1370/1826/3165 1871/2328/3165
f 1849/2327/3166 1871/2328/3166 1850/2305/3166
f 1364/1946/3167 1592/1941/3167 1852/2294/3167
f 1364/1946/3167 1852/2294/3167 1872/2329/3167
f 1872/2329/3168 1852/2294/3168 1854/2330/3168
f 1872/2331/3169 1854/2332/3169 1871/2328/3169
f 1871/2328/3170 1854/2332/3170 1853/2306/3170
f 1871/2328/3169 1853/2306/3169 1850/2305/3169
f 1873/2333/3171 1874/2334/3171 1875/2335/3171
f 1875/2335/3171 1874/2334/3171 1876/2336/3171
f 1875/2335/3171 1876/2336/3171 1877/2337/3171
f 1877/2337/3171 1876/2336/3171 1878/2338/3171
f 1879/2339/3172 1880/2340/3172 1881/2341/3172
f 1881/2341/3173 1880/2340/3173 1882/2342/3173
f 1881/2341/3174 1882/2342/3174 1883/2343/3174
f 1883/2343/3175 1882/2342/3175 1884/2344/3175
f 1883/2343/3176 1884/2344/3176 1885/2345/3176
f 1885/2345/3177 1884/2344/3177 1886/2346/3177
f 1885/2345/3178 1886/2346/3178 1887/2347/3178
f 1887/2347/3179 1886/2346/3179 1888/2348/3179
f 1887/2347/3180 1888/2348/3180 1889/2349/3180
f 1890/2350/3181 1891/2351/3181 1892/2352/3181
f 1888/2348/3182 1893/2353/3182 1889/2349/3182
f 1889/2349/3183 1893/2353/3183 1894/2354/3183
f 1889/2349/3184 1894/2354/3184 1895/2355/3184
f 1895/2355/3185 1894/2354/3185 1896/2356/3185
f 1895/2355/3186 1896/2356/3186 1897/2357/3186
f 1897/2357/3187 1896/2356/3187 1898/2358/3187
f 1897/2357/3188 1898/2358/3188 1899/2359/3188
f 1899/2360/3189 1898/2361/3189 1900/2362/3189
f 1899/2360/3190 1900/2362/3190 1901/2363/3190
f 1901/2363/3191 1900/2362/3191 1902/2364/3191
f 1901/2363/3192 1902/2364/3192 1903/2365/3192
f 1903/2365/3193 1902/2364/3193 1904/2366/3193
f 1903/2365/3194 1904/2366/3194 1892/2352/3194
f 1892/2352/3195 1904/2366/3195 1905/2367/3195
f 1892/2352/3196 1905/2367/3196 1890/2350/3196
f 1891/2351/3197 1890/2350/3197 1906/2368/3197
f 1906/2368/3198 1890/2350/3198 1907/2369/3198
f 1906/2368/3199 1907/2369/3199 1908/2370/3199
f 1908/2370/3200 1907/2369/3200 1909/2371/3200
f 1908/2370/3201 1909/2371/3201 1910/2372/3201
f 1880/2340/16 1879/2339/16 1911/2373/16
f 1911/2373/16 1879/2339/16 1912/2374/16
f 1913/2375/3202 1914/2376/3202 1915/2377/3202
f 1913/2375/3203 1915/2377/3203 1916/2378/3203
f 1916/2378/3204 1915/2377/3204 1917/2379/3204
f 1916/2378/3205 1917/2379/3205 1918/2380/3205
f 1918/2380/3206 1917/2379/3206 1919/2381/3206
f 1918/2380/3207 1919/2381/3207 1920/2382/3207
f 1921/2383/3208 1922/2384/3208 1923/2385/3208
f 1923/2385/3209 1922/2384/3209 1924/2386/3209
f 1923/2385/3210 1924/2386/3210 1925/2387/3210
f 1925/2387/3211 1924/2386/3211 1926/2388/3211
f 1925/2387/3212 1926/2388/3212 1927/2389/3212
f 1927/2390/3213 1926/2391/3213 1928/2392/3213
f 1927/2390/3214 1928/2392/3214 1929/2393/3214
f 1929/2393/3215 1928/2392/3215 1930/2394/3215
f 1929/2393/3216 1930/2394/3216 1931/2395/3216
f 1931/2395/3217 1930/2394/3217 1932/2396/3217
f 1931/2395/3218 1932/2396/3218 1920/2382/3218
f 1920/2382/3219 1932/2396/3219 1933/2397/3219
f 1920/2382/3220 1933/2397/3220 1918/2380/3220
f 1911/2373/3221 1912/2374/3221 1934/2398/3221
f 1934/2398/3222 1912/2374/3222 1935/2399/3222
f 1934/2398/3223 1935/2399/3223 1936/2400/3223
f 1936/2400/3224 1935/2399/3224 1937/2401/3224
f 1936/2400/3225 1937/2401/3225 1938/2402/3225
f 1938/2402/3226 1937/2401/3226 1939/2403/3226
f 1938/2402/3227 1939/2403/3227 1940/2404/3227
f 1940/2404/3228 1939/2403/3228 1941/2405/3228
f 1940/2404/3229 1941/2405/3229 1921/2383/3229
f 1921/2383/3230 1941/2405/3230 1942/2406/3230
f 1921/2383/3231 1942/2406/3231 1922/2384/3231
f 3/2407/3232 1336/2408/3232 1943/2409/3232
f 1943/2409/3232 1336/2408/3232 1944/2410/3232
f 1943/2409/3232 1944/2410/3233 1913/2375/3233
f 1913/2375/3233 1944/2410/3233 1914/2376/3233
f 1358/2411/3234 25/2412/3234 1945/2413/3234
f 1945/2413/3234 25/2412/3234 1946/2414/3234
f 1945/2413/3235 1946/2414/3235 1909/2371/3235
f 1909/2371/3235 1946/2414/3235 1910/2372/3235
f 1947/2415/3236 1948/2416/3236 1949/2417/3236
f 1950/2418/17 1951/2419/17 1952/2420/17
f 1949/2417/17 1948/2416/17 1953/2421/17
f 1952/2420/3237 1951/2419/3237 1954/2422/3237
f 1951/2419/17 1955/2423/17 1948/2416/17
f 1948/119/3238 1955/119/3238 1956/119/3238
f 1948/2416/17 1956/2424/17 1953/2421/17
f 1346/2425/17 1348/2426/17 1948/2416/17
f 1948/2416/17 1348/2426/17 1957/2427/17
f 1948/2416/17 1957/2427/17 1951/2419/17
f 1951/119/3239 1957/119/3239 1958/119/3239
f 1951/2419/17 1958/2428/17 1954/2422/17
f 1959/2429/18 1949/2417/18 1960/2430/18
f 1960/2430/18 1949/2417/18 1961/2431/18
f 1959/2429/3240 1962/2432/3240 1949/2417/3240
f 1949/2417/17 1962/2432/17 1963/2433/17
f 1949/2417/17 1963/2433/17 1947/2415/17
f 1952/2420/3241 1964/2434/3241 1950/2418/3241
f 1950/2418/18 1964/2434/18 1965/2435/18
f 1950/2418/18 1965/2435/18 1966/2436/18
f 1966/2436/17 1965/2435/17 1967/2437/17
f 1966/2436/3242 1967/2437/3242 1968/2438/3242
f 1969/2439/86 1369/2440/86 1970/2441/86
f 1971/2442/86 1972/2443/86 1369/2440/86
f 1369/2440/86 1972/2443/86 1973/2444/86
f 1369/2440/86 1973/2444/86 1970/2441/86
f 1974/2445/86 1975/2446/86 1371/2447/86
f 1974/2445/86 1371/2447/86 1976/2448/86
f 1969/2439/3243 1970/2441/3243 1977/2449/3243
f 1977/2449/86 1970/2441/86 1978/2450/86
f 1977/2449/93 1978/2450/93 1979/2451/93
f 1975/2446/86 1980/2452/86 1371/2447/86
f 1371/2447/86 1980/2452/86 1981/2453/86
f 1371/2447/86 1981/2453/86 1982/2454/86
f 1983/2455/3244 1984/2456/3244 1978/2450/3244
f 1985/2457/86 1986/2458/86 1369/2440/86
f 1369/2440/86 1986/2458/86 1987/2459/86
f 1369/2440/86 1987/2459/86 1971/2442/86
f 1984/2456/86 1988/2460/86 1978/2450/86
f 1978/2450/91 1988/2460/91 1989/2461/91
f 1978/2450/89 1989/2461/89 1979/2451/89
f 1982/2454/86 1990/2462/86 1371/2447/86
f 1371/2447/86 1990/2462/86 1991/2463/86
f 1371/2447/86 1991/2463/86 1369/2440/86
f 1369/2440/86 1991/2463/86 1992/2464/86
f 1369/2440/86 1992/2464/86 1985/2457/86
f 1976/119/3245 1371/119/3245 1993/119/3245
f 1993/2465/86 1371/2466/86 1994/2467/86
f 1993/2465/86 1994/2467/86 1995/2468/86
f 1995/2468/86 1994/2467/86 1996/2469/86
f 1995/2468/3246 1996/2469/3246 1997/2470/3246
f 1983/2455/91 1978/2450/91 1998/2471/91
f 1998/2471/91 1978/2450/91 1999/2472/91
f 1998/2471/91 1999/2472/91 2000/2473/91
f 1997/2470/3246 2001/2474/3246 1995/2468/3246
f 1995/2468/86 2001/2474/86 2002/2475/86
f 1995/2468/3247 2002/2475/3247 2003/2476/3247
f 2003/2476/3246 2002/2475/3246 2004/2477/3246
f 2003/2476/3248 2004/2477/3248 2005/2478/3248
f 2006/2479/3249 2007/2480/3249 1379/2481/3249
f 1379/2481/3249 2007/2480/3249 1377/2482/3249
f 2006/2479/3250 2008/2483/3250 2007/2480/3250
f 2007/2480/3251 2008/2483/3251 2009/2484/3251
f 2007/2480/3252 2009/2484/3252 2010/2485/3252
f 2010/2485/3253 2009/2484/3253 2011/2486/3253
f 2010/2485/3254 2011/2486/3254 2012/2487/3254
f 2012/2487/3255 2011/2486/3255 2013/2488/3255
f 2013/2488/3256 2011/2486/3256 2014/2489/3256
f 2013/2488/3257 2014/2489/3257 2015/2490/3257
f 2016/2491/3258 2017/2492/3258 2018/2493/3258
f 2018/2493/3259 2017/2492/3259 2019/2494/3259
f 2018/2493/3260 2019/2494/3260 2020/2495/3260
f 2020/2495/3261 2019/2494/3261 2015/2490/3261
f 2020/2495/3262 2015/2490/3262 2021/2496/3262
f 2021/2496/3263 2015/2490/3263 2014/2489/3263
f 2018/2493/3264 2022/2497/3264 2016/2491/3264
f 2016/2498/3265 2022/2499/3265 2023/2500/3265
f 2016/2498/3266 2023/2500/3266 2024/2501/3266
f 2024/2501/3267 2023/2500/3267 2025/2502/3267
f 2024/2501/3268 2025/2502/3268 2026/2503/3268
f 2026/2503/3269 2025/2502/3269 2027/2504/3269
f 2026/2503/3270 2027/2504/3270 2028/2505/3270
f 2028/2505/3271 2027/2504/3271 2029/2506/3271
f 2030/2507/3272 2031/2508/3272 2029/2506/3272
f 2029/2506/3273 2031/2508/3273 2032/2509/3273
f 2029/2506/3274 2032/2509/3274 2028/2505/3274
f 1876/2336/3275 1874/2334/3275 2033/2510/3275
f 2033/2510/3276 1874/2334/3276 2034/2511/3276
f 2033/2510/3277 2034/2511/3277 2035/2512/3277
f 2035/2512/3278 2034/2511/3278 2036/2513/3278
f 2035/2512/3279 2036/2513/3279 2037/2514/3279
f 2037/2514/3280 2036/2513/3280 2038/2515/3280
f 2037/2514/3281 2038/2515/3281 2039/2516/3281
f 2039/2516/3282 2038/2515/3282 2031/2508/3282
f 2039/2516/3283 2031/2508/3283 2040/2517/3283
f 2040/2517/3284 2031/2508/3284 2030/2507/3284
f 2041/2518/3171 2042/2519/3171 2043/2520/3171
f 2043/2520/3171 2044/2521/3171 2041/2518/3171
f 2041/2518/3171 2044/2521/3171 2045/2522/3171
f 2041/2518/3171 2045/2522/3171 2046/2523/3171
f 2042/2519/3285 2041/2518/3285 2047/2524/3285
f 2042/2519/3286 2047/2524/3286 2048/2525/3286
f 2048/2525/3287 2047/2524/3287 2049/2526/3287
f 2048/2525/3288 2049/2526/3288 2050/2527/3288
f 2050/2527/3289 2049/2526/3289 2051/2528/3289
f 2050/2527/3290 2051/2528/3290 2052/2529/3290
f 2052/2529/3291 2051/2528/3291 2053/2530/3291
f 2052/2529/3292 2053/2530/3292 2054/2531/3292
f 2053/2530/3293 2055/2532/3293 2054/2531/3293
f 2054/2531/3294 2055/2532/3294 2056/2533/3294
f 2054/2531/3295 2056/2533/3295 2057/2534/3295
f 2057/2534/3296 2056/2533/3296 2058/2535/3296
f 2057/2534/3297 2058/2535/3297 2059/2536/3297
f 2059/2536/3298 2058/2535/3298 2060/2537/3298
f 2060/2537/3299 2058/2535/3299 2061/2538/3299
f 2060/2537/3300 2061/2538/3300 2062/2539/3300
f 2061/2538/3301 2063/2540/3301 2062/2539/3301
f 2062/2539/3302 2063/2540/3302 2064/2541/3302
f 2062/2539/3303 2064/2541/3303 2065/2542/3303
f 2065/2543/3304 2064/2544/3304 2066/2545/3304
f 2065/2543/3305 2066/2545/3305 2067/2546/3305
f 2067/2546/3306 2066/2545/3306 2068/2547/3306
f 2067/2546/3307 2068/2547/3307 2069/2548/3307
f 2069/2548/3308 2068/2547/3308 2070/2549/3308
f 2069/2548/3309 2070/2549/3309 2071/2550/3309
f 2071/2550/3310 2070/2549/3310 2072/2551/3310
f 2071/2550/3311 2072/2551/3311 2073/2552/3311
f 2073/2552/3312 2072/2551/3312 2074/2553/3312
f 2073/2552/3313 2074/2553/3313 2075/2554/3313
f 2075/2554/3314 2074/2553/3314 2076/2555/3314
f 2075/2554/3315 2076/2555/3315 2077/2556/3315
f 2077/2556/3316 2076/2555/3316 2078/2557/3316
f 2077/2556/3317 2078/2557/3317 2079/2558/3317
f 2079/2558/3318 2078/2557/3318 2080/2559/3318
f 2079/2558/3319 2080/2559/3319 2081/2560/3319
f 1361/2561/3320 1363/2562/3320 2081/2560/3320
f 2081/2560/3320 1363/2562/3320 2079/2558/3320
f 2082/2563/3321 2083/2564/3321 1340/2565/3321
f 1340/2565/3321 2083/2564/3321 1338/2566/3321
f 2084/2567/3322 2083/2564/3322 2082/2563/3322
f 2084/2567/3323 2082/2563/3323 2085/2568/3323
f 2085/2568/3324 2082/2563/3324 2086/2569/3324
f 2085/2568/3325 2086/2569/3325 2087/2570/3325
f 2087/2570/3326 2086/2569/3326 2088/2571/3326
f 2087/2570/3327 2088/2571/3327 2089/2572/3327
f 2089/2572/3328 2088/2571/3328 2090/2573/3328
f 2089/2572/3329 2090/2573/3329 2091/2574/3329
f 2091/2574/3330 2090/2573/3330 2092/2575/3330
f 2091/2574/3331 2092/2575/3331 2093/2576/3331
f 2093/2576/3332 2092/2575/3332 2094/2577/3332
f 2093/2576/3333 2094/2577/3333 2095/2578/3333
f 2095/2578/3334 2094/2577/3334 2096/2579/3334
f 2095/2578/3335 2096/2579/3335 2097/2580/3335
f 2097/2580/3336 2096/2579/3336 2098/2581/3336
f 2097/2580/3337 2098/2581/3337 2099/2582/3337
f 2099/2582/3338 2098/2581/3338 2100/2583/3338
f 2099/2582/3339 2100/2583/3339 2101/2584/3339
f 2101/2584/3340 2100/2583/3340 2102/2585/3340
f 2102/2585/3341 2100/2583/3341 2103/2586/3341
f 2102/2587/3342 2103/2588/3342 2104/2589/3342
f 2103/2588/3343 2105/2590/3343 2104/2589/3343
f 2104/2589/3343 2105/2590/3343 2106/2591/3343
f 2104/2589/3344 2106/2591/3344 2107/2592/3344
f 2107/2592/3345 2106/2591/3345 2108/2593/3345
f 2107/2592/3346 2108/2593/3346 2109/2594/3346
f 2109/2594/3347 2108/2593/3347 2110/2595/3347
f 2110/2595/3348 2108/2593/3348 2111/2596/3348
f 2110/2595/3349 2111/2596/3349 2112/2597/3349
f 2112/2597/3350 2111/2596/3350 2113/2598/3350
f 2112/2597/3351 2113/2598/3351 2114/2599/3351
f 2114/2599/3352 2113/2598/3352 2115/2600/3352
f 2114/2599/3353 2115/2600/3353 2116/2601/3353
f 2116/2601/3354 2115/2600/3354 2117/2602/3354
f 2116/2601/3355 2117/2602/3355 2118/2603/3355
f 2118/2603/3356 2117/2602/3356 2119/2604/3356
f 2119/2604/3356 2117/2602/3356 2120/2605/3356
f 2121/2606/3357 2122/2607/3357 2123/2608/3357
f 2119/2604/3358 2120/2605/3358 2124/2609/3358
f 2124/2609/3359 2120/2605/3359 2125/2610/3359
f 2124/2609/3360 2125/2610/3360 2126/2611/3360
f 2126/2611/3361 2125/2610/3361 2127/2612/3361
f 2126/2611/3362 2127/2612/3362 2128/2613/3362
f 2128/2613/3363 2127/2612/3363 2129/2614/3363
f 2128/2613/3364 2129/2614/3364 2130/2615/3364
f 2130/2615/3365 2129/2614/3365 2123/2608/3365
f 2130/2615/3366 2123/2608/3366 2131/2616/3366
f 2131/2616/3367 2123/2608/3367 2122/2607/3367
f 2123/2608/3368 2132/2617/3368 2121/2606/3368
f 2121/2606/3369 2132/2617/3369 2133/2618/3369
f 2121/2606/3370 2133/2618/3370 2134/2619/3370
f 2134/2619/3371 2133/2618/3371 2135/2620/3371
f 2134/2619/3372 2135/2620/3372 2136/2621/3372
f 2136/2621/3373 2135/2620/3373 2137/2622/3373
f 2136/2621/3374 2137/2622/3374 2138/2623/3374
f 2138/2623/3375 2137/2622/3375 2139/2624/3375
f 2138/2625/3376 2139/2626/3376 2140/2627/3376
f 2140/2627/3377 2139/2626/3377 2141/2628/3377
f 2139/2626/3378 2142/2629/3378 2141/2628/3378
f 2141/2628/3379 2142/2629/3379 2143/2630/3379
f 2141/2628/3380 2143/2630/3380 2144/2631/3380
f 2144/2631/3381 2143/2630/3381 2145/2632/3381
f 2144/2631/3382 2145/2632/3382 2146/2633/3382
f 2146/2633/3382 2145/2632/3382 2147/2634/3382
f 2147/2634/3383 2145/2632/3383 2148/2635/3383
f 2147/2634/3384 2148/2635/3384 2149/2636/3384
f 2148/2635/3385 2150/2637/3385 2149/2636/3385
f 2149/2636/3386 2150/2637/3386 2151/2638/3386
f 2149/2636/3387 2151/2638/3387 2152/2639/3387
f 2152/2639/3388 2151/2638/3388 2153/2640/3388
f 2152/2639/3389 2153/2640/3389 2154/2641/3389
f 2154/2641/3390 2153/2640/3390 2155/2642/3390
f 1354/2643/3391 1356/2644/3391 2153/2640/3391
f 2153/2640/3391 1356/2644/3391 2155/2642/3391
f 2156/2645/3392 2157/2646/3392 2158/2647/3392
f 2158/2647/3393 2157/2646/3393 2159/2648/3393
f 2158/2647/3394 2159/2648/3394 2160/2649/3394
f 2160/2649/3395 2159/2648/3395 2161/2650/3395
f 2160/2649/3396 2161/2650/3396 2162/2651/3396
f 2163/2652/3397 2164/2653/3397 2165/2654/3397
f 2161/2650/3398 2166/2655/3398 2162/2651/3398
f 2162/2651/3399 2166/2655/3399 2167/2656/3399
f 2162/2651/3400 2167/2656/3400 2168/2657/3400
f 2168/2657/3401 2167/2656/3401 2169/2658/3401
f 2168/2657/3402 2169/2658/3402 2164/2653/3402
f 2164/2653/3403 2169/2658/3403 2170/2659/3403
f 2164/2653/3404 2170/2659/3404 2165/2654/3404
f 2171/2660/3405 2172/2661/3405 2173/2662/3405
f 2165/2654/3406 2174/2663/3406 2163/2652/3406
f 2163/2652/3407 2174/2663/3407 2175/2664/3407
f 2163/2652/3408 2175/2664/3408 2176/2665/3408
f 2176/2665/3409 2175/2664/3409 2177/2666/3409
f 2176/2665/3410 2177/2666/3410 2173/2662/3410
f 2173/2662/3411 2177/2666/3411 2178/2667/3411
f 2173/2662/3412 2178/2667/3412 2171/2660/3412
f 1361/2561/3413 2081/2560/3413 25/2412/3413
f 25/2412/3413 2081/2560/3413 1946/2414/3413
f 1910/119/3414 1946/119/3414 2080/119/3414
f 2080/119/3415 1946/119/3415 2081/119/3415
f 1906/2368/3416 1908/2370/3416 2078/2557/3416
f 2078/2557/3417 1908/2370/3417 1910/2372/3417
f 2078/2557/3418 1910/2372/3418 2080/2559/3418
f 2074/2553/3419 2072/2551/3419 1892/2352/3419
f 2078/2557/3420 2076/2555/3420 1906/2368/3420
f 1906/2368/3421 2076/2555/3421 2074/2553/3421
f 1906/2368/3422 2074/2553/3422 1891/2351/3422
f 1891/2351/3423 2074/2553/3423 1892/2352/3423
f 2072/2551/3424 2070/2549/3424 1892/2352/3424
f 1892/2352/3425 2070/2549/3425 2068/2547/3425
f 1892/2352/3426 2068/2547/3426 1903/2365/3426
f 1903/2365/3427 2068/2547/3427 2066/2545/3427
f 1903/2365/3428 2066/2545/3428 1901/2363/3428
f 1901/2363/3429 2066/2545/3429 2064/2544/3429
f 1901/2363/3430 2064/2544/3430 1899/2360/3430
f 1899/119/3431 2064/119/3431 2063/119/3431
f 1899/2359/3432 2063/2540/3432 1897/2357/3432
f 1897/2357/3433 2063/2540/3433 2061/2538/3433
f 1897/2357/3434 2061/2538/3434 1895/2355/3434
f 1895/2355/3435 2061/2538/3435 2058/2535/3435
f 1895/2355/3436 2058/2535/3436 1889/2349/3436
f 1889/2349/3437 2058/2535/3437 2056/2533/3437
f 1889/2349/3438 2056/2533/3438 1887/2347/3438
f 2041/2518/3439 1879/2339/3439 2047/2524/3439
f 2047/2524/3440 1879/2339/3440 1881/2341/3440
f 2047/2524/3441 1881/2341/3441 2049/2526/3441
f 2049/2526/3442 1881/2341/3442 1883/2343/3442
f 2049/2526/3443 1883/2343/3443 2051/2528/3443
f 2051/2528/3444 1883/2343/3444 1885/2345/3444
f 2051/2528/3445 1885/2345/3445 2053/2530/3445
f 2053/2530/3445 1885/2345/3445 1887/2347/3445
f 2053/2530/3446 1887/2347/3446 2055/2532/3446
f 2055/2532/3447 1887/2347/3447 2056/2533/3447
f 2179/2668/3448 1879/2339/3448 2046/2523/3448
f 2046/2523/3449 1879/2339/3449 2041/2518/3449
f 1878/2338/3450 1876/2336/3450 2180/2669/3450
f 2180/2669/3451 1876/2336/3451 1912/2374/3451
f 2179/2668/3452 2181/2670/3452 1879/2339/3452
f 1879/2339/3453 2181/2670/3453 2182/2671/3453
f 1879/2339/3454 2182/2671/3454 1912/2374/3454
f 1912/2374/3455 2182/2671/3455 2183/2672/3455
f 1912/2374/3456 2183/2672/3456 2180/2669/3456
f 2022/2497/3457 1928/2392/3457 1926/2391/3457
f 1912/2374/3458 1876/2336/3458 1935/2399/3458
f 1935/2399/3459 1876/2336/3459 2033/2510/3459
f 1935/2399/3460 2033/2510/3460 1937/2401/3460
f 2037/2514/3461 2039/2516/3461 1941/2405/3461
f 2033/2510/3462 2035/2512/3462 1937/2401/3462
f 1937/2401/3460 2035/2512/3460 2037/2514/3460
f 1937/2401/3463 2037/2514/3463 1939/2403/3463
f 1939/2403/3463 2037/2514/3463 1941/2405/3463
f 2039/2516/3464 2040/2517/3464 1941/2405/3464
f 1941/2405/3465 2040/2517/3465 2030/2507/3465
f 1941/2405/3466 2030/2507/3466 1942/2406/3466
f 1942/2406/3467 2030/2507/3467 2029/2506/3467
f 1942/2406/3468 2029/2506/3468 1922/2384/3468
f 1922/2384/3469 2029/2506/3469 2027/2504/3469
f 1922/2384/3470 2027/2504/3470 1924/2386/3470
f 1924/2386/3471 2027/2504/3471 2025/2502/3471
f 1924/2386/3472 2025/2502/3472 1926/2388/3472
f 1926/119/3473 2025/119/3473 2023/119/3473
f 1926/2391/3474 2023/2673/3474 2022/2497/3474
f 1928/2392/3475 2022/2497/3475 1930/2394/3475
f 1930/2394/3476 2022/2497/3476 2018/2493/3476
f 1930/2394/3477 2018/2493/3477 1932/2396/3477
f 2014/2489/3478 2011/2486/3478 1916/2378/3478
f 2018/2493/3479 2020/2495/3479 1932/2396/3479
f 1932/2396/3480 2020/2495/3480 2021/2496/3480
f 1932/2396/3481 2021/2496/3481 1933/2397/3481
f 1933/2397/3482 2021/2496/3482 2014/2489/3482
f 1933/2397/3483 2014/2489/3483 1918/2380/3483
f 1918/2380/3484 2014/2489/3484 1916/2378/3484
f 2011/2486/3485 2009/2484/3485 1916/2378/3485
f 1916/2378/3486 2009/2484/3486 2008/2483/3486
f 1916/2378/3487 2008/2483/3487 1913/2375/3487
f 1943/119/3488 1913/119/3488 2006/119/3488
f 2006/119/3489 1913/119/3489 2008/119/3489
f 3/2407/3490 1943/2409/3490 1379/2481/3490
f 1379/2481/3490 1943/2409/3490 2006/2479/3490
f 1338/2566/3491 2083/2564/3491 1336/2408/3491
f 1336/2408/3491 2083/2564/3491 1944/2410/3491
f 1914/119/3492 1944/119/3492 2084/119/3492
f 2084/119/3493 1944/119/3493 2083/119/3494
f 1917/2379/3495 1915/2377/3495 2085/2568/3495
f 2085/2568/3496 1915/2377/3496 1914/2376/3496
f 2085/2568/3497 1914/2376/3497 2084/2567/3497
f 2089/2572/3498 2091/2574/3498 1920/2382/3498
f 2085/2568/3499 2087/2570/3499 1917/2379/3499
f 1917/2379/3500 2087/2570/3500 2089/2572/3500
f 1917/2379/3501 2089/2572/3501 1919/2381/3501
f 1919/2381/3502 2089/2572/3502 1920/2382/3502
f 2091/2574/3503 2093/2576/3503 1920/2382/3503
f 1920/2382/3504 2093/2576/3504 2095/2578/3504
f 1920/2382/3505 2095/2578/3505 1931/2395/3505
f 1931/2395/3506 2095/2578/3506 2097/2580/3506
f 1931/2395/3507 2097/2580/3507 1929/2393/3507
f 1929/2393/3508 2097/2580/3508 2099/2582/3508
f 1929/2393/3509 2099/2582/3509 1927/2390/3509
f 1927/119/3510 2099/119/3510 2101/119/3510
f 1927/2390/3511 2101/2584/3511 1925/2674/3511
f 1925/2674/3512 2101/2584/3512 2102/2585/3512
f 1925/2387/3513 2102/2587/3513 1923/2385/3513
f 1923/2385/3514 2102/2587/3514 2104/2589/3514
f 1923/2385/3515 2104/2589/3515 1921/2383/3515
f 1921/2383/3516 2104/2589/3516 2107/2592/3516
f 1921/2383/3517 2107/2592/3517 1940/2404/3517
f 2118/2603/3518 1911/2373/3518 2116/2601/3518
f 2116/2601/3519 1911/2373/3519 1934/2398/3519
f 2116/2601/3520 1934/2398/3520 2114/2599/3520
f 2114/2599/3521 1934/2398/3521 1936/2400/3521
f 2114/2599/3522 1936/2400/3522 2112/2597/3522
f 2112/2597/3523 1936/2400/3523 1938/2402/3523
f 2112/2597/3524 1938/2402/3524 2110/2595/3524
f 2110/2595/3524 1938/2402/3524 1940/2404/3524
f 2110/2595/3525 1940/2404/3525 2109/2594/3525
f 2109/2594/3526 1940/2404/3526 2107/2592/3526
f 2118/2603/3527 2119/2604/3527 1911/2373/3527
f 1911/2373/3527 2119/2604/3527 1880/2340/3527
f 2140/2627/3528 1900/2362/3528 1898/2361/3528
f 1880/2340/3529 2119/2604/3529 1882/2342/3529
f 1882/2342/3529 2119/2604/3529 2124/2609/3529
f 1882/2342/3530 2124/2609/3530 1884/2344/3530
f 1884/2344/3531 2124/2609/3531 2126/2611/3531
f 1884/2344/3532 2126/2611/3532 2128/2613/3532
f 2130/2615/3533 1888/2348/3533 2128/2613/3533
f 2128/2613/3534 1888/2348/3534 1886/2346/3534
f 2128/2613/3534 1886/2346/3534 1884/2344/3534
f 2130/2615/3535 2131/2616/3535 1888/2348/3535
f 1888/2348/3536 2131/2616/3536 2122/2607/3536
f 1888/2348/3537 2122/2607/3537 1893/2353/3537
f 1893/2353/3538 2122/2607/3538 2121/2606/3538
f 1893/2353/3539 2121/2606/3539 1894/2354/3539
f 1894/2354/3540 2121/2606/3540 2134/2619/3540
f 1894/2354/3541 2134/2619/3541 1896/2356/3541
f 1896/2356/3542 2134/2619/3542 2136/2621/3542
f 1896/2356/3543 2136/2621/3543 1898/2358/3543
f 1898/119/3544 2136/119/3544 2138/119/3544
f 1898/2361/3545 2138/2625/3545 2140/2627/3545
f 1900/2362/3546 2140/2627/3546 1902/2364/3546
f 1902/2364/3547 2140/2627/3547 2141/2628/3547
f 1902/2364/3548 2141/2628/3548 1904/2366/3548
f 2147/2634/3549 1905/2367/3549 2146/2633/3549
f 2146/2633/3550 1905/2367/3550 1904/2366/3550
f 2146/2633/3551 1904/2366/3551 2144/2631/3551
f 2144/2631/3552 1904/2366/3552 2141/2628/3552
f 2149/2636/3553 1907/2369/3553 2147/2634/3553
f 2147/2634/3554 1907/2369/3554 1890/2350/3554
f 2147/2634/3555 1890/2350/3555 1905/2367/3555
f 2149/2636/3556 2152/2639/3556 1907/2369/3556
f 1907/2369/3557 2152/2639/3557 2154/2641/3557
f 1907/2369/3558 2154/2641/3558 1909/2371/3558
f 1945/119/3559 1909/119/3559 2155/119/3559
f 2155/119/3560 1909/119/3560 2154/119/3560
f 1358/2411/3561 1945/2413/3561 1356/2644/3561
f 1356/2644/3561 1945/2413/3561 2155/2642/3561
f 2184/2675/3562 2185/2676/3562 2186/2677/3562
f 2184/2675/3563 2186/2677/3563 2187/2678/3563
f 2185/2676/3564 2188/2679/3564 2186/2677/3564
f 2186/2677/3565 2188/2679/3565 2189/2680/3565
f 2186/2681/3566 2189/2682/3566 1340/2683/3566
f 1340/2684/3567 2189/2680/3567 2190/2685/3567
f 1340/2565/3568 2190/2686/3568 2082/2563/3568
f 2186/2677/3569 2191/2687/3569 2187/2678/3569
f 2187/2678/3570 2191/2687/3570 1346/2425/3570
f 2187/2678/3571 1346/2425/3571 1948/2416/3571
f 2187/2678/3572 1948/2416/3572 1947/2415/3572
f 2192/119/1167 2193/119/1167 2194/119/3573
f 2185/2676/3574 2184/2675/3574 2195/2688/3574
f 2195/2688/3575 2184/2675/3575 2187/2678/3575
f 2190/2685/3576 2189/2680/3576 2196/2689/3576
f 2196/2689/3577 2189/2680/3577 2188/2679/3577
f 2196/2689/3578 2188/2679/3578 2185/2676/3578
f 2082/2563/3579 2190/2686/3579 2086/2569/3579
f 2086/2569/3580 2190/2686/3580 2196/2690/3580
f 2086/119/3581 2196/119/3581 2088/119/3581
f 2088/2571/3582 2196/2690/3582 2197/2691/3582
f 2088/2571/3583 2197/2691/3583 2090/2573/3583
f 2198/2692/3584 2096/2579/3584 2199/2693/3584
f 2199/2693/3585 2096/2579/3585 2094/2577/3585
f 2199/2693/3586 2094/2577/3586 2197/2691/3586
f 2197/2691/3587 2094/2577/3587 2092/2575/3587
f 2197/2691/3588 2092/2575/3588 2090/2573/3588
f 2200/2694/3589 2100/2583/3589 2198/2692/3589
f 2198/2692/3590 2100/2583/3590 2098/2581/3590
f 2198/2692/3591 2098/2581/3591 2096/2579/3591
f 2201/2695/3592 2105/2696/3592 2200/2694/3592
f 2200/2694/3593 2105/2696/3593 2103/2586/3593
f 2200/2694/3594 2103/2586/3594 2100/2583/3594
f 2202/2697/3595 2111/2596/3595 2203/2698/3595
f 2203/2698/3596 2111/2596/3596 2108/2593/3596
f 2203/2698/3597 2108/2593/3597 2201/2699/3597
f 2201/2699/3598 2108/2593/3598 2106/2591/3598
f 2201/2695/3599 2106/2700/3599 2105/2696/3599
f 2194/119/3600 2117/119/3600 2192/119/3600
f 2192/2701/3601 2117/2602/3601 2115/2600/3601
f 2192/2701/3602 2115/2600/3602 2202/2697/3602
f 2202/2697/3603 2115/2600/3603 2113/2598/3603
f 2202/2697/3604 2113/2598/3604 2111/2596/3604
f 1956/119/3605 1955/119/3605 2204/119/3605
f 2187/2678/3606 1947/2415/3606 2195/2688/3606
f 2195/2688/3607 1947/2415/3607 1963/2433/3607
f 2195/2688/3608 1963/2433/3608 2205/2702/3608
f 2205/2702/3609 1963/2433/3609 1962/2432/3609
f 2205/2702/3610 1962/2432/3610 2206/2703/3610
f 2206/2703/3611 1962/2432/3611 1959/2429/3611
f 2206/2703/3612 1959/2429/3612 2207/2704/3612
f 2207/2704/3613 1959/2429/3613 1960/2430/3613
f 2207/2704/3614 1960/2430/3614 2208/2705/3614
f 2208/2705/3615 1960/2430/3615 1961/2431/3615
f 2208/2705/3616 1961/2431/3616 2209/2706/3616
f 2209/2706/3617 1961/2431/3617 1949/2417/3617
f 2209/2706/3618 1949/2417/3618 2210/2707/3618
f 2210/2707/3619 1949/2417/3619 1953/2421/3619
f 2210/2707/3619 1953/2421/3619 2211/2708/3619
f 2211/2708/3620 1953/2421/3620 1956/2424/3620
f 2211/2708/3620 1956/2424/3620 2212/2709/3620
f 2212/119/3621 1956/119/3621 2204/119/3621
f 2212/119/3622 2204/119/3622 2213/119/3622
f 2185/2676/3623 2195/2688/3623 2196/2689/3623
f 2196/2689/3624 2195/2688/3624 2205/2702/3624
f 2196/2689/3625 2205/2702/3625 2197/2710/3625
f 2197/2710/3626 2205/2702/3626 2206/2703/3626
f 2197/2710/3627 2206/2703/3627 2199/2711/3627
f 2199/2711/3628 2206/2703/3628 2207/2704/3628
f 2199/2711/3629 2207/2704/3629 2198/2712/3629
f 2198/2712/3630 2207/2704/3630 2208/2705/3630
f 2198/2712/3631 2208/2705/3631 2200/2713/3631
f 2200/2713/3632 2208/2705/3632 2209/2706/3632
f 2200/2713/3633 2209/2706/3633 2201/2714/3633
f 2201/2714/3634 2209/2706/3634 2210/2707/3634
f 2201/2714/3635 2210/2707/3635 2203/2715/3635
f 2203/2715/3636 2210/2707/3636 2211/2708/3636
f 2203/2715/3637 2211/2708/3637 2202/2716/3637
f 2202/2716/3638 2211/2708/3638 2212/2709/3638
f 2202/2716/3639 2212/2709/3639 2192/2717/3639
f 2192/119/3640 2212/119/3640 2213/119/3640
f 2192/119/3640 2213/119/3640 2193/119/3640
f 2214/2718/3641 2120/2605/3641 2117/2602/3641
f 2214/2719/3642 2117/2720/3642 2215/2721/3642
f 2215/2722/3643 2117/2723/3643 2194/2724/3643
f 2215/2721/3644 2194/2725/3644 2216/2726/3644
f 2216/2727/3645 2194/2728/3645 2193/2729/3645
f 2216/2726/3646 2193/2730/3646 2217/2731/3646
f 2217/2731/3647 2193/2730/3647 2213/2732/3647
f 2217/2731/3648 2213/2732/3648 2218/2733/3648
f 2218/2733/3649 2213/2732/3649 2204/2734/3649
f 2218/2733/3648 2204/2734/3648 2219/2735/3648
f 2219/2735/3649 2204/2734/3649 1955/2423/3649
f 2219/2735/3650 1955/2423/3650 1951/2419/3650
f 2219/2735/3651 1951/2419/3651 1950/2418/3651
f 2220/119/3652 2221/119/3652 2222/119/3652
f 2222/119/3652 2221/119/3652 2223/119/3652
f 2222/2736/3653 2223/2737/3653 2153/2738/3653
f 2220/119/3654 2222/119/3654 2224/119/3654
f 2224/2739/3655 2222/2740/3655 2225/2741/3655
f 2224/119/3656 2225/119/3656 2226/119/3656
f 1958/119/3657 1957/119/3657 2225/119/3657
f 2225/119/3658 1957/119/3658 2227/119/3658
f 2225/119/3656 2227/119/3656 2226/119/3656
f 2217/2731/3659 2218/2733/3659 2228/2742/3659
f 2228/2742/3659 2218/2733/3659 2219/2735/3659
f 2214/2719/3660 2215/2721/3660 2229/2743/3660
f 2229/2743/3660 2215/2721/3660 2216/2726/3660
f 2229/2743/3660 2216/2726/3660 2217/2731/3660
f 2120/2605/3661 2214/2718/3661 2125/2610/3661
f 2125/2610/3662 2214/2718/3662 2229/2744/3662
f 2125/2610/3663 2229/2744/3663 2127/2612/3663
f 2127/2612/3664 2229/2744/3664 2230/2745/3664
f 2127/2612/3665 2230/2745/3665 2129/2614/3665
f 2231/2746/3666 2133/2618/3666 2232/2747/3666
f 2232/2747/3667 2133/2618/3667 2132/2617/3667
f 2232/2747/3668 2132/2617/3668 2230/2745/3668
f 2230/2745/3669 2132/2617/3669 2123/2608/3669
f 2230/2745/3670 2123/2608/3670 2129/2614/3670
f 2233/2748/3671 2137/2622/3671 2231/2746/3671
f 2231/2746/3672 2137/2622/3672 2135/2620/3672
f 2231/2746/3673 2135/2620/3673 2133/2618/3673
f 2234/2749/3674 2142/2629/3674 2233/2750/3674
f 2233/2750/3675 2142/2629/3675 2139/2626/3675
f 2233/2748/3676 2139/2624/3676 2137/2622/3676
f 2219/2735/3677 1950/2418/3677 2228/2742/3677
f 2228/2742/3678 1950/2418/3678 1966/2436/3678
f 2228/2742/3678 1966/2436/3678 2235/2751/3678
f 2235/2751/3679 1966/2436/3679 1968/2438/3679
f 2235/2751/3680 1968/2438/3680 2236/2752/3680
f 2236/2752/3681 1968/2438/3681 1967/2437/3681
f 2236/2752/3681 1967/2437/3681 2237/2753/3681
f 2237/2753/3682 1967/2437/3682 1965/2435/3682
f 2237/2753/3683 1965/2435/3683 2238/2754/3683
f 2238/2754/3684 1965/2435/3684 1964/2434/3684
f 2238/2754/3685 1964/2434/3685 2239/2755/3685
f 2239/2755/3686 1964/2434/3686 1952/2420/3686
f 2239/2755/3687 1952/2420/3687 2240/2756/3687
f 2240/2756/3688 1952/2420/3688 1954/2422/3688
f 2240/2756/3689 1954/2422/3689 2241/2757/3689
f 2217/2731/3690 2228/2742/3690 2229/2743/3690
f 2229/2743/3691 2228/2742/3691 2235/2751/3691
f 2229/2743/3692 2235/2751/3692 2230/2758/3692
f 2230/2758/3693 2235/2751/3693 2236/2752/3693
f 2230/2758/3694 2236/2752/3694 2232/2759/3694
f 2232/2759/3695 2236/2752/3695 2237/2753/3695
f 2232/2759/3696 2237/2753/3696 2231/2760/3696
f 2231/2760/3697 2237/2753/3697 2238/2754/3697
f 2231/2760/3698 2238/2754/3698 2233/2761/3698
f 2233/2761/3699 2238/2754/3699 2239/2755/3699
f 2233/2761/3700 2239/2755/3700 2234/2762/3700
f 2234/2762/3701 2239/2755/3701 2240/2756/3701
f 2234/2762/3702 2240/2756/3702 2242/2763/3702
f 2242/2763/3703 2240/2756/3703 2241/2757/3703
f 2242/2763/3704 2241/2757/3704 2243/2764/3704
f 2151/2638/3705 2150/2637/3705 2243/2765/3705
f 2243/2765/3706 2150/2637/3706 2148/2635/3706
f 2243/2765/3707 2148/2635/3707 2242/2766/3707
f 2242/2766/3708 2148/2635/3708 2145/2632/3708
f 2242/2766/3709 2145/2632/3709 2234/2749/3709
f 2234/2749/3710 2145/2632/3710 2143/2630/3710
f 2234/2749/3711 2143/2630/3711 2142/2629/3711
f 2153/2640/3712 2151/2638/3712 2222/2767/3712
f 2222/2767/3713 2151/2638/3713 2243/2765/3713
f 2222/2768/3714 2243/2764/3714 2225/2769/3714
f 2225/2769/3715 2243/2764/3715 2241/2757/3715
f 2225/2769/3716 2241/2757/3716 1958/2428/3716
f 1958/2428/3717 2241/2757/3717 1954/2422/3717
f 1354/2643/3718 2153/2640/3718 2223/2770/3718
f 1354/2643/3719 2223/2770/3719 2244/2771/3719
f 2244/2772/3720 2223/2773/3720 2221/2774/3720
f 2244/2772/3721 2221/2774/3721 2245/2775/3721
f 2221/2774/3722 2220/2776/3722 2245/2775/3722
f 2245/2775/3723 2220/2776/3723 2224/2777/3723
f 2245/2775/3724 2224/2777/3724 2226/2778/3724
f 2226/2778/3725 2227/2779/3725 2245/2775/3725
f 2245/2775/3726 2227/2779/3726 1957/2427/3726
f 2245/2775/3727 1957/2427/3727 1348/2426/3727
f 2246/2780/3728 2247/2781/3728 1875/2335/3728
f 1875/2335/3729 2247/2781/3729 2248/2782/3729
f 1875/2335/3730 2248/2782/3730 1873/2333/3730
f 2246/2780/3731 2249/2783/3731 2250/2784/3731
f 2250/2784/3732 2249/2783/3732 2251/2785/3732
f 2251/2785/3732 2249/2783/3732 2156/2645/3732
f 2156/2645/3733 2249/2783/3733 2252/2786/3733
f 2156/2645/3734 2252/2786/3734 2157/2646/3734
f 2246/2780/3735 1875/2335/3735 2249/2783/3735
f 2249/2783/3736 1875/2335/3736 1877/2337/3736
f 2249/2783/3737 1877/2337/3737 2252/2786/3737
f 2252/2786/3738 1877/2337/3738 1878/2338/3738
f 2252/2786/3739 1878/2338/3739 2253/2787/3739
f 2157/2646/3740 2252/2786/3740 2159/2648/3740
f 2159/2648/3741 2252/2786/3741 2253/2787/3741
f 2159/2648/3742 2253/2787/3742 2161/2650/3742
f 2254/2788/3743 2175/2664/3743 2174/2663/3743
f 2046/2523/3744 2254/2788/3744 2255/2789/3744
f 2254/2788/3745 2174/2663/3745 2255/2789/3745
f 2255/2789/3746 2174/2663/3746 2165/2654/3746
f 2255/2789/3747 2165/2654/3747 2256/2790/3747
f 2256/2790/3748 2165/2654/3748 2170/2659/3748
f 2256/2790/3749 2170/2659/3749 2257/2791/3749
f 2257/2791/3750 2170/2659/3750 2169/2658/3750
f 2257/2791/3751 2169/2658/3751 2258/2792/3751
f 2169/2658/3752 2167/2656/3752 2258/2792/3752
f 2258/2792/3753 2167/2656/3753 2166/2655/3753
f 2258/2792/3754 2166/2655/3754 2259/2793/3754
f 2259/2793/3755 2166/2655/3755 2161/2650/3755
f 2259/2793/3756 2161/2650/3756 2253/2787/3756
f 2046/2523/3757 2255/2789/3757 2179/2668/3757
f 2179/2668/3758 2255/2789/3758 2256/2790/3758
f 2179/2668/3759 2256/2790/3759 2181/2670/3759
f 2181/2670/3760 2256/2790/3760 2257/2791/3760
f 2181/2670/3761 2257/2791/3761 2182/2671/3761
f 2182/2671/3762 2257/2791/3762 2258/2792/3762
f 2182/2671/3763 2258/2792/3763 2183/2672/3763
f 2183/2672/3764 2258/2792/3764 2259/2793/3764
f 2183/2672/3765 2259/2793/3765 2180/2669/3765
f 2180/2669/3766 2259/2793/3766 2253/2787/3766
f 2180/2669/3767 2253/2787/3767 1878/2338/3767
f 2260/2794/3768 2261/2795/3768 2262/2796/3768
f 2262/2796/3768 2261/2795/3768 2263/2797/3768
f 2262/2796/3769 2263/2797/3769 2264/2798/3769
f 2264/2798/3770 2172/2661/3770 2262/2796/3770
f 2262/2796/3771 2172/2661/3771 2171/2660/3771
f 2262/2796/3772 2171/2660/3772 2178/2667/3772
f 2044/2521/3773 2265/2799/3773 2045/2522/3773
f 2045/2522/3774 2265/2799/3774 2254/2788/3774
f 2045/2522/3775 2254/2788/3775 2046/2523/3775
f 2043/2520/3776 2260/2794/3776 2044/2521/3776
f 2044/2521/3777 2260/2794/3777 2262/2796/3777
f 2044/2521/3778 2262/2796/3778 2265/2799/3778
f 2265/2799/3779 2262/2796/3779 2178/2667/3779
f 2265/2799/3780 2178/2667/3780 2254/2788/3780
f 2254/2788/3781 2178/2667/3781 2177/2666/3781
f 2254/2788/3781 2177/2666/3781 2175/2664/3781
f 1994/2467/3782 1371/2466/3782 2266/2800/3782
f 2266/2800/3783 1371/2466/3783 2267/2801/3783
f 2268/2802/3784 2269/2803/3784 2267/2801/3784
f 2268/2802/3785 2267/2801/3785 2270/2804/3785
f 2269/2803/3786 2271/2805/3786 2267/2801/3786
f 2267/2801/3787 2271/2805/3787 2272/2806/3787
f 2267/2801/3787 2272/2806/3787 2266/2800/3787
f 2267/2801/3788 2273/2807/3788 2270/2804/3788
f 2270/2804/3789 2273/2807/3789 1377/2808/3789
f 2270/2804/3790 1377/2808/3790 2007/2809/3790
f 2274/119/3791 2275/119/3791 2276/119/3791
f 2277/119/3792 2278/119/3792 2279/119/3792
f 2274/119/3793 2276/119/3793 1874/119/3793
f 1874/2334/3794 2276/2810/3794 2280/2811/3794
f 1874/2334/3795 2280/2811/3795 2034/2511/3795
f 2034/2511/3796 2280/2811/3796 2036/2513/3796
f 2036/2513/3797 2280/2811/3797 2281/2812/3797
f 2036/2513/3798 2281/2812/3798 2038/2515/3798
f 2282/2813/3799 2028/2505/3799 2283/2814/3799
f 2283/2814/3800 2028/2505/3800 2032/2509/3800
f 2283/2814/3801 2032/2509/3801 2281/2812/3801
f 2281/2812/3802 2032/2509/3802 2031/2508/3802
f 2281/2812/3803 2031/2508/3803 2038/2515/3803
f 2284/2815/3804 2024/2816/3804 2282/2817/3804
f 2282/2817/3805 2024/2816/3805 2026/2818/3805
f 2282/2813/3806 2026/2503/3806 2028/2505/3806
f 2285/2819/3807 2017/2820/3807 2284/2815/3807
f 2284/2815/3808 2017/2820/3808 2016/2821/3808
f 2284/2815/3809 2016/2821/3809 2024/2816/3809
f 2010/2822/3810 2012/2823/3810 2286/2824/3810
f 2286/2824/3811 2012/2823/3811 2013/2825/3811
f 2286/2824/3812 2013/2825/3812 2287/2826/3812
f 2287/2826/3813 2013/2825/3813 2015/2827/3813
f 2287/2826/3814 2015/2827/3814 2285/2819/3814
f 2285/2819/3815 2015/2827/3815 2019/2828/3815
f 2285/2819/3816 2019/2828/3816 2017/2820/3816
f 1996/2469/3817 1994/2467/3817 2266/2800/3817
f 2266/2800/3818 2288/2829/3818 1996/2469/3818
f 1996/2469/3819 2288/2829/3819 2289/2830/3819
f 1996/2469/3819 2289/2830/3819 1997/2470/3819
f 1997/2470/3820 2289/2830/3820 2290/2831/3820
f 1997/2470/3821 2290/2831/3821 2001/2474/3821
f 2001/2474/3822 2290/2831/3822 2291/2832/3822
f 2001/2474/3823 2291/2832/3823 2002/2475/3823
f 2002/2475/3824 2291/2832/3824 2292/2833/3824
f 2002/2475/3824 2292/2833/3824 2004/2477/3824
f 2004/2477/3825 2292/2833/3825 2293/2834/3825
f 2004/2477/3826 2293/2834/3826 2005/2478/3826
f 2005/2478/3827 2293/2834/3827 2294/2835/3827
f 2005/2478/3828 2294/2835/3828 2003/2476/3828
f 2003/2476/3829 2294/2835/3829 2295/2836/3829
f 2003/2476/3830 2295/2836/3830 1995/2468/3830
f 1995/2468/3831 2295/2836/3831 2277/2837/3831
f 1995/2468/3832 2277/2837/3832 1993/2465/3832
f 1993/119/3833 2277/119/3834 2279/119/3835
f 1993/119/3836 2279/119/3836 1976/119/3836
f 2266/2800/3837 2272/2806/3837 2288/2829/3837
f 2288/2829/3838 2272/2806/3838 2271/2805/3838
f 2288/2829/3838 2271/2805/3838 2269/2803/3838
f 2269/2803/3839 2286/2824/3839 2288/2829/3839
f 2288/2829/3840 2286/2824/3840 2287/2826/3840
f 2288/2829/3841 2287/2826/3841 2289/2830/3841
f 2289/2830/3842 2287/2826/3842 2285/2819/3842
f 2289/2830/3843 2285/2819/3843 2290/2831/3843
f 2290/2831/3844 2285/2819/3844 2284/2815/3844
f 2290/2831/3845 2284/2815/3845 2291/2832/3845
f 2291/2832/3846 2284/2815/3846 2282/2817/3846
f 2291/2832/3847 2282/2817/3847 2292/2833/3847
f 2292/2833/3848 2282/2817/3848 2283/2838/3848
f 2292/2833/3849 2283/2838/3849 2293/2834/3849
f 2293/2834/3850 2283/2838/3850 2281/2839/3850
f 2293/2834/3851 2281/2839/3851 2294/2835/3851
f 2294/2835/3852 2281/2839/3852 2280/2840/3852
f 2294/2835/3853 2280/2840/3853 2295/2836/3853
f 2295/2836/3854 2280/2840/3854 2276/2841/3854
f 2295/2836/3855 2276/2841/3855 2277/2837/3855
f 2277/119/3856 2276/119/3856 2275/119/3856
f 2277/119/3856 2275/119/3856 2278/119/3856
f 2007/2809/3857 2010/2822/3857 2270/2804/3857
f 2270/2804/3858 2010/2822/3858 2286/2824/3858
f 2270/2804/3859 2286/2824/3859 2268/2802/3859
f 2268/2802/3860 2286/2824/3860 2269/2803/3860
f 1974/2445/3861 1976/2448/3861 2296/2842/3861
f 2296/2842/3862 1976/2448/3862 2279/2843/3862
f 2296/2842/3863 2279/2843/3863 2297/2844/3863
f 2297/2844/3864 2279/2843/3864 2278/2845/3864
f 2297/2844/3865 2278/2845/3865 2298/2846/3865
f 2298/2846/3866 2278/2845/3866 2275/2847/3866
f 2298/2848/3867 2275/2849/3867 2299/2850/3867
f 2299/2850/3868 2275/2849/3868 2274/2851/3868
f 2299/2850/3869 2274/2851/3869 2300/2852/3869
f 2300/2852/3870 2274/2851/3870 1874/2334/3870
f 2300/2852/3871 1874/2334/3871 1873/2333/3871
f 2251/2785/3872 2156/2645/3872 2301/2853/3872
f 2302/2854/3873 1975/2446/3873 1974/2445/3873
f 2300/2852/3874 2303/2855/3874 2299/2850/3874
f 2299/2850/3875 2303/2855/3875 2304/2856/3875
f 1974/2445/3876 2296/2842/3876 2302/2854/3876
f 2302/2854/3877 2296/2842/3877 2297/2844/3877
f 2302/2854/3878 2297/2844/3878 2304/2857/3878
f 2304/2857/3879 2297/2844/3879 2298/2846/3879
f 2304/2856/3880 2298/2848/3880 2299/2850/3880
f 1980/2452/3881 1975/2446/3881 2305/2858/3881
f 2305/2858/3882 1975/2446/3882 2302/2854/3882
f 2305/2858/3883 2302/2854/3883 2306/2859/3883
f 2306/2859/3884 2302/2854/3884 2304/2857/3884
f 2306/2860/3885 2304/2856/3885 2307/2861/3885
f 2307/2861/3886 2304/2856/3886 2303/2855/3886
f 2247/2781/3887 2246/2780/3887 2308/2862/3887
f 1981/2453/3888 1980/2452/3888 2309/2863/3888
f 2309/2863/3889 1980/2452/3889 2305/2858/3889
f 2309/2863/3890 2305/2858/3890 2310/2864/3890
f 2310/2864/3891 2305/2858/3891 2306/2859/3891
f 2310/2865/3892 2306/2860/3892 2308/2862/3892
f 2308/2862/3893 2306/2860/3893 2307/2861/3893
f 2308/2862/3894 2307/2861/3894 2247/2781/3894
f 2247/2781/3895 2307/2861/3895 2303/2855/3895
f 2247/2781/3896 2303/2855/3896 2248/2782/3896
f 2248/2782/3897 2303/2855/3897 2300/2852/3897
f 2248/2782/3898 2300/2852/3898 1873/2333/3898
f 2251/2785/3899 2301/2853/3899 2250/2784/3899
f 1982/2454/3900 1981/2453/3900 2311/2866/3900
f 2311/2866/3901 1981/2453/3901 2309/2863/3901
f 2311/2866/3902 2309/2863/3902 2312/2867/3902
f 2312/2867/3903 2309/2863/3903 2310/2864/3903
f 2312/2868/3904 2310/2865/3904 2301/2853/3904
f 2301/2853/3905 2310/2865/3905 2308/2862/3905
f 2301/2853/3906 2308/2862/3906 2250/2784/3906
f 2250/2784/3887 2308/2862/3887 2246/2780/3887
f 2313/2869/3907 2160/2649/3907 2162/2651/3907
f 2314/2870/3908 1987/2459/3908 1986/2458/3908
f 2315/2871/3909 2314/2870/3909 2316/2872/3909
f 2317/2873/3910 2315/2874/3910 2318/2875/3910
f 2172/2661/3911 2317/2873/3911 2319/2876/3911
f 2168/2657/3912 2164/2653/3912 2320/2877/3912
f 2320/2877/3913 2164/2653/3913 2163/2652/3913
f 2320/2877/3913 2163/2652/3913 2321/2878/3913
f 2321/2878/3914 2163/2652/3914 2176/2665/3914
f 2321/2878/3915 2176/2665/3915 2319/2876/3915
f 2319/2876/3916 2176/2665/3916 2173/2662/3916
f 2319/2876/3917 2173/2662/3917 2172/2661/3917
f 2168/2657/3912 2320/2877/3912 2162/2651/3912
f 2162/2651/3918 2320/2877/3918 2322/2879/3918
f 2162/2651/3919 2322/2879/3919 2313/2869/3919
f 2314/2870/3920 1986/2458/3920 2316/2872/3920
f 2316/2872/3921 1986/2458/3921 1985/2457/3921
f 2316/2872/3921 1985/2457/3921 2323/2880/3921
f 2323/2880/3922 1985/2457/3922 1992/2464/3922
f 2323/2880/3922 1992/2464/3922 2324/2881/3922
f 2324/2881/3923 1992/2464/3923 1991/2463/3923
f 2324/2881/3923 1991/2463/3923 2325/2882/3923
f 2325/2882/3924 1991/2463/3924 1990/2462/3924
f 2325/2882/3925 1990/2462/3925 2326/2883/3925
f 2326/2883/3926 1990/2462/3926 1982/2454/3926
f 2326/2883/3927 1982/2454/3927 2311/2866/3927
f 2315/2871/3928 2316/2872/3928 2318/2884/3928
f 2318/2884/3929 2316/2872/3929 2323/2880/3929
f 2318/2884/3930 2323/2880/3930 2327/2885/3930
f 2327/2885/3931 2323/2880/3931 2324/2881/3931
f 2327/2885/3932 2324/2881/3932 2328/2886/3932
f 2328/2886/3933 2324/2881/3933 2325/2882/3933
f 2328/2886/3934 2325/2882/3934 2329/2887/3934
f 2329/2887/3935 2325/2882/3935 2326/2883/3935
f 2329/2887/3935 2326/2883/3935 2330/2888/3935
f 2330/2888/3936 2326/2883/3936 2311/2866/3936
f 2330/2888/3937 2311/2866/3937 2312/2867/3937
f 2317/2873/3938 2318/2875/3938 2319/2876/3938
f 2319/2876/3939 2318/2875/3939 2327/2889/3939
f 2319/2876/3940 2327/2889/3940 2321/2878/3940
f 2321/2878/3941 2327/2889/3941 2328/2890/3941
f 2321/2878/3941 2328/2890/3941 2320/2877/3941
f 2320/2877/3942 2328/2890/3942 2329/2891/3942
f 2320/2877/3942 2329/2891/3942 2322/2879/3942
f 2322/2879/3943 2329/2891/3943 2330/2892/3943
f 2322/2879/3944 2330/2892/3944 2313/2869/3944
f 2313/2869/3945 2330/2892/3945 2312/2868/3945
f 2313/2869/3946 2312/2868/3946 2301/2853/3946
f 2301/2853/3947 2156/2645/3947 2313/2869/3947
f 2313/2869/3948 2156/2645/3948 2158/2647/3948
f 2313/2869/3949 2158/2647/3949 2160/2649/3949
f 2315/2874/3950 2317/2873/3950 2331/2893/3950
f 2314/2870/3951 2315/2871/3951 2332/2894/3951
f 1987/2459/3952 2314/2870/3952 2333/2895/3952
f 2315/2874/3953 2331/2893/3953 2332/2896/3953
f 2332/2896/3954 2331/2893/3954 2334/2897/3954
f 2332/2896/3955 2334/2897/3955 2335/2898/3955
f 2336/2899/3956 2335/2898/3956 2337/2900/3956
f 2337/2900/3957 2335/2898/3957 2334/2897/3957
f 2337/2900/3958 2334/2897/3958 2263/2797/3958
f 2263/2797/3959 2334/2897/3959 2331/2893/3959
f 2263/2797/3960 2331/2893/3960 2264/2798/3960
f 2264/2798/3961 2331/2893/3961 2317/2873/3961
f 2264/2798/3962 2317/2873/3962 2172/2661/3962
f 2263/2797/3963 2261/2795/3963 2337/2900/3963
f 2337/2900/3963 2261/2795/3963 2260/2794/3963
f 2337/2900/3964 2260/2794/3964 2043/2520/3964
f 2043/2520/3965 2338/2901/3965 2337/2900/3965
f 2337/2900/3966 2338/2901/3966 2339/2902/3966
f 2337/2900/3967 2339/2902/3967 2336/2899/3967
f 2336/2899/3968 2339/2902/3968 2340/2903/3968
f 2336/2904/3969 2340/2905/3969 2341/2906/3969
f 2314/2870/3970 2332/2894/3970 2333/2895/3970
f 2333/2895/3971 2332/2894/3971 2335/2907/3971
f 2333/2895/3972 2335/2907/3972 2342/2908/3972
f 2342/2908/3973 2335/2907/3973 2336/2904/3973
f 2342/2908/3974 2336/2904/3974 2343/2909/3974
f 2343/2909/3975 2336/2904/3975 2341/2906/3975
f 2343/2909/3976 2341/2906/3976 2344/2910/3976
f 1987/2459/3977 2333/2895/3977 1971/2442/3977
f 1971/2442/3978 2333/2895/3978 2342/2908/3978
f 1971/2442/3979 2342/2908/3979 1972/2443/3979
f 1972/2443/3980 2342/2908/3980 2343/2909/3980
f 1972/2443/3981 2343/2909/3981 1973/2444/3981
f 1973/2444/3982 2343/2909/3982 2344/2910/3982
f 1973/2444/3983 2344/2910/3983 1970/2441/3983
f 2341/2906/3984 2345/2911/3984 2344/2910/3984
f 2344/2910/3985 2345/2911/3985 2346/2912/3985
f 2344/2910/3986 2346/2912/3986 1970/2441/3986
f 1970/2441/3987 2346/2912/3987 1978/2450/3987
f 2043/2520/3871 2042/2519/3871 2338/2901/3871
f 2338/2901/3988 2042/2519/3988 2347/2913/3988
f 2338/2901/3989 2347/2913/3989 2339/2902/3989
f 2339/2902/3990 2347/2913/3990 2348/2914/3990
f 2339/2902/3991 2348/2914/3991 2340/2903/3991
f 2340/2903/3992 2348/2914/3992 2349/2915/3992
f 2340/2905/3993 2349/2916/3993 2341/2906/3993
f 2341/2906/3994 2349/2916/3994 2350/2917/3994
f 2341/2906/3995 2350/2917/3995 2345/2911/3995
f 2351/119/3996 2352/119/3996 2353/119/3996
f 2353/119/3996 2352/119/3996 2354/119/3996
f 2355/119/3997 2356/119/3997 2357/119/3997
f 2357/119/3998 2356/119/3998 2358/119/3998
f 2355/119/3999 2357/119/3999 2079/119/3999
f 2079/2558/4000 2357/2918/4000 2359/2919/4000
f 2079/2558/4001 2359/2919/4001 2077/2556/4001
f 2077/119/4002 2359/119/4002 2075/119/4002
f 2075/2554/4003 2359/2919/4003 2360/2920/4003
f 2075/2554/4004 2360/2920/4004 2073/2552/4004
f 2361/2921/4005 2067/2546/4005 2362/2922/4005
f 2362/2922/4006 2067/2546/4006 2069/2548/4006
f 2362/2922/4007 2069/2548/4007 2360/2920/4007
f 2360/2920/4008 2069/2548/4008 2071/2550/4008
f 2360/2920/4009 2071/2550/4009 2073/2552/4009
f 2363/2923/4010 2062/2539/4010 2361/2924/4010
f 2361/2924/4011 2062/2539/4011 2065/2542/4011
f 2361/2921/4012 2065/2543/4012 2067/2546/4012
f 2364/2925/4013 2059/2536/4013 2363/2923/4013
f 2363/2923/4014 2059/2536/4014 2060/2537/4014
f 2363/2923/4015 2060/2537/4015 2062/2539/4015
f 2048/2525/4016 2050/2527/4016 2365/2926/4016
f 2365/2926/4017 2050/2527/4017 2052/2529/4017
f 2365/2926/4018 2052/2529/4018 2366/2927/4018
f 2366/2927/4019 2052/2529/4019 2054/2531/4019
f 2366/2927/4020 2054/2531/4020 2364/2925/4020
f 2364/2925/4021 2054/2531/4021 2057/2534/4021
f 2364/2925/4022 2057/2534/4022 2059/2536/4022
f 1999/2472/4023 1978/2450/4023 2346/2912/4023
f 2346/2912/4024 2367/2928/4024 1999/2472/4024
f 1999/2472/4025 2367/2928/4025 2368/2929/4025
f 1999/2472/4025 2368/2929/4025 2000/2473/4025
f 2000/2473/4026 2368/2929/4026 2369/2930/4026
f 2000/2473/4027 2369/2930/4027 1998/2471/4027
f 1998/2471/4028 2369/2930/4028 2370/2931/4028
f 1998/2471/4029 2370/2931/4029 1983/2455/4029
f 1983/2455/4030 2370/2931/4030 2371/2932/4030
f 1983/2455/4031 2371/2932/4031 1984/2456/4031
f 1984/2456/4032 2371/2932/4032 2372/2933/4032
f 1984/2456/4033 2372/2933/4033 1988/2460/4033
f 1988/2460/4034 2372/2933/4034 2373/2934/4034
f 1988/2460/4035 2373/2934/4035 1989/2461/4035
f 1989/2461/4036 2373/2934/4036 2374/2935/4036
f 1989/2461/4037 2374/2935/4037 1979/2451/4037
f 1979/2451/4038 2374/2935/4038 2352/2936/4038
f 1979/2451/4039 2352/2936/4039 1977/2449/4039
f 1977/2937/4040 2352/2938/4040 2351/2939/4040
f 1977/119/4041 2351/119/4041 1969/119/4041
f 2346/2912/4042 2345/2911/4042 2367/2928/4042
f 2367/2928/4043 2345/2911/4043 2350/2917/4043
f 2367/2928/4044 2350/2917/4044 2349/2916/4044
f 2349/2916/4045 2365/2940/4045 2367/2928/4045
f 2367/2928/4046 2365/2940/4046 2366/2941/4046
f 2367/2928/4047 2366/2941/4047 2368/2929/4047
f 2368/2929/4048 2366/2941/4048 2364/2942/4048
f 2368/2929/4049 2364/2942/4049 2369/2930/4049
f 2369/2930/4050 2364/2942/4050 2363/2943/4050
f 2369/2930/4051 2363/2943/4051 2370/2931/4051
f 2370/2931/4052 2363/2943/4052 2361/2944/4052
f 2370/2931/4053 2361/2944/4053 2371/2932/4053
f 2371/2932/4054 2361/2944/4054 2362/2945/4054
f 2371/2932/4055 2362/2945/4055 2372/2933/4055
f 2372/2933/4056 2362/2945/4056 2360/2946/4056
f 2372/2933/4057 2360/2946/4057 2373/2934/4057
f 2373/2934/4058 2360/2946/4058 2359/2947/4058
f 2373/2934/4059 2359/2947/4059 2374/2935/4059
f 2374/2948/4060 2359/2919/4060 2357/2918/4060
f 2374/2935/4061 2357/2949/4061 2352/2936/4061
f 2352/2950/4062 2357/2951/4062 2358/2952/4062
f 2352/2936/4063 2358/2953/4063 2354/2954/4063
f 2042/2519/4064 2048/2525/4064 2347/2913/4064
f 2347/2913/4065 2048/2525/4065 2365/2926/4065
f 2347/2913/4066 2365/2926/4066 2348/2914/4066
f 2348/2914/4067 2365/2926/4067 2349/2915/4067
f 2375/2955/4068 1369/2440/4068 1969/2439/4068
f 1969/2439/4069 2351/2956/4069 2375/2955/4069
f 2375/2955/4070 2351/2956/4070 2353/2957/4070
f 2375/2955/4071 2353/2957/4071 2376/2958/4071
f 2376/2958/4072 2353/2957/4072 2354/2954/4072
f 2376/2958/4073 2354/2954/4073 2358/2953/4073
f 2079/2558/4074 1363/2562/4074 2355/2959/4074
f 2355/2959/4075 1363/2562/4075 2376/2960/4075
f 2355/2959/4076 2376/2960/4076 2356/2961/4076
f 2356/2961/4077 2376/2960/4077 2358/2962/4077
