# Blender 3.6.0
# www.blender.org
mtllib head_pan_link.mtl
o head_pan_link
v 0.197500 -0.128208 0.057999
v 0.197500 -0.108322 0.057999
v 0.197029 -0.128208 0.065178
v 0.196517 -0.108531 0.068347
v 0.195626 -0.128208 0.072234
v 0.195242 -0.108606 0.072103
v 0.193313 -0.128208 0.079046
v 0.191646 -0.108820 0.082691
v 0.190131 -0.128208 0.085499
v 0.189845 -0.108873 0.085301
v 0.186134 -0.128208 0.091480
v 0.183045 -0.109072 0.095161
v 0.181391 -0.128208 0.096889
v 0.181214 -0.109102 0.096675
v 0.175982 -0.128208 0.101633
v 0.171370 -0.109267 0.104813
v 0.170000 -0.128208 0.105630
v 0.169921 -0.109279 0.105450
v 0.163548 -0.128208 0.108812
v 0.157504 -0.109390 0.110913
v 0.156735 -0.128208 0.111125
v 0.156721 -0.109392 0.111021
v 0.149679 -0.128208 0.112528
v 0.142500 -0.109432 0.112999
v 0.142500 -0.128208 0.112999
v -0.005601 -0.107361 0.101456
v -0.002654 -0.127166 0.102529
v 0.001257 -0.108789 0.103952
v 0.000226 -0.127629 0.103577
v 0.001257 -0.127762 0.103952
v -0.018370 -0.102413 0.096809
v -0.023614 -0.119896 0.094900
v -0.012620 -0.104982 0.098902
v -0.016626 -0.123044 0.097443
v -0.009649 -0.125483 0.099983
v -0.077442 -0.081984 0.075308
v -0.070119 -0.087997 0.077973
v -0.110840 0.026484 0.063152
v -0.012620 0.104982 0.098902
v -0.023648 0.119879 0.094888
v -0.018370 0.102413 0.096809
v -0.027134 0.118067 0.093619
v -0.027340 0.097475 0.093544
v 0.001257 0.127762 0.103952
v 0.000043 0.127604 0.103511
v 0.001257 0.108789 0.103952
v -0.002673 0.127162 0.102522
v -0.005601 0.107361 0.101456
v -0.009673 0.125476 0.099974
v -0.016655 0.123032 0.097433
v -0.070107 -0.088006 0.077978
v -0.053199 -0.100842 0.084132
v -0.037639 -0.090743 0.089795
v -0.045037 -0.106766 0.087103
v -0.027340 -0.097475 0.093544
v -0.035992 -0.112842 0.090395
v -0.027222 -0.118019 0.093587
v -0.035905 0.112897 0.090426
v -0.044952 0.106826 0.087134
v -0.037639 0.090743 0.089795
v -0.053212 0.100831 0.084127
v -0.070107 0.088006 0.077978
v -0.070119 0.087997 0.077973
v -0.074089 0.084868 0.076529
v -0.080992 0.078660 0.074016
v -0.087351 0.071887 0.071702
v -0.093150 0.064557 0.069591
v -0.097042 0.058809 0.068174
v -0.101620 0.050852 0.066508
v -0.105524 0.042529 0.065087
v -0.108740 0.033847 0.063917
v -0.110522 -0.027737 0.063268
v -0.107846 -0.036499 0.064242
v -0.104613 -0.044642 0.065419
v -0.100574 -0.052811 0.066889
v -0.095871 -0.060623 0.068601
v -0.090504 -0.068061 0.070554
v -0.084045 -0.075550 0.072905
v -0.112449 -0.018846 0.062567
v -0.112664 0.017565 0.062488
v -0.113634 -0.009844 0.062135
v -0.113746 0.008507 0.062095
v -0.114073 -0.000681 0.061976
v 0.052560 -0.128208 0.112999
v 0.052560 -0.109432 0.112999
v 0.035161 -0.109407 0.111770
v 0.035146 -0.128208 0.111984
v 0.031476 -0.109401 0.111510
v 0.017968 -0.128208 0.108955
v 0.018080 -0.109338 0.108461
v 0.010018 -0.128208 0.106839
v 0.007314 -0.109288 0.106012
v 0.007247 -0.128181 0.105990
v 0.004496 -0.128051 0.105090
v 0.004290 -0.109123 0.105020
v 0.001770 -0.127818 0.104138
v 0.001417 -0.127781 0.104010
v 0.142500 0.128208 0.112999
v 0.142500 0.109432 0.112999
v 0.149679 0.128208 0.112528
v 0.153400 0.109410 0.111908
v 0.156735 0.128208 0.111125
v 0.156614 0.109387 0.110779
v 0.163548 0.128208 0.108812
v 0.167693 0.109309 0.106890
v 0.170000 0.128208 0.105630
v 0.169827 0.109278 0.105385
v 0.175982 0.128208 0.101633
v 0.180075 0.109132 0.098162
v 0.181391 0.128208 0.096889
v 0.181218 0.109104 0.096750
v 0.186134 0.128208 0.091480
v 0.189606 0.108895 0.086389
v 0.190131 0.128208 0.085499
v 0.190009 0.108876 0.085446
v 0.193313 0.128208 0.079046
v 0.195564 0.108614 0.072461
v 0.195626 0.128208 0.072234
v 0.195595 0.108609 0.072229
v 0.197029 0.128208 0.065178
v 0.197500 0.108322 0.057999
v 0.197500 0.128208 0.057999
v -0.019713 0.136156 0.040334
v -0.014999 0.137944 0.041092
v -0.019052 -0.136384 0.040461
v -0.031488 -0.130398 0.039601
v -0.031488 0.130398 0.039601
v -0.024560 -0.133979 0.039854
v -0.027163 0.132689 0.039700
v -0.025061 0.133668 0.039879
v -0.006604 -0.140580 0.042918
v -0.010665 -0.139446 0.041911
v -0.012823 0.138743 0.041464
v -0.013117 0.138657 0.041394
v -0.015003 -0.137926 0.041105
v -0.017624 -0.137008 0.040618
v -0.006047 0.140720 0.043071
v -0.000058 0.141909 0.044990
v -0.006542 -0.140592 0.042938
v 0.001004 0.142120 0.045331
v 0.001004 -0.142120 0.045331
v -0.006538 0.140577 0.042955
v -0.031905 -0.130166 0.039601
v -0.032790 -0.129676 0.039601
v -0.042204 -0.123895 0.039601
v -0.117432 -0.042505 0.039601
v -0.113670 -0.051760 0.039601
v -0.110795 -0.057443 0.039601
v -0.117548 -0.042219 0.039601
v -0.120648 -0.032310 0.039601
v -0.121868 -0.026777 0.039601
v -0.123053 -0.021399 0.039601
v -0.124395 -0.011216 0.039601
v -0.124423 -0.010640 0.039601
v -0.124897 -0.000929 0.039601
v -0.124670 0.005699 0.039601
v -0.124542 0.009447 0.039601
v -0.122906 0.021941 0.039601
v -0.084805 0.091572 0.039601
v -0.079528 0.096308 0.039601
v -0.123200 0.020539 0.039601
v -0.037282 0.126915 0.039601
v -0.041046 0.124653 0.039601
v -0.052186 -0.117040 0.039601
v -0.062704 -0.109249 0.039601
v -0.068016 -0.105201 0.039601
v -0.074041 -0.100608 0.039601
v -0.081024 -0.094957 0.039601
v -0.082663 -0.093631 0.039601
v -0.090108 -0.086491 0.039601
v -0.092143 -0.084186 0.039601
v -0.096940 -0.078757 0.039601
v -0.102386 -0.071452 0.039601
v -0.072167 0.102026 0.039601
v -0.071226 0.102756 0.039601
v -0.062074 0.109725 0.039601
v -0.046322 -0.121067 0.039601
v -0.103152 -0.070425 0.039601
v -0.109034 -0.060924 0.039601
v -0.121096 0.030592 0.039601
v -0.118954 0.037801 0.039601
v -0.118163 0.040465 0.039601
v -0.052008 0.117167 0.039601
v -0.050005 0.118535 0.039601
v -0.114395 0.050139 0.039601
v -0.112981 0.053007 0.039601
v -0.087175 0.089446 0.039601
v -0.109456 0.060162 0.039601
v -0.105121 0.067333 0.039601
v -0.096038 0.079710 0.039601
v -0.104143 0.068951 0.039601
v -0.098108 0.077297 0.039601
v -0.091350 0.085178 0.039601
v 0.122970 -0.143000 0.057999
v 0.104441 -0.143000 0.057999
v 0.197322 -0.107567 0.057999
v 0.186569 0.142436 0.057999
v 0.187830 0.141774 0.057999
v 0.196255 0.106500 0.057999
v 0.197387 0.107660 0.057999
v 0.197334 0.107564 0.057999
v 0.197196 -0.107261 0.057999
v 0.070430 -0.143000 0.057999
v 0.054893 -0.143000 0.057999
v 0.086500 -0.106321 0.057999
v 0.052560 -0.143000 0.057999
v 0.086500 0.106321 0.057999
v 0.052560 0.143000 0.057999
v 0.088540 0.143000 0.057999
v 0.195500 0.106321 0.057999
v 0.142500 0.143000 0.057999
v 0.195939 0.106370 0.057999
v 0.183256 0.143000 0.057999
v 0.186141 0.142575 0.057999
v 0.195500 -0.106321 0.057999
v 0.196162 -0.106434 0.057999
v 0.196258 -0.106487 0.057999
v 0.186071 -0.142596 0.057999
v 0.183256 -0.143000 0.057999
v 0.142500 -0.143000 0.057999
v 0.196560 0.106625 0.057999
v 0.197062 0.107072 0.057999
v 0.189151 0.141079 0.057999
v 0.189509 0.140806 0.057999
v 0.196415 0.131650 0.057999
v 0.197222 0.130012 0.057999
v 0.086924 -0.143000 0.057999
v 0.196749 -0.106760 0.057999
v 0.197222 -0.130012 0.057999
v 0.196415 -0.131650 0.057999
v 0.189454 -0.140850 0.057999
v 0.189094 -0.141121 0.057999
v 0.187831 -0.141773 0.057999
v 0.197451 -0.107882 0.057999
v 0.186502 -0.142459 0.057999
v 0.191457 0.138730 0.057999
v 0.191457 -0.138730 0.057999
v 0.050329 0.143000 0.057892
v 0.048909 -0.143000 0.057928
v 0.046390 -0.143000 0.057798
v 0.043516 0.143000 0.057567
v 0.043690 -0.143000 0.057494
v 0.038042 0.143000 0.056781
v 0.037476 -0.143000 0.056793
v 0.036072 0.143000 0.056498
v 0.036075 -0.143000 0.056500
v 0.034632 0.143000 0.056291
v 0.030512 -0.143000 0.055333
v 0.028695 -0.143000 0.054952
v 0.026052 0.143000 0.054219
v 0.024423 -0.143000 0.053624
v 0.025924 0.143000 0.054188
v 0.020068 -0.143000 0.052269
v 0.020068 0.143000 0.052269
v 0.017831 -0.142987 0.051455
v 0.007147 0.142704 0.047566
v 0.011415 -0.142952 0.049120
v 0.011411 0.142989 0.049118
v 0.013970 0.142992 0.050050
v 0.009635 -0.142942 0.048472
v 0.004973 -0.142498 0.046775
v 0.003538 0.142463 0.046253
v -0.071364 0.090203 0.076837
v -0.073610 0.095093 0.072796
v -0.075406 0.086964 0.075391
v -0.081298 0.088798 0.070139
v -0.081216 0.081657 0.073313
v -0.084033 0.086156 0.069194
v -0.082428 0.080550 0.072879
v -0.088216 0.082115 0.067748
v -0.088889 0.073570 0.070567
v -0.093431 0.076140 0.065948
v -0.090048 0.072085 0.070152
v -0.095201 0.074112 0.065336
v -0.094774 0.066031 0.068460
v -0.100830 0.066436 0.063394
v -0.097749 0.061582 0.067395
v -0.101642 0.065121 0.063114
v -0.098720 0.060129 0.067047
v -0.105796 0.058390 0.061681
v -0.103357 0.051970 0.065386
v -0.108469 0.053172 0.060760
v -0.104154 0.050251 0.065101
v -0.107308 0.043447 0.063971
v -0.110100 0.049989 0.060198
v -0.109207 0.038259 0.063290
v -0.113985 0.040559 0.058860
v -0.110560 0.034565 0.062806
v -0.113992 0.040541 0.058857
v -0.112682 0.027041 0.062045
v -0.116866 0.031506 0.057868
v -0.117838 0.027327 0.057533
v -0.121057 0.003671 0.056425
v -0.115922 -0.000001 0.060884
v -0.120395 0.013059 0.056653
v -0.115616 0.008683 0.060993
v -0.120289 0.013765 0.056689
v -0.115109 0.012978 0.061175
v -0.118997 0.022340 0.057134
v -0.114524 0.017931 0.061385
v -0.112933 0.025801 0.061955
v -0.121089 0.002432 0.056414
v -0.121042 0.000002 0.056430
v -0.115947 -0.000696 0.060875
v -0.120904 -0.007067 0.056478
v -0.115503 -0.010048 0.061034
v -0.120238 -0.013761 0.056707
v -0.115122 -0.012978 0.061171
v -0.114307 -0.019239 0.061463
v -0.119971 -0.016449 0.056799
v -0.112902 -0.025793 0.061966
v -0.118303 -0.025707 0.057373
v -0.117876 -0.027335 0.057520
v -0.112360 -0.028320 0.062160
v -0.115986 -0.034550 0.058170
v -0.109655 -0.037277 0.063130
v -0.113905 -0.040528 0.058887
v -0.109261 -0.038280 0.063271
v -0.112840 -0.043588 0.059254
v -0.106385 -0.045609 0.064301
v -0.109005 -0.052287 0.060575
v -0.104126 -0.050234 0.065110
v -0.108514 -0.053197 0.060744
v -0.102298 -0.053978 0.065766
v -0.104494 -0.060642 0.062130
v -0.097767 -0.061597 0.067388
v -0.101628 -0.065110 0.063119
v -0.097532 -0.061991 0.067472
v -0.099954 -0.067719 0.063696
v -0.092089 -0.069633 0.069421
v -0.094108 -0.075462 0.065714
v -0.090025 -0.072060 0.070160
v -0.093470 -0.076178 0.065934
v -0.085531 -0.077344 0.071768
v -0.087690 -0.082662 0.067930
v -0.081192 -0.081634 0.073321
v -0.084030 -0.086152 0.069195
v -0.078818 -0.083982 0.074171
v -0.080709 -0.089318 0.070343
v -0.071364 -0.090203 0.076837
v -0.073610 -0.095093 0.072795
v 0.010355 0.131650 0.105807
v 0.011472 0.137276 0.102030
v 0.007474 0.131580 0.104954
v 0.008319 0.137131 0.101214
v 0.004618 0.131397 0.104049
v 0.005158 0.136869 0.100319
v 0.001791 0.131104 0.103093
v 0.002032 0.136483 0.099364
v 0.001424 0.131057 0.102964
v 0.001245 0.131032 0.102902
v -0.046145 0.109110 0.085996
v -0.037262 0.115124 0.089201
v -0.038915 0.119806 0.085499
v -0.037011 0.115293 0.089292
v -0.035640 0.121915 0.086674
v -0.028202 0.120562 0.092456
v -0.029491 0.125316 0.088829
v -0.028104 0.120620 0.092491
v -0.025799 0.127358 0.090123
v -0.024548 0.122507 0.093764
v -0.022435 0.128979 0.091282
v -0.018719 0.125207 0.095842
v -0.019550 0.130159 0.092266
v -0.017375 0.125830 0.096321
v -0.014159 0.132364 0.094103
v -0.010159 0.128460 0.098880
v -0.009059 0.133950 0.095772
v -0.008874 0.128791 0.099334
v -0.006020 0.134895 0.096766
v -0.002870 0.130334 0.101453
v -0.000027 0.130845 0.102454
v -0.046327 0.115033 0.082842
v -0.050467 0.112153 0.081341
v -0.054451 0.103053 0.082988
v -0.056620 0.107631 0.079076
v -0.054555 0.102974 0.082949
v -0.068676 0.098772 0.074637
v -0.056660 -0.107690 0.079078
v -0.054553 -0.102975 0.082950
v -0.057009 -0.107441 0.078951
v 0.001424 -0.131057 0.102964
v 0.001245 -0.131032 0.102902
v 0.002032 -0.136483 0.099364
v 0.000164 -0.130874 0.102521
v -0.001929 -0.135811 0.098094
v -0.002850 -0.130338 0.101460
v -0.009083 -0.134020 0.095768
v -0.008876 -0.128791 0.099333
v -0.009693 -0.133867 0.095569
v -0.010134 -0.128468 0.098889
v -0.017297 -0.131187 0.093038
v -0.017345 -0.125843 0.096331
v -0.019553 -0.130183 0.092265
v -0.018716 -0.125208 0.095843
v -0.024850 -0.127828 0.090451
v -0.024513 -0.122525 0.093776
v -0.029030 -0.125685 0.088997
v -0.028195 -0.120570 0.092459
v -0.029523 -0.125399 0.088823
v -0.028197 -0.120569 0.092458
v -0.038135 -0.120391 0.085784
v -0.037099 -0.115237 0.089260
v -0.038942 -0.119860 0.085494
v -0.037259 -0.115128 0.089203
v -0.047424 -0.114278 0.082445
v -0.046231 -0.109049 0.085965
v -0.054437 -0.103064 0.082993
v 0.011470 -0.137267 0.102036
v 0.010355 -0.131650 0.105807
v 0.008321 -0.137137 0.101211
v 0.007474 -0.131580 0.104954
v 0.005158 -0.136869 0.100320
v 0.004617 -0.131397 0.104048
v 0.001790 -0.131103 0.103092
v 0.001417 0.127781 0.104010
v 0.004290 0.109123 0.105020
v 0.007314 0.109288 0.106012
v 0.004497 0.128051 0.105090
v 0.001771 0.127818 0.104138
v 0.018053 0.109341 0.108604
v 0.010018 0.128208 0.106839
v 0.007248 0.128181 0.105991
v 0.027593 0.109389 0.110906
v 0.035146 0.128208 0.111984
v 0.017968 0.128208 0.108955
v 0.035183 0.109402 0.111542
v 0.052560 0.109432 0.112999
v 0.052560 0.128208 0.112999
v 0.011470 -0.137270 0.102033
v 0.019709 -0.137284 0.104197
v 0.018218 -0.131650 0.107899
v 0.031143 -0.131650 0.110179
v 0.052560 -0.137270 0.107978
v 0.052560 -0.131650 0.111914
v 0.041473 -0.137271 0.107553
v 0.035272 -0.131650 0.110907
v 0.031682 -0.137267 0.106429
v 0.030508 -0.137266 0.106294
v 0.142500 -0.137270 0.107978
v 0.142500 -0.131650 0.111914
v 0.097530 -0.137270 0.107978
v 0.031143 0.131650 0.110179
v 0.030527 0.137260 0.106301
v 0.018218 0.131650 0.107899
v 0.019781 0.137302 0.104201
v 0.011473 0.137281 0.102026
v 0.052560 0.131650 0.111914
v 0.052560 0.137270 0.107978
v 0.035272 0.131650 0.110907
v 0.041476 0.137272 0.107552
v 0.031681 0.137261 0.106433
v 0.097530 0.137270 0.107978
v 0.142500 0.131650 0.111914
v 0.142500 0.137270 0.107978
v -0.089606 0.085956 0.060572
v -0.084271 0.090999 0.062315
v -0.074138 0.099391 0.065651
v -0.071601 0.101285 0.066601
v -0.035656 0.126367 0.079500
v -0.026729 0.131177 0.082468
v 0.007131 0.141246 0.092656
v 0.010328 0.141449 0.093591
v 0.013358 0.141535 0.094408
v 0.013435 0.141536 0.094427
v -0.000659 0.140108 0.090296
v 0.004050 0.140928 0.091720
v -0.004483 0.139442 0.089140
v -0.013083 0.136961 0.086574
v -0.007368 0.138610 0.088279
v -0.013758 0.136698 0.086379
v -0.016808 0.135508 0.085494
v -0.019964 0.134277 0.084578
v -0.025415 0.131885 0.082905
v -0.021878 0.133531 0.084023
v -0.036223 0.126008 0.079302
v -0.046655 0.119395 0.075675
v -0.049315 0.117564 0.074733
v -0.050875 0.116490 0.074182
v -0.069223 0.103061 0.067490
v -0.082290 0.092872 0.062962
v -0.074245 0.099311 0.065613
v -0.124374 0.005682 0.049254
v -0.123798 0.013726 0.049441
v -0.122551 0.021880 0.049846
v -0.122306 0.023478 0.049925
v -0.120033 0.033100 0.050663
v -0.118556 0.037673 0.051143
v -0.116971 0.042577 0.051658
v -0.112827 0.052473 0.053006
v -0.112633 0.052845 0.053069
v -0.108249 0.061257 0.054495
v -0.104630 0.067018 0.055673
v -0.102974 0.069654 0.056212
v -0.097003 0.077646 0.058159
v -0.095537 0.079293 0.058637
v -0.074245 -0.099312 0.065612
v -0.080498 -0.094341 0.063551
v -0.081669 -0.093410 0.063165
v -0.089049 -0.086523 0.060754
v -0.091615 -0.083702 0.059916
v -0.095845 -0.079050 0.058536
v -0.101933 -0.071136 0.056552
v -0.102044 -0.070991 0.056515
v -0.106866 -0.063609 0.054945
v -0.110375 -0.057221 0.053803
v -0.111662 -0.054878 0.053384
v -0.115744 -0.045770 0.052057
v -0.116959 -0.042335 0.051662
v -0.119095 -0.036294 0.050968
v -0.121566 -0.027014 0.050166
v -0.121619 -0.026723 0.050148
v -0.123345 -0.017289 0.049588
v -0.124020 -0.010604 0.049369
v -0.124341 -0.007429 0.049265
v -0.124538 0.002557 0.049201
v -0.124504 0.003859 0.049212
v -0.057504 -0.111748 0.071796
v -0.067402 -0.104395 0.068139
v -0.074135 -0.099393 0.065652
v -0.031080 -0.128890 0.081024
v -0.038226 -0.124829 0.078612
v -0.047777 -0.118633 0.075280
v -0.045699 -0.119981 0.076005
v -0.023290 -0.132844 0.083567
v -0.024422 -0.132361 0.083224
v -0.028789 -0.130191 0.081797
v -0.016856 -0.135589 0.085514
v -0.003218 -0.139614 0.089521
v -0.008377 -0.138441 0.087984
v -0.009403 -0.138101 0.087686
v -0.016411 -0.135779 0.085649
v 0.004056 -0.140929 0.091722
v 0.003264 -0.140813 0.091480
v -0.000103 -0.140322 0.090450
v 0.010316 -0.141454 0.093581
v 0.007131 -0.141245 0.092656
v 0.020764 -0.141540 0.096365
v 0.013513 -0.141527 0.094460
v 0.013440 -0.141526 0.094441
v 0.011877 -0.141490 0.094011
v 0.021509 -0.141542 0.096561
v 0.031699 -0.141524 0.098543
v 0.039771 -0.141528 0.099469
v 0.042072 -0.141529 0.099733
v 0.052558 -0.141528 0.100135
v 0.055052 -0.141528 0.100135
v 0.070441 -0.141528 0.100135
v 0.086925 -0.141528 0.100135
v 0.097530 -0.141528 0.100135
v 0.104441 -0.141528 0.100135
v 0.122970 -0.141528 0.100135
v 0.142500 -0.141528 0.100135
v 0.014274 0.141539 0.094647
v 0.021613 0.141560 0.096568
v 0.031482 0.141519 0.098506
v 0.031716 0.141518 0.098552
v 0.042073 0.141530 0.099732
v 0.049811 0.141529 0.100030
v 0.052559 0.141528 0.100135
v 0.142500 0.141528 0.100135
v 0.097530 0.141528 0.100135
v 0.088540 0.141528 0.100135
v 0.191006 -0.138505 0.065708
v 0.195954 -0.131650 0.065036
v 0.189592 -0.138362 0.070608
v 0.194578 -0.131650 0.071953
v 0.187119 -0.138113 0.079176
v 0.192311 -0.131650 0.078631
v 0.184991 -0.138015 0.082510
v 0.189192 -0.131650 0.084956
v 0.185273 -0.131650 0.090820
v 0.179588 -0.137768 0.090979
v 0.180624 -0.131650 0.096122
v 0.177409 -0.137713 0.092875
v 0.169037 -0.137499 0.100162
v 0.175321 -0.131650 0.100772
v 0.169457 -0.131650 0.104690
v 0.167322 -0.137476 0.100947
v 0.156329 -0.137329 0.105984
v 0.149537 -0.131650 0.111452
v 0.155408 -0.137325 0.106117
v 0.156454 -0.131650 0.110076
v 0.163132 -0.131650 0.107809
v 0.151034 0.137292 0.107228
v 0.149537 0.131650 0.111452
v 0.155290 0.137333 0.105825
v 0.156454 0.131650 0.110076
v 0.164308 0.137421 0.102852
v 0.163132 0.131650 0.107809
v 0.167205 0.137479 0.100849
v 0.169457 0.131650 0.104690
v 0.175321 0.131650 0.100772
v 0.175811 0.137653 0.094898
v 0.180624 0.131650 0.096122
v 0.177394 0.137711 0.092937
v 0.189192 0.131650 0.084956
v 0.185161 0.138011 0.082657
v 0.184603 0.137972 0.084007
v 0.185273 0.131650 0.090820
v 0.194578 0.131650 0.071953
v 0.189997 0.138359 0.070732
v 0.189959 0.138349 0.071059
v 0.192311 0.131650 0.078631
v 0.195954 0.131650 0.065036
v 0.182061 0.142607 0.069235
v 0.149635 0.141550 0.099506
v 0.177634 0.142230 0.080051
v 0.160726 0.141679 0.095834
v 0.170322 0.141912 0.089167
v 0.182916 -0.142763 0.064771
v 0.179718 -0.142371 0.076012
v 0.173467 -0.142026 0.085885
v 0.164673 -0.141757 0.093578
v 0.154061 -0.141587 0.098462
v 0.196754 0.130012 0.065141
v 0.195358 0.130012 0.072162
v 0.193057 0.130012 0.078940
v 0.189891 0.130012 0.085360
v 0.185914 0.130012 0.091311
v 0.181194 0.130012 0.096693
v 0.175813 0.130012 0.101413
v 0.169861 0.130012 0.105389
v 0.163441 0.130012 0.108555
v 0.156663 0.130012 0.110856
v 0.149643 0.130012 0.112253
v 0.142500 0.130012 0.112721
v 0.052560 0.130012 0.112719
v 0.052560 0.130023 0.112718
v 0.035179 0.130023 0.111705
v 0.018033 0.130023 0.108682
v 0.010114 0.130022 0.106573
v 0.010112 0.130012 0.106578
v 0.001353 0.129479 0.103653
v 0.001337 0.129903 0.103564
v 0.001692 0.129533 0.103841
v 0.001353 0.129479 0.103653
v 0.004472 0.129800 0.104805
v 0.007281 0.129961 0.105718
v 0.001161 0.129469 0.103650
v -0.071217 0.089897 0.077075
v -0.070760 0.089117 0.077448
v -0.053907 0.101974 0.083700
v -0.000082 0.129294 0.103202
v -0.010003 0.127025 0.099620
v -0.002861 0.128814 0.102199
v -0.017100 0.124480 0.097055
v -0.024180 0.121236 0.094492
v -0.027700 0.119384 0.093216
v -0.036536 0.114131 0.090011
v -0.045625 0.108001 0.086710
v -0.070810 -0.089135 0.077549
v 0.142500 -0.130012 0.112721
v 0.149643 -0.130012 0.112253
v 0.156663 -0.130012 0.110856
v 0.163441 -0.130012 0.108555
v 0.169861 -0.130012 0.105389
v 0.175813 -0.130012 0.101413
v 0.181194 -0.130012 0.096693
v 0.185914 -0.130012 0.091311
v 0.189891 -0.130012 0.085360
v 0.193057 -0.130012 0.078940
v 0.195358 -0.130012 0.072162
v 0.196754 -0.130012 0.065141
v -0.027789 -0.119335 0.093184
v 0.001161 -0.129469 0.103650
v -0.002841 -0.128818 0.102206
v 0.000105 -0.129322 0.103270
v -0.017070 -0.124492 0.097066
v -0.009979 -0.127032 0.099629
v -0.024146 -0.121253 0.094504
v -0.036624 -0.114075 0.089979
v -0.045710 -0.107940 0.086679
v -0.053893 -0.101984 0.083705
v 0.052560 -0.130012 0.112719
v 0.052560 -0.130023 0.112718
v 0.001331 -0.129490 0.103712
v 0.001331 -0.129491 0.103712
v 0.035179 -0.130023 0.111705
v 0.018033 -0.130023 0.108682
v 0.010114 -0.130022 0.106573
v 0.010112 -0.130012 0.106578
v 0.001691 -0.129533 0.103841
v 0.004472 -0.129800 0.104805
v 0.007280 -0.129961 0.105718
v 0.187470 -0.141624 0.065343
v 0.183874 -0.141210 0.077832
v 0.176897 -0.140847 0.088782
v 0.167114 -0.140564 0.097303
v 0.155329 -0.140384 0.102707
v 0.142500 -0.140323 0.104558
v 0.097530 -0.140323 0.104558
v 0.052559 -0.140323 0.104558
v 0.041734 -0.140323 0.104143
v 0.013481 -0.141522 0.094577
v 0.012863 -0.141130 0.096837
v 0.020497 -0.140337 0.100868
v 0.012361 -0.140245 0.098694
v 0.012076 -0.139658 0.099751
v 0.012123 -0.139784 0.099574
v 0.011538 -0.137632 0.101776
v 0.012172 -0.139911 0.099394
v 0.012361 -0.140244 0.098695
v 0.031027 -0.140318 0.102914
v 0.009140 -0.140231 0.097878
v 0.012287 -0.140231 0.098671
v 0.002772 -0.139646 0.096018
v 0.005917 -0.139998 0.096967
v 0.002772 -0.139646 0.096018
v -0.057833 -0.110187 0.075770
v -0.074454 -0.097827 0.069618
v -0.074502 -0.097778 0.069623
v -0.074500 -0.097787 0.069598
v -0.001334 -0.138992 0.094742
v -0.009435 -0.137022 0.092231
v -0.017304 -0.134271 0.089779
v -0.025121 -0.130807 0.087256
v -0.029415 -0.128625 0.085809
v -0.038720 -0.123254 0.082603
v -0.048164 -0.117068 0.079262
v -0.120668 -0.026495 0.054154
v -0.081793 -0.091897 0.067169
v -0.096762 0.076299 0.062150
v -0.102582 0.068415 0.060201
v -0.089545 0.084513 0.064568
v -0.074502 0.097777 0.069623
v -0.074451 0.097810 0.069636
v -0.074456 0.097826 0.069618
v -0.082401 0.091363 0.066965
v -0.107718 0.060143 0.058482
v -0.112173 0.051500 0.056992
v -0.119179 0.032469 0.054651
v -0.121387 0.023026 0.053914
v -0.122836 0.013461 0.053430
v -0.123555 0.002507 0.053190
v -0.123522 0.003784 0.053201
v -0.123363 -0.007284 0.053254
v -0.122397 -0.016954 0.053577
v -0.118268 -0.035604 0.054955
v -0.115010 -0.044912 0.056044
v -0.111040 -0.053865 0.057371
v -0.106372 -0.062459 0.058932
v -0.101675 -0.069733 0.060504
v -0.095632 -0.077686 0.062528
v -0.089002 -0.085074 0.064751
v -0.116203 0.041774 0.055645
v 0.002769 0.139646 0.096017
v -0.005616 0.138066 0.093415
v 0.002769 0.139646 0.096017
v -0.069532 0.101499 0.071458
v -0.051240 0.114925 0.078160
v -0.047053 0.117829 0.079658
v -0.036179 0.124794 0.083493
v -0.026097 0.130328 0.086930
v -0.022630 0.131986 0.088075
v -0.014058 0.135495 0.090785
v 0.005917 0.139999 0.096966
v 0.013403 0.141531 0.094545
v 0.012319 0.140255 0.098672
v 0.012802 0.141139 0.096812
v 0.012243 0.140238 0.098649
v 0.012044 0.139668 0.099734
v 0.012136 0.139921 0.099376
v 0.012318 0.140254 0.098675
v 0.011535 0.137643 0.101768
v 0.012039 0.139648 0.099755
v 0.009146 0.140224 0.097885
v 0.052560 0.140323 0.104558
v 0.041736 0.140325 0.104142
v 0.020587 0.140356 0.100874
v 0.031045 0.140312 0.102922
v 0.097530 0.140323 0.104558
v 0.142500 0.140323 0.104558
v 0.186503 0.141460 0.070304
v 0.150417 0.140346 0.103862
v 0.162729 0.140481 0.099800
v 0.173395 0.140726 0.092418
v 0.181544 0.141061 0.082313
v 0.007940 -0.107288 0.104140
v 0.007942 -0.107041 0.092357
v 0.007936 -0.107288 0.104139
v 0.007435 -0.107028 0.092357
v 0.005084 -0.107129 0.103168
v 0.000792 -0.106391 0.092357
v -0.016167 -0.100862 0.092357
v -0.023871 -0.096805 0.092357
v -0.016817 -0.100612 0.094971
v -0.012065 -0.102671 0.092357
v -0.011969 -0.102780 0.096779
v -0.011941 -0.102714 0.092357
v -0.011205 -0.103121 0.097064
v -0.005677 -0.104914 0.092357
v -0.004402 -0.105429 0.099619
v -0.001721 -0.105817 0.092357
v -0.001761 -0.105980 0.100617
v 0.002205 -0.106807 0.102115
v -0.016817 0.100612 0.094971
v -0.023871 0.096805 0.092357
v -0.016167 0.100862 0.092357
v -0.011205 0.103121 0.097064
v -0.011969 0.102780 0.096779
v -0.011941 0.102714 0.092357
v 0.007435 0.107028 0.092357
v 0.007942 0.107041 0.092357
v 0.007940 0.107288 0.104140
v 0.007936 0.107288 0.104139
v 0.005084 0.107129 0.103168
v 0.000792 0.106391 0.092357
v 0.002205 0.106807 0.102115
v -0.001721 0.105817 0.092357
v -0.001761 0.105980 0.100617
v -0.004402 0.105429 0.099619
v -0.005677 0.104914 0.092357
v -0.012065 0.102671 0.092357
v 0.087868 -0.106579 0.070301
v 0.091906 -0.106824 0.082003
v 0.194553 -0.106531 0.068013
v 0.098279 -0.107041 0.092357
v 0.142500 -0.107432 0.111041
v 0.007938 -0.107288 0.104153
v 0.031758 -0.107402 0.109571
v 0.052560 -0.107432 0.111041
v 0.170320 -0.107267 0.103152
v 0.181571 -0.107072 0.093852
v 0.189858 -0.106821 0.081835
v 0.156958 -0.107390 0.109030
v 0.087868 0.106579 0.070301
v 0.142500 0.107432 0.111041
v 0.052560 0.107432 0.111041
v 0.027926 0.107389 0.108976
v 0.007938 0.107288 0.104153
v 0.193635 0.106614 0.071977
v 0.153004 0.107410 0.109989
v 0.091906 0.106824 0.082003
v 0.098279 0.107041 0.092357
v 0.187893 0.106895 0.085398
v 0.178708 0.107133 0.096744
v 0.166777 0.107309 0.105154
v 0.007964 -0.105042 0.090399
v 0.096825 -0.105042 0.090399
v 0.096825 0.105042 0.090399
v -0.034218 0.090658 0.090399
v -0.034218 -0.090658 0.090399
v -0.031873 0.091042 0.090399
v -0.032864 -0.090813 0.090399
v -0.031198 0.091237 0.090399
v -0.027999 -0.092453 0.090399
v -0.022873 -0.095072 0.090399
v -0.015312 0.099054 0.090399
v -0.022873 0.095072 0.090399
v -0.026420 0.093186 0.090399
v 0.001114 0.104418 0.090399
v -0.005117 0.102995 0.090399
v -0.011310 0.100819 0.090399
v -0.030108 -0.091603 0.090399
v 0.007964 0.105042 0.090399
v 0.007497 0.105029 0.090399
v -0.015312 -0.099054 0.090399
v -0.011310 -0.100819 0.090399
v -0.005117 -0.102995 0.090399
v 0.001114 -0.104418 0.090399
v 0.007497 -0.105029 0.090399
v 0.097533 -0.106759 0.091375
v 0.097533 0.106759 0.091375
v 0.096873 -0.105559 0.090467
v 0.097011 -0.106029 0.090660
v 0.097011 0.106029 0.090660
v 0.096874 0.105562 0.090467
v -0.036627 -0.090697 0.090104
v -0.036627 0.090697 0.090104
v -0.037619 -0.090742 0.089803
v -0.037619 0.090742 0.089803
v 0.142500 0.107741 0.112004
v 0.142500 0.107596 0.111793
v 0.153153 0.107574 0.110727
v 0.194996 0.107204 0.072336
v 0.194371 0.106770 0.072174
v 0.142500 0.108462 0.112710
v 0.142500 0.108033 0.112428
v 0.153281 0.108010 0.111349
v 0.153368 0.108654 0.111763
v 0.142500 0.108676 0.112850
v 0.167618 0.108552 0.106761
v 0.179965 0.108374 0.098061
v 0.189471 0.108135 0.086323
v 0.167123 0.107472 0.105823
v 0.179227 0.107294 0.097294
v 0.188545 0.107054 0.085787
v 0.167419 0.107908 0.106387
v 0.179667 0.107729 0.097756
v 0.189098 0.107488 0.086112
v 0.195414 0.107851 0.072436
v 0.052560 0.108444 0.112737
v 0.052560 0.107714 0.112023
v 0.007387 0.108543 0.105824
v 0.007412 0.108302 0.105758
v 0.027640 0.108401 0.110649
v 0.007737 0.107414 0.104782
v 0.027762 0.107671 0.109945
v 0.007712 0.107459 0.104855
v 0.007416 0.108262 0.105747
v 0.007556 0.107751 0.105333
v 0.007640 0.107593 0.105075
v 0.007316 0.109225 0.106011
v -0.025949 0.095801 0.092501
v -0.028429 0.094289 0.091577
v -0.027250 0.094894 0.091772
v -0.032230 0.092376 0.090952
v -0.031633 0.092645 0.091047
v -0.026395 0.096153 0.093143
v -0.026889 0.096747 0.093513
v -0.034236 0.091627 0.090649
v -0.037619 0.090748 0.089803
v -0.036623 0.091004 0.090129
v -0.035214 0.091371 0.090436
v -0.025744 0.095746 0.092033
v -0.017132 0.100676 0.095751
v -0.011517 0.103202 0.097831
v 0.001921 0.106943 0.102843
v -0.004704 0.105536 0.100367
v -0.017546 0.101048 0.096385
v -0.011901 0.103591 0.098458
v -0.005041 0.105945 0.100984
v 0.001640 0.107369 0.103449
v -0.017985 0.101664 0.096760
v -0.012291 0.104221 0.098837
v -0.005358 0.106589 0.101369
v 0.001407 0.108019 0.103840
v 0.004826 0.107278 0.103891
v 0.004396 0.108358 0.104894
v 0.004584 0.107710 0.104498
v 0.142500 -0.107741 0.112004
v 0.142500 -0.108033 0.112428
v 0.157340 -0.107990 0.110365
v 0.195303 -0.106686 0.068154
v 0.195939 -0.107120 0.068266
v 0.196366 -0.107767 0.068334
v 0.191505 -0.108059 0.082636
v 0.182927 -0.108313 0.095069
v 0.171284 -0.108510 0.104690
v 0.190538 -0.106978 0.082173
v 0.182131 -0.107233 0.094361
v 0.170717 -0.107430 0.103793
v 0.157165 -0.107554 0.109754
v 0.142500 -0.107596 0.111793
v 0.191116 -0.107413 0.082454
v 0.182606 -0.107668 0.094788
v 0.171056 -0.107865 0.104333
v 0.157459 -0.108634 0.110771
v 0.142500 -0.108462 0.112710
v 0.142500 -0.108676 0.112850
v 0.052560 -0.107714 0.112023
v 0.052560 -0.108444 0.112737
v 0.031516 -0.108413 0.111251
v 0.007316 -0.109225 0.106011
v 0.007556 -0.107751 0.105333
v 0.007640 -0.107593 0.105075
v 0.031619 -0.107683 0.110544
v 0.007712 -0.107459 0.104855
v 0.007416 -0.108262 0.105747
v 0.007412 -0.108302 0.105758
v 0.007387 -0.108543 0.105824
v 0.007737 -0.107414 0.104782
v -0.028506 -0.094221 0.091561
v -0.025949 -0.095801 0.092501
v -0.025751 -0.095757 0.092034
v -0.035214 -0.091371 0.090436
v -0.036623 -0.091004 0.090129
v -0.037619 -0.090748 0.089803
v -0.032439 -0.092311 0.090922
v -0.033094 -0.092017 0.090818
v -0.026889 -0.096747 0.093513
v -0.034236 -0.091627 0.090649
v -0.028723 -0.094100 0.091524
v -0.026395 -0.096153 0.093143
v -0.030654 -0.093112 0.091205
v -0.017985 -0.101664 0.096760
v -0.012291 -0.104221 0.098837
v -0.005358 -0.106589 0.101369
v -0.017546 -0.101048 0.096385
v -0.011901 -0.103591 0.098458
v -0.005041 -0.105945 0.100984
v -0.017132 -0.100676 0.095751
v -0.011517 -0.103202 0.097831
v -0.004704 -0.105536 0.100367
v 0.001407 -0.108019 0.103840
v 0.001640 -0.107369 0.103449
v 0.001921 -0.106943 0.102843
v 0.004826 -0.107278 0.103891
v 0.004584 -0.107710 0.104498
v 0.004396 -0.108358 0.104894
v 0.007964 0.105101 0.090400
v 0.007953 0.106027 0.090669
v 0.007953 0.106066 0.090681
v 0.007947 0.106577 0.091117
v 0.007946 0.106735 0.091389
v 0.007944 0.106914 0.091697
v 0.007443 0.106746 0.091375
v 0.007466 0.106016 0.090660
v 0.000838 0.106113 0.091375
v -0.005598 0.104644 0.091375
v -0.011959 0.102410 0.091375
v -0.016046 0.100607 0.091375
v -0.023731 0.096561 0.091375
v 0.000955 0.105393 0.090660
v -0.005394 0.103943 0.090660
v -0.011683 0.101734 0.090660
v -0.015734 0.099947 0.090660
v -0.023366 0.095928 0.090660
v -0.027068 0.094519 0.091056
v -0.026774 0.093915 0.090570
v -0.031508 0.092240 0.090696
v -0.032125 0.091982 0.090651
v -0.034231 0.091320 0.090511
v -0.031359 0.091758 0.090474
v -0.032003 0.091528 0.090463
v -0.034225 0.090994 0.090427
v 0.007947 -0.106577 0.091117
v 0.007946 -0.106735 0.091389
v 0.007944 -0.106914 0.091697
v 0.007953 -0.106066 0.090681
v 0.007953 -0.106027 0.090669
v 0.007964 -0.105101 0.090400
v 0.007443 -0.106746 0.091375
v 0.007466 -0.106016 0.090660
v 0.000838 -0.106113 0.091375
v 0.000955 -0.105393 0.090660
v -0.005394 -0.103943 0.090660
v -0.011683 -0.101734 0.090660
v -0.015734 -0.099947 0.090660
v -0.023366 -0.095928 0.090660
v -0.005598 -0.104644 0.091375
v -0.011959 -0.102410 0.091375
v -0.016046 -0.100607 0.091375
v -0.023731 -0.096561 0.091375
v -0.034231 -0.091320 0.090511
v -0.034225 -0.090994 0.090427
v -0.033024 -0.091649 0.090589
v -0.032946 -0.091242 0.090447
v -0.030504 -0.092697 0.090772
v -0.028545 -0.093695 0.090929
v -0.030316 -0.092178 0.090494
v -0.028292 -0.093120 0.090536
v 0.012627 0.128208 0.002999
v 0.142500 0.128208 0.002999
v 0.120750 0.108974 0.002999
v 0.142500 0.108974 0.002999
v 0.067948 0.029310 0.002999
v 0.059357 0.044190 0.002999
v 0.142500 -0.108974 0.002999
v 0.142500 -0.128208 0.002999
v 0.120750 -0.108974 0.002999
v 0.012627 -0.128208 0.002999
v -0.008571 0.124580 0.002999
v -0.001457 0.126606 0.002999
v 0.000000 0.074000 0.002999
v 0.005558 0.127807 0.002999
v 0.017066 0.072005 0.002999
v 0.033211 0.066129 0.002999
v 0.047566 0.056687 0.002999
v -0.039226 0.108079 0.002999
v -0.034772 0.111090 0.002999
v -0.017066 0.072005 0.002999
v -0.025020 0.117067 0.002999
v -0.016090 0.121603 0.002999
v 0.008591 -0.073500 0.002999
v 0.025309 -0.069537 0.002999
v -0.053414 0.097730 0.002999
v -0.033211 0.066129 0.002999
v -0.066630 0.087660 0.002999
v -0.047566 0.056687 0.002999
v -0.074408 0.081162 0.002999
v -0.081556 0.073976 0.002999
v -0.059357 0.044190 0.002999
v -0.088013 0.066162 0.002999
v -0.067948 0.029310 0.002999
v -0.098641 0.048925 0.002999
v -0.093724 0.057789 0.002999
v -0.074408 -0.081162 0.002999
v -0.053826 -0.050782 0.002999
v -0.040664 -0.061826 0.002999
v -0.072876 0.012850 0.002999
v -0.105933 0.030033 0.002999
v -0.102723 0.039647 0.002999
v -0.109642 -0.010125 0.002999
v -0.110108 0.000000 0.002999
v -0.073875 -0.004303 0.002999
v -0.109642 0.010125 0.002999
v -0.108246 0.020165 0.002999
v -0.081556 -0.073976 0.002999
v -0.088013 -0.066162 0.002999
v -0.064086 -0.037000 0.002999
v -0.025309 -0.069537 0.002999
v -0.050073 -0.100240 0.002999
v -0.066630 -0.087660 0.002999
v -0.108246 -0.020165 0.002999
v -0.070891 -0.021223 0.002999
v -0.105933 -0.030033 0.002999
v -0.016955 -0.121209 0.002999
v -0.024489 -0.117365 0.002999
v -0.008591 -0.073500 0.002999
v -0.032116 -0.112809 0.002999
v -0.039908 -0.107606 0.002999
v -0.093724 -0.057789 0.002999
v -0.098641 -0.048925 0.002999
v -0.102723 -0.039647 0.002999
v 0.040664 -0.061826 0.002999
v 0.053826 -0.050782 0.002999
v 0.073875 -0.004303 0.002999
v 0.072876 0.012850 0.002999
v -0.009453 -0.124274 0.002999
v 0.000000 -0.074000 0.002999
v -0.007491 -0.124939 0.002999
v 0.064086 -0.037000 0.002999
v 0.070891 -0.021223 0.002999
v 0.012627 -0.128208 0.002999
v 0.006291 -0.127886 0.002999
v -0.000618 -0.126791 0.002999
v 0.149679 -0.128208 0.003469
v 0.153302 -0.108961 0.004070
v 0.156735 -0.128208 0.004873
v 0.156612 -0.108946 0.005226
v 0.163548 -0.128208 0.007185
v 0.167619 -0.108897 0.009070
v 0.170000 -0.128208 0.010367
v 0.169823 -0.108878 0.010619
v 0.175982 -0.128208 0.014364
v 0.180026 -0.108787 0.017789
v 0.181391 -0.128208 0.019108
v 0.181213 -0.108769 0.019252
v 0.186134 -0.128208 0.024517
v 0.189581 -0.108639 0.029566
v 0.190131 -0.128208 0.030499
v 0.190004 -0.108626 0.030553
v 0.193313 -0.128208 0.036951
v 0.195556 -0.108463 0.043504
v 0.195626 -0.128208 0.043764
v 0.195591 -0.108460 0.043768
v 0.197029 -0.128208 0.050820
v 0.197500 -0.108280 0.057999
v 0.001004 -0.142121 0.045331
v 0.001004 0.142121 0.045331
v -0.001873 0.141549 0.044408
v -0.005987 0.140732 0.043088
v -0.006399 0.140613 0.042990
v -0.010710 0.139361 0.041964
v -0.015000 0.137936 0.041099
v -0.015002 -0.137934 0.041100
v -0.013026 0.138689 0.041412
v -0.010972 -0.139341 0.041853
v -0.010705 -0.139434 0.041902
v -0.006703 -0.140480 0.042958
v -0.003862 -0.141222 0.043707
v -0.002445 -0.141484 0.044179
v -0.031488 0.130397 0.039601
v -0.031488 -0.130397 0.039601
v -0.028900 0.131805 0.039636
v -0.029912 -0.131211 0.039660
v -0.019974 -0.135977 0.040363
v -0.018202 0.136678 0.040535
v -0.024457 -0.134028 0.039862
v -0.015033 0.137923 0.041094
v -0.017407 -0.137093 0.040651
v -0.020183 0.135958 0.040276
v -0.021396 0.135432 0.040139
v -0.024088 0.134131 0.039959
v -0.087551 0.089077 0.039601
v -0.093540 0.082680 0.039601
v -0.034376 0.128642 0.039601
v -0.042026 0.123992 0.039601
v -0.049657 0.118736 0.039601
v -0.069019 0.104445 0.039601
v -0.073610 0.100957 0.039601
v -0.096944 0.078596 0.039601
v -0.121360 -0.029207 0.039601
v -0.094650 0.081495 0.039601
v -0.053680 0.115966 0.039601
v -0.064261 0.108061 0.039601
v -0.081786 0.094400 0.039601
v -0.081966 0.094234 0.039601
v -0.106140 -0.065836 0.039601
v -0.100933 -0.073503 0.039601
v -0.066244 -0.106558 0.039601
v -0.066011 -0.106732 0.039601
v -0.054995 -0.115004 0.039601
v -0.045213 -0.121860 0.039601
v -0.101048 0.073412 0.039601
v -0.106449 0.065295 0.039601
v -0.106742 0.064854 0.039601
v -0.044246 -0.122537 0.039601
v -0.033770 -0.129090 0.039601
v -0.124811 0.003242 0.039601
v -0.124766 -0.005775 0.039601
v -0.113993 0.050782 0.039601
v -0.124125 -0.013095 0.039601
v -0.123869 -0.016014 0.039601
v -0.112095 0.055087 0.039601
v -0.121948 -0.026991 0.039601
v -0.079864 -0.095992 0.039601
v -0.086921 -0.089691 0.039601
v -0.090936 -0.085471 0.039601
v -0.079385 -0.096420 0.039601
v -0.078351 -0.097256 0.039601
v -0.119282 -0.037036 0.039601
v -0.116508 -0.044822 0.039601
v -0.115822 -0.046746 0.039601
v -0.100340 -0.074376 0.039601
v -0.093923 -0.082332 0.039601
v -0.116287 0.045579 0.039601
v -0.119649 0.035834 0.039601
v -0.119739 0.035483 0.039601
v -0.122190 0.025875 0.039601
v -0.123246 0.019501 0.039601
v -0.124009 0.014892 0.039601
v -0.124817 0.004532 0.039601
v -0.111585 -0.056113 0.039601
v -0.109605 -0.059649 0.039601
v 0.197387 -0.107618 0.057999
v 0.197334 -0.107522 0.057999
v 0.086500 -0.106280 0.057999
v 0.052560 0.143000 0.057999
v 0.086500 0.106280 0.057999
v 0.197196 0.107220 0.057999
v 0.197322 0.107525 0.057999
v 0.127097 0.143000 0.057999
v 0.186144 -0.142574 0.057999
v 0.186569 -0.142436 0.057999
v 0.195500 0.106280 0.057999
v 0.196162 0.106393 0.057999
v 0.196258 0.106446 0.057999
v 0.196560 -0.106584 0.057999
v 0.196255 -0.106459 0.057999
v 0.197062 -0.107031 0.057999
v 0.187830 -0.141773 0.057999
v 0.189154 -0.141078 0.057999
v 0.189509 -0.140806 0.057999
v 0.186071 0.142596 0.057999
v 0.183256 0.143000 0.057999
v 0.142500 0.143000 0.057999
v 0.055536 -0.143000 0.057999
v 0.072082 -0.143000 0.057999
v 0.195500 -0.106280 0.057999
v 0.195939 -0.106329 0.057999
v 0.063264 0.143000 0.057999
v 0.196749 0.106718 0.057999
v 0.189452 0.140852 0.057999
v 0.189094 0.141121 0.057999
v 0.197500 0.108280 0.057999
v 0.187830 0.141773 0.057999
v 0.197451 0.107841 0.057999
v 0.186499 0.142460 0.057999
v 0.191457 0.138730 0.057999
v 0.020068 0.143000 0.052269
v 0.020068 -0.143000 0.052269
v 0.025898 0.143000 0.054180
v 0.026432 -0.142999 0.054247
v 0.031154 0.142999 0.055451
v 0.028723 -0.142998 0.054959
v 0.034614 0.142998 0.056288
v 0.036076 -0.142999 0.056498
v 0.036072 0.142999 0.056498
v 0.037518 -0.142999 0.056800
v 0.043507 0.143002 0.057566
v 0.040827 -0.143000 0.057172
v 0.045967 0.143002 0.057684
v 0.046429 -0.143002 0.057801
v 0.017390 0.142994 0.051294
v 0.002937 0.142384 0.046034
v 0.003534 -0.142372 0.046252
v 0.011129 0.142980 0.049016
v 0.002988 0.142391 0.046052
v 0.008945 -0.142910 0.048221
v 0.010942 -0.142926 0.048948
v -0.072512 0.095399 0.008480
v -0.068712 0.090400 0.004084
v -0.080337 0.088910 0.008480
v -0.076734 0.083698 0.004084
v -0.090764 0.068230 0.004084
v -0.094344 0.073880 0.008480
v -0.084105 0.076288 0.004084
v -0.087426 0.081949 0.008481
v -0.080954 0.088303 0.008480
v -0.109631 0.048374 0.008480
v -0.107256 0.053199 0.008480
v -0.101724 0.050454 0.004084
v -0.105216 0.057346 0.008480
v -0.096654 0.059595 0.004084
v -0.100113 0.065850 0.008480
v -0.095723 0.071960 0.008480
v -0.113473 0.038507 0.008480
v -0.105933 0.040886 0.004084
v -0.115193 0.032657 0.008480
v -0.109244 0.030972 0.004084
v -0.116264 0.029014 0.008481
v -0.111629 0.020795 0.004084
v -0.118264 0.019301 0.008480
v -0.119263 0.011012 0.008480
v -0.113068 0.010442 0.004084
v -0.119461 0.009369 0.008480
v -0.113550 0.000000 0.004084
v -0.119823 -0.001236 0.008480
v -0.119317 -0.011019 0.008480
v -0.113068 -0.010442 0.004084
v -0.119312 -0.011116 0.008480
v -0.111629 -0.020795 0.004084
v -0.117984 -0.020949 0.008481
v -0.115826 -0.030715 0.008481
v -0.109244 -0.030972 0.004084
v -0.115285 -0.032684 0.008481
v -0.115263 -0.032764 0.008480
v -0.105933 -0.040886 0.004084
v -0.112161 -0.042175 0.008480
v -0.108300 -0.051285 0.008480
v -0.101724 -0.050454 0.004084
v -0.107287 -0.053212 0.008480
v -0.103684 -0.060071 0.008480
v -0.096654 -0.059595 0.004084
v -0.098308 -0.068517 0.008480
v -0.090764 -0.068230 0.004084
v -0.095739 -0.071970 0.008480
v -0.093901 -0.074441 0.008481
v -0.084105 -0.076288 0.004084
v -0.087439 -0.081936 0.008481
v -0.080954 -0.088303 0.008480
v -0.076734 -0.083698 0.004084
v -0.080332 -0.088914 0.008480
v -0.068712 -0.090400 0.004084
v -0.072512 -0.095399 0.008480
v -0.059410 0.105357 0.008478
v -0.022134 0.122390 0.004084
v -0.026707 0.120067 0.004084
v -0.029745 0.125562 0.008480
v -0.037181 0.121101 0.008477
v -0.036476 0.114080 0.004084
v -0.039902 0.119296 0.008478
v -0.036665 0.113964 0.004084
v -0.044707 0.116108 0.008481
v -0.041185 0.110909 0.004084
v -0.056669 0.107441 0.008478
v -0.055489 0.100475 0.004084
v -0.055635 0.100364 0.004084
v 0.012627 0.137566 0.008226
v 0.012627 0.131650 0.004084
v 0.011423 0.137558 0.008227
v 0.005168 0.131226 0.004084
v -0.025005 0.128025 0.008476
v -0.022319 0.129420 0.008474
v -0.017501 0.124742 0.004084
v -0.018574 0.131015 0.008463
v -0.016107 0.125294 0.004084
v -0.014863 0.132597 0.008452
v -0.009901 0.127751 0.004084
v -0.011897 0.133557 0.008436
v -0.009680 0.127838 0.004084
v -0.007316 0.135041 0.008411
v -0.002222 0.129961 0.004084
v -0.003579 0.135951 0.008384
v 0.001156 0.130539 0.004084
v 0.000095 0.136547 0.008352
v 0.003931 0.137169 0.008318
v 0.012627 -0.131650 0.004084
v 0.012627 -0.137565 0.008226
v 0.007916 -0.137361 0.008275
v -0.062304 -0.103182 0.008477
v -0.052132 -0.102998 0.004084
v -0.046918 -0.114565 0.008482
v -0.042513 -0.109967 0.004084
v -0.046119 -0.115112 0.008481
v -0.041875 -0.110429 0.004084
v -0.040751 -0.118786 0.008478
v -0.033961 -0.115713 0.004084
v -0.030412 -0.125185 0.008480
v -0.026437 -0.120208 0.004084
v -0.029489 -0.125660 0.008479
v -0.026162 -0.120372 0.004084
v -0.021009 -0.130030 0.008472
v -0.018398 -0.124334 0.004084
v -0.017084 -0.131621 0.008458
v -0.014702 -0.125843 0.004084
v -0.013067 -0.133251 0.008444
v -0.010600 -0.127519 0.004084
v -0.010870 -0.133989 0.008433
v -0.008670 -0.128173 0.004084
v -0.010588 -0.134065 0.008431
v -0.008551 -0.128213 0.004084
v -0.003855 -0.135864 0.008385
v -0.002459 -0.129855 0.004084
v -0.003344 -0.136001 0.008382
v -0.001340 -0.130156 0.004084
v 0.004304 -0.137205 0.008312
v 0.005941 -0.131310 0.004084
v 0.008308 -0.131430 0.004084
v 0.142500 0.137270 0.008019
v 0.142500 0.131650 0.004084
v 0.047728 0.137278 0.008025
v 0.042584 0.137304 0.008043
v 0.142500 -0.131650 0.004084
v 0.142500 -0.137270 0.008019
v 0.047728 -0.137278 0.008025
v 0.042695 -0.137303 0.008042
v -0.075169 -0.098726 0.016323
v -0.079294 -0.095304 0.016323
v -0.083193 -0.092068 0.016323
v -0.090412 -0.084979 0.016323
v -0.090545 -0.084849 0.016323
v -0.097238 -0.077087 0.016323
v -0.100266 -0.073015 0.016323
v -0.101801 -0.070951 0.016323
v -0.107368 -0.062206 0.016322
v -0.108909 -0.059274 0.016323
v -0.115780 -0.044539 0.016322
v -0.112149 -0.053106 0.016323
v -0.122176 -0.021693 0.016323
v -0.120558 -0.029018 0.016323
v -0.119942 -0.031807 0.016323
v -0.119359 -0.033929 0.016323
v -0.116146 -0.043674 0.016322
v -0.123927 0.003217 0.016323
v -0.124080 -0.001280 0.016323
v -0.123349 -0.013010 0.016322
v -0.123551 -0.011511 0.016322
v -0.123707 0.009702 0.016322
v -0.122539 0.019391 0.016323
v -0.122467 0.019985 0.016323
v -0.108954 0.059385 0.016323
v -0.113332 0.050486 0.016322
v -0.113527 0.050092 0.016322
v -0.117505 0.039877 0.016323
v -0.120395 0.030045 0.016323
v -0.118872 0.035225 0.016323
v -0.059230 0.110843 0.016321
v -0.049176 0.118127 0.016322
v -0.047123 0.119614 0.016323
v -0.105687 0.064830 0.016323
v -0.103671 0.068189 0.016323
v -0.097696 0.076505 0.016323
v -0.096333 0.078096 0.016323
v -0.092891 0.082111 0.016323
v -0.090532 0.084862 0.016323
v -0.083197 0.092064 0.016323
v -0.081388 0.093566 0.016323
v -0.075169 0.098727 0.016323
v -0.068517 0.103784 0.016322
v -0.039462 0.124697 0.016330
v -0.034217 0.127844 0.016326
v -0.031837 0.129271 0.016324
v -0.024128 0.133274 0.016320
v -0.022233 0.134082 0.016318
v -0.016331 0.136595 0.016313
v -0.010843 0.138369 0.016308
v -0.008373 0.139168 0.016307
v -0.005147 0.139951 0.016306
v -0.004411 0.140130 0.016306
v 0.000806 0.140972 0.016311
v 0.003561 0.141417 0.016314
v 0.013999 0.141816 0.016246
v 0.012578 0.141829 0.016264
v 0.012578 0.141829 0.016264
v 0.011437 0.141821 0.016292
v 0.007310 0.141609 0.016304
v 0.029923 0.141675 0.016049
v 0.040119 0.141584 0.015923
v 0.042648 0.141562 0.015892
v 0.047757 0.141537 0.015868
v 0.048611 0.141537 0.015868
v 0.063149 0.141535 0.015867
v 0.127099 0.141530 0.015863
v 0.142500 0.141528 0.015862
v -0.029273 -0.130557 0.016323
v -0.032524 -0.128882 0.016325
v -0.043099 -0.122338 0.016327
v -0.044817 -0.121162 0.016326
v -0.049369 -0.118046 0.016322
v -0.064870 -0.106579 0.016320
v -0.065519 -0.106085 0.016320
v -0.005476 -0.139833 0.016306
v -0.012128 -0.138059 0.016309
v -0.014442 -0.137282 0.016311
v -0.017137 -0.136190 0.016313
v -0.022765 -0.133909 0.016319
v -0.004162 -0.140183 0.016306
v 0.000395 -0.140897 0.016309
v 0.003956 -0.141455 0.016311
v 0.006460 -0.141563 0.016297
v 0.012579 -0.141828 0.016264
v 0.012579 -0.141828 0.016264
v 0.014659 -0.141810 0.016238
v 0.022753 -0.141738 0.016138
v 0.037120 -0.141611 0.015961
v 0.045848 -0.141546 0.015877
v 0.042759 -0.141561 0.015891
v 0.047758 -0.141536 0.015868
v 0.055502 -0.141535 0.015867
v 0.072231 -0.141534 0.015866
v 0.142500 -0.141528 0.015862
v 0.155408 -0.137325 0.009882
v 0.149537 -0.131650 0.004545
v 0.156454 -0.131650 0.005921
v 0.156343 -0.137329 0.010017
v 0.163132 -0.131650 0.008188
v 0.167320 -0.137476 0.015053
v 0.169457 -0.131650 0.011307
v 0.169061 -0.137500 0.015851
v 0.175321 -0.131650 0.015225
v 0.177406 -0.137713 0.023125
v 0.180624 -0.131650 0.019875
v 0.179616 -0.137769 0.025051
v 0.185273 -0.131650 0.025177
v 0.184988 -0.138015 0.033489
v 0.189192 -0.131650 0.031041
v 0.187143 -0.138114 0.036874
v 0.192311 -0.131650 0.037366
v 0.189588 -0.138362 0.045390
v 0.194578 -0.131650 0.044044
v 0.191016 -0.138507 0.050361
v 0.195954 -0.131650 0.050961
v 0.197029 0.128208 0.050820
v 0.196533 0.108410 0.047732
v 0.195626 0.128208 0.043764
v 0.195236 0.108458 0.043895
v 0.193313 0.128208 0.036951
v 0.191676 0.108591 0.033366
v 0.190131 0.128208 0.030499
v 0.189840 0.108625 0.030699
v 0.186134 0.128208 0.024517
v 0.183079 0.108749 0.020873
v 0.181391 0.128208 0.019108
v 0.181210 0.108768 0.019326
v 0.175982 0.128208 0.014364
v 0.171398 0.108870 0.011202
v 0.170000 0.128208 0.010367
v 0.169919 0.108879 0.010551
v 0.163548 0.128208 0.007185
v 0.157520 0.108948 0.005089
v 0.156735 0.128208 0.004873
v 0.156720 0.108949 0.004978
v 0.149679 0.128208 0.003469
v 0.191016 0.138507 0.050361
v 0.195954 0.131650 0.050961
v 0.189588 0.138362 0.045390
v 0.194578 0.131650 0.044044
v 0.187143 0.138114 0.036874
v 0.192311 0.131650 0.037366
v 0.184988 0.138015 0.033489
v 0.189192 0.131650 0.031041
v 0.185273 0.131650 0.025177
v 0.179616 0.137769 0.025051
v 0.180624 0.131650 0.019875
v 0.177406 0.137713 0.023125
v 0.169061 0.137500 0.015851
v 0.175321 0.131650 0.015225
v 0.169457 0.131650 0.011307
v 0.167320 0.137476 0.015053
v 0.156343 0.137329 0.010017
v 0.149537 0.131650 0.004545
v 0.155408 0.137325 0.009882
v 0.156454 0.131650 0.005921
v 0.163132 0.131650 0.008188
v 0.182924 0.142766 0.051286
v 0.179738 0.142372 0.040029
v 0.173490 0.142027 0.030140
v 0.164694 0.141758 0.022432
v 0.154073 0.141587 0.017539
v 0.173490 -0.142027 0.030140
v 0.179738 -0.142372 0.040029
v 0.182924 -0.142766 0.051286
v 0.154073 -0.141587 0.017539
v 0.164694 -0.141758 0.022432
v 0.142500 0.130012 0.003276
v 0.149643 0.130012 0.003744
v 0.156663 0.130012 0.005141
v 0.163441 0.130012 0.007442
v 0.169861 0.130012 0.010608
v 0.175813 0.130012 0.014584
v 0.181194 0.130012 0.019304
v 0.185914 0.130012 0.024686
v 0.189891 0.130012 0.030637
v 0.193057 0.130012 0.037057
v 0.195358 0.130012 0.043835
v 0.196754 0.130012 0.050856
v 0.012627 0.130012 0.003276
v 0.005353 0.129599 0.003276
v -0.067721 0.089097 0.003276
v -0.054502 0.099169 0.003276
v -0.040253 0.109563 0.003276
v -0.035765 0.112597 0.003276
v -0.025905 0.118640 0.003276
v -0.016830 0.123249 0.003276
v -0.009152 0.126288 0.003276
v -0.001858 0.128365 0.003276
v -0.075627 0.082492 0.003276
v -0.082893 0.075188 0.003276
v -0.089456 0.067247 0.003276
v -0.095260 0.058736 0.003276
v -0.100258 0.049727 0.003276
v -0.104406 0.040297 0.003276
v -0.107669 0.030525 0.003276
v -0.110020 0.020495 0.003276
v -0.111438 0.010291 0.003276
v -0.111912 0.000000 0.003276
v -0.111438 -0.010291 0.003276
v -0.110020 -0.020495 0.003276
v -0.107669 -0.030525 0.003276
v -0.104406 -0.040297 0.003276
v -0.100258 -0.049727 0.003276
v -0.095260 -0.058736 0.003276
v -0.089456 -0.067247 0.003276
v -0.082893 -0.075188 0.003276
v -0.075627 -0.082492 0.003276
v -0.067721 -0.089097 0.003276
v -0.110108 0.000000 0.002999
v -0.051152 -0.101686 0.003276
v 0.012627 -0.130012 0.003276
v 0.012627 -0.130012 0.003276
v 0.006108 -0.129681 0.003276
v -0.000997 -0.128556 0.003276
v -0.008047 -0.126655 0.003276
v -0.010054 -0.125975 0.003276
v -0.017712 -0.122847 0.003276
v -0.025366 -0.118942 0.003276
v -0.033083 -0.114331 0.003276
v -0.040939 -0.109086 0.003276
v 0.142500 -0.130012 0.003276
v 0.196754 -0.130012 0.050856
v 0.195358 -0.130012 0.043835
v 0.193057 -0.130012 0.037057
v 0.189891 -0.130012 0.030637
v 0.185914 -0.130012 0.024686
v 0.181194 -0.130012 0.019304
v 0.175813 -0.130012 0.014584
v 0.169861 -0.130012 0.010608
v 0.163441 -0.130012 0.007442
v 0.156663 -0.130012 0.005141
v 0.149643 -0.130012 0.003744
v 0.187479 0.141627 0.050721
v 0.183896 0.141212 0.038214
v 0.176923 0.140848 0.027246
v 0.167137 0.140564 0.018709
v 0.155342 0.140384 0.013294
v 0.142500 0.140323 0.011439
v 0.047744 0.140331 0.011445
v 0.042620 0.140357 0.011465
v 0.012600 0.140664 0.011732
v 0.012600 0.140664 0.011732
v -0.074404 0.097794 0.011900
v -0.058504 0.109881 0.011898
v 0.011419 0.140663 0.011745
v 0.003639 0.140245 0.011805
v -0.004197 0.138959 0.011839
v -0.008091 0.138006 0.011854
v -0.015925 0.135463 0.011880
v -0.023620 0.132182 0.011896
v -0.031244 0.128222 0.011901
v -0.038817 0.123681 0.011901
v -0.046440 0.118620 0.011900
v -0.074404 -0.097794 0.011900
v -0.082382 -0.091176 0.011900
v -0.082386 0.091172 0.011900
v -0.089653 0.084037 0.011901
v -0.096747 0.075762 0.011900
v -0.102664 0.067527 0.011900
v -0.107896 0.058807 0.011900
v -0.112423 0.049605 0.011900
v -0.116363 0.039489 0.011900
v -0.119225 0.029753 0.011901
v -0.121277 0.019791 0.011900
v -0.122504 0.009608 0.011900
v -0.122875 -0.001268 0.011900
v -0.122351 -0.011399 0.011900
v -0.120989 -0.021482 0.011901
v -0.118776 -0.031497 0.011901
v -0.118199 -0.033599 0.011901
v -0.115018 -0.043250 0.011900
v -0.111059 -0.052590 0.011900
v -0.106325 -0.061602 0.011900
v -0.096293 -0.076338 0.011900
v -0.100812 -0.070262 0.011900
v -0.089665 -0.084024 0.011901
v -0.064145 -0.105616 0.011898
v -0.048675 -0.117060 0.011901
v -0.042436 -0.121333 0.011901
v -0.031925 -0.127836 0.011901
v -0.022273 -0.132810 0.011894
v -0.014064 -0.136142 0.011874
v -0.011786 -0.136910 0.011867
v -0.003952 -0.139012 0.011838
v 0.004028 -0.140283 0.011801
v 0.012600 -0.140664 0.011732
v 0.012600 -0.140664 0.011732
v 0.047745 -0.140331 0.011445
v 0.142500 -0.140323 0.011439
v 0.042731 -0.140357 0.011465
v 0.187479 -0.141627 0.050721
v 0.183896 -0.141212 0.038214
v 0.167137 -0.140564 0.018709
v 0.176923 -0.140848 0.027246
v 0.155342 -0.140384 0.013294
v 0.088031 -0.106450 0.044993
v 0.088031 0.106450 0.044993
v 0.092541 -0.106611 0.032699
v 0.092541 0.106611 0.032699
v 0.099783 -0.106754 0.021788
v 0.099783 0.106754 0.021788
v 0.109360 -0.106871 0.012857
v 0.109360 0.106871 0.012857
v 0.120750 -0.106955 0.006395
v 0.120750 0.106955 0.006395
v 0.189887 0.106591 0.034236
v 0.194568 0.106410 0.048079
v 0.142500 0.106974 0.004972
v 0.120750 0.106974 0.004972
v 0.156974 0.106948 0.006987
v 0.170347 0.106871 0.012878
v 0.181604 0.106749 0.022197
v 0.142500 -0.106974 0.004972
v 0.120750 -0.106974 0.004972
v 0.193626 -0.106463 0.044005
v 0.187869 -0.106639 0.030574
v 0.152909 -0.106961 0.006005
v 0.178662 -0.106788 0.019225
v 0.166706 -0.106898 0.010823
v 0.120750 -0.107982 0.003262
v 0.120750 -0.107251 0.003983
v 0.120750 0.107982 0.003262
v 0.120750 0.107251 0.003983
v 0.142500 0.107279 0.004002
v 0.142500 0.107569 0.003575
v 0.157358 0.107542 0.005643
v 0.195319 0.106564 0.047938
v 0.195956 0.106997 0.047823
v 0.196382 0.107646 0.047751
v 0.191537 0.107828 0.033426
v 0.182963 0.107987 0.020969
v 0.171315 0.108110 0.011327
v 0.190569 0.106747 0.033896
v 0.182166 0.106906 0.021685
v 0.170747 0.107029 0.012233
v 0.157181 0.107107 0.006258
v 0.142500 0.107134 0.004215
v 0.191148 0.107181 0.033612
v 0.182643 0.107341 0.021254
v 0.171086 0.107464 0.011689
v 0.157476 0.108188 0.005233
v 0.142500 0.108000 0.003290
v 0.142500 0.108215 0.003148
v 0.142500 -0.107279 0.004002
v 0.142500 -0.107134 0.004215
v 0.153058 -0.107120 0.005262
v 0.194988 -0.107051 0.043641
v 0.194363 -0.106617 0.043806
v 0.142500 -0.108000 0.003290
v 0.142500 -0.107569 0.003575
v 0.153185 -0.107555 0.004635
v 0.153271 -0.108201 0.004216
v 0.142500 -0.108215 0.003148
v 0.167546 -0.108137 0.009201
v 0.179919 -0.108027 0.017895
v 0.189447 -0.107877 0.029637
v 0.167053 -0.107056 0.010149
v 0.179181 -0.106945 0.018671
v 0.188521 -0.106795 0.030182
v 0.167348 -0.107491 0.009580
v 0.179622 -0.107380 0.018204
v 0.189075 -0.107230 0.029853
v 0.195407 -0.107699 0.043535
v 0.008566 -0.073292 -0.003001
v -0.008566 -0.073292 -0.003001
v -0.025238 -0.069340 -0.003001
v -0.040548 -0.061651 -0.003001
v -0.053673 -0.050638 -0.003001
v -0.063904 -0.036895 -0.003001
v -0.070691 -0.021163 -0.003001
v -0.073666 -0.004291 -0.003001
v -0.072669 0.012814 -0.003001
v -0.067756 0.029227 -0.003001
v -0.059189 0.044065 -0.003001
v -0.047432 0.056527 -0.003001
v -0.033117 0.065942 -0.003001
v -0.017017 0.071801 -0.003001
v 0.000000 0.073790 -0.003001
v 0.017017 0.071801 -0.003001
v 0.033117 0.065942 -0.003001
v 0.047432 0.056527 -0.003001
v 0.059189 0.044065 -0.003001
v 0.067756 0.029227 -0.003001
v 0.072669 0.012814 -0.003001
v 0.073666 -0.004291 -0.003001
v 0.070690 -0.021163 -0.003001
v 0.063904 -0.036895 -0.003001
v 0.053673 -0.050638 -0.003001
v 0.040548 -0.061651 -0.003001
v 0.025238 -0.069340 -0.003001
v 0.071267 -0.008653 -0.003001
v 0.071267 0.008653 -0.003001
v 0.067125 0.025457 -0.003001
v 0.059082 0.040782 -0.003001
v 0.047606 0.053736 -0.003001
v 0.033363 0.063567 -0.003001
v 0.017181 0.069704 -0.003001
v 0.000000 0.071790 -0.003001
v 0.067125 -0.025457 -0.003001
v 0.059082 -0.040782 -0.003001
v 0.047606 -0.053736 -0.003001
v 0.033363 -0.063567 -0.003001
v 0.017181 -0.069704 -0.003001
v 0.000000 -0.071790 -0.003001
v -0.017181 -0.069704 -0.003001
v -0.033363 -0.063567 -0.003001
v -0.047606 -0.053736 -0.003001
v -0.059082 -0.040782 -0.003001
v -0.067125 -0.025457 -0.003001
v -0.071267 -0.008653 -0.003001
v -0.071267 0.008653 -0.003001
v -0.067125 0.025457 -0.003001
v -0.059082 0.040782 -0.003001
v -0.047606 0.053736 -0.003001
v -0.033363 0.063567 -0.003001
v -0.017181 0.069704 -0.003001
v 0.017139 0.069535 0.006999
v 0.033282 0.063413 0.006999
v 0.047490 0.053605 0.006999
v 0.058939 0.040682 0.006999
v 0.066962 0.025395 0.006999
v 0.071094 0.008632 0.006999
v 0.071094 -0.008632 0.006999
v 0.066962 -0.025395 0.006999
v 0.058939 -0.040682 0.006999
v 0.047490 -0.053605 0.006999
v 0.033282 -0.063413 0.006999
v 0.017139 -0.069535 0.006999
v 0.000000 -0.071616 0.006999
v -0.017139 -0.069535 0.006999
v -0.033282 -0.063413 0.006999
v -0.047490 -0.053605 0.006999
v -0.058939 -0.040682 0.006999
v -0.066962 -0.025395 0.006999
v -0.071094 -0.008632 0.006999
v -0.071094 0.008632 0.006999
v -0.066962 0.025395 0.006999
v -0.058939 0.040682 0.006999
v -0.047490 0.053605 0.006999
v -0.033282 0.063413 0.006999
v -0.017139 0.069535 0.006999
v 0.000000 0.071616 0.006999
vn 0.9979 -0.0000 0.0654
vn 0.9954 0.0106 0.0947
vn 0.9808 -0.0059 0.1951
vn 0.9465 0.0207 0.3219
vn 0.9467 0.0207 0.3214
vn 0.9465 0.0209 0.3219
vn 0.8969 -0.0060 0.4423
vn 0.8229 0.0180 0.5679
vn 0.8313 0.0180 0.5555
vn 0.8228 0.0236 0.5679
vn 0.7518 -0.0055 0.6593
vn 0.6369 0.0145 0.7708
vn 0.6593 0.0145 0.7518
vn 0.6367 0.0257 0.7707
vn 0.5556 -0.0043 0.8315
vn 0.4026 0.0104 0.9153
vn 0.4423 0.0104 0.8968
vn 0.4023 0.0271 0.9151
vn 0.3214 -0.0025 0.9469
vn 0.1377 0.0055 0.9905
vn 0.1951 0.0055 0.9808
vn 0.1376 0.0278 0.9901
vn 0.0654 -0.0000 0.9979
vn -0.3420 -0.0000 0.9397
vn -0.3383 -0.0000 0.9410
vn -0.3384 -0.0000 0.9410
vn -0.3421 -0.0000 0.9397
vn -0.3419 -0.0000 0.9397
vn -0.3422 -0.0000 0.9396
vn -0.0705 -0.0000 0.9975
vn -0.0581 0.0114 0.9982
vn -0.0704 0.0114 0.9975
vn -0.1736 -0.0090 0.9848
vn -0.2217 0.0268 0.9748
vn -0.2571 0.0268 0.9660
vn -0.2218 0.0109 0.9750
vn -0.2929 -0.0000 0.9561
vn -0.3112 -0.0000 0.9503
vn -0.3117 0.0001 0.9502
vn -0.3296 -0.0001 0.9441
vn -0.3395 0.0014 0.9406
vn -0.3320 0.0001 0.9433
vn -0.0000 -0.0000 1.0000
vn 0.0996 -0.0131 0.9949
vn 0.1951 0.0062 0.9808
vn 0.3311 -0.0194 0.9434
vn 0.3214 -0.0194 0.9468
vn 0.3310 -0.0234 0.9433
vn 0.4423 0.0058 0.8969
vn 0.5759 -0.0158 0.8174
vn 0.5555 -0.0158 0.8314
vn 0.5757 -0.0252 0.8173
vn 0.6593 0.0047 0.7518
vn 0.7771 -0.0116 0.6293
vn 0.7518 -0.0116 0.6593
vn 0.7767 -0.0263 0.6293
vn 0.8315 0.0030 0.5556
vn 0.9193 -0.0069 0.3934
vn 0.8969 -0.0069 0.4423
vn 0.9189 -0.0267 0.3936
vn 0.9469 0.0008 0.3214
vn 0.9912 -0.0016 0.1327
vn 0.9808 -0.0016 0.1951
vn 0.9908 -0.0246 0.1331
vn 0.1588 -0.0001 -0.9873
vn 0.0365 -0.0000 -0.9993
vn 0.0230 -0.0004 -0.9997
vn 0.1097 0.0005 -0.9940
vn 0.0849 -0.0003 -0.9964
vn 0.2407 0.0003 -0.9706
vn 0.2307 0.0002 -0.9730
vn 0.1826 -0.0002 -0.9832
vn 0.1827 -0.0001 -0.9832
vn 0.1098 0.0007 -0.9940
vn 0.3052 -0.0001 -0.9523
vn 0.3023 -0.0000 -0.9532
vn 0.3022 0.0018 -0.9532
vn 0.2307 0.0001 -0.9730
vn -0.0000 -0.0000 -1.0000
vn 0.0477 -0.0000 -0.9989
vn 0.0192 -0.0002 -0.9998
vn 0.0517 -0.0004 -0.9987
vn 0.0476 -0.0003 -0.9989
vn 0.1120 0.0003 -0.9937
vn 0.1421 0.0003 -0.9898
vn 0.1120 -0.0003 -0.9937
vn 0.1421 -0.0003 -0.9899
vn 0.2052 -0.0000 -0.9787
vn 0.1422 -0.0000 -0.9898
vn 0.2052 0.0003 -0.9787
vn 0.2348 -0.0003 -0.9720
vn 0.2970 0.0003 -0.9549
vn 0.2344 0.0007 -0.9721
vn 0.3114 -0.0000 -0.9503
vn 0.3420 -0.0000 -0.9397
vn -0.5572 0.3618 0.7474
vn -0.5551 0.3618 0.7490
vn -0.5695 0.3284 0.7535
vn -0.5749 0.3268 0.7501
vn -0.5709 0.3306 0.7515
vn -0.5755 0.3278 0.7492
vn -0.5880 0.2947 0.7533
vn -0.5949 0.2936 0.7483
vn -0.6089 0.2666 0.7471
vn -0.5907 0.2885 0.7535
vn -0.6028 0.2597 0.7544
vn -0.6098 0.2575 0.7496
vn -0.6152 0.2308 0.7539
vn -0.6217 0.2240 0.7505
vn -0.6165 0.2320 0.7524
vn -0.6232 0.2253 0.7489
vn -0.6227 0.1999 0.7564
vn -0.6333 0.1921 0.7497
vn -0.6386 0.1714 0.7502
vn -0.6155 0.1798 0.7674
vn -0.6590 0.1444 0.7382
vn -0.6316 0.1523 0.7602
vn -0.6383 0.1343 0.7580
vn -0.6270 0.1455 0.7653
vn -0.6605 0.1112 0.7425
vn -0.6354 0.1185 0.7630
vn -0.6529 0.0917 0.7519
vn -0.6444 0.0269 0.7642
vn -0.6652 0.0140 0.7465
vn -0.6421 0.0571 0.7645
vn -0.6501 0.0447 0.7585
vn -0.6485 0.0583 0.7590
vn -0.6635 0.0468 0.7467
vn -0.6395 0.0876 0.7638
vn -0.6541 0.0777 0.7524
vn -0.6541 0.0778 0.7524
vn -0.6515 0.0100 0.7586
vn -0.6563 -0.0077 0.7544
vn -0.6563 0.0135 0.7544
vn -0.6580 -0.0078 0.7530
vn -0.6505 -0.0179 0.7593
vn -0.6570 -0.0396 0.7529
vn -0.6523 -0.0496 0.7563
vn -0.6463 -0.0382 0.7621
vn -0.6576 -0.0834 0.7487
vn -0.6469 -0.0695 0.7594
vn -0.6455 -0.1008 0.7571
vn -0.6501 -0.0814 0.7555
vn -0.6510 -0.1027 0.7521
vn -0.6422 -0.1119 0.7583
vn -0.6464 -0.1350 0.7510
vn -0.6410 -0.1456 0.7536
vn -0.6451 -0.1343 0.7522
vn -0.6371 -0.1435 0.7573
vn -0.6393 -0.1679 0.7504
vn -0.6297 -0.1752 0.7568
vn -0.6225 -0.1950 0.7579
vn -0.6318 -0.1765 0.7548
vn -0.6307 -0.2010 0.7496
vn -0.6205 -0.2080 0.7561
vn -0.6193 -0.2313 0.7503
vn -0.6295 -0.2154 0.7465
vn -0.6201 -0.2320 0.7495
vn -0.6088 -0.2409 0.7558
vn -0.6088 -0.2648 0.7478
vn -0.5940 -0.2751 0.7560
vn -0.5851 -0.2883 0.7580
vn -0.5951 -0.2765 0.7546
vn -0.5933 -0.2987 0.7476
vn -0.5773 -0.3106 0.7551
vn -0.5721 -0.3275 0.7520
vn -0.5821 -0.3179 0.7484
vn -0.5752 -0.3324 0.7475
vn -0.5575 -0.3443 0.7554
vn -0.5545 -0.3638 0.7484
vn -0.2453 0.5735 0.7816
vn -0.2305 0.5676 0.7903
vn -0.2819 0.5653 0.7752
vn -0.2682 0.5605 0.7835
vn -0.3176 0.5552 0.7687
vn -0.3052 0.5516 0.7762
vn -0.3374 0.5464 0.7666
vn -0.3434 0.5456 0.7644
vn -0.5377 0.3979 0.7434
vn -0.5378 0.3978 0.7433
vn -0.5282 0.4046 0.7465
vn -0.5140 0.4054 0.7560
vn -0.5023 0.4343 0.7477
vn -0.5200 0.4246 0.7412
vn -0.5024 0.4346 0.7475
vn -0.4988 0.4343 0.7501
vn -0.4762 0.4460 0.7579
vn -0.4767 0.4460 0.7575
vn -0.4510 0.4716 0.7577
vn -0.4794 0.4596 0.7476
vn -0.4521 0.4782 0.7529
vn -0.4430 0.4760 0.7597
vn -0.4067 0.5105 0.7576
vn -0.3999 0.5110 0.7609
vn -0.4066 0.5092 0.7585
vn -0.3999 0.5079 0.7630
vn -0.3530 0.5408 0.7635
vn -0.3637 0.5463 0.7545
vn -0.3487 0.5451 0.7624
vn -0.5223 0.3883 0.7592
vn -0.5385 0.3832 0.7505
vn -0.5447 0.3742 0.7505
vn -0.5506 0.3759 0.7453
vn -0.5543 0.3730 0.7440
vn -0.5541 0.3732 0.7441
vn -0.5458 0.3648 0.7543
vn -0.5523 0.3656 0.7492
vn -0.5420 -0.3754 0.7519
vn -0.5515 -0.3674 0.7489
vn -0.5508 -0.3667 0.7498
vn -0.3434 -0.5457 0.7644
vn -0.3481 -0.5452 0.7627
vn -0.3385 -0.5446 0.7673
vn -0.3638 -0.5317 0.7648
vn -0.3793 -0.5302 0.7583
vn -0.3997 -0.5056 0.7646
vn -0.3789 -0.5111 0.7715
vn -0.3996 -0.5036 0.7659
vn -0.4269 -0.4987 0.7543
vn -0.4425 -0.4735 0.7616
vn -0.4653 -0.4675 0.7516
vn -0.4790 -0.4580 0.7489
vn -0.4646 -0.4642 0.7541
vn -0.4764 -0.4451 0.7582
vn -0.4881 -0.4411 0.7531
vn -0.4975 -0.4290 0.7539
vn -0.5104 -0.4233 0.7486
vn -0.5266 -0.4142 0.7424
vn -0.5103 -0.4233 0.7486
vn -0.5145 -0.4059 0.7553
vn -0.5309 -0.3978 0.7482
vn -0.5363 -0.3941 0.7464
vn -0.5308 -0.3977 0.7484
vn -0.5330 -0.3854 0.7533
vn -0.5437 -0.3797 0.7485
vn -0.5445 -0.3737 0.7509
vn -0.5517 -0.3682 0.7484
vn -0.2297 -0.5736 0.7863
vn -0.2465 -0.5671 0.7859
vn -0.2675 -0.5661 0.7797
vn -0.2829 -0.5591 0.7794
vn -0.3048 -0.5567 0.7727
vn -0.3183 -0.5496 0.7724
vn -0.3373 -0.5464 0.7666
vn -0.3320 -0.0001 0.9433
vn -0.3117 -0.0001 0.9502
vn -0.3295 0.0001 0.9442
vn -0.3396 -0.0014 0.9406
vn -0.2346 -0.0090 0.9721
vn -0.2928 -0.0000 0.9562
vn -0.3113 -0.0000 0.9503
vn -0.2346 0.0385 0.9713
vn -0.1736 -0.0191 0.9846
vn -0.2572 -0.0192 0.9662
vn -0.0835 -0.0236 0.9962
vn -0.0581 -0.0000 0.9983
vn -0.2103 -0.5660 0.7971
vn -0.2106 -0.5734 0.7917
vn -0.2087 -0.5750 0.7911
vn -0.1427 -0.5696 0.8094
vn -0.0314 -0.5733 0.8188
vn -0.0485 -0.5507 0.8333
vn -0.0929 -0.5837 0.8066
vn -0.1440 -0.5590 0.8166
vn -0.0949 -0.5590 0.8237
vn -0.1584 -0.5495 0.8204
vn -0.0000 -0.5736 0.8192
vn -0.1448 0.5517 0.8213
vn -0.1554 0.5706 0.8064
vn -0.2085 0.5752 0.7910
vn -0.2100 0.5740 0.7915
vn -0.2106 0.5734 0.7917
vn -0.0477 0.5729 0.8182
vn -0.0323 0.5381 0.8423
vn -0.1370 0.6146 0.7769
vn -0.0947 0.5589 0.8238
vn -0.0948 0.5589 0.8238
vn -0.0000 0.5736 0.8192
vn -0.6925 0.7206 0.0345
vn -0.6063 0.7945 0.0345
vn -0.4824 0.8754 0.0323
vn -0.0670 0.9977 0.0128
vn -0.0352 0.9991 0.0254
vn -0.0260 0.9993 0.0283
vn -0.0082 0.9994 0.0338
vn -0.0211 0.9977 0.0643
vn -0.1600 0.9863 -0.0388
vn -0.1013 0.9948 -0.0041
vn -0.0861 0.9948 0.0540
vn -0.1766 0.9841 0.0171
vn -0.0240 0.9977 0.0628
vn -0.0241 0.9977 0.0628
vn -0.1003 0.9905 0.0938
vn -0.2767 0.9610 -0.0020
vn -0.1586 0.9849 0.0690
vn -0.2100 0.9764 0.0504
vn -0.3628 0.9319 -0.0028
vn -0.2108 0.9761 0.0531
vn -0.3685 0.9294 0.0207
vn -0.2894 0.9562 0.0441
vn -0.2895 0.9562 0.0441
vn -0.3718 0.9277 0.0345
vn -0.2911 0.9553 0.0507
vn -0.3595 0.9324 0.0376
vn -0.4243 0.9048 0.0363
vn -0.4802 0.8768 0.0237
vn -0.3605 0.9317 0.0452
vn -0.4279 0.9035 0.0243
vn -0.3722 0.9275 0.0357
vn -0.4251 0.9036 0.0528
vn -0.4685 0.8826 0.0402
vn -0.5421 0.8398 0.0282
vn -0.5149 0.8566 0.0333
vn -0.5434 0.8388 0.0337
vn -0.5146 0.8562 0.0448
vn -0.5741 0.8182 0.0300
vn -0.5636 0.8253 0.0339
vn -0.5750 0.8175 0.0339
vn -0.5636 0.8253 0.0346
vn -0.5986 0.8003 0.0353
vn -0.5940 0.8035 0.0398
vn -0.6062 0.7945 0.0345
vn -0.6055 0.7951 0.0349
vn -0.6130 0.7894 0.0345
vn -0.6675 0.7438 0.0345
vn -0.6910 0.7224 0.0246
vn -0.6128 0.7890 0.0436
vn -0.6307 0.7754 0.0305
vn -0.6048 0.7956 0.0347
vn -0.9989 0.0341 0.0307
vn -0.9965 0.0703 0.0448
vn -0.9925 0.1201 0.0228
vn -0.9879 0.1489 0.0431
vn -0.9782 0.2047 0.0352
vn -0.9881 0.1494 0.0352
vn -0.9784 0.2048 0.0264
vn -0.9731 0.2266 0.0420
vn -0.9583 0.2846 0.0275
vn -0.9520 0.3038 0.0363
vn -0.9580 0.2845 0.0363
vn -0.9520 0.3033 0.0410
vn -0.9314 0.3629 0.0286
vn -0.9236 0.3811 0.0417
vn -0.8967 0.4418 0.0279
vn -0.8884 0.4582 0.0285
vn -0.8967 0.4418 0.0285
vn -0.8888 0.4566 0.0384
vn -0.8554 0.5171 0.0313
vn -0.8496 0.5263 0.0362
vn -0.8552 0.5170 0.0362
vn -0.8496 0.5261 0.0375
vn -0.8099 0.5857 0.0322
vn -0.8048 0.5924 0.0368
vn -0.7587 0.6506 0.0329
vn -0.7514 0.6590 0.0342
vn -0.7587 0.6506 0.0342
vn -0.7518 0.6582 0.0381
vn -0.7145 0.6989 0.0335
vn -0.6672 0.7434 0.0464
vn -0.6059 -0.7948 0.0349
vn -0.6288 -0.7769 0.0338
vn -0.6287 -0.7769 0.0338
vn -0.6286 -0.7770 0.0338
vn -0.6880 -0.7248 0.0359
vn -0.6918 -0.7213 0.0335
vn -0.7447 -0.6665 0.0362
vn -0.7490 -0.6617 0.0353
vn -0.7445 -0.6666 0.0353
vn -0.7490 -0.6617 0.0330
vn -0.7965 -0.6035 0.0367
vn -0.8013 -0.5974 0.0326
vn -0.7962 -0.6041 0.0325
vn -0.8013 -0.5974 0.0325
vn -0.8403 -0.5409 0.0369
vn -0.8499 -0.5261 0.0280
vn -0.8788 -0.4754 0.0409
vn -0.8918 -0.4512 0.0334
vn -0.8785 -0.4766 0.0334
vn -0.8919 -0.4513 0.0279
vn -0.9140 -0.4035 0.0419
vn -0.9261 -0.3764 0.0268
vn -0.9434 -0.3289 0.0416
vn -0.9256 -0.3763 0.0416
vn -0.9434 -0.3288 0.0429
vn -0.9541 -0.2985 0.0257
vn -0.9664 -0.2535 0.0432
vn -0.9763 -0.2152 0.0231
vn -0.9837 -0.1785 0.0241
vn -0.9763 -0.2152 0.0241
vn -0.9832 -0.1773 0.0442
vn -0.9911 -0.1306 0.0248
vn -0.9941 -0.0989 0.0444
vn -0.9980 -0.0485 0.0414
vn -0.9942 -0.0990 0.0414
vn -0.9985 -0.0487 0.0247
vn -0.9988 -0.0195 0.0443
vn -0.9991 0.0341 0.0249
vn -0.9994 0.0258 0.0222
vn -0.9970 0.0707 0.0307
vn -0.6044 -0.7959 0.0355
vn -0.6049 -0.7955 0.0353
vn -0.5030 -0.8635 0.0366
vn -0.6058 -0.7948 0.0362
vn -0.5948 -0.8031 0.0337
vn -0.5860 -0.8095 0.0363
vn -0.5658 -0.8239 0.0331
vn -0.5523 -0.8329 0.0343
vn -0.5658 -0.8238 0.0343
vn -0.5528 -0.8325 0.0364
vn -0.5230 -0.8517 0.0329
vn -0.4844 -0.8739 0.0411
vn -0.4013 -0.9152 0.0357
vn -0.4519 -0.8917 0.0272
vn -0.4037 -0.9139 0.0418
vn -0.5009 -0.8651 0.0276
vn -0.4599 -0.8872 0.0368
vn -0.4844 -0.8741 0.0366
vn -0.4032 -0.9144 0.0355
vn -0.3380 -0.9400 0.0465
vn -0.4003 -0.9158 0.0315
vn -0.3363 -0.9411 0.0355
vn -0.0314 -0.9970 0.0710
vn -0.2241 -0.9745 0.0088
vn -0.1162 -0.9914 0.0599
vn -0.3125 -0.9499 -0.0077
vn -0.1180 -0.9909 0.0650
vn -0.3176 -0.9481 0.0119
vn -0.2162 -0.9745 0.0599
vn -0.3955 -0.9184 0.0121
vn -0.2166 -0.9743 0.0620
vn -0.2790 -0.9592 0.0452
vn -0.0215 -0.9988 0.0437
vn -0.1449 -0.9895 0.0010
vn -0.0223 -0.9987 0.0461
vn -0.1508 -0.9883 0.0209
vn -0.2217 -0.9751 0.0003
vn -0.0108 -0.9993 0.0348
vn -0.0713 -0.9972 0.0205
vn -0.1052 -0.9944 0.0095
vn -0.0106 -0.9994 0.0332
vn -0.0176 -0.9994 0.0313
vn -0.0307 -0.9991 0.0278
vn -0.0104 -0.9994 0.0332
vn -0.0070 -0.9994 0.0339
vn -0.0104 -0.9994 0.0331
vn -0.0071 -0.9994 0.0338
vn -0.0050 -0.9994 0.0346
vn -0.0071 -0.9994 0.0343
vn -0.0045 -0.9994 0.0347
vn -0.0039 -0.9994 0.0347
vn -0.0044 -0.9994 0.0346
vn -0.0013 -0.9994 0.0349
vn -0.0017 -0.9994 0.0350
vn -0.0007 -0.9994 0.0349
vn -0.0000 -0.9994 0.0349
vn -0.0114 0.9994 0.0328
vn -0.0115 0.9994 0.0328
vn -0.0080 0.9994 0.0331
vn -0.0027 0.9994 0.0349
vn -0.0050 0.9994 0.0347
vn -0.0027 0.9994 0.0350
vn -0.0051 0.9994 0.0347
vn -0.0017 0.9994 0.0348
vn -0.0012 0.9994 0.0349
vn -0.0017 0.9994 0.0349
vn -0.0000 0.9994 0.0349
vn 0.8174 -0.5724 0.0646
vn 0.8122 -0.5810 0.0532
vn 0.7972 -0.5512 0.2461
vn 0.7780 -0.6089 0.1547
vn 0.7568 -0.6095 0.2362
vn 0.7635 -0.5915 0.2592
vn 0.7081 -0.5294 0.4672
vn 0.7135 -0.6060 0.3518
vn 0.6613 -0.6061 0.4419
vn 0.6632 -0.6048 0.4408
vn 0.6213 -0.5632 0.5448
vn 0.5161 -0.6006 0.6106
vn 0.5182 -0.6184 0.5909
vn 0.4586 -0.5644 0.6864
vn 0.3289 -0.5928 0.7352
vn 0.0536 -0.5727 0.8180
vn 0.1096 -0.6183 0.7783
vn 0.1583 -0.5844 0.7958
vn 0.1136 -0.5825 0.8049
vn 0.2646 -0.5676 0.7796
vn 0.3423 -0.6332 0.6942
vn 0.0703 0.5722 0.8171
vn 0.0528 0.5894 0.8061
vn 0.2602 0.5334 0.8048
vn 0.1543 0.6119 0.7758
vn 0.2422 0.6124 0.7525
vn 0.2574 0.5989 0.7583
vn 0.4813 0.5127 0.7110
vn 0.3518 0.6060 0.7134
vn 0.4418 0.6064 0.6612
vn 0.4431 0.6082 0.6586
vn 0.5448 0.5633 0.6212
vn 0.6151 0.5979 0.5140
vn 0.7418 0.5871 0.3241
vn 0.5899 0.6200 0.5173
vn 0.6853 0.5662 0.4579
vn 0.8115 0.5740 0.1096
vn 0.7418 0.5871 0.3240
vn 0.6953 0.6316 0.3429
vn 0.7773 0.5711 0.2639
vn 0.8115 0.5740 0.1098
vn 0.7596 0.6326 0.1511
vn 0.8180 0.5727 0.0536
vn 0.8953 0.4415 0.0587
vn 0.9863 0.1518 0.0646
vn 0.8800 0.4416 0.1750
vn 0.8800 0.4415 0.1750
vn 0.8496 0.4415 0.2884
vn 0.8047 0.4415 0.3969
vn 0.8047 0.4416 0.3968
vn 0.7460 0.4415 0.4985
vn 0.7460 0.4416 0.4985
vn 0.6746 0.4416 0.5916
vn 0.5916 0.4415 0.6746
vn 0.4985 0.4415 0.7460
vn 0.4985 0.4416 0.7460
vn 0.3968 0.4416 0.8047
vn 0.2884 0.4416 0.8496
vn 0.2884 0.4415 0.8496
vn 0.1750 0.4415 0.8800
vn 0.0587 0.4415 0.8953
vn 0.9694 0.1518 0.1928
vn 0.9360 0.1518 0.3177
vn 0.8865 0.1518 0.4372
vn 0.8218 0.1518 0.5491
vn 0.7431 0.1518 0.6517
vn 0.6517 0.1518 0.7431
vn 0.5491 0.1518 0.8218
vn 0.4372 0.1518 0.8865
vn 0.3177 0.1518 0.9360
vn 0.1928 0.1518 0.9694
vn 0.0646 0.1518 0.9863
vn -0.0000 0.1531 0.9882
vn -0.0000 0.1521 0.9884
vn -0.0000 0.1529 0.9882
vn -0.0000 0.4423 0.8969
vn -0.0000 0.4431 0.8965
vn -0.0575 0.1527 0.9866
vn -0.0575 0.1528 0.9866
vn -0.2312 0.4396 0.8679
vn -0.1716 0.1528 0.9732
vn -0.2539 0.1530 0.9550
vn -0.2542 0.1519 0.9551
vn -0.2306 0.4420 0.8669
vn -0.2307 0.4430 0.8663
vn -0.1557 0.4425 0.8831
vn -0.0521 0.4425 0.8952
vn -0.3512 0.1801 0.9188
vn -0.1925 0.4637 0.8648
vn -0.4981 0.1607 0.8521
vn -0.4829 -0.0161 0.8755
vn -0.2645 0.4424 0.8570
vn -0.3466 0.4212 0.8381
vn -0.3328 0.4227 0.8430
vn -0.3291 0.4284 0.8415
vn -0.3012 0.4303 0.8509
vn -0.2972 0.4360 0.8494
vn -0.2686 0.4369 0.8585
vn -0.2663 0.4400 0.8576
vn -0.4963 0.1260 0.8589
vn -0.3370 0.1457 0.9302
vn -0.3365 0.1467 0.9302
vn -0.3142 0.1482 0.9377
vn -0.3134 0.1497 0.9378
vn -0.2909 0.1503 0.9449
vn -0.2897 0.1522 0.9449
vn -0.0250 0.2049 0.9785
vn -0.3528 0.1438 0.9246
vn -0.3501 0.4525 0.8202
vn -0.5777 0.3774 0.7238
vn -0.0252 0.2050 0.9784
vn -0.0143 -0.0005 0.9999
vn -0.4470 0.1578 0.8805
vn -0.4471 0.1578 0.8805
vn -0.3675 0.4144 0.8326
vn -0.3598 0.4155 0.8354
vn -0.3558 0.4190 0.8354
vn -0.3938 0.3871 0.8337
vn -0.3984 0.4021 0.8244
vn -0.3714 0.4072 0.8344
vn -0.4286 0.3768 0.8212
vn -0.4291 0.3624 0.8274
vn -0.4547 0.3521 0.8181
vn -0.4563 0.3492 0.8184
vn -0.4519 0.3412 0.8242
vn -0.4692 0.3327 0.8181
vn -0.4694 0.3274 0.8201
vn -0.4838 0.3196 0.8148
vn -0.4849 0.3188 0.8144
vn -0.4805 0.3109 0.8200
vn -0.4973 0.3003 0.8140
vn -0.4978 0.2998 0.8138
vn -0.4946 0.2948 0.8176
vn -0.5046 0.2877 0.8140
vn -0.5036 0.2845 0.8158
vn -0.5092 0.2803 0.8137
vn -0.5079 0.2814 0.8141
vn -0.5392 0.3411 0.7700
vn -0.4035 0.0952 0.9100
vn -0.4016 0.0966 0.9107
vn -0.4021 0.0977 0.9104
vn -0.3989 0.1000 0.9115
vn -0.3998 0.1022 0.9109
vn -0.3945 0.1056 0.9128
vn -0.3955 0.1088 0.9120
vn -0.3906 0.1115 0.9138
vn -0.3907 0.1134 0.9135
vn -0.3855 0.1160 0.9154
vn -0.3861 0.1201 0.9146
vn -0.3773 0.1237 0.9178
vn -0.3777 0.1289 0.9169
vn -0.3670 0.1321 0.9208
vn -0.3668 0.1380 0.9200
vn -0.3586 0.1396 0.9230
vn -0.3576 0.1421 0.9230
vn -0.3549 0.1425 0.9240
vn -0.3536 0.1437 0.9243
vn -0.4008 -0.0967 0.9110
vn -0.7880 0.5675 -0.2389
vn -0.4657 -0.1833 0.8658
vn -0.4600 -0.1784 0.8698
vn -0.4604 0.1873 0.8677
vn -0.7652 -0.5812 -0.2770
vn -0.8307 -0.5394 -0.1377
vn -0.4400 0.1632 0.8830
vn -0.4654 0.1692 0.8688
vn -0.4709 0.1735 0.8649
vn -0.4601 0.1825 0.8689
vn -0.4783 0.1565 0.8641
vn -0.4754 0.1501 0.8668
vn -0.4858 0.1381 0.8631
vn -0.4861 0.1360 0.8633
vn -0.4817 0.1340 0.8661
vn -0.4916 0.1203 0.8625
vn -0.4876 0.1190 0.8649
vn -0.4877 0.1190 0.8649
vn -0.4957 0.1063 0.8620
vn -0.4925 0.1024 0.8643
vn -0.4997 0.0885 0.8617
vn -0.4995 0.0872 0.8619
vn -0.4962 0.0866 0.8639
vn -0.5030 0.0702 0.8614
vn -0.4998 0.0697 0.8634
vn -0.4997 0.0697 0.8634
vn -0.5044 0.0552 0.8617
vn -0.5026 0.0538 0.8629
vn -0.5060 0.0399 0.8616
vn -0.5058 0.0393 0.8617
vn -0.5041 0.0394 0.8627
vn -0.5068 0.0231 0.8618
vn -0.5056 0.0232 0.8624
vn -0.5057 0.0232 0.8624
vn -0.5069 0.0070 0.8620
vn -0.5065 0.0069 0.8622
vn -0.5065 0.0068 0.8622
vn -0.5064 -0.0094 0.8622
vn -0.5069 -0.0093 0.8619
vn -0.5055 -0.0255 0.8625
vn -0.5059 -0.0253 0.8622
vn -0.5067 -0.0258 0.8617
vn -0.5040 -0.0412 0.8627
vn -0.5058 -0.0422 0.8616
vn -0.5058 -0.0423 0.8616
vn -0.5017 -0.0581 0.8631
vn -0.5045 -0.0583 0.8614
vn -0.4988 -0.0744 0.8635
vn -0.4996 -0.0736 0.8631
vn -0.5019 -0.0758 0.8616
vn -0.4957 -0.0896 0.8638
vn -0.4988 -0.0929 0.8617
vn -0.4907 -0.1076 0.8647
vn -0.4951 -0.1092 0.8619
vn -0.4945 -0.1105 0.8621
vn -0.4851 -0.1248 0.8655
vn -0.4901 -0.1272 0.8623
vn -0.4780 -0.1427 0.8667
vn -0.4806 -0.1428 0.8653
vn -0.4824 -0.1474 0.8634
vn -0.4711 -0.1594 0.8676
vn -0.4738 -0.1662 0.8648
vn -0.4738 -0.1661 0.8648
vn 0.0587 -0.4415 0.8953
vn 0.0647 -0.1518 0.9863
vn 0.1750 -0.4415 0.8800
vn 0.2884 -0.4415 0.8496
vn 0.2884 -0.4416 0.8496
vn 0.3968 -0.4416 0.8047
vn 0.4985 -0.4416 0.7460
vn 0.4985 -0.4415 0.7460
vn 0.5916 -0.4415 0.6746
vn 0.6746 -0.4416 0.5916
vn 0.7460 -0.4416 0.4985
vn 0.8047 -0.4415 0.3969
vn 0.8047 -0.4415 0.3968
vn 0.8496 -0.4415 0.2884
vn 0.8800 -0.4415 0.1750
vn 0.8953 -0.4415 0.0587
vn 0.0646 -0.1518 0.9863
vn 0.1928 -0.1518 0.9694
vn 0.3177 -0.1518 0.9360
vn 0.4372 -0.1518 0.8865
vn 0.5491 -0.1518 0.8218
vn 0.6517 -0.1518 0.7431
vn 0.7431 -0.1518 0.6517
vn 0.8218 -0.1518 0.5491
vn 0.8865 -0.1518 0.4372
vn 0.9360 -0.1518 0.3177
vn 0.9694 -0.1518 0.1928
vn 0.9863 -0.1518 0.0646
vn -0.4678 -0.3281 0.8207
vn -0.3548 -0.1436 0.9238
vn -0.3708 -0.4145 0.8311
vn -0.3553 -0.4166 0.8367
vn -0.3591 -0.4186 0.8342
vn -0.4547 -0.3521 0.8181
vn -0.4262 -0.3635 0.8284
vn -0.4312 -0.3761 0.8202
vn -0.3937 -0.3871 0.8338
vn -0.3974 -0.3890 0.8311
vn -0.3949 -0.4028 0.8257
vn -0.3669 -0.4081 0.8360
vn -0.4539 -0.3403 0.8235
vn -0.4709 -0.3319 0.8174
vn -0.3533 -0.1428 0.9246
vn -0.3586 -0.1421 0.9226
vn -0.3572 -0.1399 0.9235
vn -0.3679 -0.1379 0.9196
vn -0.3658 -0.1325 0.9212
vn -0.3786 -0.1287 0.9166
vn -0.3764 -0.1241 0.9181
vn -0.3868 -0.1199 0.9143
vn -0.3847 -0.1163 0.9157
vn -0.3913 -0.1131 0.9133
vn -0.3900 -0.1117 0.9140
vn -0.3959 -0.1085 0.9118
vn -0.3941 -0.1057 0.9130
vn -0.4000 -0.1020 0.9108
vn -0.3987 -0.1001 0.9116
vn -0.4022 -0.0976 0.9103
vn -0.4015 -0.0968 0.9107
vn -0.5089 -0.2805 0.8139
vn -0.5032 -0.2847 0.8159
vn -0.5050 -0.2874 0.8138
vn -0.4947 -0.2946 0.8176
vn -0.4979 -0.2998 0.8138
vn -0.4971 -0.3004 0.8140
vn -0.4819 -0.3101 0.8195
vn -0.4840 -0.3194 0.8147
vn -0.4926 -0.3146 0.8114
vn -0.5085 -0.2794 0.8145
vn -0.5091 -0.2804 0.8138
vn -0.4032 -0.0948 0.9102
vn -0.4035 -0.0953 0.9100
vn -0.0000 -0.1521 0.9884
vn -0.0000 -0.1531 0.9882
vn -0.0000 -0.4423 0.8969
vn 0.0061 -0.1529 0.9882
vn -0.0000 -0.4431 0.8965
vn -0.3533 -0.1439 0.9244
vn -0.3521 -0.1439 0.9248
vn -0.3373 0.0169 0.9412
vn -0.3559 -0.4190 0.8353
vn -0.3513 -0.4200 0.8368
vn -0.0521 -0.4425 0.8952
vn -0.1557 -0.4425 0.8831
vn -0.2306 -0.4420 0.8669
vn -0.2307 -0.4430 0.8663
vn -0.2312 -0.4396 0.8679
vn -0.2542 -0.1519 0.9551
vn -0.0575 -0.1528 0.9866
vn -0.2539 -0.1530 0.9550
vn -0.1716 -0.1528 0.9732
vn -0.0574 -0.1526 0.9866
vn -0.3360 0.0168 0.9417
vn -0.2645 -0.4424 0.8570
vn -0.3469 -0.4205 0.8384
vn -0.3494 -0.1443 0.9258
vn -0.3499 -0.4208 0.8369
vn -0.3294 -0.4230 0.8441
vn -0.3325 -0.4282 0.8403
vn -0.2977 -0.4306 0.8520
vn -0.3006 -0.4359 0.8483
vn -0.2687 -0.4369 0.8585
vn -0.2683 -0.4400 0.8570
vn -0.3497 -0.1444 0.9257
vn -0.3366 -0.1458 0.9303
vn -0.3371 -0.1466 0.9300
vn -0.3133 -0.1483 0.9380
vn -0.3141 -0.1496 0.9375
vn -0.2898 -0.1503 0.9452
vn -0.2908 -0.1522 0.9446
vn 0.7255 -0.6854 0.0625
vn 0.5995 -0.7965 0.0780
vn 0.1413 -0.9846 0.1033
vn 0.3023 -0.9508 0.0682
vn 0.4582 -0.8879 0.0405
vn 0.4583 -0.8879 0.0405
vn 0.6528 -0.7513 0.0971
vn 0.6355 -0.7444 0.2051
vn 0.6331 -0.7459 0.2070
vn 0.6306 -0.7489 0.2038
vn 0.5541 -0.7431 0.3752
vn 0.5519 -0.7441 0.3764
vn 0.5502 -0.7471 0.3729
vn 0.4290 -0.7423 0.5147
vn 0.4274 -0.7429 0.5153
vn 0.4267 -0.7454 0.5121
vn 0.2710 -0.7420 0.6132
vn 0.2700 -0.7422 0.6134
vn 0.0925 -0.7429 0.6630
vn 0.0922 -0.7422 0.6638
vn 0.0925 -0.7422 0.6638
vn 0.2701 -0.7440 0.6112
vn 0.2369 -0.9704 0.0458
vn 0.2298 -0.9683 0.0983
vn 0.2274 -0.9688 0.0985
vn 0.2001 -0.9667 0.1596
vn 0.1981 -0.9672 0.1592
vn 0.1548 -0.9654 0.2097
vn 0.1533 -0.9658 0.2090
vn 0.0977 -0.9646 0.2451
vn 0.0969 -0.9648 0.2444
vn 0.0333 -0.9642 0.2632
vn 0.0332 -0.9643 0.2629
vn -0.0000 -0.7461 0.6659
vn -0.0000 -0.9648 0.2630
vn -0.0100 -0.9647 0.2630
vn -0.0121 -0.9992 0.0390
vn -0.0417 -0.9863 0.1598
vn -0.0349 -0.9660 0.2562
vn -0.1175 -0.9084 0.4012
vn -0.1391 -0.8252 0.5474
vn -0.1480 -0.7186 0.6795
vn -0.2057 -0.5919 0.7793
vn -0.1391 -0.8253 0.5473
vn -0.1136 -0.9154 0.3862
vn -0.1597 -0.7461 0.6464
vn -0.1258 -0.7458 0.6542
vn -0.0684 -0.9648 0.2539
vn -0.0486 -0.9648 0.2585
vn -0.0486 -0.9647 0.2587
vn -0.0305 -0.9647 0.2615
vn -0.0304 -0.9647 0.2614
vn -0.0764 -0.7458 0.6618
vn -0.0763 -0.7458 0.6618
vn -0.0255 -0.7458 0.6657
vn -0.2263 -0.7180 0.6582
vn -0.2272 -0.5918 0.7734
vn -0.2307 -0.5661 0.7914
vn -0.2307 -0.5661 0.7913
vn -0.1810 -0.8247 0.5359
vn -0.1073 -0.8985 0.4257
vn -0.9251 -0.3791 0.0202
vn -0.2756 -0.8946 0.3519
vn -0.9624 -0.1244 -0.2415
vn -0.2752 -0.8946 0.3520
vn -0.2720 -0.9010 0.3381
vn -0.2720 -0.9010 0.3380
vn -0.2809 -0.7277 0.6257
vn -0.2538 -0.7391 0.6239
vn -0.2396 -0.7401 0.6283
vn -0.2325 -0.7366 0.6351
vn -0.2704 -0.7335 0.6236
vn -0.2972 -0.0929 0.9503
vn -0.0192 -0.9991 0.0370
vn -0.4252 -0.8914 0.1571
vn -0.0958 -0.9588 0.2675
vn -0.0671 -0.9617 0.2658
vn -0.0910 -0.9641 0.2496
vn -0.1362 -0.9620 0.2367
vn -0.1329 -0.9615 0.2407
vn -0.1760 -0.9577 0.2275
vn -0.1699 -0.9570 0.2351
vn -0.6071 -0.5153 0.6049
vn -0.5352 -0.5647 0.6282
vn -0.6981 -0.6827 0.2159
vn -0.3192 -0.7230 0.6127
vn 0.4997 0.1543 0.8524
vn -0.2073 -0.9526 0.2226
vn -0.2200 -0.9502 0.2206
vn -0.2102 -0.9493 0.2339
vn -0.2761 -0.9376 0.2114
vn -0.3086 -0.7168 0.6253
vn -0.3727 -0.7053 0.6030
vn -0.3618 -0.6926 0.6240
vn -0.2978 -0.9253 0.2349
vn -0.3625 -0.9074 0.2128
vn -0.3806 -0.9003 0.2110
vn -0.3688 -0.8960 0.2475
vn -0.3744 -0.6882 0.6215
vn -0.4362 -0.6706 0.6001
vn -0.4240 -0.6573 0.6231
vn -0.4875 -0.6336 0.6008
vn -0.4773 -0.6332 0.6093
vn -0.5386 -0.8100 0.2321
vn -0.4948 -0.8329 0.2478
vn -0.5019 -0.8327 0.2339
vn -0.4437 -0.8594 0.2543
vn -0.4578 -0.8547 0.2448
vn -0.4389 -0.8704 0.2230
vn -0.4388 -0.8704 0.2230
vn -0.4863 -0.6182 0.6175
vn -0.5196 -0.6025 0.6058
vn -0.5119 -0.5998 0.6150
vn -0.5495 -0.5800 0.6013
vn -0.5442 -0.5823 0.6039
vn -0.5475 -0.5695 0.6132
vn -0.5787 -0.5505 0.6018
vn -0.5752 -0.5519 0.6038
vn -0.5768 -0.5432 0.6101
vn -0.5973 -0.5293 0.6026
vn -0.5942 -0.5264 0.6081
vn -0.5960 -0.5250 0.6076
vn -0.6078 -0.5164 0.6033
vn -0.5469 -0.7997 0.2477
vn -0.5852 -0.7764 0.2338
vn -0.5902 -0.7701 0.2422
vn -0.5865 -0.7716 0.2463
vn -0.6185 -0.7500 0.2347
vn -0.6169 -0.7486 0.2430
vn -0.6342 -0.7360 0.2367
vn -0.6347 -0.7352 0.2380
vn -0.6344 -0.7351 0.2391
vn -0.6978 -0.6836 0.2137
vn -0.6345 -0.7346 0.2403
vn -0.9426 -0.2300 0.2421
vn -0.6568 -0.7175 0.2319
vn -0.7064 0.3726 0.6018
vn -0.6838 0.4161 0.5995
vn -0.5336 0.5641 0.6302
vn -0.5339 0.5656 0.6285
vn -0.6153 0.5080 0.6028
vn -0.6164 0.4939 0.6133
vn -0.6440 0.4569 0.6136
vn -0.6533 0.4616 0.6001
vn -0.7488 0.2774 0.6019
vn -0.7256 0.3180 0.6102
vn -0.7274 0.3263 0.6036
vn -0.7309 0.3231 0.6012
vn -0.7043 0.3620 0.6107
vn -0.7692 0.2292 0.5965
vn -0.7644 0.2294 0.6025
vn -0.7438 0.2734 0.6099
vn -0.7850 0.1341 0.6047
vn -0.7816 0.1352 0.6089
vn -0.7909 0.0877 0.6057
vn -0.7888 0.0887 0.6082
vn -0.7889 0.0873 0.6083
vn -0.7943 -0.0114 0.6074
vn -0.7940 0.0150 0.6077
vn -0.7941 0.0153 0.6077
vn -0.7946 -0.0116 0.6070
vn -0.7918 -0.0579 0.6080
vn -0.7927 -0.0590 0.6068
vn -0.7932 -0.0581 0.6062
vn -0.7791 -0.1492 0.6089
vn -0.7891 -0.1046 0.6053
vn -0.7823 -0.1504 0.6045
vn -0.7687 -0.1945 0.6093
vn -0.7704 -0.1988 0.6058
vn -0.7728 -0.1966 0.6034
vn -0.7539 -0.2438 0.6101
vn -0.7600 -0.2435 0.6025
vn -0.7392 -0.2856 0.6100
vn -0.7377 -0.2899 0.6097
vn -0.7443 -0.2899 0.6017
vn -0.7215 -0.3279 0.6099
vn -0.7217 -0.3351 0.6057
vn -0.7262 -0.3328 0.6016
vn -0.6970 -0.3739 0.6119
vn -0.7057 -0.3763 0.6004
vn -0.6747 -0.4133 0.6114
vn -0.6714 -0.4186 0.6116
vn -0.6799 -0.4214 0.6001
vn -0.6461 -0.4558 0.6122
vn -0.6439 -0.4650 0.6075
vn -0.6508 -0.4651 0.6001
vn -0.6101 -0.5000 0.6146
vn -0.6188 -0.5053 0.6015
vn -0.6511 -0.7219 0.2343
vn -0.6573 -0.7124 0.2459
vn -0.6517 -0.7160 0.2503
vn -0.7086 -0.6671 0.2301
vn -0.7030 -0.6659 0.2498
vn -0.7529 -0.6158 0.2322
vn -0.7569 -0.6050 0.2471
vn -0.7982 -0.5557 0.2324
vn -0.8009 -0.5459 0.2460
vn -0.7971 -0.5508 0.2475
vn -0.8392 -0.4915 0.2326
vn -0.8347 -0.4929 0.2457
vn -0.8693 -0.4358 0.2335
vn -0.8705 -0.4290 0.2413
vn -0.8675 -0.4327 0.2453
vn -0.9013 -0.3650 0.2334
vn -0.8977 -0.3667 0.2442
vn -0.7791 -0.1518 0.6083
vn -0.9447 -0.2282 0.2356
vn -0.9241 -0.2951 0.2429
vn -0.9246 -0.3000 0.2348
vn -0.9246 -0.3001 0.2348
vn -0.7864 -0.1057 0.6086
vn -0.9585 -0.1593 0.2366
vn -0.9582 -0.1611 0.2366
vn -0.9687 0.0638 0.2397
vn -0.9706 0.0232 0.2394
vn -0.9706 0.0230 0.2395
vn -0.9708 -0.0177 0.2390
vn -0.9710 -0.0175 0.2386
vn -0.9666 -0.0897 0.2401
vn -0.9669 -0.0886 0.2393
vn -0.9672 -0.0898 0.2376
vn -0.9571 -0.1608 0.2411
vn -0.9692 0.0639 0.2380
vn -0.9689 0.0631 0.2394
vn -0.7939 0.0420 0.6065
vn -0.7930 0.0412 0.6078
vn -0.9611 0.1350 0.2408
vn -0.9621 0.1337 0.2375
vn -0.9620 0.1354 0.2370
vn -0.9489 0.2030 0.2416
vn -0.9496 0.2062 0.2360
vn -0.9329 0.2733 0.2347
vn -0.9302 0.2751 0.2428
vn -0.9077 0.3483 0.2339
vn -0.9074 0.3423 0.2437
vn -0.7583 0.2297 0.6101
vn -0.7754 0.1835 0.6042
vn -0.7725 0.1790 0.6092
vn -0.7850 0.1342 0.6048
vn -0.7438 0.2787 0.6075
vn -0.8785 0.4108 0.2438
vn -0.8762 0.4151 0.2450
vn -0.7582 0.6026 0.2492
vn -0.8054 0.5451 0.2326
vn -0.8079 0.5355 0.2460
vn -0.8442 0.4827 0.2331
vn -0.8467 0.4768 0.2361
vn -0.8426 0.4790 0.2461
vn -0.8779 0.4179 0.2337
vn -0.7591 0.6085 0.2313
vn -0.7630 0.5986 0.2441
vn -0.6756 0.4140 0.6100
vn -0.6780 0.4074 0.6118
vn -0.7071 0.6616 0.2497
vn -0.7126 0.6610 0.2349
vn -0.7072 0.6678 0.2322
vn -0.6596 0.7091 0.2491
vn -0.6533 0.7201 0.2336
vn -0.6987 0.6820 0.2161
vn -0.6339 0.7354 0.2393
vn -0.2436 0.9469 0.2100
vn -0.2366 0.9414 0.2405
vn -0.3346 0.2957 0.8948
vn -0.3279 0.7057 0.6281
vn -0.3376 0.7202 0.6060
vn -0.6089 0.5140 0.6042
vn -0.6095 0.5119 0.6054
vn -0.6368 0.7333 0.2382
vn -0.6365 0.7334 0.2387
vn -0.6368 0.7331 0.2388
vn -0.6049 0.5218 0.6016
vn -0.6090 0.5134 0.6045
vn -0.6026 0.5182 0.6069
vn -0.6301 0.7381 0.2413
vn -0.5787 0.7770 0.2478
vn -0.6066 0.7586 0.2378
vn -0.6097 0.7556 0.2394
vn -0.6069 0.7570 0.2421
vn -0.6283 0.7419 0.2341
vn -0.5902 0.5322 0.6070
vn -0.5885 0.5362 0.6052
vn -0.5681 0.5497 0.6124
vn -0.5814 0.7799 0.2320
vn -0.5738 0.5564 0.6010
vn -0.5298 0.5821 0.6168
vn -0.5378 0.5917 0.6006
vn -0.4148 0.8732 0.2557
vn -0.4703 0.8502 0.2367
vn -0.4829 0.8411 0.2437
vn -0.5198 0.8227 0.2303
vn -0.5274 0.8178 0.2304
vn -0.5227 0.8143 0.2524
vn -0.5771 0.7828 0.2328
vn -0.4292 0.8747 0.2252
vn -0.4083 0.8873 0.2143
vn -0.5044 0.6083 0.6129
vn -0.4968 0.6178 0.6095
vn -0.4686 0.6300 0.6192
vn -0.4573 0.6415 0.6159
vn -0.4694 0.6492 0.5985
vn -0.3989 0.6728 0.6230
vn -0.4100 0.6867 0.6003
vn -0.2367 0.9414 0.2405
vn -0.3283 0.9210 0.2096
vn -0.3450 0.9137 0.2146
vn -0.3345 0.9114 0.2398
vn -0.4084 0.8873 0.2143
vn -0.3058 0.2675 0.9138
vn -0.3057 0.2675 0.9138
vn -0.0275 0.9990 0.0345
vn -0.3043 0.8886 0.3431
vn -0.9646 0.1183 -0.2355
vn -0.9274 0.3731 0.0263
vn -0.3046 0.8885 0.3431
vn -0.3028 0.8921 0.3355
vn -0.3028 0.8920 0.3355
vn -0.2297 0.5741 0.7859
vn -0.2273 0.5917 0.7734
vn -0.2275 0.7178 0.6580
vn -0.9844 0.1403 -0.1065
vn -0.1154 0.8848 0.4514
vn -0.2555 0.7390 0.6233
vn -0.2311 0.7406 0.6309
vn -0.2400 0.7361 0.6329
vn -0.2705 0.7335 0.6235
vn -0.2810 0.7278 0.6256
vn -0.4208 0.8926 0.1622
vn -0.0991 0.9586 0.2669
vn -0.0676 0.9642 0.2563
vn -0.1307 0.9623 0.2384
vn -0.1353 0.9613 0.2399
vn -0.1686 0.9585 0.2297
vn -0.1775 0.9563 0.2325
vn -0.0254 0.7458 0.6657
vn -0.2055 0.5921 0.7793
vn -0.1156 0.9124 0.3925
vn -0.1156 0.9124 0.3926
vn -0.1178 0.9085 0.4010
vn -0.1394 0.8255 0.5468
vn -0.1484 0.7191 0.6789
vn -0.1485 0.7190 0.6790
vn -0.0130 0.9992 0.0385
vn -0.0275 0.9862 0.1633
vn 0.5008 0.7242 0.4741
vn -0.0735 0.9600 0.2703
vn -0.0786 0.9648 0.2511
vn -0.0468 0.9648 0.2587
vn -0.0467 0.9647 0.2591
vn -0.0310 0.9647 0.2615
vn -0.0309 0.9647 0.2614
vn -0.1599 0.7462 0.6462
vn -0.1250 0.7458 0.6543
vn -0.1250 0.7458 0.6544
vn -0.0765 0.7458 0.6618
vn -0.0764 0.7458 0.6618
vn -0.0099 0.9648 0.2630
vn -0.0099 0.9647 0.2630
vn -0.0000 0.9648 0.2630
vn -0.0000 0.7461 0.6659
vn 0.3087 0.9481 0.0768
vn 0.7254 0.6806 0.1030
vn 0.6020 0.7881 0.1284
vn 0.6512 0.7498 0.1170
vn 0.4637 0.8830 0.0725
vn 0.4638 0.8830 0.0725
vn 0.0565 0.7449 0.6648
vn 0.0203 0.9646 0.2630
vn 0.0563 0.7446 0.6651
vn 0.2029 0.7435 0.6372
vn 0.2023 0.7430 0.6379
vn 0.2034 0.7420 0.6388
vn 0.3693 0.7448 0.5558
vn 0.3685 0.7442 0.5572
vn 0.3710 0.7421 0.5582
vn 0.5070 0.7464 0.4310
vn 0.5063 0.7458 0.4330
vn 0.5102 0.7428 0.4336
vn 0.6051 0.7482 0.2722
vn 0.6045 0.7478 0.2745
vn 0.6096 0.7438 0.2739
vn 0.6541 0.7502 0.0967
vn 0.0202 0.9646 0.2631
vn 0.0731 0.9645 0.2536
vn 0.0731 0.9643 0.2544
vn 0.1331 0.9654 0.2244
vn 0.1334 0.9650 0.2257
vn 0.1829 0.9666 0.1795
vn 0.1838 0.9661 0.1812
vn 0.2185 0.9681 0.1224
vn 0.2201 0.9676 0.1239
vn 0.2310 0.9696 0.0811
vn 0.1455 0.9881 0.0500
vn 0.0220 0.9995 0.0209
vn 0.0266 0.9994 0.0209
vn 0.0487 0.9986 0.0200
vn 0.0953 0.9950 0.0301
vn 0.4657 0.8844 0.0313
vn 0.4035 0.9149 0.0129
vn 0.4039 0.9147 0.0137
vn 0.3315 0.9433 0.0160
vn 0.4031 0.9150 0.0160
vn 0.3312 0.9431 0.0297
vn 0.3173 0.9482 0.0114
vn 0.2225 0.9745 0.0300
vn 0.1968 0.9802 0.0202
vn 0.2225 0.9747 0.0202
vn 0.1995 0.9798 0.0128
vn 0.1012 0.9945 0.0277
vn 0.4657 -0.8844 0.0313
vn 0.4031 -0.9150 0.0160
vn 0.0266 -0.9994 0.0209
vn 0.0219 -0.9995 0.0211
vn 0.0487 -0.9986 0.0200
vn 0.0953 -0.9950 0.0301
vn 0.1012 -0.9945 0.0277
vn 0.2225 -0.9749 0.0093
vn 0.1969 -0.9802 0.0202
vn 0.1968 -0.9802 0.0202
vn 0.3097 -0.9503 0.0337
vn 0.3314 -0.9435 0.0086
vn 0.2225 -0.9745 0.0300
vn 0.4041 -0.9146 0.0131
vn 0.4035 -0.9149 0.0138
vn 0.3315 -0.9433 0.0160
vn -0.0000 0.9998 0.0209
vn -0.0001 0.9998 0.0212
vn -0.0000 0.9998 0.0210
vn -0.0000 -0.9998 0.0209
vn -0.0000 -0.9998 0.0210
vn -0.0001 -0.9998 0.0213
vn 0.7766 0.4205 -0.4692
vn 0.9939 -0.0000 -0.1105
vn 0.7766 -0.4205 -0.4692
vn 0.8615 0.0138 -0.5076
vn 0.8589 0.0424 -0.5104
vn 0.8520 0.1074 -0.5124
vn 0.8520 -0.1074 -0.5124
vn 0.8589 -0.0425 -0.5104
vn 0.8614 -0.0138 -0.5077
vn 0.9453 -0.0000 -0.3262
vn 0.8628 -0.0000 -0.5055
vn -0.1213 -0.0000 0.9926
vn -0.2909 -0.0000 0.9568
vn -0.3421 0.0003 0.9397
vn 0.0549 -0.8228 0.5657
vn 0.9769 -0.1663 0.1341
vn 0.8673 -0.4807 0.1294
vn 0.3795 -0.9227 0.0680
vn 0.1103 -0.9933 0.0355
vn 0.0193 -0.9769 0.2129
vn 0.0822 -0.5472 0.8329
vn 0.0549 -0.8229 0.5656
vn 0.0974 -0.1913 0.9767
vn 0.0973 -0.1917 0.9766
vn 0.0822 -0.5470 0.8331
vn 0.3239 -0.1914 0.9265
vn 0.3239 -0.1910 0.9266
vn 0.3241 -0.1898 0.9268
vn 0.5635 -0.1923 0.8034
vn 0.5634 -0.1919 0.8035
vn 0.5639 -0.1895 0.8038
vn 0.7612 -0.1894 0.6203
vn 0.7607 -0.1933 0.6197
vn 0.0193 -0.9768 0.2131
vn 0.0644 -0.9769 0.2039
vn 0.0645 -0.9768 0.2041
vn 0.1121 -0.9774 0.1795
vn 0.1124 -0.9772 0.1799
vn 0.1516 -0.9780 0.1432
vn 0.1520 -0.9779 0.1435
vn 0.1798 -0.9789 0.0974
vn 0.1805 -0.9787 0.0977
vn 0.1937 -0.9798 0.0490
vn 0.3790 -0.9229 0.0679
vn 0.1831 -0.8223 0.5388
vn 0.1834 -0.8218 0.5395
vn 0.3188 -0.8233 0.4696
vn 0.3195 -0.8225 0.4705
vn 0.4310 -0.8247 0.3662
vn 0.4321 -0.8238 0.3670
vn 0.5110 -0.8265 0.2360
vn 0.5126 -0.8254 0.2365
vn 0.5517 -0.8287 0.0936
vn 0.6614 -0.7430 0.1021
vn 0.0822 -0.5469 0.8332
vn 0.2739 -0.5460 0.7917
vn 0.2742 -0.5450 0.7923
vn 0.4768 -0.5472 0.6879
vn 0.4775 -0.5456 0.6887
vn 0.6440 -0.5489 0.5329
vn 0.6453 -0.5465 0.5338
vn 0.7632 -0.5507 0.3381
vn 0.7651 -0.5477 0.3386
vn 0.8247 -0.5525 0.1206
vn 0.8677 -0.4811 0.1250
vn 0.9714 -0.1949 0.1353
vn 0.9715 -0.1953 0.1340
vn 0.9012 -0.1899 0.3896
vn 0.9005 -0.1943 0.3891
vn -0.0000 -0.1926 0.9813
vn -0.0032 -0.5488 0.8359
vn 0.0003 -0.2555 0.9668
vn 0.0004 -0.5491 0.8358
vn -0.0007 -0.6997 0.7145
vn 0.0004 -0.8241 0.5664
vn 0.0004 -0.8241 0.5665
vn -0.0006 -0.9613 0.2756
vn -0.0000 -0.9771 0.2130
vn -0.2244 -0.2792 0.9336
vn -0.0395 -0.9821 0.1842
vn -0.0572 -0.9613 0.2697
vn -0.1153 -0.8641 0.4900
vn -0.2245 -0.2782 0.9339
vn -0.1752 -0.6483 0.7410
vn -0.1617 -0.6991 0.6965
vn -0.1152 -0.8641 0.4899
vn -0.0586 -0.6985 0.7132
vn -0.0586 -0.6983 0.7134
vn -0.0214 -0.9610 0.2756
vn -0.0214 -0.9610 0.2757
vn -0.2345 -0.0144 0.9720
vn -0.2225 -0.2795 0.9340
vn -0.2254 -0.2590 0.9392
vn -0.2258 -0.2552 0.9402
vn -0.0803 -0.2544 0.9638
vn -0.0803 -0.2545 0.9637
vn -0.0803 -0.2547 0.9637
vn 0.3672 -0.8428 0.3934
vn 0.2212 -0.7219 0.6557
vn 0.3176 -0.7887 0.5264
vn 0.0996 -0.5908 0.8006
vn -0.3449 0.0050 0.9386
vn -0.2983 -0.0558 0.9528
vn -0.1058 -0.3655 0.9248
vn 0.4325 -0.8536 0.2905
vn 0.4385 -0.8875 0.1415
vn 0.3940 -0.8894 0.2320
vn 0.3351 -0.9183 0.2106
vn 0.3250 -0.9176 0.2288
vn 0.1163 -0.9671 0.2262
vn 0.1287 -0.9699 0.2068
vn 0.1304 -0.9727 0.1921
vn 0.2373 -0.9436 0.2308
vn 0.2465 -0.9483 0.2001
vn 0.2470 -0.7670 0.5922
vn 0.2188 -0.7835 0.5816
vn 0.2114 -0.7759 0.5944
vn 0.1506 -0.8060 0.5724
vn 0.1451 -0.7986 0.5842
vn 0.0751 -0.8261 0.5584
vn 0.0672 -0.8143 0.5765
vn -0.0247 -0.8392 0.5432
vn -0.0325 -0.8248 0.5645
vn 0.0155 -0.5194 0.8544
vn -0.0126 -0.5363 0.8440
vn -0.0174 -0.5289 0.8485
vn -0.0588 -0.5493 0.8336
vn -0.0622 -0.5423 0.8379
vn -0.1095 -0.5611 0.8205
vn -0.1142 -0.5500 0.8273
vn -0.1761 -0.5670 0.8047
vn -0.1800 -0.5536 0.8131
vn -0.2285 -0.1827 0.9563
vn -0.2417 -0.1906 0.9515
vn -0.2431 -0.1875 0.9517
vn -0.2579 -0.1948 0.9464
vn -0.2588 -0.1919 0.9467
vn -0.2756 -0.1986 0.9405
vn -0.2767 -0.1943 0.9411
vn -0.2985 -0.2003 0.9331
vn -0.2993 -0.1949 0.9340
vn -0.0128 -0.9802 0.1976
vn 0.0209 -0.9995 0.0243
vn -0.3983 -0.9155 0.0561
vn -0.0121 -0.9819 0.1892
vn -0.3109 -0.0158 0.9503
vn -0.2995 -0.1950 0.9340
vn -0.2691 -0.2808 0.9213
vn -0.2692 -0.2806 0.9213
vn -0.1101 -0.8638 0.4917
vn -0.1100 -0.8639 0.4915
vn -0.1335 -0.8318 0.5388
vn -0.1250 -0.8644 0.4870
vn -0.2182 -0.5544 0.8031
vn -0.2257 -0.6498 0.7258
vn -0.2692 -0.2795 0.9216
vn 0.0373 -0.9795 0.1978
vn 0.0355 -0.9762 0.2140
vn -0.0989 -0.8352 0.5410
vn -0.1000 -0.8290 0.5502
vn -0.2199 -0.5595 0.7991
vn -0.2201 -0.5546 0.8025
vn -0.3063 -0.1959 0.9316
vn -0.3063 -0.1956 0.9316
vn 0.0761 0.8217 0.5648
vn 0.1678 0.9852 0.0365
vn 0.4842 0.8727 0.0626
vn 0.4836 0.8726 0.0687
vn 0.9209 0.3786 0.0925
vn 0.9893 0.1099 0.0961
vn 0.9756 0.1956 0.1003
vn 0.9285 0.1899 0.3192
vn 0.9281 0.1913 0.3194
vn 0.9276 0.1946 0.3190
vn 0.8065 0.1896 0.5600
vn 0.8062 0.1904 0.5601
vn 0.8058 0.1936 0.5596
vn 0.6232 0.1926 0.7580
vn 0.6237 0.1894 0.7584
vn 0.1942 0.9801 0.0407
vn 0.1859 0.9790 0.0837
vn 0.1854 0.9791 0.0834
vn 0.1612 0.9781 0.1316
vn 0.1607 0.9782 0.1313
vn 0.1244 0.9774 0.1710
vn 0.1241 0.9775 0.1705
vn 0.0784 0.9769 0.1987
vn 0.0783 0.9770 0.1985
vn 0.0268 0.9767 0.2131
vn 0.0268 0.9767 0.2129
vn 0.5539 0.8298 0.0683
vn 0.5284 0.8259 0.1968
vn 0.5268 0.8271 0.1962
vn 0.4579 0.8242 0.3331
vn 0.4568 0.8252 0.3323
vn 0.3535 0.8228 0.4450
vn 0.3528 0.8237 0.4440
vn 0.2230 0.8220 0.5240
vn 0.2227 0.8224 0.5234
vn 0.0762 0.8216 0.5650
vn 0.1139 0.5450 0.8306
vn 0.3331 0.5464 0.7685
vn 0.3334 0.5451 0.7692
vn 0.5275 0.5476 0.6495
vn 0.5282 0.5458 0.6505
vn 0.6825 0.5493 0.4821
vn 0.6838 0.5468 0.4831
vn 0.7866 0.5511 0.2786
vn 0.7883 0.5482 0.2793
vn 0.8271 0.5542 0.0936
vn 0.7444 0.6627 0.0819
vn 0.1139 0.5455 0.8303
vn 0.1139 0.5453 0.8305
vn 0.1346 0.1908 0.9723
vn 0.1347 0.1900 0.9725
vn 0.3937 0.1915 0.8991
vn 0.3940 0.1897 0.8993
vn 0.3940 0.1896 0.8993
vn -0.0000 0.9771 0.2130
vn -0.0032 0.8240 0.5666
vn 0.0004 0.9613 0.2756
vn 0.0004 0.8241 0.5664
vn -0.0007 0.6997 0.7145
vn 0.0004 0.5491 0.8358
vn 0.0004 0.5489 0.8359
vn -0.0006 0.2555 0.9668
vn -0.0000 0.1926 0.9813
vn -0.0678 0.2549 0.9646
vn -0.2134 0.2550 0.9431
vn -0.2218 0.0141 0.9750
vn -0.0984 0.8633 0.4950
vn -0.1566 0.6987 0.6980
vn -0.1089 0.8638 0.4918
vn -0.1657 0.6478 0.7436
vn -0.2122 0.2777 0.9369
vn -0.2134 0.2596 0.9418
vn -0.2103 0.2791 0.9370
vn -0.2103 0.2790 0.9370
vn -0.1090 0.8637 0.4920
vn -0.0544 0.9612 0.2705
vn -0.0374 0.9821 0.1849
vn -0.0677 0.2547 0.9646
vn -0.0494 0.6988 0.7136
vn -0.0180 0.9611 0.2756
vn 0.4342 0.8606 0.2661
vn -0.1198 0.3235 0.9386
vn -0.2906 0.0860 0.9530
vn -0.3449 -0.0050 0.9386
vn 0.1748 0.6504 0.7392
vn 0.0692 0.5608 0.8251
vn -0.1058 0.3655 0.9248
vn 0.3580 0.7938 0.4917
vn 0.3087 0.7796 0.5448
vn 0.2234 0.7268 0.6495
vn -0.2331 0.1854 0.9546
vn -0.2415 0.1905 0.9515
vn -0.2434 0.1876 0.9516
vn -0.2575 0.1946 0.9465
vn -0.2591 0.1920 0.9466
vn -0.2752 0.1984 0.9407
vn -0.2772 0.1944 0.9410
vn 0.0160 0.5191 0.8546
vn -0.0119 0.5359 0.8442
vn -0.0181 0.5292 0.8483
vn -0.0579 0.5488 0.8339
vn -0.0632 0.5427 0.8376
vn -0.1083 0.5606 0.8210
vn -0.1156 0.5504 0.8269
vn 0.2532 0.7632 0.5944
vn 0.2198 0.7829 0.5820
vn 0.2103 0.7765 0.5940
vn 0.1522 0.8053 0.5730
vn 0.1434 0.7993 0.5836
vn 0.0773 0.8254 0.5593
vn 0.0648 0.8149 0.5760
vn 0.1304 0.9727 0.1921
vn 0.2342 0.9447 0.2296
vn 0.2496 0.9472 0.2013
vn 0.3250 0.9176 0.2288
vn 0.3284 0.9169 0.2270
vn 0.3328 0.9194 0.2097
vn 0.4025 0.8847 0.2350
vn 0.4385 0.8914 0.1148
vn -0.2980 0.2001 0.9333
vn -0.2999 0.1950 0.9338
vn -0.1745 0.5665 0.8054
vn -0.1817 0.5539 0.8125
vn -0.0221 0.8386 0.5443
vn -0.0353 0.8253 0.5635
vn 0.1287 0.9699 0.2068
vn 0.1163 0.9671 0.2262
vn 0.0209 0.9995 0.0243
vn -0.3983 0.9155 0.0561
vn -0.0101 0.9818 0.1899
vn -0.0145 0.9803 0.1970
vn -0.1335 0.8318 0.5388
vn -0.1100 0.8639 0.4915
vn -0.1101 0.8638 0.4917
vn -0.2692 0.2806 0.9213
vn -0.2692 0.2795 0.9216
vn -0.2423 0.5564 0.7948
vn -0.1976 0.6492 0.7345
vn -0.1250 0.8644 0.4870
vn -0.2691 0.2808 0.9213
vn -0.2995 0.1950 0.9340
vn -0.3109 0.0158 0.9503
vn -0.3063 0.1959 0.9316
vn -0.3064 0.1956 0.9316
vn -0.2185 0.5593 0.7996
vn -0.2214 0.5547 0.8020
vn -0.0964 0.8349 0.5419
vn -0.1026 0.8292 0.5494
vn 0.0411 0.9791 0.1992
vn 0.0316 0.9766 0.2126
vn -0.0000 -0.0160 0.9999
vn -0.0001 -0.1313 0.9913
vn 0.0007 -0.2800 0.9600
vn 0.0001 -0.3801 0.9249
vn 0.0001 -0.2787 0.9604
vn -0.0001 -0.6996 0.7145
vn -0.0009 -0.6492 0.7606
vn 0.0003 -0.8644 0.5028
vn 0.0003 -0.8644 0.5029
vn -0.0007 -0.9611 0.2761
vn -0.0000 -0.9821 0.1886
vn 0.0261 -0.9817 0.1885
vn 0.1693 -0.6387 0.7506
vn -0.0333 -0.8640 0.5025
vn -0.0333 -0.8640 0.5024
vn -0.0134 -0.2801 0.9599
vn -0.0135 -0.2785 0.9603
vn 0.0005 -0.0160 0.9999
vn 0.1435 -0.9510 0.2739
vn 0.0917 -0.9570 0.2751
vn 0.0917 -0.9571 0.2750
vn 0.2139 -0.9373 0.2751
vn 0.2140 -0.9373 0.2752
vn 0.2140 -0.9373 0.2751
vn 0.3186 -0.9071 0.2752
vn 0.3186 -0.9070 0.2754
vn 0.3187 -0.9070 0.2754
vn 0.3879 -0.8796 0.2755
vn 0.4479 -0.8506 0.2754
vn 0.4479 -0.8506 0.2755
vn 0.0401 -0.6986 0.7144
vn 0.0668 -0.6972 0.7138
vn 0.0668 -0.6972 0.7137
vn 0.1559 -0.6828 0.7138
vn 0.1559 -0.6827 0.7139
vn 0.2320 -0.6606 0.7140
vn 0.2320 -0.6605 0.7140
vn 0.2824 -0.6403 0.7143
vn 0.2824 -0.6403 0.7144
vn 0.3261 -0.6194 0.7142
vn 0.3261 -0.6193 0.7142
vn 0.0374 -0.2543 0.9664
vn 0.0244 -0.2548 0.9667
vn 0.0244 -0.2549 0.9667
vn 0.0570 -0.2496 0.9667
vn 0.0570 -0.2495 0.9667
vn 0.0848 -0.2414 0.9667
vn 0.0848 -0.2413 0.9667
vn 0.1031 -0.2339 0.9668
vn 0.1031 -0.2338 0.9668
vn 0.1191 -0.2263 0.9668
vn 0.1191 -0.2262 0.9668
vn 0.4367 -0.8564 0.2753
vn 0.4525 -0.8007 0.3925
vn 0.3146 -0.6256 0.7139
vn 0.1110 -0.2308 0.9666
vn 0.3579 -0.7867 0.5031
vn 0.3274 -0.8002 0.5024
vn 0.3419 -0.7544 0.5604
vn 0.1851 -0.6094 0.7709
vn 0.1562 -0.6180 0.7705
vn 0.1781 -0.5664 0.8047
vn 0.0978 -0.5871 0.8036
vn 0.0674 -0.4073 0.9108
vn 0.2824 -0.5140 0.8100
vn 0.2149 -0.5464 0.8095
vn 0.1563 -0.3728 0.9146
vn 0.0970 -0.3913 0.9151
vn 0.1105 -0.3556 0.9281
vn 0.0546 -0.3702 0.9273
vn 0.0442 -0.2490 0.9675
vn 0.0974 -0.1831 0.9783
vn 0.0716 -0.1956 0.9781
vn 0.0522 -0.1280 0.9904
vn 0.0304 -0.1347 0.9904
vn 0.0351 -0.1218 0.9919
vn 0.0146 -0.1273 0.9918
vn 0.0137 -0.0840 0.9964
vn -0.3421 -0.0070 0.9396
vn -0.2913 -0.0091 0.9566
vn -0.2935 -0.0745 0.9530
vn -0.1222 -0.0799 0.9893
vn -0.1230 -0.0859 0.9887
vn -0.1175 -0.3304 0.9365
vn -0.0868 -0.2506 0.9642
vn -0.0908 -0.4090 0.9080
vn 0.0003 0.8644 0.5028
vn 0.0003 0.9613 0.2754
vn -0.0025 0.8644 0.5029
vn -0.0000 0.9821 0.1885
vn -0.0009 0.6492 0.7606
vn -0.0001 0.6996 0.7145
vn 0.0001 0.2787 0.9604
vn 0.0001 0.3796 0.9251
vn 0.0007 0.2800 0.9600
vn -0.0001 0.1307 0.9914
vn -0.0000 0.0160 0.9999
vn 0.0005 0.0160 0.9999
vn -0.0333 0.8640 0.5024
vn -0.0333 0.8640 0.5025
vn 0.0329 0.6486 0.7604
vn -0.0135 0.2785 0.9603
vn -0.0134 0.2801 0.9599
vn 0.2139 0.9373 0.2751
vn 0.0917 0.9571 0.2750
vn 0.0917 0.9570 0.2751
vn 0.0256 0.9609 0.2756
vn 0.2043 0.9613 0.1850
vn 0.0374 0.2543 0.9664
vn 0.0244 0.2548 0.9667
vn 0.0244 0.2549 0.9667
vn 0.0570 0.2496 0.9667
vn 0.0570 0.2495 0.9667
vn 0.0848 0.2414 0.9667
vn 0.0848 0.2413 0.9667
vn 0.1032 0.2339 0.9668
vn 0.1031 0.2338 0.9668
vn 0.1192 0.2263 0.9668
vn 0.1191 0.2262 0.9668
vn 0.1309 0.6917 0.7102
vn 0.0668 0.6972 0.7138
vn 0.0668 0.6972 0.7137
vn 0.1559 0.6828 0.7138
vn 0.1559 0.6827 0.7139
vn 0.2320 0.6606 0.7140
vn 0.2320 0.6605 0.7140
vn 0.2824 0.6403 0.7143
vn 0.2824 0.6403 0.7144
vn 0.3261 0.6194 0.7142
vn 0.3261 0.6193 0.7142
vn 0.2140 0.9373 0.2752
vn 0.2140 0.9373 0.2751
vn 0.3186 0.9071 0.2752
vn 0.3186 0.9070 0.2754
vn 0.3184 0.9071 0.2753
vn 0.3879 0.8796 0.2756
vn 0.3879 0.8796 0.2755
vn 0.4479 0.8506 0.2754
vn 0.4479 0.8506 0.2755
vn 0.0045 0.4092 0.9124
vn 0.0058 0.2499 0.9683
vn 0.0009 0.0843 0.9964
vn 0.0857 0.5154 0.8527
vn 0.0954 0.5136 0.8527
vn 0.1749 0.5616 0.8087
vn 0.1901 0.6750 0.7129
vn 0.2219 0.6644 0.7137
vn 0.3258 0.7335 0.5965
vn 0.3103 0.7402 0.5965
vn 0.3771 0.7234 0.5783
vn 0.4317 0.8590 0.2753
vn 0.4317 0.8590 0.2752
vn 0.0475 0.3208 0.9460
vn 0.0635 0.3177 0.9460
vn 0.1362 0.4280 0.8934
vn 0.1448 0.4250 0.8936
vn 0.2094 0.4872 0.8478
vn 0.2111 0.4865 0.8478
vn 0.3330 0.6155 0.7143
vn 0.0125 0.1093 0.9939
vn 0.0205 0.1078 0.9940
vn 0.0427 0.1490 0.9879
vn 0.0481 0.1470 0.9880
vn 0.0693 0.1720 0.9827
vn 0.0725 0.1705 0.9827
vn 0.1164 0.2278 0.9667
vn -0.3421 0.0070 0.9396
vn -0.3098 0.0084 0.9508
vn -0.2932 0.0746 0.9532
vn -0.1222 0.0859 0.9888
vn -0.1230 0.0799 0.9892
vn -0.1202 0.2503 0.9607
vn -0.0908 0.4089 0.9080
vn -0.0908 0.4090 0.9080
vn 0.0654 -0.0000 -0.9979
vn 0.0987 0.0125 -0.9950
vn 0.1951 -0.0061 -0.9808
vn 0.3296 0.0194 -0.9439
vn 0.3214 0.0194 -0.9468
vn 0.3295 0.0226 -0.9439
vn 0.4423 -0.0057 -0.8969
vn 0.5748 0.0159 -0.8181
vn 0.5555 0.0159 -0.8314
vn 0.5747 0.0246 -0.8180
vn 0.6593 -0.0047 -0.7518
vn 0.7764 0.0118 -0.6301
vn 0.7518 0.0118 -0.6593
vn 0.7761 0.0259 -0.6300
vn 0.8315 -0.0031 -0.5556
vn 0.9191 0.0071 -0.3940
vn 0.8968 0.0071 -0.4423
vn 0.9187 0.0265 -0.3942
vn 0.9469 -0.0009 -0.3214
vn 0.9911 0.0018 -0.1329
vn 0.9808 0.0018 -0.1951
vn 0.9908 0.0246 -0.1332
vn 0.9979 -0.0000 -0.0654
vn -0.3055 -0.0000 0.9522
vn -0.2319 0.0020 0.9727
vn -0.2321 0.0020 0.9727
vn -0.1568 -0.0000 0.9876
vn -0.1835 0.0002 0.9830
vn -0.2315 -0.0002 0.9728
vn -0.1836 -0.0002 0.9830
vn -0.2550 -0.0002 0.9669
vn -0.3168 -0.0018 0.9485
vn -0.3169 -0.0018 0.9485
vn -0.0136 -0.0000 0.9999
vn -0.0368 0.0002 0.9993
vn -0.1112 0.0001 0.9938
vn -0.0379 -0.0016 0.9993
vn -0.1558 -0.0000 0.9878
vn -0.1737 -0.0000 0.9848
vn -0.1837 -0.0001 0.9830
vn -0.1111 0.0001 0.9938
vn 0.2280 -0.8176 0.5288
vn -0.2082 0.2319 0.9502
vn -0.1239 0.0022 0.9923
vn -0.0669 0.0003 0.9978
vn -0.0670 0.0003 0.9978
vn -0.3115 -0.0000 0.9502
vn -0.2968 -0.0003 0.9549
vn -0.2350 -0.0002 0.9720
vn -0.2968 0.0009 0.9549
vn -0.2350 0.0003 0.9720
vn -0.2049 -0.0003 0.9788
vn -0.1423 -0.0000 0.9898
vn -0.2048 -0.0000 0.9788
vn -0.1423 0.0003 0.9898
vn -0.1116 -0.0003 0.9938
vn -0.0477 -0.0009 0.9989
vn -0.1116 0.0002 0.9938
vn -0.0477 0.0003 0.9989
vn -0.0323 -0.0000 0.9995
vn -0.3664 0.4418 -0.8189
vn -0.3666 0.4388 -0.8204
vn -0.4384 0.3623 -0.8225
vn -0.4389 0.3763 -0.8160
vn -0.4037 0.4016 -0.8220
vn -0.4034 0.4109 -0.8176
vn -0.5204 0.2561 -0.8146
vn -0.4954 0.2748 -0.8241
vn -0.4968 0.2981 -0.8150
vn -0.4687 0.3196 -0.8235
vn -0.4696 0.3374 -0.8159
vn -0.5159 0.2009 -0.8327
vn -0.5444 0.2394 -0.8040
vn -0.5340 0.1569 -0.8308
vn -0.5501 0.1837 -0.8146
vn -0.5560 0.1634 -0.8149
vn -0.5521 0.1294 -0.8237
vn -0.5667 0.1168 -0.8156
vn -0.5617 0.0677 -0.8246
vn -0.5720 0.0795 -0.8164
vn -0.5731 0.0691 -0.8165
vn -0.5694 0.0262 -0.8216
vn -0.5764 0.0196 -0.8169
vn -0.5698 -0.0294 -0.8212
vn -0.5736 -0.0264 -0.8187
vn -0.5734 -0.0294 -0.8188
vn -0.5682 -0.0790 -0.8191
vn -0.5661 -0.0765 -0.8208
vn -0.5626 -0.1243 -0.8174
vn -0.5543 -0.1299 -0.8221
vn -0.5531 -0.1520 -0.8191
vn -0.5533 -0.1513 -0.8191
vn -0.5442 -0.1817 -0.8190
vn -0.5425 -0.1788 -0.8208
vn -0.5305 -0.2249 -0.8173
vn -0.5209 -0.2291 -0.8223
vn -0.5117 -0.2688 -0.8160
vn -0.4963 -0.2753 -0.8234
vn -0.4887 -0.3111 -0.8151
vn -0.4681 -0.3193 -0.8240
vn -0.4630 -0.3443 -0.8168
vn -0.4630 -0.3444 -0.8168
vn -0.4377 -0.3617 -0.8232
vn -0.4375 -0.3773 -0.8163
vn -0.3982 -0.4055 -0.8228
vn -0.4084 -0.4062 -0.8174
vn -0.4035 -0.4108 -0.8176
vn -0.3665 -0.4388 -0.8204
vn -0.3664 -0.4418 -0.8189
vn -0.3472 0.4566 -0.8192
vn -0.2598 0.5116 -0.8190
vn -0.2949 0.4922 -0.8190
vn -0.2972 0.4848 -0.8226
vn -0.3186 0.4796 -0.8176
vn -0.3008 0.4911 -0.8175
vn -0.3189 0.4800 -0.8173
vn -0.3212 0.4752 -0.8192
vn -0.3365 0.4647 -0.8190
vn -0.3363 0.4610 -0.8212
vn -0.3478 0.4574 -0.8185
vn -0.3482 0.4570 -0.8185
vn -0.0048 0.5736 -0.8191
vn -0.0323 0.5695 -0.8214
vn -0.2635 0.5060 -0.8213
vn -0.2575 0.5070 -0.8226
vn -0.2286 0.5307 -0.8162
vn -0.2117 0.5348 -0.8180
vn -0.2275 0.5281 -0.8181
vn -0.2090 0.5280 -0.8231
vn -0.1822 0.5489 -0.8158
vn -0.2131 0.5381 -0.8155
vn -0.1824 0.5497 -0.8152
vn -0.1553 0.5457 -0.8234
vn -0.1413 0.5560 -0.8191
vn -0.0969 0.5659 -0.8188
vn -0.0988 0.5647 -0.8194
vn -0.0967 0.5650 -0.8194
vn -0.0987 0.5637 -0.8201
vn -0.0396 0.5743 -0.8177
vn -0.0333 -0.5733 -0.8187
vn -0.3479 -0.4560 -0.8191
vn -0.3461 -0.4555 -0.8202
vn -0.3439 -0.4652 -0.8157
vn -0.3356 -0.4632 -0.8203
vn -0.3242 -0.4730 -0.8192
vn -0.3365 -0.4644 -0.8192
vn -0.3250 -0.4741 -0.8183
vn -0.3168 -0.4745 -0.8213
vn -0.3047 -0.4926 -0.8152
vn -0.2931 -0.4907 -0.8205
vn -0.2642 -0.5114 -0.8178
vn -0.2951 -0.4941 -0.8178
vn -0.2648 -0.5124 -0.8169
vn -0.2608 -0.5112 -0.8189
vn -0.2181 -0.5308 -0.8189
vn -0.2168 -0.5308 -0.8193
vn -0.2179 -0.5304 -0.8193
vn -0.2166 -0.5303 -0.8197
vn -0.1867 -0.5427 -0.8189
vn -0.1839 -0.5430 -0.8193
vn -0.1536 -0.5538 -0.8184
vn -0.1845 -0.5439 -0.8186
vn -0.1536 -0.5542 -0.8181
vn -0.1489 -0.5525 -0.8201
vn -0.1529 -0.5515 -0.8200
vn -0.1488 -0.5522 -0.8203
vn -0.0969 -0.5679 -0.8174
vn -0.0893 -0.5640 -0.8209
vn -0.0334 -0.5764 -0.8165
vn -0.0293 -0.5755 -0.8173
vn -0.0000 0.5736 -0.8191
vn -0.0000 0.5736 -0.8192
vn -0.0000 -0.5736 -0.8191
vn -0.0000 -0.5736 -0.8192
vn -0.0000 -0.5735 -0.8192
vn -0.6381 -0.7689 -0.0394
vn -0.6655 -0.7454 -0.0384
vn -0.6381 -0.7690 -0.0384
vn -0.6657 -0.7456 -0.0305
vn -0.7001 -0.7130 -0.0393
vn -0.7241 -0.6890 -0.0309
vn -0.7002 -0.7133 -0.0308
vn -0.7241 -0.6890 -0.0306
vn -0.7567 -0.6526 -0.0393
vn -0.7780 -0.6275 -0.0306
vn -0.8019 -0.5963 -0.0374
vn -0.8268 -0.5614 -0.0355
vn -0.8019 -0.5964 -0.0355
vn -0.8269 -0.5615 -0.0307
vn -0.8429 -0.5366 -0.0392
vn -0.8721 -0.4884 -0.0301
vn -0.8848 -0.4648 -0.0340
vn -0.9415 -0.3355 -0.0335
vn -0.9200 -0.3900 -0.0386
vn -0.8717 -0.4882 -0.0420
vn -0.9107 -0.4119 -0.0312
vn -0.9758 -0.2156 -0.0354
vn -0.9758 -0.2157 -0.0354
vn -0.9661 -0.2564 -0.0303
vn -0.9638 -0.2648 -0.0322
vn -0.9412 -0.3354 -0.0417
vn -0.9493 -0.3129 -0.0302
vn -0.9202 -0.3900 -0.0335
vn -0.9992 0.0340 -0.0229
vn -0.9951 -0.0872 -0.0462
vn -0.9654 -0.2562 -0.0489
vn -0.9846 -0.1723 -0.0296
vn -0.9902 -0.1337 -0.0394
vn -0.9956 -0.0872 -0.0335
vn -0.9904 -0.1338 -0.0335
vn -0.9983 -0.0516 -0.0281
vn -0.9993 -0.0050 -0.0379
vn -0.9986 0.0340 -0.0401
vn -0.9965 0.0778 -0.0303
vn -0.9920 0.1196 -0.0395
vn -0.9861 0.1633 -0.0307
vn -0.9924 0.1193 -0.0307
vn -0.8968 0.4413 -0.0311
vn -0.8967 0.4415 -0.0311
vn -0.9146 0.4031 -0.0303
vn -0.9311 0.3626 -0.0401
vn -0.9790 0.2017 -0.0285
vn -0.9855 0.1632 -0.0468
vn -0.9591 0.2820 -0.0235
vn -0.9682 0.2471 -0.0388
vn -0.9587 0.2818 -0.0388
vn -0.9679 0.2470 -0.0463
vn -0.9449 0.3260 -0.0304
vn -0.5862 0.8092 -0.0383
vn -0.5669 0.8231 -0.0333
vn -0.5863 0.8094 -0.0333
vn -0.9139 0.4029 -0.0490
vn -0.8765 0.4804 -0.0296
vn -0.8568 0.5141 -0.0394
vn -0.8319 0.5536 -0.0383
vn -0.8569 0.5141 -0.0383
vn -0.8321 0.5537 -0.0304
vn -0.8115 0.5830 -0.0394
vn -0.7837 0.6204 -0.0304
vn -0.7588 0.6505 -0.0339
vn -0.7836 0.6203 -0.0339
vn -0.7586 0.6503 -0.0401
vn -0.7294 0.6830 -0.0371
vn -0.7587 0.6504 -0.0371
vn -0.7296 0.6832 -0.0302
vn -0.7001 0.7130 -0.0394
vn -0.6781 0.7343 -0.0326
vn -0.6382 0.7690 -0.0379
vn -0.6780 0.7341 -0.0379
vn -0.6382 0.7689 -0.0385
vn -0.6253 0.7797 -0.0328
vn -0.6048 0.7956 -0.0357
vn -0.6046 0.7957 -0.0357
vn -0.6046 0.7957 -0.0355
vn -0.5982 0.8007 -0.0336
vn -0.5526 0.8329 -0.0287
vn -0.5668 0.8230 -0.0375
vn -0.5142 0.8571 -0.0307
vn -0.5192 0.8541 -0.0328
vn -0.5142 0.8571 -0.0329
vn -0.5191 0.8540 -0.0335
vn -0.4606 0.8869 -0.0360
vn -0.4770 0.8779 -0.0423
vn -0.3917 0.9198 -0.0222
vn -0.4330 0.9007 -0.0359
vn -0.3916 0.9196 -0.0327
vn -0.4321 0.9005 -0.0479
vn -0.3936 0.9185 -0.0389
vn -0.3076 0.9512 -0.0242
vn -0.3503 0.9357 -0.0424
vn -0.3075 0.9509 -0.0349
vn -0.3493 0.9358 -0.0469
vn -0.3496 0.9357 -0.0469
vn -0.2359 0.9714 -0.0252
vn -0.2706 0.9620 -0.0365
vn -0.2360 0.9713 -0.0288
vn -0.2704 0.9620 -0.0375
vn -0.1592 0.9868 -0.0297
vn -0.2653 0.9624 -0.0587
vn -0.1592 0.9867 -0.0316
vn -0.1823 0.9824 -0.0399
vn 0.0087 0.9998 -0.0158
vn -0.0000 0.9998 -0.0186
vn -0.1148 0.9918 -0.0557
vn -0.0065 0.9999 -0.0127
vn -0.1720 0.9825 -0.0719
vn -0.0514 0.9986 -0.0147
vn -0.0513 0.9986 -0.0146
vn 0.0100 0.9994 -0.0338
vn 0.0084 0.9994 -0.0347
vn -0.0574 0.9975 -0.0405
vn -0.1127 0.9918 -0.0608
vn 0.0111 0.9994 -0.0336
vn 0.0084 0.9994 -0.0338
vn 0.0083 0.9994 -0.0339
vn 0.0084 0.9994 -0.0339
vn 0.0085 0.9994 -0.0338
vn 0.0045 0.9994 -0.0346
vn 0.0047 0.9994 -0.0346
vn 0.0020 0.9994 -0.0349
vn 0.0001 0.9994 -0.0350
vn 0.0001 0.9994 -0.0347
vn -0.0000 0.9994 -0.0347
vn 0.0001 0.9994 -0.0349
vn -0.0000 0.9994 -0.0349
vn -0.4577 -0.8883 -0.0375
vn -0.4966 -0.8673 -0.0344
vn -0.5259 -0.8498 -0.0358
vn -0.5300 -0.8473 -0.0334
vn -0.5644 -0.8247 -0.0349
vn -0.5736 -0.8184 -0.0343
vn -0.5645 -0.8247 -0.0343
vn -0.5736 -0.8185 -0.0317
vn -0.5943 -0.8033 -0.0386
vn -0.6001 -0.7992 -0.0347
vn -0.6060 -0.7947 -0.0349
vn -0.6002 -0.7991 -0.0349
vn -0.6060 -0.7947 -0.0350
vn -0.6089 -0.7926 -0.0332
vn -0.6286 -0.7769 -0.0369
vn -0.2441 -0.9691 -0.0348
vn -0.3206 -0.9459 -0.0508
vn -0.2575 -0.9656 -0.0368
vn -0.3241 -0.9454 -0.0328
vn -0.3183 -0.9474 -0.0321
vn -0.3243 -0.9454 -0.0322
vn -0.3753 -0.9261 -0.0385
vn -0.3948 -0.9179 -0.0385
vn -0.3753 -0.9262 -0.0361
vn -0.3955 -0.9179 -0.0330
vn -0.4577 -0.8883 -0.0373
vn -0.4574 -0.8885 -0.0374
vn -0.2576 -0.9656 -0.0353
vn -0.1547 -0.9876 -0.0257
vn -0.2404 -0.9694 -0.0489
vn -0.1546 -0.9873 -0.0357
vn -0.1686 -0.9849 -0.0398
vn -0.0433 -0.9990 -0.0110
vn -0.1651 -0.9850 -0.0499
vn -0.0434 -0.9987 -0.0273
vn -0.0833 -0.9956 -0.0432
vn -0.0000 -0.9998 -0.0181
vn 0.0087 -0.9998 -0.0155
vn -0.0813 -0.9955 -0.0488
vn 0.0084 -0.9994 -0.0329
vn 0.0084 -0.9994 -0.0343
vn 0.0045 -0.9994 -0.0346
vn 0.0046 -0.9994 -0.0345
vn 0.0035 -0.9994 -0.0348
vn 0.0070 -0.9994 -0.0341
vn 0.0049 -0.9994 -0.0346
vn 0.0071 -0.9994 -0.0342
vn 0.0084 -0.9994 -0.0337
vn 0.0105 -0.9994 -0.0333
vn 0.0049 -0.9994 -0.0348
vn 0.0015 -0.9994 -0.0349
vn 0.0001 -0.9994 -0.0347
vn -0.0000 -0.9994 -0.0347
vn -0.0000 -0.9994 -0.0348
vn 0.0001 -0.9994 -0.0348
vn -0.0000 -0.9994 -0.0349
vn 0.1150 -0.5698 -0.8137
vn 0.0493 -0.6567 -0.7525
vn 0.1583 -0.5846 -0.7957
vn 0.1137 -0.5827 -0.8047
vn 0.2647 -0.5675 -0.7796
vn 0.3216 -0.6161 -0.7191
vn 0.3557 -0.5942 -0.7214
vn 0.3291 -0.5931 -0.7348
vn 0.4587 -0.5643 -0.6864
vn 0.5110 -0.6115 -0.6041
vn 0.5267 -0.6015 -0.6006
vn 0.5164 -0.6010 -0.6100
vn 0.6213 -0.5632 -0.5449
vn 0.6638 -0.6046 -0.4402
vn 0.6611 -0.6065 -0.4417
vn 0.6625 -0.6065 -0.4395
vn 0.7405 -0.5642 -0.3652
vn 0.7674 -0.5954 -0.2377
vn 0.7509 -0.6092 -0.2549
vn 0.7569 -0.6097 -0.2351
vn 0.8076 -0.5674 -0.1606
vn 0.8125 -0.5795 -0.0639
vn 0.8180 -0.5727 -0.0536
vn 0.9955 -0.0103 -0.0939
vn 0.9808 0.0059 -0.1951
vn 0.9470 -0.0208 -0.3205
vn 0.9467 -0.0208 -0.3214
vn 0.9470 -0.0205 -0.3205
vn 0.8969 0.0059 -0.4423
vn 0.8236 -0.0180 -0.5669
vn 0.8313 -0.0180 -0.5555
vn 0.8235 -0.0231 -0.5669
vn 0.7518 0.0054 -0.6593
vn 0.6375 -0.0146 -0.7703
vn 0.6593 -0.0145 -0.7518
vn 0.6373 -0.0251 -0.7702
vn 0.5556 0.0043 -0.8315
vn 0.4030 -0.0104 -0.9151
vn 0.4423 -0.0104 -0.8968
vn 0.4028 -0.0265 -0.9149
vn 0.3214 0.0025 -0.9469
vn 0.1378 -0.0055 -0.9904
vn 0.1951 -0.0055 -0.9808
vn 0.1378 -0.0272 -0.9901
vn 0.8175 0.5724 -0.0639
vn 0.8126 0.5804 -0.0533
vn 0.7968 0.5523 -0.2449
vn 0.7778 0.6092 -0.1547
vn 0.7569 0.6097 -0.2351
vn 0.7639 0.5910 -0.2593
vn 0.7080 0.5305 -0.4662
vn 0.7132 0.6063 -0.3517
vn 0.6611 0.6065 -0.4417
vn 0.6638 0.6046 -0.4402
vn 0.6213 0.5632 -0.5449
vn 0.5164 0.6010 -0.6100
vn 0.5184 0.6180 -0.5911
vn 0.4587 0.5643 -0.6864
vn 0.3291 0.5931 -0.7348
vn 0.0536 0.5728 -0.8180
vn 0.1097 0.6184 -0.7782
vn 0.1583 0.5846 -0.7957
vn 0.1137 0.5827 -0.8047
vn 0.2647 0.5675 -0.7796
vn 0.3424 0.6330 -0.6943
vn 0.0587 0.4415 -0.8953
vn 0.0646 0.1518 -0.9863
vn 0.1750 0.4415 -0.8800
vn 0.2884 0.4415 -0.8496
vn 0.3968 0.4416 -0.8047
vn 0.3968 0.4415 -0.8047
vn 0.4985 0.4415 -0.7460
vn 0.5916 0.4415 -0.6746
vn 0.6746 0.4416 -0.5916
vn 0.7460 0.4415 -0.4985
vn 0.7460 0.4416 -0.4985
vn 0.8047 0.4416 -0.3968
vn 0.8047 0.4415 -0.3968
vn 0.8496 0.4415 -0.2884
vn 0.8800 0.4415 -0.1750
vn 0.8953 0.4415 -0.0587
vn 0.1928 0.1518 -0.9694
vn 0.3177 0.1518 -0.9360
vn 0.4372 0.1518 -0.8865
vn 0.5491 0.1518 -0.8218
vn 0.6517 0.1518 -0.7431
vn 0.7431 0.1518 -0.6517
vn 0.8218 0.1518 -0.5491
vn 0.8865 0.1518 -0.4372
vn 0.9360 0.1518 -0.3177
vn 0.9694 0.1518 -0.1928
vn 0.9863 0.1518 -0.0646
vn -0.0000 0.4423 -0.8969
vn -0.0000 0.1521 -0.9884
vn -0.0251 0.4421 -0.8966
vn -0.0922 0.1210 -0.9884
vn -0.2680 0.3518 -0.8969
vn -0.2607 0.3574 -0.8969
vn -0.2607 0.3574 -0.8968
vn -0.2477 0.3664 -0.8969
vn -0.2311 0.3773 -0.8968
vn -0.2312 0.3772 -0.8968
vn -0.2312 0.3773 -0.8968
vn -0.2004 0.3946 -0.8967
vn -0.2004 0.3947 -0.8967
vn -0.1629 0.4116 -0.8967
vn -0.1630 0.4116 -0.8967
vn -0.1212 0.4258 -0.8967
vn -0.1212 0.4259 -0.8966
vn -0.0747 0.4365 -0.8966
vn -0.0897 0.1229 -0.9884
vn -0.0852 0.1260 -0.9884
vn -0.0795 0.1298 -0.9883
vn -0.0796 0.1298 -0.9883
vn -0.0689 0.1358 -0.9883
vn -0.0690 0.1358 -0.9883
vn -0.0561 0.1416 -0.9883
vn -0.0417 0.1465 -0.9883
vn -0.0257 0.1502 -0.9883
vn -0.0086 0.1521 -0.9883
vn -0.2838 0.3397 -0.8967
vn -0.3138 0.3122 -0.8967
vn -0.3412 0.2820 -0.8967
vn -0.3657 0.2494 -0.8967
vn -0.3871 0.2147 -0.8967
vn -0.4052 0.1782 -0.8967
vn -0.4199 0.1402 -0.8967
vn -0.4198 0.1402 -0.8967
vn -0.4310 0.1010 -0.8967
vn -0.4384 0.0609 -0.8967
vn -0.4422 0.0204 -0.8967
vn -0.4422 -0.0204 -0.8967
vn -0.4384 -0.0609 -0.8967
vn -0.4310 -0.1010 -0.8967
vn -0.4198 -0.1402 -0.8967
vn -0.4199 -0.1402 -0.8967
vn -0.4052 -0.1782 -0.8967
vn -0.3871 -0.2147 -0.8967
vn -0.3657 -0.2494 -0.8967
vn -0.3412 -0.2820 -0.8967
vn -0.3138 -0.3122 -0.8967
vn -0.0976 -0.1169 -0.9883
vn -0.2838 -0.3397 -0.8967
vn -0.1080 -0.1074 -0.9883
vn -0.1174 -0.0970 -0.9883
vn -0.1258 -0.0858 -0.9883
vn -0.1332 -0.0739 -0.9883
vn -0.1394 -0.0613 -0.9883
vn -0.1444 -0.0482 -0.9883
vn -0.1483 -0.0348 -0.9883
vn -0.1483 -0.0347 -0.9883
vn -0.1508 -0.0210 -0.9883
vn -0.1521 -0.0070 -0.9883
vn -0.1521 0.0070 -0.9883
vn -0.1508 0.0210 -0.9883
vn -0.1483 0.0347 -0.9883
vn -0.1444 0.0482 -0.9883
vn -0.1394 0.0613 -0.9883
vn -0.1332 0.0739 -0.9883
vn -0.1258 0.0858 -0.9883
vn -0.1174 0.0970 -0.9883
vn -0.1080 0.1074 -0.9883
vn -0.0976 0.1169 -0.9883
vn -0.2676 -0.3522 -0.8969
vn -0.0000 -0.1521 -0.9884
vn -0.0000 -0.4423 -0.8969
vn -0.0225 -0.4422 -0.8966
vn -0.0225 -0.4422 -0.8967
vn -0.0225 -0.4421 -0.8967
vn -0.0693 -0.4373 -0.8966
vn -0.1152 -0.4275 -0.8966
vn -0.1152 -0.4275 -0.8967
vn -0.1421 -0.4189 -0.8969
vn -0.1419 -0.4189 -0.8969
vn -0.1674 -0.4098 -0.8967
vn -0.1674 -0.4097 -0.8967
vn -0.2011 -0.3942 -0.8968
vn -0.2268 -0.3799 -0.8968
vn -0.2269 -0.3798 -0.8968
vn -0.2456 -0.3679 -0.8968
vn -0.2595 -0.3582 -0.8969
vn -0.0000 -0.1522 -0.9884
vn -0.0077 -0.1521 -0.9883
vn -0.0238 -0.1505 -0.9883
vn -0.0396 -0.1471 -0.9883
vn -0.0488 -0.1441 -0.9884
vn -0.0576 -0.1410 -0.9883
vn -0.0692 -0.1356 -0.9883
vn -0.0780 -0.1307 -0.9884
vn -0.0780 -0.1306 -0.9884
vn -0.0845 -0.1265 -0.9884
vn -0.0893 -0.1232 -0.9884
vn -0.0920 -0.1211 -0.9884
vn 0.8953 -0.4415 -0.0587
vn 0.9863 -0.1518 -0.0646
vn 0.8800 -0.4415 -0.1750
vn 0.8496 -0.4415 -0.2884
vn 0.8047 -0.4415 -0.3969
vn 0.8047 -0.4416 -0.3968
vn 0.7460 -0.4416 -0.4985
vn 0.6746 -0.4415 -0.5916
vn 0.6746 -0.4416 -0.5916
vn 0.5916 -0.4416 -0.6746
vn 0.5916 -0.4415 -0.6746
vn 0.4985 -0.4415 -0.7460
vn 0.3968 -0.4415 -0.8047
vn 0.2884 -0.4415 -0.8496
vn 0.1750 -0.4415 -0.8800
vn 0.0587 -0.4415 -0.8953
vn 0.9694 -0.1518 -0.1928
vn 0.9360 -0.1518 -0.3177
vn 0.8865 -0.1518 -0.4372
vn 0.8218 -0.1518 -0.5491
vn 0.7431 -0.1518 -0.6517
vn 0.6517 -0.1518 -0.7431
vn 0.5491 -0.1518 -0.8218
vn 0.4372 -0.1518 -0.8865
vn 0.3177 -0.1518 -0.9360
vn 0.1928 -0.1518 -0.9694
vn 0.0646 -0.1518 -0.9863
vn 0.7254 0.6856 -0.0619
vn 0.5993 0.7967 -0.0776
vn 0.1413 0.9845 -0.1038
vn 0.3020 0.9509 -0.0682
vn 0.4581 0.8880 -0.0400
vn 0.6528 0.7513 -0.0970
vn 0.6358 0.7444 -0.2043
vn 0.6333 0.7459 -0.2062
vn 0.6308 0.7489 -0.2030
vn 0.5544 0.7431 -0.3747
vn 0.5523 0.7441 -0.3758
vn 0.5506 0.7471 -0.3723
vn 0.4294 0.7423 -0.5144
vn 0.4278 0.7428 -0.5150
vn 0.4271 0.7454 -0.5118
vn 0.2713 0.7420 -0.6131
vn 0.2702 0.7422 -0.6133
vn 0.0926 0.7428 -0.6630
vn 0.0923 0.7422 -0.6638
vn 0.0926 0.7422 -0.6638
vn 0.2703 0.7440 -0.6111
vn 0.2369 0.9705 -0.0456
vn 0.2299 0.9683 -0.0980
vn 0.2275 0.9688 -0.0982
vn 0.2002 0.9667 -0.1594
vn 0.1982 0.9672 -0.1590
vn 0.1549 0.9654 -0.2096
vn 0.1535 0.9658 -0.2089
vn 0.0978 0.9646 -0.2450
vn 0.0970 0.9648 -0.2443
vn 0.0334 0.9642 -0.2632
vn 0.0332 0.9643 -0.2629
vn 0.0001 0.9648 -0.2630
vn 0.0053 0.9649 -0.2626
vn 0.0035 0.9649 -0.2626
vn 0.0039 0.9648 -0.2630
vn 0.0055 0.9685 -0.2488
vn 0.0077 0.9684 -0.2494
vn -0.0000 0.9686 -0.2488
vn -0.0000 0.9685 -0.2489
vn -0.0000 0.7493 -0.6622
vn -0.0001 0.7493 -0.6622
vn 0.0018 0.7493 -0.6622
vn 0.0025 0.7462 -0.6658
vn 0.0012 0.7462 -0.6658
vn 0.0014 0.7461 -0.6659
vn -0.0000 0.7461 -0.6659
vn -0.0000 0.7460 -0.6659
vn -0.5839 0.7681 -0.2630
vn -0.0058 0.7493 -0.6622
vn -0.0040 0.9685 -0.2489
vn -0.1540 0.9556 -0.2511
vn -0.0503 0.9664 -0.2521
vn -0.0539 0.9669 -0.2494
vn -0.0504 0.9678 -0.2464
vn -0.0122 0.9690 -0.2469
vn -0.1254 0.7369 -0.6642
vn -0.0084 0.7497 -0.6617
vn -0.0468 0.7489 -0.6611
vn -0.0453 0.7473 -0.6629
vn -0.1240 0.7390 -0.6622
vn -0.1576 0.9545 -0.2532
vn -0.2974 0.9191 -0.2586
vn -0.2279 0.9385 -0.2593
vn -0.2307 0.9384 -0.2574
vn -0.2282 0.9391 -0.2570
vn -0.1537 0.9540 -0.2573
vn -0.2333 0.7092 -0.6653
vn -0.2971 0.9183 -0.2616
vn -0.2990 0.9183 -0.2595
vn -0.2328 0.7104 -0.6642
vn -0.1801 0.7249 -0.6649
vn -0.1814 0.7253 -0.6641
vn -0.2944 0.6863 -0.6651
vn -0.2940 0.6862 -0.6653
vn -0.2943 0.6858 -0.6656
vn -0.3445 0.6621 -0.6655
vn -0.3444 0.6621 -0.6656
vn -0.3784 0.8880 -0.2613
vn -0.3790 0.8874 -0.2624
vn -0.3782 0.8877 -0.2627
vn -0.4449 0.8562 -0.2626
vn -0.4448 0.8562 -0.2628
vn -0.3837 0.6400 -0.6657
vn -0.3838 0.6401 -0.6656
vn -0.4128 0.6217 -0.6656
vn -0.4127 0.6217 -0.6657
vn -0.5337 0.8040 -0.2622
vn -0.4963 0.8276 -0.2622
vn -0.4965 0.8273 -0.2628
vn -0.4965 0.8273 -0.2629
vn -0.5660 0.7813 -0.2629
vn -0.5660 0.7813 -0.2630
vn -0.5332 0.8041 -0.2630
vn -0.4516 0.5939 -0.6659
vn -0.4515 0.5939 -0.6659
vn -0.4377 0.6043 -0.6658
vn -0.4127 0.6216 -0.6658
vn -0.4764 -0.5742 -0.6658
vn -0.6160 -0.7425 -0.2631
vn -0.6162 -0.7425 -0.2628
vn -0.4763 0.5743 -0.6658
vn -0.4766 0.5744 -0.6655
vn -0.5229 0.5326 -0.6656
vn -0.5229 0.5325 -0.6656
vn -0.6161 0.7424 -0.2631
vn -0.6161 0.7425 -0.2629
vn -0.6162 0.7425 -0.2628
vn -0.6760 0.6885 -0.2629
vn -0.6760 0.6885 -0.2628
vn -0.7325 0.6280 -0.2628
vn -0.5667 0.4858 -0.6655
vn -0.6061 0.4355 -0.6656
vn -0.7836 0.5630 -0.2628
vn -0.6400 0.3840 -0.6656
vn -0.6697 0.3295 -0.6656
vn -0.8991 0.3501 -0.2628
vn -0.8656 0.4262 -0.2628
vn -0.8657 0.4260 -0.2628
vn -0.8273 0.4964 -0.2628
vn -0.7160 0.2105 -0.6656
vn -0.9257 0.2721 -0.2628
vn -0.7310 0.1506 -0.6656
vn -0.6955 0.2708 -0.6655
vn -0.9450 0.1947 -0.2628
vn -0.9579 0.1155 -0.2628
vn -0.7410 0.0893 -0.6656
vn -0.7460 0.0254 -0.6655
vn -0.7453 -0.0385 -0.6656
vn -0.9636 -0.0498 -0.2628
vn -0.9643 0.0328 -0.2628
vn -0.9562 -0.1291 -0.2628
vn -0.9562 -0.1292 -0.2628
vn -0.7454 -0.0384 -0.6656
vn -0.7396 -0.0999 -0.6656
vn -0.7288 -0.1610 -0.6655
vn -0.7194 -0.1976 -0.6659
vn -0.9164 -0.3020 -0.2628
vn -0.9303 -0.2556 -0.2630
vn -0.9421 -0.2082 -0.2628
vn -0.8883 -0.3765 -0.2629
vn -0.8883 -0.3766 -0.2629
vn -0.9164 -0.3020 -0.2629
vn -0.8542 -0.4487 -0.2628
vn -0.8883 -0.3766 -0.2628
vn -0.7194 -0.1977 -0.6658
vn -0.7088 -0.2336 -0.6656
vn -0.6871 -0.2913 -0.6656
vn -0.6872 -0.2913 -0.6656
vn -0.6607 -0.3471 -0.6656
vn -0.6296 -0.4008 -0.6656
vn -0.5988 -0.4453 -0.6657
vn -0.8139 -0.5181 -0.2628
vn -0.7307 -0.6301 -0.2628
vn -0.7742 -0.5758 -0.2629
vn -0.6760 -0.6884 -0.2629
vn -0.6760 -0.6884 -0.2628
vn -0.6761 -0.6884 -0.2628
vn -0.5987 -0.4453 -0.6657
vn -0.5652 -0.4874 -0.6656
vn -0.5229 -0.5325 -0.6656
vn -0.4764 -0.5745 -0.6655
vn -0.4525 -0.5932 -0.6659
vn -0.5850 -0.7672 -0.2630
vn -0.5851 -0.7672 -0.2630
vn -0.5737 -0.7757 -0.2630
vn -0.4436 -0.5999 -0.6659
vn -0.4436 -0.5999 -0.6658
vn -0.4216 -0.6155 -0.6659
vn -0.4215 -0.6156 -0.6659
vn -0.4420 -0.8577 -0.2626
vn -0.5078 -0.8205 -0.2627
vn -0.5077 -0.8206 -0.2625
vn -0.5448 -0.7964 -0.2625
vn -0.5452 -0.7961 -0.2627
vn -0.5448 -0.7962 -0.2632
vn -0.5737 -0.7756 -0.2631
vn -0.4217 -0.6156 -0.6657
vn -0.3927 -0.6347 -0.6656
vn -0.3423 -0.6633 -0.6655
vn -0.3424 -0.6634 -0.6653
vn -0.2825 -0.6909 -0.6655
vn -0.2822 -0.6913 -0.6652
vn -0.4422 -0.8577 -0.2623
vn -0.3626 -0.8942 -0.2625
vn -0.3636 -0.8942 -0.2613
vn -0.3628 -0.8946 -0.2608
vn -0.3092 -0.9144 -0.2613
vn -0.3077 -0.9151 -0.2605
vn -0.1973 -0.7216 -0.6636
vn -0.1959 -0.7207 -0.6650
vn -0.1971 -0.7203 -0.6651
vn -0.2405 -0.7069 -0.6652
vn -0.2410 -0.7065 -0.6654
vn -0.2827 -0.6914 -0.6649
vn -0.2488 -0.9328 -0.2605
vn -0.2514 -0.9331 -0.2570
vn -0.2492 -0.9339 -0.2564
vn -0.1494 -0.9547 -0.2572
vn -0.1532 -0.9551 -0.2536
vn -0.1496 -0.9564 -0.2509
vn -0.1222 -0.7375 -0.6642
vn -0.1208 -0.7396 -0.6621
vn -0.0392 -0.7478 -0.6628
vn -0.0386 -0.7482 -0.6624
vn -0.0392 -0.7486 -0.6619
vn -0.0000 -0.7493 -0.6622
vn -0.0432 -0.9668 -0.2519
vn -0.0450 -0.9669 -0.2510
vn -0.0433 -0.9676 -0.2488
vn -0.0000 -0.9685 -0.2488
vn -0.0000 -0.9686 -0.2488
vn 0.0055 -0.9685 -0.2488
vn 0.0001 -0.9648 -0.2630
vn -0.0000 -0.7460 -0.6659
vn 0.0036 -0.9648 -0.2630
vn 0.0040 -0.9648 -0.2628
vn 0.0036 -0.9649 -0.2625
vn 0.0053 -0.9649 -0.2625
vn 0.0075 -0.9656 -0.2600
vn -0.0000 -0.7461 -0.6659
vn 0.0013 -0.7461 -0.6659
vn 0.0014 -0.7462 -0.6658
vn 0.0017 -0.7462 -0.6658
vn 0.0025 -0.7493 -0.6622
vn 0.1457 -0.9885 -0.0417
vn 0.3093 -0.9486 -0.0668
vn 0.6569 -0.7516 -0.0599
vn 0.7235 -0.6788 -0.1253
vn 0.6050 -0.7922 -0.0795
vn 0.4647 -0.8845 -0.0402
vn 0.4647 -0.8846 -0.0402
vn 0.6300 -0.7490 -0.2053
vn 0.6358 -0.7444 -0.2043
vn 0.4278 -0.7428 -0.5150
vn 0.4294 -0.7423 -0.5144
vn 0.5493 -0.7472 -0.3741
vn 0.5544 -0.7431 -0.3747
vn 0.5544 -0.7431 -0.3746
vn 0.2319 -0.9691 -0.0836
vn 0.2298 -0.9682 -0.0988
vn 0.2279 -0.9688 -0.0974
vn 0.1999 -0.9666 -0.1601
vn 0.1987 -0.9672 -0.1584
vn 0.1545 -0.9654 -0.2101
vn 0.1540 -0.9658 -0.2086
vn 0.0975 -0.9646 -0.2452
vn 0.0974 -0.9648 -0.2442
vn 0.0926 -0.7422 -0.6638
vn 0.2703 -0.7440 -0.6111
vn 0.2702 -0.7422 -0.6133
vn 0.2713 -0.7420 -0.6131
vn 0.4271 -0.7454 -0.5118
vn 0.0926 -0.7428 -0.6630
vn 0.0923 -0.7422 -0.6638
vn 0.0333 -0.9643 -0.2629
vn 0.0333 -0.9642 -0.2632
vn 0.9931 -0.0000 0.1169
vn 0.9388 -0.0000 0.3444
vn 0.8332 -0.0000 0.5530
vn 0.6820 -0.0000 0.7314
vn 0.4935 -0.0000 0.8698
vn -0.0000 -0.9999 -0.0131
vn -0.0000 0.9999 -0.0131
vn 1.0000 -0.0000 -0.0000
vn 0.0765 -0.8245 -0.5606
vn 0.1679 -0.9854 -0.0287
vn 0.4836 -0.8735 -0.0553
vn 0.4837 -0.8731 -0.0617
vn 0.9213 -0.3785 -0.0889
vn 0.9212 -0.3788 -0.0889
vn 0.9894 -0.1099 -0.0945
vn 0.9758 -0.1952 -0.0981
vn 0.9291 -0.1913 -0.3166
vn 0.9289 -0.1921 -0.3167
vn 0.9285 -0.1941 -0.3164
vn 0.8075 -0.1910 -0.5580
vn 0.8074 -0.1916 -0.5581
vn 0.8071 -0.1936 -0.5578
vn 0.6248 -0.1909 -0.7571
vn 0.6247 -0.1913 -0.7571
vn 0.6245 -0.1930 -0.7568
vn 0.1944 -0.9804 -0.0329
vn 0.1862 -0.9796 -0.0758
vn 0.1858 -0.9797 -0.0756
vn 0.1615 -0.9791 -0.1240
vn 0.1613 -0.9791 -0.1237
vn 0.1248 -0.9786 -0.1636
vn 0.1246 -0.9787 -0.1633
vn 0.0788 -0.9783 -0.1917
vn 0.0788 -0.9783 -0.1916
vn 0.0269 -0.9781 -0.2063
vn 0.5543 -0.8301 -0.0614
vn 0.5290 -0.8271 -0.1897
vn 0.5281 -0.8278 -0.1894
vn 0.4592 -0.8260 -0.3268
vn 0.4585 -0.8266 -0.3263
vn 0.3549 -0.8251 -0.4395
vn 0.3545 -0.8256 -0.4389
vn 0.2241 -0.8246 -0.5195
vn 0.2239 -0.8249 -0.5190
vn 0.0766 -0.8244 -0.5608
vn 0.1144 -0.5476 -0.8289
vn 0.3344 -0.5484 -0.7664
vn 0.3346 -0.5476 -0.7669
vn 0.5294 -0.5492 -0.6466
vn 0.5298 -0.5481 -0.6472
vn 0.6845 -0.5503 -0.4781
vn 0.6853 -0.5487 -0.4788
vn 0.7881 -0.5513 -0.2736
vn 0.7892 -0.5496 -0.2741
vn 0.8277 -0.5542 -0.0887
vn 0.7448 -0.6630 -0.0762
vn 0.1144 -0.5479 -0.8287
vn 0.1144 -0.5478 -0.8287
vn 0.1350 -0.1917 -0.9721
vn 0.1350 -0.1912 -0.9722
vn 0.1350 -0.1913 -0.9722
vn 0.3946 -0.1922 -0.8985
vn 0.3948 -0.1911 -0.8987
vn -0.0000 -0.1934 -0.9811
vn -0.0023 -0.2567 -0.9665
vn 0.0015 -0.5515 -0.8342
vn -0.0031 -0.7025 -0.7117
vn -0.0000 -0.9785 -0.2063
vn -0.0023 -0.9630 -0.2694
vn 0.0015 -0.8268 -0.5624
vn 0.0015 -0.8270 -0.5623
vn 0.0546 0.8256 -0.5617
vn 0.9770 0.1663 -0.1332
vn 0.8678 0.4807 -0.1260
vn 0.3794 0.9232 -0.0609
vn 0.1103 0.9935 -0.0278
vn 0.0192 0.9783 -0.2063
vn 0.0817 0.5497 -0.8314
vn 0.0546 0.8257 -0.5615
vn 0.0966 0.1924 -0.9766
vn 0.0966 0.1925 -0.9765
vn 0.0817 0.5496 -0.8314
vn 0.3228 0.1921 -0.9268
vn 0.3228 0.1919 -0.9268
vn 0.3229 0.1910 -0.9270
vn 0.5631 0.1926 -0.8036
vn 0.5630 0.1924 -0.8037
vn 0.5633 0.1909 -0.8039
vn 0.7610 0.1910 -0.6200
vn 0.7607 0.1932 -0.6196
vn 0.7607 0.1933 -0.6196
vn 0.0192 0.9783 -0.2064
vn 0.0644 0.9782 -0.1973
vn 0.0645 0.9782 -0.1974
vn 0.1124 0.9785 -0.1728
vn 0.1125 0.9785 -0.1729
vn 0.1519 0.9790 -0.1361
vn 0.1523 0.9789 -0.1363
vn 0.1802 0.9795 -0.0901
vn 0.1807 0.9794 -0.0902
vn 0.1937 0.9802 -0.0414
vn 0.3795 0.9232 -0.0609
vn 0.0546 0.8254 -0.5619
vn 0.1830 0.8248 -0.5350
vn 0.1832 0.8245 -0.5353
vn 0.3195 0.8254 -0.4654
vn 0.3199 0.8249 -0.4660
vn 0.4320 0.8263 -0.3613
vn 0.4327 0.8257 -0.3618
vn 0.5121 0.8275 -0.2304
vn 0.5130 0.8268 -0.2307
vn 0.5524 0.8290 -0.0874
vn 0.6618 0.7435 -0.0966
vn 0.0817 0.5495 -0.8315
vn 0.2735 0.5482 -0.7904
vn 0.2737 0.5476 -0.7907
vn 0.4772 0.5490 -0.6862
vn 0.4777 0.5479 -0.6867
vn 0.6450 0.5500 -0.5305
vn 0.6459 0.5484 -0.5311
vn 0.7643 0.5511 -0.3349
vn 0.7654 0.5493 -0.3353
vn 0.8254 0.5523 -0.1167
vn 0.8682 0.4812 -0.1216
vn 0.9717 0.1942 -0.1341
vn 0.9718 0.1947 -0.1327
vn 0.9012 0.1912 -0.3889
vn 0.9008 0.1939 -0.3886
vn 0.9008 0.1940 -0.3885
vn -0.0000 0.9785 -0.2063
vn -0.0023 0.9630 -0.2694
vn 0.0015 0.8268 -0.5624
vn 0.0015 0.8270 -0.5623
vn -0.0031 0.7025 -0.7117
vn -0.0000 0.1934 -0.9811
vn -0.0023 0.2567 -0.9665
vn 0.0015 0.5515 -0.8342
vn 0.2305 -0.9725 -0.0347
vn 0.0581 -0.9977 -0.0348
vn -0.0000 -0.9931 -0.1173
vn -0.0581 -0.9977 -0.0348
vn -0.2305 -0.9725 -0.0347
vn -0.4485 -0.8931 -0.0347
vn -0.6424 -0.7656 -0.0347
vn -0.8016 -0.5968 -0.0347
vn -0.9177 -0.3958 -0.0347
vn -0.9842 -0.1735 -0.0347
vn -0.9977 0.0581 -0.0347
vn -0.9574 0.2866 -0.0347
vn -0.8655 0.4997 -0.0347
vn -0.7269 0.6858 -0.0347
vn -0.5492 0.8350 -0.0347
vn -0.3418 0.9391 -0.0347
vn -0.1160 0.9926 -0.0347
vn 0.1160 0.9926 -0.0347
vn 0.3418 0.9391 -0.0347
vn 0.5492 0.8350 -0.0347
vn 0.7269 0.6858 -0.0347
vn 0.8655 0.4997 -0.0347
vn 0.9574 0.2866 -0.0347
vn 0.9977 0.0581 -0.0347
vn 0.9842 -0.1735 -0.0347
vn 0.9177 -0.3958 -0.0347
vn 0.8016 -0.5968 -0.0347
vn 0.6424 -0.7656 -0.0347
vn 0.4485 -0.8931 -0.0347
vn -0.3546 -0.9349 -0.0173
vn -0.5680 -0.8229 -0.0173
vn -0.7484 -0.6630 -0.0173
vn -0.8853 -0.4647 -0.0173
vn -0.9708 -0.2393 -0.0173
vn -0.9999 -0.0000 -0.0173
vn -0.9708 0.2393 -0.0173
vn -0.8853 0.4647 -0.0173
vn -0.7484 0.6630 -0.0173
vn -0.5680 0.8229 -0.0173
vn -0.3546 0.9349 -0.0173
vn -0.1205 0.9926 -0.0173
vn 0.1205 0.9926 -0.0173
vn 0.3546 0.9349 -0.0173
vn 0.5680 0.8229 -0.0173
vn 0.7484 0.6630 -0.0173
vn 0.8853 0.4647 -0.0173
vn 0.9708 0.2393 -0.0173
vn 0.9998 -0.0000 -0.0173
vn 0.9708 -0.2393 -0.0173
vn 0.8853 -0.4647 -0.0173
vn 0.7484 -0.6630 -0.0173
vn 0.5680 -0.8229 -0.0173
vn 0.3546 -0.9349 -0.0173
vn 0.1205 -0.9926 -0.0173
vn -0.1205 -0.9926 -0.0173
vt 0.372891 0.824339
vt 0.396644 0.824281
vt 0.372913 0.832917
vt 0.396459 0.836671
vt 0.373035 0.841421
vt 0.396490 0.841237
vt 0.373255 0.849703
vt 0.396576 0.854110
vt 0.373569 0.857623
vt 0.396695 0.857354
vt 0.373971 0.865046
vt 0.397143 0.869605
vt 0.374455 0.871843
vt 0.397295 0.871546
vt 0.375012 0.877899
vt 0.398115 0.881978
vt 0.017223 0.407440
vt 0.039910 0.412237
vt 0.017190 0.413731
vt 0.039890 0.413824
vt 0.017165 0.420730
vt 0.039715 0.427416
vt 0.017147 0.428316
vt 0.039711 0.428317
vt 0.017138 0.436359
vt 0.039652 0.444689
vt 0.017137 0.444724
vt 0.042306 0.621238
vt 0.018546 0.617603
vt 0.040568 0.612696
vt 0.017980 0.614015
vt 0.017816 0.612731
vt 0.048286 0.637138
vt 0.027341 0.643705
vt 0.045184 0.629979
vt 0.023540 0.635004
vt 0.020589 0.626315
vt 0.073001 0.710701
vt 0.065764 0.701589
vt 0.203194 0.752115
vt 0.296961 0.629593
vt 0.314865 0.643306
vt 0.293902 0.636761
vt 0.312706 0.647652
vt 0.288013 0.647947
vt 0.324227 0.612260
vt 0.324041 0.613773
vt 0.301475 0.612295
vt 0.323522 0.617159
vt 0.299787 0.620843
vt 0.321526 0.625883
vt 0.318621 0.634587
vt 0.065753 0.701574
vt 0.050299 0.680530
vt 0.062351 0.661125
vt 0.043165 0.670373
vt 0.054241 0.648306
vt 0.035845 0.659114
vt 0.029605 0.648196
vt 0.306538 0.658590
vt 0.299292 0.669873
vt 0.279979 0.660791
vt 0.292134 0.680176
vt 0.276817 0.701250
vt 0.276806 0.701265
vt 0.273069 0.706217
vt 0.265649 0.714828
vt 0.257551 0.722764
vt 0.248783 0.730003
vt 0.241905 0.734864
vt 0.232381 0.740582
vt 0.222414 0.745461
vt 0.212014 0.749484
vt 0.138174 0.751818
vt 0.127657 0.748499
vt 0.117880 0.744486
vt 0.108069 0.739469
vt 0.098684 0.733623
vt 0.089745 0.726950
vt 0.080741 0.718917
vt 0.148842 0.754203
vt 0.192505 0.754403
vt 0.159641 0.755662
vt 0.181647 0.755768
vt 0.170630 0.756192
vt 0.017178 0.550622
vt 0.039693 0.550588
vt 0.039742 0.571305
vt 0.017194 0.571317
vt 0.039753 0.575693
vt 0.017229 0.592114
vt 0.039861 0.592040
vt 0.017252 0.601873
vt 0.039949 0.605177
vt 0.017293 0.605295
vt 0.017459 0.608703
vt 0.040156 0.608925
vt 0.017747 0.612092
vt 0.017793 0.612532
vt 0.324617 0.444252
vt 0.302102 0.444286
vt 0.324618 0.435888
vt 0.302080 0.431658
vt 0.324628 0.427844
vt 0.302061 0.428086
vt 0.324645 0.420258
vt 0.301997 0.415773
vt 0.324670 0.413259
vt 0.301973 0.413543
vt 0.324703 0.406968
vt 0.301858 0.402838
vt 0.320093 0.876030
vt 0.296867 0.871744
vt 0.319510 0.869976
vt 0.296710 0.869977
vt 0.318996 0.863181
vt 0.295551 0.857015
vt 0.318562 0.855760
vt 0.295484 0.855863
vt 0.318214 0.847841
vt 0.294561 0.839993
vt 0.317958 0.839560
vt 0.294551 0.839715
vt 0.317799 0.831057
vt 0.293986 0.822639
vt 0.317739 0.822479
vt 0.340804 0.131336
vt 0.342946 0.136986
vt 0.013980 0.132130
vt 0.021161 0.117275
vt 0.333899 0.117275
vt 0.016866 0.125541
vt 0.336647 0.122432
vt 0.337820 0.124946
vt 0.008942 0.147066
vt 0.010305 0.142185
vt 0.343903 0.139594
vt 0.343800 0.139241
vt 0.012129 0.136982
vt 0.013232 0.133838
vt 0.346269 0.147735
vt 0.347689 0.154951
vt 0.008927 0.147140
vt 0.347941 0.156231
vt 0.007088 0.156231
vt 0.346098 0.147145
vt 0.021438 0.116777
vt 0.022026 0.115724
vt 0.028957 0.104505
vt 0.126549 0.014858
vt 0.115451 0.019340
vt 0.108637 0.022767
vt 0.126892 0.014719
vt 0.138774 0.011024
vt 0.145409 0.009571
vt 0.151859 0.008159
vt 0.164069 0.006559
vt 0.164760 0.006526
vt 0.176405 0.005962
vt 0.184353 0.006232
vt 0.188847 0.006384
vt 0.203830 0.008334
vt 0.287335 0.053738
vt 0.293015 0.060027
vt 0.202149 0.007984
vt 0.329722 0.110370
vt 0.327009 0.105884
vt 0.037177 0.092610
vt 0.046518 0.080075
vt 0.051372 0.073746
vt 0.056879 0.066566
vt 0.063654 0.058243
vt 0.065244 0.056291
vt 0.073806 0.047419
vt 0.076569 0.044993
vt 0.083079 0.039277
vt 0.091839 0.032787
vt 0.299872 0.068799
vt 0.300748 0.069919
vt 0.309106 0.080826
vt 0.032348 0.099597
vt 0.093070 0.031874
vt 0.104463 0.024866
vt 0.214204 0.010491
vt 0.222850 0.013043
vt 0.226044 0.013986
vt 0.318031 0.092821
vt 0.319672 0.095209
vt 0.237645 0.018477
vt 0.241085 0.020161
vt 0.284785 0.050914
vt 0.249665 0.024362
vt 0.258266 0.029528
vt 0.273109 0.040351
vt 0.260206 0.030694
vt 0.270215 0.037885
vt 0.279666 0.045939
vt 0.006004 0.302098
vt 0.006002 0.280017
vt 0.048503 0.390701
vt 0.348298 0.377888
vt 0.347504 0.379390
vt 0.305206 0.389429
vt 0.307391 0.390914
vt 0.306597 0.390779
vt 0.306482 0.390716
vt 0.048870 0.390551
vt 0.005998 0.239487
vt 0.005996 0.220972
vt 0.049984 0.258637
vt 0.005996 0.218192
vt 0.304979 0.258637
vt 0.348959 0.218192
vt 0.348963 0.261068
vt 0.304992 0.388530
vt 0.348970 0.325371
vt 0.305050 0.389053
vt 0.348975 0.373939
vt 0.348466 0.377377
vt 0.049997 0.388530
vt 0.049862 0.389319
vt 0.049798 0.389433
vt 0.006496 0.377294
vt 0.006011 0.373939
vt 0.006007 0.325371
vt 0.305357 0.389793
vt 0.305892 0.390391
vt 0.346672 0.380965
vt 0.346345 0.381391
vt 0.335365 0.389621
vt 0.333402 0.390583
vt 0.331238 0.390914
vt 0.006000 0.259143
vt 0.049471 0.390019
vt 0.008590 0.381326
vt 0.008265 0.380896
vt 0.047598 0.390914
vt 0.007483 0.379391
vt 0.048125 0.390855
vt 0.006660 0.377807
vt 0.343855 0.383713
vt 0.023751 0.390914
vt 0.019624 0.389621
vt 0.011133 0.383713
vt 0.348959 0.215529
vt 0.005996 0.213838
vt 0.005996 0.210831
vt 0.348960 0.207397
vt 0.005997 0.207601
vt 0.348962 0.200841
vt 0.005999 0.200166
vt 0.348962 0.198481
vt 0.005999 0.198486
vt 0.348963 0.196757
vt 0.006002 0.191808
vt 0.006003 0.189626
vt 0.348969 0.186446
vt 0.006007 0.184481
vt 0.348969 0.186293
vt 0.006012 0.179236
vt 0.348975 0.179236
vt 0.006029 0.176536
vt 0.348635 0.163644
vt 0.006079 0.168794
vt 0.348972 0.168789
vt 0.348973 0.171877
vt 0.006093 0.166646
vt 0.006631 0.161020
vt 0.348350 0.159289
vt 0.279462 0.702940
vt 0.285363 0.706336
vt 0.275593 0.707978
vt 0.277841 0.715900
vt 0.269251 0.715219
vt 0.274682 0.719303
vt 0.267927 0.716730
vt 0.269852 0.724509
vt 0.259580 0.724786
vt 0.262705 0.730998
vt 0.257804 0.726232
vt 0.260279 0.733201
vt 0.250561 0.732126
vt 0.251095 0.740209
vt 0.245237 0.735837
vt 0.249521 0.741220
vt 0.243499 0.737049
vt 0.241464 0.746393
vt 0.233732 0.742836
vt 0.235216 0.749724
vt 0.231673 0.743831
vt 0.223525 0.747770
vt 0.231405 0.751756
vt 0.217312 0.750144
vt 0.220110 0.756599
vt 0.212887 0.751834
vt 0.220089 0.756609
vt 0.203872 0.754490
vt 0.209265 0.760195
vt 0.204257 0.761410
vt 0.175902 0.765453
vt 0.171457 0.758574
vt 0.187157 0.764613
vt 0.181869 0.758177
vt 0.188003 0.764480
vt 0.187017 0.757538
vt 0.198282 0.762859
vt 0.192954 0.756800
vt 0.202386 0.754804
vt 0.174417 0.765495
vt 0.171502 0.765440
vt 0.170624 0.758606
vt 0.163025 0.765282
vt 0.159407 0.758071
vt 0.154996 0.764468
vt 0.155892 0.757601
vt 0.148382 0.756599
vt 0.151772 0.764141
vt 0.140517 0.754861
vt 0.140663 0.762085
vt 0.138710 0.761558
vt 0.137484 0.754192
vt 0.130052 0.759224
vt 0.126734 0.750841
vt 0.122876 0.756650
vt 0.125530 0.750353
vt 0.119203 0.755332
vt 0.116731 0.746786
vt 0.108757 0.750584
vt 0.111177 0.743982
vt 0.107665 0.749976
vt 0.106681 0.741712
vt 0.098723 0.744995
vt 0.097528 0.736086
vt 0.093355 0.741442
vt 0.097054 0.735795
vt 0.090221 0.739367
vt 0.087871 0.729034
vt 0.080914 0.732119
vt 0.084953 0.726469
vt 0.080054 0.731328
vt 0.078601 0.720884
vt 0.072259 0.724159
vt 0.073440 0.715491
vt 0.068061 0.719617
vt 0.070616 0.712539
vt 0.064252 0.715496
vt 0.063129 0.703272
vt 0.057302 0.706687
vt 0.328868 0.601192
vt 0.335647 0.600578
vt 0.328793 0.604744
vt 0.335482 0.604444
vt 0.328583 0.608278
vt 0.335178 0.608335
vt 0.328241 0.611787
vt 0.334725 0.612196
vt 0.328187 0.612244
vt 0.328158 0.612466
vt 0.302041 0.671488
vt 0.309220 0.660414
vt 0.314868 0.663049
vt 0.309422 0.660102
vt 0.317385 0.658967
vt 0.315708 0.649124
vt 0.321442 0.651316
vt 0.315778 0.649002
vt 0.323877 0.646721
vt 0.318027 0.644572
vt 0.325809 0.642540
vt 0.321245 0.637313
vt 0.327214 0.638955
vt 0.321986 0.635639
vt 0.329839 0.632257
vt 0.325114 0.626656
vt 0.331724 0.625935
vt 0.325506 0.625057
vt 0.332847 0.622168
vt 0.327335 0.617586
vt 0.327937 0.614049
vt 0.309172 0.672285
vt 0.305733 0.677448
vt 0.294809 0.681845
vt 0.300335 0.685127
vt 0.294714 0.681975
vt 0.289756 0.700174
vt 0.042133 0.685570
vt 0.047751 0.682351
vt 0.042432 0.686004
vt 0.013874 0.612726
vt 0.013904 0.612948
vt 0.007399 0.612698
vt 0.014097 0.614293
vt 0.008218 0.617600
vt 0.014751 0.618041
vt 0.010390 0.626458
vt 0.016628 0.625534
vt 0.010575 0.627213
vt 0.017020 0.627098
vt 0.013815 0.636637
vt 0.020194 0.636065
vt 0.015026 0.639438
vt 0.020960 0.637770
vt 0.017869 0.646011
vt 0.024199 0.644980
vt 0.020453 0.651204
vt 0.026556 0.649559
vt 0.020799 0.651817
vt 0.000000 0.000000
vt 0.026557 0.649561
vt 0.026834 0.662519
vt 0.032984 0.660635
vt 0.027474 0.663523
vt 0.033114 0.660834
vt 0.034199 0.674074
vt 0.040438 0.671997
vt 0.047645 0.682207
vt 0.006431 0.601084
vt 0.013134 0.601676
vt 0.006596 0.604946
vt 0.013226 0.605229
vt 0.006927 0.608838
vt 0.013455 0.608763
vt 0.013817 0.612272
vt 0.324248 0.612062
vt 0.301865 0.608523
vt 0.302052 0.604775
vt 0.324561 0.608231
vt 0.324292 0.611620
vt 0.302088 0.591643
vt 0.324732 0.601401
vt 0.324708 0.604823
vt 0.302121 0.579976
vt 0.324675 0.570845
vt 0.324710 0.591642
vt 0.302127 0.570919
vt 0.302142 0.550185
vt 0.324658 0.550150
vt 0.006427 0.601084
vt 0.006388 0.590976
vt 0.013112 0.592024
vt 0.013086 0.576377
vt 0.006355 0.551584
vt 0.013060 0.550833
vt 0.006364 0.564719
vt 0.013077 0.571378
vt 0.006383 0.576459
vt 0.006386 0.577867
vt 0.006315 0.445686
vt 0.013020 0.444934
vt 0.006335 0.498635
vt 0.328819 0.575892
vt 0.335582 0.577337
vt 0.328846 0.591540
vt 0.335655 0.590385
vt 0.335654 0.600577
vt 0.328794 0.550348
vt 0.335569 0.551079
vt 0.328811 0.570893
vt 0.335580 0.564209
vt 0.335581 0.575953
vt 0.335549 0.498129
vt 0.328754 0.444450
vt 0.335529 0.445180
vt 0.875173 0.737003
vt 0.873902 0.729867
vt 0.900995 0.732799
vt 0.871392 0.716464
vt 0.870616 0.713124
vt 0.902831 0.716518
vt 0.860184 0.666077
vt 0.857796 0.654602
vt 0.908940 0.656762
vt 0.897454 0.593858
vt 0.849564 0.612251
vt 0.848777 0.608352
vt 0.848109 0.604679
vt 0.848093 0.604585
vt 0.897430 0.593704
vt 0.899161 0.600972
vt 0.851541 0.621843
vt 0.850357 0.616028
vt 0.903471 0.616758
vt 0.852503 0.626566
vt 0.902059 0.611524
vt 0.901203 0.608405
vt 0.904666 0.621188
vt 0.854572 0.637310
vt 0.853197 0.630170
vt 0.905496 0.624321
vt 0.905785 0.625637
vt 0.854724 0.638161
vt 0.907413 0.633063
vt 0.855411 0.642009
vt 0.907495 0.633674
vt 0.908547 0.641488
vt 0.856122 0.645992
vt 0.908596 0.641855
vt 0.908731 0.644201
vt 0.909067 0.650078
vt 0.857444 0.652912
vt 0.856553 0.648406
vt 0.908890 0.659391
vt 0.908450 0.664805
vt 0.860343 0.666814
vt 0.907681 0.672098
vt 0.863269 0.680369
vt 0.907181 0.676836
vt 0.864026 0.683846
vt 0.905951 0.688208
vt 0.864470 0.685884
vt 0.905675 0.690751
vt 0.869889 0.709992
vt 0.904262 0.703602
vt 0.902965 0.715313
vt 0.901782 0.725953
vt 0.873431 0.727217
vt 0.871423 0.716605
vt 0.164744 0.866867
vt 0.153172 0.866982
vt 0.164724 0.862433
vt 0.152909 0.857499
vt 0.164676 0.849416
vt 0.152391 0.847963
vt 0.164671 0.847785
vt 0.152289 0.846094
vt 0.164642 0.837719
vt 0.151374 0.834932
vt 0.164623 0.829402
vt 0.150788 0.829674
vt 0.164616 0.826329
vt 0.150159 0.824033
vt 0.164601 0.815269
vt 0.148530 0.812761
vt 0.164599 0.812024
vt 0.148455 0.812342
vt 0.164595 0.803926
vt 0.146742 0.802857
vt 0.164599 0.795900
vt 0.145334 0.796433
vt 0.164600 0.794090
vt 0.144689 0.793494
vt 0.164615 0.784861
vt 0.142372 0.784690
vt 0.898882 0.750359
vt 0.876859 0.747069
vt 0.899221 0.747602
vt 0.876525 0.745074
vt 0.899990 0.741356
vt 0.900642 0.735872
vt 0.782724 0.418286
vt 0.751142 0.410919
vt 0.782369 0.411169
vt 0.753223 0.403537
vt 0.781931 0.402925
vt 0.753613 0.402155
vt 0.781828 0.400990
vt 0.165719 0.989500
vt 0.137472 0.989500
vt 0.140251 0.980480
vt 0.165604 0.980187
vt 0.141213 0.976837
vt 0.165571 0.977222
vt 0.142800 0.970832
vt 0.165492 0.970238
vt 0.145074 0.960740
vt 0.165397 0.960954
vt 0.145116 0.960555
vt 0.165383 0.959649
vt 0.146909 0.951240
vt 0.165271 0.947710
vt 0.148207 0.943256
vt 0.165234 0.943380
vt 0.148683 0.940326
vt 0.165174 0.936311
vt 0.150183 0.929048
vt 0.165084 0.924902
vt 0.150625 0.924831
vt 0.165081 0.924549
vt 0.151403 0.917415
vt 0.164995 0.912439
vt 0.152289 0.906116
vt 0.164952 0.905734
vt 0.152307 0.905765
vt 0.164910 0.899215
vt 0.152910 0.894368
vt 0.164840 0.886978
vt 0.153128 0.886355
vt 0.164837 0.886290
vt 0.153232 0.882550
vt 0.164778 0.874710
vt 0.153252 0.870673
vt 0.153232 0.869132
vt 0.744705 0.430692
vt 0.748512 0.419000
vt 0.751101 0.411048
vt 0.784659 0.460978
vt 0.734991 0.461940
vt 0.737563 0.453480
vt 0.783038 0.424560
vt 0.783642 0.436988
vt 0.741070 0.442186
vt 0.783954 0.443921
vt 0.740307 0.444643
vt 0.784173 0.448791
vt 0.784621 0.459931
vt 0.732255 0.471167
vt 0.732627 0.469826
vt 0.784112 0.476213
vt 0.734167 0.464651
vt 0.784652 0.469680
vt 0.784677 0.461473
vt 0.783972 0.477906
vt 0.783460 0.481017
vt 0.730137 0.478796
vt 0.782613 0.486167
vt 0.774258 0.512434
vt 0.725653 0.494995
vt 0.775032 0.510313
vt 0.727402 0.488862
vt 0.777029 0.504762
vt 0.727732 0.487644
vt 0.778728 0.500037
vt 0.729990 0.479324
vt 0.781474 0.491064
vt 0.781496 0.490991
vt 0.770492 0.522748
vt 0.723121 0.503646
vt 0.771466 0.520081
vt 0.723402 0.502704
vt 0.724597 0.498698
vt 0.768871 0.527938
vt 0.720937 0.511101
vt 0.722027 0.507307
vt 0.717611 0.523554
vt 0.719890 0.514911
vt 0.719913 0.514823
vt 0.720425 0.512961
vt 0.767281 0.533030
vt 0.766825 0.535197
vt 0.717377 0.524442
vt 0.765429 0.541829
vt 0.715003 0.536590
vt 0.765077 0.543498
vt 0.713894 0.546214
vt 0.764239 0.550906
vt 0.713578 0.548957
vt 0.763875 0.554125
vt 0.713096 0.561458
vt 0.763719 0.557129
vt 0.763634 0.561482
vt 0.713096 0.564433
vt 0.763634 0.564264
vt 0.763633 0.582788
vt 0.713095 0.582781
vt 0.763632 0.602454
vt 0.713094 0.602434
vt 0.713094 0.615079
vt 0.763631 0.623340
vt 0.713093 0.623319
vt 0.763630 0.645432
vt 0.713092 0.645411
vt 0.763629 0.668718
vt 0.713091 0.668697
vt 0.847915 0.603571
vt 0.846354 0.594703
vt 0.895811 0.583356
vt 0.845022 0.582853
vt 0.895708 0.581635
vt 0.895567 0.579278
vt 0.844990 0.582572
vt 0.895174 0.572733
vt 0.844614 0.570219
vt 0.895465 0.564655
vt 0.845030 0.561052
vt 0.895560 0.562010
vt 0.845178 0.557796
vt 0.899146 0.519531
vt 0.854142 0.451606
vt 0.904524 0.455821
vt 0.849660 0.504700
vt 0.848764 0.515315
vt 0.360967 0.824830
vt 0.368896 0.824432
vt 0.361253 0.834038
vt 0.368918 0.832841
vt 0.361555 0.839975
vt 0.369037 0.841176
vt 0.362083 0.850358
vt 0.369253 0.849295
vt 0.362413 0.854487
vt 0.369560 0.857059
vt 0.733907 0.719428
vt 0.730486 0.724526
vt 0.723469 0.719848
vt 0.723754 0.712980
vt 0.717125 0.714299
vt 0.721480 0.710381
vt 0.712745 0.700395
vt 0.711561 0.707972
vt 0.706872 0.700977
vt 0.608584 0.781825
vt 0.614400 0.777764
vt 0.609369 0.783526
vt 0.614400 0.794429
vt 0.013021 0.436735
vt 0.006260 0.430837
vt 0.013030 0.428850
vt 0.006256 0.429778
vt 0.013047 0.421414
vt 0.688190 0.785754
vt 0.691384 0.777764
vt 0.691384 0.793539
vt 0.335558 0.435273
vt 0.328755 0.436251
vt 0.335618 0.430526
vt 0.328764 0.428365
vt 0.335745 0.420467
vt 0.328781 0.420929
vt 0.335831 0.417433
vt 0.328806 0.414069
vt 0.328838 0.407902
vt 0.336089 0.408420
vt 0.331384 0.867953
vt 0.324273 0.875027
vt 0.323701 0.869093
vt 0.331281 0.865498
vt 0.322772 0.855158
vt 0.330797 0.852676
vt 0.330812 0.854325
vt 0.323198 0.862432
vt 0.322180 0.839277
vt 0.330681 0.838117
vt 0.330674 0.838509
vt 0.322431 0.847395
vt 0.330951 0.822851
vt 0.322024 0.830942
vt 0.321965 0.822533
vt 0.895032 0.407988
vt 0.908585 0.407701
vt 0.855605 0.443244
vt 0.881657 0.412134
vt 0.861101 0.430517
vt 0.870029 0.419855
vt 0.763626 0.717311
vt 0.755503 0.716902
vt 0.742021 0.713084
vt 0.730181 0.705625
vt 0.720954 0.695137
vt 0.715098 0.682482
vt 0.319924 0.822485
vt 0.319983 0.831020
vt 0.320141 0.839480
vt 0.320396 0.847720
vt 0.320742 0.855599
vt 0.321175 0.862982
vt 0.321685 0.869743
vt 0.322266 0.875766
vt 0.326869 0.407205
vt 0.326836 0.413465
vt 0.326811 0.420428
vt 0.326793 0.427975
vt 0.326784 0.435979
vt 0.326783 0.444301
vt 0.326824 0.550200
vt 0.326836 0.550200
vt 0.326853 0.570856
vt 0.326888 0.591614
vt 0.326910 0.601335
vt 0.326898 0.601336
vt 0.326288 0.612201
vt 0.326797 0.612236
vt 0.326351 0.611766
vt 0.326288 0.612201
vt 0.326661 0.608310
vt 0.326845 0.604831
vt 0.326276 0.612427
vt 0.279092 0.702723
vt 0.278154 0.702116
vt 0.293508 0.681072
vt 0.326071 0.613975
vt 0.323386 0.626335
vt 0.325505 0.617437
vt 0.320361 0.635179
vt 0.316496 0.644004
vt 0.314289 0.648391
vt 0.308022 0.659409
vt 0.300705 0.670743
vt 0.064403 0.702485
vt 0.760754 0.382818
vt 0.760922 0.381461
vt 0.760922 0.384280
vt 0.748674 0.381676
vt 0.748762 0.381210
vt 0.748707 0.382747
vt 0.748762 0.384280
vt 0.014976 0.444779
vt 0.014977 0.436458
vt 0.014986 0.428454
vt 0.015004 0.420906
vt 0.013072 0.414553
vt 0.015029 0.413943
vt 0.013104 0.408386
vt 0.015062 0.407684
vt 0.372876 0.877655
vt 0.370975 0.876935
vt 0.370429 0.870999
vt 0.372322 0.871630
vt 0.369955 0.864335
vt 0.371840 0.864867
vt 0.371440 0.857482
vt 0.371128 0.849602
vt 0.370909 0.841361
vt 0.370788 0.832901
vt 0.370765 0.824365
vt 0.028030 0.648942
vt 0.015772 0.612903
vt 0.016568 0.617887
vt 0.015953 0.614218
vt 0.021807 0.635600
vt 0.018735 0.626773
vt 0.025717 0.644407
vt 0.034370 0.659938
vt 0.041761 0.671247
vt 0.048933 0.681430
vt 0.015017 0.550678
vt 0.015004 0.550679
vt 0.015746 0.612692
vt 0.015745 0.612692
vt 0.015021 0.571335
vt 0.015055 0.592092
vt 0.015079 0.601814
vt 0.015090 0.601815
vt 0.015693 0.612244
vt 0.015363 0.608789
vt 0.015161 0.605310
vt 0.763459 0.724732
vt 0.763295 0.727152
vt 0.754051 0.726609
vt 0.763480 0.724298
vt 0.754731 0.722348
vt 0.763595 0.720673
vt 0.763584 0.721189
vt 0.763531 0.722783
vt 0.748177 0.724920
vt 0.739753 0.718054
vt 0.737905 0.721966
vt 0.726623 0.709729
vt 0.716404 0.698061
vt 0.711803 0.698349
vt 0.709924 0.684007
vt 0.703376 0.668751
vt 0.707705 0.668710
vt 0.705607 0.684142
vt 0.705766 0.685241
vt 0.703378 0.615133
vt 0.707708 0.615092
vt 0.703381 0.561515
vt 0.707711 0.561473
vt 0.708208 0.548567
vt 0.719750 0.514873
vt 0.717014 0.514139
vt 0.712129 0.523248
vt 0.714725 0.513552
vt 0.713414 0.513219
vt 0.713636 0.513274
vt 0.710833 0.512605
vt 0.005996 0.601054
vt 0.713861 0.513330
vt 0.714723 0.513551
vt 0.707908 0.522350
vt 0.709679 0.535802
vt 0.705397 0.535224
vt 0.705236 0.536624
vt 0.703891 0.548296
vt 0.711472 0.508778
vt 0.715699 0.509713
vt 0.714751 0.513463
vt 0.772956 0.381461
vt 0.772956 0.382671
vt 0.772914 0.381724
vt 0.348532 0.710281
vt 0.348165 0.707551
vt 0.348532 0.705113
vt 0.712517 0.505011
vt 0.713631 0.501290
vt 0.717881 0.502130
vt 0.716772 0.505874
vt 0.039169 0.687579
vt 0.054052 0.708284
vt 0.054112 0.708339
vt 0.715099 0.496579
vt 0.719357 0.497245
vt 0.717744 0.488077
vt 0.722210 0.487617
vt 0.724931 0.478278
vt 0.717970 0.487352
vt 0.720792 0.478328
vt 0.010146 0.637265
vt 0.014326 0.646938
vt 0.729244 0.463923
vt 0.727682 0.469010
vt 0.016957 0.652262
vt 0.023430 0.663812
vt 0.030883 0.675549
vt 0.732664 0.452910
vt 0.736183 0.441743
vt 0.739829 0.430318
vt 0.746233 0.410686
vt 0.348532 0.739231
vt 0.348532 0.744327
vt 0.348473 0.744326
vt 0.746253 0.410632
vt 0.147512 0.905627
vt 0.348165 0.666049
vt 0.348194 0.666042
vt 0.348194 0.674994
vt 0.262932 0.735635
vt 0.253497 0.742869
vt 0.272756 0.726667
vt 0.288650 0.707916
vt 0.288610 0.707979
vt 0.280946 0.717791
vt 0.243596 0.749256
vt 0.141568 0.826832
vt 0.141565 0.826811
vt 0.143762 0.814014
vt 0.139947 0.816062
vt 0.233247 0.754797
vt 0.143190 0.842076
vt 0.146604 0.835804
vt 0.143685 0.847863
vt 0.147518 0.846760
vt 0.144253 0.857895
vt 0.148137 0.857949
vt 0.144299 0.858720
vt 0.144632 0.874146
vt 0.144638 0.871255
vt 0.148478 0.870869
vt 0.144618 0.869789
vt 0.148458 0.869357
vt 0.144616 0.882553
vt 0.148458 0.882514
vt 0.144385 0.890575
vt 0.148134 0.894103
vt 0.144292 0.893797
vt 0.143509 0.906960
vt 0.143672 0.904978
vt 0.146626 0.916715
vt 0.142788 0.915740
vt 0.141983 0.923075
vt 0.145405 0.928137
vt 0.141571 0.926830
vt 0.143904 0.939220
vt 0.140073 0.937596
vt 0.139880 0.938732
vt 0.142126 0.949956
vt 0.138301 0.948030
vt 0.137169 0.953663
vt 0.140329 0.959129
vt 0.136508 0.956952
vt 0.138008 0.969262
vt 0.134191 0.966814
vt 0.078277 0.734518
vt 0.069395 0.726306
vt 0.719371 0.376261
vt 0.719371 0.387418
vt 0.715959 0.384236
vt 0.061189 0.717375
vt 0.731362 0.384280
vt 0.734486 0.376261
vt 0.736682 0.384280
vt 0.748704 0.402025
vt 0.132662 0.987716
vt 0.135450 0.978791
vt 0.145390 0.825098
vt 0.142776 0.837228
vt 0.141973 0.804265
vt 0.141804 0.782903
vt 0.137596 0.786341
vt 0.139917 0.795034
vt 0.870329 0.736701
vt 0.134723 0.777418
vt 0.868558 0.727125
vt 0.866526 0.716688
vt 0.866538 0.716628
vt 0.845028 0.617257
vt 0.847212 0.627635
vt 0.845028 0.617257
vt 0.842995 0.628173
vt 0.840784 0.618189
vt 0.288669 0.707925
vt 0.865035 0.710145
vt 0.309087 0.678951
vt 0.293055 0.701776
vt 0.859599 0.686103
vt 0.858388 0.680625
vt 0.312553 0.673734
vt 0.320867 0.660196
vt 0.855278 0.666481
vt 0.327467 0.647667
vt 0.851555 0.649071
vt 0.852484 0.653499
vt 0.849368 0.638211
vt 0.847580 0.648897
vt 0.846759 0.645233
vt 0.845225 0.638390
vt 0.843828 0.631988
vt 0.842844 0.605626
vt 0.845161 0.605135
vt 0.842863 0.605720
vt 0.348531 0.727307
vt 0.348165 0.724919
vt 0.348531 0.722205
vt 0.348539 0.757704
vt 0.348473 0.757190
vt 0.348539 0.756251
vt 0.841967 0.605811
vt 0.842841 0.605626
vt 0.336089 0.600551
vt 0.839238 0.610488
vt 0.838926 0.606566
vt 0.841490 0.605921
vt 0.843465 0.609458
vt 0.844228 0.613396
vt 0.839977 0.614348
vt 0.847949 0.604611
vt 0.835581 0.557528
vt 0.839832 0.557490
vt 0.839250 0.570312
vt 0.841045 0.595620
vt 0.841516 0.605915
vt 0.839640 0.583064
vt 0.836824 0.596621
vt 0.835386 0.583718
vt 0.835344 0.582342
vt 0.834984 0.570659
vt 0.840063 0.504433
vt 0.844545 0.451339
vt 0.844314 0.504395
vt 0.848796 0.451300
vt 0.908885 0.403863
vt 0.908850 0.404351
vt 0.894134 0.402781
vt 0.333640 0.822982
vt 0.348554 0.654118
vt 0.348165 0.638840
vt 0.348554 0.638810
vt 0.334004 0.823006
vt 0.334757 0.837847
vt 0.909067 0.400990
vt 0.908974 0.402461
vt 0.846291 0.441338
vt 0.850416 0.442022
vt 0.848392 0.436455
vt 0.856500 0.427893
vt 0.852845 0.426107
vt 0.855528 0.422889
vt 0.866388 0.416040
vt 0.863499 0.413328
vt 0.866002 0.411656
vt 0.879282 0.407432
vt 0.877395 0.404045
vt 0.334826 0.852516
vt 0.976056 0.446830
vt 0.961924 0.446859
vt 0.976054 0.446826
vt 0.961921 0.446259
vt 0.974871 0.443467
vt 0.961865 0.438475
vt 0.961551 0.419124
vt 0.961341 0.410539
vt 0.964670 0.418388
vt 0.961647 0.423741
vt 0.966952 0.423843
vt 0.961650 0.423881
vt 0.967312 0.424701
vt 0.961773 0.431008
vt 0.970503 0.432454
vt 0.961829 0.435574
vt 0.971734 0.435510
vt 0.973583 0.440099
vt 0.947570 0.261260
vt 0.944114 0.269710
vt 0.944463 0.260466
vt 0.950294 0.254544
vt 0.949923 0.255458
vt 0.944626 0.255402
vt 0.945048 0.232239
vt 0.945051 0.231633
vt 0.959171 0.231697
vt 0.959170 0.231700
vt 0.957982 0.235098
vt 0.944969 0.240167
vt 0.956684 0.238529
vt 0.944913 0.243173
vt 0.954809 0.243262
vt 0.953561 0.246413
vt 0.944825 0.247902
vt 0.944622 0.255550
vt 0.921059 0.540012
vt 0.935819 0.541605
vt 0.921531 0.669156
vt 0.949871 0.546363
vt 0.933537 0.668013
vt 0.962315 0.553891
vt 0.984914 0.606244
vt 0.976072 0.446827
vt 0.982672 0.475038
vt 0.984525 0.499682
vt 0.975574 0.639223
vt 0.964469 0.652574
vt 0.950093 0.662419
vt 0.982566 0.623379
vt 0.918981 0.136226
vt 0.904232 0.137795
vt 0.904721 0.007834
vt 0.968042 0.071296
vt 0.967639 0.178531
vt 0.965055 0.207891
vt 0.959187 0.231699
vt 0.921463 0.010129
vt 0.966830 0.058767
vt 0.933021 0.131472
vt 0.945456 0.123926
vt 0.937519 0.017043
vt 0.951073 0.028052
vt 0.961097 0.042321
vt 0.045179 0.607343
vt 0.045139 0.502715
vt 0.297059 0.502329
vt 0.279871 0.656650
vt 0.062445 0.656984
vt 0.280329 0.653888
vt 0.062260 0.655390
vt 0.280563 0.653093
vt 0.060290 0.649664
vt 0.057148 0.643634
vt 0.289930 0.634373
vt 0.285158 0.643284
vt 0.282898 0.647463
vt 0.296354 0.615023
vt 0.294651 0.622362
vt 0.292044 0.629658
vt 0.061310 0.652146
vt 0.297099 0.606956
vt 0.297084 0.607506
vt 0.052369 0.634738
vt 0.050251 0.630029
vt 0.047639 0.622741
vt 0.045930 0.615408
vt 0.045194 0.607893
vt 0.776188 0.739496
vt 0.775070 0.739076
vt 0.786972 0.740076
vt 0.815283 0.741407
vt 0.815283 0.993960
vt 0.800665 0.994038
vt 0.786971 0.993823
vt 0.775070 0.993338
vt 0.776188 0.993089
vt 0.777302 0.741617
vt 0.777224 0.740996
vt 0.777004 0.740423
vt 0.777004 0.992282
vt 0.777223 0.991742
vt 0.777302 0.991130
vt 0.800665 0.740873
vt 0.062402 0.659876
vt 0.279921 0.659542
vt 0.062352 0.661100
vt 0.279978 0.660766
vt 0.969219 0.071297
vt 0.968956 0.071298
vt 0.967726 0.058590
vt 0.293207 0.822653
vt 0.292937 0.839898
vt 0.292540 0.822683
vt 0.293099 0.822658
vt 0.921714 0.009251
vt 0.904738 0.006932
vt 0.904749 0.006567
vt 0.904727 0.007311
vt 0.300942 0.444342
vt 0.300429 0.444396
vt 0.300407 0.431906
vt 0.968504 0.058435
vt 0.969749 0.071295
vt 0.301175 0.431725
vt 0.301197 0.444316
vt 0.301091 0.415887
vt 0.300950 0.402988
vt 0.294657 0.856953
vt 0.295973 0.871638
vt 0.961912 0.041909
vt 0.951747 0.027435
vt 0.938000 0.016267
vt 0.962622 0.041554
vt 0.952335 0.026906
vt 0.938424 0.015602
vt 0.921943 0.008501
vt 0.904786 0.005962
vt 0.300322 0.416194
vt 0.300179 0.403396
vt 0.295234 0.871303
vt 0.293925 0.856735
vt 0.293666 0.839981
vt 0.300960 0.550236
vt 0.969749 0.178525
vt 0.968836 0.178532
vt 0.301161 0.604726
vt 0.300873 0.604709
vt 0.300938 0.579971
vt 0.959947 0.231940
vt 0.966235 0.208089
vt 0.960039 0.231969
vt 0.300824 0.604706
vt 0.300215 0.604621
vt 0.967135 0.208227
vt 0.960633 0.232154
vt 0.960312 0.232054
vt 0.301977 0.604773
vt 0.944200 0.272202
vt 0.942965 0.275176
vt 0.943251 0.273763
vt 0.942052 0.279732
vt 0.942189 0.279016
vt 0.944992 0.272733
vt 0.287141 0.647423
vt 0.281030 0.656622
vt 0.281925 0.654202
vt 0.279985 0.660766
vt 0.280288 0.659531
vt 0.280726 0.657815
vt 0.943636 0.271957
vt 0.948507 0.261639
vt 0.951217 0.254919
vt 0.957564 0.238870
vt 0.954463 0.246776
vt 0.949292 0.262130
vt 0.951996 0.255375
vt 0.955232 0.247175
vt 0.958322 0.239202
vt 0.286432 0.646912
vt 0.292269 0.635874
vt 0.293004 0.636318
vt 0.295297 0.628832
vt 0.296049 0.629219
vt 0.298094 0.620275
vt 0.298863 0.620574
vt 0.299777 0.611941
vt 0.300552 0.612142
vt 0.958858 0.235408
vt 0.300948 0.608424
vt 0.959616 0.235693
vt 0.300175 0.608277
vt 0.986082 0.606203
vt 0.986602 0.606164
vt 0.984193 0.623751
vt 0.921539 0.669926
vt 0.933716 0.668881
vt 0.921542 0.670032
vt 0.933872 0.669576
vt 0.921555 0.670578
vt 0.397174 0.824283
vt 0.397565 0.824292
vt 0.397387 0.836664
vt 0.397943 0.824301
vt 0.397501 0.854053
vt 0.398062 0.869501
vt 0.399029 0.881837
vt 0.950509 0.663204
vt 0.965089 0.653215
vt 0.976351 0.639672
vt 0.983442 0.623601
vt 0.985823 0.606222
vt 0.950867 0.663831
vt 0.965622 0.653721
vt 0.977018 0.640015
vt 0.041336 0.444794
vt 0.040623 0.427494
vt 0.041398 0.427709
vt 0.040819 0.412360
vt 0.041595 0.412695
vt 0.399825 0.881427
vt 0.398868 0.869190
vt 0.398315 0.853865
vt 0.398207 0.836614
vt 0.398590 0.824333
vt 0.040818 0.444742
vt 0.040560 0.444716
vt 0.985714 0.499645
vt 0.986602 0.499547
vt 0.040880 0.550635
vt 0.040940 0.575693
vt 0.040023 0.605175
vt 0.977504 0.446314
vt 0.984729 0.474617
vt 0.977189 0.446435
vt 0.983849 0.474836
vt 0.976919 0.446538
vt 0.041797 0.605017
vt 0.041182 0.605105
vt 0.041133 0.605108
vt 0.040843 0.605126
vt 0.976829 0.446573
vt 0.960254 0.405395
vt 0.961461 0.408213
vt 0.960900 0.408452
vt 0.061591 0.658151
vt 0.062035 0.659866
vt 0.062345 0.661100
vt 0.060459 0.654794
vt 0.060812 0.655583
vt 0.055113 0.647779
vt 0.061282 0.656960
vt 0.960203 0.405153
vt 0.962243 0.407637
vt 0.959770 0.402998
vt 0.959388 0.400990
vt 0.049184 0.636692
vt 0.046098 0.629603
vt 0.043232 0.620966
vt 0.055829 0.647266
vt 0.049926 0.636246
vt 0.046856 0.629214
vt 0.044007 0.620665
vt 0.966380 0.417466
vt 0.965606 0.418006
vt 0.969000 0.423815
vt 0.968233 0.424322
vt 0.972159 0.431628
vt 0.971403 0.432082
vt 0.041493 0.612539
vt 0.042275 0.612337
vt 0.975204 0.439355
vt 0.974460 0.439745
vt 0.975744 0.443142
vt 0.976488 0.442797
vt 0.041075 0.608822
vt 0.041855 0.608674
vt 0.297171 0.606956
vt 0.297682 0.502257
vt 0.298278 0.606916
vt 0.298241 0.502058
vt 0.298325 0.606914
vt 0.347725 0.884238
vt 0.346818 0.778058
vt 0.347725 0.777418
vt 0.348165 0.626418
vt 0.348975 0.520812
vt 0.348774 0.626342
vt 0.943531 0.231627
vt 0.944255 0.124814
vt 0.943869 0.231629
vt 0.944252 0.231630
vt 0.348975 0.626886
vt 0.943851 0.232227
vt 0.298266 0.607492
vt 0.943772 0.240112
vt 0.943629 0.247807
vt 0.943427 0.255422
vt 0.943269 0.260321
vt 0.942920 0.269541
vt 0.942970 0.231625
vt 0.942939 0.232206
vt 0.942861 0.239979
vt 0.942720 0.247569
vt 0.942520 0.255099
vt 0.942364 0.259955
vt 0.942017 0.269112
vt 0.297521 0.615159
vt 0.295785 0.622637
vt 0.293139 0.630047
vt 0.290999 0.634820
vt 0.286183 0.643814
vt 0.942366 0.273547
vt 0.283771 0.647847
vt 0.941738 0.278871
vt 0.284211 0.649605
vt 0.282246 0.653480
vt 0.281763 0.653399
vt 0.281455 0.654135
vt 0.280663 0.656642
vt 0.284491 0.648100
vt 0.281187 0.653267
vt 0.280912 0.654028
vt 0.280273 0.656651
vt 0.960418 0.446927
vt 0.960751 0.446903
vt 0.961123 0.553044
vt 0.961128 0.446877
vt 0.043332 0.607230
vt 0.043070 0.501701
vt 0.043948 0.607305
vt 0.348975 0.402838
vt 0.348975 0.508888
vt 0.348090 0.508357
vt 0.043952 0.502449
vt 0.043996 0.607306
vt 0.044517 0.502646
vt 0.045107 0.607343
vt 0.960732 0.446307
vt 0.044008 0.607882
vt 0.960676 0.438565
vt 0.044759 0.615547
vt 0.046500 0.623020
vt 0.049152 0.630421
vt 0.051296 0.635188
vt 0.056119 0.644167
vt 0.959844 0.446432
vt 0.959788 0.438801
vt 0.959698 0.431473
vt 0.960584 0.431137
vt 0.045653 0.623128
vt 0.048335 0.630612
vt 0.050499 0.635422
vt 0.055354 0.644463
vt 0.960459 0.423901
vt 0.960363 0.419300
vt 0.960154 0.410738
vt 0.061651 0.656978
vt 0.062043 0.656987
vt 0.061255 0.655543
vt 0.061745 0.655478
vt 0.059996 0.652543
vt 0.059494 0.652640
vt 0.058307 0.650308
vt 0.959234 0.403232
vt 0.959474 0.405418
vt 0.060621 0.652373
vt 0.058797 0.650210
vt 0.059490 0.649985
vt 0.680181 0.558761
vt 0.680036 0.713527
vt 0.656995 0.687584
vt 0.656971 0.713503
vt 0.561523 0.624564
vt 0.579376 0.614344
vt 0.395614 0.713236
vt 0.372548 0.713212
vt 0.395638 0.687317
vt 0.372693 0.558446
vt 0.675854 0.533494
vt 0.678275 0.541975
vt 0.615190 0.543646
vt 0.679707 0.550336
vt 0.612779 0.563981
vt 0.605714 0.583214
vt 0.594376 0.600309
vt 0.656101 0.496944
vt 0.659706 0.502254
vt 0.612817 0.523307
vt 0.666863 0.513883
vt 0.672293 0.524531
vt 0.438303 0.553703
vt 0.443036 0.573631
vt 0.643706 0.480024
vt 0.605788 0.504060
vt 0.631645 0.464262
vt 0.594482 0.486941
vt 0.623861 0.454984
vt 0.615252 0.446457
vt 0.579508 0.472875
vt 0.605889 0.438753
vt 0.561675 0.462619
vt 0.585231 0.426067
vt 0.595854 0.431937
vt 0.429207 0.454785
vt 0.465615 0.479350
vt 0.452356 0.495022
vt 0.541942 0.456727
vt 0.562584 0.417354
vt 0.574110 0.421192
vt 0.514432 0.412886
vt 0.526574 0.412342
vt 0.521374 0.455515
vt 0.538715 0.412910
vt 0.550753 0.414586
vt 0.437833 0.446276
vt 0.447209 0.438591
vt 0.482153 0.467140
vt 0.443092 0.513309
vt 0.406301 0.483762
vt 0.421406 0.464047
vt 0.502391 0.414536
vt 0.501080 0.459050
vt 0.490555 0.417281
vt 0.381120 0.523202
vt 0.385738 0.514229
vt 0.438322 0.533228
vt 0.391210 0.505145
vt 0.397458 0.495866
vt 0.457257 0.431795
vt 0.467892 0.425947
vt 0.479022 0.421095
vt 0.452266 0.591938
vt 0.465495 0.607636
vt 0.521209 0.631585
vt 0.541779 0.630416
vt 0.377435 0.532138
vt 0.437712 0.543465
vt 0.376636 0.534475
vt 0.482010 0.619880
vt 0.500921 0.628009
vt 0.372693 0.558446
vt 0.373087 0.550896
vt 0.374407 0.542664
vt 0.372539 0.721787
vt 0.395614 0.726153
vt 0.372526 0.730253
vt 0.395624 0.730145
vt 0.372511 0.738467
vt 0.395657 0.743420
vt 0.372493 0.746287
vt 0.395672 0.746111
vt 0.372472 0.753581
vt 0.395745 0.758565
vt 0.372450 0.760222
vt 0.374755 0.779286
vt 0.398102 0.777764
vt 0.397992 0.779414
vt 0.374229 0.785362
vt 0.397218 0.791050
vt 0.373781 0.792176
vt 0.397184 0.792193
vt 0.373417 0.799612
vt 0.396738 0.807181
vt 0.373145 0.807542
vt 0.396737 0.807492
vt 0.372969 0.815832
vt 0.396694 0.824280
vt 0.362119 0.239997
vt 0.702966 0.239694
vt 0.702288 0.243255
vt 0.701319 0.248348
vt 0.701176 0.248852
vt 0.699683 0.254123
vt 0.697979 0.259339
vt 0.367172 0.259635
vt 0.698880 0.256954
vt 0.365479 0.254749
vt 0.365367 0.254427
vt 0.364105 0.249517
vt 0.363209 0.246032
vt 0.362892 0.244275
vt 0.688948 0.279042
vt 0.376217 0.279321
vt 0.690636 0.275987
vt 0.375241 0.277455
vt 0.369523 0.265626
vt 0.696475 0.263216
vt 0.371864 0.270997
vt 0.697964 0.259378
vt 0.368183 0.262550
vt 0.348234 0.686918
vt 0.348234 0.693189
vt 0.348165 0.690790
vt 0.695614 0.265599
vt 0.694984 0.267054
vt 0.693424 0.270258
vt 0.639381 0.345097
vt 0.631708 0.352156
vt 0.686842 0.282445
vt 0.681263 0.291456
vt 0.674959 0.300448
vt 0.657815 0.323261
vt 0.653631 0.328670
vt 0.626810 0.356168
vt 0.497530 0.385032
vt 0.630287 0.353463
vt 0.671635 0.305187
vt 0.662153 0.317654
vt 0.645766 0.338304
vt 0.645566 0.338516
vt 0.453613 0.367150
vt 0.444420 0.361027
vt 0.404793 0.320218
vt 0.404584 0.319944
vt 0.394669 0.306982
vt 0.386451 0.295472
vt 0.620592 0.361006
vt 0.610857 0.367374
vt 0.610328 0.367720
vt 0.385638 0.294334
vt 0.377784 0.282006
vt 0.536441 0.389060
vt 0.525628 0.389017
vt 0.593451 0.376272
vt 0.516851 0.388269
vt 0.513350 0.387971
vt 0.598615 0.374033
vt 0.500187 0.385722
vt 0.417459 0.336244
vt 0.425012 0.344546
vt 0.430071 0.349269
vt 0.416945 0.335680
vt 0.415943 0.334464
vt 0.488143 0.382594
vt 0.478808 0.379335
vt 0.476501 0.378530
vt 0.443373 0.360330
vt 0.433835 0.352783
vt 0.587211 0.378978
vt 0.575525 0.382947
vt 0.575103 0.383053
vt 0.563582 0.385950
vt 0.555938 0.387199
vt 0.550411 0.388103
vt 0.537988 0.389066
vt 0.465270 0.373551
vt 0.461029 0.371223
vt 0.402650 0.006214
vt 0.403444 0.006346
vt 0.403559 0.006409
vt 0.360970 0.176909
vt 0.405013 0.136908
vt 0.703925 0.176604
vt 0.659904 0.136681
vt 0.661066 0.006342
vt 0.661432 0.006194
vt 0.703949 0.088842
vt 0.361523 0.019623
vt 0.361689 0.019121
vt 0.659938 0.008340
vt 0.660074 0.007561
vt 0.660137 0.007448
vt 0.404684 0.007319
vt 0.404834 0.007679
vt 0.404148 0.006729
vt 0.360998 0.071011
vt 0.361011 0.023023
vt 0.362484 0.017636
vt 0.363318 0.016076
vt 0.363644 0.015658
vt 0.374626 0.007517
vt 0.376590 0.006565
vt 0.378753 0.006236
vt 0.703483 0.019403
vt 0.703967 0.022718
vt 0.703954 0.070705
vt 0.360971 0.173405
vt 0.360976 0.153924
vt 0.405048 0.008567
vt 0.404989 0.008050
vt 0.703929 0.164001
vt 0.660464 0.006869
vt 0.366135 0.013362
vt 0.701393 0.015425
vt 0.701716 0.015846
vt 0.662337 0.005983
vt 0.702497 0.017333
vt 0.661811 0.006041
vt 0.703320 0.018900
vt 0.686234 0.005962
vt 0.690360 0.007236
vt 0.698849 0.013065
vt 0.703965 0.215940
vt 0.361010 0.216245
vt 0.703950 0.208716
vt 0.360996 0.208380
vt 0.703939 0.202288
vt 0.360991 0.205548
vt 0.703933 0.198057
vt 0.360979 0.196601
vt 0.703932 0.196300
vt 0.360977 0.194846
vt 0.703929 0.187345
vt 0.360973 0.190880
vt 0.703928 0.184427
vt 0.360967 0.184165
vt 0.703966 0.219277
vt 0.703276 0.237284
vt 0.361810 0.236845
vt 0.703967 0.227078
vt 0.703284 0.237222
vt 0.361149 0.230104
vt 0.361124 0.227616
vt 0.640913 0.457488
vt 0.634929 0.461828
vt 0.633140 0.448155
vt 0.626902 0.452261
vt 0.608369 0.435522
vt 0.615132 0.431445
vt 0.618023 0.443467
vt 0.624801 0.439698
vt 0.632414 0.447419
vt 0.584563 0.413197
vt 0.590346 0.416032
vt 0.587064 0.422439
vt 0.595318 0.418469
vt 0.598020 0.428493
vt 0.605510 0.424560
vt 0.612832 0.429799
vt 0.572736 0.408606
vt 0.575595 0.417412
vt 0.565723 0.406549
vt 0.563710 0.413455
vt 0.561355 0.405268
vt 0.551509 0.410600
vt 0.549709 0.402872
vt 0.539771 0.401672
vt 0.539095 0.408872
vt 0.537800 0.401433
vt 0.526574 0.408286
vt 0.525084 0.400990
vt 0.513352 0.401581
vt 0.514052 0.408846
vt 0.513235 0.401587
vt 0.501635 0.410549
vt 0.501442 0.403157
vt 0.489729 0.405717
vt 0.489429 0.413379
vt 0.487367 0.406359
vt 0.487271 0.406385
vt 0.477536 0.417312
vt 0.475982 0.410070
vt 0.465054 0.414660
vt 0.466058 0.422316
vt 0.462742 0.415864
vt 0.454513 0.420150
vt 0.455091 0.428347
vt 0.444379 0.426546
vt 0.444729 0.435355
vt 0.440234 0.429603
vt 0.437269 0.431790
vt 0.435059 0.443280
vt 0.428274 0.439483
vt 0.420632 0.447202
vt 0.426164 0.452056
vt 0.419899 0.447942
vt 0.418119 0.461607
vt 0.412114 0.457254
vt 0.652840 0.473113
vt 0.673238 0.517374
vt 0.670458 0.511921
vt 0.677036 0.508489
vt 0.671695 0.499622
vt 0.663290 0.500273
vt 0.669533 0.496377
vt 0.663151 0.500047
vt 0.665716 0.490648
vt 0.659492 0.494658
vt 0.655336 0.476382
vt 0.646997 0.477599
vt 0.646863 0.477425
vt 0.691384 0.558988
vt 0.684304 0.558810
vt 0.691376 0.557553
vt 0.683804 0.549920
vt 0.679984 0.514141
vt 0.681654 0.517344
vt 0.676054 0.522897
vt 0.683563 0.521807
vt 0.676714 0.524559
vt 0.685456 0.526232
vt 0.679654 0.531959
vt 0.686604 0.529766
vt 0.679758 0.532222
vt 0.688378 0.535226
vt 0.682296 0.541111
vt 0.689465 0.539680
vt 0.682985 0.545138
vt 0.690176 0.544057
vt 0.690918 0.548628
vt 0.368563 0.558487
vt 0.361455 0.558650
vt 0.361704 0.553038
vt 0.402769 0.469409
vt 0.402993 0.481350
vt 0.389102 0.487730
vt 0.394625 0.492804
vt 0.388445 0.488681
vt 0.394071 0.493563
vt 0.384033 0.495074
vt 0.387725 0.502987
vt 0.376348 0.507387
vt 0.382327 0.511948
vt 0.375777 0.508486
vt 0.382130 0.512276
vt 0.370528 0.518586
vt 0.377371 0.521524
vt 0.368615 0.523261
vt 0.375556 0.525926
vt 0.366657 0.528046
vt 0.373542 0.530812
vt 0.365768 0.530661
vt 0.372756 0.533112
vt 0.365677 0.530998
vt 0.372707 0.533253
vt 0.363512 0.539018
vt 0.370732 0.540510
vt 0.363348 0.539626
vt 0.370369 0.541844
vt 0.361896 0.548735
vt 0.368978 0.550519
vt 0.368831 0.553340
vt 0.690886 0.713745
vt 0.684159 0.713576
vt 0.691001 0.600807
vt 0.691037 0.594678
vt 0.368418 0.713253
vt 0.361664 0.713408
vt 0.361761 0.600470
vt 0.361736 0.594473
vt 0.251118 0.881226
vt 0.279317 0.885236
vt 0.251559 0.886082
vt 0.279370 0.885800
vt 0.251976 0.890671
vt 0.280159 0.894099
vt 0.111387 0.981557
vt 0.083440 0.978316
vt 0.111325 0.972330
vt 0.083406 0.972855
vt 0.111324 0.972160
vt 0.083380 0.968792
vt 0.111267 0.962193
vt 0.083327 0.958627
vt 0.111243 0.957020
vt 0.083322 0.957524
vt 0.111230 0.954397
vt 0.083279 0.947836
vt 0.111186 0.943390
vt 0.083252 0.940103
vt 0.111174 0.939736
vt 0.083200 0.921726
vt 0.111122 0.921472
vt 0.083205 0.924086
vt 0.111148 0.932050
vt 0.083237 0.935682
vt 0.111081 0.893632
vt 0.111090 0.902510
vt 0.083169 0.902644
vt 0.111093 0.905890
vt 0.083181 0.912171
vt 0.111097 0.908475
vt 0.111120 0.920404
vt 0.111088 0.863866
vt 0.111082 0.869187
vt 0.083158 0.874446
vt 0.083157 0.883207
vt 0.083165 0.899948
vt 0.083157 0.886701
vt 0.111079 0.883193
vt 0.111079 0.881392
vt 0.083166 0.863736
vt 0.083167 0.862204
vt 0.111097 0.856192
vt 0.083184 0.849997
vt 0.111116 0.844822
vt 0.083195 0.844611
vt 0.111117 0.844125
vt 0.111282 0.798874
vt 0.111232 0.808944
vt 0.083312 0.808519
vt 0.111230 0.809391
vt 0.083285 0.814438
vt 0.111183 0.821070
vt 0.111146 0.832416
vt 0.083211 0.837163
vt 0.111165 0.826438
vt 0.083243 0.826035
vt 0.083244 0.825627
vt 0.213069 0.866663
vt 0.185291 0.859688
vt 0.213199 0.853771
vt 0.185338 0.854549
vt 0.213226 0.851139
vt 0.083334 0.803622
vt 0.083394 0.792630
vt 0.111318 0.792778
vt 0.083397 0.792139
vt 0.111340 0.789016
vt 0.083455 0.783111
vt 0.111404 0.779817
vt 0.083499 0.777418
vt 0.212290 0.916858
vt 0.184470 0.915975
vt 0.212333 0.915028
vt 0.596592 0.805766
vt 0.593418 0.778177
vt 0.596592 0.777764
vt 0.184552 0.912866
vt 0.212442 0.910410
vt 0.184583 0.911392
vt 0.212517 0.907245
vt 0.184748 0.903435
vt 0.212693 0.897585
vt 0.184868 0.896125
vt 0.212725 0.895239
vt 0.184872 0.895889
vt 0.212834 0.887177
vt 0.185006 0.885320
vt 0.212932 0.878615
vt 0.185073 0.879411
vt 0.185142 0.873287
vt 0.213298 0.841378
vt 0.185426 0.844800
vt 0.213344 0.834740
vt 0.185489 0.835111
vt 0.213365 0.831729
vt 0.185513 0.831453
vt 0.213405 0.822057
vt 0.185485 0.828198
vt 0.213408 0.819703
vt 0.185113 0.822188
vt 0.213418 0.812372
vt 0.184905 0.818826
vt 0.184742 0.817320
vt 0.213402 0.805631
vt 0.183755 0.810964
vt 0.213395 0.802598
vt 0.183749 0.810923
vt 0.183371 0.808487
vt 0.213372 0.798671
vt 0.182698 0.805660
vt 0.213367 0.797775
vt 0.181446 0.800396
vt 0.213306 0.791480
vt 0.181327 0.799893
vt 0.213274 0.788157
vt 0.179708 0.794926
vt 0.713123 0.751938
vt 0.713145 0.750257
vt 0.748802 0.739076
vt 0.177711 0.789135
vt 0.213194 0.777418
vt 0.178576 0.791453
vt 0.213179 0.778772
vt 0.213229 0.783689
vt 0.755069 0.756310
vt 0.712882 0.770785
vt 0.752343 0.748877
vt 0.748824 0.739136
vt 0.756235 0.759490
vt 0.758521 0.766408
vt 0.712728 0.782852
vt 0.760041 0.772642
vt 0.761041 0.776746
vt 0.712689 0.785847
vt 0.761291 0.778475
vt 0.762567 0.787291
vt 0.712659 0.791896
vt 0.762706 0.790206
vt 0.712658 0.792907
vt 0.763079 0.798020
vt 0.712647 0.810133
vt 0.763071 0.810702
vt 0.763027 0.886332
vt 0.712598 0.885901
vt 0.763016 0.904582
vt 0.712586 0.904149
vt 0.246690 0.827089
vt 0.274637 0.828753
vt 0.246962 0.830934
vt 0.274836 0.831450
vt 0.247923 0.843421
vt 0.275792 0.843819
vt 0.248086 0.845449
vt 0.275886 0.844959
vt 0.248518 0.850819
vt 0.276835 0.856496
vt 0.250067 0.869090
vt 0.277947 0.869479
vt 0.250133 0.869855
vt 0.277970 0.869753
vt 0.279208 0.884019
vt 0.276807 0.799254
vt 0.275798 0.804049
vt 0.244931 0.798896
vt 0.275757 0.804367
vt 0.245357 0.806791
vt 0.275139 0.809176
vt 0.245519 0.809535
vt 0.274770 0.812046
vt 0.245722 0.812727
vt 0.274623 0.815098
vt 0.246147 0.819393
vt 0.274366 0.820427
vt 0.274576 0.826886
vt 0.244847 0.797336
vt 0.244599 0.791918
vt 0.277523 0.795851
vt 0.244405 0.787685
vt 0.278007 0.794148
vt 0.244273 0.784703
vt 0.279186 0.790000
vt 0.243949 0.777418
vt 0.280159 0.786951
vt 0.777646 0.503049
vt 0.813488 0.513871
vt 0.813517 0.516352
vt 0.775331 0.509490
vt 0.813631 0.526003
vt 0.813832 0.543135
vt 0.774462 0.511871
vt 0.764625 0.547493
vt 0.765069 0.543548
vt 0.813928 0.553543
vt 0.765431 0.541829
vt 0.813912 0.549859
vt 0.767272 0.533064
vt 0.768125 0.530333
vt 0.763872 0.554172
vt 0.813937 0.555820
vt 0.813937 0.565054
vt 0.763634 0.565030
vt 0.813938 0.584999
vt 0.763633 0.584758
vt 0.813938 0.668781
vt 0.361578 0.728867
vt 0.368408 0.721658
vt 0.368396 0.729958
vt 0.361572 0.729988
vt 0.368381 0.738009
vt 0.361365 0.743276
vt 0.368363 0.745675
vt 0.361333 0.745383
vt 0.368343 0.752825
vt 0.361043 0.755627
vt 0.368321 0.759335
vt 0.360967 0.758341
vt 0.368298 0.765095
vt 0.802648 0.713080
vt 0.802022 0.719914
vt 0.792570 0.719472
vt 0.795004 0.724580
vt 0.788526 0.722037
vt 0.362242 0.800019
vt 0.369768 0.792903
vt 0.369412 0.800192
vt 0.361653 0.809967
vt 0.369145 0.807967
vt 0.361309 0.815774
vt 0.368972 0.816093
vt 0.293937 0.822640
vt 0.317780 0.813972
vt 0.294181 0.810495
vt 0.317920 0.805681
vt 0.294372 0.806027
vt 0.318158 0.797750
vt 0.294897 0.793766
vt 0.318489 0.790312
vt 0.295130 0.790731
vt 0.318908 0.783496
vt 0.295986 0.779548
vt 0.319407 0.777418
vt 0.679937 0.760537
vt 0.656594 0.762598
vt 0.656625 0.760307
vt 0.679960 0.753895
vt 0.656786 0.748279
vt 0.679980 0.746602
vt 0.656800 0.746489
vt 0.679998 0.738782
vt 0.656915 0.731489
vt 0.680014 0.730568
vt 0.656918 0.730531
vt 0.680026 0.722101
vt 0.330723 0.813798
vt 0.322005 0.814194
vt 0.330695 0.807992
vt 0.322143 0.806067
vt 0.330649 0.798045
vt 0.322376 0.798292
vt 0.330756 0.794180
vt 0.322701 0.791001
vt 0.323111 0.784320
vt 0.331024 0.784548
vt 0.323601 0.778362
vt 0.691384 0.758679
vt 0.684062 0.759658
vt 0.691325 0.755965
vt 0.691105 0.745721
vt 0.684084 0.753148
vt 0.684104 0.745998
vt 0.691081 0.743613
vt 0.690934 0.730325
vt 0.684150 0.721981
vt 0.690930 0.729204
vt 0.684137 0.730281
vt 0.684122 0.738332
vt 0.762988 0.952871
vt 0.754955 0.952408
vt 0.741484 0.948518
vt 0.729653 0.941013
vt 0.720434 0.930512
vt 0.714585 0.917877
vt 0.796889 0.705709
vt 0.785082 0.713144
vt 0.771641 0.716925
vt 0.811935 0.682577
vt 0.806092 0.695233
vt 0.682199 0.713541
vt 0.682189 0.722072
vt 0.682176 0.730495
vt 0.682161 0.738668
vt 0.682143 0.746449
vt 0.682123 0.753705
vt 0.682101 0.760313
vt 0.321584 0.777652
vt 0.321087 0.783700
vt 0.320670 0.790481
vt 0.320341 0.797881
vt 0.320104 0.805773
vt 0.319964 0.814021
vt 0.682343 0.558774
vt 0.681856 0.550106
vt 0.633368 0.462974
vt 0.645432 0.478740
vt 0.657880 0.495733
vt 0.661513 0.501085
vt 0.668749 0.512842
vt 0.674266 0.523663
vt 0.677902 0.532815
vt 0.680384 0.541510
vt 0.625456 0.453545
vt 0.616706 0.444878
vt 0.607190 0.437047
vt 0.596991 0.430120
vt 0.586193 0.424153
vt 0.574890 0.419198
vt 0.563175 0.415298
vt 0.551150 0.412484
vt 0.538915 0.410781
vt 0.526575 0.410203
vt 0.514234 0.410756
vt 0.501996 0.412434
vt 0.489965 0.415223
vt 0.478244 0.419100
vt 0.466931 0.424031
vt 0.456122 0.429975
vt 0.445910 0.436882
vt 0.436380 0.444693
vt 0.427613 0.453342
vt 0.419684 0.462756
vt 0.404568 0.482485
vt 0.370529 0.558455
vt 0.370934 0.550686
vt 0.372291 0.542222
vt 0.374577 0.533822
vt 0.375395 0.531431
vt 0.379155 0.522310
vt 0.383847 0.513193
vt 0.389384 0.504002
vt 0.395683 0.494647
vt 0.370384 0.713222
vt 0.370529 0.558456
vt 0.370843 0.815902
vt 0.371018 0.807654
vt 0.371289 0.799763
vt 0.371651 0.792365
vt 0.370208 0.786223
vt 0.372097 0.785585
vt 0.370262 0.765840
vt 0.370286 0.759994
vt 0.370308 0.753386
vt 0.370328 0.746130
vt 0.370346 0.738349
vt 0.370362 0.730177
vt 0.370374 0.721753
vt 0.372620 0.779540
vt 0.333700 0.822986
vt 0.763067 0.959536
vt 0.763079 0.959924
vt 0.754325 0.957650
vt 0.763004 0.956152
vt 0.763010 0.956641
vt 0.763039 0.958126
vt 0.334826 0.814469
vt 0.334697 0.799860
vt 0.739358 0.953279
vt 0.737886 0.956703
vt 0.733835 0.954117
vt 0.726235 0.944906
vt 0.723738 0.947672
vt 0.721434 0.945035
vt 0.716023 0.933226
vt 0.712733 0.935079
vt 0.711778 0.933008
vt 0.709551 0.919196
vt 0.703376 0.903534
vt 0.707339 0.903962
vt 0.705597 0.918845
vt 0.705758 0.919955
vt 0.707412 0.791694
vt 0.707438 0.785627
vt 0.707765 0.750101
vt 0.703700 0.749699
vt 0.703471 0.785155
vt 0.703448 0.791247
vt 0.218081 0.886341
vt 0.218316 0.865877
vt 0.218575 0.777493
vt 0.222646 0.777834
vt 0.222665 0.779262
vt 0.218580 0.778892
vt 0.218626 0.788166
vt 0.222670 0.788191
vt 0.222670 0.792820
vt 0.218667 0.797623
vt 0.218676 0.802365
vt 0.222664 0.801804
vt 0.222652 0.807431
vt 0.218675 0.811989
vt 0.222670 0.797253
vt 0.222643 0.811073
vt 0.222628 0.815683
vt 0.218652 0.821547
vt 0.222612 0.820335
vt 0.222598 0.823705
vt 0.218611 0.831113
vt 0.222572 0.829653
vt 0.222518 0.839063
vt 0.218551 0.840696
vt 0.674779 0.497817
vt 0.668719 0.488726
vt 0.218471 0.850408
vt 0.643776 0.455377
vt 0.658252 0.474339
vt 0.409232 0.455137
vt 0.417177 0.445638
vt 0.246721 0.889875
vt 0.245867 0.880483
vt 0.635843 0.445857
vt 0.627296 0.437188
vt 0.217941 0.896690
vt 0.217767 0.906259
vt 0.617380 0.428724
vt 0.607512 0.421663
vt 0.217542 0.915778
vt 0.116715 0.780806
vt 0.116652 0.789916
vt 0.597061 0.415418
vt 0.586031 0.410011
vt 0.116497 0.821659
vt 0.116543 0.810093
vt 0.116595 0.799678
vt 0.120624 0.823149
vt 0.120602 0.829900
vt 0.116460 0.832894
vt 0.120588 0.834105
vt 0.120561 0.845410
vt 0.116432 0.844489
vt 0.120670 0.811869
vt 0.120544 0.855137
vt 0.116411 0.856440
vt 0.120541 0.857065
vt 0.120527 0.869613
vt 0.116397 0.869308
vt 0.120524 0.881283
vt 0.116393 0.881394
vt 0.116396 0.893516
vt 0.120524 0.881400
vt 0.120526 0.893221
vt 0.120538 0.905057
vt 0.116408 0.905654
vt 0.120541 0.907455
vt 0.116412 0.908213
vt 0.116434 0.920027
vt 0.116462 0.931561
vt 0.116499 0.942790
vt 0.120541 0.907553
vt 0.120563 0.919073
vt 0.120591 0.930321
vt 0.120599 0.932722
vt 0.120627 0.941270
vt 0.120670 0.951900
vt 0.434986 0.429078
vt 0.442277 0.423701
vt 0.116543 0.953690
vt 0.116636 0.971280
vt 0.116580 0.961411
vt 0.116699 0.980589
vt 0.425762 0.436967
vt 0.244820 0.868395
vt 0.243276 0.850159
vt 0.399841 0.467352
vt 0.386100 0.485774
vt 0.380969 0.493204
vt 0.241725 0.830388
vt 0.242679 0.842799
vt 0.373159 0.505721
vt 0.367184 0.517218
vt 0.363179 0.526994
vt 0.240918 0.818972
vt 0.240285 0.809250
vt 0.240119 0.806549
vt 0.235694 0.797226
vt 0.239584 0.797253
vt 0.236177 0.805216
vt 0.236197 0.805551
vt 0.236362 0.808155
vt 0.239098 0.787767
vt 0.235657 0.796620
vt 0.235151 0.787531
vt 0.234939 0.783231
vt 0.238618 0.777562
vt 0.234662 0.777623
vt 0.818821 0.513918
vt 0.819137 0.555826
vt 0.819137 0.668803
vt 0.822993 0.668851
vt 0.819115 0.549847
vt 0.822993 0.555853
vt 0.822974 0.549852
vt 0.822776 0.513999
vt 0.763593 0.720760
vt 0.763582 0.721270
vt 0.772228 0.722373
vt 0.772417 0.726636
vt 0.763456 0.724798
vt 0.763477 0.724371
vt 0.763531 0.722782
vt 0.787163 0.718120
vt 0.778354 0.724941
vt 0.810455 0.698167
vt 0.804949 0.710447
vt 0.800260 0.709822
vt 0.816921 0.684112
vt 0.820767 0.684238
vt 0.820605 0.685353
vt 0.814591 0.698434
vt 0.813637 0.700508
vt 0.921059 0.937766
vt 0.921059 0.685312
vt 0.936740 0.685036
vt 0.936740 0.937895
vt 0.951800 0.684452
vt 0.951800 0.937693
vt 0.965413 0.683591
vt 0.965413 0.937172
vt 0.976836 0.682502
vt 0.976836 0.936360
vt 0.994004 0.006134
vt 0.994004 0.260991
vt 0.981740 0.261021
vt 0.981740 0.005962
vt 0.871584 0.770451
vt 0.888135 0.764881
vt 0.836610 0.826927
vt 0.900028 0.893740
vt 0.884478 0.891904
vt 0.899995 0.763779
vt 0.869777 0.886517
vt 0.836617 0.852860
vt 0.839015 0.809672
vt 0.846054 0.793731
vt 0.857193 0.780318
vt 0.856729 0.877873
vt 0.846048 0.866446
vt 0.838318 0.852861
vt 0.007644 0.843408
vt 0.007647 0.817638
vt 0.009351 0.817648
vt 0.027791 0.792910
vt 0.040860 0.784404
vt 0.071152 0.906564
vt 0.055587 0.779144
vt 0.071165 0.777418
vt 0.054391 0.904249
vt 0.038304 0.897336
vt 0.008879 0.855748
vt 0.024712 0.886350
vt 0.014649 0.872127
vt 0.017092 0.804197
vt 0.991190 0.684890
vt 0.992892 0.684922
vt 0.992892 0.938981
vt 0.988828 0.941355
vt 0.988827 0.682502
vt 0.989143 0.940178
vt 0.990006 0.939315
vt 0.991190 0.938994
vt 0.989143 0.683682
vt 0.990006 0.684555
vt 0.835473 0.826922
vt 0.834984 0.826918
vt 0.837452 0.809205
vt 0.900003 0.762988
vt 0.887978 0.763984
vt 0.900007 0.762873
vt 0.887874 0.763218
vt 0.900028 0.762283
vt 0.293417 0.822647
vt 0.293054 0.822659
vt 0.293284 0.810535
vt 0.292703 0.822671
vt 0.294001 0.793854
vt 0.295090 0.779678
vt 0.655681 0.762462
vt 0.655874 0.748184
vt 0.871190 0.769636
vt 0.856592 0.779646
vt 0.845294 0.793252
vt 0.838155 0.809421
vt 0.835717 0.826924
vt 0.870883 0.768939
vt 0.856110 0.779070
vt 0.844677 0.792841
vt 0.655284 0.713525
vt 0.656004 0.731442
vt 0.655228 0.731316
vt 0.655099 0.747926
vt 0.654905 0.762091
vt 0.294352 0.780046
vt 0.293270 0.794110
vt 0.292556 0.810658
vt 0.292151 0.822709
vt 0.655802 0.713514
vt 0.656060 0.713509
vt 0.655804 0.687594
vt 0.654925 0.687623
vt 0.835455 0.852855
vt 0.006495 0.843362
vt 0.006744 0.843383
vt 0.007996 0.855900
vt 0.397496 0.824287
vt 0.398484 0.807383
vt 0.398233 0.824310
vt 0.397617 0.824291
vt 0.054159 0.905101
vt 0.071160 0.907434
vt 0.071165 0.907780
vt 0.071154 0.907078
vt 0.396780 0.713249
vt 0.397296 0.713261
vt 0.397297 0.726039
vt 0.007264 0.855989
vt 0.005996 0.843321
vt 0.396524 0.726122
vt 0.396524 0.713243
vt 0.396568 0.743340
vt 0.396657 0.758442
vt 0.398142 0.791143
vt 0.399022 0.777895
vt 0.013848 0.872514
vt 0.024054 0.886941
vt 0.037841 0.898086
vt 0.013185 0.872802
vt 0.023514 0.887403
vt 0.037465 0.898683
vt 0.053980 0.905782
vt 0.398820 0.824347
vt 0.397341 0.743120
vt 0.397432 0.758102
vt 0.399825 0.778284
vt 0.398954 0.791426
vt 0.397666 0.807227
vt 0.006474 0.817596
vt 0.397701 0.687360
vt 0.396827 0.687329
vt 0.519556 0.812036
vt 0.519248 0.832027
vt 0.512084 0.832048
vt 0.519210 0.842278
vt 0.512085 0.852476
vt 0.519248 0.852513
vt 0.512391 0.872295
vt 0.519556 0.872389
vt 0.512988 0.890439
vt 0.520154 0.890584
vt 0.513842 0.905928
vt 0.521011 0.906117
vt 0.581426 0.890969
vt 0.574229 0.891125
vt 0.581336 0.873505
vt 0.574139 0.873611
vt 0.581280 0.854067
vt 0.574083 0.854118
vt 0.581261 0.833703
vt 0.574064 0.833696
vt 0.581280 0.813511
vt 0.574083 0.813447
vt 0.581336 0.794580
vt 0.574139 0.794462
vt 0.581426 0.777929
vt 0.574229 0.777764
vt 0.554888 0.777947
vt 0.562073 0.777764
vt 0.554407 0.793550
vt 0.561589 0.793411
vt 0.554070 0.811774
vt 0.561252 0.811687
vt 0.553897 0.831636
vt 0.561078 0.831605
vt 0.553897 0.852065
vt 0.561078 0.852092
vt 0.554070 0.871961
vt 0.561252 0.872044
vt 0.554407 0.890249
vt 0.561589 0.890385
vt 0.554888 0.905946
vt 0.562073 0.906126
vt 0.534736 0.777926
vt 0.541905 0.777764
vt 0.533893 0.793972
vt 0.541060 0.793856
vt 0.533305 0.812502
vt 0.540470 0.812438
vt 0.533003 0.832516
vt 0.540167 0.832509
vt 0.533003 0.852936
vt 0.540167 0.852987
vt 0.533305 0.872660
vt 0.540470 0.872767
vt 0.533893 0.890626
vt 0.541060 0.890784
vt 0.534736 0.905865
vt 0.541906 0.906066
vt 0.513842 0.777938
vt 0.521011 0.777764
vt 0.512988 0.793747
vt 0.520154 0.793618
vt 0.512391 0.812113
vt 0.886936 0.069641
vt 0.878721 0.050690
vt 0.878289 0.045473
vt 0.865090 0.029819
vt 0.866186 0.034245
vt 0.848619 0.017615
vt 0.850060 0.021260
vt 0.829763 0.009517
vt 0.831280 0.012490
vt 0.809541 0.005962
vt 0.810938 0.008446
vt 0.789041 0.007142
vt 0.790216 0.009361
vt 0.770319 0.015184
vt 0.887505 0.063732
vt 0.892241 0.083611
vt 0.890355 0.089995
vt 0.892241 0.104039
vt 0.888779 0.110570
vt 0.887505 0.123915
vt 0.882298 0.130170
vt 0.878289 0.142167
vt 0.871291 0.147656
vt 0.865090 0.157811
vt 0.856395 0.162011
vt 0.848619 0.170003
vt 0.838478 0.172402
vt 0.829763 0.178088
vt 0.818581 0.178225
vt 0.809541 0.181628
vt 0.797859 0.179140
vt 0.789041 0.180432
vt 0.777517 0.175096
vt 0.769369 0.174567
vt 0.758737 0.166326
vt 0.751586 0.164346
vt 0.742611 0.153341
vt 0.736650 0.150322
vt 0.730076 0.136896
vt 0.725366 0.133250
vt 0.721861 0.117945
vt 0.718342 0.114052
vt 0.718442 0.097591
vt 0.715959 0.093761
vt 0.720018 0.077016
vt 0.718342 0.073472
vt 0.726499 0.057416
vt 0.725366 0.054278
vt 0.737506 0.039930
vt 0.736650 0.037215
vt 0.752402 0.025575
vt 0.751586 0.023202
vt 0.769369 0.012994
vt 0.462744 0.855179
vt 0.474697 0.855241
vt 0.463219 0.874338
vt 0.475173 0.874446
vt 0.463980 0.891136
vt 0.475936 0.891285
vt 0.500093 0.891115
vt 0.488100 0.891254
vt 0.499999 0.874487
vt 0.488006 0.874586
vt 0.499941 0.855438
vt 0.487948 0.855491
vt 0.499921 0.835074
vt 0.487928 0.835077
vt 0.499941 0.814580
vt 0.487948 0.814533
vt 0.499999 0.795145
vt 0.488006 0.795051
vt 0.500093 0.777901
vt 0.488100 0.777764
vt 0.438612 0.777925
vt 0.450590 0.777764
vt 0.438111 0.793224
vt 0.450088 0.793101
vt 0.437760 0.811374
vt 0.449736 0.811296
vt 0.437579 0.831322
vt 0.449555 0.831292
vt 0.437579 0.851908
vt 0.449555 0.851928
vt 0.437760 0.871935
vt 0.449736 0.872004
vt 0.438111 0.890239
vt 0.450088 0.890353
vt 0.438612 0.905757
vt 0.450590 0.905909
vt 0.413629 0.777839
vt 0.425587 0.777764
vt 0.412750 0.794397
vt 0.424706 0.794362
vt 0.412134 0.813400
vt 0.424088 0.813412
vt 0.411816 0.833746
vt 0.423770 0.833807
vt 0.411816 0.854251
vt 0.423770 0.854362
vt 0.412134 0.873724
vt 0.424088 0.873882
vt 0.412750 0.891033
vt 0.424706 0.891233
vt 0.413629 0.905172
vt 0.425587 0.905407
vt 0.463980 0.777891
vt 0.475936 0.777764
vt 0.463219 0.794974
vt 0.475173 0.794889
vt 0.462744 0.814310
vt 0.474697 0.814272
vt 0.462582 0.834775
vt 0.474535 0.834787
vt 0.881415 0.309240
vt 0.871799 0.327467
vt 0.801162 0.364338
vt 0.821703 0.196037
vt 0.801162 0.193552
vt 0.780622 0.361852
vt 0.761275 0.354549
vt 0.744247 0.342851
vt 0.730526 0.327440
vt 0.886366 0.289254
vt 0.715959 0.289221
vt 0.744247 0.215016
vt 0.761275 0.203325
vt 0.841050 0.203340
vt 0.858078 0.215038
vt 0.871799 0.230449
vt 0.858078 0.342873
vt 0.841050 0.354564
vt 0.821703 0.361860
vt 0.715959 0.268636
vt 0.720910 0.248649
vt 0.730526 0.230422
vt 0.720910 0.309210
vt 0.780622 0.196029
vt 0.881415 0.248679
vt 0.886366 0.268668
s 0
usemtl Material_001
f 1/1/1 2/2/1 3/3/1
f 3/3/2 2/2/2 4/4/2
f 3/3/3 4/4/3 5/5/3
f 5/5/4 4/4/4 6/6/4
f 5/5/5 6/6/5 7/7/5
f 7/7/6 6/6/6 8/8/6
f 7/7/7 8/8/7 9/9/7
f 9/9/8 8/8/8 10/10/8
f 9/9/9 10/10/9 11/11/9
f 11/11/10 10/10/10 12/12/10
f 11/11/11 12/12/11 13/13/11
f 13/13/12 12/12/12 14/14/12
f 13/13/13 14/14/13 15/15/13
f 15/15/14 14/14/14 16/16/14
f 15/17/15 16/18/15 17/19/15
f 17/19/16 16/18/16 18/20/16
f 17/19/17 18/20/17 19/21/17
f 19/21/18 18/20/18 20/22/18
f 19/21/19 20/22/19 21/23/19
f 21/23/20 20/22/20 22/24/20
f 21/23/21 22/24/21 23/25/21
f 23/25/22 22/24/22 24/26/22
f 23/25/23 24/26/23 25/27/23
f 26/28/24 27/29/24 28/30/24
f 28/30/24 27/29/24 29/31/24
f 28/30/24 29/31/24 30/32/24
f 31/33/24 32/34/24 33/35/24
f 33/35/24 32/34/24 34/36/24
f 33/35/24 34/36/24 26/28/24
f 26/28/24 34/36/24 35/37/24
f 26/28/24 35/37/24 27/29/24
f 36/38/24 37/39/24 38/40/24
f 39/41/24 40/42/24 41/43/24
f 41/43/24 40/42/24 42/44/24
f 41/43/24 42/44/24 43/45/24
f 44/46/24 45/47/24 46/48/24
f 46/48/24 45/47/24 47/49/24
f 46/48/24 47/49/24 48/50/24
f 48/50/24 47/49/24 49/51/24
f 48/50/24 49/51/24 39/41/24
f 39/41/24 49/51/24 50/52/24
f 39/41/24 50/52/24 40/42/24
f 51/53/24 52/54/24 53/55/24
f 53/55/24 52/54/24 54/56/24
f 53/55/24 54/56/24 55/57/24
f 55/57/24 54/56/24 56/58/24
f 55/57/24 56/58/24 31/33/24
f 31/33/24 56/58/24 57/59/24
f 31/33/24 57/59/24 32/34/24
f 42/44/24 58/60/24 43/45/24
f 43/45/24 58/60/24 59/61/24
f 43/45/24 59/61/24 60/62/24
f 60/62/24 59/61/24 61/63/24
f 60/62/24 61/63/24 53/55/24
f 53/55/24 61/63/24 62/64/24
f 53/55/24 62/64/24 51/53/24
f 51/53/25 62/64/25 63/65/25
f 51/53/26 63/65/26 37/39/26
f 63/65/24 64/66/24 37/39/24
f 37/39/24 64/66/24 65/67/24
f 37/39/24 65/67/24 66/68/24
f 66/68/24 67/69/24 37/39/24
f 37/39/24 67/69/24 68/70/24
f 37/39/24 68/70/24 69/71/24
f 69/71/24 70/72/24 37/39/24
f 37/39/24 70/72/24 71/73/24
f 37/39/24 71/73/24 38/40/24
f 72/74/24 73/75/24 38/40/24
f 73/75/24 74/76/24 38/40/24
f 38/40/24 74/76/24 75/77/24
f 38/40/24 75/77/24 76/78/24
f 76/78/24 77/79/24 38/40/24
f 38/40/24 77/79/24 78/80/24
f 38/40/24 78/80/24 36/38/24
f 72/74/24 38/40/24 79/81/24
f 79/81/27 38/40/27 80/82/27
f 79/81/27 80/82/27 81/83/27
f 81/83/28 80/82/28 82/84/28
f 81/83/29 82/84/29 83/85/29
f 84/86/30 85/87/30 86/88/30
f 84/86/31 86/88/31 87/89/31
f 87/89/32 86/88/32 88/90/32
f 87/89/33 88/90/33 89/91/33
f 89/91/34 88/90/34 90/92/34
f 89/91/35 90/92/35 91/93/35
f 91/93/36 90/92/36 92/94/36
f 91/93/37 92/94/37 93/95/37
f 93/95/38 92/94/38 94/96/38
f 94/96/39 92/94/39 95/97/39
f 94/96/40 95/97/40 96/98/40
f 96/98/41 95/97/41 97/99/41
f 97/99/42 95/97/42 28/30/42
f 97/99/29 28/30/29 30/32/29
f 85/87/43 84/86/43 24/26/43
f 24/26/43 84/86/43 25/27/43
f 98/100/23 99/101/23 100/102/23
f 100/102/44 99/101/44 101/103/44
f 100/102/45 101/103/45 102/104/45
f 102/104/46 101/103/46 103/105/46
f 102/104/47 103/105/47 104/106/47
f 104/106/48 103/105/48 105/107/48
f 104/106/49 105/107/49 106/108/49
f 106/108/50 105/107/50 107/109/50
f 106/108/51 107/109/51 108/110/51
f 108/110/52 107/109/52 109/111/52
f 108/112/53 109/113/53 110/114/53
f 110/114/54 109/113/54 111/115/54
f 110/114/55 111/115/55 112/116/55
f 112/116/56 111/115/56 113/117/56
f 112/116/57 113/117/57 114/118/57
f 114/118/58 113/117/58 115/119/58
f 114/118/59 115/119/59 116/120/59
f 116/120/60 115/119/60 117/121/60
f 116/120/61 117/121/61 118/122/61
f 118/122/62 117/121/62 119/123/62
f 118/122/63 119/123/63 120/124/63
f 120/124/64 119/123/64 121/125/64
f 120/124/1 121/125/1 122/126/1
f 123/127/65 124/128/65 125/129/65
f 126/130/66 127/131/66 128/132/66
f 128/132/67 127/131/67 129/133/67
f 128/132/68 129/133/68 125/129/68
f 125/129/69 129/133/69 130/134/69
f 125/129/69 130/134/69 123/127/69
f 131/135/70 132/136/70 133/137/70
f 133/137/71 132/136/71 134/138/71
f 134/138/72 132/136/72 135/139/72
f 134/138/65 135/139/65 124/128/65
f 124/128/73 135/139/73 136/140/73
f 124/128/74 136/140/74 125/129/74
f 137/141/75 138/142/75 139/143/75
f 139/143/75 138/142/75 140/144/75
f 139/143/76 140/144/76 141/145/76
f 131/135/77 133/137/77 139/143/77
f 139/143/78 133/137/78 142/146/78
f 139/143/78 142/146/78 137/141/78
f 143/147/79 144/148/79 145/149/79
f 146/150/79 127/131/79 147/151/79
f 147/151/79 127/131/79 148/152/79
f 146/150/79 149/153/79 127/131/79
f 127/131/79 149/153/79 150/154/79
f 127/131/79 150/154/79 151/155/79
f 151/155/79 152/156/79 127/131/79
f 127/131/79 152/156/79 153/157/79
f 127/131/79 153/157/79 154/158/79
f 127/131/79 126/130/79 143/147/79
f 154/158/79 155/159/79 127/131/79
f 127/131/79 155/159/79 156/160/79
f 127/131/79 156/160/79 157/161/79
f 158/162/79 159/163/79 160/164/79
f 157/161/79 161/165/79 127/131/79
f 127/131/79 161/165/79 158/162/79
f 127/131/79 158/162/79 162/166/79
f 162/166/79 158/162/79 163/167/79
f 164/168/79 165/169/79 127/131/79
f 127/131/79 165/169/79 166/170/79
f 127/131/79 166/170/79 167/171/79
f 167/171/79 168/172/79 127/131/79
f 127/131/79 168/172/79 169/173/79
f 127/131/79 169/173/79 170/174/79
f 170/174/79 171/175/79 127/131/79
f 127/131/79 171/175/79 172/176/79
f 127/131/79 172/176/79 173/177/79
f 160/164/79 174/178/79 158/162/79
f 158/162/79 174/178/79 175/179/79
f 158/162/79 175/179/79 176/180/79
f 143/147/79 145/149/79 127/131/79
f 127/131/79 145/149/79 177/181/79
f 127/131/79 177/181/79 164/168/79
f 173/177/79 178/182/79 127/131/79
f 127/131/79 178/182/79 179/183/79
f 127/131/79 179/183/79 148/152/79
f 158/162/79 180/184/79 159/163/79
f 159/163/79 180/184/79 181/185/79
f 159/163/79 181/185/79 182/186/79
f 176/180/79 183/187/79 158/162/79
f 158/162/79 183/187/79 184/188/79
f 158/162/79 184/188/79 163/167/79
f 182/186/79 185/189/79 159/163/79
f 159/163/79 185/189/79 186/190/79
f 159/163/79 186/190/79 187/191/79
f 188/192/79 189/193/79 190/194/79
f 190/194/79 189/193/79 191/195/79
f 190/194/79 191/195/79 192/196/79
f 188/192/79 190/194/79 186/190/79
f 186/190/79 190/194/79 193/197/79
f 186/190/79 193/197/79 187/191/79
f 194/198/79 195/199/79 196/200/79
f 197/201/79 198/202/79 199/203/79
f 121/204/79 200/205/79 201/206/79
f 196/200/79 195/199/79 202/207/79
f 203/208/79 204/209/79 205/210/79
f 205/210/79 204/209/79 206/211/79
f 205/210/79 206/211/79 207/212/79
f 206/211/79 208/213/79 207/212/79
f 207/212/79 208/213/79 209/214/79
f 207/212/79 209/214/79 210/215/79
f 210/215/79 209/214/79 211/216/79
f 210/215/79 211/216/79 212/217/79
f 212/217/79 211/216/79 213/218/79
f 212/217/79 213/218/79 199/203/79
f 199/203/79 213/218/79 214/219/79
f 199/203/79 214/219/79 197/201/79
f 215/220/79 216/221/79 217/222/79
f 218/223/79 219/224/79 196/200/79
f 196/200/79 219/224/79 220/225/79
f 196/200/79 220/225/79 194/198/79
f 221/226/79 199/203/79 222/227/79
f 222/227/79 199/203/79 198/202/79
f 222/227/79 198/202/79 201/206/79
f 201/206/79 198/202/79 223/228/79
f 201/206/79 223/228/79 224/229/79
f 225/230/79 226/231/79 122/232/79
f 215/220/79 195/199/79 205/210/79
f 205/210/79 195/199/79 227/233/79
f 205/210/79 227/233/79 203/208/79
f 215/220/79 217/222/79 195/199/79
f 195/199/79 217/222/79 228/234/79
f 195/199/79 228/234/79 202/207/79
f 231/235/79 232/236/79 2/237/79
f 2/237/79 232/236/79 233/238/79
f 2/237/79 233/238/79 234/239/79
f 234/239/79 233/238/79 196/200/79
f 196/200/79 233/238/79 235/240/79
f 196/200/79 235/240/79 218/223/79
f 224/229/79 236/241/79 201/206/79
f 201/206/79 236/241/79 225/230/79
f 201/206/79 225/230/79 121/204/79
f 121/204/79 225/230/79 122/232/79
f 1/242/79 230/243/79 2/237/79
f 2/237/79 230/243/79 237/244/79
f 2/237/79 237/244/79 231/235/79
f 238/245/80 208/213/80 206/211/80
f 206/211/81 239/246/81 238/245/81
f 238/245/82 239/246/82 240/247/82
f 238/245/83 240/247/83 241/248/83
f 241/248/84 240/247/84 242/249/84
f 241/248/85 242/249/85 243/250/85
f 243/250/86 242/249/86 244/251/86
f 243/250/87 244/251/87 245/252/87
f 245/252/88 244/251/88 246/253/88
f 245/252/89 246/253/89 247/254/89
f 246/253/90 248/255/90 247/254/90
f 247/254/90 248/255/90 249/256/90
f 247/254/91 249/256/91 250/257/91
f 250/257/92 249/256/92 251/258/92
f 250/257/93 251/258/93 252/259/93
f 252/259/92 251/258/92 253/260/92
f 252/259/94 253/260/94 254/261/94
f 254/261/95 253/260/95 255/262/95
f 256/263/95 255/262/95 257/264/95
f 256/263/95 258/265/95 255/262/95
f 255/262/95 258/265/95 259/266/95
f 255/262/95 259/266/95 254/261/95
f 257/264/95 260/267/95 256/263/95
f 256/263/95 260/267/95 261/268/95
f 256/263/95 261/268/95 262/269/95
f 262/269/95 261/268/95 141/145/95
f 262/269/95 141/145/95 140/144/95
f 263/270/96 264/271/96 265/272/96
f 265/272/97 264/271/97 266/273/97
f 265/272/98 266/273/98 267/274/98
f 267/274/99 266/273/99 268/275/99
f 267/274/100 268/275/100 269/276/100
f 269/276/101 268/275/101 270/277/101
f 269/276/102 270/277/102 271/278/102
f 271/278/103 270/277/103 272/279/103
f 271/278/104 272/279/104 273/280/104
f 273/280/105 272/279/105 274/281/105
f 273/280/106 274/281/106 275/282/106
f 275/282/107 274/281/107 276/283/107
f 275/282/108 276/283/108 277/284/108
f 277/284/109 276/283/109 278/285/109
f 277/284/110 278/285/110 279/286/110
f 279/286/111 278/285/111 280/287/111
f 279/286/112 280/287/112 281/288/112
f 281/288/113 280/287/113 282/289/113
f 281/288/114 282/289/114 283/290/114
f 283/290/114 282/289/114 284/291/114
f 284/291/115 282/289/115 285/292/115
f 284/291/116 285/292/116 286/293/116
f 286/293/117 285/292/117 287/294/117
f 286/293/118 287/294/118 288/295/118
f 288/295/119 287/294/119 289/296/119
f 288/295/120 289/296/120 290/297/120
f 290/297/121 289/296/121 291/298/121
f 290/297/122 291/298/122 292/299/122
f 293/300/123 294/301/123 295/302/123
f 295/302/124 294/301/124 296/303/124
f 295/302/125 296/303/125 297/304/125
f 297/304/126 296/303/126 298/305/126
f 297/304/127 298/305/127 299/306/127
f 299/306/128 298/305/128 300/307/128
f 299/306/129 300/307/129 292/299/129
f 292/299/130 300/307/130 301/308/130
f 292/299/131 301/308/131 290/297/131
f 293/300/132 302/309/132 294/301/132
f 294/301/133 302/309/133 303/310/133
f 294/301/134 303/310/134 304/311/134
f 304/311/135 303/310/135 305/312/135
f 304/311/136 305/312/136 306/313/136
f 306/313/137 305/312/137 307/314/137
f 306/313/138 307/314/138 308/315/138
f 308/315/138 307/314/138 309/316/138
f 309/316/139 307/314/139 310/317/139
f 309/316/140 310/317/140 311/318/140
f 310/317/141 312/319/141 311/318/141
f 311/318/142 312/319/142 313/320/142
f 311/318/143 313/320/143 314/321/143
f 314/321/144 313/320/144 315/322/144
f 314/321/145 315/322/145 316/323/145
f 316/323/146 315/322/146 317/324/146
f 316/323/147 317/324/147 318/325/147
f 318/325/148 317/324/148 319/326/148
f 318/325/149 319/326/149 320/327/149
f 320/327/150 319/326/150 321/328/150
f 320/327/151 321/328/151 322/329/151
f 322/329/152 321/328/152 323/330/152
f 322/329/153 323/330/153 324/331/153
f 324/331/154 323/330/154 325/332/154
f 324/331/155 325/332/155 326/333/155
f 326/333/156 325/332/156 327/334/156
f 326/333/157 327/334/157 328/335/157
f 328/335/158 327/334/158 329/336/158
f 328/335/159 329/336/159 330/337/159
f 330/337/160 329/336/160 331/338/160
f 330/337/161 331/338/161 332/339/161
f 332/339/162 331/338/162 333/340/162
f 332/339/163 333/340/163 334/341/163
f 334/341/164 333/340/164 335/342/164
f 334/341/165 335/342/165 336/343/165
f 336/343/166 335/342/166 337/344/166
f 336/343/167 337/344/167 338/345/167
f 338/345/168 337/344/168 339/346/168
f 338/345/169 339/346/169 340/347/169
f 340/347/170 339/346/170 341/348/170
f 342/349/171 343/350/171 344/351/171
f 344/351/172 343/350/172 345/352/172
f 344/351/173 345/352/173 346/353/173
f 346/353/174 345/352/174 347/354/174
f 346/353/175 347/354/175 348/355/175
f 348/355/176 347/354/176 349/356/176
f 348/355/177 349/356/177 350/357/177
f 351/358/178 350/357/178 349/356/178
f 352/359/179 353/360/179 354/361/179
f 354/361/180 353/360/180 355/362/180
f 354/361/181 355/362/181 356/363/181
f 356/363/182 355/362/182 357/364/182
f 356/363/183 357/364/183 358/365/183
f 358/365/184 357/364/184 359/366/184
f 358/365/185 359/366/185 360/367/185
f 360/367/186 359/366/186 361/368/186
f 360/367/187 361/368/187 362/369/187
f 362/369/188 361/368/188 363/370/188
f 362/369/189 363/370/189 364/371/189
f 364/371/190 363/370/190 365/372/190
f 364/371/191 365/372/191 366/373/191
f 366/373/192 365/372/192 367/374/192
f 366/373/193 367/374/193 368/375/193
f 368/375/194 367/374/194 369/376/194
f 368/375/195 369/376/195 370/377/195
f 370/377/196 369/376/196 371/378/196
f 370/377/197 371/378/197 349/356/197
f 349/356/198 371/378/198 372/379/198
f 349/356/199 372/379/199 351/358/199
f 354/361/200 373/380/200 352/359/200
f 352/359/201 373/380/201 374/381/201
f 352/359/202 374/381/202 375/382/202
f 375/382/203 374/381/203 376/383/203
f 375/382/204 376/383/204 377/384/204
f 377/384/205 376/383/205 263/270/205
f 263/270/206 376/383/206 378/385/206
f 263/270/207 378/385/207 264/271/207
f 379/386/208 380/387/208 381/388/208
f 381/388/209 380/387/209 340/347/209
f 381/388/210 340/347/210 341/348/210
f 382/389/211 383/390/211 384/391/211
f 384/391/212 383/390/212 385/392/212
f 384/391/213 385/392/213 386/393/213
f 386/393/214 385/392/214 387/394/214
f 386/393/215 387/394/215 388/395/215
f 388/395/216 387/394/216 389/396/216
f 388/395/217 389/396/217 390/397/217
f 390/397/218 389/396/218 391/398/218
f 390/397/219 391/398/219 392/399/219
f 392/399/220 391/398/220 393/400/220
f 392/399/221 393/400/221 394/401/221
f 394/401/222 393/400/222 395/402/222
f 394/401/223 395/402/223 396/403/223
f 396/403/224 395/402/224 397/404/224
f 396/403/225 397/404/225 398/405/225
f 398/405/226 397/404/226 399/406/226
f 398/405/227 399/406/227 400/407/227
f 400/408/228 399/408/228 401/408/228
f 400/407/229 401/409/229 402/410/229
f 402/410/230 401/409/230 403/411/230
f 402/410/231 403/411/231 404/412/231
f 404/412/232 403/411/232 405/413/232
f 404/412/233 405/413/233 406/414/233
f 406/414/234 405/413/234 407/415/234
f 406/414/235 407/415/235 379/386/235
f 379/386/236 407/415/236 408/416/236
f 379/386/237 408/416/237 380/387/237
f 409/417/238 410/418/238 411/419/238
f 411/419/239 410/418/239 412/420/239
f 411/419/240 412/420/240 413/421/240
f 413/421/241 412/420/241 414/422/241
f 413/421/242 414/422/242 384/391/242
f 384/391/243 414/422/243 415/423/243
f 384/391/244 415/423/244 382/389/244
f 44/46/28 46/48/28 416/424/28
f 416/424/245 46/48/245 417/425/245
f 418/426/246 419/427/246 417/425/246
f 417/425/247 419/427/247 420/428/247
f 417/425/248 420/428/248 416/424/248
f 421/429/249 422/430/249 418/426/249
f 418/426/250 422/430/250 423/431/250
f 418/426/251 423/431/251 419/427/251
f 424/432/252 425/433/252 421/429/252
f 421/429/253 425/433/253 426/434/253
f 421/429/254 426/434/254 422/430/254
f 424/432/255 427/435/255 425/433/255
f 425/433/255 427/435/255 428/436/255
f 425/433/256 428/436/256 429/437/256
f 409/417/257 430/438/257 431/439/257
f 410/418/258 409/417/258 432/440/258
f 432/440/259 409/417/259 431/439/259
f 432/440/260 431/439/260 433/441/260
f 434/442/261 435/443/261 436/444/261
f 436/444/262 435/443/262 437/445/262
f 436/444/263 437/445/263 438/446/263
f 438/446/264 437/445/264 433/441/264
f 438/446/265 433/441/265 439/447/265
f 439/447/266 433/441/266 431/439/266
f 99/101/43 98/100/43 428/436/43
f 428/436/43 98/100/43 429/437/43
f 440/448/267 441/449/267 442/450/267
f 442/450/267 441/449/267 435/443/267
f 442/450/267 435/443/267 434/442/267
f 443/451/268 444/452/268 445/453/268
f 445/453/269 444/452/269 446/454/269
f 446/454/270 447/455/270 445/453/270
f 445/453/271 447/455/271 343/350/271
f 445/453/272 343/350/272 342/349/272
f 448/456/273 449/457/273 450/458/273
f 450/458/274 449/457/274 451/459/274
f 450/458/275 451/459/275 443/451/275
f 443/451/276 451/459/276 452/460/276
f 443/451/277 452/460/277 444/452/277
f 449/457/278 448/456/278 453/461/278
f 453/461/278 448/456/278 454/462/278
f 453/461/278 454/462/278 455/463/278
f 456/464/279 457/465/279 159/466/279
f 458/467/280 459/468/280 174/469/280
f 460/470/281 461/471/281 130/472/281
f 252/473/282 462/474/282 463/475/282
f 463/475/283 464/476/283 252/473/283
f 252/473/284 464/476/284 465/477/284
f 252/473/285 465/477/285 250/478/285
f 254/479/286 466/480/286 252/473/286
f 252/473/287 466/480/287 467/481/287
f 252/473/288 467/481/288 462/474/288
f 256/482/289 468/483/289 258/484/289
f 258/484/290 468/483/290 466/480/290
f 258/484/291 466/480/291 259/485/291
f 259/485/292 466/480/292 254/479/292
f 262/486/293 469/487/293 256/482/293
f 256/482/294 469/487/294 470/488/294
f 256/482/294 470/488/294 468/483/294
f 262/486/295 140/489/295 469/487/295
f 469/487/296 140/489/296 138/490/296
f 469/487/297 138/490/297 471/491/297
f 471/491/298 138/490/298 137/492/298
f 471/491/299 137/492/299 472/493/299
f 137/492/300 142/494/300 472/493/300
f 472/493/301 142/494/301 133/495/301
f 472/493/302 133/495/302 473/496/302
f 473/496/303 133/495/303 134/497/303
f 473/496/304 134/497/304 124/498/304
f 130/472/305 461/471/305 123/499/305
f 123/499/306 461/471/306 474/500/306
f 123/499/307 474/500/307 124/498/307
f 124/498/308 474/500/308 475/501/308
f 124/498/309 475/501/309 473/496/309
f 130/472/310 129/502/310 460/470/310
f 460/470/311 129/502/311 127/503/311
f 460/470/312 127/503/312 476/504/312
f 476/504/313 127/503/313 162/505/313
f 476/504/314 162/505/314 477/506/314
f 477/506/315 162/505/315 163/507/315
f 477/506/316 163/507/316 478/508/316
f 478/508/317 163/507/317 184/509/317
f 478/508/318 184/509/318 479/510/318
f 479/510/319 184/509/319 183/511/319
f 479/510/320 183/511/320 480/512/320
f 480/512/321 183/511/321 176/513/321
f 480/512/322 176/513/322 459/468/322
f 459/468/323 176/513/323 175/514/323
f 459/468/324 175/514/324 174/469/324
f 159/466/325 457/465/325 160/515/325
f 160/515/326 457/465/326 481/516/326
f 160/515/327 481/516/327 174/469/327
f 174/469/328 481/516/328 482/517/328
f 174/469/329 482/517/329 458/467/329
f 156/518/330 483/519/330 157/520/330
f 157/520/331 483/519/331 484/521/331
f 157/520/332 484/521/332 161/522/332
f 161/522/333 484/521/333 485/523/333
f 161/522/334 485/523/334 158/524/334
f 158/524/335 485/523/335 486/525/335
f 158/524/336 486/525/336 180/526/336
f 180/526/337 486/525/337 487/527/337
f 180/526/338 487/527/338 181/528/338
f 181/528/339 487/527/339 488/529/339
f 181/528/340 488/529/340 182/530/340
f 182/530/341 488/529/341 489/531/341
f 182/530/342 489/531/342 185/532/342
f 185/532/343 489/531/343 490/533/343
f 185/532/344 490/533/344 186/534/344
f 186/534/345 490/533/345 491/535/345
f 186/534/346 491/535/346 188/536/346
f 188/536/347 491/535/347 492/537/347
f 188/536/348 492/537/348 189/538/348
f 189/538/349 492/537/349 493/539/349
f 189/538/350 493/539/350 191/540/350
f 191/540/351 493/539/351 494/541/351
f 191/540/352 494/541/352 192/542/352
f 192/542/353 494/541/353 495/543/353
f 192/544/354 495/545/354 190/546/354
f 190/546/355 495/545/355 496/547/355
f 190/546/356 496/547/356 193/548/356
f 193/548/357 496/547/357 456/464/357
f 193/548/358 456/464/358 187/549/358
f 187/549/359 456/464/359 159/466/359
f 166/550/360 497/551/360 167/552/360
f 167/552/361 497/551/361 498/553/361
f 167/552/362 498/553/362 168/554/362
f 168/554/361 498/553/361 499/555/361
f 168/554/363 499/555/363 169/556/363
f 169/557/364 499/558/364 500/559/364
f 169/557/365 500/559/365 170/560/365
f 170/560/366 500/559/366 501/561/366
f 170/560/367 501/561/367 171/562/367
f 171/562/368 501/561/368 502/563/368
f 171/562/369 502/563/369 172/564/369
f 172/564/370 502/563/370 503/565/370
f 172/564/371 503/565/371 173/566/371
f 173/566/372 503/565/372 504/567/372
f 173/566/373 504/567/373 178/568/373
f 178/568/374 504/567/374 505/569/374
f 178/568/375 505/569/375 179/570/375
f 179/570/376 505/569/376 506/571/376
f 179/570/377 506/571/377 148/572/377
f 148/572/378 506/571/378 507/573/378
f 148/572/379 507/573/379 147/574/379
f 147/574/380 507/573/380 508/575/380
f 147/574/381 508/575/381 146/576/381
f 146/576/382 508/575/382 509/577/382
f 146/576/383 509/577/383 149/578/383
f 149/578/384 509/577/384 510/579/384
f 149/578/385 510/579/385 150/580/385
f 150/580/386 510/579/386 511/581/386
f 150/580/387 511/581/387 151/582/387
f 151/582/388 511/581/388 512/583/388
f 151/582/389 512/583/389 152/584/389
f 152/584/390 512/583/390 513/585/390
f 152/584/391 513/585/391 153/586/391
f 153/586/392 513/585/392 514/587/392
f 153/586/393 514/587/393 154/588/393
f 154/588/394 514/587/394 515/589/394
f 154/588/395 515/589/395 155/590/395
f 155/590/396 515/589/396 516/591/396
f 155/590/397 516/591/397 156/518/397
f 156/518/398 516/591/398 517/592/398
f 156/518/399 517/592/399 483/519/399
f 518/593/400 519/594/400 166/550/400
f 166/550/400 519/594/400 520/595/400
f 166/550/401 520/595/401 497/551/401
f 143/596/402 521/597/402 522/598/402
f 166/550/403 165/599/403 518/593/403
f 518/593/404 165/599/404 164/600/404
f 518/593/405 164/600/405 523/601/405
f 523/601/406 164/600/406 177/602/406
f 523/601/407 177/602/407 524/603/407
f 524/603/408 177/602/408 145/604/408
f 524/603/409 145/604/409 522/598/409
f 522/598/410 145/604/410 144/605/410
f 522/598/411 144/605/411 143/596/411
f 525/606/412 526/607/412 125/608/412
f 125/608/413 526/607/413 527/609/413
f 125/608/414 527/609/414 128/610/414
f 128/610/415 527/609/415 521/597/415
f 128/610/416 521/597/416 126/611/416
f 126/611/417 521/597/417 143/596/417
f 125/608/418 136/612/418 525/606/418
f 525/606/419 136/612/419 135/613/419
f 525/606/420 135/613/420 528/614/420
f 528/614/421 135/613/421 132/615/421
f 257/616/422 529/617/422 260/618/422
f 260/618/423 529/617/423 530/619/423
f 260/618/424 530/619/424 261/620/424
f 261/620/425 530/619/425 531/621/425
f 261/620/426 531/621/426 141/622/426
f 141/622/427 531/621/427 532/623/427
f 141/622/428 532/623/428 139/624/428
f 139/624/429 532/623/429 528/614/429
f 139/624/430 528/614/430 131/625/430
f 131/625/431 528/614/431 132/615/431
f 253/626/432 533/627/432 255/628/432
f 255/628/433 533/627/433 534/629/433
f 255/628/434 534/629/434 257/616/434
f 257/616/435 534/629/435 535/630/435
f 257/616/436 535/630/436 529/617/436
f 251/631/437 536/632/437 253/626/437
f 253/626/438 536/632/438 537/633/438
f 253/626/439 537/633/439 533/627/439
f 538/634/440 539/635/440 251/631/440
f 539/635/441 540/636/441 251/631/441
f 251/631/442 540/636/442 541/637/442
f 251/631/442 541/637/442 536/632/442
f 251/631/443 249/638/443 538/634/443
f 538/634/444 249/638/444 248/639/444
f 538/634/445 248/639/445 542/640/445
f 542/640/446 248/639/446 246/641/446
f 542/640/447 246/641/447 543/642/447
f 543/642/448 246/641/448 244/643/448
f 543/642/449 244/643/449 544/644/449
f 544/644/450 244/643/450 242/645/450
f 544/644/451 242/645/451 545/646/451
f 545/646/450 242/645/450 240/647/450
f 545/646/452 240/647/452 546/648/452
f 240/647/453 239/649/453 546/648/453
f 546/648/454 239/649/454 206/650/454
f 546/648/455 206/650/455 547/651/455
f 206/650/455 204/652/455 547/651/455
f 547/651/455 204/652/455 203/653/455
f 547/651/455 203/653/455 548/654/455
f 548/654/455 203/653/455 227/655/455
f 548/654/455 227/655/455 549/656/455
f 549/656/455 227/655/455 550/657/455
f 550/657/455 227/655/455 195/658/455
f 550/657/455 195/658/455 551/659/455
f 551/659/455 195/658/455 194/660/455
f 551/659/455 194/660/455 552/661/455
f 552/661/455 194/660/455 220/662/455
f 552/661/455 220/662/455 553/663/455
f 465/477/456 554/664/456 250/478/456
f 250/478/457 554/664/457 555/665/457
f 250/478/458 555/665/458 247/666/458
f 247/666/459 555/665/459 556/667/459
f 247/666/460 556/667/460 245/668/460
f 245/668/460 556/667/460 243/669/460
f 243/669/461 556/667/461 557/670/461
f 243/669/460 557/670/460 241/671/460
f 241/671/462 557/670/462 558/672/462
f 241/671/463 558/672/463 238/673/463
f 238/673/464 558/672/464 559/674/464
f 238/673/465 559/674/465 208/675/465
f 208/675/464 559/674/464 560/676/464
f 208/675/466 560/676/466 209/677/466
f 561/678/466 211/679/466 562/680/466
f 562/680/466 211/679/466 209/677/466
f 562/680/466 209/677/466 563/681/466
f 563/681/466 209/677/466 560/676/466
f 237/682/467 230/683/467 564/684/467
f 564/684/468 230/683/468 565/685/468
f 564/684/469 565/685/469 566/686/469
f 566/686/470 565/685/470 567/687/470
f 566/686/471 567/687/471 568/688/471
f 568/688/472 567/687/472 569/689/472
f 568/688/473 569/689/473 570/690/473
f 569/689/474 571/691/474 570/690/474
f 570/692/475 571/693/475 572/694/475
f 570/692/476 572/694/476 573/695/476
f 573/695/477 572/694/477 574/696/477
f 573/695/478 574/696/478 575/697/478
f 575/697/478 574/696/478 576/698/478
f 574/696/479 577/699/479 576/698/479
f 576/698/480 577/699/480 578/700/480
f 576/701/481 578/702/481 579/703/481
f 579/703/481 578/702/481 580/704/481
f 441/449/482 440/448/482 581/705/482
f 581/705/483 440/448/483 582/706/483
f 581/705/484 582/706/484 583/707/484
f 583/707/485 582/706/485 580/708/485
f 583/707/486 580/708/486 584/709/486
f 584/710/487 580/711/487 578/712/487
f 455/463/488 454/462/488 585/713/488
f 585/713/489 454/462/489 586/714/489
f 585/713/490 586/714/490 587/715/490
f 587/715/491 586/714/491 588/716/491
f 587/715/492 588/716/492 589/717/492
f 589/717/493 588/716/493 590/718/493
f 589/717/494 590/718/494 591/719/494
f 590/718/495 592/720/495 591/719/495
f 591/719/496 592/720/496 593/721/496
f 591/719/497 593/721/497 594/722/497
f 594/723/498 593/724/498 595/725/498
f 594/723/499 595/725/499 596/726/499
f 597/727/500 598/728/500 599/729/500
f 596/726/499 595/725/499 599/729/499
f 599/729/501 595/725/501 600/730/501
f 599/729/502 600/730/502 597/727/502
f 601/731/503 602/732/503 603/733/503
f 598/728/504 597/727/504 603/733/504
f 603/733/505 597/727/505 604/734/505
f 603/733/506 604/734/506 601/731/506
f 602/732/507 601/731/507 236/735/507
f 236/735/508 601/731/508 605/736/508
f 236/735/509 605/736/509 225/737/509
f 606/738/466 213/739/466 211/679/466
f 211/679/466 561/678/466 607/740/466
f 606/738/466 211/679/466 608/741/466
f 607/740/466 609/742/466 211/679/466
f 211/679/466 609/742/466 610/743/466
f 211/679/466 610/743/466 608/741/466
f 219/744/455 611/745/455 220/662/455
f 220/662/455 611/745/455 612/746/455
f 220/662/455 612/746/455 613/747/455
f 613/747/455 614/748/455 220/662/455
f 220/662/455 614/748/455 615/749/455
f 220/662/455 615/749/455 553/663/455
f 226/750/510 225/737/510 605/736/510
f 122/126/511 226/750/511 616/751/511
f 226/750/510 605/736/510 616/751/510
f 616/751/512 605/736/512 601/731/512
f 616/751/513 601/731/513 617/752/513
f 617/752/514 601/731/514 604/734/514
f 617/752/514 604/734/514 618/753/514
f 618/753/515 604/734/515 597/727/515
f 618/753/516 597/727/516 619/754/516
f 619/754/517 597/727/517 600/730/517
f 619/754/518 600/730/518 620/755/518
f 620/755/519 600/730/519 595/725/519
f 620/755/519 595/725/519 621/756/519
f 621/756/520 595/725/520 593/724/520
f 621/756/520 593/724/520 622/757/520
f 622/758/521 593/721/521 592/720/521
f 622/758/522 592/720/522 623/759/522
f 623/759/523 592/720/523 590/718/523
f 623/759/523 590/718/523 624/760/523
f 624/760/524 590/718/524 588/716/524
f 624/760/525 588/716/525 625/761/525
f 625/761/526 588/716/526 586/714/526
f 625/761/526 586/714/526 626/762/526
f 626/762/527 586/714/527 454/462/527
f 626/762/527 454/462/527 627/763/527
f 122/126/511 616/751/511 120/124/511
f 120/124/528 616/751/528 617/752/528
f 120/124/528 617/752/528 118/122/528
f 118/122/529 617/752/529 618/753/529
f 118/122/529 618/753/529 116/120/529
f 116/120/530 618/753/530 619/754/530
f 116/120/530 619/754/530 114/118/530
f 114/118/531 619/754/531 620/755/531
f 114/118/531 620/755/531 112/116/531
f 112/116/532 620/755/532 621/756/532
f 112/116/532 621/756/532 110/114/532
f 110/114/533 621/756/533 622/757/533
f 110/114/533 622/757/533 108/112/533
f 108/110/534 622/758/534 623/759/534
f 108/110/534 623/759/534 106/108/534
f 106/108/535 623/759/535 624/760/535
f 106/108/535 624/760/535 104/106/535
f 104/106/536 624/760/536 625/761/536
f 104/106/536 625/761/536 102/104/536
f 102/104/537 625/761/537 626/762/537
f 102/104/537 626/762/537 100/102/537
f 100/102/538 626/762/538 627/763/538
f 100/102/538 627/763/538 98/100/538
f 628/764/539 429/437/539 627/763/539
f 627/763/540 429/437/540 98/100/540
f 628/764/541 627/763/541 629/765/541
f 629/765/542 627/763/542 454/462/542
f 629/765/543 454/462/543 448/456/543
f 628/764/544 629/765/544 630/766/544
f 425/433/545 429/437/545 628/764/545
f 631/767/546 632/768/546 633/769/546
f 628/764/545 630/766/545 425/433/545
f 425/433/547 630/766/547 631/767/547
f 425/433/547 631/767/547 426/434/547
f 426/434/548 631/767/548 633/769/548
f 426/434/549 633/769/549 422/430/549
f 342/349/550 632/768/550 445/453/550
f 445/453/551 632/768/551 631/767/551
f 445/453/552 631/767/552 443/451/552
f 443/451/552 631/767/552 630/766/552
f 443/451/552 630/766/552 450/458/552
f 450/458/553 630/766/553 629/765/553
f 450/458/553 629/765/553 448/456/553
f 634/770/554 416/424/554 420/428/554
f 350/357/555 635/771/555 636/772/555
f 636/772/556 635/771/556 637/773/556
f 636/408/557 637/408/557 634/408/557
f 632/768/558 342/349/558 344/351/558
f 350/357/559 636/772/559 348/355/559
f 348/355/560 636/772/560 638/774/560
f 348/355/561 638/774/561 346/353/561
f 346/353/562 638/774/562 639/775/562
f 346/353/563 639/775/563 344/351/563
f 344/351/564 639/775/564 633/769/564
f 344/351/565 633/769/565 632/768/565
f 634/770/566 420/428/566 636/772/566
f 636/772/567 420/428/567 419/427/567
f 636/772/568 419/427/568 638/774/568
f 638/774/569 419/427/569 423/431/569
f 638/774/570 423/431/570 639/775/570
f 639/775/571 423/431/571 422/430/571
f 639/775/572 422/430/572 633/769/572
f 634/770/573 640/776/573 416/424/573
f 416/424/574 640/776/574 44/46/574
f 350/357/575 351/358/575 635/771/575
f 635/771/576 351/358/576 640/776/576
f 635/771/577 640/776/577 637/773/577
f 637/408/578 640/408/578 634/408/578
f 641/777/579 642/778/579 643/779/579
f 643/779/580 642/778/580 62/64/580
f 371/378/581 644/780/581 372/379/581
f 372/379/582 644/780/582 640/776/582
f 372/379/583 640/776/583 351/358/583
f 369/376/584 645/781/584 371/378/584
f 371/378/585 645/781/585 646/782/585
f 371/378/586 646/782/586 644/780/586
f 369/376/584 367/374/584 645/781/584
f 645/781/587 367/374/587 365/372/587
f 645/781/588 365/372/588 647/783/588
f 647/783/589 365/372/589 363/370/589
f 647/783/590 363/370/590 648/784/590
f 363/370/591 361/368/591 648/784/591
f 648/784/592 361/368/592 359/366/592
f 648/784/593 359/366/593 649/785/593
f 649/785/594 359/366/594 357/364/594
f 649/785/595 357/364/595 650/786/595
f 357/364/596 355/362/596 650/786/596
f 650/786/597 355/362/597 353/360/597
f 650/786/598 353/360/598 651/787/598
f 353/360/599 352/359/599 651/787/599
f 651/787/600 352/359/600 375/382/600
f 651/787/601 375/382/601 643/779/601
f 643/779/602 375/382/602 377/384/602
f 643/779/603 377/384/603 641/777/603
f 641/777/604 377/384/604 263/270/604
f 62/64/605 61/63/605 643/779/605
f 643/779/606 61/63/606 59/61/606
f 643/779/607 59/61/607 651/787/607
f 651/787/608 59/61/608 58/60/608
f 651/787/609 58/60/609 650/786/609
f 650/786/610 58/60/610 42/44/610
f 650/786/611 42/44/611 649/785/611
f 649/785/612 42/44/612 40/42/612
f 649/785/613 40/42/613 648/784/613
f 648/784/614 40/42/614 50/52/614
f 648/784/615 50/52/615 647/783/615
f 647/783/616 50/52/616 49/51/616
f 647/783/617 49/51/617 645/781/617
f 645/781/618 49/51/618 47/49/618
f 645/781/619 47/49/619 646/782/619
f 646/782/620 47/49/620 45/47/620
f 646/782/621 45/47/621 644/780/621
f 644/780/622 45/47/622 44/46/622
f 644/780/623 44/46/623 640/776/623
f 652/788/624 51/53/624 37/39/624
f 652/789/625 37/790/625 340/791/625
f 340/347/626 37/39/626 36/38/626
f 340/347/627 36/38/627 338/345/627
f 63/65/628 263/270/628 265/272/628
f 641/792/629 263/793/629 642/794/629
f 642/794/630 263/793/630 63/795/630
f 642/778/631 63/65/631 62/64/631
f 267/274/632 65/67/632 265/272/632
f 265/272/633 65/67/633 64/66/633
f 265/272/634 64/66/634 63/65/634
f 267/274/632 269/276/632 65/67/632
f 65/67/635 269/276/635 271/278/635
f 65/67/636 271/278/636 66/68/636
f 66/68/637 271/278/637 273/280/637
f 66/68/638 273/280/638 67/69/638
f 67/69/639 273/280/639 275/282/639
f 67/69/640 275/282/640 68/70/640
f 68/70/641 275/282/641 277/284/641
f 277/284/642 279/286/642 68/70/642
f 68/70/643 279/286/643 281/288/643
f 68/70/644 281/288/644 69/71/644
f 69/71/645 281/288/645 283/290/645
f 69/71/646 283/290/646 70/72/646
f 70/72/647 283/290/647 284/291/647
f 70/72/648 284/291/648 71/73/648
f 71/73/649 284/291/649 286/293/649
f 286/293/650 288/295/650 71/73/650
f 71/73/651 288/295/651 290/297/651
f 71/73/652 290/297/652 38/40/652
f 38/40/653 290/297/653 301/308/653
f 38/40/654 301/308/654 80/82/654
f 80/82/655 301/308/655 300/307/655
f 80/82/656 300/307/656 82/84/656
f 82/84/657 300/307/657 298/305/657
f 298/305/658 296/303/658 82/84/658
f 82/84/659 296/303/659 294/301/659
f 82/84/660 294/301/660 83/85/660
f 294/301/661 304/311/661 83/85/661
f 83/85/662 304/311/662 306/313/662
f 83/85/663 306/313/663 81/83/663
f 81/83/664 306/313/664 308/315/664
f 81/83/665 308/315/665 79/81/665
f 79/81/666 308/315/666 309/316/666
f 79/81/667 309/316/667 72/74/667
f 72/74/668 309/316/668 311/318/668
f 311/318/669 314/321/669 72/74/669
f 72/74/670 314/321/670 316/323/670
f 72/74/671 316/323/671 73/75/671
f 73/75/672 316/323/672 318/325/672
f 73/75/673 318/325/673 74/76/673
f 74/76/674 318/325/674 320/327/674
f 74/76/675 320/327/675 75/77/675
f 75/77/676 320/327/676 322/329/676
f 322/329/676 324/331/676 75/77/676
f 75/77/677 324/331/677 326/333/677
f 75/77/678 326/333/678 76/78/678
f 326/333/679 328/335/679 76/78/679
f 76/78/680 328/335/680 330/337/680
f 76/78/681 330/337/681 77/79/681
f 77/79/682 330/337/682 332/339/682
f 77/79/683 332/339/683 78/80/683
f 78/80/684 332/339/684 334/341/684
f 78/80/685 334/341/685 36/38/685
f 36/38/686 334/341/686 336/343/686
f 36/38/687 336/343/687 338/345/687
f 653/796/688 441/449/688 581/705/688
f 25/27/689 653/796/689 654/797/689
f 653/796/688 581/705/688 654/797/688
f 654/797/690 581/705/690 583/707/690
f 654/797/690 583/707/690 655/798/690
f 655/798/691 583/707/691 584/709/691
f 655/798/692 584/709/692 656/799/692
f 656/799/693 584/709/693 578/800/693
f 656/799/693 578/800/693 657/801/693
f 657/801/694 578/800/694 577/802/694
f 657/801/695 577/802/695 658/803/695
f 658/804/696 577/805/696 574/806/696
f 658/804/696 574/806/696 659/807/696
f 659/807/697 574/806/697 572/808/697
f 659/807/697 572/808/697 660/809/697
f 660/809/698 572/808/698 571/691/698
f 660/809/698 571/691/698 661/810/698
f 661/810/699 571/691/699 569/689/699
f 661/810/700 569/689/700 662/811/700
f 662/811/701 569/689/701 567/687/701
f 662/811/701 567/687/701 663/812/701
f 663/812/702 567/687/702 565/685/702
f 663/812/702 565/685/702 664/813/702
f 664/813/703 565/685/703 230/683/703
f 664/813/703 230/683/703 229/814/703
f 25/27/704 654/797/704 23/25/704
f 23/25/705 654/797/705 655/798/705
f 23/25/705 655/798/705 21/23/705
f 21/23/706 655/798/706 656/799/706
f 21/23/706 656/799/706 19/21/706
f 19/21/707 656/799/707 657/801/707
f 19/21/707 657/801/707 17/19/707
f 17/19/708 657/801/708 658/803/708
f 17/19/708 658/803/708 15/17/708
f 15/15/709 658/804/709 659/807/709
f 15/15/709 659/807/709 13/13/709
f 13/13/710 659/807/710 660/809/710
f 13/13/710 660/809/710 11/11/710
f 11/11/711 660/809/711 661/810/711
f 11/11/711 661/810/711 9/9/711
f 9/9/712 661/810/712 662/811/712
f 9/9/712 662/811/712 7/7/712
f 7/7/713 662/811/713 663/812/713
f 7/7/713 663/812/713 5/5/713
f 5/5/714 663/812/714 664/813/714
f 5/5/714 664/813/714 3/3/714
f 3/3/715 664/813/715 229/814/715
f 3/3/715 229/814/715 1/1/715
f 665/815/716 399/406/716 397/404/716
f 666/816/717 30/32/717 29/31/717
f 667/817/718 385/392/718 668/818/718
f 668/818/719 385/392/719 383/390/719
f 668/818/720 383/390/720 666/816/720
f 395/402/721 393/400/721 669/819/721
f 669/819/722 393/400/722 391/398/722
f 669/819/723 391/398/723 670/820/723
f 670/820/724 391/398/724 389/396/724
f 670/820/725 389/396/725 667/817/725
f 667/817/726 389/396/726 387/394/726
f 667/817/727 387/394/727 385/392/727
f 395/402/721 669/819/721 397/404/721
f 397/404/728 669/819/728 671/821/728
f 397/404/729 671/821/729 665/815/729
f 666/816/730 29/31/730 668/818/730
f 668/818/731 29/31/731 27/29/731
f 668/818/732 27/29/732 667/817/732
f 667/817/733 27/29/733 35/37/733
f 667/817/734 35/37/734 670/820/734
f 670/820/735 35/37/735 34/36/735
f 670/820/736 34/36/736 669/819/736
f 669/819/737 34/36/737 32/34/737
f 669/819/738 32/34/738 671/821/738
f 671/821/739 32/34/739 57/59/739
f 671/821/740 57/59/740 665/815/740
f 665/815/741 57/59/741 56/58/741
f 665/815/742 56/58/742 672/822/742
f 672/822/743 56/58/743 54/56/743
f 672/822/744 54/56/744 673/823/744
f 673/823/745 54/56/745 52/54/745
f 673/823/746 52/54/746 674/824/746
f 380/387/747 408/416/747 674/824/747
f 674/824/748 408/416/748 407/415/748
f 674/824/749 407/415/749 673/823/749
f 673/823/750 407/415/750 405/413/750
f 673/823/751 405/413/751 672/822/751
f 672/822/752 405/413/752 403/411/752
f 672/822/753 403/411/753 665/815/753
f 665/815/754 403/411/754 401/409/754
f 665/408/755 401/408/755 399/408/755
f 340/347/756 380/387/756 652/788/756
f 652/788/757 380/387/757 674/824/757
f 652/788/758 674/824/758 51/53/758
f 51/53/759 674/824/759 52/54/759
f 653/796/760 25/27/760 675/825/760
f 675/825/761 25/27/761 84/86/761
f 653/796/762 675/825/762 441/449/762
f 441/449/763 675/825/763 676/826/763
f 441/449/764 676/826/764 435/443/764
f 97/99/765 30/32/765 677/827/765
f 677/827/766 30/32/766 666/816/766
f 677/408/767 666/408/767 678/408/767
f 678/828/768 666/816/768 383/390/768
f 678/828/769 383/390/769 382/389/769
f 676/826/770 679/829/770 435/443/770
f 435/443/770 679/829/770 437/445/770
f 680/830/771 432/440/771 679/829/771
f 679/829/771 432/440/771 433/441/771
f 679/829/771 433/441/771 437/445/771
f 410/418/772 432/440/772 681/831/772
f 681/831/773 432/440/773 680/830/773
f 681/831/774 680/830/774 682/832/774
f 89/91/775 91/93/775 682/832/775
f 675/825/776 84/86/776 87/89/776
f 682/832/777 680/830/777 89/91/777
f 89/91/778 680/830/778 679/829/778
f 89/91/778 679/829/778 87/89/778
f 87/89/776 679/829/776 676/826/776
f 87/89/779 676/826/779 675/825/779
f 677/408/780 678/408/780 683/408/780
f 412/420/781 410/418/781 681/831/781
f 678/828/782 382/389/782 415/423/782
f 677/827/783 683/833/783 97/99/783
f 678/828/784 415/423/784 683/833/784
f 683/833/785 415/423/785 414/422/785
f 683/833/786 414/422/786 684/834/786
f 684/834/787 414/422/787 412/420/787
f 684/834/788 412/420/788 685/835/788
f 685/835/789 412/420/789 681/831/789
f 685/835/790 681/831/790 682/832/790
f 97/99/791 683/833/791 96/98/791
f 96/98/792 683/833/792 684/834/792
f 96/98/793 684/834/793 94/96/793
f 94/96/794 684/834/794 685/835/794
f 94/96/795 685/835/795 93/95/795
f 93/95/796 685/835/796 682/832/796
f 93/95/797 682/832/797 91/93/797
f 231/836/798 237/837/798 564/838/798
f 232/839/799 231/836/799 686/840/799
f 219/744/800 218/841/800 686/840/800
f 218/841/801 235/842/801 686/840/801
f 686/840/802 235/842/802 233/843/802
f 686/840/803 233/843/803 232/839/803
f 231/836/804 564/838/804 686/840/804
f 686/840/805 564/838/805 566/844/805
f 686/840/806 566/844/806 687/845/806
f 566/844/807 568/846/807 687/845/807
f 687/845/808 568/846/808 570/692/808
f 687/845/809 570/692/809 688/847/809
f 570/692/810 573/695/810 688/847/810
f 688/847/811 573/695/811 575/697/811
f 688/847/812 575/697/812 689/848/812
f 575/697/813 576/698/813 689/848/813
f 689/848/814 576/698/814 579/849/814
f 689/848/815 579/849/815 690/850/815
f 440/851/816 691/852/816 582/853/816
f 582/853/817 691/852/817 690/850/817
f 582/853/818 690/850/818 580/854/818
f 580/854/819 690/850/819 579/849/819
f 219/744/820 686/840/820 611/745/820
f 611/745/821 686/840/821 687/845/821
f 611/745/822 687/845/822 612/746/822
f 612/746/823 687/845/823 688/847/823
f 612/746/824 688/847/824 613/747/824
f 613/747/825 688/847/825 689/848/825
f 613/747/826 689/848/826 614/748/826
f 614/748/827 689/848/827 690/850/827
f 614/748/828 690/850/828 615/749/828
f 615/749/829 690/850/829 691/852/829
f 615/749/830 691/852/830 553/663/830
f 691/852/831 440/851/831 442/855/831
f 550/657/832 551/659/832 692/856/832
f 692/856/832 551/659/832 552/661/832
f 692/856/832 552/661/832 691/852/832
f 691/852/832 552/661/832 553/663/832
f 691/852/831 442/855/831 692/856/831
f 692/856/831 442/855/831 434/857/831
f 692/856/831 434/857/831 693/858/831
f 546/648/832 547/651/832 693/858/832
f 693/858/832 547/651/832 548/654/832
f 693/858/832 548/654/832 692/856/832
f 692/856/832 548/654/832 549/656/832
f 692/856/832 549/656/832 550/657/832
f 546/648/833 693/858/833 694/859/833
f 695/860/834 539/635/834 538/634/834
f 695/860/835 538/634/835 696/861/835
f 696/861/836 538/634/836 697/862/836
f 696/861/837 697/862/837 698/863/837
f 699/864/838 700/865/838 697/862/838
f 699/864/839 697/862/839 701/866/839
f 431/439/840 430/438/840 701/867/840
f 700/865/841 702/868/841 697/862/841
f 697/862/837 702/868/837 703/869/837
f 697/408/842 703/408/842 698/408/842
f 701/866/843 697/862/843 431/870/843
f 431/870/844 697/862/844 704/871/844
f 431/870/844 704/871/844 439/872/844
f 538/634/845 542/640/845 697/862/845
f 697/862/846 542/640/846 543/642/846
f 697/862/847 543/642/847 704/871/847
f 704/871/848 543/642/848 544/644/848
f 704/871/848 544/644/848 694/859/848
f 694/859/849 544/644/849 545/646/849
f 694/859/833 545/646/833 546/648/833
f 439/872/850 704/871/850 438/873/850
f 438/873/851 704/871/851 694/859/851
f 438/873/851 694/859/851 436/874/851
f 436/874/852 694/859/852 693/858/852
f 436/874/852 693/858/852 434/857/852
f 699/864/853 701/866/853 411/875/853
f 411/419/854 701/867/854 430/438/854
f 411/408/855 430/408/855 409/408/856
f 699/864/857 705/876/857 700/865/857
f 700/865/858 705/876/858 706/877/858
f 700/878/859 706/879/859 702/880/859
f 702/868/860 706/877/860 703/869/860
f 695/881/861 696/882/861 706/883/861
f 706/877/862 696/861/862 698/863/862
f 706/408/863 698/408/864 703/408/864
f 413/884/865 384/885/865 707/886/865
f 699/864/866 411/875/866 705/876/866
f 705/876/867 411/875/867 413/884/867
f 705/876/868 413/884/868 708/887/868
f 708/887/869 413/884/869 707/886/869
f 708/408/870 707/408/43 709/408/870
f 539/408/871 695/408/871 540/408/871
f 540/636/872 695/860/872 706/877/872
f 540/636/873 706/877/873 541/637/873
f 541/637/874 706/877/874 705/876/874
f 541/637/875 705/876/875 536/632/875
f 536/632/876 705/876/876 708/887/876
f 536/632/877 708/887/877 537/633/877
f 537/633/878 708/887/878 709/886/878
f 537/633/879 709/886/879 533/627/879
f 710/888/880 341/348/880 711/889/880
f 711/889/881 341/348/881 712/890/881
f 711/408/882 712/408/882 713/408/882
f 707/886/883 384/885/883 386/891/883
f 707/408/884 386/408/884 709/408/43
f 533/627/885 709/886/885 534/629/885
f 534/629/886 709/886/886 714/892/886
f 534/629/887 714/892/887 535/630/887
f 535/630/888 714/892/888 529/617/888
f 709/886/889 386/891/889 714/892/889
f 714/892/890 386/891/890 388/893/890
f 714/892/891 388/893/891 715/894/891
f 529/617/888 714/892/888 530/619/888
f 530/619/892 714/892/892 715/894/892
f 530/619/893 715/894/893 531/621/893
f 531/621/894 715/894/894 716/895/894
f 531/621/895 716/895/895 532/623/895
f 388/893/896 390/896/896 715/894/896
f 715/894/897 390/896/897 392/897/897
f 715/894/898 392/897/898 716/895/898
f 716/898/899 392/399/899 394/401/899
f 716/898/900 394/401/900 717/899/900
f 521/597/901 527/609/901 718/900/901
f 718/900/902 527/609/902 526/607/902
f 718/900/903 526/607/903 717/901/903
f 717/901/904 526/607/904 525/606/904
f 717/901/905 525/606/905 716/895/905
f 716/895/906 525/606/906 528/614/906
f 716/895/907 528/614/907 532/623/907
f 394/401/908 396/403/908 717/899/908
f 717/899/909 396/403/909 398/405/909
f 717/899/910 398/405/910 718/902/910
f 718/902/911 398/405/911 400/407/911
f 718/902/912 400/407/912 719/903/912
f 400/407/913 402/410/913 719/903/913
f 719/903/914 402/410/914 404/412/914
f 719/903/915 404/412/915 720/904/915
f 404/412/916 406/414/916 720/904/916
f 720/904/917 406/414/917 379/386/917
f 720/904/918 379/386/918 710/888/918
f 710/888/919 379/386/919 381/388/919
f 710/888/920 381/388/920 341/348/920
f 521/597/901 718/900/901 522/598/901
f 522/598/921 718/900/921 719/905/921
f 522/598/922 719/905/922 524/603/922
f 524/603/923 719/905/923 720/906/923
f 524/603/924 720/906/924 523/601/924
f 523/601/925 720/906/925 710/907/925
f 523/601/926 710/907/926 518/593/926
f 518/593/927 710/907/927 519/594/927
f 519/594/928 710/907/928 711/908/928
f 519/594/929 711/908/929 520/595/929
f 520/909/930 711/910/930 713/911/930
f 520/595/931 713/912/931 497/551/931
f 721/913/932 511/581/932 510/579/932
f 713/914/933 712/915/933 722/916/933
f 274/281/934 723/917/934 724/918/934
f 272/279/935 270/277/935 725/919/935
f 726/408/936 727/408/936 728/408/936
f 727/920/937 726/921/937 264/271/937
f 264/271/938 726/921/938 729/922/938
f 264/271/939 729/922/939 266/273/939
f 725/919/940 270/277/940 729/922/940
f 729/922/941 270/277/941 268/275/941
f 729/922/941 268/275/941 266/273/941
f 282/289/942 280/287/942 730/923/942
f 730/923/943 280/287/943 278/285/943
f 730/923/944 278/285/944 724/918/944
f 724/918/945 278/285/945 276/283/945
f 724/918/946 276/283/946 274/281/946
f 289/924/947 287/925/947 731/926/947
f 731/926/948 287/925/948 285/927/948
f 731/928/949 285/292/949 282/289/949
f 292/929/950 732/930/950 299/931/950
f 299/931/951 732/930/951 733/932/951
f 299/931/952 733/932/952 297/933/952
f 297/933/953 733/932/953 734/934/953
f 297/933/954 734/934/954 295/935/954
f 303/936/955 302/937/955 735/938/955
f 735/938/956 302/937/956 293/939/956
f 735/938/957 293/939/957 736/940/957
f 303/936/955 735/938/955 305/941/955
f 305/941/958 735/938/958 737/942/958
f 305/941/959 737/942/959 307/943/959
f 307/943/960 737/942/960 738/944/960
f 307/943/961 738/944/961 310/945/961
f 313/946/962 312/947/962 721/913/962
f 721/913/963 312/947/963 310/945/963
f 739/948/964 315/949/964 313/946/964
f 315/949/965 739/948/965 317/950/965
f 317/950/966 739/948/966 740/951/966
f 317/950/967 740/951/967 319/952/967
f 319/952/968 740/951/968 741/953/968
f 319/952/969 741/953/969 321/954/969
f 321/954/970 741/953/970 323/955/970
f 323/955/971 741/953/971 742/956/971
f 323/955/972 742/956/972 325/957/972
f 325/957/973 742/956/973 327/958/973
f 327/958/974 742/956/974 743/959/974
f 327/958/975 743/959/975 329/960/975
f 329/960/976 743/959/976 744/961/976
f 329/960/977 744/961/977 331/962/977
f 331/338/978 744/963/978 333/340/978
f 333/340/979 744/963/979 745/964/979
f 333/965/980 745/966/980 335/967/980
f 335/342/981 745/964/981 337/344/981
f 337/344/982 745/964/982 722/968/982
f 337/344/983 722/968/983 339/346/983
f 339/346/984 722/968/984 712/890/984
f 339/346/985 712/890/985 341/348/985
f 497/551/986 713/912/986 498/553/986
f 498/969/987 713/970/987 722/971/987
f 498/553/988 722/972/988 499/555/988
f 499/558/989 722/973/989 745/974/989
f 499/558/990 745/974/990 500/559/990
f 500/559/991 745/974/991 501/561/991
f 501/561/991 745/974/991 502/563/991
f 502/563/992 745/974/992 744/961/992
f 502/563/993 744/961/993 503/565/993
f 503/565/994 744/961/994 743/959/994
f 503/565/995 743/959/995 504/567/995
f 504/567/996 743/959/996 742/956/996
f 504/567/997 742/956/997 505/569/997
f 505/569/998 742/956/998 506/571/998
f 506/571/999 742/956/999 741/953/999
f 506/571/1000 741/953/1000 507/573/1000
f 507/573/1001 741/953/1001 740/951/1001
f 507/573/1002 740/951/1002 508/575/1002
f 313/946/1003 721/913/1003 739/948/1003
f 739/948/1004 721/913/1004 510/579/1004
f 739/948/1005 510/579/1005 740/951/1005
f 740/951/1006 510/579/1006 509/577/1006
f 740/951/1007 509/577/1007 508/575/1007
f 310/945/1008 738/944/1008 721/913/1008
f 721/913/1009 738/944/1009 512/583/1009
f 721/913/1010 512/583/1010 511/581/1010
f 483/519/1011 517/592/1011 736/940/1011
f 736/940/1012 517/592/1012 516/591/1012
f 736/940/1013 516/591/1013 735/938/1013
f 735/938/1014 516/591/1014 515/589/1014
f 735/938/1015 515/589/1015 737/942/1015
f 737/942/1016 515/589/1016 514/587/1016
f 737/942/1017 514/587/1017 738/944/1017
f 738/944/1018 514/587/1018 513/585/1018
f 738/944/1019 513/585/1019 512/583/1019
f 484/521/1020 483/519/1020 734/934/1020
f 734/934/1021 483/519/1021 736/940/1021
f 734/934/1022 736/940/1022 295/935/1022
f 295/935/1023 736/940/1023 293/939/1023
f 484/521/1024 734/934/1024 485/523/1024
f 485/523/1025 734/934/1025 733/932/1025
f 485/523/1026 733/932/1026 486/525/1026
f 486/525/1027 733/932/1027 732/930/1027
f 486/525/1028 732/930/1028 487/527/1028
f 746/975/1029 489/531/1029 732/930/1029
f 732/930/1030 489/531/1030 488/529/1030
f 732/930/1030 488/529/1030 487/527/1030
f 490/533/1031 489/531/1031 731/926/1031
f 731/926/1032 489/531/1032 746/975/1032
f 731/926/1033 746/975/1033 289/924/1033
f 289/924/1034 746/975/1034 732/930/1034
f 289/924/1035 732/930/1035 291/976/1035
f 291/976/1036 732/930/1036 292/929/1036
f 282/289/1037 730/923/1037 731/928/1037
f 731/926/1038 730/977/1038 491/535/1038
f 731/926/1039 491/535/1039 490/533/1039
f 496/978/1040 495/543/1040 723/979/1040
f 723/979/1041 495/543/1041 494/541/1041
f 723/979/1042 494/541/1042 724/980/1042
f 724/980/1043 494/541/1043 493/539/1043
f 724/980/1044 493/539/1044 730/977/1044
f 730/977/1045 493/539/1045 492/537/1045
f 730/977/1046 492/537/1046 491/535/1046
f 456/464/1047 496/547/1047 725/981/1047
f 725/982/1048 496/978/1048 723/979/1048
f 725/919/1049 723/917/1049 272/279/1049
f 272/279/1050 723/917/1050 274/281/1050
f 456/464/1051 725/981/1051 457/465/1051
f 457/465/1052 725/981/1052 729/983/1052
f 457/465/1053 729/983/1053 481/516/1053
f 481/516/1054 729/983/1054 726/984/1054
f 481/516/1055 726/984/1055 482/517/1055
f 482/517/1056 726/984/1056 728/985/1056
f 482/517/1057 728/985/1057 458/467/1057
f 747/986/1058 467/481/1058 748/987/1058
f 748/987/1059 467/481/1059 466/480/1059
f 747/408/1060 748/408/1060 749/408/43
f 749/988/1061 748/987/1061 370/989/1061
f 749/988/1062 370/989/1062 349/990/1062
f 727/920/1063 264/271/1063 378/385/1063
f 727/920/1064 378/385/1064 728/991/1064
f 458/467/1065 728/985/1065 459/468/1065
f 459/468/1066 728/985/1066 750/992/1066
f 459/468/1067 750/992/1067 480/512/1067
f 378/385/1068 376/383/1068 751/993/1068
f 728/991/1069 378/385/1069 750/994/1069
f 750/994/1070 378/385/1070 751/993/1070
f 750/992/1071 751/995/1071 480/512/1071
f 476/504/1072 477/506/1072 752/996/1072
f 752/996/1073 477/506/1073 478/508/1073
f 752/996/1074 478/508/1074 751/995/1074
f 751/995/1075 478/508/1075 479/510/1075
f 751/995/1076 479/510/1076 480/512/1076
f 376/383/1068 374/381/1068 751/993/1068
f 751/993/1077 374/381/1077 373/380/1077
f 751/993/1078 373/380/1078 752/997/1078
f 752/997/1079 373/380/1079 753/998/1079
f 752/996/1080 753/999/1080 476/504/1080
f 373/380/1081 354/361/1081 753/998/1081
f 753/998/1081 354/361/1081 356/363/1081
f 753/998/1082 356/363/1082 754/1000/1082
f 754/1000/1083 356/363/1083 358/365/1083
f 473/496/1084 475/501/1084 755/1001/1084
f 755/1001/1085 475/501/1085 474/500/1085
f 755/1001/1086 474/500/1086 754/1002/1086
f 754/1002/1087 474/500/1087 461/471/1087
f 754/1002/1088 461/471/1088 753/999/1088
f 753/999/1089 461/471/1089 460/470/1089
f 753/999/1090 460/470/1090 476/504/1090
f 473/496/1084 755/1001/1084 472/493/1084
f 472/493/1091 755/1001/1091 756/1003/1091
f 472/493/1092 756/1003/1092 471/491/1092
f 358/365/1083 360/367/1083 754/1000/1083
f 754/1000/1093 360/367/1093 362/369/1093
f 754/1002/1094 362/1004/1094 755/1001/1094
f 755/1001/1095 362/1004/1095 364/1005/1095
f 755/1001/1096 364/1005/1096 756/1003/1096
f 756/1003/1097 364/1005/1097 366/1006/1097
f 756/1003/1098 366/1006/1098 748/987/1098
f 748/987/1099 366/1006/1099 368/1007/1099
f 748/987/1099 368/1007/1099 370/989/1099
f 466/480/1100 468/483/1100 748/987/1100
f 748/987/1101 468/483/1101 470/488/1101
f 748/987/1102 470/488/1102 756/1003/1102
f 756/1003/1103 470/488/1103 469/487/1103
f 756/1003/1104 469/487/1104 471/491/1104
f 747/408/43 749/408/1105 757/408/1106
f 758/408/1107 465/408/1107 464/408/1107
f 759/1008/1108 760/1009/1108 761/1010/1108
f 761/1011/1109 760/1012/1109 758/1013/1109
f 762/1014/1110 763/1015/1110 761/1016/1110
f 761/1010/1111 763/1017/1111 764/1018/1111
f 761/408/1112 764/408/1113 759/408/1113
f 343/350/1114 447/455/1114 345/352/1114
f 345/352/1115 447/455/1115 765/1019/1115
f 345/1020/1116 765/1021/1116 766/1022/1116
f 762/408/1117 761/408/1117 766/408/1117
f 766/1022/1118 761/1010/1118 767/1023/1118
f 766/1022/1119 767/1023/1119 345/1020/1119
f 345/1020/1120 767/1023/1120 757/1024/1120
f 345/1020/1121 757/1024/1121 347/1025/1121
f 347/1025/1122 757/1024/1122 749/988/1122
f 347/1025/1123 749/988/1123 349/990/1123
f 758/1026/1124 464/476/1124 761/1010/1124
f 761/1010/1125 464/476/1125 463/475/1125
f 761/1010/1126 463/475/1126 767/1023/1126
f 767/1023/1127 463/475/1127 462/474/1127
f 767/1023/1128 462/474/1128 757/1024/1128
f 757/1024/1129 462/474/1129 467/481/1129
f 757/1024/1130 467/481/1130 747/986/1130
f 449/1027/1131 768/1028/1131 769/1029/1131
f 765/1019/1132 447/455/1132 446/454/1132
f 759/1008/1133 764/1018/1134 770/1030/1134
f 770/1030/1135 764/1018/1135 763/1017/1135
f 763/1017/1136 762/1031/1136 770/1030/1136
f 770/1030/1137 762/1031/1137 766/1022/1137
f 770/1030/1138 766/1022/1138 765/1021/1138
f 554/664/1139 465/477/1139 758/1026/1139
f 758/1026/1140 760/1009/1140 554/664/1140
f 554/664/1141 760/1009/1141 759/1008/1141
f 554/664/1142 759/1008/1142 555/665/1142
f 555/665/1143 759/1008/1143 770/1030/1143
f 555/665/1144 770/1030/1144 556/667/1144
f 556/667/1145 770/1030/1145 771/1032/1145
f 556/667/1145 771/1032/1145 557/670/1145
f 557/670/1146 771/1032/1146 769/1029/1146
f 557/670/1147 769/1029/1147 558/672/1147
f 765/1021/1148 446/1033/1148 770/1030/1148
f 770/1030/1149 446/1033/1149 444/1034/1149
f 770/1030/1150 444/1034/1150 771/1032/1150
f 771/1032/1151 444/1034/1151 452/1035/1151
f 771/1032/1152 452/1035/1152 769/1029/1152
f 769/1029/1152 452/1035/1152 451/1036/1152
f 769/1029/1131 451/1036/1131 449/1027/1131
f 558/672/1153 769/1029/1153 559/674/1153
f 559/674/1154 769/1029/1154 768/1028/1154
f 559/674/1154 768/1028/1154 560/676/1154
f 563/681/1155 560/676/1155 768/1028/1155
f 453/1037/1156 455/1038/1156 772/1039/1156
f 772/1039/1156 455/1038/1156 773/1040/1156
f 772/1039/1155 773/1040/1155 562/680/1155
f 562/680/1155 773/1040/1155 561/678/1155
f 449/1027/1156 453/1037/1156 768/1028/1156
f 768/1028/1156 453/1037/1156 772/1039/1156
f 768/1028/1155 772/1039/1155 563/681/1155
f 563/681/1155 772/1039/1155 562/680/1155
f 197/1041/1157 214/1042/1157 774/1043/1157
f 236/735/1158 224/1044/1158 602/732/1158
f 602/1045/1159 224/1046/1159 223/1047/1159
f 602/732/1160 223/1048/1160 774/1049/1160
f 774/1043/1161 223/1050/1161 198/1051/1161
f 774/1043/1162 198/1051/1162 197/1041/1162
f 773/1040/1163 455/1038/1163 585/1052/1163
f 561/678/1164 773/1040/1164 775/1053/1164
f 773/1040/1165 585/1052/1165 775/1053/1165
f 775/1053/1166 585/1052/1166 587/1054/1166
f 775/1053/1167 587/1054/1167 776/1055/1167
f 587/1054/1168 589/1056/1168 776/1055/1168
f 776/1055/1169 589/1056/1169 591/1057/1169
f 776/1055/1170 591/1057/1170 777/1058/1170
f 591/1057/1171 594/1059/1171 777/1058/1171
f 777/1058/1172 594/1059/1172 596/1060/1172
f 777/1058/1173 596/1060/1173 778/1061/1173
f 596/1060/1174 599/1062/1174 778/1061/1174
f 778/1063/1175 599/729/1175 598/728/1175
f 778/1063/1176 598/728/1176 774/1049/1176
f 774/1049/1177 598/728/1177 603/733/1177
f 774/1049/1178 603/733/1178 602/732/1178
f 561/678/1179 775/1053/1179 607/740/1179
f 607/740/1180 775/1053/1180 776/1055/1180
f 607/740/1181 776/1055/1181 609/742/1181
f 609/742/1182 776/1055/1182 777/1058/1182
f 609/742/1183 777/1058/1183 610/743/1183
f 610/743/1184 777/1058/1184 778/1061/1184
f 610/743/1185 778/1061/1185 608/741/1185
f 608/741/1186 778/1061/1186 774/1043/1186
f 608/741/1187 774/1043/1187 606/738/1187
f 606/738/1188 774/1043/1188 214/1042/1188
f 606/738/1189 214/1042/1189 213/739/1189
f 779/1064/1190 780/1065/1190 781/1066/1190
f 781/1066/1191 780/1065/1191 782/1067/1191
f 781/1066/1192 782/1067/1192 783/1068/1192
f 783/1068/1193 782/1067/1193 784/1069/1193
f 785/1070/1194 786/1071/1194 787/1072/1194
f 785/1070/1195 787/1072/1195 788/1073/1195
f 788/1073/1196 787/1072/1196 789/1074/1196
f 788/1073/1197 789/1074/1197 790/1075/1197
f 790/1075/1198 789/1074/1198 791/1076/1198
f 790/1075/1199 791/1076/1199 792/1077/1199
f 792/1077/1200 791/1076/1200 793/1078/1200
f 792/1077/1201 793/1078/1201 794/1079/1201
f 794/1079/1202 793/1078/1202 795/1080/1202
f 794/1079/1203 795/1080/1203 784/1069/1203
f 784/1069/1204 795/1080/1204 796/1081/1204
f 784/1069/1205 796/1081/1205 783/1068/1205
f 797/1082/1206 798/1083/1206 799/1084/1206
f 800/1085/1207 801/1086/1207 802/1087/1207
f 803/1088/1208 804/1089/1208 805/1090/1208
f 805/1090/1209 806/1091/1209 803/1088/1209
f 803/1088/1210 806/1091/1210 807/1092/1210
f 803/1088/1211 807/1092/1211 808/1093/1211
f 808/1093/1212 807/1092/1212 809/1094/1212
f 808/1093/1213 809/1094/1213 810/1095/1213
f 810/1095/1214 809/1094/1214 811/1096/1214
f 810/1095/1215 811/1096/1215 812/1097/1215
f 800/1085/1216 802/1087/1216 812/1097/1216
f 812/1097/1217 802/1087/1217 813/1098/1217
f 812/1097/1218 813/1098/1218 810/1095/1218
f 797/1082/1219 799/1084/1219 801/1086/1219
f 801/1086/1220 799/1084/1220 814/1099/1220
f 801/1086/1221 814/1099/1221 802/1087/1221
f 205/1100/1222 815/1101/1222 215/1102/1222
f 215/1102/1222 815/1101/1222 816/1103/1222
f 215/1102/1222 816/1103/1222 817/1104/1222
f 818/1105/1222 780/1065/1222 819/1106/1222
f 819/1106/1222 780/1065/1222 779/1064/1222
f 820/1107/1223 821/1108/1223 779/1064/1223
f 779/1064/1224 821/1108/1224 822/1109/1224
f 779/1064/1224 822/1109/1224 819/1106/1224
f 823/1110/1224 824/1111/1224 816/1103/1224
f 816/1103/1222 824/1111/1222 825/1112/1222
f 816/1103/1222 825/1112/1222 817/1104/1222
f 818/1105/1222 819/1106/1222 816/1103/1222
f 816/1103/1224 819/1106/1224 826/1113/1224
f 816/1103/1222 826/1113/1222 823/1110/1222
f 827/1114/1225 207/1115/1225 210/1116/1225
f 828/1117/1226 829/1118/1226 805/1090/1226
f 805/1090/1225 829/1118/1225 830/1119/1225
f 805/1090/1227 830/1119/1227 831/1120/1227
f 832/1121/1225 833/1122/1225 210/1116/1225
f 210/1116/1225 833/1122/1225 828/1117/1225
f 827/1114/1225 210/1116/1225 834/1123/1225
f 834/1123/1225 210/1116/1225 828/1117/1225
f 834/1123/1225 828/1117/1225 835/1124/1225
f 835/1124/1225 828/1117/1225 805/1090/1225
f 835/1124/1225 805/1090/1225 804/1089/1225
f 832/1121/1225 836/1125/1225 833/1122/1225
f 833/1122/1226 836/1125/1226 837/1126/1226
f 833/1122/1226 837/1126/1226 838/1127/1226
f 839/1128/43 840/1129/43 841/1130/43
f 842/1131/43 843/1132/43 844/1133/43
f 844/1133/43 843/1132/43 845/1134/43
f 844/1133/43 845/1134/43 846/1135/43
f 841/1130/43 847/1136/43 848/1137/43
f 849/1138/43 850/1139/43 845/1134/43
f 845/1134/43 850/1139/43 851/1140/43
f 845/1134/43 851/1140/43 846/1135/43
f 852/1141/43 853/1142/43 845/1134/43
f 845/1134/43 853/1142/43 854/1143/43
f 845/1134/43 854/1143/43 849/1138/43
f 847/1136/43 841/1130/43 855/1144/43
f 855/1144/43 841/1130/43 856/1145/43
f 855/1144/43 856/1145/43 845/1134/43
f 845/1134/43 856/1145/43 857/1146/43
f 845/1134/43 857/1146/43 852/1141/43
f 848/1137/43 858/1147/43 841/1130/43
f 841/1130/43 858/1147/43 859/1148/43
f 841/1130/43 859/1148/43 860/1149/43
f 860/1149/43 861/1150/43 841/1130/43
f 841/1130/43 861/1150/43 862/1151/43
f 841/1130/43 862/1151/43 839/1128/43
f 863/1152/1228 818/1153/1228 816/1154/1228
f 205/1155/1229 207/1156/1229 827/1157/1229
f 834/1158/1230 835/1159/1230 864/1160/1230
f 840/1161/1231 865/1162/1231 816/1154/1231
f 816/1154/1232 865/1162/1232 866/1163/1232
f 816/1154/1233 866/1163/1233 863/1152/1233
f 864/1160/1234 867/1164/1234 834/1158/1234
f 834/1158/1235 867/1164/1235 868/1165/1235
f 834/1158/1236 868/1165/1236 841/1166/1236
f 205/1155/1229 827/1157/1229 815/1167/1229
f 815/1167/1237 827/1157/1237 834/1158/1237
f 815/1167/1237 834/1158/1237 816/1154/1237
f 816/1154/1238 834/1158/1238 841/1166/1238
f 816/1154/1238 841/1166/1238 840/1161/1238
f 843/1132/1239 842/1131/1239 869/1168/1239
f 869/1168/1239 842/1131/1239 870/1169/1239
f 869/1168/1240 870/1169/1240 871/1170/1240
f 871/1170/1241 870/1169/1241 53/55/1241
f 53/55/1240 870/1169/1240 872/1171/1240
f 53/55/24 872/1171/24 60/62/24
f 873/1172/1242 874/1173/1242 875/1174/1242
f 200/1175/1243 121/125/1243 119/123/1243
f 876/1176/1244 222/1177/1244 201/1178/1244
f 877/1179/1245 199/1180/1245 221/1181/1245
f 832/1121/1246 210/1116/1246 212/1182/1246
f 874/1173/1247 828/1117/1247 833/1122/1247
f 878/1183/1248 879/1184/1248 880/1185/1248
f 880/1186/1249 879/1187/1249 873/1172/1249
f 101/103/1250 99/101/1250 881/1188/1250
f 881/1188/1251 99/101/1251 882/1189/1251
f 881/1188/1252 882/1189/1252 878/1183/1252
f 101/103/1253 881/1188/1253 103/105/1253
f 103/105/1254 881/1188/1254 883/1190/1254
f 103/105/1255 883/1190/1255 105/107/1255
f 105/107/1256 883/1190/1256 107/109/1256
f 107/109/1257 883/1190/1257 884/1191/1257
f 107/109/1258 884/1191/1258 109/111/1258
f 885/1192/1259 113/117/1259 884/1193/1259
f 884/1193/1260 113/117/1260 111/115/1260
f 884/1193/1260 111/115/1260 109/113/1260
f 874/1173/1261 833/1122/1261 875/1174/1261
f 875/1174/1262 833/1122/1262 838/1127/1262
f 875/1174/1263 838/1127/1263 886/1194/1263
f 886/1194/1264 838/1127/1264 837/1126/1264
f 886/1194/1265 837/1126/1265 887/1195/1265
f 887/1195/1266 837/1126/1266 836/1125/1266
f 887/1195/1267 836/1125/1267 888/1196/1267
f 888/1196/1268 836/1125/1268 832/1121/1268
f 888/1196/1269 832/1121/1269 877/1179/1269
f 877/1179/1270 832/1121/1270 212/1182/1270
f 877/1179/1271 212/1182/1271 199/1180/1271
f 873/1172/1249 875/1174/1249 880/1186/1249
f 880/1186/1272 875/1174/1272 886/1194/1272
f 880/1186/1273 886/1194/1273 889/1197/1273
f 889/1197/1274 886/1194/1274 887/1195/1274
f 889/1197/1275 887/1195/1275 890/1198/1275
f 890/1198/1276 887/1195/1276 888/1196/1276
f 890/1198/1277 888/1196/1277 891/1199/1277
f 891/1199/1278 888/1196/1278 877/1179/1278
f 891/1199/1279 877/1179/1279 876/1200/1279
f 876/1200/1280 877/1179/1280 221/1181/1280
f 876/1200/1281 221/1181/1281 222/1201/1281
f 878/1183/1282 880/1185/1282 881/1188/1282
f 881/1188/1283 880/1185/1283 889/1202/1283
f 881/1188/1284 889/1202/1284 883/1190/1284
f 883/1190/1285 889/1202/1285 890/1203/1285
f 883/1190/1286 890/1203/1286 884/1191/1286
f 884/1193/1287 890/1204/1287 891/1205/1287
f 884/1193/1288 891/1205/1288 885/1192/1288
f 885/1192/1289 891/1205/1289 876/1176/1289
f 885/1192/1290 876/1176/1290 892/1206/1290
f 892/1206/1291 876/1176/1291 201/1178/1291
f 892/1206/1292 201/1178/1292 200/1175/1292
f 200/1175/1293 119/123/1293 892/1206/1293
f 892/1206/1294 119/123/1294 117/121/1294
f 892/1206/1295 117/121/1295 885/1192/1295
f 885/1192/1296 117/121/1296 115/119/1296
f 885/1192/1296 115/119/1296 113/117/1296
f 882/1189/1297 99/101/1297 428/436/1297
f 882/1189/1298 428/436/1298 878/1183/1298
f 878/1183/1299 428/436/1299 893/1207/1299
f 878/1183/1300 893/1207/1300 879/1184/1300
f 879/1187/1301 893/1208/1301 894/1209/1301
f 879/1187/1302 894/1209/1302 873/1172/1302
f 873/1172/1303 894/1209/1303 874/1173/1303
f 874/1173/1304 894/1209/1304 829/1118/1304
f 874/1173/1305 829/1118/1305 828/1117/1305
f 895/1210/1306 896/1211/1306 897/1212/1306
f 831/1120/1307 830/1119/1307 898/1213/1307
f 898/1213/1308 830/1119/1308 899/1214/1308
f 898/1213/1309 899/1214/1309 900/1215/1309
f 896/1211/1310 901/1216/1310 897/1212/1310
f 897/1212/1311 901/1216/1311 902/1217/1311
f 897/1218/1312 902/1219/1312 899/1214/1312
f 899/1214/1309 902/1219/1309 903/1220/1309
f 899/1214/1313 903/1220/1313 900/1215/1313
f 893/1208/1314 897/1218/1314 894/1209/1314
f 894/1209/1315 897/1218/1315 899/1214/1315
f 894/1209/1316 899/1214/1316 829/1118/1316
f 829/1118/1317 899/1214/1317 830/1119/1317
f 418/426/1318 904/1221/1318 421/429/1318
f 421/429/1319 904/1221/1319 895/1210/1319
f 421/429/1320 895/1210/1320 424/432/1320
f 424/432/1321 895/1210/1321 897/1212/1321
f 424/432/1322 897/1212/1322 427/435/1322
f 427/435/1323 897/1212/1323 893/1207/1323
f 427/435/1324 893/1207/1324 428/436/1324
f 905/1222/1325 906/1223/1325 907/1224/1325
f 908/1225/1326 909/1226/1326 910/1227/1326
f 910/1227/1327 909/1226/1327 906/1223/1327
f 911/1228/1328 912/1229/1328 908/1230/1328
f 43/45/1329 60/62/1329 913/1231/1329
f 913/1231/1330 914/1232/1330 911/1228/1330
f 911/1228/1331 914/1232/1331 915/1233/1331
f 911/1228/1331 915/1233/1331 912/1229/1331
f 907/1224/1332 916/1234/1332 905/1222/1332
f 905/1222/1332 916/1234/1332 798/1083/1332
f 905/1222/1333 798/1083/1333 917/1235/1333
f 917/1235/1334 798/1083/1334 797/1082/1334
f 917/1235/1335 797/1082/1335 918/1236/1335
f 918/1236/1336 797/1082/1336 801/1086/1336
f 809/1094/1337 919/1237/1337 811/1096/1337
f 811/1096/1338 919/1237/1338 920/1238/1338
f 811/1096/1339 920/1238/1339 812/1097/1339
f 812/1097/1340 920/1238/1340 918/1236/1340
f 812/1097/1341 918/1236/1341 800/1085/1341
f 800/1085/1336 918/1236/1336 801/1086/1336
f 906/1223/1342 905/1222/1342 910/1227/1342
f 910/1227/1343 905/1222/1343 917/1235/1343
f 910/1227/1344 917/1235/1344 921/1239/1344
f 921/1239/1345 917/1235/1345 918/1236/1345
f 921/1239/1346 918/1236/1346 922/1240/1346
f 922/1240/1347 918/1236/1347 920/1238/1347
f 922/1240/1348 920/1238/1348 923/1241/1348
f 923/1241/1349 920/1238/1349 919/1237/1349
f 923/1241/1350 919/1237/1350 924/1242/1350
f 908/1230/1351 910/1243/1351 911/1228/1351
f 911/1228/1352 910/1243/1352 921/1244/1352
f 911/1228/1353 921/1244/1353 925/1245/1353
f 925/1245/1354 921/1244/1354 922/1246/1354
f 925/1245/1355 922/1246/1355 926/1247/1355
f 926/1247/1356 922/1246/1356 923/1248/1356
f 926/1247/1357 923/1248/1357 927/1249/1357
f 927/1249/1358 923/1248/1358 924/1250/1358
f 927/1249/1359 924/1250/1359 928/1251/1359
f 913/1231/1360 911/1228/1360 43/45/1360
f 43/45/1361 911/1228/1361 925/1245/1361
f 43/45/1362 925/1245/1362 41/43/1362
f 41/43/1363 925/1245/1363 926/1247/1363
f 41/43/1364 926/1247/1364 39/41/1364
f 39/41/1365 926/1247/1365 927/1249/1365
f 39/41/1366 927/1249/1366 48/50/1366
f 48/50/1367 927/1249/1367 928/1251/1367
f 48/50/1368 928/1251/1368 46/48/1368
f 929/1252/1369 807/1092/1369 806/1091/1369
f 805/408/1370 831/408/1370 806/408/1370
f 806/408/1371 831/408/1371 898/408/1371
f 806/1091/1372 898/1213/1372 929/1252/1372
f 418/426/1373 417/425/1373 904/1221/1373
f 904/1221/1374 417/425/1374 930/1253/1374
f 904/1221/1375 930/1253/1375 895/1210/1375
f 895/1210/1376 930/1253/1376 896/1211/1376
f 898/1213/1377 900/1215/1377 929/1252/1377
f 929/1252/1378 900/1215/1378 903/1220/1378
f 929/1252/1379 903/1220/1379 931/1254/1379
f 931/1254/1380 903/1220/1380 902/1219/1380
f 931/1255/1381 902/1217/1381 930/1253/1381
f 930/1253/1382 902/1217/1382 901/1216/1382
f 930/1253/1383 901/1216/1383 896/1211/1383
f 809/1094/1384 807/1092/1384 919/1237/1384
f 919/1237/1385 807/1092/1385 929/1252/1385
f 919/1237/1386 929/1252/1386 924/1242/1386
f 924/1242/1387 929/1252/1387 931/1254/1387
f 924/1250/1388 931/1255/1388 928/1251/1388
f 928/1251/1389 931/1255/1389 930/1253/1389
f 928/1251/1390 930/1253/1390 46/48/1390
f 46/48/1391 930/1253/1391 417/425/1391
f 932/1256/1392 933/1257/1392 934/1258/1392
f 216/1259/1393 215/1102/1393 817/1104/1393
f 935/1260/1394 217/1261/1394 216/1259/1394
f 936/1262/1395 228/1263/1395 217/1261/1395
f 234/1264/1396 196/1265/1396 937/1266/1396
f 937/1266/1396 196/1265/1396 202/1267/1396
f 2/2/1397 234/1264/1397 4/4/1397
f 4/4/1398 234/1264/1398 937/1266/1398
f 4/4/1399 937/1266/1399 6/6/1399
f 6/6/1400 937/1266/1400 938/1268/1400
f 6/6/1401 938/1268/1401 8/8/1401
f 8/8/1402 938/1268/1402 10/10/1402
f 10/10/1403 938/1268/1403 939/1269/1403
f 10/10/1404 939/1269/1404 12/12/1404
f 940/1270/1405 16/16/1405 939/1269/1405
f 939/1269/1406 16/16/1406 14/14/1406
f 939/1269/1406 14/14/1406 12/12/1406
f 216/1259/1407 817/1104/1407 935/1260/1407
f 935/1260/1408 817/1104/1408 825/1112/1408
f 935/1260/1409 825/1112/1409 941/1271/1409
f 941/1271/1410 825/1112/1410 824/1111/1410
f 941/1271/1411 824/1111/1411 942/1272/1411
f 942/1272/1412 824/1111/1412 823/1110/1412
f 942/1272/1413 823/1110/1413 943/1273/1413
f 943/1273/1414 823/1110/1414 826/1113/1414
f 943/1273/1415 826/1113/1415 944/1274/1415
f 944/1274/1416 826/1113/1416 819/1106/1416
f 944/1274/1417 819/1106/1417 945/1275/1417
f 217/1261/1418 935/1260/1418 936/1262/1418
f 936/1262/1419 935/1260/1419 941/1271/1419
f 936/1262/1420 941/1271/1420 946/1276/1420
f 946/1276/1421 941/1271/1421 942/1272/1421
f 946/1276/1422 942/1272/1422 947/1277/1422
f 947/1277/1423 942/1272/1423 943/1273/1423
f 947/1277/1424 943/1273/1424 948/1278/1424
f 948/1278/1425 943/1273/1425 944/1274/1425
f 948/1278/1426 944/1274/1426 934/1258/1426
f 934/1258/1427 944/1274/1427 945/1275/1427
f 934/1258/1392 945/1275/1392 932/1256/1392
f 933/1279/1428 949/1280/1428 934/1281/1428
f 934/1281/1429 949/1280/1429 940/1282/1429
f 934/1281/1430 940/1282/1430 948/1283/1430
f 948/1284/1431 940/1270/1431 939/1269/1431
f 948/1284/1432 939/1269/1432 947/1285/1432
f 947/1285/1433 939/1269/1433 938/1268/1433
f 947/1285/1434 938/1268/1434 946/1286/1434
f 946/1286/1435 938/1268/1435 937/1266/1435
f 946/1286/1436 937/1266/1436 936/1287/1436
f 936/1287/1437 937/1266/1437 202/1267/1437
f 936/1287/1438 202/1267/1438 228/1288/1438
f 933/1279/1439 950/1289/1439 949/1280/1439
f 949/1280/1440 950/1289/1440 951/1290/1440
f 949/1280/1441 951/1290/1441 24/26/1441
f 24/26/1442 22/24/1442 949/1280/1442
f 949/1280/1442 22/24/1442 20/22/1442
f 949/1280/1443 20/22/1443 940/1282/1443
f 940/1282/1444 20/22/1444 18/20/1444
f 940/1282/1445 18/20/1445 16/18/1445
f 945/1275/1446 819/1106/1446 822/1109/1446
f 945/1275/1447 822/1109/1447 932/1256/1447
f 932/1256/1448 822/1109/1448 952/1291/1448
f 932/1256/1449 952/1291/1449 933/1257/1449
f 933/1257/1450 952/1291/1450 953/1292/1450
f 933/1279/1451 953/1293/1451 950/1289/1451
f 950/1289/1452 953/1293/1452 951/1290/1452
f 951/1290/1453 953/1293/1453 85/87/1453
f 951/1290/1454 85/87/1454 24/26/1454
f 86/88/1455 85/87/1455 953/1293/1455
f 90/92/1456 88/90/1456 954/1294/1456
f 955/1295/1457 92/94/1457 90/92/1457
f 956/1296/1458 954/1297/1458 957/1298/1458
f 957/1298/1459 954/1297/1459 958/1299/1459
f 957/1298/1460 958/1299/1460 959/1300/1460
f 956/1301/1461 960/1302/1461 954/1294/1461
f 954/1294/1462 960/1302/1462 961/1303/1462
f 954/1294/1463 961/1303/1463 90/92/1463
f 90/92/1464 961/1303/1464 962/1304/1464
f 90/92/1465 962/1304/1465 955/1295/1465
f 959/1300/1466 958/1299/1466 963/1305/1466
f 963/1305/1467 958/1299/1467 821/1108/1467
f 963/1305/1468 821/1108/1468 820/1107/1468
f 88/90/1469 86/88/1469 954/1294/1469
f 954/1294/1469 86/88/1469 953/1293/1469
f 954/1297/1470 953/1292/1470 958/1299/1470
f 958/1299/1470 953/1292/1470 952/1291/1470
f 958/1299/1471 952/1291/1471 821/1108/1471
f 821/1108/1471 952/1291/1471 822/1109/1471
f 964/1306/1472 965/1307/1472 966/1308/1472
f 967/1309/1473 968/1310/1473 55/57/1473
f 55/57/1474 968/1310/1474 969/1311/1474
f 55/57/1475 969/1311/1475 53/55/1475
f 970/1312/1476 971/1313/1476 972/1314/1476
f 972/1314/1477 971/1313/1477 973/1315/1477
f 972/1314/1478 973/1315/1478 967/1309/1478
f 964/1306/1479 974/1316/1479 975/1317/1479
f 975/1317/1480 974/1316/1480 976/1318/1480
f 975/1317/1481 976/1318/1481 970/1319/1481
f 967/1309/1482 55/57/1482 972/1314/1482
f 972/1314/1483 55/57/1483 31/33/1483
f 972/1314/1484 31/33/1484 977/1320/1484
f 977/1320/1485 31/33/1485 33/35/1485
f 977/1320/1486 33/35/1486 978/1321/1486
f 978/1321/1487 33/35/1487 26/28/1487
f 978/1321/1488 26/28/1488 979/1322/1488
f 970/1312/1489 972/1314/1489 975/1323/1489
f 975/1323/1490 972/1314/1490 977/1320/1490
f 975/1323/1491 977/1320/1491 980/1324/1491
f 980/1324/1492 977/1320/1492 978/1321/1492
f 980/1324/1493 978/1321/1493 981/1325/1493
f 981/1325/1494 978/1321/1494 979/1322/1494
f 981/1325/1495 979/1322/1495 982/1326/1495
f 964/1306/1496 975/1317/1496 965/1307/1496
f 965/1307/1497 975/1317/1497 980/1327/1497
f 965/1307/1498 980/1327/1498 983/1328/1498
f 983/1328/1499 980/1327/1499 981/1329/1499
f 983/1328/1500 981/1329/1500 984/1330/1500
f 984/1330/1501 981/1329/1501 982/1331/1501
f 984/1330/1502 982/1331/1502 985/1332/1502
f 795/1080/1503 793/1078/1503 985/1332/1503
f 985/1332/1504 793/1078/1504 791/1076/1504
f 985/1332/1505 791/1076/1505 984/1330/1505
f 984/1330/1506 791/1076/1506 789/1074/1506
f 984/1330/1507 789/1074/1507 983/1328/1507
f 983/1328/1508 789/1074/1508 787/1072/1508
f 983/1328/1509 787/1072/1509 965/1307/1509
f 965/1307/1510 787/1072/1510 786/1071/1510
f 965/1307/1472 786/1071/1472 966/1308/1472
f 26/28/1511 28/30/1511 979/1322/1511
f 979/1322/1512 28/30/1512 986/1333/1512
f 979/1322/1513 986/1333/1513 982/1326/1513
f 982/1326/1514 986/1333/1514 987/1334/1514
f 982/1331/1515 987/1335/1515 985/1332/1515
f 985/1332/1516 987/1335/1516 988/1336/1516
f 985/1332/1517 988/1336/1517 795/1080/1517
f 795/1080/1518 988/1336/1518 796/1081/1518
f 820/408/1519 779/408/1519 781/408/1519
f 820/408/1520 781/408/1520 963/408/1520
f 963/1305/1521 781/1066/1521 783/1068/1521
f 963/1305/1522 783/1068/1522 989/1337/1522
f 990/1338/1523 957/1298/1523 989/1337/1523
f 989/1337/1524 957/1298/1524 959/1300/1524
f 989/1337/1525 959/1300/1525 963/1305/1525
f 962/1304/1526 961/1303/1526 991/1339/1526
f 991/1339/1527 961/1303/1527 960/1302/1527
f 991/1339/1528 960/1302/1528 990/1340/1528
f 990/1340/1529 960/1302/1529 956/1301/1529
f 990/1338/1530 956/1296/1530 957/1298/1530
f 962/1304/1531 991/1339/1531 955/1295/1531
f 955/1295/1532 991/1339/1532 95/97/1532
f 955/1295/1533 95/97/1533 92/94/1533
f 28/30/1534 95/97/1534 986/1333/1534
f 986/1333/1535 95/97/1535 991/1339/1535
f 986/1333/1536 991/1339/1536 987/1334/1536
f 987/1334/1537 991/1339/1537 990/1340/1537
f 987/1335/1538 990/1338/1538 988/1336/1538
f 988/1336/1539 990/1338/1539 989/1337/1539
f 988/1336/1540 989/1337/1540 796/1081/1540
f 796/1081/1541 989/1337/1541 783/1068/1541
f 856/1145/1542 841/1130/1542 992/1341/1542
f 992/1341/1543 841/1130/1543 868/1342/1543
f 992/1341/1544 868/1342/1544 993/1343/1544
f 993/1343/1545 868/1342/1545 867/1344/1545
f 993/1343/1546 867/1344/1546 994/1345/1546
f 994/1346/1547 867/1347/1547 864/1348/1547
f 994/1349/1548 864/1350/1548 995/1351/1548
f 995/1352/1549 864/1353/1549 996/1354/1549
f 996/1354/1550 864/1353/1550 997/1355/1550
f 997/1355/1551 864/1353/1551 835/1124/1551
f 997/1355/1552 835/1124/1552 804/1089/1552
f 997/1355/1553 804/1089/1553 803/1088/1553
f 994/1349/1554 995/1351/1554 998/1356/1554
f 998/1357/1555 995/1352/1555 996/1354/1555
f 998/1357/1556 996/1354/1556 997/1355/1556
f 992/1341/1557 993/1343/1557 999/1358/1557
f 999/1358/1558 993/1343/1558 994/1345/1558
f 857/1146/1559 856/1145/1559 992/1341/1559
f 997/1355/1560 803/1088/1560 998/1357/1560
f 998/1357/1561 803/1088/1561 808/1093/1561
f 998/1357/1562 808/1093/1562 1000/1359/1562
f 1000/1359/1563 808/1093/1563 810/1095/1563
f 1000/1359/1564 810/1095/1564 1001/1360/1564
f 810/1095/1565 813/1098/1565 1001/1360/1565
f 1001/1360/1566 813/1098/1566 802/1087/1566
f 1001/1360/1567 802/1087/1567 1002/1361/1567
f 802/1087/1568 814/1099/1568 1002/1361/1568
f 1002/1361/1569 814/1099/1569 799/1084/1569
f 1002/1361/1569 799/1084/1569 1003/1362/1569
f 1003/1362/1570 799/1084/1570 798/1083/1570
f 1003/1362/1571 798/1083/1571 1004/1363/1571
f 994/1364/1572 998/1357/1572 999/1365/1572
f 999/1365/1573 998/1357/1573 1000/1359/1573
f 999/1365/1574 1000/1359/1574 1005/1366/1574
f 1005/1366/1575 1000/1359/1575 1001/1360/1575
f 1005/1366/1576 1001/1360/1576 1006/1367/1576
f 1006/1367/1577 1001/1360/1577 1002/1361/1577
f 1006/1367/1578 1002/1361/1578 1007/1368/1578
f 1007/1368/1579 1002/1361/1579 1003/1362/1579
f 1007/1368/1580 1003/1362/1580 1008/1369/1580
f 1008/1369/1581 1003/1362/1581 1004/1363/1581
f 1008/1369/1582 1004/1363/1582 1009/1370/1582
f 992/1341/1583 999/1358/1583 857/1146/1583
f 857/1146/1584 999/1358/1584 1005/1371/1584
f 857/1146/1585 1005/1371/1585 852/1141/1585
f 852/1141/1586 1005/1371/1586 1006/1372/1586
f 852/1141/1587 1006/1372/1587 853/1142/1587
f 853/1142/1588 1006/1372/1588 1007/1373/1588
f 853/1142/1589 1007/1373/1589 854/1143/1589
f 854/1143/1590 1007/1373/1590 1008/1374/1590
f 854/1143/1591 1008/1374/1591 849/1138/1591
f 849/1138/1592 1008/1374/1592 1009/1375/1592
f 849/1138/1593 1009/1375/1593 850/1139/1593
f 798/1083/1594 916/1234/1594 1004/1363/1594
f 1004/1363/1595 916/1234/1595 1010/1376/1595
f 1004/1363/1596 1010/1376/1596 1009/1370/1596
f 850/1139/1597 1009/1375/1597 1011/1377/1597
f 916/1234/1598 907/1224/1598 1010/1376/1598
f 1010/1376/1599 907/1224/1599 906/1223/1599
f 1010/1376/1600 906/1223/1600 1012/1378/1600
f 906/1379/1601 909/1380/1601 1012/1381/1601
f 1012/1381/1602 909/1380/1602 908/1230/1602
f 1012/1381/1603 908/1230/1603 1013/1382/1603
f 1013/1382/1604 908/1230/1604 912/1229/1604
f 1013/1382/1605 912/1229/1605 1014/1383/1605
f 1009/1375/1606 1010/1384/1606 1011/1377/1606
f 1011/1377/1607 1010/1384/1607 1012/1381/1607
f 1011/1377/1608 1012/1381/1608 1015/1385/1608
f 1015/1385/1609 1012/1381/1609 1013/1382/1609
f 1015/1385/1610 1013/1382/1610 1016/1386/1610
f 1016/1386/1611 1013/1382/1611 1014/1383/1611
f 1016/1386/1612 1014/1383/1612 1017/1387/1612
f 850/1139/1613 1011/1377/1613 851/1140/1613
f 851/1140/1614 1011/1377/1614 1015/1385/1614
f 851/1140/1615 1015/1385/1615 846/1135/1615
f 846/1135/1616 1015/1385/1616 1016/1386/1616
f 846/1135/1617 1016/1386/1617 844/1133/1617
f 844/1133/1618 1016/1386/1618 1017/1387/1618
f 844/1133/1619 1017/1387/1619 842/1131/1619
f 60/408/1620 872/408/1620 913/408/1620
f 913/408/1621 872/408/1621 870/408/1621
f 913/1231/1622 870/1169/1622 914/1232/1622
f 870/1169/1623 842/1131/1623 914/1232/1623
f 914/1232/1624 842/1131/1624 1017/1387/1624
f 914/1232/1625 1017/1387/1625 915/1233/1625
f 915/1233/1626 1017/1387/1626 1014/1383/1626
f 915/1233/1627 1014/1383/1627 912/1229/1627
f 1018/1388/1628 1019/1389/1628 863/1390/1628
f 863/1390/1629 1019/1389/1629 818/1105/1629
f 818/1105/1630 1019/1389/1630 1020/1391/1630
f 818/1105/1631 1020/1391/1631 780/1065/1631
f 1018/1392/1632 863/1393/1632 1021/1394/1632
f 1021/1395/1633 863/1396/1633 866/1397/1633
f 1021/1394/1634 866/1398/1634 1022/1399/1634
f 1022/1399/1635 866/1398/1635 865/1400/1635
f 1022/1399/1636 865/1400/1636 1023/1401/1636
f 1023/1401/1637 865/1400/1637 840/1129/1637
f 1023/1401/1638 840/1129/1638 839/1128/1638
f 1023/1401/1639 839/1128/1639 862/1151/1639
f 1020/1391/1640 1019/1389/1640 1024/1402/1640
f 1024/1402/1641 1019/1389/1641 1018/1388/1641
f 1018/1392/1642 1021/1394/1642 1025/1403/1642
f 1025/1403/1643 1021/1394/1643 1022/1399/1643
f 1025/1403/1644 1022/1399/1644 1023/1401/1644
f 794/1079/1645 784/1069/1645 1026/1404/1645
f 1026/1404/1646 784/1069/1646 782/1067/1646
f 1026/1404/1647 782/1067/1647 1024/1402/1647
f 1024/1402/1648 782/1067/1648 780/1065/1648
f 1024/1402/1649 780/1065/1649 1020/1391/1649
f 1023/1401/1650 862/1151/1650 1025/1403/1650
f 1025/1403/1651 862/1151/1651 861/1150/1651
f 1025/1403/1652 861/1150/1652 1027/1405/1652
f 1027/1405/1653 861/1150/1653 860/1149/1653
f 1027/1405/1654 860/1149/1654 1028/1406/1654
f 1028/1406/1655 860/1149/1655 859/1148/1655
f 1028/1406/1656 859/1148/1656 1029/1407/1656
f 1029/1407/1657 859/1148/1657 858/1147/1657
f 1029/1407/1658 858/1147/1658 1030/1408/1658
f 1030/1408/1659 858/1147/1659 848/1137/1659
f 1030/1408/1660 848/1137/1660 1031/1409/1660
f 1018/1388/1661 1025/1410/1661 1024/1402/1661
f 1024/1402/1662 1025/1410/1662 1027/1411/1662
f 1024/1402/1663 1027/1411/1663 1026/1404/1663
f 1026/1404/1664 1027/1411/1664 1028/1412/1664
f 1026/1404/1665 1028/1412/1665 1032/1413/1665
f 1032/1414/1666 1028/1406/1666 1029/1407/1666
f 1032/1414/1667 1029/1407/1667 1033/1415/1667
f 1033/1415/1668 1029/1407/1668 1030/1408/1668
f 1033/1415/1669 1030/1408/1669 1034/1416/1669
f 1034/1416/1670 1030/1408/1670 1031/1409/1670
f 1034/1416/1671 1031/1409/1671 1035/1417/1671
f 794/1079/1672 1026/1404/1672 792/1077/1672
f 792/1077/1673 1026/1404/1673 1032/1413/1673
f 792/1077/1674 1032/1413/1674 790/1075/1674
f 790/1075/1675 1032/1413/1675 1033/1418/1675
f 790/1075/1676 1033/1418/1676 788/1073/1676
f 788/1073/1677 1033/1418/1677 1034/1419/1677
f 788/1073/1678 1034/1419/1678 785/1070/1678
f 785/1070/1679 1034/1419/1679 1035/1420/1679
f 785/1070/1680 1035/1420/1680 786/1071/1680
f 1036/1421/1681 973/1315/1681 971/1313/1681
f 1037/1422/1682 1036/1421/1682 1038/1423/1682
f 843/1132/1683 1037/1422/1683 1039/1424/1683
f 1036/1421/1684 971/1313/1684 1038/1423/1684
f 1038/1423/1685 971/1313/1685 970/1312/1685
f 1038/1423/1686 970/1312/1686 1040/1425/1686
f 970/1312/1687 976/1426/1687 1040/1425/1687
f 1040/1425/1688 976/1426/1688 974/1427/1688
f 1040/1428/1689 974/1316/1689 1041/1429/1689
f 1041/1429/1690 974/1316/1690 964/1306/1690
f 1041/1429/1691 964/1306/1691 1035/1420/1691
f 1035/1420/1692 964/1306/1692 966/1308/1692
f 1035/1420/1693 966/1308/1693 786/1071/1693
f 1037/1422/1694 1038/1423/1694 1039/1424/1694
f 1039/1424/1695 1038/1423/1695 1040/1425/1695
f 1039/1424/1696 1040/1425/1696 1042/1430/1696
f 1042/1430/1697 1040/1425/1697 1041/1431/1697
f 1042/1430/1698 1041/1431/1698 1043/1432/1698
f 1043/1432/1699 1041/1431/1699 1035/1417/1699
f 1043/1432/1700 1035/1417/1700 1031/1409/1700
f 843/1132/1701 1039/1424/1701 845/1134/1701
f 845/1134/1702 1039/1424/1702 1042/1430/1702
f 845/1134/1703 1042/1430/1703 855/1144/1703
f 855/1144/1704 1042/1430/1704 1043/1432/1704
f 855/1144/1705 1043/1432/1705 847/1136/1705
f 847/1136/1706 1043/1432/1706 1031/1409/1706
f 847/1136/1707 1031/1409/1707 848/1137/1707
f 53/408/1708 969/408/1708 871/408/1708
f 871/408/1709 969/408/1709 968/408/1709
f 871/1170/1710 968/1310/1710 869/1168/1710
f 843/1132/1711 869/1168/1711 1037/1422/1711
f 1037/1422/1712 869/1168/1712 968/1310/1712
f 1037/1422/1713 968/1310/1713 1036/1421/1713
f 1036/1421/1714 968/1310/1714 967/1309/1714
f 1036/1421/1715 967/1309/1715 973/1315/1715
f 1044/1433/79 1045/1434/79 1046/1435/79
f 1046/1435/79 1045/1434/79 1047/1436/79
f 1048/1437/79 1049/1438/79 1046/1435/79
f 1050/1439/79 1051/1440/79 1052/1441/79
f 1052/1441/79 1051/1440/79 1053/1442/79
f 1054/1443/79 1055/1444/79 1056/1445/79
f 1056/1445/79 1055/1444/79 1057/1446/79
f 1056/1445/79 1057/1446/79 1058/1447/79
f 1058/1447/79 1057/1446/79 1044/1433/79
f 1058/1447/79 1044/1433/79 1059/1448/79
f 1059/1448/79 1044/1433/79 1046/1435/79
f 1059/1448/79 1046/1435/79 1060/1449/79
f 1060/1449/79 1046/1435/79 1049/1438/79
f 1061/1450/79 1062/1451/79 1063/1452/79
f 1063/1452/79 1062/1451/79 1064/1453/79
f 1063/1452/79 1064/1453/79 1056/1445/79
f 1056/1445/79 1064/1453/79 1065/1454/79
f 1056/1445/79 1065/1454/79 1054/1443/79
f 1066/1455/79 1067/1456/79 1053/1442/79
f 1061/1450/79 1063/1452/79 1068/1457/79
f 1068/1457/79 1063/1452/79 1069/1458/79
f 1068/1457/79 1069/1458/79 1070/1459/79
f 1070/1459/79 1069/1458/79 1071/1460/79
f 1070/1459/79 1071/1460/79 1072/1461/79
f 1072/1461/79 1071/1460/79 1073/1462/79
f 1073/1462/79 1071/1460/79 1074/1463/79
f 1073/1462/79 1074/1463/79 1075/1464/79
f 1076/1465/79 1077/1466/79 1074/1463/79
f 1074/1463/79 1077/1466/79 1078/1467/79
f 1074/1463/79 1078/1467/79 1075/1464/79
f 1079/1468/79 1080/1469/79 1081/1470/79
f 1082/1471/79 1083/1472/79 1076/1465/79
f 1076/1465/79 1083/1472/79 1084/1473/79
f 1076/1465/79 1084/1473/79 1077/1466/79
f 1085/1474/79 1086/1475/79 1087/1476/79
f 1087/1476/79 1086/1475/79 1088/1477/79
f 1087/1476/79 1088/1477/79 1082/1471/79
f 1082/1471/79 1088/1477/79 1089/1478/79
f 1082/1471/79 1089/1478/79 1083/1472/79
f 1079/1468/79 1090/1479/79 1080/1469/79
f 1080/1469/79 1090/1479/79 1091/1480/79
f 1080/1469/79 1091/1480/79 1092/1481/79
f 1093/1482/79 1094/1483/79 1081/1470/79
f 1081/1470/79 1094/1483/79 1095/1484/79
f 1081/1470/79 1095/1484/79 1079/1468/79
f 1085/1474/79 1087/1476/79 1096/1485/79
f 1096/1485/79 1087/1476/79 1097/1486/79
f 1096/1485/79 1097/1486/79 1098/1487/79
f 1099/1488/79 1100/1489/79 1101/1490/79
f 1101/1490/79 1100/1489/79 1102/1491/79
f 1101/1490/79 1102/1491/79 1093/1482/79
f 1093/1482/79 1102/1491/79 1103/1492/79
f 1093/1482/79 1103/1492/79 1094/1483/79
f 1091/1480/79 1104/1493/79 1092/1481/79
f 1092/1481/79 1104/1493/79 1105/1494/79
f 1092/1481/79 1105/1494/79 1097/1486/79
f 1097/1486/79 1105/1494/79 1106/1495/79
f 1097/1486/79 1106/1495/79 1098/1487/79
f 1053/1442/79 1067/1456/79 1052/1441/79
f 1052/1441/79 1067/1456/79 1107/1496/79
f 1052/1441/79 1107/1496/79 1108/1497/79
f 1052/1441/79 1109/1498/79 1046/1435/79
f 1046/1435/79 1109/1498/79 1110/1499/79
f 1046/1435/79 1110/1499/79 1048/1437/79
f 1099/1488/79 1101/1490/79 1111/1500/79
f 1111/1500/79 1101/1490/79 1112/1501/79
f 1111/1500/79 1112/1501/79 1113/1502/79
f 1108/1497/79 1114/1503/79 1052/1441/79
f 1052/1441/79 1114/1503/79 1115/1504/79
f 1052/1441/79 1115/1504/79 1109/1498/79
f 1053/408/79 1116/408/79 1066/408/79
f 1066/1455/79 1116/1505/79 1117/1506/79
f 1066/1455/79 1117/1506/79 1112/1501/79
f 1112/1501/79 1117/1506/79 1118/1507/79
f 1112/1501/79 1118/1507/79 1113/1502/79
f 1051/1440/1716 1050/1439/1716 1119/1508/1716
f 1119/1508/1717 1050/1439/1717 1120/1509/1717
f 1119/1508/1718 1120/1509/1718 1121/1510/1718
f 1121/1510/1719 1120/1509/1719 1122/1511/1719
f 1121/1510/1720 1122/1511/1720 1123/1512/1720
f 1123/1512/1721 1122/1511/1721 1124/1513/1721
f 1123/1512/1722 1124/1513/1722 1125/1514/1722
f 1125/1514/1723 1124/1513/1723 1126/1515/1723
f 1125/1514/1724 1126/1515/1724 1127/1516/1724
f 1127/1516/1725 1126/1515/1725 1128/1517/1725
f 1127/1516/1726 1128/1517/1726 1129/1518/1726
f 1129/1519/1727 1128/1520/1727 1130/1521/1727
f 1129/1519/1728 1130/1521/1728 1131/1522/1728
f 1131/1522/1729 1130/1521/1729 1132/1523/1729
f 1131/1522/1730 1132/1523/1730 1133/1524/1730
f 1133/1524/1731 1132/1523/1731 1134/1525/1731
f 1133/1524/1732 1134/1525/1732 1135/1526/1732
f 1135/1526/1733 1134/1525/1733 1136/1527/1733
f 1135/1526/1734 1136/1527/1734 1137/1528/1734
f 1137/1528/1735 1136/1527/1735 1138/1529/1735
f 1137/1528/1736 1138/1529/1736 1139/1530/1736
f 1139/1530/1737 1138/1529/1737 1140/1531/1737
f 1139/1530/1738 1140/1531/1738 1/1/1738
f 1141/1532/1739 1142/1533/1739 1143/1534/1739
f 1143/1534/1739 1144/1535/1739 1141/1532/1739
f 1141/1532/1740 1144/1535/1740 1145/1536/1740
f 1141/1532/1741 1145/1536/1741 1146/1537/1741
f 1147/1538/1742 1148/1539/1742 1149/1540/1742
f 1149/1540/1743 1148/1539/1743 1150/1541/1743
f 1149/1540/1744 1150/1541/1744 1146/1537/1744
f 1146/1537/1745 1150/1541/1745 1151/1542/1745
f 1146/1537/1746 1151/1542/1746 1152/1543/1746
f 1152/1543/1746 1153/1544/1746 1146/1537/1746
f 1146/1537/1747 1153/1544/1747 1154/1545/1747
f 1146/1537/1748 1154/1545/1748 1141/1532/1748
f 1155/1546/1749 1156/1547/1749 1157/1548/1749
f 1157/1548/1750 1156/1547/1750 1158/1549/1750
f 1159/1550/1751 1160/1551/1751 1161/1552/1751
f 1161/1552/1752 1160/1551/1752 1158/1549/1752
f 1147/1538/1753 1162/1553/1753 1148/1539/1753
f 1148/1539/1754 1162/1553/1754 1160/1551/1754
f 1148/1539/1755 1160/1551/1755 1163/1554/1755
f 1163/1554/1756 1160/1551/1756 1159/1550/1756
f 1162/1555/1757 1164/1556/1757 1160/1557/1757
f 1160/1551/1758 1164/1558/1758 1165/1559/1758
f 1160/1551/1759 1165/1559/1759 1158/1549/1759
f 1158/1549/1760 1165/1559/1760 1166/1560/1760
f 1158/1549/1761 1166/1560/1761 1157/1548/1761
f 1167/1561/43 1168/1562/43 1156/1547/43
f 1155/1546/43 1169/1563/43 1156/1547/43
f 1156/1547/43 1169/1563/43 1170/1564/43
f 1156/1547/43 1170/1564/43 1171/1565/43
f 1156/1547/43 1172/1566/43 1173/1567/43
f 1174/1568/43 1175/1569/43 1176/1570/43
f 1176/1570/43 1175/1569/43 1168/1562/43
f 1171/1565/43 1177/1571/43 1156/1547/43
f 1156/1547/43 1177/1571/43 1178/1572/43
f 1156/1547/43 1178/1572/43 1172/1566/43
f 1173/1567/43 1179/1573/43 1156/1547/43
f 1156/1547/43 1179/1573/43 1180/1574/43
f 1156/1547/43 1180/1574/43 1167/1561/43
f 1181/1575/43 1182/1576/43 1168/1562/43
f 1183/1577/43 1184/1578/43 1168/1562/43
f 1168/1562/43 1184/1578/43 1185/1579/43
f 1168/1562/43 1185/1579/43 1186/1580/43
f 1174/1568/43 1187/1581/43 1175/1569/43
f 1175/1569/43 1187/1581/43 1188/1582/43
f 1175/1569/43 1188/1582/43 1189/1583/43
f 1186/1580/43 1190/1584/43 1168/1562/43
f 1168/1562/43 1190/1584/43 1191/1585/43
f 1168/1562/43 1191/1585/43 1156/1547/43
f 1192/1586/43 1193/1587/43 1194/1588/43
f 1194/1588/43 1193/1587/43 1195/1589/43
f 1194/1588/43 1195/1589/43 1196/1590/43
f 1189/1583/43 1197/1591/43 1175/1569/43
f 1175/1569/43 1197/1591/43 1194/1588/43
f 1175/1569/43 1194/1588/43 1198/1592/43
f 1198/1592/43 1194/1588/43 1196/1590/43
f 1199/1593/43 1168/1562/43 1200/1594/43
f 1200/1594/43 1168/1562/43 1201/1595/43
f 1199/1593/43 1202/1596/43 1168/1562/43
f 1168/1562/43 1202/1596/43 1203/1597/43
f 1168/1562/43 1203/1597/43 1183/1577/43
f 1175/1569/43 1204/1598/43 1168/1562/43
f 1168/1562/43 1204/1598/43 1205/1599/43
f 1168/1562/43 1205/1599/43 1206/1600/43
f 1182/1576/43 1207/1601/43 1168/1562/43
f 1168/1562/43 1207/1601/43 1208/1602/43
f 1168/1562/43 1208/1602/43 1201/1595/43
f 1194/1588/43 1209/1603/43 1210/1604/43
f 1210/1604/43 1211/1605/43 1194/1588/43
f 1194/1588/43 1211/1605/43 1212/1606/43
f 1194/1588/43 1212/1606/43 1213/1607/43
f 1213/1607/43 1214/1608/43 1194/1588/43
f 1194/1588/43 1214/1608/43 1215/1609/43
f 1194/1588/43 1215/1609/43 1192/1586/43
f 1206/1600/43 1216/1610/43 1168/1562/43
f 1168/1562/43 1216/1610/43 1217/1611/43
f 1168/1562/43 1217/1611/43 1181/1575/43
f 1140/1612/43 1218/1613/43 1219/1614/43
f 206/1615/43 1220/1616/43 1221/1617/43
f 1221/1617/43 1220/1616/43 1222/1618/43
f 1223/1619/43 1224/1620/43 1225/1621/43
f 1226/1622/43 1227/1623/43 1219/1614/43
f 1228/1624/43 1229/1625/43 1230/1626/43
f 1231/1627/43 1232/1628/43 1233/1629/43
f 1233/1629/43 1232/1628/43 220/1630/43
f 1233/1629/43 220/1630/43 1219/1614/43
f 1219/1614/43 220/1630/43 219/1631/43
f 1219/1614/43 219/1631/43 1226/1622/43
f 1227/1623/43 1234/1632/43 1219/1614/43
f 1219/1614/43 1234/1632/43 1235/1633/43
f 1219/1614/43 1235/1633/43 1236/1634/43
f 230/1635/43 229/1636/43 1/1637/43
f 1237/1638/43 1238/1639/43 1224/1620/43
f 1224/1620/43 1238/1639/43 1239/1640/43
f 1224/1620/43 1239/1640/43 1225/1621/43
f 206/1615/43 1240/1641/43 1220/1616/43
f 1220/1616/43 1240/1641/43 1241/1642/43
f 1220/1616/43 1241/1642/43 1242/1643/43
f 1242/1643/43 1241/1642/43 220/1630/43
f 1242/1643/43 220/1630/43 1243/1644/43
f 1243/1644/43 220/1630/43 1232/1628/43
f 1228/1624/43 1225/1621/43 1222/1618/43
f 1222/1618/43 1225/1621/43 1244/1645/43
f 1222/1618/43 1244/1645/43 1221/1617/43
f 1228/1624/43 1230/1626/43 1225/1621/43
f 1225/1621/43 1230/1626/43 1245/1646/43
f 1225/1621/43 1245/1646/43 1223/1619/43
f 1236/1634/43 237/1647/43 1219/1614/43
f 1219/1614/43 237/1647/43 230/1635/43
f 1219/1614/43 230/1635/43 1140/1612/43
f 1140/1612/43 230/1635/43 1/1637/43
f 1246/1648/43 1247/1649/43 1248/1650/43
f 1248/1650/43 1247/1649/43 1249/1651/43
f 1248/1650/43 1249/1651/43 1250/1652/43
f 1250/1652/43 1249/1651/43 1224/1620/43
f 1224/1620/43 1249/1651/43 1251/1653/43
f 1224/1620/43 1251/1653/43 1237/1638/43
f 122/1654/43 225/1655/43 1248/1650/43
f 1248/1650/43 225/1655/43 1252/1656/43
f 1248/1650/43 1252/1656/43 1246/1648/43
f 1253/1657/1762 1254/1658/1762 1255/1659/1762
f 1255/1659/1763 1254/1658/1763 1256/1660/1763
f 1255/1659/1764 1256/1660/1764 1257/1661/1764
f 1257/1661/1765 1256/1660/1765 1258/1662/1765
f 1257/1661/1766 1258/1662/1766 1259/1663/1766
f 1259/1663/1767 1258/1662/1767 1260/1664/1767
f 1259/1663/1768 1260/1664/1768 1261/1665/1768
f 1261/1665/1769 1260/1664/1769 1262/1666/1769
f 1261/1665/1770 1262/1666/1770 1263/1667/1770
f 1263/1667/1771 1262/1666/1771 1264/1668/1771
f 1263/1667/1772 1264/1668/1772 1265/1669/1772
f 1265/1669/1773 1264/1668/1773 1266/1670/1773
f 1265/1669/1774 1266/1670/1774 1221/1617/1774
f 1221/1617/1775 1266/1670/1775 206/1615/1775
f 1254/1658/24 1253/1657/24 1267/1671/24
f 1142/1533/24 1141/1532/24 1268/1672/24
f 1268/1672/24 1141/1532/24 1269/1673/24
f 1267/1671/24 1270/1674/24 1254/1658/24
f 1254/1658/24 1270/1674/24 1271/1675/24
f 1254/1658/28 1271/1675/28 1268/1672/28
f 1269/1673/24 1272/1676/24 1268/1672/24
f 1268/1672/24 1272/1676/24 1273/1677/24
f 1268/1672/24 1273/1677/24 1254/1658/24
f 1274/1678/1776 1275/1679/1776 1276/1680/1776
f 1276/1680/1777 1275/1679/1777 1277/1681/1777
f 1278/1682/1778 1279/1683/1778 1280/1684/1778
f 1280/1684/1779 1279/1683/1779 1281/1685/1779
f 1280/1684/1780 1281/1685/1780 1277/1681/1780
f 1277/1681/1781 1281/1685/1781 1282/1686/1781
f 1277/1681/1781 1282/1686/1781 1276/1680/1781
f 1283/1687/1782 1284/1688/1782 1285/1689/1782
f 1285/1689/1782 1284/1688/1782 1286/1690/1782
f 1285/1689/1783 1286/1690/1783 1287/1691/1783
f 1287/1691/1784 1286/1690/1784 1288/1692/1784
f 1287/1691/1785 1288/1692/1785 1278/1682/1785
f 1278/1682/1786 1288/1692/1786 1289/1693/1786
f 1278/1682/1786 1289/1693/1786 1279/1683/1786
f 1283/1687/1787 1285/1689/1787 1290/1694/1787
f 1290/1694/1788 1285/1689/1788 1291/1695/1788
f 1290/1694/1789 1291/1695/1789 1292/1696/1789
f 1292/1696/1790 1291/1695/1790 1293/1697/1790
f 1292/1696/1791 1293/1697/1791 1294/1698/1791
f 1294/1698/1792 1293/1697/1792 1295/1699/1792
f 1294/1698/1793 1295/1699/1793 1296/1700/1793
f 1296/1700/1794 1295/1699/1794 1297/1701/1794
f 1297/1701/1795 1295/1699/1795 1298/1702/1795
f 1297/1701/1796 1298/1702/1796 1299/1703/1796
f 1299/1703/1797 1298/1702/1797 1300/1704/1797
f 1299/1703/1798 1300/1704/1798 1301/1705/1798
f 1301/1705/1799 1300/1704/1799 1302/1706/1799
f 1302/1706/1800 1300/1704/1800 1303/1707/1800
f 1302/1706/1801 1303/1707/1801 1304/1708/1801
f 1304/1708/1802 1303/1707/1802 1305/1709/1802
f 1304/1708/1803 1305/1709/1803 1306/1710/1803
f 1306/1710/1804 1305/1709/1804 1307/1711/1804
f 1307/1711/1805 1305/1709/1805 1308/1712/1805
f 1307/1711/1806 1308/1712/1806 1309/1713/1806
f 1309/1713/1807 1308/1712/1807 1310/1714/1807
f 1310/1714/1808 1308/1712/1808 1311/1715/1808
f 1310/1714/1809 1311/1715/1809 1312/1716/1809
f 1312/1716/1810 1311/1715/1810 1313/1717/1810
f 1313/1717/1811 1311/1715/1811 1314/1718/1811
f 1313/1717/1812 1314/1718/1812 1315/1719/1812
f 1315/1719/1812 1314/1718/1812 1316/1720/1812
f 1316/1720/1813 1314/1718/1813 1317/1721/1813
f 1316/1720/1814 1317/1721/1814 1318/1722/1814
f 1318/1722/1815 1317/1721/1815 1319/1723/1815
f 1318/1722/1816 1319/1723/1816 1320/1724/1816
f 1320/1724/1817 1319/1723/1817 1321/1725/1817
f 1321/1725/1818 1319/1723/1818 1322/1726/1818
f 1321/1725/1819 1322/1726/1819 1323/1727/1819
f 1323/1727/1820 1322/1726/1820 1324/1728/1820
f 1324/1728/1821 1322/1726/1821 1325/1729/1821
f 1324/1728/1822 1325/1729/1822 1326/1730/1822
f 1326/1730/1823 1325/1729/1823 1327/1731/1823
f 1326/1730/1824 1327/1731/1824 1328/1732/1824
f 1275/1679/1825 1274/1678/1825 1329/1733/1825
f 1330/1734/1826 1331/1735/1826 1332/1736/1826
f 1332/1736/1827 1331/1735/1827 1333/1737/1827
f 1333/1737/1828 1331/1735/1828 1334/1738/1828
f 1333/1737/1829 1334/1738/1829 1335/1739/1829
f 1335/1739/1830 1334/1738/1830 1336/1740/1830
f 1335/1739/1831 1336/1740/1831 1337/1741/1831
f 1337/1741/1832 1336/1740/1832 1338/1742/1832
f 1337/1741/1833 1338/1742/1833 1339/1743/1833
f 1339/1743/1834 1338/1742/1834 1340/1744/1834
f 1339/1743/1835 1340/1744/1835 1329/1733/1835
f 1329/1733/1836 1340/1744/1836 1341/1745/1836
f 1329/1733/1836 1341/1745/1836 1275/1679/1836
f 1342/1746/1837 1343/1747/1837 1344/1748/1837
f 1344/1748/1838 1343/1747/1838 1345/1749/1838
f 1332/1736/1839 1346/1750/1839 1330/1734/1839
f 1330/1734/1839 1346/1750/1839 1347/1751/1839
f 1330/1734/1840 1347/1751/1840 1348/1752/1840
f 1348/1752/1841 1347/1751/1841 1349/1753/1841
f 1348/1752/1842 1349/1753/1842 1350/1754/1842
f 1350/1754/1843 1349/1753/1843 1351/1755/1843
f 1350/1754/1844 1351/1755/1844 1352/1756/1844
f 1352/1756/1845 1351/1755/1845 1353/1757/1845
f 1352/1756/1846 1353/1757/1846 1354/1758/1846
f 1354/1758/1847 1353/1757/1847 1355/1759/1847
f 1354/1758/1848 1355/1759/1848 1356/1760/1848
f 1356/1760/1849 1355/1759/1849 1357/1761/1849
f 1356/1760/1850 1357/1761/1850 1358/1762/1850
f 1358/1762/1851 1357/1761/1851 1359/1763/1851
f 1358/1762/1852 1359/1763/1852 1345/1749/1852
f 1345/1749/1853 1359/1763/1853 1360/1764/1853
f 1345/1749/1854 1360/1764/1854 1344/1748/1854
f 1361/1765/1855 1362/1766/1855 1363/1767/1855
f 1328/1732/1856 1327/1731/1856 1364/1768/1856
f 1364/1768/1857 1327/1731/1857 1365/1769/1857
f 1364/1768/1858 1365/1769/1858 1366/1770/1858
f 1366/1770/1859 1365/1769/1859 1367/1771/1859
f 1366/1770/1860 1367/1771/1860 1368/1772/1860
f 1368/1772/1861 1367/1771/1861 1369/1773/1861
f 1368/1772/1862 1369/1773/1862 1370/1774/1862
f 1370/1774/1863 1369/1773/1863 1371/1775/1863
f 1370/1774/1864 1371/1775/1864 1372/1776/1864
f 1372/1776/1865 1371/1775/1865 1373/1777/1865
f 1372/1776/1866 1373/1777/1866 1374/1778/1866
f 1374/1778/1867 1373/1777/1867 1375/1779/1867
f 1374/1778/1868 1375/1779/1868 1376/1780/1868
f 1376/1780/1869 1375/1779/1869 1377/1781/1869
f 1376/1780/1870 1377/1781/1870 1378/1782/1870
f 1378/1782/1871 1377/1781/1871 1379/1783/1871
f 1378/1782/1872 1379/1783/1872 1380/1784/1872
f 1380/1784/1873 1379/1783/1873 1381/1785/1873
f 1380/1784/1874 1381/1785/1874 1382/1786/1874
f 1382/1786/1875 1381/1785/1875 1383/1787/1875
f 1382/1786/1876 1383/1787/1876 1384/1788/1876
f 1384/1788/1877 1383/1787/1877 1385/1789/1877
f 1384/1788/1878 1385/1789/1878 1386/1790/1878
f 1386/1790/1879 1385/1789/1879 1387/1791/1879
f 1386/1790/1880 1387/1791/1880 1388/1792/1880
f 1388/1792/1881 1387/1791/1881 1389/1793/1881
f 1388/1792/1882 1389/1793/1882 1390/1794/1882
f 1390/1794/1883 1389/1793/1883 1391/1795/1883
f 1390/1794/1884 1391/1795/1884 1363/1767/1884
f 1363/1767/1885 1391/1795/1885 1392/1796/1885
f 1363/1767/1885 1392/1796/1885 1361/1765/1885
f 1393/1797/1886 1394/1798/1886 1395/1799/1886
f 1395/1799/1887 1394/1798/1887 1343/1747/1887
f 1395/1799/1886 1343/1747/1886 1396/1800/1886
f 1396/1800/1887 1343/1747/1887 1342/1746/1887
f 1397/1801/1888 1398/1802/1888 1399/1803/1888
f 1397/1801/1889 1399/1803/1889 1361/1765/1889
f 1361/1765/1890 1399/1803/1890 1400/1804/1890
f 1361/1765/1889 1400/1804/1889 1362/1766/1889
f 1401/1805/1891 1202/1806/1891 1402/1807/1891
f 1402/1807/1892 1202/1806/1892 1199/1808/1892
f 1402/1807/1893 1199/1808/1893 1403/1809/1893
f 1403/1809/1894 1199/1808/1894 1200/1810/1894
f 1403/1811/1895 1200/1812/1895 1404/1813/1895
f 1404/1813/1896 1200/1812/1896 1201/1814/1896
f 1404/1813/1897 1201/1814/1897 1405/1815/1897
f 1405/1815/1898 1201/1814/1898 1208/1816/1898
f 1405/1815/1899 1208/1816/1899 1406/1817/1899
f 1406/1817/1900 1208/1816/1900 1207/1818/1900
f 1406/1817/1901 1207/1818/1901 1407/1819/1901
f 1407/1819/1902 1207/1818/1902 1182/1820/1902
f 1407/1819/1903 1182/1820/1903 1408/1821/1903
f 1408/1821/1904 1182/1820/1904 1181/1822/1904
f 1408/1821/1905 1181/1822/1905 1409/1823/1905
f 1409/1823/1906 1181/1822/1906 1217/1824/1906
f 1409/1823/1907 1217/1824/1907 1410/1825/1907
f 1205/1826/1908 1411/1827/1908 1206/1828/1908
f 1206/1828/1909 1411/1827/1909 1412/1829/1909
f 1410/1825/1907 1217/1824/1907 1412/1829/1907
f 1412/1829/1910 1217/1824/1910 1216/1830/1910
f 1412/1829/1911 1216/1830/1911 1206/1828/1911
f 1413/1831/1912 1414/1832/1912 1175/1833/1912
f 1175/1833/1913 1414/1832/1913 1415/1834/1913
f 1175/1833/1914 1415/1834/1914 1204/1835/1914
f 1204/1835/1915 1415/1834/1915 1416/1836/1915
f 1204/1835/1916 1416/1836/1916 1205/1826/1916
f 1205/1826/1917 1416/1836/1917 1417/1837/1917
f 1205/1826/1918 1417/1837/1918 1411/1827/1918
f 1418/1838/1919 1419/1839/1919 1193/1840/1919
f 1193/1840/1920 1419/1839/1920 1195/1841/1920
f 1175/1833/1921 1198/1842/1921 1413/1831/1921
f 1413/1831/1922 1198/1842/1922 1196/1843/1922
f 1413/1831/1923 1196/1843/1923 1420/1844/1923
f 1420/1844/1924 1196/1843/1924 1195/1841/1924
f 1420/1844/1925 1195/1841/1925 1421/1845/1925
f 1421/1845/1926 1195/1841/1926 1419/1839/1926
f 1193/1840/1927 1192/1846/1927 1418/1838/1927
f 1418/1838/1927 1192/1846/1927 1215/1847/1927
f 1418/1838/1928 1215/1847/1928 1422/1848/1928
f 1422/1848/1929 1215/1847/1929 1214/1849/1929
f 1422/1848/1930 1214/1849/1930 1423/1850/1930
f 1423/1850/1931 1214/1849/1931 1213/1851/1931
f 1423/1850/1932 1213/1851/1932 1424/1852/1932
f 1425/1853/1933 1426/1854/1933 1194/1855/1933
f 1194/1855/1934 1426/1854/1934 1427/1856/1934
f 1194/1855/1935 1427/1856/1935 1209/1857/1935
f 1209/1857/1936 1427/1856/1936 1428/1858/1936
f 1424/1852/1937 1213/1851/1937 1429/1859/1937
f 1429/1859/1938 1213/1851/1938 1212/1860/1938
f 1429/1859/1939 1212/1860/1939 1430/1861/1939
f 1430/1861/1940 1212/1860/1940 1211/1862/1940
f 1430/1861/1941 1211/1862/1941 1428/1858/1941
f 1428/1858/1942 1211/1862/1942 1210/1863/1942
f 1428/1858/1943 1210/1863/1943 1209/1857/1943
f 1431/1864/1944 1177/1865/1944 1432/1866/1944
f 1432/1866/1945 1177/1865/1945 1171/1867/1945
f 1432/1866/1946 1171/1867/1946 1433/1868/1946
f 1194/1855/1947 1197/1869/1947 1425/1853/1947
f 1425/1853/1948 1197/1869/1948 1189/1870/1948
f 1425/1853/1949 1189/1870/1949 1434/1871/1949
f 1434/1871/1950 1189/1870/1950 1188/1872/1950
f 1434/1871/1951 1188/1872/1951 1435/1873/1951
f 1435/1873/1952 1188/1872/1952 1187/1874/1952
f 1435/1873/1953 1187/1874/1953 1436/1875/1953
f 1436/1875/1954 1187/1874/1954 1174/1876/1954
f 1436/1877/1955 1174/1878/1955 1437/1879/1955
f 1437/1880/1956 1174/1881/1956 1176/1882/1956
f 1437/1879/1957 1176/1883/1957 1438/1884/1957
f 1438/1884/1958 1176/1883/1958 1168/1885/1958
f 1438/1884/1959 1168/1885/1959 1439/1886/1959
f 1439/1886/1960 1168/1885/1960 1167/1887/1960
f 1439/1886/1961 1167/1887/1961 1440/1888/1961
f 1440/1888/1962 1167/1887/1962 1180/1889/1962
f 1440/1888/1963 1180/1889/1963 1441/1890/1963
f 1441/1890/1964 1180/1889/1964 1179/1891/1964
f 1441/1890/1965 1179/1891/1965 1442/1892/1965
f 1442/1892/1966 1179/1891/1966 1173/1893/1966
f 1442/1892/1967 1173/1893/1967 1443/1894/1967
f 1443/1894/1968 1173/1893/1968 1172/1895/1968
f 1443/1894/1967 1172/1895/1967 1431/1864/1967
f 1431/1864/1969 1172/1895/1969 1178/1896/1969
f 1431/1864/1970 1178/1896/1970 1177/1865/1970
f 1433/1868/1971 1171/1867/1971 1444/1897/1971
f 1444/1897/1972 1171/1867/1972 1170/1898/1972
f 1444/1897/1973 1170/1898/1973 1445/1899/1973
f 1445/1899/1974 1170/1898/1974 1169/1900/1974
f 1445/1899/1975 1169/1900/1975 1446/1901/1975
f 1446/1901/1976 1169/1900/1976 1155/1902/1976
f 1446/1901/1977 1155/1902/1977 1447/1903/1977
f 1447/1903/1978 1155/1902/1978 1157/1904/1978
f 1447/1903/1979 1157/1904/1979 1448/1905/1979
f 1448/1905/1980 1157/1904/1980 1166/1906/1980
f 1448/1905/1981 1166/1906/1981 1449/1907/1981
f 1166/1906/1982 1165/1908/1982 1449/1907/1982
f 1449/1907/1983 1165/1908/1983 1164/1909/1983
f 1449/1907/1984 1164/1909/1984 1450/1910/1984
f 1450/1910/1985 1164/1909/1985 1162/1911/1985
f 1450/1910/1986 1162/1911/1986 1451/1912/1986
f 1162/1911/1987 1147/1913/1987 1451/1912/1987
f 1451/1912/1988 1147/1913/1988 1149/1914/1988
f 1451/1912/1989 1149/1914/1989 1452/1915/1989
f 1452/1915/1990 1149/1914/1990 1146/1916/1990
f 1452/1915/1991 1146/1916/1991 1453/1917/1991
f 1453/1917/1992 1146/1916/1992 1145/1918/1992
f 1453/1917/1993 1145/1918/1993 1454/1919/1993
f 1454/1919/1994 1145/1918/1994 1144/1920/1994
f 1454/1919/1995 1144/1920/1995 1455/1921/1995
f 1455/1921/1996 1144/1920/1996 1143/1922/1996
f 1456/1923/1997 1457/1924/1997 1268/1925/1997
f 1268/408/1998 1457/408/1998 1458/408/1998
f 1268/1926/1999 1458/1927/1999 1142/1928/1999
f 1142/1928/2000 1458/1927/2000 1459/1929/2000
f 1142/1928/2001 1459/1929/2001 1143/1922/2001
f 1143/1922/2002 1459/1929/2002 1460/1930/2002
f 1143/1922/2003 1460/1930/2003 1455/1921/2003
f 1267/1931/2004 1461/1932/2004 1270/1933/2004
f 1270/1933/2005 1461/1932/2005 1456/1923/2005
f 1270/1933/2006 1456/1923/2006 1271/1934/2006
f 1271/1934/2007 1456/1923/2007 1268/1925/2007
f 1267/1931/2004 1253/1935/2004 1461/1932/2004
f 1461/1932/2008 1253/1935/2008 1255/1936/2008
f 1461/1932/2009 1255/1936/2009 1462/1937/2009
f 1255/1936/2010 1257/1938/2010 1462/1937/2010
f 1462/1937/2011 1257/1938/2011 1259/1939/2011
f 1462/1937/2012 1259/1939/2012 1463/1940/2012
f 1259/1939/2013 1261/1941/2013 1463/1940/2013
f 1463/1940/2013 1261/1941/2013 1263/1942/2013
f 1463/1940/2014 1263/1942/2014 1464/1943/2014
f 1464/1943/2015 1263/1942/2015 1265/1944/2015
f 1464/1943/2016 1265/1944/2016 1465/1945/2016
f 1465/1945/2015 1265/1944/2015 1221/1946/2015
f 1465/1945/2017 1221/1946/2017 1466/1947/2017
f 1221/1946/2018 1244/1948/2018 1466/1947/2018
f 1466/1947/2018 1244/1948/2018 1225/1949/2018
f 1466/1947/2019 1225/1949/2019 1467/1950/2019
f 1467/1950/2020 1225/1949/2020 1239/1951/2020
f 1467/1950/2019 1239/1951/2019 1468/1952/2019
f 1469/1953/2021 1156/1954/2021 1470/1955/2021
f 1470/1955/2022 1156/1954/2022 1191/1956/2022
f 1470/1955/2023 1191/1956/2023 1471/1957/2023
f 1471/1957/2024 1191/1956/2024 1190/1958/2024
f 1471/1957/2025 1190/1958/2025 1472/1959/2025
f 1472/1959/2026 1190/1958/2026 1186/1960/2026
f 1472/1959/2027 1186/1960/2027 1473/1961/2027
f 1473/1961/2028 1186/1960/2028 1185/1962/2028
f 1473/1961/2029 1185/1962/2029 1474/1963/2029
f 1474/1963/2030 1185/1962/2030 1184/1964/2030
f 1474/1963/2031 1184/1964/2031 1475/1965/2031
f 1475/1965/2032 1184/1964/2032 1183/1966/2032
f 1475/1965/2033 1183/1966/2033 1401/1805/2033
f 1401/1805/2034 1183/1966/2034 1203/1967/2034
f 1401/1805/2035 1203/1967/2035 1202/1806/2035
f 1152/1968/2036 1151/1969/2036 1476/1970/2036
f 1476/1970/2037 1151/1969/2037 1150/1971/2037
f 1476/1970/2038 1150/1971/2038 1477/1972/2038
f 1477/1972/2039 1150/1971/2039 1148/1973/2039
f 1477/1972/2040 1148/1973/2040 1478/1974/2040
f 1478/1974/2041 1148/1973/2041 1163/1975/2041
f 1478/1974/2042 1163/1975/2042 1479/1976/2042
f 1479/1976/2043 1163/1975/2043 1159/1977/2043
f 1479/1976/2044 1159/1977/2044 1480/1978/2044
f 1480/1978/2045 1159/1977/2045 1161/1979/2045
f 1480/1978/2046 1161/1979/2046 1469/1953/2046
f 1469/1953/2047 1161/1979/2047 1158/1980/2047
f 1469/1953/2047 1158/1980/2047 1156/1954/2047
f 1476/1970/2048 1481/1981/2048 1152/1968/2048
f 1152/1968/2049 1481/1981/2049 1482/1982/2049
f 1152/1968/2050 1482/1982/2050 1153/1983/2050
f 1153/1983/2051 1482/1982/2051 1483/1984/2051
f 1153/1983/2052 1483/1984/2052 1154/1985/2052
f 1154/1985/2053 1483/1984/2053 1484/1986/2053
f 1154/1985/2054 1484/1986/2054 1141/1987/2054
f 1141/1987/2055 1484/1986/2055 1485/1988/2055
f 1141/1987/2056 1485/1988/2056 1269/1989/2056
f 1485/408/2057 1486/408/2057 1269/408/2057
f 1269/1990/2058 1486/1991/2058 1487/1992/2058
f 1269/1990/2059 1487/1992/2059 1272/1993/2059
f 1272/1993/2060 1487/1992/2060 1488/1994/2060
f 1489/1995/2061 1254/626/2061 1488/1994/2061
f 1488/1994/2062 1254/626/2062 1273/1996/2062
f 1488/1994/2063 1273/1996/2063 1272/1993/2063
f 1264/1997/2064 1262/1998/2064 1490/1999/2064
f 1490/1999/2065 1262/1998/2065 1260/2000/2065
f 1490/1999/2066 1260/2000/2066 1491/2001/2066
f 1491/2001/2067 1260/2000/2067 1258/2002/2067
f 1491/2001/2068 1258/2002/2068 1489/1995/2068
f 1489/1995/2069 1258/2002/2069 1256/2003/2069
f 1489/1995/2069 1256/2003/2069 1254/626/2069
f 1264/1997/2064 1490/1999/2064 1266/2004/2064
f 1266/2004/2070 1490/1999/2070 1492/2005/2070
f 1266/2004/2071 1492/2005/2071 206/650/2071
f 206/650/2072 1492/2005/2072 1493/2006/2072
f 206/650/2073 1493/2006/2073 1240/2007/2073
f 1240/2007/2072 1493/2006/2072 1494/2008/2072
f 1240/2007/2074 1494/2008/2074 1241/2009/2074
f 1241/2009/2075 1494/2008/2075 1495/2010/2075
f 1241/2009/2076 1495/2010/2076 220/662/2076
f 1496/2011/2077 1398/1802/2077 1397/1801/2077
f 1397/1801/2078 1497/2012/2078 1496/2011/2078
f 1496/2011/2079 1497/2012/2079 1498/2013/2079
f 1496/2011/2080 1498/2013/2080 1499/2014/2080
f 1499/2014/2081 1498/2013/2081 1500/2015/2081
f 1499/2014/2082 1500/2015/2082 1501/2016/2082
f 1501/2016/2083 1500/2015/2083 1502/2017/2083
f 1501/2016/2084 1502/2017/2084 1503/2018/2084
f 1503/2018/2085 1502/2017/2085 1504/2019/2085
f 1503/2018/2086 1504/2019/2086 1505/2020/2086
f 1505/2020/2087 1504/2019/2087 1506/2021/2087
f 1505/2020/2088 1506/2021/2088 1507/2022/2088
f 1507/2022/2089 1506/2021/2089 1508/2023/2089
f 1507/2024/2090 1508/2025/2090 1509/2026/2090
f 1509/2026/2091 1508/2025/2091 1510/2027/2091
f 1509/2026/2092 1510/2027/2092 1511/2028/2092
f 1511/2029/2093 1510/2030/2093 1512/2031/2093
f 1511/2029/2094 1512/2031/2094 1513/2032/2094
f 1513/2032/2095 1512/2031/2095 1514/2033/2095
f 1513/2032/2096 1514/2033/2096 1515/2034/2096
f 1515/2034/2097 1514/2033/2097 1516/2035/2097
f 1515/2034/2098 1516/2035/2098 237/682/2098
f 237/682/2099 1516/2035/2099 230/683/2099
f 122/126/1738 1248/2036/1738 1517/2037/1738
f 1517/2037/2100 1248/2036/2100 1518/2038/2100
f 1517/2037/2101 1518/2038/2101 1519/2039/2101
f 1519/2039/2102 1518/2038/2102 1520/2040/2102
f 1519/2039/2103 1520/2040/2103 1521/2041/2103
f 1521/2041/2104 1520/2040/2104 1522/2042/2104
f 1521/2041/2105 1522/2042/2105 1523/2043/2105
f 1523/2043/2106 1522/2042/2106 1524/2044/2106
f 1523/2043/2107 1524/2044/2107 1525/2045/2107
f 1525/2045/2108 1524/2044/2108 1526/2046/2108
f 1525/2045/2109 1526/2046/2109 1527/2047/2109
f 1527/2048/2110 1526/2049/2110 1528/2050/2110
f 1527/2048/2111 1528/2050/2111 1529/2051/2111
f 1529/2051/2112 1528/2050/2112 1530/2052/2112
f 1529/2051/2113 1530/2052/2113 1531/2053/2113
f 1531/2053/2114 1530/2052/2114 1532/2054/2114
f 1531/2053/2115 1532/2054/2115 1533/2055/2115
f 1533/2055/2116 1532/2054/2116 1534/2056/2116
f 1533/2055/2117 1534/2056/2117 1535/2057/2117
f 1535/2057/2118 1534/2056/2118 1536/2058/2118
f 1535/2057/2119 1536/2058/2119 1537/2059/2119
f 1537/2059/2120 1536/2058/2120 1047/1436/2120
f 1537/2059/1716 1047/1436/1716 1045/1434/1716
f 1252/735/2121 225/737/2121 1538/2060/2121
f 1538/2060/2122 225/737/2122 1539/2061/2122
f 1538/2060/2123 1539/2061/2123 1540/2062/2123
f 1540/2062/2124 1539/2061/2124 1541/2063/2124
f 1540/2062/2125 1541/2063/2125 1542/2064/2125
f 1542/2064/2126 1541/2063/2126 1543/2065/2126
f 1542/2064/2127 1543/2065/2127 1544/2066/2127
f 1543/2065/2128 1545/2067/2128 1544/2066/2128
f 1544/2066/2129 1545/2067/2129 1546/2068/2129
f 1544/2066/2130 1546/2068/2130 1547/2069/2130
f 1547/2069/2131 1546/2068/2131 1548/2070/2131
f 1547/2071/2132 1548/2072/2132 1549/2073/2132
f 1549/2073/2132 1548/2072/2132 1550/2074/2132
f 1548/2072/2133 1551/2075/2133 1550/2074/2133
f 1550/2074/2134 1551/2075/2134 1552/2076/2134
f 1550/2074/2135 1552/2076/2135 1553/2077/2135
f 1553/2077/2135 1552/2076/2135 1554/2078/2135
f 1394/1798/2136 1393/1797/2136 1555/2079/2136
f 1555/2079/2137 1393/1797/2137 1556/2080/2137
f 1555/2079/2138 1556/2080/2138 1557/2081/2138
f 1557/2081/2139 1556/2080/2139 1554/2078/2139
f 1557/2081/2140 1554/2078/2140 1558/2082/2140
f 1558/2082/2141 1554/2078/2141 1552/2076/2141
f 1238/2083/2020 1559/2084/2020 1239/1951/2020
f 1239/1951/2020 1559/2084/2020 1560/2085/2020
f 1239/1951/2020 1560/2085/2020 1561/2086/2020
f 1561/2086/2020 1562/2087/2020 1239/1951/2020
f 1239/1951/2020 1562/2087/2020 1563/2088/2020
f 1239/1951/2020 1563/2088/2020 1468/1952/2020
f 1564/2089/2076 1565/2090/2076 220/662/2076
f 220/662/2076 1565/2090/2076 1566/2091/2076
f 220/662/2076 1566/2091/2076 219/744/2076
f 1495/2010/2076 1567/2092/2076 220/662/2076
f 220/662/2076 1567/2092/2076 1568/2093/2076
f 220/662/2076 1568/2093/2076 1564/2089/2076
f 1569/2094/2142 1394/1798/2142 1555/2079/2142
f 1045/1434/2143 1569/2094/2143 1570/2095/2143
f 1569/2094/2142 1555/2079/2142 1570/2095/2142
f 1570/2095/2144 1555/2079/2144 1557/2081/2144
f 1570/2095/2144 1557/2081/2144 1571/2096/2144
f 1571/2096/2145 1557/2081/2145 1558/2082/2145
f 1571/2096/2145 1558/2082/2145 1572/2097/2145
f 1572/2097/2146 1558/2082/2146 1552/2076/2146
f 1572/2097/2147 1552/2076/2147 1573/2098/2147
f 1573/2098/2148 1552/2076/2148 1551/2075/2148
f 1573/2098/2148 1551/2075/2148 1574/2099/2148
f 1574/2099/2149 1551/2075/2149 1548/2072/2149
f 1574/2099/2149 1548/2072/2149 1575/2100/2149
f 1575/2101/2150 1548/2070/2150 1546/2068/2150
f 1575/2101/2150 1546/2068/2150 1576/2102/2150
f 1576/2102/2151 1546/2068/2151 1545/2067/2151
f 1576/2102/2152 1545/2067/2152 1577/2103/2152
f 1577/2103/2153 1545/2067/2153 1543/2065/2153
f 1577/2103/2154 1543/2065/2154 1578/2104/2154
f 1578/2104/2155 1543/2065/2155 1541/2063/2155
f 1578/2104/2155 1541/2063/2155 1579/2105/2155
f 1579/2105/2156 1541/2063/2156 1539/2061/2156
f 1579/2105/2156 1539/2061/2156 1580/2106/2156
f 1580/2106/2157 1539/2061/2157 225/737/2157
f 1580/2106/2157 225/737/2157 226/750/2157
f 1045/1434/2143 1570/2095/2143 1537/2059/2143
f 1537/2059/2158 1570/2095/2158 1571/2096/2158
f 1537/2059/2158 1571/2096/2158 1535/2057/2158
f 1535/2057/2159 1571/2096/2159 1572/2097/2159
f 1535/2057/2159 1572/2097/2159 1533/2055/2159
f 1533/2055/2160 1572/2097/2160 1573/2098/2160
f 1533/2055/2160 1573/2098/2160 1531/2053/2160
f 1531/2053/2161 1573/2098/2161 1574/2099/2161
f 1531/2053/2161 1574/2099/2161 1529/2051/2161
f 1529/2051/2162 1574/2099/2162 1575/2100/2162
f 1529/2051/2162 1575/2100/2162 1527/2048/2162
f 1527/2047/2163 1575/2101/2163 1576/2102/2163
f 1527/2047/2163 1576/2102/2163 1525/2045/2163
f 1525/2045/2164 1576/2102/2164 1577/2103/2164
f 1525/2045/2164 1577/2103/2164 1523/2043/2164
f 1523/2043/2165 1577/2103/2165 1578/2104/2165
f 1523/2043/2165 1578/2104/2165 1521/2041/2165
f 1521/2041/2166 1578/2104/2166 1579/2105/2166
f 1521/2041/2166 1579/2105/2166 1519/2039/2166
f 1519/2039/2167 1579/2105/2167 1580/2106/2167
f 1519/2039/2167 1580/2106/2167 1517/2037/2167
f 1517/2037/2168 1580/2106/2168 226/750/2168
f 1517/2037/2168 226/750/2168 122/126/2168
f 1581/2107/2169 1343/1747/2169 1394/1798/2169
f 1394/1798/2169 1569/2094/2169 1581/2107/2169
f 1581/2107/2170 1569/2094/2170 1045/1434/2170
f 1581/2107/2170 1045/1434/2170 1044/1433/2170
f 1343/1747/2171 1581/2107/2171 1582/2108/2171
f 1068/1457/2172 1070/1459/2172 1583/2109/2172
f 1341/1745/2173 1340/1744/2173 1584/2110/2173
f 1584/2110/2174 1340/1744/2174 1338/1742/2174
f 1584/2110/2175 1338/1742/2175 1585/2111/2175
f 1585/2111/2176 1338/1742/2176 1336/1740/2176
f 1585/2111/2176 1336/1740/2176 1586/2112/2176
f 1586/2112/2177 1336/1740/2177 1334/1738/2177
f 1586/2112/2178 1334/1738/2178 1587/2113/2178
f 1334/1738/2179 1331/1735/2179 1587/2113/2179
f 1587/2113/2180 1331/1735/2180 1330/1734/2180
f 1587/2113/2181 1330/1734/2181 1588/2114/2181
f 1352/1756/2182 1589/2115/2182 1350/1754/2182
f 1350/1754/2182 1589/2115/2182 1588/2114/2182
f 1350/1754/2182 1588/2114/2182 1348/1752/2182
f 1348/1752/2181 1588/2114/2181 1330/1734/2181
f 1352/1756/2183 1354/1758/2183 1589/2115/2183
f 1589/2115/2184 1354/1758/2184 1356/1760/2184
f 1589/2115/2185 1356/1760/2185 1590/2116/2185
f 1590/2116/2186 1356/1760/2186 1358/1762/2186
f 1590/2116/2186 1358/1762/2186 1582/2108/2186
f 1582/2108/2186 1358/1762/2186 1345/1749/2186
f 1582/2108/2171 1345/1749/2171 1343/1747/2171
f 1275/1679/2173 1341/1745/2173 1583/2109/2173
f 1583/2109/2173 1341/1745/2173 1584/2110/2173
f 1583/2109/2172 1584/2110/2172 1068/1457/2172
f 1068/1457/2187 1584/2110/2187 1585/2111/2187
f 1068/1457/2187 1585/2111/2187 1061/1450/2187
f 1061/1450/2188 1585/2111/2188 1586/2112/2188
f 1061/1450/2188 1586/2112/2188 1062/1451/2188
f 1062/1451/2189 1586/2112/2189 1587/2113/2189
f 1062/1451/2190 1587/2113/2190 1064/1453/2190
f 1064/1453/2191 1587/2113/2191 1588/2114/2191
f 1064/1453/2192 1588/2114/2192 1065/1454/2192
f 1065/1454/2193 1588/2114/2193 1589/2115/2193
f 1065/1454/2193 1589/2115/2193 1054/1443/2193
f 1054/1443/2194 1589/2115/2194 1590/2116/2194
f 1054/1443/2194 1590/2116/2194 1055/1444/2194
f 1055/1444/2195 1590/2116/2195 1582/2108/2195
f 1055/1444/2195 1582/2108/2195 1057/1446/2195
f 1057/1446/2196 1582/2108/2196 1581/2107/2196
f 1057/1446/2196 1581/2107/2196 1044/1433/2196
f 1275/1679/2197 1583/2109/2197 1591/2117/2197
f 1275/1679/2197 1591/2117/2197 1277/1681/2197
f 1277/1681/2198 1591/2117/2198 1592/2118/2198
f 1277/1681/2198 1592/2118/2198 1280/1684/2198
f 1280/1684/2199 1592/2118/2199 1593/2119/2199
f 1280/1684/2199 1593/2119/2199 1278/1682/2199
f 1278/1682/2200 1593/2119/2200 1594/2120/2200
f 1278/1682/2200 1594/2120/2200 1287/1691/2200
f 1287/1691/2201 1594/2120/2201 1595/2121/2201
f 1287/1691/2201 1595/2121/2201 1285/1689/2201
f 1285/1689/2202 1595/2121/2202 1596/2122/2202
f 1285/1689/2202 1596/2122/2202 1291/1695/2202
f 1291/1695/2203 1596/2122/2203 1597/2123/2203
f 1291/1695/2204 1597/2123/2204 1293/1697/2204
f 1293/1697/2205 1597/2123/2205 1598/2124/2205
f 1293/1697/2205 1598/2124/2205 1295/1699/2205
f 1295/1699/2206 1598/2124/2206 1599/2125/2206
f 1295/1699/2206 1599/2125/2206 1298/1702/2206
f 1298/1702/2207 1599/2125/2207 1600/2126/2207
f 1298/1702/2207 1600/2126/2207 1300/1704/2207
f 1300/1704/2208 1600/2126/2208 1601/2127/2208
f 1300/1704/2208 1601/2127/2208 1303/1707/2208
f 1303/1707/2209 1601/2127/2209 1602/2128/2209
f 1303/1707/2209 1602/2128/2209 1305/1709/2209
f 1305/1709/2210 1602/2128/2210 1603/2129/2210
f 1305/1709/2210 1603/2129/2210 1308/1712/2210
f 1308/1712/2211 1603/2129/2211 1604/2130/2211
f 1308/1712/2212 1604/2130/2212 1311/1715/2212
f 1311/1715/2213 1604/2130/2213 1605/2131/2213
f 1311/1715/2213 1605/2131/2213 1314/1718/2213
f 1314/1718/2214 1605/2131/2214 1606/2132/2214
f 1314/1718/2214 1606/2132/2214 1317/1721/2214
f 1317/1721/2215 1606/2132/2215 1607/2133/2215
f 1317/1721/2215 1607/2133/2215 1319/1723/2215
f 1319/1723/2216 1607/2133/2216 1608/2134/2216
f 1319/1723/2216 1608/2134/2216 1322/1726/2216
f 1322/1726/2217 1608/2134/2217 1609/2135/2217
f 1322/1726/2217 1609/2135/2217 1325/1729/2217
f 1079/1468/2218 1095/1484/2218 1610/2136/2218
f 1327/1731/2219 1325/1729/2219 1610/2136/2219
f 1610/2136/2219 1325/1729/2219 1609/2135/2219
f 1610/2136/2218 1609/2135/2218 1079/1468/2218
f 1079/1468/2220 1609/2135/2220 1608/2134/2220
f 1079/1468/2220 1608/2134/2220 1090/1479/2220
f 1090/1479/2221 1608/2134/2221 1607/2133/2221
f 1090/1479/2221 1607/2133/2221 1091/1480/2221
f 1091/1480/2222 1607/2133/2222 1606/2132/2222
f 1091/1480/2222 1606/2132/2222 1104/1493/2222
f 1104/1493/2223 1606/2132/2223 1605/2131/2223
f 1104/1493/2223 1605/2131/2223 1105/1494/2223
f 1105/1494/2224 1605/2131/2224 1604/2130/2224
f 1105/1494/2224 1604/2130/2224 1106/1495/2224
f 1106/1495/2225 1604/2130/2225 1603/2129/2225
f 1106/1495/2225 1603/2129/2225 1098/1487/2225
f 1098/1487/2226 1603/2129/2226 1602/2128/2226
f 1098/1487/2227 1602/2128/2227 1096/1485/2227
f 1096/1485/2228 1602/2128/2228 1601/2127/2228
f 1096/1485/2228 1601/2127/2228 1085/1474/2228
f 1085/1474/2229 1601/2127/2229 1600/2126/2229
f 1085/1474/2229 1600/2126/2229 1611/1475/2229
f 1611/1475/2230 1600/2126/2230 1599/2125/2230
f 1611/1475/2230 1599/2125/2230 1088/1477/2230
f 1088/1477/2231 1599/2125/2231 1598/2124/2231
f 1088/1477/2231 1598/2124/2231 1089/1478/2231
f 1089/1478/2232 1598/2124/2232 1597/2123/2232
f 1089/1478/2232 1597/2123/2232 1083/1472/2232
f 1083/1472/2233 1597/2123/2233 1596/2122/2233
f 1083/1472/2233 1596/2122/2233 1084/1473/2233
f 1084/1473/2234 1596/2122/2234 1595/2121/2234
f 1084/1473/2234 1595/2121/2234 1077/1466/2234
f 1077/1466/2235 1595/2121/2235 1594/2120/2235
f 1077/1466/2235 1594/2120/2235 1078/1467/2235
f 1078/1467/2236 1594/2120/2236 1593/2119/2236
f 1078/1467/2236 1593/2119/2236 1075/1464/2236
f 1075/1464/2237 1593/2119/2237 1592/2118/2237
f 1075/1464/2237 1592/2118/2237 1073/1462/2237
f 1073/1462/2238 1592/2118/2238 1591/2117/2238
f 1073/1462/2238 1591/2117/2238 1072/1461/2238
f 1072/1461/2239 1591/2117/2239 1583/2109/2239
f 1072/1461/2239 1583/2109/2239 1070/1459/2239
f 1327/1731/2240 1610/2136/2240 1612/2137/2240
f 1053/408/2241 1613/408/2241 1614/408/2241
f 1614/408/2242 1613/408/2242 1361/408/2242
f 1614/2138/2243 1361/1765/2243 1615/2139/2243
f 1615/2139/2244 1361/1765/2244 1392/1796/2244
f 1392/1796/2245 1391/1795/2245 1615/2139/2245
f 1615/2139/2246 1391/1795/2246 1389/1793/2246
f 1615/2139/2246 1389/1793/2246 1616/2140/2246
f 1616/2140/2247 1389/1793/2247 1387/1791/2247
f 1616/2140/2248 1387/1791/2248 1617/2141/2248
f 1387/1791/2248 1385/1789/2248 1617/2141/2248
f 1617/2141/2249 1385/1789/2249 1383/1787/2249
f 1617/2141/2250 1383/1787/2250 1618/2142/2250
f 1618/2142/2250 1383/1787/2250 1381/1785/2250
f 1618/2142/2251 1381/1785/2251 1619/2143/2251
f 1619/2143/2252 1381/1785/2252 1379/1783/2252
f 1379/1783/2252 1377/1781/2252 1619/2143/2252
f 1619/2143/2253 1377/1781/2253 1375/1779/2253
f 1619/2143/2253 1375/1779/2253 1620/2144/2253
f 1620/2144/2254 1375/1779/2254 1373/1777/2254
f 1620/2144/2255 1373/1777/2255 1621/2145/2255
f 1373/1777/2255 1371/1775/2255 1621/2145/2255
f 1621/2145/2256 1371/1775/2256 1369/1773/2256
f 1621/2145/2256 1369/1773/2256 1622/2146/2256
f 1622/2146/2257 1369/1773/2257 1367/1771/2257
f 1622/2146/2257 1367/1771/2257 1612/2137/2257
f 1612/2137/2257 1367/1771/2257 1365/1769/2257
f 1612/2137/2240 1365/1769/2240 1327/1731/2240
f 1053/408/2258 1614/408/2258 1116/408/2258
f 1116/1505/2259 1614/2138/2259 1615/2139/2259
f 1116/1505/2259 1615/2139/2259 1117/1506/2259
f 1117/1506/2260 1615/2139/2260 1616/2140/2260
f 1117/1506/2260 1616/2140/2260 1118/1507/2260
f 1118/1507/2261 1616/2140/2261 1617/2141/2261
f 1118/1507/2261 1617/2141/2261 1113/1502/2261
f 1113/1502/2262 1617/2141/2262 1618/2142/2262
f 1113/1502/2262 1618/2142/2262 1111/1500/2262
f 1111/1500/2263 1618/2142/2263 1619/2143/2263
f 1111/1500/2263 1619/2143/2263 1099/1488/2263
f 1099/1488/2264 1619/2143/2264 1620/2144/2264
f 1099/1488/2264 1620/2144/2264 1100/1489/2264
f 1100/1489/2265 1620/2144/2265 1621/2145/2265
f 1100/1489/2266 1621/2145/2266 1102/1491/2266
f 1102/1491/2267 1621/2145/2267 1622/2146/2267
f 1102/1491/2267 1622/2146/2267 1103/1492/2267
f 1103/1492/2268 1622/2146/2268 1612/2137/2268
f 1103/1492/2268 1612/2137/2268 1094/1483/2268
f 1094/1483/2269 1612/2137/2269 1610/2136/2269
f 1094/1483/2269 1610/2136/2269 1095/1484/2269
f 1397/1801/2242 1361/1765/2242 1623/2147/2242
f 1623/2147/2242 1361/1765/2242 1613/2148/2242
f 1623/2147/2241 1613/2148/2241 1051/1440/2241
f 1051/1440/2241 1613/2148/2241 1053/1442/2241
f 229/814/2270 230/683/2270 1516/2035/2270
f 1/1/2271 229/814/2271 1624/2149/2271
f 229/814/2270 1516/2035/2270 1624/2149/2270
f 1624/2149/2272 1516/2035/2272 1514/2033/2272
f 1624/2149/2272 1514/2033/2272 1625/2150/2272
f 1625/2150/2273 1514/2033/2273 1512/2031/2273
f 1625/2150/2273 1512/2031/2273 1626/2151/2273
f 1626/2151/2274 1512/2031/2274 1510/2030/2274
f 1626/2151/2275 1510/2030/2275 1627/2152/2275
f 1627/2152/2276 1510/2030/2276 1508/2153/2276
f 1627/2152/2276 1508/2153/2276 1628/2154/2276
f 1628/2155/2277 1508/2023/2277 1506/2021/2277
f 1628/2155/2278 1506/2021/2278 1629/2156/2278
f 1629/2156/2279 1506/2021/2279 1504/2019/2279
f 1629/2156/2280 1504/2019/2280 1630/2157/2280
f 1630/2157/2281 1504/2019/2281 1502/2017/2281
f 1630/2157/2281 1502/2017/2281 1631/2158/2281
f 1631/2158/2282 1502/2017/2282 1500/2015/2282
f 1631/2158/2282 1500/2015/2282 1632/2159/2282
f 1632/2159/2283 1500/2015/2283 1498/2013/2283
f 1632/2159/2283 1498/2013/2283 1633/2160/2283
f 1633/2160/2284 1498/2013/2284 1497/2012/2284
f 1633/2160/2284 1497/2012/2284 1634/2161/2284
f 1634/2161/2285 1497/2012/2285 1397/1801/2285
f 1634/2161/2285 1397/1801/2285 1623/2147/2285
f 1/1/2271 1624/2149/2271 1139/1530/2271
f 1139/1530/2286 1624/2149/2286 1625/2150/2286
f 1139/1530/2286 1625/2150/2286 1137/1528/2286
f 1137/1528/2287 1625/2150/2287 1626/2151/2287
f 1137/1528/2287 1626/2151/2287 1135/1526/2287
f 1135/1526/2288 1626/2151/2288 1627/2152/2288
f 1135/1526/2288 1627/2152/2288 1133/1524/2288
f 1133/1524/2289 1627/2152/2289 1628/2154/2289
f 1133/1524/2289 1628/2154/2289 1131/1522/2289
f 1131/1522/2290 1628/2154/2290 1629/2162/2290
f 1131/1522/2290 1629/2162/2290 1129/1519/2290
f 1129/1518/2291 1629/2156/2291 1630/2157/2291
f 1129/1518/2291 1630/2157/2291 1127/1516/2291
f 1127/1516/2292 1630/2157/2292 1631/2158/2292
f 1127/1516/2292 1631/2158/2292 1125/1514/2292
f 1125/1514/2293 1631/2158/2293 1632/2159/2293
f 1125/1514/2293 1632/2159/2293 1123/1512/2293
f 1123/1512/2294 1632/2159/2294 1633/2160/2294
f 1123/1512/2294 1633/2160/2294 1121/1510/2294
f 1121/1510/2295 1633/2160/2295 1634/2161/2295
f 1121/1510/2295 1634/2161/2295 1119/1508/2295
f 1119/1508/2296 1634/2161/2296 1623/2147/2296
f 1119/1508/2296 1623/2147/2296 1051/1440/2296
f 1246/2163/2297 1252/735/2297 1538/2060/2297
f 1247/2164/2298 1246/2165/2298 1635/2166/2298
f 1238/2083/2299 1237/2167/2299 1635/2166/2299
f 1237/2167/2300 1251/2168/2300 1635/2166/2300
f 1635/2166/2301 1251/2168/2301 1249/2169/2301
f 1635/2166/2301 1249/2169/2301 1247/2164/2301
f 1246/2163/2302 1538/2060/2302 1635/2170/2302
f 1635/2170/2303 1538/2060/2303 1540/2062/2303
f 1635/2170/2304 1540/2062/2304 1636/2171/2304
f 1540/2062/2305 1542/2064/2305 1636/2171/2305
f 1636/2172/2306 1542/2173/2306 1544/2174/2306
f 1636/2172/2307 1544/2174/2307 1637/2175/2307
f 1544/2174/2308 1547/2176/2308 1637/2175/2308
f 1637/2175/2309 1547/2176/2309 1549/2177/2309
f 1637/2175/2310 1549/2177/2310 1638/2178/2310
f 1549/2177/2311 1550/2179/2311 1638/2178/2311
f 1638/2178/2312 1550/2179/2312 1553/2180/2312
f 1638/2178/2313 1553/2180/2313 1639/2181/2313
f 1393/2182/2314 1640/2183/2314 1556/2184/2314
f 1556/2184/2315 1640/2183/2315 1639/2181/2315
f 1556/2184/2316 1639/2181/2316 1554/2185/2316
f 1554/2185/2317 1639/2181/2317 1553/2180/2317
f 1238/2083/2318 1635/2166/2318 1559/2084/2318
f 1559/2084/2319 1635/2166/2319 1636/2172/2319
f 1559/2084/2320 1636/2172/2320 1560/2085/2320
f 1560/2085/2321 1636/2172/2321 1637/2175/2321
f 1560/2085/2322 1637/2175/2322 1561/2086/2322
f 1561/2086/2323 1637/2175/2323 1638/2178/2323
f 1561/2086/2324 1638/2178/2324 1562/2087/2324
f 1562/2087/2325 1638/2178/2325 1639/2181/2325
f 1562/2087/2326 1639/2181/2326 1563/2088/2326
f 1563/2088/2327 1639/2181/2327 1640/2183/2327
f 1563/2088/2328 1640/2183/2328 1468/1952/2328
f 1641/2186/2329 1466/1947/2329 1640/2183/2329
f 1640/2183/2329 1466/1947/2329 1467/1950/2329
f 1640/2183/2329 1467/1950/2329 1468/1952/2329
f 1462/1937/2330 1463/1940/2330 1642/2187/2330
f 1642/2187/2331 1463/1940/2331 1464/1943/2331
f 1642/2187/2332 1464/1943/2332 1641/2186/2332
f 1641/2186/2329 1464/1943/2329 1465/1945/2329
f 1641/2186/2329 1465/1945/2329 1466/1947/2329
f 1643/2188/2333 1457/1924/2333 1456/1923/2333
f 1643/2188/2334 1456/1923/2334 1642/2187/2334
f 1642/2187/2330 1456/1923/2330 1461/1932/2330
f 1642/2187/2330 1461/1932/2330 1462/1937/2330
f 1458/408/2335 1457/408/2335 1644/408/2335
f 1644/408/2336 1457/408/2336 1643/408/2336
f 1644/408/2337 1643/408/2337 1342/408/2338
f 1342/2189/2339 1643/2188/2339 1642/2187/2339
f 1342/2189/2340 1642/2187/2340 1396/2190/2340
f 1396/2190/2341 1642/2187/2341 1641/2186/2341
f 1396/2190/2342 1641/2186/2342 1395/2191/2342
f 1395/2191/2343 1641/2186/2343 1640/2183/2343
f 1395/2191/2344 1640/2183/2344 1393/2182/2344
f 1645/2192/2345 1442/1892/2345 1443/1894/2345
f 1645/2192/2345 1443/1894/2345 1646/2193/2345
f 1644/2194/2346 1342/2195/2346 1344/2196/2346
f 1458/1927/2347 1644/2194/2347 1647/2197/2347
f 1454/1919/2348 1455/1921/2348 1648/2198/2348
f 1648/2198/2349 1455/1921/2349 1460/1930/2349
f 1648/2198/2350 1460/1930/2350 1647/2197/2350
f 1647/2197/2351 1460/1930/2351 1459/1929/2351
f 1647/2197/2352 1459/1929/2352 1458/1927/2352
f 1360/2199/2353 1359/2200/2353 1649/2201/2353
f 1644/2194/2354 1344/2196/2354 1647/2197/2354
f 1647/2197/2355 1344/2196/2355 1360/2199/2355
f 1647/2197/2356 1360/2199/2356 1648/2198/2356
f 1648/2198/2357 1360/2199/2357 1649/2201/2357
f 1648/2198/2358 1649/2201/2358 1454/1919/2358
f 1450/1910/2359 1451/1912/2359 1650/2202/2359
f 1650/2202/2360 1451/1912/2360 1452/1915/2360
f 1650/2202/2361 1452/1915/2361 1649/2201/2361
f 1649/2201/2362 1452/1915/2362 1453/1917/2362
f 1649/2201/2363 1453/1917/2363 1454/1919/2363
f 1355/2203/2364 1353/2204/2364 1651/2205/2364
f 1449/1907/2365 1450/1910/2365 1651/2205/2365
f 1651/2205/2366 1450/1910/2366 1650/2202/2366
f 1651/2205/2367 1650/2202/2367 1355/2203/2367
f 1355/2203/2368 1650/2202/2368 1649/2201/2368
f 1355/2203/2369 1649/2201/2369 1357/2206/2369
f 1357/2206/2353 1649/2201/2353 1359/2200/2353
f 1353/2204/2364 1351/2207/2364 1651/2205/2364
f 1651/2205/2370 1351/2207/2370 1349/2208/2370
f 1651/2205/2371 1349/2208/2371 1652/2209/2371
f 1349/2208/2372 1347/2210/2372 1652/2209/2372
f 1652/2209/2373 1347/2210/2373 1346/2211/2373
f 1652/2209/2374 1346/2211/2374 1653/2212/2374
f 1449/1907/2375 1651/2205/2375 1448/1905/2375
f 1448/1905/2376 1651/2205/2376 1652/2209/2376
f 1448/1905/2377 1652/2209/2377 1447/1903/2377
f 1447/1903/2378 1652/2209/2378 1653/2212/2378
f 1447/1903/2379 1653/2212/2379 1446/1901/2379
f 1346/2211/2374 1332/2213/2374 1653/2212/2374
f 1653/2212/2380 1332/2213/2380 1333/2214/2380
f 1653/2212/2381 1333/2214/2381 1654/2215/2381
f 1654/2216/2382 1333/1737/2382 1335/1739/2382
f 1335/1739/2383 1655/2217/2383 1654/2216/2383
f 1654/2215/2384 1655/2218/2384 1444/1897/2384
f 1654/2215/2385 1444/1897/2385 1653/2212/2385
f 1653/2212/2386 1444/1897/2386 1445/1899/2386
f 1653/2212/2387 1445/1899/2387 1446/1901/2387
f 1443/1894/2345 1431/1864/2345 1646/2193/2345
f 1646/2193/2388 1431/1864/2388 1432/1866/2388
f 1646/2193/2389 1432/1866/2389 1655/2218/2389
f 1655/2218/2389 1432/1866/2389 1433/1868/2389
f 1655/2218/2390 1433/1868/2390 1444/1897/2390
f 1274/1678/2391 1645/2219/2391 1329/1733/2391
f 1329/1733/2391 1645/2219/2391 1646/2220/2391
f 1329/1733/2392 1646/2220/2392 1339/1743/2392
f 1339/1743/2393 1646/2220/2393 1655/2217/2393
f 1339/1743/2393 1655/2217/2393 1337/1741/2393
f 1337/1741/2394 1655/2217/2394 1335/1739/2394
f 1328/1732/2395 1656/2221/2395 1657/2222/2395
f 1657/2223/2396 1656/2224/2396 1401/1805/2396
f 1657/2223/2397 1401/1805/2397 1402/1807/2397
f 1645/2219/2398 1274/1678/2398 1276/1680/2398
f 1645/2219/2399 1276/1680/2399 1658/2225/2399
f 1658/2225/2400 1276/1680/2400 1282/1686/2400
f 1658/2225/2401 1282/1686/2401 1659/2226/2401
f 1442/1892/2402 1645/2192/2402 1441/1890/2402
f 1441/1890/2403 1645/2192/2403 1658/2227/2403
f 1441/1890/2404 1658/2227/2404 1440/1888/2404
f 1440/1888/2405 1658/2227/2405 1659/2228/2405
f 1440/1888/2406 1659/2228/2406 1439/1886/2406
f 1439/1886/2407 1659/2228/2407 1438/1884/2407
f 1282/1686/2400 1281/1685/2400 1659/2226/2400
f 1659/2226/2408 1281/1685/2408 1279/1683/2408
f 1659/2226/2408 1279/1683/2408 1660/2229/2408
f 1660/2229/2409 1279/1683/2409 1289/1693/2409
f 1660/2229/2409 1289/1693/2409 1661/2230/2409
f 1438/1884/2407 1659/2228/2407 1437/1879/2407
f 1437/1879/2407 1659/2228/2407 1660/2231/2407
f 1437/1879/2407 1660/2231/2407 1436/1877/2407
f 1436/1875/2410 1660/2232/2410 1661/2233/2410
f 1436/1875/2410 1661/2233/2410 1435/1873/2410
f 1289/1693/2409 1288/1692/2409 1661/2230/2409
f 1661/2230/2411 1288/1692/2411 1286/1690/2411
f 1661/2230/2411 1286/1690/2411 1662/2234/2411
f 1662/2234/2412 1286/1690/2412 1284/1688/2412
f 1662/2234/2412 1284/1688/2412 1663/2235/2412
f 1664/2236/2413 1427/1856/2413 1663/2237/2413
f 1663/2237/2414 1427/1856/2414 1426/1854/2414
f 1663/2237/2415 1426/1854/2415 1662/2238/2415
f 1662/2238/2415 1426/1854/2415 1425/1853/2415
f 1662/2238/2416 1425/1853/2416 1661/2233/2416
f 1661/2233/2416 1425/1853/2416 1434/1871/2416
f 1661/2233/2416 1434/1871/2416 1435/1873/2416
f 1290/2239/2417 1292/2240/2417 1665/2241/2417
f 1429/1859/2418 1430/1861/2418 1664/2236/2418
f 1664/2236/2418 1430/1861/2418 1428/1858/2418
f 1664/2236/2413 1428/1858/2413 1427/1856/2413
f 1292/2240/2417 1294/2242/2417 1665/2241/2417
f 1665/2241/2419 1294/2242/2419 1296/2243/2419
f 1665/2241/2419 1296/2243/2419 1666/2244/2419
f 1284/1688/2412 1283/1687/2412 1663/2235/2412
f 1663/2237/2420 1283/2245/2420 1290/2239/2420
f 1663/2237/2420 1290/2239/2420 1664/2236/2420
f 1664/2236/2417 1290/2239/2417 1665/2241/2417
f 1664/2236/2418 1665/2241/2418 1429/1859/2418
f 1429/1859/2421 1665/2241/2421 1666/2244/2421
f 1429/1859/2421 1666/2244/2421 1424/1852/2421
f 1424/1852/2422 1666/2244/2422 1423/1850/2422
f 1296/2243/2423 1297/2246/2423 1666/2244/2423
f 1666/2244/2423 1297/2246/2423 1667/2247/2423
f 1666/2244/2422 1667/2247/2422 1423/1850/2422
f 1297/2246/2423 1299/2248/2423 1667/2247/2423
f 1667/2247/2424 1299/2248/2424 1301/2249/2424
f 1667/2247/2424 1301/2249/2424 1668/2250/2424
f 1668/2250/2425 1301/2249/2425 1302/2251/2425
f 1668/2250/2425 1302/2251/2425 1669/2252/2425
f 1669/2252/2426 1419/1839/2426 1668/2250/2426
f 1668/2250/2427 1419/1839/2427 1418/1838/2427
f 1668/2250/2427 1418/1838/2427 1667/2247/2427
f 1667/2247/2427 1418/1838/2427 1422/1848/2427
f 1667/2247/2422 1422/1848/2422 1423/1850/2422
f 1670/2253/2428 1420/1844/2428 1669/2252/2428
f 1669/2252/2429 1420/1844/2429 1421/1845/2429
f 1669/2252/2426 1421/1845/2426 1419/1839/2426
f 1302/2251/2430 1304/2254/2430 1669/2252/2430
f 1669/2252/2431 1304/2254/2431 1306/2255/2431
f 1669/2252/2431 1306/2255/2431 1670/2253/2431
f 1670/2253/2432 1306/2255/2432 1307/2256/2432
f 1670/2253/2432 1307/2256/2432 1671/2257/2432
f 1671/2257/2433 1307/2256/2433 1309/2258/2433
f 1671/2257/2433 1309/2258/2433 1672/2259/2433
f 1673/2260/2434 1416/1836/2434 1672/2259/2434
f 1672/2259/2435 1416/1836/2435 1415/1834/2435
f 1672/2259/2435 1415/1834/2435 1671/2257/2435
f 1671/2257/2436 1415/1834/2436 1414/1832/2436
f 1671/2257/2436 1414/1832/2436 1670/2253/2436
f 1670/2253/2436 1414/1832/2436 1413/1831/2436
f 1670/2253/2428 1413/1831/2428 1420/1844/2428
f 1674/2261/2437 1411/1827/2437 1673/2260/2437
f 1673/2260/2438 1411/1827/2438 1417/1837/2438
f 1673/2260/2439 1417/1837/2439 1416/1836/2439
f 1675/2262/2440 1410/1825/2440 1674/2261/2440
f 1674/2261/2440 1410/1825/2440 1412/1829/2440
f 1674/2261/2441 1412/1829/2441 1411/1827/2441
f 1309/2258/2442 1310/2263/2442 1672/2259/2442
f 1672/2259/2443 1310/2263/2443 1312/2264/2443
f 1672/2259/2443 1312/2264/2443 1673/2260/2443
f 1673/2260/2444 1312/2264/2444 1313/2265/2444
f 1673/2260/2445 1313/2265/2445 1674/2261/2445
f 1674/2261/2446 1313/2265/2446 1315/2266/2446
f 1674/2261/2446 1315/2266/2446 1675/2262/2446
f 1675/2262/2446 1315/2266/2446 1316/2267/2446
f 1675/2262/2447 1316/2267/2447 1318/2268/2447
f 1320/1724/2448 1676/2269/2448 1318/1722/2448
f 1318/1722/2448 1676/2269/2448 1677/2270/2448
f 1318/2268/2447 1677/2271/2447 1675/2262/2447
f 1675/2262/2449 1677/2271/2449 1409/1823/2449
f 1675/2262/2440 1409/1823/2440 1410/1825/2440
f 1678/2272/2450 1406/1817/2450 1676/2273/2450
f 1676/2273/2451 1406/1817/2451 1407/1819/2451
f 1676/2273/2451 1407/1819/2451 1677/2271/2451
f 1677/2271/2451 1407/1819/2451 1408/1821/2451
f 1677/2271/2449 1408/1821/2449 1409/1823/2449
f 1402/1807/2397 1403/1809/2397 1657/2223/2397
f 1657/2274/2452 1403/1811/2452 1404/1813/2452
f 1657/2274/2453 1404/1813/2453 1678/2272/2453
f 1678/2272/2454 1404/1813/2454 1405/1815/2454
f 1678/2272/2450 1405/1815/2450 1406/1817/2450
f 1320/1724/2455 1321/1725/2455 1676/2269/2455
f 1676/2269/2456 1321/1725/2456 1323/1727/2456
f 1676/2269/2456 1323/1727/2456 1678/2275/2456
f 1678/2275/2457 1323/1727/2457 1324/1728/2457
f 1678/2275/2457 1324/1728/2457 1657/2222/2457
f 1657/2222/2457 1324/1728/2457 1326/1730/2457
f 1657/2222/2458 1326/1730/2458 1328/1732/2458
f 1656/2221/2459 1328/1732/2459 1364/1768/2459
f 1401/1805/2460 1656/2224/2460 1475/1965/2460
f 1475/1965/2460 1656/2224/2460 1679/2276/2460
f 1475/1965/2461 1679/2276/2461 1474/1963/2461
f 1474/1963/2462 1679/2276/2462 1680/2277/2462
f 1656/2221/2459 1364/1768/2459 1679/2278/2459
f 1679/2278/2463 1364/1768/2463 1366/1770/2463
f 1679/2278/2464 1366/1770/2464 1680/2279/2464
f 1680/2279/2465 1366/1770/2465 1368/1772/2465
f 1680/2279/2466 1368/1772/2466 1681/2280/2466
f 1469/1953/2467 1470/1955/2467 1682/2281/2467
f 1682/2281/2468 1470/1955/2468 1471/1957/2468
f 1682/2281/2469 1471/1957/2469 1681/2282/2469
f 1681/2282/2470 1471/1957/2470 1472/1959/2470
f 1681/2282/2471 1472/1959/2471 1680/2277/2471
f 1680/2277/2472 1472/1959/2472 1473/1961/2472
f 1680/2277/2473 1473/1961/2473 1474/1963/2473
f 1368/1772/2474 1370/1774/2474 1681/2280/2474
f 1681/2280/2475 1370/1774/2475 1372/1776/2475
f 1681/2280/2475 1372/1776/2475 1682/2283/2475
f 1682/2283/2476 1372/1776/2476 1374/1778/2476
f 1682/2283/2476 1374/1778/2476 1683/2284/2476
f 1374/1778/2477 1376/1780/2477 1683/2284/2477
f 1683/2284/2478 1376/1780/2478 1378/1782/2478
f 1683/2284/2479 1378/1782/2479 1684/2285/2479
f 1469/1953/2467 1682/2281/2467 1480/1978/2467
f 1480/1978/2480 1682/2281/2480 1683/2286/2480
f 1480/1978/2481 1683/2286/2481 1479/1976/2481
f 1479/1976/2482 1683/2286/2482 1684/2287/2482
f 1479/1976/2483 1684/2287/2483 1478/1974/2483
f 1478/1974/2484 1684/2287/2484 1685/2288/2484
f 1478/1974/2485 1685/2288/2485 1477/1972/2485
f 1386/2289/2486 1686/2290/2486 1384/2291/2486
f 1384/2291/2487 1686/2290/2487 1685/2288/2487
f 1384/2291/2488 1685/2288/2488 1382/2292/2488
f 1382/2292/2489 1685/2288/2489 1684/2287/2489
f 1382/2292/2490 1684/2287/2490 1380/2293/2490
f 1380/1784/2491 1684/2285/2491 1378/1782/2491
f 1477/1972/2492 1685/2288/2492 1476/1970/2492
f 1476/1970/2493 1685/2288/2493 1686/2290/2493
f 1476/1970/2494 1686/2290/2494 1481/1981/2494
f 1481/1981/2495 1686/2290/2495 1482/1982/2495
f 1482/1982/2496 1686/2290/2496 1687/2294/2496
f 1482/1982/2497 1687/2294/2497 1483/1984/2497
f 1386/2289/2486 1388/2295/2486 1686/2290/2486
f 1686/2290/2498 1388/2295/2498 1390/2296/2498
f 1686/2290/2499 1390/2296/2499 1687/2294/2499
f 1687/2294/2500 1390/2296/2500 1363/2297/2500
f 1687/2294/2501 1363/2297/2501 1688/2298/2501
f 1688/2298/2502 1363/2297/2502 1362/2299/2502
f 1688/408/2503 1362/408/2503 1689/408/2503
f 1483/1984/2504 1687/2294/2504 1484/1986/2504
f 1484/1986/2505 1687/2294/2505 1688/2298/2505
f 1484/1986/2506 1688/2298/2506 1485/1988/2506
f 1485/408/2507 1688/408/2508 1689/408/2508
f 1485/408/2508 1689/408/2507 1486/408/2508
f 1487/1992/2509 1486/1991/2509 1689/2300/2509
f 1690/2301/2510 1494/2008/2510 1493/2006/2510
f 1495/2010/2510 1494/2008/2510 1691/2302/2510
f 1691/2302/2510 1494/2008/2510 1690/2301/2510
f 1691/2302/2511 1690/2301/2511 1398/2303/2511
f 1493/2006/2510 1492/2005/2510 1690/2301/2510
f 1690/2301/2512 1492/2005/2512 1490/1999/2512
f 1690/2301/2513 1490/1999/2513 1692/2304/2513
f 1490/1999/2514 1491/2001/2514 1692/2304/2514
f 1692/2304/2515 1491/2001/2515 1489/1995/2515
f 1692/2304/2516 1489/1995/2516 1689/2300/2516
f 1689/2300/2509 1489/1995/2509 1488/1994/2509
f 1689/2300/2509 1488/1994/2509 1487/1992/2509
f 1398/2303/2517 1690/2301/2517 1399/2305/2517
f 1399/2305/2518 1690/2301/2518 1692/2304/2518
f 1399/2305/2519 1692/2304/2519 1400/2306/2519
f 1400/2306/2520 1692/2304/2520 1689/2300/2520
f 1400/2306/2521 1689/2300/2521 1362/2307/2521
f 1226/2308/2522 219/744/2522 1566/2091/2522
f 1227/2309/2523 1226/2308/2523 1693/2310/2523
f 1515/2311/2524 237/837/2524 1693/2310/2524
f 1693/2310/2525 237/837/2525 1236/2312/2525
f 1236/2312/2526 1235/2313/2526 1693/2310/2526
f 1693/2310/2527 1235/2313/2527 1234/2314/2527
f 1693/2310/2528 1234/2314/2528 1227/2309/2528
f 1694/2315/2529 1511/2028/2529 1693/2310/2529
f 1693/2310/2530 1511/2028/2530 1513/2316/2530
f 1693/2310/2530 1513/2316/2530 1515/2311/2530
f 1695/2317/2531 1505/2318/2531 1696/2319/2531
f 1696/2319/2532 1505/2318/2532 1507/2024/2532
f 1696/2319/2533 1507/2024/2533 1694/2315/2533
f 1694/2315/2534 1507/2024/2534 1509/2026/2534
f 1694/2315/2535 1509/2026/2535 1511/2028/2535
f 1226/2308/2536 1566/2091/2536 1693/2310/2536
f 1693/2310/2537 1566/2091/2537 1565/2090/2537
f 1693/2310/2538 1565/2090/2538 1694/2315/2538
f 1694/2315/2539 1565/2090/2539 1564/2089/2539
f 1694/2315/2540 1564/2089/2540 1696/2319/2540
f 1696/2319/2541 1564/2089/2541 1568/2093/2541
f 1696/2319/2542 1568/2093/2542 1695/2317/2542
f 1695/2317/2543 1568/2093/2543 1567/2092/2543
f 1695/2317/2544 1567/2092/2544 1697/2320/2544
f 1496/2321/2545 1499/2322/2545 1697/2320/2545
f 1697/2320/2546 1499/2322/2546 1501/2323/2546
f 1697/2320/2547 1501/2323/2547 1695/2317/2547
f 1695/2317/2548 1501/2323/2548 1503/2324/2548
f 1695/2317/2549 1503/2324/2549 1505/2318/2549
f 1398/2303/2550 1496/2321/2550 1691/2302/2550
f 1691/2302/2551 1496/2321/2551 1697/2320/2551
f 1691/2302/2552 1697/2320/2552 1495/2010/2552
f 1495/2010/2553 1697/2320/2553 1567/2092/2553
f 1222/2325/2554 1220/2326/2554 1698/2327/2554
f 1222/2325/2554 1698/2327/2554 1699/2328/2554
f 1699/2328/2555 1698/2327/2555 1700/2329/2555
f 1699/2328/2555 1700/2329/2555 1701/2330/2555
f 1701/2330/2556 1700/2329/2556 1702/2331/2556
f 1701/2330/2556 1702/2331/2556 1703/2332/2556
f 1703/2332/2557 1702/2331/2557 1704/2333/2557
f 1703/2332/2557 1704/2333/2557 1705/2334/2557
f 1705/2335/2558 1704/2336/2558 1706/2337/2558
f 1705/2335/2558 1706/2337/2558 1707/2338/2558
f 1708/2339/2559 1709/2340/2559 1710/2341/2559
f 1222/2342/2559 1699/2343/2559 1228/2344/2559
f 1228/2344/2559 1699/2343/2559 1701/2345/2559
f 1710/2341/2559 1709/2340/2559 1711/2346/2559
f 1712/2347/2559 1713/2348/2559 1710/2341/2559
f 1710/2341/2559 1713/2348/2559 1714/2349/2559
f 1710/2341/2559 1714/2349/2559 1708/2339/2559
f 1701/2345/2559 1703/2350/2559 1228/2344/2559
f 1228/2344/2559 1703/2350/2559 1705/2351/2559
f 1228/2344/2559 1705/2351/2559 1709/2340/2559
f 1709/2340/2559 1705/2351/2559 1707/2352/2559
f 1709/2340/2559 1707/2352/2559 1711/2346/2559
f 1715/2353/2560 1716/2354/2560 1706/2355/2560
f 1702/2356/2560 1700/2357/2560 1242/2358/2560
f 1242/2358/2560 1700/2357/2560 1698/2359/2560
f 1242/2358/2560 1698/2359/2560 1220/2360/2560
f 1717/2361/2560 1718/2362/2560 1719/2363/2560
f 1719/2363/2560 1718/2362/2560 1720/2364/2560
f 1719/2363/2560 1720/2364/2560 1721/2365/2560
f 1719/2363/2560 1715/2353/2560 1717/2361/2560
f 1717/2361/2560 1715/2353/2560 1706/2355/2560
f 1717/2361/2560 1706/2355/2560 1242/2358/2560
f 1242/2358/2560 1706/2355/2560 1704/2366/2560
f 1242/2358/2560 1704/2366/2560 1702/2356/2560
f 1711/2367/2561 1707/2368/2561 1706/2369/2561
f 1052/2370/2561 1046/2371/2561 1722/2372/2561
f 1722/2372/2561 1046/2371/2561 1723/2373/2561
f 1723/2373/2561 1046/2371/2561 1716/2374/2561
f 1716/2374/2561 1046/2371/2561 1724/2375/2561
f 1716/2374/2561 1724/2375/2561 1706/2369/2561
f 1706/2369/2561 1724/2375/2561 1725/2376/2561
f 1706/2369/2561 1725/2376/2561 1711/2367/2561
f 1726/2377/2562 1727/2378/2562 1728/2379/2562
f 1229/2380/2563 1228/2344/2563 1709/2340/2563
f 1729/2381/2564 1230/2382/2564 1229/2380/2564
f 1730/2383/2565 1245/2384/2565 1230/2382/2565
f 1250/2385/2566 1224/2386/2566 1731/2387/2566
f 1731/2387/2567 1224/2386/2567 1223/2388/2567
f 1248/2036/2568 1250/2385/2568 1518/2038/2568
f 1518/2038/2569 1250/2385/2569 1731/2387/2569
f 1518/2038/2570 1731/2387/2570 1520/2040/2570
f 1520/2040/2571 1731/2387/2571 1732/2389/2571
f 1520/2040/2572 1732/2389/2572 1522/2042/2572
f 1522/2042/2573 1732/2389/2573 1524/2044/2573
f 1524/2044/2574 1732/2389/2574 1733/2390/2574
f 1524/2044/2575 1733/2390/2575 1526/2046/2575
f 1526/2049/2576 1733/2391/2576 1528/2050/2576
f 1528/2050/2577 1733/2391/2577 1734/2392/2577
f 1528/2050/2578 1734/2392/2578 1530/2052/2578
f 1229/2380/2579 1709/2340/2579 1729/2381/2579
f 1729/2381/2580 1709/2340/2580 1708/2339/2580
f 1729/2381/2581 1708/2339/2581 1735/2393/2581
f 1735/2393/2582 1708/2339/2582 1714/2349/2582
f 1735/2393/2583 1714/2349/2583 1736/2394/2583
f 1736/2394/2584 1714/2349/2584 1713/2348/2584
f 1736/2394/2585 1713/2348/2585 1737/2395/2585
f 1737/2395/2586 1713/2348/2586 1712/2347/2586
f 1737/2395/2587 1712/2347/2587 1738/2396/2587
f 1738/2396/2588 1712/2347/2588 1710/2341/2588
f 1738/2396/2588 1710/2341/2588 1739/2397/2588
f 1230/2382/2589 1729/2381/2589 1730/2383/2589
f 1730/2383/2590 1729/2381/2590 1735/2393/2590
f 1730/2383/2591 1735/2393/2591 1740/2398/2591
f 1740/2398/2592 1735/2393/2592 1736/2394/2592
f 1740/2398/2593 1736/2394/2593 1741/2399/2593
f 1741/2399/2594 1736/2394/2594 1737/2395/2594
f 1741/2399/2595 1737/2395/2595 1742/2400/2595
f 1742/2400/2596 1737/2395/2596 1738/2396/2596
f 1742/2400/2597 1738/2396/2597 1728/2379/2597
f 1728/2379/2598 1738/2396/2598 1739/2397/2598
f 1728/2379/2598 1739/2397/2598 1726/2377/2598
f 1727/2401/2599 1743/2402/2599 1728/2403/2599
f 1728/2403/2600 1743/2402/2600 1734/2392/2600
f 1728/2403/2601 1734/2392/2601 1742/2404/2601
f 1742/2404/2602 1734/2392/2602 1733/2391/2602
f 1742/2404/2603 1733/2391/2603 1741/2405/2603
f 1741/2406/2604 1733/2390/2604 1732/2389/2604
f 1741/2406/2605 1732/2389/2605 1740/2407/2605
f 1740/2407/2606 1732/2389/2606 1731/2387/2606
f 1740/2407/2607 1731/2387/2607 1730/2408/2607
f 1730/2408/2608 1731/2387/2608 1223/2388/2608
f 1730/2408/2609 1223/2388/2609 1245/2409/2609
f 1727/2401/2610 1744/2410/2610 1743/2402/2610
f 1743/2402/2611 1744/2410/2611 1745/2411/2611
f 1743/2402/2612 1745/2411/2612 1047/1436/2612
f 1047/1436/2613 1536/2058/2613 1743/2402/2613
f 1743/2402/2614 1536/2058/2614 1534/2056/2614
f 1743/2402/2615 1534/2056/2615 1734/2392/2615
f 1734/2392/2616 1534/2056/2616 1532/2054/2616
f 1734/2392/2616 1532/2054/2616 1530/2052/2616
f 1047/1436/2617 1745/2411/2617 1046/1435/2617
f 1046/1435/2618 1745/2411/2618 1724/2412/2618
f 1745/2411/2619 1744/2410/2619 1724/2412/2619
f 1724/2412/2619 1744/2410/2619 1727/2401/2619
f 1724/2412/2620 1727/2401/2620 1725/2413/2620
f 1710/2341/2621 1711/2346/2621 1739/2397/2621
f 1739/2397/2622 1711/2346/2622 1725/2414/2622
f 1739/2397/2623 1725/2414/2623 1726/2377/2623
f 1726/2377/2624 1725/2414/2624 1727/2378/2624
f 1746/2415/2625 1747/2416/2625 1748/2417/2625
f 1218/2418/2626 1140/1531/2626 1138/1529/2626
f 1749/2419/2627 1233/2420/2627 1219/2421/2627
f 1750/2422/2628 1232/2423/2628 1231/2424/2628
f 1717/2361/2629 1242/2358/2629 1243/2425/2629
f 1747/2416/2630 1715/2353/2630 1719/2363/2630
f 1751/2426/2631 1752/2427/2631 1753/2428/2631
f 1753/2429/2632 1752/2430/2632 1746/2415/2632
f 1120/1509/2633 1050/1439/2633 1754/2431/2633
f 1754/2431/2634 1050/1439/2634 1755/2432/2634
f 1754/2431/2635 1755/2432/2635 1751/2426/2635
f 1120/1509/2636 1754/2431/2636 1122/1511/2636
f 1122/1511/2637 1754/2431/2637 1756/2433/2637
f 1122/1511/2638 1756/2433/2638 1124/1513/2638
f 1124/1513/2639 1756/2433/2639 1126/1515/2639
f 1126/1515/2640 1756/2433/2640 1757/2434/2640
f 1126/1515/2641 1757/2434/2641 1128/1517/2641
f 1758/2435/2642 1132/1523/2642 1757/2436/2642
f 1757/2436/2643 1132/1523/2643 1130/1521/2643
f 1757/2436/2644 1130/1521/2644 1128/1520/2644
f 1747/2416/2645 1719/2363/2645 1748/2417/2645
f 1748/2417/2646 1719/2363/2646 1721/2365/2646
f 1748/2417/2647 1721/2365/2647 1759/2437/2647
f 1759/2437/2648 1721/2365/2648 1720/2364/2648
f 1759/2437/2649 1720/2364/2649 1760/2438/2649
f 1760/2438/2650 1720/2364/2650 1718/2362/2650
f 1760/2438/2651 1718/2362/2651 1761/2439/2651
f 1761/2439/2652 1718/2362/2652 1717/2361/2652
f 1761/2439/2653 1717/2361/2653 1750/2422/2653
f 1750/2422/2654 1717/2361/2654 1243/2425/2654
f 1750/2422/2655 1243/2425/2655 1232/2423/2655
f 1746/2415/2656 1748/2417/2656 1753/2429/2656
f 1753/2429/2657 1748/2417/2657 1759/2437/2657
f 1753/2429/2658 1759/2437/2658 1762/2440/2658
f 1762/2440/2659 1759/2437/2659 1760/2438/2659
f 1762/2440/2660 1760/2438/2660 1763/2441/2660
f 1763/2441/2661 1760/2438/2661 1761/2439/2661
f 1763/2441/2662 1761/2439/2662 1764/2442/2662
f 1764/2442/2663 1761/2439/2663 1750/2422/2663
f 1764/2442/2664 1750/2422/2664 1749/2443/2664
f 1749/2443/2665 1750/2422/2665 1231/2424/2665
f 1749/2419/2666 1231/2444/2666 1233/2420/2666
f 1751/2426/2667 1753/2428/2667 1754/2431/2667
f 1754/2431/2668 1753/2428/2668 1762/2445/2668
f 1754/2431/2669 1762/2445/2669 1756/2433/2669
f 1756/2433/2670 1762/2445/2670 1763/2446/2670
f 1756/2433/2671 1763/2446/2671 1757/2434/2671
f 1757/2436/2672 1763/2447/2672 1764/2448/2672
f 1757/2436/2673 1764/2448/2673 1758/2435/2673
f 1758/2435/2674 1764/2448/2674 1749/2419/2674
f 1758/2435/2675 1749/2419/2675 1765/2449/2675
f 1765/2449/2676 1749/2419/2676 1219/2421/2676
f 1765/2449/2677 1219/2421/2677 1218/2418/2677
f 1218/2418/2678 1138/1529/2678 1765/2449/2678
f 1765/2449/2679 1138/1529/2679 1136/1527/2679
f 1765/2449/2680 1136/1527/2680 1758/2435/2680
f 1758/2435/2681 1136/1527/2681 1134/1525/2681
f 1758/2435/2682 1134/1525/2682 1132/1523/2682
f 1715/2353/2683 1747/2416/2683 1716/2354/2683
f 1716/2354/2684 1747/2416/2684 1723/2450/2684
f 1747/2416/2685 1746/2415/2685 1723/2450/2685
f 1723/2450/2686 1746/2415/2686 1752/2430/2686
f 1723/2451/2687 1752/2427/2687 1722/2452/2687
f 1050/1439/2688 1052/1441/2688 1755/2432/2688
f 1755/2432/2689 1052/1441/2689 1722/2452/2689
f 1755/2432/2690 1722/2452/2690 1751/2426/2690
f 1751/2426/2690 1722/2452/2690 1752/2427/2690
f 1067/2453/2691 1066/2454/2691 1766/2455/2691
f 1766/2455/2692 1066/2454/2692 1112/2456/2692
f 1766/2455/2693 1112/2456/2693 1767/2457/2693
f 1767/2457/2694 1112/2456/2694 1101/2458/2694
f 1767/2457/2695 1101/2458/2695 1768/2459/2695
f 1768/2459/2695 1101/2458/2695 1093/2460/2695
f 1768/2459/2696 1093/2460/2696 1769/2461/2696
f 1769/2461/2696 1093/2460/2696 1081/2462/2696
f 1769/2461/2697 1081/2462/2697 1770/2463/2697
f 1770/2463/2697 1081/2462/2697 1080/2464/2697
f 1770/2465/2698 1080/2466/2698 1771/2467/2698
f 1771/2467/2698 1080/2466/2698 1092/2468/2698
f 1771/2467/2699 1092/2468/2699 1772/2469/2699
f 1772/2469/2699 1092/2468/2699 1097/2470/2699
f 1772/2469/2700 1097/2470/2700 1773/2471/2700
f 1773/2471/2700 1097/2470/2700 1087/2472/2700
f 1773/2471/2701 1087/2472/2701 1774/2473/2701
f 1774/2473/2701 1087/2472/2701 1082/2474/2701
f 1774/2473/2702 1082/2474/2702 1775/2475/2702
f 1775/2475/2702 1082/2474/2702 1076/2476/2702
f 1775/2475/2703 1076/2476/2703 1776/2477/2703
f 1776/2477/2703 1076/2476/2703 1074/2478/2703
f 1776/2479/2704 1074/2480/2704 1777/2481/2704
f 1777/2481/2704 1074/2480/2704 1071/2482/2704
f 1777/2481/2705 1071/2482/2705 1778/2483/2705
f 1778/2483/2705 1071/2482/2705 1069/2484/2705
f 1778/2483/2706 1069/2484/2706 1779/2485/2706
f 1779/2485/2706 1069/2484/2706 1063/2486/2706
f 1779/2485/2707 1063/2486/2707 1780/2487/2707
f 1780/2487/2707 1063/2486/2707 1056/2488/2707
f 1780/2487/2708 1056/2488/2708 1781/2489/2708
f 1781/2489/2708 1056/2488/2708 1058/2490/2708
f 1781/2489/2709 1058/2490/2709 1782/2491/2709
f 1782/2491/2709 1058/2490/2709 1059/2492/2709
f 1782/2491/2710 1059/2492/2710 1783/2493/2710
f 1783/2493/2710 1059/2492/2710 1060/2494/2710
f 1783/2495/2711 1060/2496/2711 1784/2497/2711
f 1784/2497/2711 1060/2496/2711 1049/2498/2711
f 1784/2497/2712 1049/2498/2712 1785/2499/2712
f 1785/2499/2712 1049/2498/2712 1048/2500/2712
f 1785/2499/2713 1048/2500/2713 1786/2501/2713
f 1786/2501/2713 1048/2500/2713 1110/2502/2713
f 1786/2501/2714 1110/2502/2714 1787/2503/2714
f 1787/2503/2714 1110/2502/2714 1109/2504/2714
f 1787/2503/2715 1109/2504/2715 1788/2505/2715
f 1788/2505/2715 1109/2504/2715 1115/2506/2715
f 1788/2505/2716 1115/2506/2716 1789/2507/2716
f 1789/2507/2716 1115/2506/2716 1114/2508/2716
f 1789/2507/2717 1114/2508/2717 1790/2509/2717
f 1790/2509/2717 1114/2508/2717 1108/2510/2717
f 1790/2511/2718 1108/2512/2718 1791/2513/2718
f 1791/2513/2718 1108/2512/2718 1107/2514/2718
f 1791/2513/2719 1107/2514/2719 1792/2515/2719
f 1792/2515/2719 1107/2514/2719 1067/2453/2719
f 1792/2515/2691 1067/2453/2691 1766/2455/2691
f 1793/2516/79 1794/2517/79 1786/2518/79
f 1786/2518/79 1794/2517/79 1785/2519/79
f 1785/2519/79 1794/2517/79 1795/2520/79
f 1785/2519/79 1795/2520/79 1784/2521/79
f 1784/2521/79 1795/2520/79 1796/2522/79
f 1784/2521/79 1796/2522/79 1783/2523/79
f 1783/2523/79 1796/2522/79 1797/2524/79
f 1783/2523/79 1797/2524/79 1782/2525/79
f 1782/2525/79 1797/2524/79 1798/2526/79
f 1782/2525/79 1798/2526/79 1781/2527/79
f 1781/2527/79 1798/2526/79 1799/2528/79
f 1781/2527/79 1799/2528/79 1800/2529/79
f 1786/2518/79 1787/2530/79 1793/2516/79
f 1793/2516/79 1787/2530/79 1788/2531/79
f 1793/2516/79 1788/2531/79 1801/2532/79
f 1801/2532/79 1788/2531/79 1789/2533/79
f 1801/2532/79 1789/2533/79 1802/2534/79
f 1802/2534/79 1789/2533/79 1790/2535/79
f 1802/2534/79 1790/2535/79 1803/2536/79
f 1803/2536/79 1790/2535/79 1791/2537/79
f 1803/2536/79 1791/2537/79 1804/2538/79
f 1804/2538/79 1791/2537/79 1792/2539/79
f 1804/2538/79 1792/2539/79 1805/2540/79
f 1805/2540/79 1792/2539/79 1766/2541/79
f 1805/2540/79 1766/2541/79 1806/2542/79
f 1806/2542/79 1766/2541/79 1767/2543/79
f 1806/2542/79 1767/2543/79 1807/2544/79
f 1807/2544/79 1767/2543/79 1768/2545/79
f 1807/2544/79 1768/2545/79 1808/2546/79
f 1808/2546/79 1768/2545/79 1769/2547/79
f 1808/2546/79 1769/2547/79 1809/2548/79
f 1809/2548/79 1769/2547/79 1770/2549/79
f 1809/2548/79 1770/2549/79 1810/2550/79
f 1810/2550/79 1770/2549/79 1771/2551/79
f 1810/2550/79 1771/2551/79 1811/2552/79
f 1811/2552/79 1771/2551/79 1772/2553/79
f 1811/2552/79 1772/2553/79 1812/2554/79
f 1812/2554/79 1772/2553/79 1773/2555/79
f 1812/2554/79 1773/2555/79 1813/2556/79
f 1813/2556/79 1773/2555/79 1774/2557/79
f 1813/2556/79 1774/2557/79 1814/2558/79
f 1814/2558/79 1774/2557/79 1775/2559/79
f 1814/2558/79 1775/2559/79 1815/2560/79
f 1815/2560/79 1775/2559/79 1776/2561/79
f 1815/2560/79 1776/2561/79 1816/2562/79
f 1816/2562/79 1776/2561/79 1777/2563/79
f 1816/2562/79 1777/2563/79 1817/2564/79
f 1817/2564/79 1777/2563/79 1778/2565/79
f 1817/2564/79 1778/2565/79 1818/2566/79
f 1818/2566/79 1778/2565/79 1779/2567/79
f 1818/2566/79 1779/2567/79 1800/2529/79
f 1800/2529/79 1779/2567/79 1780/2568/79
f 1800/2529/79 1780/2568/79 1781/2527/79
f 1819/2569/2720 1799/2570/2720 1820/2571/2720
f 1820/2571/2720 1799/2570/2720 1798/2572/2720
f 1820/2571/2721 1798/2572/2721 1821/2573/2721
f 1821/2573/2721 1798/2572/2721 1797/2574/2721
f 1821/2575/2722 1797/2576/2722 1822/2577/2722
f 1822/2577/2722 1797/2576/2722 1796/2578/2722
f 1822/2577/2723 1796/2578/2723 1823/2579/2723
f 1823/2579/2723 1796/2578/2723 1795/2580/2723
f 1823/2579/2724 1795/2580/2724 1824/2581/2724
f 1824/2581/2724 1795/2580/2724 1794/2582/2724
f 1824/2581/2725 1794/2582/2725 1825/2583/2725
f 1825/2583/2725 1794/2582/2725 1793/2584/2725
f 1825/2583/2726 1793/2584/2726 1826/2585/2726
f 1826/2585/2726 1793/2584/2726 1801/2586/2726
f 1826/2585/2727 1801/2586/2727 1827/2587/2727
f 1827/2587/2727 1801/2586/2727 1802/2588/2727
f 1827/2589/2728 1802/2590/2728 1828/2591/2728
f 1828/2591/2728 1802/2590/2728 1803/2592/2728
f 1828/2591/2729 1803/2592/2729 1829/2593/2729
f 1829/2593/2729 1803/2592/2729 1804/2594/2729
f 1829/2593/2730 1804/2594/2730 1830/2595/2730
f 1830/2595/2730 1804/2594/2730 1805/2596/2730
f 1830/2595/2731 1805/2596/2731 1831/2597/2731
f 1831/2597/2731 1805/2596/2731 1806/2598/2731
f 1831/2597/2732 1806/2598/2732 1832/2599/2732
f 1832/2599/2732 1806/2598/2732 1807/2600/2732
f 1832/2599/2733 1807/2600/2733 1833/2601/2733
f 1833/2601/2733 1807/2600/2733 1808/2602/2733
f 1833/2601/2734 1808/2602/2734 1834/2603/2734
f 1834/2603/2734 1808/2602/2734 1809/2604/2734
f 1834/2605/2735 1809/2606/2735 1835/2607/2735
f 1835/2607/2735 1809/2606/2735 1810/2608/2735
f 1835/2607/2736 1810/2608/2736 1836/2609/2736
f 1836/2609/2736 1810/2608/2736 1811/2610/2736
f 1836/2609/2737 1811/2610/2737 1837/2611/2737
f 1837/2611/2737 1811/2610/2737 1812/2612/2737
f 1837/2611/2738 1812/2612/2738 1838/2613/2738
f 1838/2613/2738 1812/2612/2738 1813/2614/2738
f 1838/2613/2739 1813/2614/2739 1839/2615/2739
f 1839/2615/2739 1813/2614/2739 1814/2616/2739
f 1839/2615/2740 1814/2616/2740 1840/2617/2740
f 1840/2617/2740 1814/2616/2740 1815/2618/2740
f 1840/2617/2741 1815/2618/2741 1841/2619/2741
f 1841/2619/2741 1815/2618/2741 1816/2620/2741
f 1841/2621/2742 1816/2622/2742 1842/2623/2742
f 1842/2623/2742 1816/2622/2742 1817/2624/2742
f 1842/2623/2743 1817/2624/2743 1843/2625/2743
f 1843/2625/2743 1817/2624/2743 1818/2626/2743
f 1843/2625/2744 1818/2626/2744 1844/2627/2744
f 1844/2627/2744 1818/2626/2744 1800/2628/2744
f 1844/2627/2745 1800/2628/2745 1819/2569/2745
f 1819/2569/2745 1800/2628/2745 1799/2570/2745
f 1840/2629/79 1841/2630/79 1819/2631/79
f 1833/2632/79 1819/2631/79 1832/2633/79
f 1832/2633/79 1819/2631/79 1820/2634/79
f 1820/2634/79 1821/2635/79 1832/2633/79
f 1832/2633/79 1821/2635/79 1822/2636/79
f 1832/2633/79 1822/2636/79 1823/2637/79
f 1840/2629/79 1819/2631/79 1839/2638/79
f 1825/2639/79 1829/2640/79 1830/2641/79
f 1833/2632/79 1834/2642/79 1819/2631/79
f 1819/2631/79 1834/2642/79 1835/2643/79
f 1819/2631/79 1835/2643/79 1836/2644/79
f 1841/2630/79 1842/2645/79 1819/2631/79
f 1819/2631/79 1842/2645/79 1843/2646/79
f 1819/2631/79 1843/2646/79 1844/2647/79
f 1825/2639/79 1826/2648/79 1829/2640/79
f 1829/2640/79 1826/2648/79 1827/2649/79
f 1829/2640/79 1827/2649/79 1828/2650/79
f 1823/2637/79 1824/2651/79 1832/2633/79
f 1832/2633/79 1824/2651/79 1825/2639/79
f 1832/2633/79 1825/2639/79 1831/2652/79
f 1831/2652/79 1825/2639/79 1830/2641/79
f 1836/2644/79 1837/2653/79 1819/2631/79
f 1819/2631/79 1837/2653/79 1838/2654/79
f 1819/2631/79 1838/2654/79 1839/2638/79
