# Blender 3.6.0
# www.blender.org
mtllib head_tilt_link.mtl
o head_tilt_link
v -0.000035 0.104395 -0.054398
v -0.000035 0.104696 -0.054060
v -0.000035 0.104822 -0.053755
v -0.000035 -0.104834 -0.053758
v -0.000035 -0.104562 -0.054249
v -0.000035 -0.104397 -0.054395
v -0.000035 0.103000 0.055000
v -0.000035 0.103758 -0.054834
v -0.000035 0.104249 -0.054562
v -0.000035 -0.103758 0.054834
v -0.000035 -0.104249 0.054562
v -0.000035 -0.104395 0.054398
v -0.000035 -0.104060 -0.054696
v -0.000035 -0.103754 -0.054821
v -0.000035 0.103439 0.054951
v -0.000035 0.103754 0.054821
v -0.000035 -0.104822 0.053755
v -0.000035 -0.104951 0.053439
v -0.000035 0.104834 0.053758
v -0.000035 0.104562 0.054249
v -0.000035 0.104397 0.054395
v -0.000035 -0.103662 0.054887
v -0.000035 -0.103000 0.055000
v -0.000035 -0.104696 0.054060
v -0.000035 -0.104887 -0.053662
v -0.000035 -0.105000 -0.053000
v -0.000035 -0.105000 0.053000
v -0.000035 -0.103439 -0.054951
v -0.000035 0.103662 -0.054887
v -0.000035 0.103000 -0.055000
v -0.000035 -0.103000 -0.055000
v -0.000035 0.104951 -0.053439
v -0.000035 0.105000 -0.053000
v -0.000035 0.105000 0.053000
v -0.000035 0.104060 0.054696
v -0.000035 0.104887 0.053662
v -0.010204 -0.102829 0.054052
v -0.004369 0.102927 0.054829
v -0.010749 -0.102820 0.053890
v -0.010714 0.102820 0.053664
v -0.021019 -0.102647 0.050840
v -0.015465 0.102740 0.052791
v -0.021079 -0.102646 0.050807
v -0.020973 0.102647 0.050546
v -0.025912 0.102564 0.048532
v -0.030571 -0.102486 0.045693
v -0.030429 0.102488 0.045491
v -0.030951 -0.102480 0.045489
v -0.035270 0.102407 0.042231
v -0.038869 -0.102347 0.038823
v -0.038721 0.102349 0.038691
v -0.039582 -0.102334 0.038223
v -0.043146 0.102274 0.034154
v -0.045664 -0.102232 0.030477
v -0.045532 0.102234 0.030407
v -0.046549 -0.102217 0.029350
v -0.049207 0.102173 0.024639
v -0.050700 -0.102148 0.020974
v -0.050602 0.102149 0.020954
v -0.051559 -0.102133 0.019242
v -0.053788 -0.102096 0.010680
v -0.053200 0.102105 0.014087
v -0.053735 0.102096 0.010692
v -0.054401 -0.102085 0.008324
v -0.054812 -0.102078 -0.000011
v -0.054956 0.102076 0.002943
v -0.054812 0.102078 0.000011
v -0.054956 -0.102076 -0.002943
v -0.053735 -0.102096 -0.010692
v -0.054401 0.102085 -0.008324
v -0.053788 0.102096 -0.010680
v -0.053200 -0.102105 -0.014088
v -0.050602 -0.102149 -0.020954
v -0.051559 0.102133 -0.019242
v -0.050700 0.102148 -0.020974
v -0.049207 -0.102173 -0.024639
v -0.046549 0.102217 -0.029350
v -0.045532 -0.102234 -0.030408
v -0.045664 0.102232 -0.030477
v -0.043146 -0.102274 -0.034154
v -0.039582 0.102334 -0.038224
v -0.038721 -0.102349 -0.038691
v -0.038869 0.102347 -0.038823
v -0.035270 -0.102407 -0.042231
v -0.030951 0.102480 -0.045488
v -0.030429 -0.102488 -0.045490
v -0.030571 0.102486 -0.045693
v -0.025912 -0.102564 -0.048532
v -0.021079 0.102646 -0.050807
v -0.010204 0.102829 -0.054052
v -0.004369 -0.102927 -0.054829
v -0.010749 0.102820 -0.053890
v -0.010714 -0.102820 -0.053664
v -0.021019 0.102647 -0.050840
v -0.015465 -0.102740 -0.052791
v -0.020973 -0.102647 -0.050546
v -0.004246 -0.104927 -0.052835
v -0.009869 -0.104828 0.052086
v -0.014939 -0.104740 -0.050871
v -0.020291 -0.104646 0.048991
v -0.025006 -0.104564 -0.046767
v -0.029862 -0.104479 0.043834
v -0.034024 -0.104407 -0.040696
v -0.038179 -0.104334 0.036834
v -0.041613 -0.104274 -0.032912
v -0.044892 -0.104217 0.028283
v -0.047454 -0.104172 -0.023743
v -0.049720 -0.104133 0.018542
v -0.051302 -0.104105 -0.013575
v -0.052459 -0.104085 0.008022
v -0.052994 -0.104076 -0.002836
v -0.004246 0.104927 0.052835
v -0.009869 0.104828 -0.052086
v -0.014939 0.104740 0.050872
v -0.020291 0.104646 -0.048991
v -0.025006 0.104564 0.046767
v -0.029862 0.104479 -0.043834
v -0.034024 0.104407 0.040696
v -0.038179 0.104334 -0.036834
v -0.041613 0.104274 0.032912
v -0.044892 0.104217 -0.028283
v -0.047454 0.104172 0.023743
v -0.049720 0.104133 -0.018542
v -0.051302 0.104105 0.013575
v -0.052459 0.104085 -0.008022
v -0.052994 0.104076 0.002836
v -0.020973 0.103409 -0.050695
v -0.010189 0.103592 -0.053900
v -0.010120 0.104240 -0.053474
v -0.010008 0.104674 -0.052837
v -0.004304 0.104773 0.053598
v -0.004347 0.104340 0.054244
v -0.004370 0.103691 0.054676
v -0.015435 0.103503 0.052642
v -0.025851 0.103326 0.048394
v -0.035182 0.103167 0.042110
v -0.043033 0.103034 0.034054
v -0.049076 0.102931 0.024567
v -0.053057 0.102863 0.014046
v -0.054807 0.102833 0.002935
v -0.054254 0.102843 -0.008300
v -0.051421 0.102891 -0.019186
v -0.046426 0.102976 -0.029265
v -0.039480 0.103094 -0.038113
v -0.015150 0.104585 0.051604
v -0.025361 0.104407 0.047440
v -0.034508 0.104248 0.041279
v -0.042205 0.104114 0.033383
v -0.048129 0.104011 0.024083
v -0.052031 0.103943 0.013769
v -0.053747 0.103914 0.002877
v -0.053205 0.103923 -0.008136
v -0.050428 0.103971 -0.018808
v -0.045531 0.104056 -0.028688
v -0.038722 0.104175 -0.037361
v -0.030286 0.104322 -0.044464
v -0.015324 0.104151 0.052226
v -0.025658 0.103973 0.048010
v -0.034914 0.103813 0.041776
v -0.042703 0.103679 0.033784
v -0.048698 0.103576 0.024372
v -0.052647 0.103508 0.013934
v -0.054383 0.103478 0.002912
v -0.053835 0.103487 -0.008234
v -0.051024 0.103536 -0.019033
v -0.046069 0.103621 -0.029032
v -0.039179 0.103740 -0.037810
v -0.030642 0.103887 -0.044998
v -0.030875 0.103240 -0.045358
v -0.020818 0.104056 -0.050294
v -0.020579 0.104490 -0.049696
v -0.020973 -0.103409 0.050695
v -0.004304 -0.104773 -0.053598
v -0.004347 -0.104340 -0.054244
v -0.004370 -0.103691 -0.054676
v -0.010189 -0.103592 0.053900
v -0.010120 -0.104240 0.053474
v -0.010008 -0.104674 0.052837
v -0.015435 -0.103503 -0.052642
v -0.025851 -0.103326 -0.048394
v -0.035182 -0.103167 -0.042110
v -0.043033 -0.103034 -0.034054
v -0.049076 -0.102931 -0.024567
v -0.053057 -0.102863 -0.014046
v -0.054807 -0.102833 -0.002935
v -0.054254 -0.102843 0.008300
v -0.051421 -0.102891 0.019186
v -0.046426 -0.102976 0.029265
v -0.039480 -0.103094 0.038113
v -0.015150 -0.104585 -0.051604
v -0.025361 -0.104407 -0.047439
v -0.034508 -0.104248 -0.041279
v -0.042205 -0.104114 -0.033383
v -0.048129 -0.104011 -0.024083
v -0.052031 -0.103943 -0.013769
v -0.053747 -0.103914 -0.002877
v -0.053205 -0.103923 0.008136
v -0.050428 -0.103971 0.018808
v -0.045531 -0.104056 0.028688
v -0.038722 -0.104175 0.037361
v -0.030286 -0.104322 0.044464
v -0.015324 -0.104151 -0.052226
v -0.025658 -0.103973 -0.048010
v -0.034914 -0.103813 -0.041776
v -0.042703 -0.103679 -0.033784
v -0.048698 -0.103576 -0.024372
v -0.052647 -0.103508 -0.013934
v -0.054383 -0.103478 -0.002911
v -0.053835 -0.103487 0.008234
v -0.051024 -0.103536 0.019033
v -0.046069 -0.103621 0.029032
v -0.039179 -0.103740 0.037810
v -0.030642 -0.103887 0.044998
v -0.030875 -0.103240 0.045358
v -0.020818 -0.104056 0.050294
v -0.020579 -0.104490 0.049696
v -0.000035 0.104834 -0.053758
v -0.000035 0.104562 -0.054249
v -0.000035 0.104397 -0.054395
v -0.000035 -0.104696 -0.054060
v -0.000035 -0.104822 -0.053755
v -0.000035 -0.104395 -0.054398
v -0.000035 -0.104249 -0.054562
v -0.000035 -0.103758 -0.054834
v -0.000035 -0.103662 -0.054887
v -0.000035 0.103439 -0.054951
v -0.000035 -0.104848 0.053765
v -0.000035 -0.104414 0.054414
v -0.000035 0.103754 -0.054821
v -0.000035 0.104060 -0.054696
v -0.000035 -0.103765 0.054848
v -0.000035 -0.104951 -0.053439
v -0.000035 0.104414 0.054414
v -0.000035 0.104848 0.053765
v -0.000035 0.103765 0.054848
v -0.000035 0.104887 -0.053662
v 0.054965 0.069494 0.018677
v 0.054965 0.061481 0.021942
v 0.054965 0.070532 0.017324
v 0.054965 0.071885 0.016286
v 0.054965 0.057635 0.012657
v 0.054965 0.055645 0.011024
v 0.054965 0.073460 0.015634
v 0.054965 0.053375 0.009811
v 0.054965 0.081458 0.023632
v 0.054965 0.081681 0.021942
v 0.054965 0.102075 0.037029
v 0.054965 0.069494 0.025207
v 0.054965 0.070532 0.026560
v 0.054965 0.055645 0.032860
v 0.054965 0.053375 0.034073
v 0.054965 0.061228 0.019380
v 0.054965 0.060481 0.016917
v 0.054965 0.059268 0.014647
v 0.054965 0.068842 0.020252
v 0.054965 0.068619 0.021942
v 0.054965 0.061228 0.024504
v 0.054965 0.068842 0.023632
v 0.054965 0.057635 0.031227
v 0.054965 0.059268 0.029237
v 0.054965 0.060481 0.026967
v 0.054965 0.102075 0.000000
v 0.054965 0.081458 0.020252
v 0.054965 0.080806 0.018677
v 0.054965 -0.102075 0.037029
v 0.054965 -0.102075 0.000000
v 0.054965 -0.078158 0.020252
v 0.054965 -0.078381 0.021942
v 0.054965 -0.078158 0.023632
v 0.054965 -0.077506 0.025207
v 0.054965 -0.073540 0.028250
v 0.054965 -0.071850 0.028473
v 0.054965 -0.066194 0.018677
v 0.054965 -0.067232 0.017324
v 0.054965 -0.052345 0.011024
v 0.054965 -0.050075 0.009811
v 0.054965 0.079768 0.017324
v 0.054965 0.078415 0.016286
v 0.054965 0.076840 0.015634
v 0.054965 -0.075115 0.016286
v 0.054965 -0.076468 0.017324
v 0.054965 -0.077506 0.018677
v 0.054965 -0.076468 0.026560
v 0.054965 -0.075115 0.027598
v 0.054965 0.078415 0.027598
v 0.054965 0.079768 0.026560
v 0.054965 0.080806 0.025207
v 0.054965 -0.065542 0.023632
v 0.054965 -0.057181 0.026967
v 0.054965 -0.066194 0.025207
v 0.054965 -0.055968 0.029237
v 0.054965 -0.065542 0.020252
v 0.054965 -0.054335 0.012657
v 0.054965 -0.065319 0.021942
v 0.054965 -0.055968 0.014647
v 0.054965 -0.057181 0.016917
v 0.054965 0.050912 0.009064
v 0.054965 0.075150 0.015411
v 0.054965 -0.054335 0.031227
v 0.054965 -0.052345 0.032860
v 0.054965 -0.067232 0.026560
v 0.054965 -0.050075 0.034073
v 0.054965 -0.068585 0.027598
v 0.054965 -0.057928 0.019380
v 0.054965 -0.058181 0.021942
v 0.054965 -0.057928 0.024504
v 0.054965 -0.018154 0.009680
v 0.054965 0.017854 0.009680
v 0.054965 -0.015799 0.010865
v 0.054965 0.015499 0.010865
v 0.054965 -0.014080 0.012170
v 0.054965 -0.068585 0.016286
v 0.054965 -0.070160 0.015634
v 0.054965 -0.047612 0.009064
v 0.054965 -0.071850 0.015411
v 0.054965 -0.073540 0.015634
v 0.054965 0.009604 0.024137
v 0.054965 0.010353 0.026804
v 0.054965 -0.010653 0.026804
v 0.054965 -0.070160 0.028250
v 0.054965 -0.047612 0.034820
v 0.054965 -0.011944 0.029255
v 0.054965 0.071885 0.027598
v 0.054965 0.073460 0.028250
v 0.054965 0.050912 0.034820
v 0.054965 0.075150 0.028473
v 0.054965 0.076840 0.028250
v 0.054965 0.048350 0.008811
v 0.054965 0.022550 0.008811
v 0.054965 0.020399 0.008989
v 0.054965 0.009427 0.022381
v 0.054965 0.007594 0.020617
v 0.054965 -0.021089 0.034954
v 0.054965 -0.018398 0.034295
v 0.054965 0.015605 0.033086
v 0.054965 -0.015905 0.033086
v 0.054965 0.013422 0.031380
v 0.054965 0.011644 0.029255
v 0.054965 -0.045050 0.035073
v 0.054965 -0.022850 0.035073
v 0.054965 0.012952 0.012750
v 0.054965 0.011847 0.013162
v 0.054965 0.010884 0.013267
v 0.054965 -0.020699 0.008989
v 0.054965 -0.022850 0.008811
v 0.054965 -0.045050 0.008811
v 0.054965 -0.013722 0.031380
v 0.054965 0.022550 0.035073
v 0.054965 0.048350 0.035073
v 0.054965 0.010880 0.013267
v 0.054965 -0.011184 0.013267
v 0.054965 0.018098 0.034295
v 0.054965 0.020789 0.034954
v 0.054965 0.013782 0.012168
v 0.054965 0.013191 0.012611
v 0.054965 -0.011921 0.013207
v 0.054965 -0.012192 0.013152
v 0.054965 -0.013292 0.012728
v 0.054965 -0.007894 0.020617
v 0.054965 -0.009682 0.022034
v 0.054965 -0.009446 0.021468
v 0.054965 -0.009037 0.021012
v 0.054965 -0.009904 0.024137
v 0.054965 -0.009727 0.022381
v 0.054965 -0.008499 0.020717
v 0.054965 0.008989 0.021255
v 0.054965 0.009304 0.021780
v 0.054965 0.008518 0.020863
v 0.054965 0.007943 0.020649
v 0.047866 0.102164 0.055000
v 0.047866 -0.102164 0.055000
v 0.010642 -0.102820 -0.053954
v 0.007235 0.102877 -0.054517
v 0.010693 -0.102819 -0.053938
v 0.010637 0.102820 -0.053702
v 0.018205 0.102693 -0.051887
v 0.021000 -0.102646 -0.050771
v 0.020916 0.102647 -0.050609
v 0.021425 -0.102639 -0.050640
v 0.028407 0.102521 -0.047075
v 0.030478 -0.102486 -0.045653
v 0.030401 0.102488 -0.045571
v 0.031306 -0.102472 -0.045197
v 0.038772 -0.102347 -0.038792
v 0.037413 0.102370 -0.040282
v 0.038729 0.102348 -0.038779
v 0.039867 -0.102329 -0.037852
v 0.045565 -0.102233 -0.030455
v 0.044844 0.102245 -0.031795
v 0.045579 0.102232 -0.030491
v 0.046751 -0.102213 -0.028915
v 0.050601 -0.102148 -0.020962
v 0.050387 0.102152 -0.021970
v 0.050689 0.102146 -0.021019
v 0.051666 -0.102130 -0.018762
v 0.053691 -0.102096 -0.010676
v 0.053859 0.102093 -0.010725
v 0.053808 0.102094 -0.011221
v 0.054406 -0.102084 -0.007820
v 0.007006 0.104877 -0.052535
v 0.052864 0.104077 0.039788
v 0.053000 0.104074 0.037029
v 0.053000 0.104074 0.000000
v 0.049401 0.104137 0.052598
v 0.050499 0.104118 0.051500
v 0.047901 0.104163 0.053000
v 0.050843 0.104112 0.050588
v 0.052456 0.104084 0.042521
v 0.017577 0.104693 -0.050001
v 0.043247 0.104245 -0.030638
v 0.036086 0.104369 -0.038817
v 0.027408 0.104521 -0.045363
v 0.051885 0.104094 -0.010813
v 0.048588 0.104151 -0.021171
v 0.053000 -0.104074 0.000000
v 0.053000 -0.104074 0.037029
v 0.050154 -0.104124 0.051980
v 0.048862 -0.104147 0.052842
v 0.050843 -0.104112 0.050588
v 0.047901 -0.104163 0.053000
v 0.052456 -0.104084 0.042521
v 0.052864 -0.104077 0.039788
v 0.010289 -0.104820 -0.051992
v 0.020680 -0.104638 -0.048799
v 0.030201 -0.104472 -0.043553
v 0.038451 -0.104328 -0.036476
v 0.045084 -0.104212 -0.027864
v 0.049821 -0.104130 -0.018080
v 0.052462 -0.104084 -0.007535
v 0.052769 0.102112 0.050981
v 0.052769 -0.102112 0.050981
v 0.054382 0.102084 0.042913
v 0.054382 -0.102084 0.042913
v 0.054819 0.102077 0.039985
v 0.054819 -0.102077 0.039985
v 0.051764 -0.102123 0.053013
v 0.052196 0.102118 0.052500
v 0.051740 0.102123 0.052956
v 0.051622 -0.102124 0.053300
v 0.050366 0.102137 0.054330
v 0.050005 -0.102141 0.054379
v 0.050057 0.102141 0.054413
v 0.049468 -0.102147 0.054736
v 0.007104 0.104723 -0.053292
v 0.007182 0.104290 -0.053935
v 0.007228 0.103642 -0.054365
v 0.018167 0.103455 -0.051741
v 0.028339 0.103282 -0.046940
v 0.037318 0.103130 -0.040165
v 0.044726 0.103004 -0.031702
v 0.050252 0.102909 -0.021905
v 0.017827 0.104537 -0.050720
v 0.027799 0.104364 -0.046014
v 0.036601 0.104211 -0.039374
v 0.043863 0.104084 -0.031077
v 0.049280 0.103990 -0.021474
v 0.052624 0.103932 -0.010967
v 0.018034 0.104103 -0.051331
v 0.028126 0.103929 -0.046568
v 0.037033 0.103776 -0.039847
v 0.044382 0.103649 -0.031450
v 0.049864 0.103554 -0.021731
v 0.053248 0.103496 -0.011099
v 0.053663 0.102852 -0.011188
v 0.053755 0.103912 0.000000
v 0.053966 0.103767 0.000000
v 0.054392 0.103476 0.000000
v 0.054675 0.103046 0.000000
v 0.054816 0.102832 0.000000
v 0.054703 0.103064 0.037029
v 0.053985 0.103795 0.037029
v 0.054558 0.103067 0.039958
v 0.053844 0.103797 0.039886
v 0.054126 0.103074 0.042858
v 0.053422 0.103804 0.042715
v 0.051809 0.103833 0.050783
v 0.052512 0.103102 0.050926
v 0.047897 0.103962 0.053752
v 0.047896 0.103895 0.054000
v 0.049894 0.103863 0.053460
v 0.051973 0.103109 0.052361
v 0.051353 0.103840 0.051995
v 0.050247 0.103132 0.054093
v 0.047890 0.103529 0.054366
v 0.047879 0.102916 0.054798
v 0.047884 0.103163 0.054732
v 0.053966 -0.103767 0.000000
v 0.053755 -0.103912 0.000000
v 0.053209 -0.103922 -0.007643
v 0.010626 -0.103584 -0.053802
v 0.010553 -0.104232 -0.053377
v 0.010435 -0.104666 -0.052741
v 0.054675 -0.103046 0.000000
v 0.054392 -0.103476 0.000000
v 0.053839 -0.103486 -0.007735
v 0.054259 -0.102841 -0.007797
v 0.054816 -0.102832 0.000000
v 0.051527 -0.102888 -0.018707
v 0.046627 -0.102971 -0.028831
v 0.039765 -0.103088 -0.037743
v 0.050530 -0.103968 -0.018338
v 0.045727 -0.104052 -0.028263
v 0.039000 -0.104169 -0.036999
v 0.030632 -0.104314 -0.044179
v 0.051129 -0.103533 -0.018558
v 0.046268 -0.103616 -0.028602
v 0.039461 -0.103734 -0.037443
v 0.030992 -0.103880 -0.044710
v 0.031229 -0.103233 -0.045067
v 0.021378 -0.103401 -0.050497
v 0.021220 -0.104048 -0.050097
v 0.020975 -0.104482 -0.049501
v 0.053985 -0.103795 0.037029
v 0.054703 -0.103064 0.037029
v 0.054558 -0.103067 0.039958
v 0.054126 -0.103074 0.042858
v 0.053844 -0.103797 0.039886
v 0.053422 -0.103804 0.042715
v 0.051809 -0.103833 0.050783
v 0.052512 -0.103102 0.050926
v 0.051431 -0.103117 0.053118
v 0.049399 -0.103143 0.054479
v 0.047897 -0.103962 0.053752
v 0.049177 -0.103875 0.053786
v 0.047896 -0.103895 0.054000
v 0.047890 -0.103529 0.054366
v 0.047884 -0.103163 0.054732
v 0.047879 -0.102916 0.054798
v 0.050895 -0.103847 0.052635
v 0.039965 -0.069132 0.023511
v 0.052811 -0.068938 0.023623
v 0.039965 -0.070281 0.024660
v 0.052811 -0.070169 0.024854
v 0.039965 -0.071850 0.025080
v 0.052811 -0.071850 0.025304
v 0.039965 -0.073419 0.024660
v 0.052811 -0.073531 0.024854
v 0.039965 -0.074568 0.023511
v 0.052811 -0.074762 0.023623
v 0.039965 -0.074988 0.021942
v 0.052811 -0.075212 0.021942
v 0.039965 -0.074568 0.020373
v 0.052811 -0.074762 0.020261
v 0.039965 -0.073419 0.019224
v 0.052811 -0.073531 0.019030
v 0.039965 -0.071850 0.018804
v 0.052811 -0.071850 0.018580
v 0.039965 -0.070281 0.019224
v 0.052811 -0.070169 0.019030
v 0.039965 -0.069132 0.020373
v 0.052811 -0.068938 0.020261
v 0.039965 -0.068712 0.021942
v 0.052811 -0.068488 0.021942
v 0.039965 0.077868 0.023511
v 0.052811 0.078062 0.023623
v 0.039965 0.076719 0.024660
v 0.052811 0.076831 0.024854
v 0.039965 0.075150 0.025080
v 0.052811 0.075150 0.025304
v 0.039965 0.073581 0.024660
v 0.052811 0.073469 0.024854
v 0.039965 0.072432 0.023511
v 0.052811 0.072238 0.023623
v 0.039965 0.072012 0.021942
v 0.052811 0.071788 0.021942
v 0.039965 0.072432 0.020373
v 0.052811 0.072238 0.020261
v 0.039965 0.073581 0.019224
v 0.052811 0.073469 0.019030
v 0.039965 0.075150 0.018804
v 0.052811 0.075150 0.018580
v 0.039965 0.076719 0.019224
v 0.052811 0.076831 0.019030
v 0.039965 0.077868 0.020373
v 0.052811 0.078062 0.020261
v 0.039965 0.078288 0.021942
v 0.052811 0.078512 0.021942
v 0.052938 0.058123 0.023886
v 0.052938 0.058042 0.024152
v 0.039965 0.057844 0.024109
v 0.052938 0.050294 0.031715
v 0.052938 0.048350 0.031907
v 0.039965 0.048350 0.031680
v 0.052938 0.052163 0.031148
v 0.039965 0.052575 0.030716
v 0.052938 0.052655 0.030885
v 0.039965 0.055964 0.028014
v 0.052938 0.055396 0.028988
v 0.052938 0.053886 0.030227
v 0.052938 0.057556 0.025755
v 0.052938 0.056635 0.027478
v 0.052938 0.056104 0.028125
v 0.052938 0.057556 0.018129
v 0.052938 0.058042 0.019731
v 0.039965 0.057844 0.019775
v 0.052938 0.058123 0.019998
v 0.052938 0.058315 0.021942
v 0.052938 0.056635 0.016406
v 0.039965 0.055964 0.015870
v 0.052938 0.056104 0.015759
v 0.052938 0.055396 0.014896
v 0.039965 0.052575 0.013168
v 0.052938 0.053886 0.013657
v 0.052938 0.048350 0.011977
v 0.052938 0.050294 0.012169
v 0.039965 0.048350 0.012204
v 0.052938 0.052163 0.012736
v 0.052938 0.052655 0.012999
v 0.052938 0.022550 0.011977
v 0.039965 0.022550 0.012204
v 0.052938 0.015896 0.014524
v 0.052938 0.017355 0.013439
v 0.052474 0.015906 0.014527
v 0.039965 0.018325 0.013168
v 0.052474 0.014834 0.015792
v 0.039965 0.014936 0.015870
v 0.052474 0.014143 0.016607
v 0.052474 0.012882 0.019563
v 0.039965 0.013056 0.019775
v 0.052474 0.012865 0.019729
v 0.052938 0.012841 0.024159
v 0.052938 0.012591 0.022275
v 0.052474 0.012599 0.022275
v 0.039965 0.013056 0.024109
v 0.052938 0.018245 0.013001
v 0.052938 0.018986 0.012636
v 0.052938 0.020738 0.012143
v 0.052938 0.015590 0.029073
v 0.052938 0.014837 0.028095
v 0.039965 0.014936 0.028014
v 0.052938 0.013873 0.026841
v 0.052938 0.012849 0.024217
v 0.052938 0.017862 0.030735
v 0.039965 0.018325 0.030716
v 0.052938 0.018243 0.030873
v 0.052938 0.020510 0.031695
v 0.039965 0.022550 0.031680
v 0.052938 0.022550 0.031907
v 0.052938 -0.054823 0.019998
v 0.052938 -0.054742 0.019731
v 0.039965 -0.054544 0.019775
v 0.052938 -0.046994 0.012169
v 0.052938 -0.045050 0.011977
v 0.039965 -0.045050 0.012204
v 0.052938 -0.048863 0.012736
v 0.039965 -0.049275 0.013168
v 0.052938 -0.049355 0.012999
v 0.039965 -0.052664 0.015870
v 0.052938 -0.052096 0.014896
v 0.052938 -0.050586 0.013657
v 0.052938 -0.054256 0.018129
v 0.052938 -0.053335 0.016406
v 0.052938 -0.052804 0.015759
v 0.052938 -0.054256 0.025755
v 0.052938 -0.054742 0.024152
v 0.039965 -0.054544 0.024109
v 0.052938 -0.054823 0.023886
v 0.052938 -0.055015 0.021942
v 0.052938 -0.053335 0.027478
v 0.039965 -0.052664 0.028014
v 0.052938 -0.052804 0.028125
v 0.052938 -0.052096 0.028988
v 0.039965 -0.049275 0.030716
v 0.052938 -0.050586 0.030227
v 0.052938 -0.045050 0.031907
v 0.052938 -0.046994 0.031715
v 0.039965 -0.045050 0.031680
v 0.052938 -0.048863 0.031148
v 0.052938 -0.049355 0.030885
v 0.052938 -0.022850 0.031907
v 0.039965 -0.022850 0.031680
v 0.052938 -0.012891 0.022275
v 0.052938 -0.013141 0.024159
v 0.052474 -0.012899 0.022275
v 0.039965 -0.013356 0.024109
v 0.052474 -0.013165 0.019729
v 0.039965 -0.013356 0.019775
v 0.052474 -0.013182 0.019563
v 0.039965 -0.015236 0.015870
v 0.052474 -0.014443 0.016607
v 0.052474 -0.015134 0.015792
v 0.052938 -0.017655 0.013439
v 0.052938 -0.016196 0.014524
v 0.052474 -0.016206 0.014527
v 0.039965 -0.018625 0.013168
v 0.052938 -0.020810 0.031695
v 0.039965 -0.018625 0.030716
v 0.052938 -0.018543 0.030873
v 0.052938 -0.018162 0.030735
v 0.039965 -0.015236 0.028014
v 0.052938 -0.015890 0.029073
v 0.052938 -0.013149 0.024218
v 0.052938 -0.014173 0.026841
v 0.052938 -0.015137 0.028095
v 0.052938 -0.022850 0.011977
v 0.052938 -0.021038 0.012143
v 0.039965 -0.022850 0.012204
v 0.052938 -0.019286 0.012636
v 0.052938 -0.018545 0.013001
v 0.052965 0.012396 0.019443
v 0.052965 0.012353 0.019628
v 0.052965 0.011476 0.018571
v 0.052965 -0.008755 0.017077
v 0.052965 -0.009552 0.017192
v 0.052965 -0.011178 0.016934
v 0.052965 0.011274 0.018327
v 0.052965 0.010273 0.017687
v 0.052965 0.010878 0.016934
v 0.052965 0.009988 0.017504
v 0.052965 0.012173 0.016780
v 0.052965 0.012903 0.016693
v 0.052965 0.013640 0.016469
v 0.052965 0.009847 0.017414
v 0.052965 0.008554 0.017071
v 0.052965 0.008227 0.016984
v 0.052965 -0.008418 0.017028
v 0.052965 -0.010180 0.017498
v 0.052965 -0.010486 0.017647
v 0.052965 -0.011948 0.016904
v 0.052965 -0.011070 0.017931
v 0.052965 -0.013050 0.016663
v 0.052965 -0.011689 0.018522
v 0.052965 -0.013940 0.016469
v 0.052965 -0.012294 0.019100
v 0.052965 -0.012696 0.019443
v 0.052965 -0.012653 0.019628
v 0.052965 0.008211 0.016980
v 0.052965 0.007587 0.016950
v 0.052965 -0.007887 0.016950
v 0.052480 0.012599 0.022266
v 0.052938 0.012567 0.021929
v 0.052938 0.012519 0.021584
v 0.052938 -0.012819 0.021584
v 0.052938 -0.012867 0.021929
v 0.052480 -0.012899 0.022266
v 0.052480 -0.016198 0.014534
v 0.052938 -0.016196 0.014525
v 0.052747 -0.015843 0.014826
v 0.052935 -0.015895 0.014781
v 0.052933 -0.015578 0.015022
v 0.052933 0.015278 0.015022
v 0.052935 0.015595 0.014781
v 0.052747 0.015543 0.014826
v 0.052938 0.015896 0.014525
v 0.052480 0.015898 0.014534
v 0.054603 0.080350 0.020549
v 0.053412 0.078832 0.021942
v 0.053412 0.078339 0.020101
v 0.053412 0.076991 0.018753
v 0.054603 0.078957 0.018135
v 0.054603 0.079812 0.019250
v 0.053412 0.075150 0.018260
v 0.054603 0.076543 0.016742
v 0.054603 0.077842 0.017280
v 0.053412 0.073309 0.018753
v 0.054603 0.073757 0.016742
v 0.054603 0.075150 0.016558
v 0.053412 0.071961 0.020101
v 0.054603 0.071343 0.018135
v 0.054603 0.072458 0.017280
v 0.053412 0.071468 0.021942
v 0.054603 0.069950 0.020549
v 0.054603 0.070488 0.019250
v 0.053412 0.071961 0.023783
v 0.054603 0.069950 0.023335
v 0.054603 0.069767 0.021942
v 0.053412 0.073309 0.025131
v 0.054603 0.071343 0.025749
v 0.054603 0.070488 0.024634
v 0.053412 0.075150 0.025624
v 0.054603 0.073757 0.027142
v 0.054603 0.072458 0.026604
v 0.053412 0.076991 0.025131
v 0.054603 0.076543 0.027142
v 0.054603 0.075150 0.027325
v 0.053412 0.078339 0.023783
v 0.054603 0.078957 0.025749
v 0.054603 0.077842 0.026604
v 0.054603 0.080533 0.021942
v 0.054603 0.080350 0.023335
v 0.054603 0.079812 0.024634
v 0.053338 -0.012609 0.021620
v 0.053331 -0.012564 0.021344
v 0.054603 -0.010800 0.021777
v 0.053306 -0.012526 0.021069
v 0.054602 -0.010649 0.021411
v 0.053339 -0.012655 0.021951
v 0.054603 -0.010873 0.022342
v 0.053339 -0.012678 0.022282
v 0.053273 -0.012442 0.020736
v 0.053215 -0.012299 0.020169
v 0.054601 -0.010419 0.020854
v 0.053209 -0.012168 0.019917
v 0.053204 -0.011691 0.019241
v 0.054600 -0.010091 0.020486
v 0.053203 -0.011598 0.019147
v 0.054598 -0.009754 0.020107
v 0.053197 -0.011108 0.018653
v 0.054597 -0.009403 0.019913
v 0.053172 -0.008902 0.017566
v 0.054592 -0.008388 0.019536
v 0.054594 -0.008878 0.019621
v 0.053190 -0.010441 0.018173
v 0.053189 -0.010437 0.018169
v 0.053181 -0.009694 0.017804
v 0.053160 -0.007889 0.017458
v 0.054590 -0.007889 0.019451
v 0.053163 -0.008080 0.017463
v 0.053170 -0.008730 0.017544
v 0.053160 0.007589 0.017458
v 0.054590 0.007589 0.019451
v 0.054603 -0.022850 0.033925
v 0.053339 -0.022850 0.032120
v 0.054603 -0.021243 0.033817
v 0.053339 -0.020766 0.031904
v 0.054603 -0.018787 0.033216
v 0.053339 -0.019434 0.031421
v 0.054603 -0.016512 0.032112
v 0.053339 -0.018062 0.030923
v 0.054603 -0.014519 0.030556
v 0.053339 -0.012941 0.024266
v 0.054603 -0.011035 0.023945
v 0.053339 -0.013491 0.025674
v 0.054603 -0.011718 0.026379
v 0.053339 -0.013987 0.026946
v 0.054603 -0.012897 0.028616
v 0.053339 -0.015741 0.029225
v 0.053339 -0.015778 0.029253
v 0.053334 0.012285 0.021471
v 0.054603 0.010472 0.021846
v 0.053331 0.012264 0.021344
v 0.054603 0.010374 0.021364
v 0.053306 0.012226 0.021069
v 0.053242 0.012130 0.020533
v 0.053209 0.011868 0.019917
v 0.054601 0.010065 0.020844
v 0.053208 0.011755 0.019756
v 0.053204 0.011391 0.019240
v 0.054600 0.009863 0.020505
v 0.053197 0.010808 0.018652
v 0.054598 0.009471 0.020176
v 0.053197 0.010764 0.018620
v 0.053189 0.010136 0.018169
v 0.054597 0.009097 0.019862
v 0.053181 0.009394 0.017804
v 0.054594 0.008529 0.019646
v 0.053179 0.009173 0.017737
v 0.053172 0.008601 0.017566
v 0.054593 0.008160 0.019507
v 0.053163 0.007780 0.017463
v 0.053339 0.012378 0.022282
v 0.054603 0.010573 0.022342
v 0.053339 0.012355 0.021951
v 0.053338 0.012309 0.021620
v 0.053339 -0.045050 0.032120
v 0.054603 -0.045050 0.033925
v 0.054603 0.010735 0.023945
v 0.053339 0.012641 0.024266
v 0.054603 0.011418 0.026379
v 0.053339 0.013191 0.025674
v 0.054603 0.012597 0.028616
v 0.053339 0.013687 0.026945
v 0.054603 0.014219 0.030556
v 0.053339 0.022550 0.032120
v 0.054603 0.022550 0.033925
v 0.053339 0.020466 0.031904
v 0.054603 0.020943 0.033817
v 0.053339 0.019134 0.031421
v 0.054603 0.018487 0.033216
v 0.053339 0.017762 0.030923
v 0.054603 0.016212 0.032112
v 0.053339 0.015478 0.029253
v 0.053339 0.015441 0.029225
v 0.053339 -0.047036 0.031924
v 0.054603 -0.047388 0.033695
v 0.053339 -0.048945 0.031345
v 0.054603 -0.049636 0.033013
v 0.053339 -0.050704 0.030405
v 0.054603 -0.051708 0.031906
v 0.053339 -0.052247 0.029139
v 0.054603 -0.053524 0.030416
v 0.053339 -0.053512 0.027596
v 0.054603 -0.055014 0.028600
v 0.053339 -0.054453 0.025837
v 0.054603 -0.056121 0.026528
v 0.053339 -0.055032 0.023928
v 0.054603 -0.056803 0.024280
v 0.053339 -0.055228 0.021942
v 0.054603 -0.057033 0.021942
v 0.053339 -0.055032 0.019956
v 0.054603 -0.056803 0.019604
v 0.053339 -0.054453 0.018047
v 0.054603 -0.056121 0.017356
v 0.053339 -0.053512 0.016288
v 0.054603 -0.055014 0.015284
v 0.053339 -0.052247 0.014745
v 0.054603 -0.053524 0.013468
v 0.053339 -0.050704 0.013480
v 0.054603 -0.051708 0.011978
v 0.053339 -0.048945 0.012539
v 0.054603 -0.049636 0.010871
v 0.053339 -0.047036 0.011960
v 0.054603 -0.047388 0.010189
v 0.053339 -0.045050 0.011764
v 0.054603 -0.045050 0.009959
v 0.053339 0.048350 0.032120
v 0.054603 0.048350 0.033925
v 0.053339 -0.022850 0.011764
v 0.054603 -0.022850 0.009959
v 0.053339 0.048350 0.011764
v 0.054603 0.048350 0.009959
v 0.053339 0.050336 0.011960
v 0.054603 0.050688 0.010189
v 0.053339 0.052245 0.012539
v 0.054603 0.052936 0.010871
v 0.053339 0.054004 0.013480
v 0.054603 0.055008 0.011978
v 0.053339 0.055547 0.014745
v 0.054603 0.056824 0.013468
v 0.053339 0.056812 0.016288
v 0.054603 0.058314 0.015284
v 0.053339 0.057753 0.018047
v 0.054603 0.059421 0.017356
v 0.053339 0.058332 0.019956
v 0.054603 0.060103 0.019604
v 0.053339 0.058528 0.021942
v 0.054603 0.060333 0.021942
v 0.053339 0.058332 0.023928
v 0.054603 0.060103 0.024280
v 0.053339 0.057753 0.025837
v 0.054603 0.059421 0.026528
v 0.053339 0.056812 0.027596
v 0.054603 0.058314 0.028600
v 0.053339 0.055547 0.029139
v 0.054603 0.056824 0.030416
v 0.053339 0.054004 0.030405
v 0.054603 0.055008 0.031906
v 0.053339 0.052245 0.031345
v 0.054603 0.052936 0.033013
v 0.053339 0.050336 0.031924
v 0.054603 0.050688 0.033695
v 0.054603 -0.016415 0.011833
v 0.054603 -0.014846 0.013024
v 0.053339 -0.016052 0.014368
v 0.053339 -0.020999 0.011934
v 0.054603 -0.020887 0.010120
v 0.053339 -0.019210 0.012437
v 0.054603 -0.018565 0.010751
v 0.053339 -0.017544 0.013257
v 0.053339 -0.016054 0.014365
v 0.053339 0.022550 0.011764
v 0.054603 0.022550 0.009959
v 0.053325 -0.015208 0.015032
v 0.054600 -0.013849 0.013736
v 0.053301 -0.014972 0.015219
v 0.053261 -0.014701 0.015434
v 0.053337 -0.015759 0.014617
v 0.053334 -0.015452 0.014852
v 0.053197 -0.013848 0.015908
v 0.054597 -0.013125 0.014020
v 0.053190 -0.013757 0.015958
v 0.054595 -0.012457 0.014281
v 0.053179 -0.012831 0.016235
v 0.054593 -0.012115 0.014352
v 0.053168 -0.011876 0.016391
v 0.054590 -0.011180 0.014433
v 0.053160 -0.011180 0.016426
v 0.054603 0.020587 0.010120
v 0.053339 0.020699 0.011934
v 0.054603 0.018264 0.010751
v 0.053339 0.018910 0.012437
v 0.054603 0.016115 0.011833
v 0.053339 0.017244 0.013257
v 0.054603 0.014546 0.013024
v 0.053339 0.015754 0.014365
v 0.053339 0.015752 0.014368
v 0.053160 0.010880 0.016426
v 0.054590 0.010880 0.014433
v 0.053198 0.013753 0.015834
v 0.054597 0.012826 0.014019
v 0.054600 0.013499 0.013764
v 0.053334 0.015152 0.014852
v 0.053325 0.014908 0.015032
v 0.054601 0.013800 0.013588
v 0.053301 0.014672 0.015219
v 0.053224 0.014109 0.015638
v 0.053337 0.015459 0.014617
v 0.053162 0.011023 0.016424
v 0.054594 0.012100 0.014294
v 0.053192 0.013553 0.015918
v 0.053190 0.013457 0.015958
v 0.053176 0.012259 0.016292
v 0.054603 -0.066650 0.020549
v 0.053412 -0.068168 0.021942
v 0.053412 -0.068661 0.020101
v 0.053412 -0.070009 0.018753
v 0.054603 -0.068043 0.018135
v 0.054603 -0.067188 0.019250
v 0.053412 -0.071850 0.018260
v 0.054603 -0.070457 0.016742
v 0.054603 -0.069158 0.017280
v 0.053412 -0.073691 0.018753
v 0.054603 -0.073243 0.016742
v 0.054603 -0.071850 0.016558
v 0.053412 -0.075039 0.020101
v 0.054603 -0.075657 0.018135
v 0.054603 -0.074542 0.017280
v 0.053412 -0.075532 0.021942
v 0.054603 -0.077050 0.020549
v 0.054603 -0.076512 0.019250
v 0.053412 -0.075039 0.023783
v 0.054603 -0.077050 0.023335
v 0.054603 -0.077233 0.021942
v 0.053412 -0.073691 0.025131
v 0.054603 -0.075657 0.025749
v 0.054603 -0.076512 0.024634
v 0.053412 -0.071850 0.025624
v 0.054603 -0.073243 0.027142
v 0.054603 -0.074542 0.026604
v 0.053412 -0.070009 0.025131
v 0.054603 -0.070457 0.027142
v 0.054603 -0.071850 0.027325
v 0.053412 -0.068661 0.023783
v 0.054603 -0.068043 0.025749
v 0.054603 -0.069158 0.026604
v 0.054603 -0.066467 0.021942
v 0.054603 -0.066650 0.023335
v 0.054603 -0.067188 0.024634
v 0.054869 0.010882 0.013880
v 0.054870 0.011980 0.013756
v 0.054868 0.010880 0.013883
v 0.054868 0.010880 0.013880
v 0.054822 0.014172 0.012605
v 0.054823 0.014170 0.012602
v 0.054948 0.013955 0.012362
v 0.054872 0.013510 0.013123
v 0.054871 0.013239 0.013282
v 0.054869 -0.011182 0.013880
v 0.054867 -0.011182 0.013883
v 0.054872 0.022550 0.009413
v 0.054871 0.022550 0.009416
v 0.054871 0.020498 0.009586
v 0.054871 0.015824 0.011375
v 0.054871 0.018071 0.010245
v 0.054872 -0.013584 0.013257
v 0.054873 -0.014481 0.012618
v 0.054870 -0.012331 0.013745
v 0.054870 -0.012023 0.013808
v 0.054873 0.048350 0.009413
v 0.054873 -0.016122 0.011372
v 0.054873 -0.018369 0.010241
v 0.054873 -0.020797 0.009582
v 0.054873 -0.022850 0.009413
v 0.054873 0.050794 0.009654
v 0.054873 0.053145 0.010366
v 0.054873 0.055311 0.011524
v 0.054873 0.057209 0.013082
v 0.054873 0.058768 0.014981
v 0.054873 0.059925 0.017147
v 0.054873 0.060638 0.019498
v 0.054873 0.060879 0.021942
v 0.054873 0.060638 0.024386
v 0.054873 0.059925 0.026737
v 0.054873 0.058768 0.028903
v 0.054873 0.057209 0.030801
v 0.054873 0.055311 0.032360
v 0.054873 0.053145 0.033517
v 0.054873 0.050794 0.034230
v 0.054873 0.048350 0.034471
v 0.054873 -0.045050 0.009413
v 0.054872 0.022550 0.034471
v 0.054874 0.022550 0.034475
v 0.054873 -0.045050 0.034471
v 0.054873 -0.047494 0.034230
v 0.054873 -0.049845 0.033517
v 0.054873 -0.052011 0.032360
v 0.054873 -0.053909 0.030801
v 0.054873 -0.055468 0.028903
v 0.054873 -0.056625 0.026737
v 0.054873 -0.057338 0.024386
v 0.054873 -0.057579 0.021942
v 0.054873 -0.057338 0.019498
v 0.054873 -0.056625 0.017147
v 0.054873 -0.055468 0.014981
v 0.054873 -0.053909 0.013082
v 0.054873 -0.052011 0.011524
v 0.054873 -0.049845 0.010366
v 0.054873 -0.047494 0.009654
v 0.054948 0.009687 0.022372
v 0.054824 0.010005 0.022361
v 0.054874 0.010194 0.024037
v 0.054874 0.020869 0.034362
v 0.054824 0.010005 0.022361
v 0.054874 0.018301 0.033732
v 0.054874 0.015921 0.032578
v 0.054874 0.013837 0.030951
v 0.054874 0.012141 0.028922
v 0.054874 0.010908 0.026583
v 0.054871 -0.022850 0.034468
v 0.054872 -0.022850 0.034471
v 0.054936 0.007593 0.020278
v 0.054871 0.008056 0.020053
v 0.054872 0.008820 0.020341
v 0.054873 0.009445 0.020864
v 0.054873 0.009862 0.021563
v 0.054830 0.007592 0.020024
v 0.054827 0.007592 0.020018
v 0.054871 -0.021170 0.034354
v 0.054871 -0.018603 0.033726
v 0.054871 -0.016225 0.032572
v 0.054871 -0.014142 0.030946
v 0.054871 -0.012447 0.028918
v 0.054871 -0.011215 0.026580
v 0.054871 -0.010501 0.024036
v 0.054873 -0.010328 0.022361
v 0.054871 -0.010331 0.022360
v 0.054867 -0.007892 0.020001
v 0.054869 -0.007892 0.020004
v 0.054872 -0.010268 0.021900
v 0.054872 -0.009956 0.021146
v 0.054871 -0.009413 0.020537
v 0.054870 -0.008698 0.020142
v 0.054873 0.069423 0.023477
v 0.054873 0.069221 0.021942
v 0.054873 0.069423 0.020407
v 0.054873 0.070015 0.018977
v 0.054873 0.070957 0.017749
v 0.054873 0.072185 0.016807
v 0.054873 0.073615 0.016215
v 0.054873 0.075150 0.016013
v 0.054873 0.076685 0.016215
v 0.054873 0.078115 0.016807
v 0.054873 0.079343 0.017749
v 0.054873 0.080285 0.018977
v 0.054873 0.080877 0.020407
v 0.054873 0.081079 0.021942
v 0.054873 0.080877 0.023477
v 0.054873 0.080285 0.024907
v 0.054873 0.079343 0.026135
v 0.054873 0.078115 0.027077
v 0.054873 0.076685 0.027669
v 0.054873 0.075150 0.027871
v 0.054873 0.073615 0.027669
v 0.054873 0.072185 0.027077
v 0.054873 0.070957 0.026135
v 0.054873 0.070015 0.024907
v 0.054873 -0.077577 0.023477
v 0.054873 -0.077779 0.021942
v 0.054873 -0.077577 0.020407
v 0.054873 -0.076985 0.018977
v 0.054873 -0.076043 0.017749
v 0.054873 -0.074815 0.016807
v 0.054873 -0.073385 0.016215
v 0.054873 -0.071850 0.016013
v 0.054873 -0.070315 0.016215
v 0.054873 -0.068885 0.016807
v 0.054873 -0.067657 0.017749
v 0.054873 -0.066715 0.018977
v 0.054873 -0.066123 0.020407
v 0.054873 -0.065921 0.021942
v 0.054873 -0.066123 0.023477
v 0.054873 -0.066715 0.024907
v 0.054873 -0.067657 0.026135
v 0.054873 -0.068885 0.027077
v 0.054873 -0.070315 0.027669
v 0.054873 -0.071850 0.027871
v 0.054873 -0.073385 0.027669
v 0.054873 -0.074815 0.027077
v 0.054873 -0.076043 0.026135
v 0.054873 -0.076985 0.024907
v 0.052794 -0.014899 0.015701
v 0.052822 -0.014317 0.016527
v 0.052644 -0.014415 0.016590
v 0.052476 -0.012899 0.022264
v 0.052643 -0.012871 0.021493
v 0.052644 -0.013150 0.019555
v 0.052678 -0.012865 0.021331
v 0.052761 -0.012849 0.020920
v 0.052888 -0.012726 0.020114
v 0.052885 -0.012730 0.020137
v 0.052822 -0.013037 0.019527
v 0.052795 -0.012816 0.020701
v 0.052786 -0.012824 0.020759
v 0.052935 -0.012863 0.019484
v 0.052935 -0.014166 0.016431
v 0.052943 -0.014063 0.016371
v 0.052806 -0.014831 0.015756
v 0.052887 -0.014375 0.016121
v 0.052913 -0.014233 0.016234
v 0.052476 -0.016196 0.014535
v 0.052583 -0.015792 0.014899
v 0.052641 -0.015563 0.015112
v 0.052757 -0.015106 0.015536
v 0.052943 0.013763 0.016371
v 0.052935 0.013866 0.016431
v 0.052757 0.014806 0.015536
v 0.052641 0.015263 0.015112
v 0.052644 0.014115 0.016590
v 0.052902 0.012413 0.020029
v 0.052935 0.012563 0.019484
v 0.052888 0.012426 0.020114
v 0.052807 0.012505 0.020630
v 0.052822 0.012737 0.019527
v 0.052795 0.012516 0.020701
v 0.052644 0.012850 0.019555
v 0.052761 0.012549 0.020920
v 0.052476 0.012599 0.022264
v 0.052643 0.012571 0.021493
v 0.052678 0.012565 0.021331
v 0.052476 0.015896 0.014535
v 0.052583 0.015492 0.014899
v 0.052901 0.014001 0.016180
v 0.052887 0.014075 0.016121
v 0.052822 0.014017 0.016527
v 0.052794 0.014599 0.015701
v 0.052791 0.014612 0.015691
v 0.052949 0.014813 0.015387
v 0.052957 0.014815 0.015382
v 0.052664 0.015514 0.014858
v 0.052979 0.015051 0.015186
v 0.053013 0.014825 0.015352
v 0.052478 0.015897 0.014534
v 0.052968 0.014629 0.015532
v 0.053045 0.014636 0.015460
v 0.053123 0.014175 0.015724
v 0.053023 0.013975 0.015970
v 0.053138 0.013961 0.015810
v 0.053015 0.013550 0.016216
v 0.053016 0.013549 0.016213
v 0.053155 0.013472 0.015999
v 0.053151 0.013779 0.015884
v 0.053140 0.011023 0.016453
v 0.053146 0.012104 0.016345
v 0.053013 0.012139 0.016579
v 0.053147 0.012266 0.016328
v 0.053139 0.010880 0.016454
v 0.053026 0.010879 0.016685
v 0.052982 0.010879 0.016777
v 0.052478 -0.016197 0.014534
v 0.052979 -0.015351 0.015186
v 0.053013 -0.015125 0.015352
v 0.052957 -0.015115 0.015382
v 0.052664 -0.015814 0.014858
v 0.052949 -0.015113 0.015387
v 0.052982 -0.011179 0.016777
v 0.053026 0.010879 0.016685
v 0.053026 -0.011179 0.016685
v 0.053139 -0.011180 0.016454
v 0.053025 -0.014195 0.016017
v 0.053123 -0.014162 0.015833
v 0.053155 -0.013772 0.015999
v 0.053068 -0.014821 0.015552
v 0.052976 -0.014850 0.015592
v 0.053060 -0.014865 0.015523
v 0.053015 -0.013850 0.016216
v 0.053016 -0.013849 0.016213
v 0.053014 -0.013003 0.016466
v 0.053026 -0.011179 0.016685
v 0.053149 -0.012839 0.016272
v 0.053143 -0.011880 0.016423
v 0.053150 -0.012950 0.016240
v 0.052478 -0.012899 0.022265
v 0.052825 -0.012814 0.021423
v 0.052954 -0.012804 0.021498
v 0.052962 -0.012745 0.021050
v 0.053020 -0.012731 0.021083
v 0.052985 -0.012775 0.021333
v 0.052952 -0.012747 0.021044
v 0.053019 -0.012416 0.019770
v 0.053039 -0.012680 0.020955
v 0.053161 -0.012359 0.020144
v 0.053121 -0.012465 0.020411
v 0.053020 -0.012592 0.020290
v 0.052965 -0.012727 0.020894
v 0.053020 -0.012411 0.019773
v 0.053166 -0.012214 0.019890
v 0.052982 -0.007888 0.017107
v 0.053026 -0.007888 0.017199
v 0.053011 -0.008403 0.017230
v 0.053159 -0.011139 0.018617
v 0.053161 -0.011373 0.018851
v 0.053018 -0.011542 0.018674
v 0.053163 -0.011730 0.019208
v 0.053155 -0.010459 0.018132
v 0.053016 -0.010386 0.017831
v 0.053154 -0.010274 0.018042
v 0.053015 -0.010097 0.017686
v 0.053152 -0.009996 0.017907
v 0.053012 -0.008725 0.017271
v 0.053145 -0.008909 0.017532
v 0.053150 -0.009709 0.017767
v 0.053142 -0.008382 0.017469
v 0.053144 -0.008690 0.017506
v 0.053140 -0.008082 0.017433
v 0.053139 -0.007889 0.017430
v 0.052478 0.012599 0.022265
v 0.052825 0.012514 0.021423
v 0.052954 0.012504 0.021498
v 0.052985 0.012475 0.021333
v 0.052952 0.012447 0.021044
v 0.052962 0.012445 0.021050
v 0.053020 0.012431 0.021083
v 0.052982 0.007588 0.017107
v 0.053026 0.007588 0.017199
v 0.053026 -0.007888 0.017199
v 0.053139 0.007589 0.017430
v 0.053139 0.012134 0.020300
v 0.053166 0.011914 0.019890
v 0.053025 0.012257 0.020179
v 0.053020 0.012111 0.019773
v 0.053019 0.012116 0.019770
v 0.052977 0.012407 0.020773
v 0.053064 0.012355 0.020846
v 0.053125 0.012249 0.020514
v 0.053140 0.007781 0.017433
v 0.053026 0.007588 0.017199
v 0.053142 0.008174 0.017480
v 0.053012 0.008200 0.017240
v 0.053012 0.008521 0.017287
v 0.053145 0.008609 0.017532
v 0.053150 0.009408 0.017767
v 0.053015 0.009885 0.017728
v 0.053153 0.009780 0.017948
v 0.053016 0.010171 0.017877
v 0.053155 0.010159 0.018132
v 0.053159 0.010839 0.018617
v 0.053018 0.011311 0.018742
v 0.053161 0.011138 0.018916
v 0.053163 0.011430 0.019208
v 0.053150 0.072162 0.023667
v 0.053150 0.073425 0.024930
v 0.053150 0.075150 0.025392
v 0.053150 0.076875 0.024930
v 0.053150 0.078138 0.023667
v 0.053150 0.078600 0.021942
v 0.053150 0.078138 0.020217
v 0.053150 0.076875 0.018954
v 0.053150 0.075150 0.018492
v 0.053150 0.073425 0.018954
v 0.053150 0.072162 0.020217
v 0.053150 0.071700 0.021942
v 0.053150 -0.074838 0.023667
v 0.053150 -0.073575 0.024930
v 0.053150 -0.071850 0.025392
v 0.053150 -0.070125 0.024930
v 0.053150 -0.068862 0.023667
v 0.053150 -0.068400 0.021942
v 0.053150 -0.068862 0.020217
v 0.053150 -0.070125 0.018954
v 0.053150 -0.071850 0.018492
v 0.053150 -0.073575 0.018954
v 0.053150 -0.074838 0.020217
v 0.053150 -0.075300 0.021942
v 0.053164 0.012509 0.021935
v 0.053165 0.012532 0.022277
v 0.053164 0.012532 0.022277
v 0.053164 0.012462 0.021593
v 0.053180 0.012405 0.021332
v 0.053181 0.012354 0.021071
v 0.053164 0.022550 0.031965
v 0.053165 0.022550 0.031966
v 0.053165 0.020498 0.031753
v 0.053165 0.012791 0.024231
v 0.053165 0.013821 0.026870
v 0.053165 0.015548 0.029115
v 0.053165 0.017835 0.030787
v 0.053189 0.012194 0.020522
v 0.053187 0.011891 0.019903
v 0.053164 0.048350 0.031965
v 0.053164 0.056684 0.027510
v 0.053164 0.048350 0.011919
v 0.053164 0.052186 0.012682
v 0.053164 0.050305 0.012111
v 0.053164 0.053918 0.013608
v 0.053164 0.055437 0.014855
v 0.053164 0.057610 0.018106
v 0.053164 0.056684 0.016373
v 0.053164 0.058180 0.023897
v 0.053164 0.058373 0.021942
v 0.053164 0.058180 0.019987
v 0.053164 0.057610 0.025778
v 0.053164 0.055437 0.029029
v 0.053164 0.053918 0.030276
v 0.053164 0.052186 0.031202
v 0.053164 0.050305 0.031772
v 0.053164 0.022550 0.011919
v 0.053188 -0.012192 0.019903
v 0.053164 0.015857 0.014481
v 0.053164 0.017324 0.013389
v 0.053164 0.018966 0.012582
v 0.053164 0.020727 0.012086
v 0.053190 -0.012330 0.020156
v 0.053181 -0.012654 0.021071
v 0.053164 0.015856 0.014482
v 0.053180 -0.012705 0.021332
v 0.053164 -0.012762 0.021593
v 0.053162 0.015557 0.014736
v 0.053159 0.015243 0.014976
v 0.053164 -0.012809 0.021935
v 0.053164 -0.012833 0.022277
v 0.053163 -0.012833 0.022277
v 0.053174 0.015001 0.015139
v 0.053175 0.014764 0.015307
v 0.053163 -0.020798 0.031752
v 0.053163 -0.013092 0.024231
v 0.053163 -0.014122 0.026869
v 0.053163 -0.018135 0.030786
v 0.053163 -0.015849 0.029114
v 0.053163 -0.022850 0.031964
v 0.053164 -0.022850 0.031965
v 0.053176 0.013766 0.015860
v 0.053172 0.013465 0.015979
v 0.053178 0.014143 0.015684
v 0.053164 -0.045050 0.031965
v 0.053164 -0.053384 0.016373
v 0.053164 -0.048886 0.031202
v 0.053164 -0.047005 0.031772
v 0.053164 -0.050618 0.030276
v 0.053164 -0.052137 0.029029
v 0.053164 -0.054310 0.025778
v 0.053164 -0.053384 0.027510
v 0.053164 -0.054880 0.019987
v 0.053164 -0.055073 0.021942
v 0.053164 -0.054880 0.023897
v 0.053164 -0.054310 0.018106
v 0.053164 -0.052137 0.014855
v 0.053164 -0.050618 0.013608
v 0.053164 -0.048886 0.012682
v 0.053164 -0.047005 0.012111
v 0.053164 -0.045050 0.011919
v 0.053164 -0.022850 0.011919
v 0.053173 -0.013765 0.015979
v 0.053164 -0.021027 0.012086
v 0.053164 -0.019266 0.012582
v 0.053164 -0.017624 0.013389
v 0.053164 -0.016157 0.014481
v 0.053176 -0.014768 0.015504
v 0.053175 -0.015064 0.015307
v 0.053164 -0.016156 0.014482
v 0.053174 -0.015301 0.015139
v 0.053159 -0.015543 0.014976
v 0.053162 -0.015857 0.014736
vn 1.0000 -0.0000 -0.0000
vn -0.0929 -0.0000 0.9957
vn -0.0394 -0.0027 0.9992
vn -0.2847 0.0045 0.9586
vn -0.1806 0.0011 0.9835
vn -0.2847 0.0011 0.9586
vn -0.1806 -0.0045 0.9836
vn -0.4742 0.0045 0.8804
vn -0.3775 0.0014 0.9260
vn -0.4743 -0.0014 0.8803
vn -0.5585 0.0012 0.8295
vn -0.4742 0.0012 0.8804
vn -0.5585 0.0014 0.8295
vn -0.6440 -0.0014 0.7650
vn -0.7160 0.0010 0.6981
vn -0.6439 0.0010 0.7651
vn -0.7160 0.0014 0.6981
vn -0.7865 -0.0014 0.6176
vn -0.8434 0.0007 0.5373
vn -0.7865 0.0007 0.6176
vn -0.8434 0.0014 0.5373
vn -0.8960 -0.0014 0.4441
vn -0.9353 0.0005 0.3539
vn -0.8960 0.0005 0.4441
vn -0.9677 0.0024 0.2519
vn -0.9353 -0.0032 0.3539
vn -0.9878 0.0002 0.1556
vn -0.9677 0.0002 0.2519
vn -0.9988 0.0027 0.0492
vn -0.9878 -0.0030 0.1557
vn -0.9988 -0.0000 -0.0492
vn -0.9988 -0.0000 0.0492
vn -0.9878 0.0030 -0.1557
vn -0.9988 -0.0027 -0.0492
vn -0.9677 -0.0002 -0.2519
vn -0.9878 -0.0002 -0.1556
vn -0.9353 0.0032 -0.3539
vn -0.9677 -0.0024 -0.2519
vn -0.8960 -0.0005 -0.4441
vn -0.9353 -0.0005 -0.3539
vn -0.8960 0.0014 -0.4441
vn -0.8434 -0.0014 -0.5373
vn -0.7865 -0.0007 -0.6176
vn -0.8434 -0.0007 -0.5373
vn -0.7865 0.0014 -0.6176
vn -0.7160 -0.0014 -0.6981
vn -0.6439 -0.0010 -0.7651
vn -0.7160 -0.0010 -0.6981
vn -0.6440 0.0014 -0.7650
vn -0.5585 -0.0014 -0.8295
vn -0.4744 -0.0012 -0.8803
vn -0.5585 -0.0012 -0.8295
vn -0.4743 0.0014 -0.8803
vn -0.0928 -0.0000 -0.9957
vn -0.0394 0.0027 -0.9992
vn -0.2845 -0.0044 -0.9587
vn -0.1806 -0.0011 -0.9835
vn -0.2847 -0.0011 -0.9586
vn -0.1806 0.0045 -0.9836
vn -0.4742 -0.0045 -0.8804
vn -0.3775 -0.0014 -0.9260
vn -0.0175 -0.9998 -0.0000
vn -0.0174 -0.9998 -0.0000
vn -0.0175 0.9998 -0.0000
vn -0.0174 0.9998 -0.0000
vn -0.2823 0.1949 -0.9393
vn -0.0238 0.9855 0.1678
vn -0.0943 0.1672 -0.9814
vn -0.0962 0.1954 -0.9760
vn -0.0880 0.4825 -0.8714
vn -0.0880 0.4828 -0.8713
vn -0.0898 0.5542 -0.8275
vn -0.0722 0.7451 -0.6630
vn -0.0722 0.7449 -0.6632
vn -0.0697 0.8302 -0.5532
vn -0.0486 0.9238 -0.3798
vn -0.0486 0.9238 -0.3797
vn -0.0389 0.9802 -0.1940
vn -0.0276 0.9935 -0.1103
vn -0.0306 0.8743 0.4845
vn -0.0306 0.8742 0.4846
vn -0.0351 0.6647 0.7463
vn -0.0351 0.6645 0.7464
vn -0.0365 0.3801 0.9242
vn -0.0365 0.3798 0.9244
vn -0.0411 0.1105 0.9930
vn -0.0507 0.1954 0.9794
vn -0.1804 0.1922 0.9646
vn -0.1806 0.1939 0.9643
vn -0.1803 0.1951 0.9641
vn -0.3733 0.1917 0.9077
vn -0.3734 0.1933 0.9073
vn -0.3731 0.1947 0.9071
vn -0.5504 0.1916 0.8126
vn -0.5504 0.1928 0.8123
vn -0.5501 0.1941 0.8122
vn -0.7043 0.1914 0.6836
vn -0.7043 0.1923 0.6833
vn -0.7041 0.1935 0.6833
vn -0.8287 0.1913 0.5259
vn -0.8287 0.1919 0.5258
vn -0.8284 0.1931 0.5257
vn -0.9184 0.1915 0.3463
vn -0.9183 0.1918 0.3462
vn -0.9182 0.1925 0.3462
vn -0.9696 0.1916 0.1523
vn -0.9696 0.1918 0.1522
vn -0.9695 0.1921 0.1523
vn -0.9802 0.1919 -0.0481
vn -0.9803 0.1918 -0.0481
vn -0.9803 0.1917 -0.0481
vn -0.9499 0.1922 -0.2464
vn -0.9499 0.1921 -0.2464
vn -0.9500 0.1914 -0.2465
vn -0.7733 0.1913 -0.6045
vn -0.7729 0.1932 -0.6043
vn -0.8801 0.1914 -0.4345
vn -0.8798 0.1926 -0.4345
vn -0.8798 0.1927 -0.4345
vn -0.0291 0.9805 0.1946
vn -0.0525 0.9799 0.1927
vn -0.0524 0.9799 0.1924
vn -0.0909 0.9792 0.1811
vn -0.0907 0.9794 0.1806
vn -0.1260 0.9787 0.1618
vn -0.1258 0.9788 0.1616
vn -0.1565 0.9783 0.1360
vn -0.1563 0.9783 0.1357
vn -0.1811 0.9779 0.1045
vn -0.1809 0.9780 0.1044
vn -0.1987 0.9776 0.0687
vn -0.1986 0.9777 0.0687
vn -0.2087 0.9775 0.0302
vn -0.2108 0.9775 -0.0095
vn -0.2048 0.9776 -0.0489
vn -0.2049 0.9776 -0.0489
vn -0.1910 0.9778 -0.0862
vn -0.1911 0.9778 -0.0863
vn -0.1699 0.9781 -0.1200
vn -0.1701 0.9781 -0.1202
vn -0.1424 0.9786 -0.1489
vn -0.1426 0.9785 -0.1491
vn -0.0435 0.8310 0.5546
vn -0.1151 0.8285 0.5481
vn -0.1148 0.8293 0.5469
vn -0.2244 0.8274 0.5149
vn -0.2240 0.8280 0.5140
vn -0.3245 0.8263 0.4604
vn -0.3239 0.8270 0.4596
vn -0.4112 0.8254 0.3868
vn -0.4105 0.8260 0.3863
vn -0.4810 0.8248 0.2973
vn -0.4806 0.8251 0.2970
vn -0.5314 0.8242 0.1956
vn -0.5310 0.8245 0.1955
vn -0.5601 0.8240 0.0860
vn -0.5599 0.8241 0.0860
vn -0.5660 0.8240 -0.0272
vn -0.5660 0.8239 -0.0272
vn -0.5489 0.8242 -0.1391
vn -0.5491 0.8241 -0.1392
vn -0.5095 0.8248 -0.2454
vn -0.5099 0.8244 -0.2456
vn -0.4494 0.8255 -0.3415
vn -0.4499 0.8250 -0.3420
vn -0.3710 0.8264 -0.4236
vn -0.3715 0.8259 -0.4242
vn -0.0510 0.5553 0.8301
vn -0.1600 0.5515 0.8187
vn -0.1597 0.5534 0.8175
vn -0.3234 0.5505 0.7696
vn -0.3229 0.5523 0.7686
vn -0.4732 0.5496 0.6885
vn -0.4726 0.5511 0.6877
vn -0.6032 0.5488 0.5787
vn -0.6025 0.5501 0.5782
vn -0.7081 0.5483 0.4450
vn -0.7075 0.5493 0.4447
vn -0.7836 0.5480 0.2929
vn -0.7831 0.5488 0.2927
vn -0.8265 0.5480 0.1287
vn -0.8264 0.5482 0.1287
vn -0.8355 0.5480 -0.0407
vn -0.8098 0.5485 -0.2083
vn -0.8101 0.5480 -0.2084
vn -0.7508 0.5490 -0.3673
vn -0.7512 0.5482 -0.3676
vn -0.6607 0.5498 -0.5112
vn -0.6612 0.5486 -0.5117
vn -0.5432 0.5506 -0.6338
vn -0.5437 0.5492 -0.6347
vn -0.4678 0.1944 -0.8622
vn -0.4679 0.1943 -0.8621
vn -0.6341 0.1914 -0.7492
vn -0.6337 0.1938 -0.7489
vn -0.6337 0.1937 -0.7489
vn -0.4679 0.1916 -0.8627
vn -0.4682 0.1917 -0.8626
vn -0.4035 0.5501 -0.7312
vn -0.4031 0.5516 -0.7302
vn -0.2779 0.8267 -0.4891
vn -0.2775 0.8275 -0.4881
vn -0.1097 0.9790 -0.1719
vn -0.1095 0.9791 -0.1716
vn -0.2822 0.1919 -0.9400
vn -0.2826 0.1921 -0.9398
vn -0.2463 0.5510 -0.7973
vn -0.2462 0.5528 -0.7961
vn -0.1728 0.8280 -0.5335
vn -0.1727 0.8286 -0.5326
vn -0.0728 0.9795 -0.1876
vn -0.0727 0.9796 -0.1872
vn -0.2823 -0.1949 0.9393
vn -0.0238 -0.9855 -0.1678
vn -0.0306 -0.8743 -0.4845
vn -0.0306 -0.8742 -0.4845
vn -0.0351 -0.6646 -0.7464
vn -0.0351 -0.6645 -0.7464
vn -0.0365 -0.3799 -0.9243
vn -0.0365 -0.3801 -0.9242
vn -0.0943 -0.1672 0.9814
vn -0.0962 -0.1955 0.9760
vn -0.0880 -0.4826 0.8714
vn -0.0880 -0.4829 0.8712
vn -0.0898 -0.5541 0.8276
vn -0.0722 -0.7450 0.6631
vn -0.0722 -0.7449 0.6633
vn -0.0697 -0.8302 0.5531
vn -0.0486 -0.9239 0.3797
vn -0.0486 -0.9238 0.3797
vn -0.0389 -0.9802 0.1940
vn -0.0276 -0.9935 0.1103
vn -0.0410 -0.1103 -0.9930
vn -0.0507 -0.1953 -0.9794
vn -0.1804 -0.1921 -0.9646
vn -0.1806 -0.1939 -0.9643
vn -0.1803 -0.1952 -0.9640
vn -0.3733 -0.1918 -0.9077
vn -0.3733 -0.1933 -0.9073
vn -0.3731 -0.1946 -0.9071
vn -0.5504 -0.1915 -0.8126
vn -0.5504 -0.1928 -0.8123
vn -0.5501 -0.1941 -0.8122
vn -0.7043 -0.1914 -0.6836
vn -0.7043 -0.1923 -0.6833
vn -0.7041 -0.1934 -0.6833
vn -0.8287 -0.1913 -0.5259
vn -0.8287 -0.1919 -0.5258
vn -0.8285 -0.1930 -0.5257
vn -0.9184 -0.1914 -0.3463
vn -0.9183 -0.1918 -0.3462
vn -0.9182 -0.1925 -0.3462
vn -0.9696 -0.1916 -0.1523
vn -0.9696 -0.1918 -0.1522
vn -0.9695 -0.1921 -0.1523
vn -0.9802 -0.1919 0.0481
vn -0.9802 -0.1918 0.0481
vn -0.9803 -0.1917 0.0481
vn -0.9499 -0.1923 0.2464
vn -0.9499 -0.1921 0.2464
vn -0.9500 -0.1914 0.2465
vn -0.7733 -0.1913 0.6045
vn -0.7729 -0.1932 0.6043
vn -0.8801 -0.1914 0.4345
vn -0.8798 -0.1927 0.4345
vn -0.0291 -0.9805 -0.1946
vn -0.0525 -0.9799 -0.1927
vn -0.0524 -0.9799 -0.1923
vn -0.0908 -0.9793 -0.1808
vn -0.0907 -0.9794 -0.1806
vn -0.1260 -0.9787 -0.1618
vn -0.1258 -0.9788 -0.1616
vn -0.1565 -0.9783 -0.1359
vn -0.1563 -0.9783 -0.1357
vn -0.1811 -0.9779 -0.1045
vn -0.1809 -0.9780 -0.1044
vn -0.1987 -0.9776 -0.0687
vn -0.1986 -0.9777 -0.0687
vn -0.2087 -0.9775 -0.0302
vn -0.2108 -0.9775 0.0095
vn -0.2048 -0.9776 0.0489
vn -0.2049 -0.9776 0.0489
vn -0.1910 -0.9778 0.0862
vn -0.1911 -0.9778 0.0863
vn -0.1699 -0.9781 0.1200
vn -0.1701 -0.9781 0.1202
vn -0.1424 -0.9785 0.1489
vn -0.1425 -0.9785 0.1491
vn -0.0435 -0.8310 -0.5546
vn -0.1151 -0.8285 -0.5481
vn -0.1149 -0.8293 -0.5469
vn -0.2244 -0.8273 -0.5149
vn -0.2239 -0.8280 -0.5140
vn -0.3245 -0.8263 -0.4604
vn -0.3239 -0.8269 -0.4597
vn -0.4112 -0.8254 -0.3868
vn -0.4105 -0.8260 -0.3863
vn -0.4810 -0.8248 -0.2973
vn -0.4806 -0.8251 -0.2970
vn -0.5314 -0.8242 -0.1956
vn -0.5310 -0.8245 -0.1955
vn -0.5601 -0.8240 -0.0860
vn -0.5599 -0.8241 -0.0860
vn -0.5660 -0.8240 0.0272
vn -0.5660 -0.8239 0.0272
vn -0.5489 -0.8242 0.1391
vn -0.5491 -0.8241 0.1392
vn -0.5095 -0.8248 0.2454
vn -0.5099 -0.8244 0.2456
vn -0.4494 -0.8255 0.3415
vn -0.4499 -0.8250 0.3420
vn -0.3710 -0.8264 0.4236
vn -0.3715 -0.8258 0.4243
vn -0.0509 -0.5554 -0.8300
vn -0.1600 -0.5516 -0.8186
vn -0.1597 -0.5534 -0.8175
vn -0.3234 -0.5505 -0.7696
vn -0.3229 -0.5523 -0.7686
vn -0.4732 -0.5497 -0.6884
vn -0.4726 -0.5511 -0.6877
vn -0.6032 -0.5488 -0.5787
vn -0.6025 -0.5502 -0.5782
vn -0.7080 -0.5484 -0.4449
vn -0.7075 -0.5493 -0.4447
vn -0.7836 -0.5480 -0.2929
vn -0.7831 -0.5487 -0.2927
vn -0.8265 -0.5480 -0.1287
vn -0.8264 -0.5482 -0.1287
vn -0.8355 -0.5480 0.0407
vn -0.8098 -0.5485 0.2083
vn -0.8101 -0.5480 0.2084
vn -0.7508 -0.5490 0.3673
vn -0.7513 -0.5481 0.3677
vn -0.6607 -0.5497 0.5112
vn -0.6612 -0.5486 0.5117
vn -0.5432 -0.5506 0.6338
vn -0.5437 -0.5492 0.6346
vn -0.4678 -0.1942 0.8622
vn -0.4677 -0.1943 0.8623
vn -0.6341 -0.1914 0.7492
vn -0.6337 -0.1937 0.7489
vn -0.4679 -0.1916 0.8627
vn -0.4682 -0.1917 0.8626
vn -0.4035 -0.5500 0.7312
vn -0.4031 -0.5517 0.7302
vn -0.2779 -0.8268 0.4891
vn -0.2775 -0.8275 0.4882
vn -0.1097 -0.9790 0.1719
vn -0.1095 -0.9791 0.1716
vn -0.2824 -0.1920 0.9399
vn -0.2826 -0.1921 0.9398
vn -0.2463 -0.5509 0.7974
vn -0.2462 -0.5528 0.7962
vn -0.1728 -0.8280 0.5334
vn -0.1727 -0.8286 0.5326
vn -0.0728 -0.9795 0.1876
vn -0.0727 -0.9796 0.1872
vn -1.0000 -0.0000 -0.0000
vn 1.0000 -0.0001 -0.0000
vn 1.0000 0.0001 -0.0000
vn -0.0000 -0.0000 1.0000
vn 0.0975 -0.0000 -0.9952
vn 0.0662 -0.0016 -0.9978
vn 0.2934 0.0022 -0.9560
vn 0.2332 0.0012 -0.9724
vn 0.2937 -0.0012 -0.9559
vn 0.4266 0.0009 -0.9044
vn 0.2938 0.0009 -0.9559
vn 0.4267 0.0012 -0.9044
vn 0.4826 -0.0012 -0.8759
vn 0.6022 0.0005 -0.7984
vn 0.4825 0.0005 -0.8759
vn 0.6511 0.0015 -0.7590
vn 0.6022 -0.0018 -0.7984
vn 0.7524 0.0002 -0.6587
vn 0.6511 0.0002 -0.7590
vn 0.7922 0.0016 -0.6102
vn 0.7524 -0.0017 -0.6587
vn 0.8709 -0.0001 -0.4914
vn 0.7922 -0.0002 -0.6102
vn 0.9001 0.0018 -0.4357
vn 0.8710 -0.0015 -0.4914
vn 0.9529 -0.0005 -0.3033
vn 0.9001 -0.0005 -0.4357
vn 0.9700 0.0020 -0.2429
vn 0.9947 -0.0000 -0.1025
vn 0.9529 -0.0014 -0.3033
vn 0.9947 -0.0008 -0.1026
vn 0.9700 -0.0009 -0.2429
vn 0.9975 0.0017 -0.0713
vn 0.0175 0.9998 -0.0000
vn 0.0174 0.9998 -0.0001
vn 0.0174 0.9998 -0.0000
vn 0.0175 -0.9998 -0.0000
vn 0.0173 -0.9998 -0.0001
vn 0.0174 -0.9998 -0.0000
vn 0.9806 -0.0000 0.1961
vn 0.9891 -0.0000 0.1475
vn 0.9988 -0.0000 0.0493
vn 0.8964 -0.0000 0.4432
vn 0.9357 -0.0011 0.3527
vn 0.7071 0.0003 0.7071
vn 0.8964 0.0002 0.4432
vn 0.7072 0.0008 0.7070
vn 0.5547 -0.0008 0.8320
vn 0.2587 -0.0002 0.9659
vn 0.5548 -0.0003 0.8320
vn 0.2589 0.0008 0.9659
vn 0.1624 -0.0000 0.9867
vn 0.0283 0.9854 -0.1678
vn 0.0451 0.8738 -0.4843
vn 0.0575 0.6639 -0.7456
vn 0.0575 0.6636 -0.7459
vn 0.0639 0.3794 -0.9230
vn 0.0639 0.3796 -0.9229
vn 0.0677 0.1102 -0.9916
vn 0.0735 0.1955 -0.9780
vn 0.2318 0.1921 -0.9536
vn 0.2320 0.1930 -0.9534
vn 0.2318 0.1950 -0.9530
vn 0.4214 0.1917 -0.8864
vn 0.4215 0.1925 -0.8862
vn 0.4212 0.1945 -0.8859
vn 0.5931 0.1915 -0.7820
vn 0.5932 0.1921 -0.7818
vn 0.5928 0.1939 -0.7816
vn 0.8554 0.1928 -0.4807
vn 0.8556 0.1913 -0.4809
vn 0.7397 0.1933 -0.6446
vn 0.7399 0.1914 -0.6449
vn 0.7399 0.1914 -0.6450
vn 0.0326 0.9804 -0.1945
vn 0.0628 0.9797 -0.1905
vn 0.0626 0.9798 -0.1901
vn 0.1005 0.9791 -0.1768
vn 0.1003 0.9792 -0.1764
vn 0.1345 0.9786 -0.1557
vn 0.1343 0.9787 -0.1554
vn 0.1635 0.9782 -0.1282
vn 0.1633 0.9782 -0.1280
vn 0.1863 0.9778 -0.0955
vn 0.1861 0.9779 -0.0954
vn 0.2021 0.9776 -0.0589
vn 0.2019 0.9776 -0.0588
vn 0.0697 0.5549 -0.8290
vn 0.2037 0.5512 -0.8091
vn 0.2033 0.5530 -0.8080
vn 0.3641 0.5502 -0.7514
vn 0.3635 0.5519 -0.7505
vn 0.5093 0.5494 -0.6624
vn 0.5086 0.5509 -0.6617
vn 0.6332 0.5487 -0.5459
vn 0.6325 0.5499 -0.5454
vn 0.7307 0.5482 -0.4068
vn 0.7301 0.5492 -0.4066
vn 0.7979 0.5480 -0.2509
vn 0.7976 0.5486 -0.2509
vn 0.2100 0.9775 -0.0199
vn 0.5636 0.8241 -0.0566
vn 0.5638 0.8240 -0.0566
vn 0.5407 0.8244 -0.1676
vn 0.5411 0.8241 -0.1676
vn 0.4958 0.8249 -0.2716
vn 0.4962 0.8246 -0.2718
vn 0.4306 0.8257 -0.3644
vn 0.4312 0.8252 -0.3648
vn 0.3479 0.8267 -0.4422
vn 0.3485 0.8260 -0.4429
vn 0.2511 0.8277 -0.5018
vn 0.2516 0.8271 -0.5026
vn 0.1440 0.8290 -0.5404
vn 0.1443 0.8283 -0.5414
vn 0.0554 0.8307 -0.5539
vn 0.0451 0.8738 -0.4842
vn 0.5637 0.8241 -0.0566
vn 0.8321 0.5482 -0.0848
vn 0.8322 0.5480 -0.0848
vn 0.8321 0.5481 -0.0848
vn 0.9763 0.1920 -0.1003
vn 0.9763 0.1917 -0.1003
vn 0.9354 0.1924 -0.2967
vn 0.9356 0.1914 -0.2968
vn 0.9812 0.1930 -0.0000
vn 0.9667 0.2560 0.0013
vn 0.8351 0.5501 -0.0009
vn 0.7132 0.7009 0.0018
vn 0.2100 0.9777 -0.0000
vn 0.2728 0.9621 0.0013
vn 0.5645 0.8254 -0.0009
vn 0.5646 0.8254 -0.0009
vn 0.9656 0.2556 0.0475
vn 0.9656 0.2558 0.0474
vn 0.7128 0.7005 0.0346
vn 0.2728 0.9620 0.0126
vn 0.9563 0.2557 0.1420
vn 0.9563 0.2558 0.1419
vn 0.7061 0.7005 0.1035
vn 0.7060 0.7006 0.1035
vn 0.2704 0.9620 0.0379
vn 0.2703 0.9620 0.0378
vn 0.2679 0.9621 0.0502
vn 0.6998 0.7010 0.1375
vn 0.9481 0.2561 0.1887
vn 0.9480 0.2561 0.1887
vn 0.0852 0.9623 0.2582
vn 0.9059 0.2519 0.3405
vn 0.6727 0.6968 0.2487
vn 0.2041 0.9609 0.1872
vn 0.2596 0.9613 0.0918
vn 0.2595 0.9614 0.0915
vn 0.2528 0.2529 0.9339
vn 0.6868 0.2455 0.6841
vn 0.0859 0.9623 0.2582
vn 0.0851 0.9626 0.2571
vn 0.2043 0.9606 0.1883
vn 0.5173 0.6913 0.5045
vn 0.6731 0.6961 0.2496
vn 0.9059 0.2535 0.3393
vn 0.1989 0.6914 0.6945
vn 0.1972 0.6945 0.6919
vn 0.5179 0.6891 0.5070
vn 0.6877 0.2492 0.6819
vn 0.6859 0.2504 0.6833
vn 0.2533 0.2464 0.9355
vn 0.2550 0.2523 0.9334
vn 0.2560 0.2460 0.9348
vn 0.1971 0.6915 0.6950
vn 0.0045 0.2588 0.9659
vn 0.0045 0.1951 0.9808
vn 0.0056 0.2587 0.9659
vn 0.0090 0.5555 0.8315
vn 0.0138 0.7069 0.7072
vn 0.0138 0.7071 0.7070
vn 0.0138 0.8314 0.5556
vn 0.0179 0.9657 0.2589
vn 0.0179 0.9658 0.2588
vn 0.0171 0.9806 0.1951
vn 0.5641 -0.8248 -0.0393
vn 0.0922 -0.4823 -0.8711
vn 0.0922 -0.4826 -0.8710
vn 0.0935 -0.5541 -0.8272
vn 0.0754 -0.7450 -0.6628
vn 0.0754 -0.7448 -0.6630
vn 0.0721 -0.8300 -0.5531
vn 0.0505 -0.9237 -0.3798
vn 0.0505 -0.9238 -0.3796
vn 0.0397 -0.9802 -0.1940
vn 0.0281 -0.9935 -0.1103
vn 0.2100 -0.9776 -0.0138
vn 0.8336 -0.5492 -0.0589
vn 0.5641 -0.8247 -0.0393
vn 0.9789 -0.1923 -0.0697
vn 0.9788 -0.1925 -0.0697
vn 0.8337 -0.5491 -0.0589
vn 0.9521 -0.1922 -0.2377
vn 0.9522 -0.1920 -0.2376
vn 0.9523 -0.1915 -0.2377
vn 0.8838 -0.1927 -0.4263
vn 0.8839 -0.1924 -0.4262
vn 0.8840 -0.1914 -0.4264
vn 0.7789 -0.1913 -0.5973
vn 0.7785 -0.1932 -0.5971
vn 0.2052 -0.9776 -0.0471
vn 0.2053 -0.9776 -0.0472
vn 0.1917 -0.9778 -0.0846
vn 0.1919 -0.9778 -0.0846
vn 0.1710 -0.9781 -0.1185
vn 0.1712 -0.9781 -0.1187
vn 0.1437 -0.9785 -0.1477
vn 0.1439 -0.9785 -0.1479
vn 0.5643 -0.8246 -0.0393
vn 0.5502 -0.8242 -0.1342
vn 0.5504 -0.8241 -0.1342
vn 0.5117 -0.8247 -0.2407
vn 0.5121 -0.8244 -0.2410
vn 0.4525 -0.8255 -0.3374
vn 0.4531 -0.8249 -0.3379
vn 0.3750 -0.8263 -0.4203
vn 0.3754 -0.8258 -0.4209
vn 0.8117 -0.5484 -0.2009
vn 0.8120 -0.5480 -0.2010
vn 0.7541 -0.5490 -0.3604
vn 0.7546 -0.5481 -0.3607
vn 0.6654 -0.5496 -0.5051
vn 0.6659 -0.5486 -0.5056
vn 0.5490 -0.5507 -0.6287
vn 0.5496 -0.5492 -0.6296
vn 0.2912 -0.1949 -0.9366
vn 0.4762 -0.1916 -0.8582
vn 0.4103 -0.5500 -0.7275
vn 0.4099 -0.5517 -0.7264
vn 0.2824 -0.8267 -0.4866
vn 0.2821 -0.8274 -0.4857
vn 0.1113 -0.9790 -0.1710
vn 0.1111 -0.9790 -0.1707
vn 0.4759 -0.1943 -0.8578
vn 0.4758 -0.1943 -0.8578
vn 0.6410 -0.1914 -0.7433
vn 0.6406 -0.1937 -0.7430
vn 0.6407 -0.1937 -0.7430
vn 0.2911 -0.1919 -0.9373
vn 0.1007 -0.1953 -0.9756
vn 0.0989 -0.1671 -0.9810
vn 0.2912 -0.1919 -0.9372
vn 0.2913 -0.1948 -0.9366
vn 0.2538 -0.5510 -0.7950
vn 0.2536 -0.5527 -0.7938
vn 0.1779 -0.8279 -0.5320
vn 0.1776 -0.8285 -0.5310
vn 0.0746 -0.9795 -0.1871
vn 0.0744 -0.9796 -0.1867
vn 0.2100 -0.9777 -0.0000
vn 0.2728 -0.9621 0.0013
vn 0.5645 -0.8254 -0.0009
vn 0.5646 -0.8254 -0.0009
vn 0.7132 -0.7009 0.0018
vn 0.9812 -0.1930 -0.0000
vn 0.9667 -0.2560 0.0013
vn 0.8351 -0.5501 -0.0009
vn 0.9562 -0.2558 0.1420
vn 0.9563 -0.2557 0.1419
vn 0.7060 -0.7006 0.1035
vn 0.7061 -0.7005 0.1035
vn 0.2703 -0.9620 0.0378
vn 0.2704 -0.9620 0.0378
vn 0.9656 -0.2558 0.0475
vn 0.9656 -0.2556 0.0474
vn 0.7128 -0.7005 0.0346
vn 0.2728 -0.9620 0.0126
vn 0.2679 -0.9621 0.0502
vn 0.6998 -0.7010 0.1375
vn 0.9480 -0.2561 0.1887
vn 0.9481 -0.2561 0.1887
vn 0.8695 -0.2458 0.4285
vn 0.5395 -0.2457 0.8053
vn 0.0593 -0.9642 0.2586
vn 0.0586 -0.9644 0.2579
vn 0.0586 -0.9642 0.2587
vn 0.1285 -0.7003 0.7022
vn 0.1272 -0.7022 0.7005
vn 0.1266 -0.7003 0.7025
vn 0.1626 -0.2527 0.9538
vn 0.1617 -0.2573 0.9527
vn 0.1597 -0.2530 0.9542
vn 0.5387 -0.2514 0.8041
vn 0.5414 -0.2470 0.8037
vn 0.4078 -0.6923 0.5953
vn 0.4106 -0.6896 0.5966
vn 0.1635 -0.9614 0.2211
vn 0.1646 -0.9611 0.2216
vn 0.8688 -0.2488 0.4282
vn 0.8699 -0.2461 0.4274
vn 0.6513 -0.6895 0.3167
vn 0.6529 -0.6881 0.3165
vn 0.2538 -0.9601 0.1176
vn 0.2545 -0.9599 0.1175
vn 0.0169 -0.9658 0.2588
vn 0.0182 -0.9806 0.1951
vn 0.0179 -0.9657 0.2589
vn 0.0138 -0.8314 0.5556
vn 0.0138 -0.7071 0.7070
vn 0.0138 -0.7069 0.7072
vn 0.0090 -0.5555 0.8315
vn 0.0056 -0.2587 0.9659
vn 0.0056 -0.2588 0.9659
vn 0.0034 -0.1951 0.9808
vn 0.0169 -0.7070 -0.7070
vn 0.0169 -0.2588 -0.9658
vn 0.0169 0.2588 -0.9658
vn 0.0169 0.7070 -0.7070
vn 0.0169 0.9658 -0.2587
vn 0.0169 0.9658 -0.2588
vn 0.0169 0.9658 0.2588
vn 0.0169 0.7070 0.7070
vn 0.0169 0.2588 0.9658
vn 0.0169 -0.2588 0.9658
vn 0.0169 -0.7070 0.7070
vn 0.0169 -0.9658 -0.2588
vn 0.0169 -0.9658 -0.2587
vn 0.0156 -0.9568 -0.2903
vn 0.0174 -0.0980 -0.9950
vn 0.0460 -0.2899 -0.9559
vn 0.0254 -0.2225 -0.9746
vn 0.0144 -0.4714 -0.8818
vn 0.0314 -0.6232 -0.7814
vn 0.0350 -0.6340 -0.7726
vn 0.0156 -0.9568 -0.2902
vn 0.0402 -0.8812 -0.4710
vn 0.0287 -0.9006 -0.4337
vn 0.0138 -0.7729 -0.6343
vn 0.0156 -0.9568 0.2902
vn 0.0215 -0.9998 -0.0000
vn 0.0524 -0.9938 0.0979
vn 0.0197 -0.9950 -0.0980
vn 0.0402 -0.8812 0.4710
vn 0.0287 -0.9006 0.4337
vn 0.0138 -0.7729 0.6343
vn 0.0138 -0.7729 0.6344
vn 0.0314 -0.6232 0.7814
vn 0.0350 -0.6340 0.7725
vn 0.0174 -0.0980 0.9950
vn 0.0460 -0.2900 0.9559
vn 0.0254 -0.2225 0.9746
vn 0.0144 -0.4712 0.8819
vn 0.0144 -0.4714 0.8818
vn 0.0174 -0.0000 0.9998
vn 0.0164 0.5969 0.8021
vn 0.0277 0.5944 0.8037
vn 0.0771 0.7608 0.6444
vn 0.0100 0.6235 0.7818
vn 0.0103 0.7630 0.6463
vn 0.0352 0.9192 0.3923
vn 0.0199 0.9008 0.4338
vn 0.0156 0.9945 0.1037
vn 0.0173 0.9912 -0.1315
vn 0.0365 0.9993 -0.0000
vn 0.0169 0.9912 -0.1314
vn 0.0143 0.4413 0.8972
vn 0.0143 0.4412 0.8973
vn 0.0286 0.2224 0.9745
vn 0.0423 0.2707 0.9617
vn 0.0174 0.0912 0.9957
vn 0.0099 0.7926 -0.6097
vn 0.0346 0.9004 -0.4336
vn 0.0179 0.9314 -0.3636
vn 0.0169 0.9912 -0.1315
vn 0.0361 0.5900 -0.8066
vn 0.0234 0.6233 -0.7816
vn 0.0136 0.3410 -0.9400
vn 0.0361 0.2224 -0.9743
vn 0.0174 0.1029 -0.9945
vn 0.0174 -0.0000 -0.9998
vn 0.0156 0.9568 0.2902
vn 0.0174 0.0980 0.9950
vn 0.0460 0.2900 0.9559
vn 0.0254 0.2225 0.9746
vn 0.0144 0.4712 0.8819
vn 0.0314 0.6232 0.7814
vn 0.0350 0.6340 0.7725
vn 0.0144 0.4714 0.8818
vn 0.0402 0.8812 0.4710
vn 0.0287 0.9006 0.4337
vn 0.0138 0.7729 0.6343
vn 0.0138 0.7729 0.6344
vn 0.0156 0.9568 -0.2902
vn 0.0156 0.9568 -0.2903
vn 0.0215 0.9998 -0.0000
vn 0.0524 0.9938 -0.0979
vn 0.0197 0.9950 0.0980
vn 0.0402 0.8812 -0.4710
vn 0.0287 0.9006 -0.4337
vn 0.0138 0.7729 -0.6343
vn 0.0314 0.6232 -0.7814
vn 0.0350 0.6340 -0.7725
vn 0.0174 0.0980 -0.9950
vn 0.0460 0.2899 -0.9559
vn 0.0254 0.2225 -0.9746
vn 0.0144 0.4714 -0.8818
vn 0.0173 -0.9912 -0.1315
vn 0.0169 -0.9912 -0.1314
vn 0.0515 -0.9933 0.1036
vn 0.0153 -0.9999 -0.0000
vn 0.0156 -0.9945 0.1037
vn 0.0199 -0.9008 0.4338
vn 0.0352 -0.9192 0.3923
vn 0.0103 -0.7630 0.6463
vn 0.0164 -0.5969 0.8021
vn 0.0356 -0.6231 0.7813
vn 0.0277 -0.5944 0.8037
vn 0.0174 -0.1029 -0.9945
vn 0.0361 -0.2224 -0.9743
vn 0.0136 -0.3410 -0.9400
vn 0.0234 -0.6233 -0.7816
vn 0.0361 -0.5900 -0.8066
vn 0.0169 -0.9912 -0.1312
vn 0.0179 -0.9314 -0.3636
vn 0.0346 -0.9004 -0.4336
vn 0.0099 -0.7926 -0.6097
vn 0.0174 -0.0912 0.9957
vn 0.0423 -0.2707 0.9617
vn 0.0286 -0.2224 0.9745
vn 0.0143 -0.4412 0.8973
vn 0.0143 -0.4413 0.8972
vn 0.0175 0.9992 -0.0347
vn 0.0181 0.9975 -0.0681
vn -0.0333 0.9900 -0.1372
vn -0.0333 -0.9900 -0.1372
vn 0.0181 -0.9975 -0.0681
vn 0.0175 -0.9992 -0.0347
vn 0.0175 -0.6692 0.7428
vn 0.0163 -0.7351 0.6777
vn 0.0163 -0.7352 0.6777
vn 0.0178 -0.6436 0.7651
vn 0.0049 -0.6478 0.7618
vn 0.0241 -0.6064 0.7948
vn 0.0241 0.6064 0.7948
vn 0.0049 0.6479 0.7617
vn 0.0179 0.6437 0.7651
vn 0.0164 0.7332 0.6798
vn 0.0175 0.6693 0.7428
vn 0.8376 -0.5276 0.1414
vn 0.8376 -0.3862 0.3862
vn 0.8168 -0.4577 0.3512
vn 0.8168 -0.5330 0.2208
vn 0.8376 -0.1414 0.5276
vn 0.8168 -0.2208 0.5329
vn 0.8168 -0.3511 0.4577
vn 0.8376 0.1414 0.5276
vn 0.8168 0.0753 0.5719
vn 0.8168 -0.0753 0.5719
vn 0.8376 0.3862 0.3862
vn 0.8168 0.3511 0.4577
vn 0.8168 0.2208 0.5329
vn 0.8376 0.5276 0.1414
vn 0.8168 0.5330 0.2208
vn 0.8168 0.4577 0.3512
vn 0.8376 0.5276 -0.1414
vn 0.8168 0.5719 -0.0753
vn 0.8168 0.5719 0.0753
vn 0.8376 0.3862 -0.3862
vn 0.8168 0.4577 -0.3512
vn 0.8168 0.5330 -0.2208
vn 0.8376 0.1414 -0.5276
vn 0.8168 0.2208 -0.5330
vn 0.8168 0.3512 -0.4577
vn 0.8376 -0.1414 -0.5276
vn 0.8168 -0.0753 -0.5719
vn 0.8168 0.0753 -0.5719
vn 0.8376 -0.3862 -0.3862
vn 0.8168 -0.3512 -0.4577
vn 0.8168 -0.2208 -0.5330
vn 0.8168 -0.5719 0.0753
vn 0.8168 -0.5719 -0.0753
vn 0.8376 -0.5276 -0.1414
vn 0.8168 -0.5330 -0.2208
vn 0.8168 -0.4577 -0.3512
vn 0.8188 -0.5621 -0.1166
vn 0.8189 -0.5542 -0.1491
vn 0.8211 -0.5270 -0.2192
vn 0.8203 -0.5664 -0.0795
vn 0.8209 -0.5663 -0.0737
vn 0.8190 -0.5725 -0.0395
vn 0.8214 -0.5278 -0.2160
vn 0.8214 -0.5278 -0.2161
vn 0.8218 -0.5260 -0.2189
vn 0.8186 -0.5011 -0.2807
vn 0.8163 -0.4689 -0.3374
vn 0.8230 -0.4227 -0.3796
vn 0.8213 -0.4005 -0.4062
vn 0.8219 -0.4239 -0.3805
vn 0.8172 -0.4048 -0.4103
vn 0.8087 -0.2828 -0.5157
vn 0.8191 -0.0938 -0.5659
vn 0.8206 -0.3277 -0.4682
vn 0.8204 -0.3333 -0.4647
vn 0.8212 -0.2743 -0.5003
vn 0.8155 -0.2482 -0.5229
vn 0.8126 -0.1589 -0.5607
vn 0.8125 -0.0041 -0.5830
vn 0.8129 -0.0952 -0.5745
vn 0.8173 -0.0627 -0.5728
vn 0.8125 -0.0000 -0.5830
vn 0.8186 -0.0386 -0.5731
vn 0.8262 -0.0580 -0.5605
vn 0.8097 -0.1396 -0.5699
vn 0.8336 -0.1884 -0.5193
vn 0.8321 -0.2420 -0.4990
vn 0.7931 -0.2077 -0.5726
vn 0.8313 -0.3421 -0.4380
vn 0.8179 -0.5704 -0.0757
vn 0.8276 -0.5585 -0.0564
vn 0.7953 -0.5647 -0.2204
vn 0.8321 -0.5340 -0.1499
vn 0.8335 -0.5147 -0.2009
vn 0.8095 -0.5194 -0.2737
vn 0.8301 -0.4419 -0.3400
vn 0.8169 -0.4425 -0.3700
vn 0.8177 -0.3403 -0.4643
vn 0.8176 -0.3399 -0.4647
vn 0.8249 0.5535 -0.1151
vn 0.8248 0.5539 -0.1136
vn 0.8211 0.5510 -0.1487
vn 0.8178 0.5412 -0.1956
vn 0.8189 0.5113 -0.2606
vn 0.8239 0.4862 -0.2913
vn 0.8215 0.4627 -0.3334
vn 0.8215 0.4629 -0.3331
vn 0.8145 0.4977 -0.2982
vn 0.8163 0.4058 -0.4112
vn 0.8225 0.3637 -0.4373
vn 0.8209 0.3273 -0.4679
vn 0.8209 0.3274 -0.4678
vn 0.8131 0.3723 -0.4475
vn 0.8144 0.2488 -0.5243
vn 0.8206 0.1993 -0.5357
vn 0.8179 0.1568 -0.5536
vn 0.8179 0.1566 -0.5537
vn 0.8115 0.2039 -0.5476
vn 0.8121 0.0637 -0.5800
vn 0.8136 0.0533 -0.5790
vn 0.8125 0.0040 -0.5830
vn 0.8190 0.5725 -0.0395
vn 0.8219 0.5580 -0.1144
vn 0.8257 0.5586 -0.0784
vn 0.8249 0.5535 -0.1149
vn 0.8192 -0.0000 -0.5735
vn 0.8186 0.5715 -0.0577
vn 0.8252 0.5599 -0.0743
vn 0.8103 0.5642 -0.1584
vn 0.8335 0.5147 -0.2009
vn 0.8321 0.4907 -0.2586
vn 0.7888 0.5725 -0.2235
vn 0.8336 0.4238 -0.3544
vn 0.8177 0.0592 -0.5725
vn 0.8293 0.0376 -0.5575
vn 0.7912 0.2085 -0.5749
vn 0.8321 0.1319 -0.5387
vn 0.8336 0.1884 -0.5193
vn 0.8100 0.2559 -0.5277
vn 0.8291 0.3301 -0.4513
vn 0.8186 0.3535 -0.4526
vn 0.8176 0.3400 -0.4647
vn 0.8152 0.4591 -0.3531
vn 0.8179 0.0564 -0.5726
vn 0.8179 0.0564 -0.5727
vn 0.8179 0.1671 -0.5506
vn 0.8179 0.1670 -0.5506
vn 0.8179 0.2712 -0.5075
vn 0.8178 0.2713 -0.5075
vn 0.8179 0.3650 -0.4448
vn 0.8179 0.4448 -0.3650
vn 0.8178 0.4448 -0.3650
vn 0.8179 0.5075 -0.2713
vn 0.8178 0.5075 -0.2713
vn 0.8178 0.5507 -0.1670
vn 0.8179 0.5507 -0.1670
vn 0.8179 0.5727 -0.0564
vn 0.8178 0.5727 -0.0564
vn 0.8178 0.5727 0.0564
vn 0.8179 0.5727 0.0564
vn 0.8179 0.5507 0.1670
vn 0.8179 0.5506 0.1670
vn 0.8179 0.5075 0.2713
vn 0.8178 0.5075 0.2713
vn 0.8179 0.4448 0.3650
vn 0.8178 0.4448 0.3651
vn 0.8178 0.3650 0.4448
vn 0.8179 0.3650 0.4448
vn 0.8179 0.2713 0.5075
vn 0.8178 0.2712 0.5075
vn 0.8178 0.1671 0.5507
vn 0.8179 0.1671 0.5506
vn 0.8179 0.0564 0.5727
vn 0.8178 0.0564 0.5727
vn 0.8192 -0.0000 0.5736
vn 0.8178 -0.0564 0.5727
vn 0.8179 -0.0564 0.5727
vn 0.8179 -0.1670 0.5506
vn 0.8179 -0.1671 0.5506
vn 0.8178 -0.2713 0.5075
vn 0.8179 -0.2712 0.5075
vn 0.8179 -0.3650 0.4448
vn 0.8178 -0.3651 0.4448
vn 0.8178 -0.4448 0.3650
vn 0.8179 -0.4448 0.3650
vn 0.8179 -0.5075 0.2712
vn 0.8179 -0.5075 0.2713
vn 0.8179 -0.5506 0.1670
vn 0.8179 -0.5726 0.0564
vn 0.8179 -0.5726 -0.0564
vn 0.8179 -0.5506 -0.1670
vn 0.8179 -0.5075 -0.2713
vn 0.8179 -0.4448 -0.3650
vn 0.8179 -0.3650 -0.4448
vn 0.8178 -0.3650 -0.4448
vn 0.8178 -0.2712 -0.5075
vn 0.8179 -0.2713 -0.5075
vn 0.8179 -0.1670 -0.5506
vn 0.8179 -0.1670 -0.5507
vn 0.8179 -0.0564 -0.5727
vn 0.8179 -0.0564 -0.5726
vn 0.8182 -0.3475 0.4579
vn 0.8180 -0.0525 0.5728
vn 0.8208 -0.0469 0.5693
vn 0.8147 -0.1571 0.5582
vn 0.8178 -0.1508 0.5554
vn 0.8180 -0.2538 0.5161
vn 0.8152 -0.2604 0.5174
vn 0.8207 -0.3411 0.4583
vn 0.7837 -0.4261 0.4520
vn 0.8185 -0.3017 0.4889
vn 0.8171 -0.2814 0.5031
vn 0.8190 -0.3679 0.4403
vn 0.8219 -0.3294 0.4647
vn 0.8257 -0.3380 0.4516
vn 0.8212 -0.3199 0.4725
vn 0.8170 -0.2313 0.5281
vn 0.8220 -0.2048 0.5313
vn 0.8218 -0.2277 0.5224
vn 0.8226 -0.2045 0.5306
vn 0.8138 -0.1581 0.5592
vn 0.8148 -0.1147 0.5682
vn 0.8120 -0.0848 0.5775
vn 0.8161 -0.0472 0.5759
vn 0.8123 -0.0200 0.5829
vn 0.8182 0.0472 0.5729
vn 0.8207 0.0522 0.5690
vn 0.8152 0.1518 0.5589
vn 0.8180 0.1558 0.5537
vn 0.8178 0.2587 0.5141
vn 0.8147 0.2559 0.5204
vn 0.8208 0.3453 0.4550
vn 0.8180 0.3434 0.4615
vn 0.8191 0.3935 0.4175
vn 0.8125 -0.0000 0.5830
vn 0.8226 0.1988 0.5327
vn 0.8184 0.3219 0.4760
vn 0.8176 0.3028 0.4898
vn 0.8179 0.2889 0.4975
vn 0.8160 0.2701 0.5110
vn 0.8188 0.2288 0.5265
vn 0.8211 0.3422 0.4569
vn 0.8211 0.3423 0.4567
vn 0.8190 0.3679 0.4403
vn 0.8125 -0.0014 0.5830
vn 0.8130 0.0631 0.5788
vn 0.8227 0.2007 0.5319
vn 0.8227 0.2006 0.5319
vn 0.8227 0.1987 0.5326
vn 0.8120 0.1483 0.5645
vn 0.8163 0.0518 0.5753
vn 0.8918 0.0495 0.4496
vn 0.8494 0.3072 0.4291
vn 0.8495 0.3071 0.4291
vn 0.9437 -0.2932 0.1533
vn 0.9437 -0.2932 0.1534
vn 0.9443 -0.2934 0.1490
vn 0.9316 0.2171 0.2916
vn 0.9321 0.2154 0.2910
vn 0.9321 0.2154 0.2911
vn 0.9978 0.0393 0.0525
vn 0.8914 0.3198 0.3210
vn 0.8960 0.2224 0.3845
vn 0.8957 0.2235 0.3844
vn 0.8941 0.1558 0.4199
vn 0.8934 0.1577 0.4207
vn 0.8926 0.1568 0.4226
vn 0.8931 0.0478 0.4473
vn 0.9879 -0.0000 0.1550
vn 0.9878 0.0169 0.1550
vn 0.9879 0.0162 0.1542
vn 0.9878 0.0544 0.1456
vn 0.9880 0.0536 0.1449
vn 0.9882 0.0769 0.1324
vn 0.9883 0.0763 0.1324
vn 0.9881 0.0670 0.1381
vn 0.9316 0.2653 0.2484
vn 0.9878 -0.0000 0.1559
vn 0.8960 -0.0000 0.4441
vn 0.9871 -0.0000 0.1604
vn 0.8926 -0.0000 0.4509
vn 0.8930 -0.0000 0.4501
vn 0.9979 0.0394 0.0520
vn 0.9878 0.0128 0.1553
vn 0.9306 0.2000 0.3064
vn 0.8958 0.2687 0.3540
vn 0.8955 0.2001 0.3975
vn 0.8955 0.1166 0.4295
vn 0.8955 0.1166 0.4294
vn 0.8958 0.0365 0.4429
vn 0.9881 0.0126 0.1531
vn 0.9321 0.2468 0.2652
vn 0.9881 0.0126 0.1530
vn 0.9881 0.0403 0.1484
vn 0.9881 0.0692 0.1374
vn 0.9881 0.0691 0.1374
vn 0.9881 0.0714 0.1359
vn 0.9326 0.2457 0.2644
vn 0.9882 -0.0882 0.1252
vn 0.8924 -0.0360 0.4499
vn 0.8956 -0.2566 0.3633
vn 0.8947 -0.2587 0.3642
vn 0.8941 -0.1603 0.4182
vn 0.8934 -0.1621 0.4191
vn 0.8927 -0.1613 0.4207
vn 0.8943 -0.0890 0.4385
vn 0.8939 -0.0878 0.4395
vn 0.8934 -0.0373 0.4477
vn 0.8953 -0.0399 0.4438
vn 0.9881 -0.0889 0.1255
vn 0.9880 -0.0555 0.1440
vn 0.9879 -0.0554 0.1451
vn 0.9881 -0.0305 0.1510
vn 0.9880 -0.0300 0.1514
vn 0.9879 -0.0127 0.1543
vn 0.9878 -0.0122 0.1550
vn 0.9884 -0.0000 0.1521
vn 0.8968 -0.0000 0.4424
vn 0.9879 -0.0000 0.1554
vn 0.9882 -0.0000 0.1531
vn 0.9883 -0.0923 0.1216
vn 0.9882 -0.0687 0.1365
vn 0.9882 -0.0687 0.1366
vn 0.9882 -0.0401 0.1475
vn 0.8962 -0.0365 0.4421
vn 0.9883 -0.0125 0.1521
vn 0.8959 -0.1164 0.4287
vn 0.8959 -0.1997 0.3967
vn 0.8962 -0.2682 0.3533
vn 0.8963 -0.2681 0.3533
vn 0.9883 -0.0150 0.1521
vn 0.8960 -0.0435 0.4419
vn 0.9883 -0.0444 0.1463
vn 0.9883 -0.0721 0.1348
vn 0.9883 -0.0720 0.1348
vn 0.9883 -0.0970 0.1181
vn 0.9883 -0.0970 0.1182
vn 0.9883 -0.1182 0.0970
vn 0.9883 -0.1181 0.0970
vn 0.9883 -0.1348 0.0720
vn 0.9883 -0.1463 0.0444
vn 0.9883 -0.1462 0.0444
vn 0.9882 -0.1521 0.0150
vn 0.9883 -0.1521 0.0150
vn 0.9883 -0.1521 -0.0150
vn 0.9882 -0.1521 -0.0150
vn 0.9883 -0.1463 -0.0444
vn 0.9883 -0.1348 -0.0720
vn 0.9883 -0.1181 -0.0970
vn 0.9883 -0.0970 -0.1181
vn 0.9882 -0.0970 -0.1182
vn 0.9882 -0.0721 -0.1348
vn 0.9883 -0.0720 -0.1348
vn 0.9883 -0.0444 -0.1463
vn 0.9883 -0.0150 -0.1521
vn 0.8960 -0.1289 0.4250
vn 0.8960 -0.1289 0.4249
vn 0.8960 -0.2093 0.3916
vn 0.8960 -0.2093 0.3917
vn 0.8960 -0.2817 0.3433
vn 0.8960 -0.2817 0.3432
vn 0.8960 -0.3432 0.2817
vn 0.8960 -0.3433 0.2817
vn 0.8960 -0.3916 0.2093
vn 0.8960 -0.4250 0.1289
vn 0.8960 -0.4419 0.0435
vn 0.8960 -0.4419 -0.0435
vn 0.8960 -0.4249 -0.1289
vn 0.8960 -0.3916 -0.2093
vn 0.8960 -0.3433 -0.2817
vn 0.8960 -0.2817 -0.3433
vn 0.8960 -0.2817 -0.3432
vn 0.8960 -0.2093 -0.3916
vn 0.8960 -0.2094 -0.3917
vn 0.8960 -0.1289 -0.4250
vn 0.8960 -0.0435 -0.4419
vn 0.8973 -0.0000 -0.4415
vn 0.8968 -0.0000 -0.4424
vn 0.8976 -0.0000 -0.4408
vn 0.9884 -0.0000 -0.1521
vn 0.9885 -0.0000 -0.1512
vn 0.9883 0.0150 -0.1521
vn 0.8960 0.0435 -0.4419
vn 0.9883 0.0444 -0.1463
vn 0.9883 0.0721 -0.1348
vn 0.9882 0.0721 -0.1348
vn 0.9882 0.0970 -0.1182
vn 0.9883 0.0970 -0.1181
vn 0.9883 0.1182 -0.0970
vn 0.9883 0.1181 -0.0970
vn 0.9883 0.1348 -0.0720
vn 0.9883 0.1462 -0.0444
vn 0.9883 0.1463 -0.0444
vn 0.9882 0.1521 -0.0150
vn 0.9883 0.1521 -0.0150
vn 0.9882 0.1521 0.0150
vn 0.9883 0.1521 0.0150
vn 0.9883 0.1463 0.0444
vn 0.9883 0.1348 0.0720
vn 0.9883 0.1181 0.0970
vn 0.9883 0.0970 0.1182
vn 0.9883 0.0970 0.1181
vn 0.9883 0.0721 0.1348
vn 0.9883 0.0720 0.1348
vn 0.9883 0.0444 0.1463
vn 0.9883 0.0150 0.1521
vn 0.8960 0.1289 -0.4250
vn 0.8960 0.2093 -0.3917
vn 0.8960 0.2093 -0.3916
vn 0.8960 0.2817 -0.3432
vn 0.8960 0.2817 -0.3433
vn 0.8960 0.3433 -0.2817
vn 0.8960 0.3916 -0.2093
vn 0.8960 0.4250 -0.1289
vn 0.8960 0.4249 -0.1289
vn 0.8960 0.4419 -0.0435
vn 0.8960 0.4419 0.0435
vn 0.8960 0.4250 0.1289
vn 0.8960 0.4249 0.1289
vn 0.8960 0.3917 0.2093
vn 0.8960 0.3916 0.2093
vn 0.8960 0.3433 0.2817
vn 0.8960 0.3432 0.2817
vn 0.8960 0.2817 0.3432
vn 0.8960 0.2817 0.3433
vn 0.8960 0.2094 0.3917
vn 0.8960 0.2093 0.3916
vn 0.8960 0.1289 0.4249
vn 0.8960 0.1289 0.4250
vn 0.8960 0.0435 0.4419
vn 0.9306 0.3596 -0.0679
vn 0.8972 0.0297 -0.4406
vn 0.8969 0.0298 -0.4413
vn 0.9318 0.3612 -0.0365
vn 0.8969 0.0297 -0.4413
vn 0.8963 0.1055 -0.4307
vn 0.8963 0.1055 -0.4308
vn 0.8963 0.1936 -0.3990
vn 0.8962 0.1936 -0.3991
vn 0.8962 0.2730 -0.3496
vn 0.8963 0.2730 -0.3496
vn 0.8963 0.3402 -0.2845
vn 0.8963 0.3923 -0.2068
vn 0.8963 0.4270 -0.1198
vn 0.8963 0.4270 -0.1199
vn 0.8972 0.4351 -0.0754
vn 0.9368 0.3486 -0.0300
vn 0.9979 0.0652 -0.0066
vn 0.9882 0.1529 -0.0024
vn 0.9884 0.1464 -0.0411
vn 0.9884 0.1345 -0.0709
vn 0.9884 0.1166 -0.0975
vn 0.9884 0.0936 -0.1198
vn 0.9884 0.0663 -0.1367
vn 0.9884 0.0663 -0.1368
vn 0.9884 0.0362 -0.1476
vn 0.9884 0.0362 -0.1477
vn 0.9885 0.0102 -0.1512
vn 0.8964 -0.0000 -0.4433
vn 0.9879 -0.0000 -0.1553
vn 0.9882 -0.0000 -0.1531
vn 0.9963 0.0078 -0.0851
vn 0.9878 0.0536 -0.1461
vn 0.9880 0.0540 -0.1450
vn 0.9881 0.1320 -0.0795
vn 0.9881 0.1318 -0.0789
vn 0.9201 0.3424 -0.1905
vn 0.9201 0.3423 -0.1905
vn 0.9154 0.3493 -0.1999
vn 0.9978 0.0647 -0.0133
vn 0.9844 0.1733 0.0293
vn 0.9111 0.4119 -0.0181
vn 0.9303 0.3594 -0.0740
vn 0.9873 0.0698 -0.1429
vn 0.9211 -0.0573 -0.3850
vn 0.9219 -0.0575 -0.3832
vn 0.8927 0.1562 -0.4227
vn 0.8920 0.1583 -0.4233
vn 0.8917 0.1569 -0.4246
vn 0.8862 -0.0482 -0.4609
vn 0.9219 0.0338 -0.3860
vn 0.8929 0.2873 -0.3468
vn 0.8933 0.2879 -0.3451
vn 0.9880 0.0985 -0.1192
vn 0.9881 0.0985 -0.1185
vn 0.8937 0.2862 -0.3454
vn 0.8939 0.3843 -0.2309
vn 0.8941 0.3844 -0.2298
vn 0.8945 0.3832 -0.2303
vn 0.8945 0.4378 -0.0900
vn 0.9878 -0.0105 -0.1554
vn 0.9882 -0.0103 -0.1531
vn 0.9882 -0.0103 -0.1530
vn 0.9881 -0.0366 -0.1495
vn 0.9881 -0.0672 -0.1385
vn 0.9881 -0.0671 -0.1384
vn 0.9881 -0.0947 -0.1213
vn 0.9881 -0.1181 -0.0987
vn 0.9881 -0.1180 -0.0987
vn 0.9881 -0.1361 -0.0717
vn 0.9881 -0.1482 -0.0416
vn 0.9883 -0.1517 -0.0153
vn 0.8965 -0.4409 -0.0445
vn 0.8947 -0.4427 0.0590
vn 0.9882 -0.1525 -0.0158
vn 0.8960 -0.4417 -0.0450
vn 0.8954 -0.4286 -0.1203
vn 0.8954 -0.3938 -0.2075
vn 0.8954 -0.3938 -0.2076
vn 0.8954 -0.3415 -0.2856
vn 0.8954 -0.2740 -0.3509
vn 0.8954 -0.1943 -0.4006
vn 0.8954 -0.1943 -0.4005
vn 0.8954 -0.1059 -0.4324
vn 0.8960 -0.0298 -0.4430
vn 0.8960 -0.0299 -0.4431
vn 0.8930 -0.0000 -0.4501
vn 0.9225 0.0028 -0.3861
vn 0.8960 0.0028 -0.4440
vn 0.9233 0.0028 -0.3841
vn 0.9879 0.0027 -0.1550
vn 0.9226 -0.0067 -0.3858
vn 0.9964 -0.0000 -0.0851
vn 0.8960 -0.4402 -0.0574
vn 0.8965 -0.4394 -0.0571
vn 0.9883 -0.1515 -0.0199
vn 0.8960 -0.4404 -0.0572
vn 0.8942 -0.4131 -0.1723
vn 0.8941 -0.4137 -0.1718
vn 0.8938 -0.4139 -0.1727
vn 0.8937 -0.3334 -0.3003
vn 0.8933 -0.3348 -0.2999
vn 0.8929 -0.3345 -0.3013
vn 0.8928 -0.2156 -0.3955
vn 0.8924 -0.2175 -0.3953
vn 0.8918 -0.2167 -0.3972
vn 0.8918 -0.0748 -0.4462
vn 0.8905 -0.0734 -0.4490
vn 0.8930 -0.0806 -0.4429
vn 0.8905 -0.0733 -0.4491
vn 0.9882 -0.1517 -0.0197
vn 0.9880 -0.1425 -0.0595
vn 0.9880 -0.1429 -0.0594
vn 0.9879 -0.1149 -0.1038
vn 0.9879 -0.1156 -0.1038
vn 0.9878 -0.0742 -0.1366
vn 0.9877 -0.0752 -0.1370
vn 0.9877 -0.0249 -0.1544
vn 0.9876 -0.0257 -0.1551
vn 0.9882 0.1521 -0.0200
vn 0.9882 0.1521 0.0200
vn 0.9882 0.1417 0.0587
vn 0.9882 0.1217 0.0934
vn 0.9882 0.0934 0.1217
vn 0.9882 0.0587 0.1417
vn 0.9882 0.0200 0.1521
vn 0.9882 -0.0200 0.1521
vn 0.9882 -0.0587 0.1417
vn 0.9882 -0.0934 0.1217
vn 0.9882 -0.1217 0.0934
vn 0.9882 -0.1417 0.0587
vn 0.9882 -0.1521 0.0200
vn 0.9882 -0.1521 -0.0200
vn 0.9882 -0.1417 -0.0587
vn 0.9882 -0.1217 -0.0934
vn 0.9882 -0.0934 -0.1217
vn 0.9882 -0.0587 -0.1417
vn 0.9882 -0.0200 -0.1521
vn 0.9882 0.0200 -0.1521
vn 0.9882 0.0587 -0.1417
vn 0.9882 0.0934 -0.1217
vn 0.9882 0.1217 -0.0934
vn 0.9882 0.1417 -0.0587
vn 0.8953 0.4416 -0.0581
vn 0.8953 0.4416 0.0581
vn 0.8953 0.4115 0.1704
vn 0.8953 0.3534 0.2711
vn 0.8953 0.3534 0.2712
vn 0.8953 0.2712 0.3534
vn 0.8953 0.2711 0.3534
vn 0.8953 0.1704 0.4115
vn 0.8953 0.1705 0.4115
vn 0.8953 0.0581 0.4416
vn 0.8953 -0.0581 0.4416
vn 0.8953 -0.1705 0.4115
vn 0.8953 -0.2711 0.3534
vn 0.8953 -0.3534 0.2712
vn 0.8953 -0.3534 0.2711
vn 0.8953 -0.4115 0.1704
vn 0.8953 -0.4115 0.1705
vn 0.8953 -0.4416 0.0581
vn 0.8953 -0.4416 -0.0581
vn 0.8953 -0.4115 -0.1704
vn 0.8953 -0.3534 -0.2711
vn 0.8953 -0.3534 -0.2712
vn 0.8953 -0.2712 -0.3534
vn 0.8953 -0.2711 -0.3534
vn 0.8953 -0.1704 -0.4115
vn 0.8953 -0.1705 -0.4115
vn 0.8953 -0.0581 -0.4416
vn 0.8953 0.0581 -0.4416
vn 0.8953 0.1705 -0.4115
vn 0.8953 0.2711 -0.3534
vn 0.8953 0.3534 -0.2712
vn 0.8953 0.3534 -0.2711
vn 0.8953 0.4115 -0.1704
vn 0.8953 0.4115 -0.1705
vn 0.8953 0.3533 0.2711
vn 0.8953 -0.4115 -0.1705
vn 0.5485 -0.6921 0.4692
vn 0.5375 -0.8387 0.0875
vn 0.5435 -0.8349 0.0871
vn 0.6385 -0.7617 0.1102
vn 0.6660 -0.7384 0.1060
vn 0.9249 -0.3693 0.0904
vn 0.9250 -0.3691 0.0903
vn 0.5481 -0.8196 0.1666
vn 0.8358 -0.5468 0.0493
vn 0.8360 -0.5465 0.0492
vn 0.8447 -0.5067 0.1722
vn 0.9826 -0.1527 0.1058
vn 0.9224 -0.3760 0.0889
vn 0.9902 -0.1214 -0.0692
vn 0.9260 -0.3226 0.1960
vn 0.9263 -0.3220 0.1956
vn 0.8420 -0.4982 0.2071
vn 0.9902 -0.1215 -0.0694
vn 0.9902 -0.1214 -0.0693
vn 0.1893 -0.7493 0.6346
vn 0.5849 -0.6189 0.5243
vn 0.5848 -0.6189 0.5243
vn 0.5647 -0.6297 0.5334
vn 0.5501 -0.6386 0.5382
vn 0.4211 -0.7168 0.5558
vn 0.6606 -0.5936 0.4596
vn 0.8086 -0.4488 0.3804
vn 0.2261 -0.9641 0.1390
vn 0.1893 -0.9766 0.1018
vn 0.1887 -0.9032 0.3855
vn 0.5433 -0.7722 0.3295
vn 0.5434 -0.7721 0.3295
vn 0.8425 -0.4954 0.2114
vn 0.8424 -0.4956 0.2115
vn 0.9879 -0.1427 0.0609
vn 0.9844 -0.1623 0.0679
vn 0.9902 0.1213 -0.0692
vn 0.6606 0.5936 0.4596
vn 0.9225 0.3757 0.0889
vn 0.9829 0.1537 0.1019
vn 0.9679 0.2212 0.1195
vn 0.9679 0.2210 0.1195
vn 0.8456 0.5199 0.1209
vn 0.9250 0.3690 0.0903
vn 0.5481 0.8196 0.1666
vn 0.8360 0.5466 0.0492
vn 0.1893 0.9766 0.1018
vn 0.5372 0.8389 0.0875
vn 0.5435 0.8349 0.0871
vn 0.2261 0.9641 0.1390
vn 0.6385 0.7617 0.1102
vn 0.6657 0.7386 0.1060
vn 0.1887 0.9032 0.3855
vn 0.5845 0.6191 0.5245
vn 0.5648 0.6297 0.5333
vn 0.1893 0.7493 0.6346
vn 0.4211 0.7168 0.5558
vn 0.5498 0.6387 0.5382
vn 0.9902 0.1215 -0.0694
vn 0.9902 0.1213 -0.0695
vn 0.8421 0.4980 0.2070
vn 0.9262 0.3223 0.1958
vn 0.5484 0.6921 0.4693
vn 0.8095 0.4477 0.3799
vn 0.8095 0.4476 0.3799
vn 0.8083 0.4491 0.3806
vn 0.1888 0.9032 0.3855
vn 0.5434 0.7721 0.3295
vn 0.5435 0.7721 0.3295
vn 0.8424 0.4956 0.2115
vn 0.8425 0.4955 0.2115
vn 0.9844 0.1620 0.0691
vn 0.9880 0.1425 0.0596
vn 0.2660 0.6470 0.7146
vn 0.0584 0.6606 0.7485
vn -0.0343 0.5798 0.8140
vn 0.0882 0.6151 0.7835
vn 0.0404 0.5959 0.8020
vn 0.2637 0.6468 0.7156
vn 0.0290 0.6677 0.7439
vn 0.0252 0.6730 0.7393
vn 0.0252 0.6730 0.7392
vn 0.4402 0.6680 0.6000
vn 0.4405 0.6681 0.5997
vn 0.2030 0.6409 0.7403
vn 0.1753 0.6839 0.7082
vn -0.0045 0.6442 0.7648
vn -0.0124 0.6562 0.7545
vn 0.2848 0.6125 0.7374
vn 0.2849 0.6125 0.7374
vn 0.3314 0.5095 0.7941
vn 0.5453 0.5458 0.6362
vn 0.5770 0.4766 0.6633
vn 0.6107 0.4754 0.6333
vn 0.7906 0.2780 0.5455
vn 0.9832 0.0775 0.1653
vn 0.8501 0.2497 0.4636
vn 0.7626 0.2348 0.6028
vn 0.7906 0.2783 0.5454
vn 0.9621 0.2531 0.1016
vn 0.9556 0.1343 0.2622
vn 0.7892 0.4635 0.4029
vn 0.7891 0.4638 0.4028
vn 0.7891 0.4635 0.4030
vn 0.5614 0.4925 0.6651
vn 0.5076 0.5905 0.6274
vn 0.5233 0.5609 0.6415
vn 0.4763 0.5997 0.6430
vn 0.8711 0.0435 0.4892
vn 0.8519 0.1329 0.5065
vn 0.8997 -0.0027 0.4366
vn 0.8858 0.0483 0.4616
vn 0.8984 0.0463 0.4367
vn 0.9730 0.0120 0.2307
vn 0.9944 0.0125 0.1051
vn 0.8711 0.0434 0.4892
vn 0.8437 0.1333 0.5201
vn 0.9732 0.0558 0.2231
vn 0.9831 0.0374 0.1793
vn 0.9831 0.0374 0.1794
vn 0.9920 0.0149 0.1251
vn 0.9827 0.0538 0.1770
vn 0.0285 -0.6675 0.7440
vn -0.0119 -0.6564 0.7543
vn 0.2914 -0.5950 0.7490
vn 0.0793 -0.6290 0.7733
vn 0.1755 -0.6842 0.7078
vn 0.0370 -0.6555 0.7543
vn 0.0583 -0.6607 0.7484
vn 0.0013 -0.6364 0.7714
vn 0.0208 -0.5874 0.8090
vn 0.1212 -0.6274 0.7692
vn 0.2037 -0.6404 0.7405
vn 0.2632 -0.6522 0.7109
vn 0.4403 -0.6680 0.5999
vn 0.4402 -0.6680 0.6000
vn 0.9945 -0.0000 0.1047
vn 0.9945 -0.0000 0.1050
vn 0.8996 -0.0000 0.4368
vn 0.8732 -0.2506 0.4180
vn 0.8732 -0.2505 0.4180
vn 0.4738 -0.5041 0.7221
vn 0.4738 -0.5409 0.6949
vn 0.9621 -0.2531 0.1016
vn 0.9544 -0.1287 0.2693
vn 0.9833 -0.0694 0.1682
vn 0.8507 -0.2416 0.4669
vn 0.8299 -0.4314 0.3538
vn 0.8297 -0.4318 0.3537
vn 0.8134 -0.3583 0.4582
vn 0.5271 -0.5864 0.6150
vn 0.5269 -0.5867 0.6149
vn 0.3085 -0.5603 0.7687
vn 0.4568 -0.5722 0.6811
vn 0.2876 -0.6071 0.7407
vn 0.5330 -0.5538 0.6397
vn 0.4763 -0.5997 0.6430
vn 0.9833 -0.0503 0.1749
vn 0.9945 -0.0040 0.1051
vn 0.9984 -0.0122 0.0559
vn 0.8989 -0.0346 0.4368
vn 0.8476 -0.0769 0.5251
vn 0.8637 -0.1372 0.4851
vn 0.8634 -0.1433 0.4838
vn 0.8525 -0.1421 0.5031
vn 0.9825 -0.0398 0.1819
vn 0.9716 -0.0657 0.2272
vn 0.9715 -0.0346 0.2345
vn 0.8242 -0.0728 0.5616
vn 0.8994 -0.0137 0.4369
vn 0.0210 -0.9992 -0.0330
vn 0.0471 -0.9954 -0.0838
vn 0.0592 -0.9954 -0.0757
vn 0.1587 -0.9767 -0.1447
vn 0.2749 -0.9584 -0.0773
vn 0.1561 -0.9763 -0.1498
vn 0.1589 -0.9766 -0.1449
vn 0.0487 -0.9956 -0.0800
vn 0.3075 -0.9510 0.0319
vn 0.0180 -0.9993 -0.0342
vn 0.3109 -0.9501 0.0260
vn 0.4697 -0.8828 0.0009
vn 0.2747 -0.9584 -0.0774
vn 0.9535 -0.2812 0.1082
vn 0.3779 -0.8790 -0.2910
vn 0.8216 -0.5614 -0.0987
vn 0.8216 -0.5615 -0.0986
vn 0.6023 -0.7888 -0.1224
vn 0.5800 -0.8108 -0.0788
vn 0.2872 -0.9524 -0.1018
vn 0.7121 -0.7021 0.0062
vn 0.8139 -0.5500 -0.1871
vn 0.7748 -0.5986 -0.2034
vn 0.9353 -0.0062 -0.3537
vn 0.8431 -0.4738 -0.2543
vn 0.7120 -0.7021 0.0060
vn 0.5706 -0.8108 -0.1302
vn 0.5066 -0.8607 -0.0508
vn 0.5159 -0.8539 -0.0679
vn 0.4962 -0.8666 -0.0531
vn 0.8983 -0.0525 -0.4362
vn 0.8642 -0.3534 -0.3582
vn 0.8423 -0.4376 -0.3146
vn 0.7948 -0.3489 -0.4965
vn 0.8662 -0.2140 -0.4516
vn 0.8663 -0.2214 -0.4478
vn 0.8709 -0.2105 -0.4442
vn 0.8299 -0.1601 -0.5345
vn 0.8064 -0.1620 -0.5688
vn 0.8788 -0.0511 -0.4744
vn 0.8788 -0.0514 -0.4744
vn 0.8804 -0.0541 -0.4711
vn 0.8996 -0.0014 -0.4368
vn 0.9943 -0.0153 -0.1051
vn 0.9748 0.0029 -0.2232
vn 0.9749 -0.0258 -0.2212
vn 0.8749 -0.0590 -0.4807
vn 0.8749 -0.0522 -0.4815
vn 0.9718 -0.1031 -0.2119
vn 0.9717 -0.1036 -0.2122
vn 0.9717 -0.1034 -0.2124
vn 0.9883 -0.0423 -0.1468
vn 0.9725 -0.0335 -0.2305
vn 0.8223 -0.3343 -0.4605
vn 0.9693 -0.1436 -0.1996
vn 0.9921 -0.0868 -0.0910
vn 0.8642 -0.3533 -0.3583
vn 0.7876 -0.4828 -0.3830
vn 0.9694 -0.1919 -0.1533
vn 0.9805 -0.1486 -0.1289
vn 0.9911 -0.0919 -0.0963
vn 0.9814 -0.1588 -0.1076
vn 0.0209 0.9992 -0.0329
vn 0.0184 0.9993 -0.0340
vn 0.0474 0.9954 -0.0836
vn 0.0592 0.9954 -0.0757
vn 0.1590 0.9766 -0.1448
vn 0.1589 0.9766 -0.1449
vn 0.2747 0.9584 -0.0774
vn 0.1747 0.9776 -0.1174
vn 0.2986 0.9463 -0.1243
vn 0.0204 0.9993 -0.0318
vn 0.3072 0.9511 0.0311
vn 0.3075 0.9510 0.0319
vn 0.3515 0.9350 -0.0477
vn 0.4417 0.8955 0.0546
vn 0.9945 -0.0000 -0.1050
vn 0.8997 -0.0000 -0.4365
vn 0.8995 -0.0000 -0.4368
vn 0.8996 -0.0000 -0.4368
vn 0.8165 0.5293 -0.2306
vn 0.8396 0.5076 -0.1935
vn 0.9808 0.1794 -0.0766
vn 0.6004 0.7855 -0.1498
vn 0.5734 0.8052 -0.1512
vn 0.8163 0.5296 -0.2307
vn 0.9536 0.2811 0.1082
vn 0.8498 0.4942 -0.1835
vn 0.7725 0.6345 0.0258
vn 0.7909 0.6055 -0.0890
vn 0.5249 0.8499 -0.0460
vn 0.5252 0.8497 -0.0464
vn 0.3486 0.9096 -0.2260
vn 0.5637 0.8221 -0.0799
vn 0.2925 0.9497 -0.1122
vn 0.5322 0.8434 -0.0740
vn 0.4964 0.8665 -0.0531
vn 0.8996 0.0014 -0.4368
vn 0.9945 0.0050 -0.1047
vn 0.9983 0.0149 -0.0569
vn 0.8982 -0.0602 -0.4355
vn 0.8818 0.0506 -0.4688
vn 0.8794 0.0531 -0.4730
vn 0.8792 0.0665 -0.4718
vn 0.8702 0.0530 -0.4899
vn 0.8477 0.1446 -0.5104
vn 0.8045 0.1811 -0.5656
vn 0.8713 0.2102 -0.4435
vn 0.8611 0.2177 -0.4595
vn 0.8404 0.3111 -0.4438
vn 0.7947 0.3658 -0.4844
vn 0.8645 0.3530 -0.3579
vn 0.8414 0.4264 -0.3321
vn 0.7717 0.5168 -0.3706
vn 0.9839 0.0356 -0.1752
vn 0.9837 0.0461 -0.1741
vn 0.9774 0.0284 -0.2094
vn 0.9772 0.0545 -0.2054
vn 0.9852 0.0508 -0.1635
vn 0.9795 0.1086 -0.1696
vn 0.8712 0.2255 -0.4361
vn 0.9734 0.1041 -0.2039
vn 0.9729 0.1385 -0.1853
vn 0.9872 0.0859 -0.1343
vn 0.9755 0.1693 -0.1403
vn 0.9808 0.1531 -0.1205
vn 0.9754 0.1734 -0.1363
vn 0.9811 0.1491 -0.1236
vn 0.6497 0.5375 -0.5375
vn 0.6497 0.1967 -0.7343
vn 0.6498 0.1967 -0.7342
vn 0.6498 -0.1967 -0.7342
vn 0.6497 -0.1967 -0.7343
vn 0.6497 -0.5375 -0.5375
vn 0.6497 -0.7343 -0.1967
vn 0.6497 -0.7343 -0.1968
vn 0.6497 -0.7343 0.1967
vn 0.6497 -0.5375 0.5376
vn 0.6495 -0.5376 0.5376
vn 0.6495 -0.1968 0.7344
vn 0.6498 -0.1967 0.7342
vn 0.6498 0.1968 0.7342
vn 0.6495 0.1968 0.7344
vn 0.6495 0.5376 0.5376
vn 0.6497 0.5375 0.5375
vn 0.6497 0.7343 0.1967
vn 0.6497 0.7343 0.1968
vn 0.6497 0.7343 -0.1967
vn 0.2424 0.6860 -0.6860
vn 0.2424 0.2511 -0.9371
vn 0.2422 0.2511 -0.9372
vn 0.2422 -0.2511 -0.9372
vn 0.2424 -0.2511 -0.9371
vn 0.2424 -0.6860 -0.6860
vn 0.2424 -0.9371 -0.2511
vn 0.2423 -0.9371 -0.2511
vn 0.2423 -0.9371 0.2511
vn 0.2424 -0.9371 0.2511
vn 0.2424 -0.6860 0.6860
vn 0.2424 -0.2511 0.9371
vn 0.2422 -0.2511 0.9372
vn 0.2422 0.2511 0.9372
vn 0.2424 0.2511 0.9371
vn 0.2424 0.6860 0.6860
vn 0.2424 0.9371 0.2511
vn 0.2424 0.9371 -0.2511
vn 0.6497 -0.5376 -0.5375
vn 0.6496 -0.5376 -0.5376
vn 0.6496 -0.7343 -0.1968
vn 0.6497 -0.7343 0.1968
vn 0.6496 -0.7343 0.1968
vn 0.6496 -0.5376 0.5376
vn 0.2423 0.6860 -0.6860
vn 0.2423 0.6860 0.6860
vn 0.2423 0.9372 0.2511
vn 0.2423 0.9372 -0.2511
vn 0.2504 0.9659 -0.0661
vn 0.6623 0.7475 -0.0513
vn 0.6622 0.7475 -0.0514
vn 0.6645 0.7456 -0.0512
vn 0.2504 0.9659 -0.0660
vn 0.2500 0.9590 -0.1332
vn 0.6623 0.7421 -0.1035
vn 0.6624 0.7419 -0.1035
vn 0.6625 0.7396 -0.1186
vn 0.6836 0.7167 -0.1379
vn 0.6837 0.7166 -0.1380
vn 0.6824 0.7135 -0.1589
vn 0.7093 0.6925 -0.1318
vn 0.2499 0.9602 -0.1244
vn 0.2749 0.9431 -0.1870
vn 0.3325 0.9373 -0.1050
vn 0.3284 0.9273 -0.1798
vn 0.4200 0.9020 -0.0996
vn 0.2438 0.0999 -0.9647
vn 0.6600 0.6999 -0.2732
vn 0.6600 0.6998 -0.2732
vn 0.6599 0.6999 -0.2732
vn 0.6599 0.5955 -0.4581
vn 0.6599 0.5956 -0.4581
vn 0.6599 0.4438 -0.6063
vn 0.6602 0.4435 -0.6062
vn 0.6600 0.4435 -0.6063
vn 0.6600 0.2562 -0.7062
vn 0.6600 0.2562 -0.7063
vn 0.6599 0.2562 -0.7063
vn 0.6617 0.0772 -0.7458
vn 0.6616 0.0772 -0.7459
vn 0.2510 0.0996 -0.9628
vn 0.2508 0.0997 -0.9629
vn 0.2497 0.3302 -0.9103
vn 0.2495 0.3302 -0.9103
vn 0.2495 0.5717 -0.7816
vn 0.2506 0.9597 -0.1273
vn 0.2494 0.9021 -0.3521
vn 0.2496 0.9021 -0.3521
vn 0.2496 0.7675 -0.5904
vn 0.2493 0.7676 -0.5905
vn 0.6619 0.7431 -0.0986
vn 0.6607 0.7441 -0.0989
vn 0.2507 0.9596 -0.1275
vn 0.6648 0.7458 -0.0424
vn 0.6648 0.7459 -0.0424
vn 0.6647 0.7459 -0.0424
vn 0.2494 0.9600 -0.1273
vn 0.7734 0.6112 -0.1682
vn 0.6994 0.6841 -0.2070
vn 0.7618 0.5808 -0.2870
vn 0.7761 0.5658 -0.2786
vn 0.7764 0.5654 -0.2784
vn 0.6408 0.6931 -0.3301
vn 0.6412 0.6928 -0.3301
vn 0.6553 0.7274 -0.2037
vn 0.4057 0.8898 -0.2091
vn 0.4058 0.8897 -0.2092
vn 0.2507 -0.0000 -0.9681
vn 0.6636 -0.0000 -0.7481
vn 0.6625 -0.0000 -0.7490
vn 0.2449 -0.0000 -0.9695
vn 0.2523 -0.0000 -0.9677
vn 0.7915 0.0047 -0.6112
vn 0.7753 0.5130 -0.3685
vn 0.7902 0.0052 -0.6128
vn 0.7901 0.0681 -0.6091
vn 0.7872 0.0681 -0.6129
vn 0.7860 0.0685 -0.6144
vn 0.7872 0.1688 -0.5931
vn 0.7842 0.1703 -0.5967
vn 0.7840 0.1702 -0.5969
vn 0.7850 0.2669 -0.5591
vn 0.7821 0.2680 -0.5626
vn 0.7814 0.2687 -0.5632
vn 0.7821 0.3582 -0.5099
vn 0.7791 0.3606 -0.5127
vn 0.7785 0.3604 -0.5139
vn 0.7797 0.4406 -0.4449
vn 0.7784 0.4415 -0.4463
vn 0.7771 0.4430 -0.4471
vn 0.7778 0.5106 -0.3665
vn 0.7761 0.5124 -0.3675
vn 0.7756 0.5127 -0.3682
vn 0.2491 -0.8541 -0.4565
vn 0.6607 -0.0736 0.7470
vn 0.2493 -0.4564 0.8541
vn 0.2493 -0.2811 0.9267
vn 0.2493 -0.0949 0.9638
vn 0.2496 -0.0949 0.9637
vn 0.2489 -0.4566 0.8542
vn 0.2494 -0.4565 0.8541
vn 0.2494 -0.6144 0.7486
vn 0.2491 -0.8541 0.4566
vn 0.2491 -0.7486 0.6144
vn 0.2494 -0.7486 0.6144
vn 0.2492 -0.9267 -0.2811
vn 0.2493 -0.9638 -0.0949
vn 0.2491 -0.9638 -0.0949
vn 0.2491 -0.9638 0.0950
vn 0.2493 -0.9638 0.0949
vn 0.2494 -0.9267 0.2810
vn 0.2493 -0.9267 0.2811
vn 0.2493 -0.8541 0.4565
vn 0.2493 -0.9267 -0.2811
vn 0.2493 -0.8541 -0.4565
vn 0.2491 -0.7486 -0.6144
vn 0.2491 -0.7487 -0.6144
vn 0.2490 -0.6144 -0.7486
vn 0.2494 -0.6143 -0.7486
vn 0.6610 -0.0736 0.7468
vn 0.6610 -0.2178 0.7181
vn 0.6609 -0.2179 0.7181
vn 0.6609 -0.3538 0.6618
vn 0.6606 -0.3539 0.6621
vn 0.6607 -0.4762 0.5803
vn 0.6610 -0.4761 0.5801
vn 0.6609 -0.5801 0.4761
vn 0.6609 -0.6619 0.3537
vn 0.6607 -0.6620 0.3539
vn 0.6607 -0.7183 0.2179
vn 0.6608 -0.7182 0.2179
vn 0.6608 -0.7469 0.0736
vn 0.6608 -0.7469 -0.0736
vn 0.6608 -0.7183 -0.2179
vn 0.6608 -0.7182 -0.2179
vn 0.6608 -0.6619 -0.3538
vn 0.6609 -0.6618 -0.3538
vn 0.6609 -0.5801 -0.4761
vn 0.6610 -0.5801 -0.4761
vn 0.6610 -0.4761 -0.5801
vn 0.6609 -0.4761 -0.5801
vn 0.6609 -0.3537 -0.6619
vn 0.6607 -0.3539 -0.6620
vn 0.6607 -0.2179 -0.7184
vn 0.6610 -0.2178 -0.7181
vn 0.6609 -0.0735 -0.7468
vn 0.6607 -0.0736 -0.7470
vn 0.2494 -0.4565 -0.8540
vn 0.2494 -0.4565 -0.8541
vn 0.2493 -0.4565 -0.8541
vn 0.2493 -0.2811 -0.9267
vn 0.2493 -0.0949 -0.9638
vn 0.2496 -0.0949 -0.9637
vn 0.7914 -0.0000 -0.6113
vn 0.7915 -0.0000 -0.6112
vn 0.6625 -0.0000 0.7491
vn 0.2507 -0.0000 0.9681
vn 0.7537 -0.5342 -0.3828
vn 0.7915 -0.0051 -0.6112
vn 0.7912 -0.0050 -0.6116
vn 0.7909 -0.0680 -0.6082
vn 0.7884 -0.0679 -0.6115
vn 0.7874 -0.0682 -0.6126
vn 0.7872 -0.0686 -0.6129
vn 0.7858 -0.0683 -0.6147
vn 0.7870 -0.1690 -0.5934
vn 0.7831 -0.2676 -0.5614
vn 0.7850 -0.2668 -0.5590
vn 0.7839 -0.1705 -0.5970
vn 0.7966 -0.4908 -0.3529
vn 0.7780 -0.5097 -0.3674
vn 0.7773 -0.4425 -0.4473
vn 0.7777 -0.4424 -0.4467
vn 0.7785 -0.4415 -0.4461
vn 0.7796 -0.4407 -0.4450
vn 0.7785 -0.3607 -0.5136
vn 0.7821 -0.3584 -0.5098
vn 0.7812 -0.3648 -0.5065
vn 0.7805 -0.2692 -0.5642
vn 0.7804 -0.2694 -0.5643
vn 0.6611 0.4479 0.6019
vn 0.2497 0.5781 0.7768
vn 0.2494 0.5781 0.7769
vn 0.6610 0.4480 0.6019
vn 0.6610 0.3311 0.6733
vn 0.6612 0.3311 0.6732
vn 0.6612 0.2032 0.7222
vn 0.6611 0.2032 0.7222
vn 0.6611 0.0685 0.7472
vn 0.6609 0.0685 0.7473
vn 0.2497 0.4274 0.8689
vn 0.2494 0.4274 0.8690
vn 0.2495 0.4273 0.8690
vn 0.2495 0.2623 0.9322
vn 0.2493 0.2623 0.9322
vn 0.2493 0.0884 0.9644
vn 0.2497 0.0884 0.9643
vn 0.7979 -0.5266 -0.2934
vn 0.7551 -0.5737 -0.3173
vn 0.7922 -0.5338 -0.2957
vn 0.7937 -0.5756 -0.1968
vn 0.6934 -0.6790 -0.2413
vn 0.6934 -0.6789 -0.2412
vn 0.3923 -0.8740 -0.2868
vn 0.5342 -0.7984 -0.2780
vn 0.7360 -0.6601 -0.1503
vn 0.7381 -0.5919 -0.3239
vn 0.6625 0.5136 0.5453
vn 0.6625 0.5136 0.5452
vn 0.6625 0.5211 0.5381
vn 0.2502 0.6735 0.6955
vn 0.2498 0.7101 0.6583
vn 0.7063 -0.6901 -0.1580
vn 0.3319 -0.9359 -0.1179
vn 0.4111 -0.8950 -0.1730
vn 0.6838 -0.7167 -0.1367
vn 0.6837 -0.7166 -0.1380
vn 0.6625 -0.7396 -0.1186
vn 0.3325 -0.9372 -0.1051
vn 0.2749 -0.9431 -0.1870
vn 0.2499 -0.9602 -0.1244
vn 0.6621 0.4825 0.5735
vn 0.6624 0.4821 0.5734
vn 0.2495 0.6263 0.7386
vn 0.2500 0.6260 0.7387
vn 0.6614 0.4518 0.5987
vn 0.6618 0.4513 0.5986
vn 0.2487 0.5865 0.7709
vn 0.2492 0.5861 0.7710
vn 0.6622 -0.7476 -0.0513
vn 0.6625 -0.7473 -0.0515
vn 0.2501 -0.9660 -0.0659
vn 0.2474 -0.9668 -0.0641
vn 0.2502 -0.9659 -0.0661
vn 0.6623 -0.7420 -0.1036
vn 0.6622 -0.7422 -0.1035
vn 0.2500 -0.9591 -0.1330
vn 0.2503 -0.9590 -0.1332
vn 0.3294 0.5915 0.7360
vn 0.4080 0.5291 0.7440
vn 0.6826 0.4244 0.5950
vn 0.7040 0.3942 0.5908
vn 0.2486 0.5991 0.7611
vn 0.3261 0.5415 0.7749
vn 0.6614 0.4466 0.6026
vn 0.6820 0.4188 0.5996
vn 0.6575 -0.2569 -0.7083
vn 0.2492 -0.9600 -0.1274
vn 0.2479 -0.9604 -0.1276
vn 0.2477 -0.9605 -0.1271
vn 0.2465 -0.9028 -0.3524
vn 0.2464 -0.5722 -0.7822
vn 0.2464 -0.7682 -0.5909
vn 0.2465 -0.7681 -0.5909
vn 0.2468 -0.9027 -0.3524
vn 0.2463 -0.3305 -0.9111
vn 0.2463 -0.5722 -0.7822
vn 0.6522 -0.0780 -0.7540
vn 0.6521 -0.0780 -0.7541
vn 0.6592 -0.0774 -0.7479
vn 0.6594 -0.0774 -0.7478
vn 0.6579 -0.2568 -0.7080
vn 0.6577 -0.2569 -0.7081
vn 0.2470 -0.3305 -0.9109
vn 0.2481 -0.0997 -0.9636
vn 0.2480 -0.0997 -0.9636
vn 0.6579 -0.4446 -0.6078
vn 0.6579 -0.4446 -0.6079
vn 0.6578 -0.4453 -0.6074
vn 0.6577 -0.5970 -0.4593
vn 0.6577 -0.5971 -0.4593
vn 0.6609 -0.7440 -0.0987
vn 0.6577 -0.7017 -0.2739
vn 0.6578 -0.7016 -0.2739
vn 0.6598 -0.7449 -0.0990
vn 0.2472 -0.9661 -0.0745
vn 0.7479 0.2405 0.6187
vn 0.7817 0.2212 0.5831
vn 0.7868 0.2188 0.5771
vn 0.7831 0.2223 0.5808
vn 0.7497 0.2943 0.5927
vn 0.6977 0.2992 0.6509
vn 0.6677 0.3200 0.6721
vn 0.7937 0.2169 0.5683
vn 0.7954 0.2457 0.5541
vn 0.7709 0.2653 0.5791
vn 0.7748 0.3068 0.5528
vn 0.7003 0.3732 0.6085
vn 0.6768 0.4481 0.5841
vn 0.4424 0.4674 0.7654
vn 0.4039 0.5041 0.7633
vn 0.6614 -0.0000 -0.7500
vn 0.6625 -0.0000 -0.7491
vn 0.6542 -0.0000 -0.7564
vn 0.6541 -0.0000 -0.7564
vn 0.2493 -0.0000 -0.9684
vn 0.7813 0.1595 0.6034
vn 0.7913 -0.0006 0.6115
vn 0.7909 -0.0008 0.6119
vn 0.7905 0.0561 0.6099
vn 0.7859 0.0565 0.6157
vn 0.7850 0.0569 0.6168
vn 0.7860 0.1580 0.5976
vn 0.7801 0.1602 0.6048
vn 0.2491 0.8541 0.4565
vn 0.6607 0.0736 -0.7470
vn 0.2492 0.4565 -0.8541
vn 0.2492 0.2811 -0.9268
vn 0.2493 0.2811 -0.9267
vn 0.2493 0.0949 -0.9638
vn 0.2495 0.0949 -0.9637
vn 0.2493 0.4565 -0.8541
vn 0.2492 0.6144 -0.7486
vn 0.2491 0.8541 -0.4566
vn 0.2491 0.7486 -0.6144
vn 0.2492 0.7486 -0.6144
vn 0.2491 0.6144 -0.7487
vn 0.2493 0.9267 0.2810
vn 0.2493 0.9638 0.0949
vn 0.2491 0.9638 0.0949
vn 0.2491 0.9638 -0.0949
vn 0.2493 0.9638 -0.0949
vn 0.2492 0.9267 -0.2812
vn 0.2492 0.9267 -0.2811
vn 0.2493 0.9267 -0.2811
vn 0.2493 0.8541 -0.4565
vn 0.2492 0.9267 0.2811
vn 0.2493 0.9267 0.2811
vn 0.2493 0.8541 0.4565
vn 0.2491 0.7486 0.6144
vn 0.2495 0.7485 0.6144
vn 0.2491 0.6144 0.7486
vn 0.2497 0.6143 0.7485
vn 0.6610 0.0736 -0.7468
vn 0.6610 0.2178 -0.7181
vn 0.6607 0.2179 -0.7184
vn 0.6607 0.3538 -0.6621
vn 0.6609 0.3538 -0.6619
vn 0.6609 0.4761 -0.5801
vn 0.6610 0.4761 -0.5801
vn 0.6609 0.5801 -0.4761
vn 0.6609 0.6618 -0.3538
vn 0.6610 0.6618 -0.3538
vn 0.6609 0.7181 -0.2178
vn 0.6607 0.7470 -0.0736
vn 0.6610 0.7468 -0.0735
vn 0.6610 0.7468 0.0736
vn 0.6610 0.7468 0.0735
vn 0.6609 0.7181 0.2178
vn 0.6609 0.7182 0.2179
vn 0.6608 0.6619 0.3538
vn 0.6609 0.6618 0.3538
vn 0.6609 0.5801 0.4761
vn 0.6609 0.4761 0.5801
vn 0.6607 0.4762 0.5803
vn 0.6606 0.3539 0.6621
vn 0.6609 0.3537 0.6619
vn 0.6609 0.2179 0.7181
vn 0.6610 0.2178 0.7181
vn 0.6610 0.0735 0.7468
vn 0.6607 0.0736 0.7470
vn 0.2493 0.4565 0.8541
vn 0.2489 0.4565 0.8542
vn 0.2492 0.4564 0.8542
vn 0.2492 0.2811 0.9267
vn 0.2493 0.2811 0.9267
vn 0.2493 0.0949 0.9638
vn 0.2496 0.0949 0.9637
vn 0.7913 -0.0000 0.6115
vn 0.7915 -0.0000 0.6112
vn 0.7993 -0.1639 0.5781
vn 0.7913 -0.0216 0.6110
vn 0.7624 -0.1776 0.6222
vn 0.7840 -0.1690 0.5974
vn 0.7861 -0.1695 0.5945
vn 0.7848 -0.0909 0.6130
vn 0.7880 -0.0905 0.6090
vn 0.7875 -0.0222 0.6159
vn 0.6610 -0.0685 0.7473
vn 0.2497 -0.0884 0.9643
vn 0.2493 -0.0884 0.9644
vn 0.2493 -0.2623 0.9322
vn 0.2494 -0.2623 0.9322
vn 0.6611 -0.0685 0.7472
vn 0.6611 -0.2032 0.7222
vn 0.6612 -0.2032 0.7222
vn 0.6612 -0.3311 0.6732
vn 0.6610 -0.3311 0.6733
vn 0.6610 -0.4480 0.6020
vn 0.2494 -0.4273 0.8690
vn 0.2493 -0.4274 0.8690
vn 0.2496 -0.4274 0.8689
vn 0.2496 -0.5781 0.7769
vn 0.2494 -0.5781 0.7769
vn 0.8000 -0.2437 0.5484
vn 0.7421 -0.3719 0.5577
vn 0.7016 -0.3784 0.6038
vn 0.4113 -0.5510 0.7261
vn 0.5186 -0.4738 0.7117
vn 0.5508 -0.5247 0.6491
vn 0.5266 -0.3700 0.7653
vn 0.7291 -0.2892 0.6203
vn 0.7774 -0.2679 0.5691
vn 0.5963 -0.3426 0.7260
vn 0.7610 -0.3067 0.5717
vn 0.2493 -0.7120 0.6564
vn 0.2503 -0.6730 0.6960
vn 0.6624 -0.5208 0.5385
vn 0.6624 -0.5208 0.5386
vn 0.6626 -0.5138 0.5450
vn 0.3296 -0.5953 0.7328
vn 0.2484 -0.5513 0.7965
vn 0.6828 -0.4366 0.5858
vn 0.6614 -0.4307 0.6141
vn 0.4152 -0.5791 0.7016
vn 0.3265 -0.5474 0.7705
vn 0.7063 -0.4114 0.5761
vn 0.6812 -0.4092 0.6071
vn 0.2495 -0.6260 0.7388
vn 0.2500 -0.6261 0.7385
vn 0.6621 -0.4823 0.5737
vn 0.6625 -0.4823 0.5732
vn 0.2487 -0.5862 0.7711
vn 0.2492 -0.5864 0.7708
vn 0.6614 -0.4515 0.5989
vn 0.6618 -0.4516 0.5984
vt 0.279162 0.012869
vt 0.279913 0.012179
vt 0.280591 0.011891
vt 0.280584 0.493219
vt 0.279492 0.492594
vt 0.279167 0.492217
vt 0.522288 0.016071
vt 0.278192 0.014334
vt 0.278797 0.013205
vt 0.521919 0.490746
vt 0.521313 0.491875
vt 0.520949 0.492210
vt 0.278499 0.491443
vt 0.278220 0.490741
vt 0.522179 0.015063
vt 0.521891 0.014339
vt 0.519520 0.493188
vt 0.518818 0.493486
vt 0.519527 0.011860
vt 0.520619 0.012485
vt 0.520944 0.012862
vt 0.522037 0.490526
vt 0.522288 0.489006
vt 0.520198 0.492900
vt 0.280797 0.493342
vt 0.282268 0.493600
vt 0.517843 0.493598
vt 0.277932 0.490017
vt 0.278074 0.014553
vt 0.277823 0.016074
vt 0.277823 0.489008
vt 0.281293 0.011593
vt 0.282268 0.011481
vt 0.517843 0.011479
vt 0.521612 0.013636
vt 0.519314 0.011738
vt 0.642821 0.031822
vt 0.642506 0.487558
vt 0.620405 0.031195
vt 0.632919 0.487111
vt 0.619221 0.031094
vt 0.619018 0.485897
vt 0.596889 0.029180
vt 0.608608 0.484987
vt 0.596760 0.029160
vt 0.596719 0.483178
vt 0.586060 0.481556
vt 0.576455 0.025986
vt 0.576485 0.479337
vt 0.575642 0.025860
vt 0.566225 0.476960
vt 0.559053 0.021744
vt 0.779858 0.484829
vt 0.779858 0.014689
vt 0.787722 0.014958
vt 0.559087 0.474521
vt 0.557559 0.021373
vt 0.781192 0.484824
vt 0.797804 0.015302
vt 0.798411 0.484885
vt 0.806127 0.015537
vt 0.800915 0.484894
vt 0.818944 0.015900
vt 0.819531 0.485054
vt 0.827132 0.016094
vt 0.823381 0.485087
vt 0.842409 0.485328
vt 0.842390 0.016457
vt 0.849936 0.016607
vt 0.847645 0.485394
vt 0.866169 0.485697
vt 0.867154 0.016950
vt 0.873671 0.017057
vt 0.872686 0.485803
vt 0.889904 0.486147
vt 0.892195 0.017360
vt 0.897431 0.017426
vt 0.897450 0.486297
vt 0.912708 0.486660
vt 0.916459 0.017667
vt 0.920309 0.017700
vt 0.920895 0.486854
vt 0.938925 0.017860
vt 0.933713 0.487217
vt 0.941429 0.017869
vt 0.942036 0.487452
vt 0.958648 0.017930
vt 0.952118 0.487796
vt 0.196844 0.531924
vt 0.199053 0.982434
vt 0.197573 0.982032
vt 0.959982 0.017925
vt 0.959982 0.488064
vt 0.189785 0.529307
vt 0.181136 0.977570
vt 0.179601 0.526757
vt 0.180328 0.977432
vt 0.170096 0.524376
vt 0.160145 0.973972
vt 0.114205 0.970994
vt 0.113823 0.517939
vt 0.136584 0.971725
vt 0.123400 0.518418
vt 0.137765 0.971837
vt 0.137267 0.519720
vt 0.160017 0.973950
vt 0.147653 0.520695
vt 0.159486 0.522636
vt 0.785360 0.645379
vt 0.987600 0.635980
vt 0.785534 0.654985
vt 0.985530 0.658526
vt 0.788926 0.679236
vt 0.979279 0.682607
vt 0.796422 0.701869
vt 0.969123 0.704927
vt 0.807707 0.721930
vt 0.955489 0.724547
vt 0.822306 0.738576
vt 0.938952 0.740642
vt 0.839605 0.751107
vt 0.920208 0.752534
vt 0.858877 0.758994
vt 0.900044 0.759723
vt 0.879310 0.761908
vt 0.517847 0.639729
vt 0.284425 0.641958
vt 0.517509 0.630100
vt 0.286496 0.619444
vt 0.513249 0.605683
vt 0.293375 0.595541
vt 0.504272 0.582742
vt 0.304787 0.573541
vt 0.490956 0.562243
vt 0.320254 0.554369
vt 0.473860 0.545047
vt 0.339123 0.538832
vt 0.453705 0.531879
vt 0.360602 0.527584
vt 0.431338 0.523292
vt 0.383786 0.521098
vt 0.407700 0.519647
vt 0.159892 0.975718
vt 0.519338 0.639733
vt 0.114187 0.972524
vt 0.136527 0.973503
vt 0.114178 0.972770
vt 0.114134 0.974030
vt 0.136304 0.975205
vt 0.114106 0.974459
vt 0.114051 0.975342
vt 0.135950 0.976573
vt 0.282182 0.642029
vt 0.284889 0.619167
vt 0.282817 0.642003
vt 0.283473 0.641975
vt 0.520730 0.639773
vt 0.519566 0.639740
vt 0.519234 0.629976
vt 0.521864 0.639843
vt 0.521101 0.639796
vt 0.520788 0.629932
vt 0.642513 0.488500
vt 0.642531 0.489118
vt 0.632937 0.488709
vt 0.642549 0.489718
vt 0.608695 0.486586
vt 0.586213 0.483158
vt 0.566437 0.478571
vt 0.780157 0.012949
vt 0.798053 0.013564
vt 0.819133 0.014162
vt 0.842510 0.014719
vt 0.867202 0.015212
vt 0.892169 0.015620
vt 0.916362 0.015925
vt 0.938763 0.016115
vt 0.958430 0.016182
vt 0.514909 0.605208
vt 0.505800 0.581939
vt 0.492289 0.561147
vt 0.474947 0.543706
vt 0.454502 0.530351
vt 0.431814 0.521643
vt 0.407838 0.517946
vt 0.383583 0.519418
vt 0.360067 0.525996
vt 0.338280 0.537404
vt 0.319139 0.553161
vt 0.303449 0.572606
vt 0.516409 0.604866
vt 0.507188 0.581317
vt 0.493513 0.560275
vt 0.475961 0.542626
vt 0.455270 0.529111
vt 0.432310 0.520299
vt 0.408046 0.516558
vt 0.383500 0.518048
vt 0.359702 0.524704
vt 0.337654 0.536248
vt 0.318282 0.552194
vt 0.302403 0.571872
vt 0.521936 0.629974
vt 0.517522 0.604707
vt 0.508227 0.580969
vt 0.494443 0.559759
vt 0.780923 0.011479
vt 0.798677 0.012092
vt 0.819591 0.012689
vt 0.842782 0.013244
vt 0.867277 0.013734
vt 0.892046 0.014138
vt 0.916047 0.014439
vt 0.938270 0.014625
vt 0.957782 0.014688
vt 0.198811 0.984173
vt 0.198093 0.985777
vt 0.180373 0.980972
vt 0.180948 0.979325
vt 0.159484 0.977398
vt 0.290684 0.594455
vt 0.291870 0.594921
vt 0.597014 0.027407
vt 0.783969 0.645418
vt 0.782477 0.645413
vt 0.783725 0.645417
vt 0.783905 0.655157
vt 0.781053 0.645365
vt 0.782010 0.645397
vt 0.782176 0.655238
vt 0.779858 0.645279
vt 0.780465 0.645323
vt 0.780612 0.655215
vt 0.642838 0.030288
vt 0.620462 0.029414
vt 0.642846 0.030044
vt 0.642887 0.028789
vt 0.620678 0.027722
vt 0.642911 0.028366
vt 0.642961 0.027494
vt 0.621021 0.026377
vt 0.643005 0.027029
vt 0.643052 0.026549
vt 0.988382 0.635933
vt 0.986785 0.658750
vt 0.113814 0.517004
vt 0.123376 0.516836
vt 0.147560 0.519113
vt 0.169937 0.522790
vt 0.189568 0.527711
vt 0.959683 0.489805
vt 0.941787 0.489190
vt 0.920707 0.488592
vt 0.897330 0.488034
vt 0.872639 0.487541
vt 0.847671 0.487134
vt 0.823479 0.486829
vt 0.801077 0.486639
vt 0.781410 0.486572
vt 0.787349 0.679757
vt 0.794956 0.702714
vt 0.806406 0.723062
vt 0.821217 0.739945
vt 0.838765 0.752653
vt 0.858312 0.760652
vt 0.879037 0.763606
vt 0.900068 0.761391
vt 0.920520 0.754100
vt 0.939533 0.742039
vt 0.956308 0.725715
vt 0.970138 0.705816
vt 0.785666 0.680135
vt 0.793368 0.703367
vt 0.804958 0.723959
vt 0.819949 0.741044
vt 0.837709 0.753904
vt 0.857492 0.761999
vt 0.878466 0.764988
vt 0.899749 0.762747
vt 0.920446 0.755368
vt 0.939687 0.743163
vt 0.544514 0.012631
vt 0.545758 0.011479
vt 0.559595 0.016810
vt 0.558515 0.018029
vt 0.577268 0.021185
vt 0.576400 0.022459
vt 0.784131 0.680311
vt 0.791896 0.703730
vt 0.803581 0.724487
vt 0.818693 0.741710
vt 0.941162 0.490662
vt 0.920250 0.490065
vt 0.897058 0.489510
vt 0.872563 0.489020
vt 0.847794 0.488616
vt 0.823794 0.488315
vt 0.801570 0.488128
vt 0.782058 0.488066
vt 0.557801 0.019630
vt 0.575830 0.024100
vt 0.597416 0.025737
vt 0.598034 0.024419
vt 0.980441 0.683176
vt 0.252836 0.011860
vt 0.253929 0.012485
vt 0.254254 0.012862
vt 0.253508 0.492900
vt 0.252829 0.493188
vt 0.254259 0.492210
vt 0.011113 0.489006
vt 0.254623 0.491875
vt 0.255229 0.490746
vt 0.011113 0.016071
vt 0.255347 0.490526
vt 0.255597 0.489006
vt 0.255597 0.016071
vt 0.255489 0.015063
vt 0.015558 0.493598
vt 0.013857 0.493249
vt 0.012415 0.492253
vt 0.255201 0.014339
vt 0.254921 0.013637
vt 0.011451 0.490763
vt 0.251152 0.493598
vt 0.252127 0.493486
vt 0.012415 0.012824
vt 0.013857 0.011829
vt 0.011451 0.014314
vt 0.015558 0.011479
vt 0.251152 0.011479
vt 0.252623 0.011738
vt 0.676402 0.590572
vt 0.683747 0.608933
vt 0.673385 0.588205
vt 0.671063 0.585112
vt 0.663155 0.617868
vt 0.659548 0.622455
vt 0.669596 0.581503
vt 0.656877 0.627680
vt 0.687283 0.563050
vt 0.683524 0.562558
vt 0.716830 0.515566
vt 0.690915 0.590498
vt 0.693910 0.588099
vt 0.708075 0.622205
vt 0.710796 0.627403
vt 0.678057 0.609541
vt 0.672591 0.611285
vt 0.667559 0.614096
vt 0.679910 0.592052
vt 0.683668 0.592544
vt 0.689443 0.609483
vt 0.687422 0.592013
vt 0.704424 0.617656
vt 0.699984 0.613930
vt 0.694925 0.611170
vt 0.634536 0.515988
vt 0.679771 0.563088
vt 0.676277 0.564604
vt 0.719081 0.984246
vt 0.636787 0.984669
vt 0.681530 0.929531
vt 0.685289 0.930023
vt 0.689043 0.929492
vt 0.692536 0.927977
vt 0.699255 0.918838
vt 0.699731 0.914955
vt 0.677898 0.902083
vt 0.674904 0.904481
vt 0.660739 0.870375
vt 0.658017 0.865177
vt 0.673283 0.567002
vt 0.670991 0.570119
vt 0.669559 0.573742
vt 0.672684 0.922591
vt 0.675006 0.925684
vt 0.678023 0.928051
vt 0.695531 0.925579
vt 0.697822 0.922462
vt 0.696129 0.569990
vt 0.693808 0.566897
vt 0.690791 0.564529
vt 0.688904 0.900529
vt 0.696223 0.881296
vt 0.692412 0.902008
vt 0.701254 0.878484
vt 0.681391 0.900567
vt 0.664390 0.874925
vt 0.685145 0.900037
vt 0.668830 0.878651
vt 0.673889 0.881411
vt 0.655243 0.633344
vt 0.669083 0.577625
vt 0.705658 0.874713
vt 0.709265 0.870126
vt 0.695429 0.904376
vt 0.711937 0.864901
vt 0.697750 0.907469
vt 0.679371 0.883098
vt 0.685067 0.883648
vt 0.690757 0.883040
vt 0.657374 0.791896
vt 0.656977 0.709229
vt 0.659982 0.786476
vt 0.659637 0.714622
vt 0.662863 0.782513
vt 0.672612 0.907598
vt 0.671180 0.911221
vt 0.656330 0.859531
vt 0.670704 0.915104
vt 0.671217 0.918982
vt 0.689197 0.728004
vt 0.695117 0.726255
vt 0.695348 0.774479
vt 0.699218 0.911077
vt 0.713571 0.859237
vt 0.700809 0.777417
vt 0.696201 0.584983
vt 0.697634 0.581359
vt 0.712484 0.633050
vt 0.698110 0.577476
vt 0.697597 0.573598
vt 0.654711 0.639227
vt 0.654995 0.698458
vt 0.655413 0.703395
vt 0.685296 0.728432
vt 0.681396 0.732659
vt 0.713575 0.798345
vt 0.712080 0.792175
vt 0.709019 0.714125
vt 0.709366 0.786466
vt 0.705253 0.719158
vt 0.700549 0.723262
vt 0.714103 0.853353
vt 0.713858 0.802387
vt 0.663854 0.720449
vt 0.664783 0.722981
vt 0.665027 0.725190
vt 0.655867 0.797746
vt 0.655496 0.802687
vt 0.655741 0.853653
vt 0.705552 0.781473
vt 0.713358 0.698159
vt 0.713073 0.638928
vt 0.665027 0.725199
vt 0.665270 0.775854
vt 0.711678 0.708388
vt 0.713113 0.702203
vt 0.662551 0.718549
vt 0.000000 0.000000
vt 0.663543 0.719902
vt 0.665144 0.777546
vt 0.665025 0.778168
vt 0.664095 0.780699
vt 0.681567 0.768217
vt 0.684736 0.772304
vt 0.683476 0.771770
vt 0.682458 0.770835
vt 0.689412 0.772791
vt 0.685508 0.772404
vt 0.681796 0.769604
vt 0.682798 0.729450
vt 0.683964 0.728721
vt 0.681933 0.730536
vt 0.681463 0.731858
vt 0.748742 0.487709
vt 0.749054 0.035673
vt 0.089984 0.518513
vt 0.098010 0.970696
vt 0.089868 0.518522
vt 0.090335 0.970944
vt 0.073259 0.971496
vt 0.066498 0.520493
vt 0.067037 0.972106
vt 0.065533 0.520575
vt 0.049844 0.973794
vt 0.044637 0.523755
vt 0.045175 0.974613
vt 0.042728 0.524045
vt 0.025113 0.528173
vt 0.028751 0.977494
vt 0.550119 0.985711
vt 0.544514 0.515742
vt 0.547890 0.515778
vt 0.025585 0.978370
vt 0.022527 0.528779
vt 0.552240 0.985660
vt 0.568839 0.985364
vt 0.563588 0.515944
vt 0.566507 0.515959
vt 0.572295 0.985303
vt 0.590079 0.985070
vt 0.585580 0.516055
vt 0.587702 0.516056
vt 0.594998 0.985005
vt 0.613026 0.984838
vt 0.610670 0.516066
vt 0.609566 0.516070
vt 0.619393 0.984779
vt 0.285480 0.658093
vt 0.488992 0.761301
vt 0.482917 0.761671
vt 0.401375 0.762450
vt 0.517184 0.753092
vt 0.514771 0.755632
vt 0.518063 0.749643
vt 0.512765 0.756439
vt 0.495007 0.760309
vt 0.291109 0.682278
vt 0.333862 0.740731
vt 0.315819 0.724484
vt 0.301366 0.704723
vt 0.377558 0.760121
vt 0.354734 0.752779
vt 0.886131 0.519206
vt 0.956780 0.515922
vt 0.985324 0.521114
vt 0.986976 0.523997
vt 0.982664 0.519661
vt 0.987285 0.526185
vt 0.967261 0.516681
vt 0.962045 0.515990
vt 0.787216 0.621643
vt 0.793239 0.597560
vt 0.803184 0.575288
vt 0.816633 0.555763
vt 0.833020 0.539807
vt 0.851656 0.528090
vt 0.871758 0.521107
vt 0.747772 0.515317
vt 0.750023 0.984170
vt 0.729888 0.515476
vt 0.732139 0.984200
vt 0.723395 0.515526
vt 0.725646 0.984218
vt 0.754513 0.984170
vt 0.751131 0.515284
vt 0.222357 0.968377
vt 0.221279 0.516828
vt 0.222357 0.516556
vt 0.752132 0.515268
vt 0.755147 0.984169
vt 0.757632 0.034876
vt 0.757632 0.486530
vt 0.754385 0.487346
vt 0.753888 0.035431
vt 0.753686 0.487391
vt 0.752646 0.035615
vt 0.283001 0.641990
vt 0.283858 0.658359
vt 0.282806 0.642001
vt 0.114156 0.973526
vt 0.114106 0.974465
vt 0.098033 0.974187
vt 0.114082 0.974923
vt 0.114197 0.971992
vt 0.114176 0.972771
vt 0.098002 0.972477
vt 0.073321 0.973271
vt 0.049974 0.975559
vt 0.028944 0.979246
vt 0.563782 0.514201
vt 0.585711 0.514314
vt 0.544761 0.513996
vt 0.289571 0.682891
vt 0.299978 0.705657
vt 0.314641 0.725700
vt 0.332944 0.742177
vt 0.354115 0.754396
vt 0.377266 0.761842
vt 0.073548 0.974970
vt 0.050387 0.977236
vt 0.029523 0.980889
vt 0.011835 0.985777
vt 0.011113 0.984176
vt 0.564324 0.512716
vt 0.586080 0.512831
vt 0.609806 0.512849
vt 0.609627 0.514330
vt 0.401423 0.764204
vt 0.401466 0.764712
vt 0.377108 0.763343
vt 0.353679 0.755807
vt 0.332253 0.743443
vt 0.313730 0.726769
vt 0.298890 0.706486
vt 0.288357 0.683447
vt 0.073906 0.976336
vt 0.098100 0.975567
vt 0.281806 0.642054
vt 0.401554 0.765732
vt 0.634504 0.512769
vt 0.634517 0.513758
vt 0.634524 0.514250
vt 0.716811 0.513293
vt 0.483220 0.765732
vt 0.483001 0.763972
vt 0.723315 0.513254
vt 0.489668 0.765339
vt 0.489290 0.763588
vt 0.729748 0.513203
vt 0.496053 0.764287
vt 0.495518 0.762562
vt 0.513276 0.758693
vt 0.513811 0.760417
vt 0.747632 0.513044
vt 0.519780 0.749652
vt 0.520346 0.749654
vt 0.519164 0.754246
vt 0.750805 0.513010
vt 0.515945 0.757622
vt 0.754153 0.489396
vt 0.754606 0.512935
vt 0.755147 0.515217
vt 0.516969 0.759151
vt 0.521262 0.749690
vt 0.520778 0.755157
vt 0.748799 0.489250
vt 0.748818 0.489758
vt 0.522178 0.749727
vt 0.642527 0.489159
vt 0.522288 0.639887
vt 0.521138 0.639793
vt 0.519578 0.639737
vt 0.885794 0.516941
vt 0.885956 0.517451
vt 0.871377 0.519379
vt 0.782356 0.620817
vt 0.780444 0.645324
vt 0.780234 0.645312
vt 0.781525 0.645386
vt 0.783906 0.621059
vt 0.782004 0.645397
vt 0.782991 0.645420
vt 0.785612 0.621350
vt 0.783717 0.645415
vt 0.784467 0.645410
vt 0.636790 0.986899
vt 0.636786 0.987886
vt 0.619582 0.987996
vt 0.870714 0.517869
vt 0.885468 0.515918
vt 0.619448 0.986517
vt 0.636791 0.986407
vt 0.595124 0.986744
vt 0.572487 0.987043
vt 0.552489 0.987402
vt 0.850989 0.526462
vt 0.832085 0.538344
vt 0.815461 0.554527
vt 0.801817 0.574330
vt 0.850080 0.525036
vt 0.830949 0.537060
vt 0.814124 0.553436
vt 0.800313 0.573476
vt 0.595451 0.988222
vt 0.572993 0.988521
vt 0.829781 0.536146
vt 0.812820 0.552653
vt 0.798897 0.572854
vt 0.065613 0.518995
vt 0.042875 0.522461
vt 0.788598 0.595898
vt 0.790097 0.596337
vt 0.791726 0.596921
vt 0.022734 0.527186
vt 0.089994 0.516933
vt 0.113803 0.516556
vt 0.956475 0.513620
vt 0.719072 0.988194
vt 0.719084 0.986519
vt 0.725588 0.986491
vt 0.732021 0.986474
vt 0.725416 0.988167
vt 0.731691 0.988151
vt 0.961926 0.513689
vt 0.967326 0.514405
vt 0.982729 0.517385
vt 0.749575 0.988121
vt 0.749905 0.986444
vt 0.754746 0.986449
vt 0.752531 0.033250
vt 0.988490 0.526091
vt 0.988473 0.523146
vt 0.988887 0.526060
vt 0.749270 0.031230
vt 0.752142 0.031198
vt 0.749202 0.032264
vt 0.749134 0.033297
vt 0.749114 0.033886
vt 0.757238 0.032561
vt 0.756120 0.030627
vt 0.986269 0.519313
vt 0.753667 0.988132
vt 0.988887 0.635886
vt 0.643004 0.026978
vt 0.642909 0.028334
vt 0.642844 0.030035
vt 0.252713 0.840550
vt 0.252130 0.869972
vt 0.249214 0.840398
vt 0.248381 0.869809
vt 0.258764 0.516558
vt 0.259065 0.545999
vt 0.255693 0.516693
vt 0.255774 0.546143
vt 0.252084 0.516693
vt 0.251908 0.546143
vt 0.248905 0.516558
vt 0.248501 0.545999
vt 0.258483 0.786394
vt 0.259041 0.815837
vt 0.255156 0.786525
vt 0.255476 0.815978
vt 0.251574 0.786525
vt 0.251638 0.815978
vt 0.248697 0.786394
vt 0.248556 0.815837
vt 0.258734 0.678462
vt 0.259073 0.707918
vt 0.255625 0.678580
vt 0.255741 0.708044
vt 0.252014 0.678580
vt 0.251873 0.708044
vt 0.248871 0.678462
vt 0.248505 0.707918
vt 0.258704 0.840363
vt 0.258549 0.869771
vt 0.256187 0.840538
vt 0.255852 0.869958
vt 0.510619 0.891623
vt 0.508813 0.888394
vt 0.508813 0.884665
vt 0.520482 0.881435
vt 0.522288 0.884664
vt 0.522288 0.888393
vt 0.513745 0.879570
vt 0.517356 0.879570
vt 0.517356 0.893488
vt 0.513745 0.893488
vt 0.510619 0.881435
vt 0.520482 0.891623
vt 0.516297 0.788877
vt 0.515714 0.818299
vt 0.512798 0.788725
vt 0.511965 0.818136
vt 0.248827 0.601542
vt 0.248526 0.572101
vt 0.251898 0.601408
vt 0.251817 0.571957
vt 0.255507 0.601408
vt 0.255683 0.571957
vt 0.258686 0.601542
vt 0.259089 0.572102
vt 0.258483 0.732424
vt 0.259041 0.761867
vt 0.255156 0.732556
vt 0.255476 0.762008
vt 0.251574 0.732556
vt 0.251638 0.762008
vt 0.248697 0.732424
vt 0.248556 0.761867
vt 0.248856 0.655504
vt 0.248517 0.626049
vt 0.251966 0.655387
vt 0.251850 0.625923
vt 0.255577 0.655387
vt 0.255718 0.625923
vt 0.258720 0.655504
vt 0.259086 0.626049
vt 0.522288 0.788690
vt 0.522133 0.818098
vt 0.519771 0.788865
vt 0.519436 0.818285
vt 0.510619 0.854748
vt 0.508813 0.851518
vt 0.508813 0.847789
vt 0.520482 0.844560
vt 0.522288 0.847789
vt 0.522288 0.851518
vt 0.513745 0.842695
vt 0.517356 0.842695
vt 0.517356 0.856612
vt 0.513745 0.856612
vt 0.510619 0.844560
vt 0.520482 0.854748
vt 0.401103 0.921525
vt 0.401095 0.920904
vt 0.429861 0.920986
vt 0.401399 0.872099
vt 0.401345 0.867950
vt 0.430137 0.868280
vt 0.401514 0.875837
vt 0.430345 0.876938
vt 0.401526 0.900195
vt 0.430219 0.901762
vt 0.401463 0.901292
vt 0.429861 0.911076
vt 0.401150 0.908258
vt 0.401306 0.904038
vt 0.401046 0.917173
vt 0.401062 0.912693
vt 0.401100 0.910793
vt 0.401676 0.932204
vt 0.401460 0.929618
vt 0.430219 0.929528
vt 0.401425 0.929188
vt 0.401231 0.925582
vt 0.348894 0.790139
vt 0.377892 0.788690
vt 0.348677 0.793234
vt 0.377393 0.795247
vt 0.348599 0.794805
vt 0.348495 0.796902
vt 0.377097 0.804401
vt 0.348358 0.801003
vt 0.348254 0.814280
vt 0.348235 0.809862
vt 0.377061 0.814340
vt 0.348270 0.805379
vt 0.348296 0.804130
vt 0.348853 0.871355
vt 0.377660 0.871414
vt 0.453758 0.902441
vt 0.453943 0.899517
vt 0.454789 0.902438
vt 0.482844 0.898415
vt 0.454670 0.905650
vt 0.482421 0.905618
vt 0.454593 0.907720
vt 0.454503 0.914836
vt 0.482270 0.915086
vt 0.454507 0.915218
vt 0.453627 0.925308
vt 0.453524 0.921101
vt 0.454555 0.921092
vt 0.482421 0.924943
vt 0.349177 0.881950
vt 0.349095 0.880251
vt 0.377892 0.880169
vt 0.349027 0.878834
vt 0.348918 0.875261
vt 0.401424 0.794037
vt 0.401576 0.791739
vt 0.430345 0.792383
vt 0.401770 0.788793
vt 0.482844 0.933237
vt 0.453878 0.931086
vt 0.453631 0.925439
vt 0.401178 0.800129
vt 0.429942 0.801612
vt 0.401160 0.801058
vt 0.401052 0.806582
vt 0.429834 0.811539
vt 0.401042 0.811208
vt 0.782001 0.878675
vt 0.779858 0.868975
vt 0.820999 0.878674
vt 0.806316 0.787946
vt 0.814994 0.792263
vt 0.820999 0.800042
vt 0.796684 0.890771
vt 0.788006 0.886454
vt 0.806316 0.890771
vt 0.814994 0.886454
vt 0.782001 0.800043
vt 0.788006 0.792263
vt 0.796684 0.787946
vt 0.779858 0.809743
vt 0.823142 0.809742
vt 0.823142 0.868974
vt 0.846290 0.908262
vt 0.846293 0.907631
vt 0.875087 0.907483
vt 0.454154 0.868325
vt 0.454078 0.864142
vt 0.482885 0.864171
vt 0.454280 0.872112
vt 0.483126 0.872926
vt 0.454329 0.873039
vt 0.875238 0.898015
vt 0.846528 0.895807
vt 0.875661 0.890812
vt 0.846715 0.892517
vt 0.454451 0.875358
vt 0.846312 0.903834
vt 0.846392 0.899628
vt 0.846450 0.897991
vt 0.846577 0.921180
vt 0.846447 0.917686
vt 0.875238 0.917341
vt 0.846425 0.917106
vt 0.846329 0.912744
vt 0.846777 0.924811
vt 0.875661 0.925635
vt 0.846908 0.788272
vt 0.875584 0.790564
vt 0.846809 0.789866
vt 0.846677 0.791991
vt 0.875187 0.799794
vt 0.846494 0.796127
vt 0.846291 0.809407
vt 0.846298 0.805005
vt 0.875084 0.809720
vt 0.846366 0.800521
vt 0.846403 0.799267
vt 0.846580 0.858231
vt 0.875372 0.858544
vt 0.355490 0.906118
vt 0.359369 0.906004
vt 0.355490 0.907182
vt 0.359282 0.935721
vt 0.350935 0.907444
vt 0.351012 0.936086
vt 0.350638 0.907461
vt 0.455346 0.788994
vt 0.483126 0.789410
vt 0.482634 0.795967
vt 0.454970 0.793599
vt 0.454874 0.795627
vt 0.453583 0.802643
vt 0.453696 0.798750
vt 0.454727 0.798775
vt 0.482346 0.805122
vt 0.846641 0.862579
vt 0.875584 0.867202
vt 0.846804 0.867022
vt 0.846832 0.867769
vt 0.377640 0.906343
vt 0.377892 0.936101
vt 0.368875 0.935726
vt 0.371878 0.906079
vt 0.359490 0.906001
vt 0.365663 0.905962
vt 0.369155 0.906028
vt 0.453513 0.815032
vt 0.453490 0.810922
vt 0.482320 0.815061
vt 0.453514 0.806745
vt 0.453545 0.804880
vt 0.283949 0.871154
vt 0.281806 0.861454
vt 0.322947 0.871154
vt 0.322947 0.800786
vt 0.325090 0.810486
vt 0.283949 0.800786
vt 0.281806 0.810487
vt 0.325090 0.861453
vt 0.308264 0.788690
vt 0.316941 0.793007
vt 0.298632 0.788690
vt 0.289954 0.793007
vt 0.298632 0.883250
vt 0.289954 0.878933
vt 0.308264 0.883250
vt 0.316941 0.878933
vt 0.678679 0.721644
vt 0.679090 0.721742
vt 0.676750 0.723766
vt 0.673652 0.770230
vt 0.673918 0.772059
vt 0.673361 0.775794
vt 0.676210 0.724233
vt 0.674798 0.726539
vt 0.673118 0.725159
vt 0.674396 0.727195
vt 0.672761 0.722188
vt 0.672561 0.720513
vt 0.672054 0.718822
vt 0.674196 0.727521
vt 0.673449 0.730492
vt 0.673259 0.731244
vt 0.673540 0.769458
vt 0.674605 0.773498
vt 0.674939 0.774198
vt 0.673304 0.777563
vt 0.675577 0.775535
vt 0.672781 0.780095
vt 0.676896 0.776949
vt 0.672358 0.782142
vt 0.678187 0.778333
vt 0.678956 0.779252
vt 0.679366 0.779149
vt 0.673250 0.731282
vt 0.673191 0.732714
vt 0.673362 0.768238
vt 0.454541 0.921072
vt 0.453509 0.920322
vt 0.453490 0.919551
vt 0.354089 0.906165
vt 0.354803 0.906144
vt 0.355473 0.907169
vt 0.454714 0.798753
vt 0.453696 0.798749
vt 0.454152 0.797786
vt 0.453730 0.797924
vt 0.453762 0.797076
vt 0.301990 0.907428
vt 0.302004 0.908077
vt 0.301586 0.907993
vt 0.302022 0.908755
vt 0.301008 0.908820
vt 0.680432 0.565628
vt 0.683512 0.569095
vt 0.679426 0.570248
vt 0.676445 0.573358
vt 0.675084 0.568854
vt 0.677553 0.566878
vt 0.675369 0.577590
vt 0.672014 0.574411
vt 0.673195 0.571424
vt 0.676486 0.581811
vt 0.672045 0.580808
vt 0.671622 0.577612
vt 0.679496 0.584890
vt 0.675168 0.586333
vt 0.673255 0.583783
vt 0.683593 0.586002
vt 0.680547 0.589504
vt 0.677656 0.588284
vt 0.687679 0.584848
vt 0.686740 0.589472
vt 0.683646 0.589909
vt 0.690660 0.581739
vt 0.692088 0.586246
vt 0.689620 0.588223
vt 0.691736 0.577506
vt 0.695158 0.580690
vt 0.693977 0.583677
vt 0.690619 0.573285
vt 0.695127 0.574292
vt 0.695550 0.577489
vt 0.687609 0.570207
vt 0.692004 0.568767
vt 0.693918 0.571317
vt 0.683527 0.565191
vt 0.686625 0.565596
vt 0.689517 0.566816
vt 0.683802 0.779028
vt 0.683189 0.778926
vt 0.684168 0.774874
vt 0.682576 0.778842
vt 0.683352 0.774531
vt 0.684538 0.779129
vt 0.685424 0.775036
vt 0.685274 0.779177
vt 0.681834 0.778653
vt 0.680570 0.778331
vt 0.682112 0.774009
vt 0.680008 0.778034
vt 0.678501 0.776946
vt 0.681291 0.773261
vt 0.678292 0.776735
vt 0.680445 0.772491
vt 0.677187 0.775615
vt 0.680008 0.771688
vt 0.674747 0.770561
vt 0.679161 0.769362
vt 0.679354 0.770487
vt 0.676113 0.774090
vt 0.676105 0.774079
vt 0.675285 0.772378
vt 0.674497 0.768239
vt 0.678965 0.768218
vt 0.674509 0.768677
vt 0.674698 0.770168
vt 0.674326 0.732703
vt 0.678794 0.732683
vt 0.711299 0.802400
vt 0.707250 0.802418
vt 0.711040 0.798711
vt 0.706747 0.797636
vt 0.709676 0.793080
vt 0.705659 0.794584
vt 0.707199 0.787870
vt 0.704538 0.791440
vt 0.703718 0.783312
vt 0.689687 0.779759
vt 0.688988 0.775389
vt 0.692821 0.781004
vt 0.694405 0.776930
vt 0.695653 0.782130
vt 0.699390 0.779611
vt 0.700738 0.786130
vt 0.700800 0.786216
vt 0.683197 0.721878
vt 0.684086 0.726037
vt 0.682915 0.721927
vt 0.683016 0.726268
vt 0.682303 0.722018
vt 0.681112 0.722245
vt 0.679743 0.722852
vt 0.681864 0.726984
vt 0.679388 0.723114
vt 0.678246 0.723956
vt 0.681114 0.727450
vt 0.676945 0.725300
vt 0.680386 0.728354
vt 0.676875 0.725403
vt 0.675878 0.726848
vt 0.679692 0.729216
vt 0.675074 0.728556
vt 0.679219 0.730524
vt 0.674929 0.729063
vt 0.674554 0.730379
vt 0.678913 0.731371
vt 0.674334 0.732265
vt 0.684998 0.721655
vt 0.685188 0.725799
vt 0.684262 0.721711
vt 0.683527 0.721820
vt 0.707494 0.853384
vt 0.711543 0.853366
vt 0.688748 0.725409
vt 0.689405 0.721028
vt 0.694150 0.723813
vt 0.692527 0.719750
vt 0.699108 0.721081
vt 0.695348 0.718596
vt 0.703402 0.717336
vt 0.706749 0.698190
vt 0.710798 0.698171
vt 0.706293 0.702977
vt 0.710575 0.701862
vt 0.705234 0.706040
vt 0.709265 0.707507
vt 0.704143 0.709195
vt 0.706838 0.712743
vt 0.700455 0.714458
vt 0.700395 0.714544
vt 0.707082 0.857945
vt 0.711057 0.858736
vt 0.705816 0.862335
vt 0.709567 0.863904
vt 0.703745 0.866385
vt 0.707128 0.868673
vt 0.700949 0.869940
vt 0.703837 0.872859
vt 0.697535 0.872864
vt 0.699817 0.876301
vt 0.693635 0.875043
vt 0.695225 0.878867
vt 0.689398 0.876395
vt 0.690237 0.880458
vt 0.684988 0.876866
vt 0.685044 0.881014
vt 0.680573 0.876440
vt 0.679846 0.880512
vt 0.676324 0.875132
vt 0.674842 0.878972
vt 0.672403 0.872993
vt 0.670226 0.876453
vt 0.668961 0.870105
vt 0.666174 0.873053
vt 0.666131 0.866578
vt 0.662841 0.868901
vt 0.664022 0.862549
vt 0.660358 0.864157
vt 0.662713 0.858173
vt 0.658817 0.859004
vt 0.662257 0.853617
vt 0.658280 0.853639
vt 0.706465 0.638959
vt 0.710514 0.638940
vt 0.662012 0.802650
vt 0.658035 0.802673
vt 0.661227 0.639191
vt 0.657250 0.639214
vt 0.661640 0.634630
vt 0.657736 0.633844
vt 0.662906 0.630240
vt 0.659227 0.628675
vt 0.664977 0.626190
vt 0.661665 0.623906
vt 0.667773 0.622635
vt 0.664957 0.619720
vt 0.671186 0.619712
vt 0.668976 0.616278
vt 0.675086 0.617532
vt 0.673568 0.613712
vt 0.679323 0.616181
vt 0.678557 0.612121
vt 0.683734 0.615709
vt 0.683750 0.611566
vt 0.688148 0.616135
vt 0.688948 0.612068
vt 0.692398 0.617443
vt 0.693951 0.613608
vt 0.696319 0.619582
vt 0.698568 0.616126
vt 0.699760 0.622471
vt 0.702620 0.619527
vt 0.702590 0.625997
vt 0.705952 0.623679
vt 0.704700 0.630026
vt 0.708436 0.628422
vt 0.706008 0.634403
vt 0.709976 0.633576
vt 0.662129 0.787879
vt 0.664759 0.784262
vt 0.667723 0.787014
vt 0.662369 0.798400
vt 0.658373 0.798164
vt 0.663468 0.794287
vt 0.659749 0.792825
vt 0.665271 0.790452
vt 0.667718 0.787019
vt 0.661512 0.698422
vt 0.657534 0.698445
vt 0.669189 0.785070
vt 0.666332 0.781966
vt 0.669601 0.784525
vt 0.670076 0.783900
vt 0.668273 0.786339
vt 0.668792 0.785630
vt 0.671118 0.781936
vt 0.666953 0.780301
vt 0.671228 0.781727
vt 0.667526 0.778764
vt 0.671834 0.779597
vt 0.667680 0.777977
vt 0.672168 0.777404
vt 0.667851 0.775831
vt 0.672238 0.775806
vt 0.657916 0.702950
vt 0.661909 0.702669
vt 0.659343 0.708274
vt 0.663047 0.706770
vt 0.661771 0.713197
vt 0.664887 0.710587
vt 0.664435 0.716785
vt 0.667368 0.713994
vt 0.671994 0.725160
vt 0.667607 0.725185
vt 0.670648 0.718571
vt 0.666666 0.720723
vt 0.666092 0.719181
vt 0.668454 0.715372
vt 0.668857 0.715928
vt 0.665696 0.718492
vt 0.669274 0.716469
vt 0.670210 0.717757
vt 0.667929 0.714669
vt 0.667372 0.713999
vt 0.671989 0.724833
vt 0.667285 0.722385
vt 0.670838 0.719030
vt 0.670928 0.719249
vt 0.671684 0.721996
vt 0.682053 0.903107
vt 0.685133 0.906574
vt 0.681046 0.907728
vt 0.678066 0.910837
vt 0.676705 0.906333
vt 0.679174 0.904357
vt 0.676990 0.915069
vt 0.673635 0.911890
vt 0.674816 0.908903
vt 0.678107 0.919290
vt 0.673666 0.918287
vt 0.673243 0.915091
vt 0.681117 0.922369
vt 0.676789 0.923812
vt 0.674876 0.921262
vt 0.685214 0.923481
vt 0.682168 0.926983
vt 0.679276 0.925763
vt 0.689300 0.922327
vt 0.688361 0.926951
vt 0.685266 0.927388
vt 0.692280 0.919218
vt 0.693709 0.923725
vt 0.691240 0.925702
vt 0.693356 0.914985
vt 0.696779 0.918169
vt 0.695598 0.921156
vt 0.692240 0.910764
vt 0.696748 0.911771
vt 0.697171 0.914968
vt 0.689230 0.907686
vt 0.693625 0.906246
vt 0.695538 0.908796
vt 0.685148 0.902670
vt 0.688246 0.903075
vt 0.691138 0.904295
vt 0.666385 0.725187
vt 0.666099 0.722668
vt 0.663514 0.717649
vt 0.662980 0.718149
vt 0.663508 0.717654
vt 0.664675 0.719163
vt 0.665031 0.719784
vt 0.666628 0.775842
vt 0.666385 0.725191
vt 0.666636 0.775842
vt 0.666393 0.725191
vt 0.660765 0.713871
vt 0.658227 0.708726
vt 0.656736 0.703161
vt 0.656337 0.698451
vt 0.656329 0.698451
vt 0.665271 0.781364
vt 0.663860 0.783431
vt 0.666341 0.778481
vt 0.666478 0.777772
vt 0.656045 0.639220
vt 0.661111 0.787211
vt 0.658622 0.792384
vt 0.657184 0.797965
vt 0.656830 0.802680
vt 0.656553 0.633606
vt 0.658111 0.628202
vt 0.660661 0.623216
vt 0.664102 0.618839
vt 0.668305 0.615240
vt 0.673106 0.612557
vt 0.678322 0.610894
vt 0.683751 0.610313
vt 0.689186 0.610838
vt 0.694417 0.612448
vt 0.699244 0.615081
vt 0.703481 0.618637
vt 0.706965 0.622978
vt 0.709562 0.627938
vt 0.711172 0.633326
vt 0.711734 0.638934
vt 0.657075 0.853646
vt 0.712019 0.698165
vt 0.712027 0.698165
vt 0.712764 0.853360
vt 0.712256 0.858974
vt 0.710697 0.864378
vt 0.708148 0.869365
vt 0.704706 0.873741
vt 0.700504 0.877340
vt 0.695702 0.880023
vt 0.690487 0.881687
vt 0.685057 0.882267
vt 0.679623 0.881742
vt 0.674391 0.880132
vt 0.669564 0.877499
vt 0.665328 0.873943
vt 0.661844 0.869602
vt 0.659247 0.864643
vt 0.657637 0.859255
vt 0.685273 0.727835
vt 0.685243 0.727104
vt 0.688965 0.726652
vt 0.685243 0.727104
vt 0.711793 0.702026
vt 0.710423 0.707929
vt 0.707885 0.713405
vt 0.704291 0.718208
vt 0.699801 0.722126
vt 0.694616 0.724983
vt 0.712511 0.802394
vt 0.712519 0.802394
vt 0.680643 0.732666
vt 0.680135 0.731604
vt 0.680766 0.729848
vt 0.681923 0.728407
vt 0.683472 0.727443
vt 0.680076 0.732671
vt 0.680061 0.732671
vt 0.712241 0.798538
vt 0.710815 0.792652
vt 0.708226 0.787206
vt 0.704588 0.782443
vt 0.700063 0.778574
vt 0.694854 0.775772
vt 0.689191 0.774161
vt 0.685467 0.773784
vt 0.685467 0.773791
vt 0.680196 0.768218
vt 0.680203 0.768218
vt 0.684441 0.773652
vt 0.682764 0.772945
vt 0.681405 0.771704
vt 0.680517 0.770068
vt 0.687067 0.590681
vt 0.683659 0.591163
vt 0.680247 0.590716
vt 0.677062 0.589373
vt 0.674322 0.587224
vt 0.672215 0.584415
vt 0.670883 0.581139
vt 0.670417 0.577618
vt 0.670849 0.574093
vt 0.672150 0.570803
vt 0.674230 0.567973
vt 0.676949 0.565796
vt 0.680120 0.564420
vt 0.683528 0.563939
vt 0.686941 0.564385
vt 0.690126 0.565728
vt 0.692865 0.567878
vt 0.694973 0.570686
vt 0.696305 0.573962
vt 0.696771 0.577483
vt 0.696339 0.581008
vt 0.695038 0.584298
vt 0.692958 0.587128
vt 0.690239 0.589305
vt 0.688688 0.928160
vt 0.685280 0.928642
vt 0.681867 0.928195
vt 0.678683 0.926852
vt 0.675943 0.924703
vt 0.673836 0.921894
vt 0.672504 0.918618
vt 0.672038 0.915097
vt 0.672470 0.911572
vt 0.673770 0.908282
vt 0.675851 0.905452
vt 0.678570 0.903275
vt 0.681741 0.901899
vt 0.685149 0.901418
vt 0.688562 0.901864
vt 0.691747 0.903207
vt 0.694486 0.905357
vt 0.696594 0.908165
vt 0.697926 0.911441
vt 0.698392 0.914962
vt 0.697959 0.918487
vt 0.696659 0.921777
vt 0.694578 0.924607
vt 0.691860 0.926784
vt 0.454146 0.795159
vt 0.454184 0.793364
vt 0.454588 0.793545
vt 0.355469 0.907177
vt 0.353969 0.906856
vt 0.350589 0.907065
vt 0.353655 0.906789
vt 0.325090 0.906208
vt 0.325090 0.910339
vt 0.324911 0.907132
vt 0.278782 0.908950
vt 0.278364 0.907441
vt 0.278782 0.906208
vt 0.509229 0.916445
vt 0.509229 0.918501
vt 0.508813 0.916614
vt 0.324761 0.907614
vt 0.324801 0.907488
vt 0.679141 0.780032
vt 0.679048 0.779633
vt 0.680445 0.779313
vt 0.670659 0.784351
vt 0.670779 0.784195
vt 0.672489 0.783005
vt 0.671588 0.783143
vt 0.672277 0.782659
vt 0.671840 0.782816
vt 0.672141 0.782424
vt 0.454722 0.798749
vt 0.454526 0.797630
vt 0.454420 0.796990
vt 0.248366 0.894368
vt 0.248366 0.898662
vt 0.248143 0.897249
vt 0.248007 0.896656
vt 0.454966 0.788925
vt 0.454566 0.788690
vt 0.454029 0.905080
vt 0.454341 0.903973
vt 0.454210 0.907691
vt 0.679978 0.721598
vt 0.678767 0.721262
vt 0.680167 0.721567
vt 0.681311 0.721381
vt 0.678857 0.720862
vt 0.681469 0.721356
vt 0.453775 0.917544
vt 0.453709 0.914805
vt 0.454120 0.914830
vt 0.822966 0.916469
vt 0.823142 0.913729
vt 0.823142 0.916941
vt 0.454549 0.921067
vt 0.454149 0.919324
vt 0.454065 0.918959
vt 0.453864 0.918030
vt 0.454783 0.902460
vt 0.454497 0.903416
vt 0.671834 0.718542
vt 0.671408 0.717998
vt 0.671968 0.718305
vt 0.671275 0.717829
vt 0.672176 0.717957
vt 0.670334 0.716630
vt 0.453800 0.907582
vt 0.453921 0.905522
vt 0.800740 0.916618
vt 0.800569 0.914272
vt 0.800740 0.913729
vt 0.301400 0.907926
vt 0.302088 0.906975
vt 0.302160 0.906520
vt 0.302031 0.906459
vt 0.453599 0.904741
vt 0.454318 0.903317
vt 0.454778 0.902458
vt 0.800740 0.940359
vt 0.800602 0.940653
vt 0.800526 0.940257
vt 0.800740 0.939576
vt 0.670398 0.717605
vt 0.669963 0.716563
vt 0.670944 0.718060
vt 0.670592 0.718094
vt 0.671487 0.719035
vt 0.671017 0.719213
vt 0.670759 0.718511
vt 0.671495 0.719033
vt 0.301008 0.932682
vt 0.301455 0.931778
vt 0.301455 0.932997
vt 0.453928 0.905494
vt 0.453535 0.905130
vt 0.672053 0.724831
vt 0.671801 0.722352
vt 0.672317 0.722267
vt 0.671763 0.721979
vt 0.672057 0.725159
vt 0.672567 0.725159
vt 0.672771 0.725159
vt 0.454340 0.797702
vt 0.454718 0.798751
vt 0.453676 0.796472
vt 0.453745 0.795830
vt 0.453764 0.795825
vt 0.454211 0.795718
vt 0.673014 0.775798
vt 0.672567 0.725159
vt 0.672810 0.775800
vt 0.672300 0.775805
vt 0.671358 0.782733
vt 0.670953 0.782657
vt 0.671318 0.781762
vt 0.670334 0.784173
vt 0.897810 0.838843
vt 0.898019 0.837183
vt 0.898019 0.838893
vt 0.671798 0.781937
vt 0.671790 0.781934
vt 0.670420 0.784240
vt 0.898253 0.915286
vt 0.898253 0.916687
vt 0.897886 0.915502
vt 0.898084 0.940360
vt 0.897886 0.939712
vt 0.898084 0.939645
vt 0.453725 0.795116
vt 0.672344 0.779990
vt 0.671915 0.779617
vt 0.672239 0.777411
vt 0.671844 0.779872
vt 0.897810 0.789653
vt 0.898172 0.787946
vt 0.898172 0.789848
vt 0.352987 0.906142
vt 0.353035 0.906003
vt 0.353775 0.906434
vt 0.353562 0.906070
vt 0.353909 0.906133
vt 0.352853 0.906631
vt 0.352978 0.906166
vt 0.679679 0.778604
vt 0.680515 0.778470
vt 0.681108 0.778709
vt 0.680837 0.779002
vt 0.682318 0.779197
vt 0.898373 0.812806
vt 0.898373 0.814224
vt 0.898200 0.814147
vt 0.679686 0.778592
vt 0.679948 0.778139
vt 0.278125 0.907035
vt 0.897810 0.813843
vt 0.352518 0.906582
vt 0.352669 0.906144
vt 0.673710 0.768238
vt 0.673917 0.768238
vt 0.673991 0.769421
vt 0.677107 0.775687
vt 0.677630 0.776220
vt 0.677235 0.776611
vt 0.678428 0.777035
vt 0.676023 0.774131
vt 0.675347 0.773966
vt 0.675820 0.773707
vt 0.675023 0.773304
vt 0.675517 0.773070
vt 0.674085 0.770159
vt 0.674672 0.770579
vt 0.675203 0.772412
vt 0.674526 0.769369
vt 0.674611 0.770076
vt 0.674442 0.768681
vt 0.674433 0.768239
vt 0.454545 0.921070
vt 0.453732 0.919187
vt 0.453449 0.919362
vt 0.453370 0.918997
vt 0.453407 0.918361
vt 0.453430 0.918348
vt 0.673539 0.732711
vt 0.673746 0.732709
vt 0.673916 0.768238
vt 0.674262 0.732704
vt 0.680590 0.722238
vt 0.679682 0.722747
vt 0.680317 0.721955
vt 0.679416 0.722297
vt 0.453358 0.917742
vt 0.453160 0.917926
vt 0.453208 0.916440
vt 0.452996 0.917206
vt 0.681064 0.721971
vt 0.679408 0.722285
vt 0.897810 0.866504
vt 0.898182 0.866340
vt 0.898182 0.867854
vt 0.898230 0.890812
vt 0.898230 0.892328
vt 0.897886 0.891215
vt 0.674267 0.732262
vt 0.673746 0.732709
vt 0.674368 0.731361
vt 0.673831 0.731304
vt 0.673931 0.730566
vt 0.674479 0.730362
vt 0.674992 0.728523
vt 0.674895 0.727430
vt 0.675389 0.727669
vt 0.675224 0.726771
vt 0.675795 0.726796
vt 0.676865 0.725229
vt 0.677135 0.724143
vt 0.677527 0.724539
vt 0.678173 0.723867
vt 0.259580 0.570687
vt 0.259225 0.571315
vt 0.255849 0.570529
vt 0.255730 0.571167
vt 0.251615 0.570529
vt 0.251762 0.571167
vt 0.248011 0.570687
vt 0.248385 0.571315
vt 0.511591 0.819558
vt 0.511855 0.818924
vt 0.515696 0.819737
vt 0.515701 0.819091
vt 0.519772 0.819722
vt 0.519520 0.819078
vt 0.683507 0.569627
vt 0.679678 0.570708
vt 0.259584 0.624638
vt 0.259223 0.625263
vt 0.255896 0.624500
vt 0.255767 0.625134
vt 0.251660 0.624500
vt 0.251798 0.625134
vt 0.248011 0.624638
vt 0.248379 0.625263
vt 0.248007 0.763281
vt 0.248409 0.762654
vt 0.251382 0.763436
vt 0.251571 0.762799
vt 0.255585 0.763436
vt 0.255509 0.762799
vt 0.259489 0.763281
vt 0.259168 0.762654
vt 0.522288 0.818886
vt 0.248011 0.547413
vt 0.248366 0.546786
vt 0.251741 0.547571
vt 0.251861 0.546934
vt 0.255976 0.547571
vt 0.255829 0.546934
vt 0.259580 0.547413
vt 0.259205 0.546786
vt 0.248007 0.871231
vt 0.248270 0.870597
vt 0.252112 0.871410
vt 0.252117 0.870764
vt 0.256188 0.871395
vt 0.255936 0.870750
vt 0.685128 0.907106
vt 0.681299 0.908187
vt 0.248007 0.709328
vt 0.248368 0.708703
vt 0.251695 0.709466
vt 0.251824 0.708833
vt 0.255931 0.709466
vt 0.255793 0.708833
vt 0.259580 0.709328
vt 0.259212 0.708703
vt 0.248007 0.817251
vt 0.248409 0.816623
vt 0.251382 0.817405
vt 0.251571 0.816768
vt 0.255585 0.817405
vt 0.255509 0.816768
vt 0.259489 0.817251
vt 0.259168 0.816623
vt 0.258704 0.870559
vt 0.452999 0.920357
vt 0.452603 0.921190
vt 0.452588 0.920443
vt 0.453011 0.921127
vt 0.453014 0.921127
vt 0.452981 0.919595
vt 0.452571 0.919704
vt 0.452927 0.919018
vt 0.452571 0.919375
vt 0.452572 0.919092
vt 0.452610 0.918478
vt 0.452907 0.918441
vt 0.453277 0.918443
vt 0.452712 0.925620
vt 0.453118 0.925491
vt 0.452845 0.928650
vt 0.453367 0.931171
vt 0.452965 0.931388
vt 0.695173 0.718289
vt 0.700144 0.714298
vt 0.400505 0.793896
vt 0.400913 0.793965
vt 0.400666 0.800094
vt 0.400258 0.800017
vt 0.400192 0.803362
vt 0.400539 0.806585
vt 0.400129 0.806609
vt 0.400528 0.811239
vt 0.400118 0.811334
vt 0.400531 0.811239
vt 0.401260 0.788690
vt 0.681084 0.722097
vt 0.682303 0.721723
vt 0.679713 0.722800
vt 0.324859 0.934647
vt 0.324761 0.933783
vt 0.324859 0.933297
vt 0.452847 0.917242
vt 0.400835 0.867980
vt 0.400422 0.868075
vt 0.400551 0.912683
vt 0.347744 0.814313
vt 0.347335 0.814405
vt 0.347316 0.809893
vt 0.347761 0.805359
vt 0.347725 0.809869
vt 0.347849 0.800958
vt 0.347987 0.796832
vt 0.348389 0.790030
vt 0.348170 0.793143
vt 0.400592 0.921566
vt 0.400721 0.925646
vt 0.400915 0.929274
vt 0.401168 0.932308
vt 0.400535 0.917188
vt 0.400639 0.908222
vt 0.400796 0.903977
vt 0.347352 0.805313
vt 0.347442 0.800844
vt 0.347582 0.796655
vt 0.347767 0.792908
vt 0.671374 0.620005
vt 0.675214 0.617859
vt 0.679387 0.616528
vt 0.683730 0.616064
vt 0.400307 0.925825
vt 0.400177 0.921682
vt 0.400118 0.917237
vt 0.400134 0.912662
vt 0.400224 0.908132
vt 0.400384 0.903821
vt 0.400608 0.899896
vt 0.401017 0.900111
vt 0.401005 0.875914
vt 0.400595 0.876131
vt 0.400477 0.872313
vt 0.400889 0.872154
vt 0.347934 0.871480
vt 0.348343 0.871387
vt 0.679978 0.778088
vt 0.667617 0.713756
vt 0.453435 0.899417
vt 0.453250 0.902358
vt 0.665175 0.710400
vt 0.663363 0.706641
vt 0.348519 0.878910
vt 0.348112 0.879118
vt 0.348001 0.875470
vt 0.348409 0.875317
vt 0.348669 0.882045
vt 0.248082 0.923849
vt 0.248007 0.923844
vt 0.248082 0.921620
vt 0.352927 0.905621
vt 0.350801 0.905556
vt 0.352047 0.905403
vt 0.352779 0.905313
vt 0.352734 0.905961
vt 0.351451 0.905782
vt 0.350812 0.905622
vt 0.353348 0.905241
vt 0.353484 0.905612
vt 0.353926 0.905208
vt 0.354046 0.905637
vt 0.668189 0.714442
vt 0.667620 0.713759
vt 0.302517 0.908123
vt 0.302536 0.908796
vt 0.668725 0.715160
vt 0.302503 0.907479
vt 0.354610 0.905187
vt 0.355268 0.905163
vt 0.354752 0.905616
vt 0.355431 0.905591
vt 0.355431 0.905594
vt 0.302536 0.907030
vt 0.302535 0.906572
vt 0.669090 0.715714
vt 0.669466 0.716256
vt 0.706405 0.797711
vt 0.359455 0.905476
vt 0.365663 0.905437
vt 0.377711 0.905820
vt 0.371915 0.905554
vt 0.846326 0.867854
vt 0.846070 0.858261
vt 0.846134 0.862634
vt 0.845719 0.862798
vt 0.845656 0.858356
vt 0.704229 0.791609
vt 0.846072 0.858261
vt 0.377892 0.905393
vt 0.372102 0.905127
vt 0.372007 0.905123
vt 0.365658 0.905003
vt 0.359354 0.905043
vt 0.362666 0.905022
vt 0.670705 0.718540
vt 0.670312 0.717677
vt 0.778103 0.939321
vt 0.778211 0.939294
vt 0.778211 0.940538
vt 0.278125 0.932843
vt 0.278427 0.931908
vt 0.278427 0.933051
vt 0.302233 0.906208
vt 0.845781 0.809437
vt 0.845368 0.809533
vt 0.670973 0.719231
vt 0.845882 0.899573
vt 0.845374 0.805037
vt 0.845856 0.800500
vt 0.845787 0.805010
vt 0.845985 0.796080
vt 0.846169 0.791919
vt 0.846068 0.921251
vt 0.846270 0.924903
vt 0.846401 0.788179
vt 0.845780 0.908258
vt 0.845819 0.912765
vt 0.845916 0.917152
vt 0.845801 0.903803
vt 0.846020 0.895729
vt 0.846208 0.892420
vt 0.845444 0.800457
vt 0.845575 0.795969
vt 0.845762 0.791744
vt 0.845998 0.787946
vt 0.697338 0.872569
vt 0.693497 0.874716
vt 0.845661 0.921433
vt 0.845506 0.917271
vt 0.845407 0.912816
vt 0.845368 0.908239
vt 0.845390 0.903715
vt 0.845472 0.899420
vt 0.845611 0.895517
vt 0.669198 0.869852
vt 0.666411 0.866379
vt 0.664334 0.862412
vt 0.453772 0.872192
vt 0.453366 0.872408
vt 0.453237 0.868540
vt 0.453645 0.868383
vt 0.453159 0.864268
vt 0.453569 0.864175
vt 0.453944 0.875457
vt 0.452594 0.815158
vt 0.453003 0.815065
vt 0.671274 0.781745
vt 0.452571 0.810960
vt 0.452980 0.810931
vt 0.453004 0.806729
vt 0.452595 0.806693
vt 0.452666 0.802503
vt 0.453074 0.802603
vt 0.452781 0.798527
vt 0.453188 0.798687
vt 0.670229 0.784052
vt 0.669795 0.784735
vt 0.453067 0.794879
vt 0.453250 0.795761
vt 0.452957 0.795610
vt 0.453618 0.795871
vt 0.453530 0.795189
vt 0.453269 0.794984
vt 0.778343 0.916335
vt 0.778103 0.916231
vt 0.778343 0.914701
vt 0.778301 0.913729
vt 0.453235 0.796389
vt 0.453252 0.797024
vt 0.452883 0.796248
vt 0.452844 0.796896
vt 0.453221 0.797866
vt 0.453188 0.798683
vt 0.452814 0.797720
vt 0.452781 0.798521
s 0
usemtl Material_001
f 1/1/1 2/2/1 3/3/1
f 4/4/1 5/5/1 6/6/1
f 7/7/1 8/8/1 9/9/1
f 10/10/1 11/11/1 12/12/1
f 6/6/1 13/13/1 14/14/1
f 9/9/1 1/1/1 7/7/1
f 7/7/1 1/1/1 3/3/1
f 7/7/1 3/3/1 15/15/1
f 15/15/1 3/3/1 16/16/1
f 7/7/1 17/17/1 18/18/1
f 19/19/1 20/20/1 21/21/1
f 22/22/1 10/10/1 23/23/1
f 23/23/1 10/10/1 12/12/1
f 23/23/1 12/12/1 7/7/1
f 7/7/1 12/12/1 24/24/1
f 7/7/1 24/24/1 17/17/1
f 25/25/1 4/4/1 26/26/1
f 26/26/1 4/4/1 7/7/1
f 26/26/1 7/7/1 27/27/1
f 27/27/1 7/7/1 18/18/1
f 4/4/1 6/6/1 7/7/1
f 7/7/1 6/6/1 14/14/1
f 7/7/1 14/14/1 28/28/1
f 29/29/1 8/8/1 30/30/1
f 30/30/1 8/8/1 7/7/1
f 30/30/1 7/7/1 31/31/1
f 31/31/1 7/7/1 28/28/1
f 32/32/1 33/33/1 3/3/1
f 3/3/1 33/33/1 34/34/1
f 35/35/1 16/16/1 21/21/1
f 21/21/1 16/16/1 3/3/1
f 21/21/1 3/3/1 19/19/1
f 19/19/1 3/3/1 34/34/1
f 19/19/1 34/34/1 36/36/1
f 23/37/2 7/38/2 37/39/2
f 37/39/3 7/38/3 38/40/3
f 37/39/4 38/40/4 39/41/4
f 39/41/5 38/40/5 40/42/5
f 39/41/6 40/42/6 41/43/6
f 41/43/7 40/42/7 42/44/7
f 41/43/8 42/44/8 43/45/8
f 42/44/9 44/46/9 43/45/9
f 43/45/9 44/46/9 45/47/9
f 43/45/10 45/47/10 46/48/10
f 46/48/11 45/47/11 47/49/11
f 46/48/12 47/49/12 48/50/12
f 48/50/13 47/49/13 49/51/13
f 48/50/14 49/51/14 50/52/14
f 50/53/15 49/54/15 51/55/15
f 50/52/16 51/56/16 52/57/16
f 52/58/17 51/55/17 53/59/17
f 52/58/18 53/59/18 54/60/18
f 54/60/19 53/59/19 55/61/19
f 54/60/20 55/61/20 56/62/20
f 56/62/21 55/61/21 57/63/21
f 56/62/22 57/63/22 58/64/22
f 58/64/23 57/63/23 59/65/23
f 58/64/24 59/65/24 60/66/24
f 60/66/25 59/65/25 61/67/25
f 59/65/26 62/68/26 61/67/26
f 61/67/27 62/68/27 63/69/27
f 61/67/28 63/69/28 64/70/28
f 64/70/29 63/69/29 65/71/29
f 63/69/30 66/72/30 65/71/30
f 65/71/31 66/72/31 67/73/31
f 65/71/32 67/73/32 68/74/32
f 68/74/33 67/73/33 69/75/33
f 67/73/34 70/76/34 69/75/34
f 69/75/35 70/76/35 71/77/35
f 69/75/36 71/77/36 72/78/36
f 72/78/37 71/77/37 73/79/37
f 71/77/38 74/80/38 73/79/38
f 73/79/39 74/80/39 75/81/39
f 73/79/40 75/81/40 76/82/40
f 76/82/41 75/81/41 77/83/41
f 76/82/42 77/83/42 78/84/42
f 78/84/43 77/83/43 79/85/43
f 78/84/44 79/85/44 80/86/44
f 80/86/45 79/85/45 81/87/45
f 80/86/46 81/87/46 82/88/46
f 82/89/47 81/90/47 83/91/47
f 82/88/48 83/92/48 84/93/48
f 84/94/49 83/91/49 85/95/49
f 84/94/50 85/95/50 86/96/50
f 86/96/51 85/95/51 87/97/51
f 86/96/52 87/97/52 88/98/52
f 88/98/53 87/97/53 89/99/53
f 30/100/54 31/101/54 90/102/54
f 90/102/55 31/101/55 91/103/55
f 90/102/56 91/103/56 92/104/56
f 92/104/57 91/103/57 93/105/57
f 92/104/58 93/105/58 94/106/58
f 94/106/59 93/105/59 95/107/59
f 94/106/60 95/107/60 89/99/60
f 89/99/61 95/107/61 96/108/61
f 89/99/61 96/108/61 88/98/61
f 26/109/62 27/110/62 97/111/62
f 97/111/62 27/110/62 98/112/62
f 97/111/63 98/112/63 99/113/63
f 99/113/62 98/112/62 100/114/62
f 99/113/62 100/114/62 101/115/62
f 101/115/62 100/114/62 102/116/62
f 101/115/62 102/116/62 103/117/62
f 103/117/63 102/116/63 104/118/63
f 103/117/62 104/118/62 105/119/62
f 105/119/62 104/118/62 106/120/62
f 105/119/63 106/120/63 107/121/63
f 107/121/62 106/120/62 108/122/62
f 107/121/62 108/122/62 109/123/62
f 109/123/62 108/122/62 110/124/62
f 109/123/63 110/124/63 111/125/63
f 34/126/64 33/127/64 112/128/64
f 112/128/64 33/127/64 113/129/64
f 112/128/65 113/129/65 114/130/65
f 114/130/64 113/129/64 115/131/64
f 114/130/64 115/131/64 116/132/64
f 116/132/64 115/131/64 117/133/64
f 116/132/64 117/133/64 118/134/64
f 118/134/65 117/133/65 119/135/65
f 118/134/64 119/135/64 120/136/64
f 120/136/64 119/135/64 121/137/64
f 120/136/65 121/137/65 122/138/65
f 122/138/64 121/137/64 123/139/64
f 122/138/64 123/139/64 124/140/64
f 124/140/64 123/139/64 125/141/64
f 124/140/65 125/141/65 126/142/65
f 92/104/66 94/106/66 127/143/66
f 36/144/67 34/126/67 112/128/67
f 30/100/68 90/102/68 29/145/68
f 29/145/69 90/102/69 128/146/69
f 29/145/70 128/146/70 8/147/70
f 8/147/71 128/146/71 9/148/71
f 9/148/72 128/146/72 129/149/72
f 9/148/73 129/149/73 1/150/73
f 1/150/74 129/149/74 2/151/74
f 2/151/75 129/149/75 130/152/75
f 2/153/76 130/154/76 3/155/76
f 3/155/77 130/154/77 32/156/77
f 32/156/78 130/154/78 113/129/78
f 32/156/79 113/129/79 33/127/79
f 20/157/80 19/158/80 131/159/80
f 131/159/81 19/158/81 36/144/81
f 35/160/82 21/161/82 132/162/82
f 132/162/83 21/161/83 20/157/83
f 15/163/84 16/164/84 133/165/84
f 133/165/85 16/164/85 35/166/85
f 7/38/86 15/163/86 38/40/86
f 38/40/87 15/163/87 133/165/87
f 38/40/88 133/165/88 40/42/88
f 40/42/89 133/165/89 134/167/89
f 40/42/90 134/167/90 42/44/90
f 42/44/91 134/167/91 44/46/91
f 44/46/92 134/167/92 135/168/92
f 44/46/93 135/168/93 45/47/93
f 45/47/94 135/168/94 47/49/94
f 47/49/95 135/168/95 136/169/95
f 47/49/96 136/169/96 49/51/96
f 49/54/97 136/170/97 51/55/97
f 51/55/98 136/170/98 137/171/98
f 51/55/99 137/171/99 53/59/99
f 53/59/100 137/171/100 55/61/100
f 55/61/101 137/171/101 138/172/101
f 55/61/102 138/172/102 57/63/102
f 57/63/103 138/172/103 59/65/103
f 59/65/104 138/172/104 139/173/104
f 59/65/105 139/173/105 62/68/105
f 62/68/106 139/173/106 63/69/106
f 63/69/107 139/173/107 140/174/107
f 63/69/108 140/174/108 66/72/108
f 66/72/109 140/174/109 67/73/109
f 67/73/110 140/174/110 141/175/110
f 67/73/111 141/175/111 70/76/111
f 70/76/112 141/175/112 71/77/112
f 71/77/113 141/175/113 142/176/113
f 71/77/114 142/176/114 74/80/114
f 143/177/115 144/178/115 81/87/115
f 81/87/116 79/85/116 143/177/116
f 143/177/116 79/85/116 77/83/116
f 143/177/117 77/83/117 142/176/117
f 142/176/118 77/83/118 75/81/118
f 142/176/119 75/81/119 74/80/119
f 36/144/120 112/128/120 131/159/120
f 131/159/121 112/128/121 114/130/121
f 131/159/122 114/130/122 145/179/122
f 145/179/123 114/130/123 116/132/123
f 145/179/124 116/132/124 146/180/124
f 146/180/125 116/132/125 118/134/125
f 146/180/126 118/134/126 147/181/126
f 147/181/127 118/134/127 120/136/127
f 147/181/128 120/136/128 148/182/128
f 148/182/129 120/136/129 122/138/129
f 148/182/130 122/138/130 149/183/130
f 149/183/131 122/138/131 124/140/131
f 149/183/132 124/140/132 150/184/132
f 150/184/133 124/140/133 126/142/133
f 150/184/133 126/142/133 151/185/133
f 151/185/134 126/142/134 125/141/134
f 151/185/134 125/141/134 152/186/134
f 152/186/135 125/141/135 123/139/135
f 152/186/136 123/139/136 153/187/136
f 153/187/137 123/139/137 121/137/137
f 153/187/138 121/137/138 154/188/138
f 154/188/139 121/137/139 119/135/139
f 154/188/140 119/135/140 155/189/140
f 155/189/141 119/135/141 117/133/141
f 155/189/142 117/133/142 156/190/142
f 20/157/143 131/159/143 132/162/143
f 132/162/144 131/159/144 145/179/144
f 132/162/145 145/179/145 157/191/145
f 157/191/146 145/179/146 146/180/146
f 157/191/147 146/180/147 158/192/147
f 158/192/148 146/180/148 147/181/148
f 158/192/149 147/181/149 159/193/149
f 159/193/150 147/181/150 148/182/150
f 159/193/151 148/182/151 160/194/151
f 160/194/152 148/182/152 149/183/152
f 160/194/153 149/183/153 161/195/153
f 161/195/154 149/183/154 150/184/154
f 161/195/155 150/184/155 162/196/155
f 162/196/156 150/184/156 151/185/156
f 162/196/157 151/185/157 163/197/157
f 163/197/158 151/185/158 152/186/158
f 163/197/159 152/186/159 164/198/159
f 164/198/160 152/186/160 153/187/160
f 164/198/161 153/187/161 165/199/161
f 165/199/162 153/187/162 154/188/162
f 165/199/163 154/188/163 166/200/163
f 166/200/164 154/188/164 155/189/164
f 166/200/165 155/189/165 167/201/165
f 167/201/166 155/189/166 156/190/166
f 167/201/167 156/190/167 168/202/167
f 35/160/168 132/162/168 133/203/168
f 133/203/169 132/162/169 157/191/169
f 133/203/170 157/191/170 134/204/170
f 134/204/171 157/191/171 158/192/171
f 134/204/172 158/192/172 135/205/172
f 135/205/173 158/192/173 159/193/173
f 135/205/174 159/193/174 136/206/174
f 136/170/175 159/207/175 160/208/175
f 136/170/176 160/208/176 137/171/176
f 137/171/177 160/208/177 161/209/177
f 137/171/178 161/209/178 138/172/178
f 138/172/179 161/209/179 162/210/179
f 138/172/180 162/210/180 139/173/180
f 139/173/181 162/210/181 163/211/181
f 139/173/182 163/211/182 140/174/182
f 140/174/183 163/211/183 164/212/183
f 140/174/183 164/212/183 141/175/183
f 141/175/184 164/212/184 165/213/184
f 141/175/185 165/213/185 142/176/185
f 142/176/186 165/213/186 166/214/186
f 142/176/187 166/214/187 143/177/187
f 143/177/188 166/214/188 167/215/188
f 143/177/189 167/215/189 144/178/189
f 144/216/190 167/217/190 168/218/190
f 144/216/191 168/218/191 169/219/191
f 89/99/192 87/97/192 169/219/192
f 169/219/193 87/97/193 85/95/193
f 169/219/194 85/95/194 144/216/194
f 144/216/195 85/95/195 83/91/195
f 144/216/196 83/91/196 81/90/196
f 94/106/197 89/99/197 127/143/197
f 127/143/198 89/99/198 169/219/198
f 127/143/199 169/219/199 170/220/199
f 170/220/200 169/219/200 168/218/200
f 170/221/201 168/202/201 171/222/201
f 171/222/202 168/202/202 156/190/202
f 171/222/203 156/190/203 115/131/203
f 115/131/204 156/190/204 117/133/204
f 90/102/205 92/104/205 128/146/205
f 128/146/206 92/104/206 127/143/206
f 128/146/207 127/143/207 129/149/207
f 129/149/208 127/143/208 170/220/208
f 129/149/209 170/220/209 130/152/209
f 130/154/210 170/221/210 171/222/210
f 130/154/211 171/222/211 113/129/211
f 113/129/212 171/222/212 115/131/212
f 39/41/213 41/43/213 172/223/213
f 25/224/214 26/109/214 97/111/214
f 5/225/215 4/226/215 173/227/215
f 173/227/216 4/226/216 25/224/216
f 13/228/217 6/229/217 174/230/217
f 174/230/218 6/229/218 5/225/218
f 28/231/219 14/232/219 175/233/219
f 175/233/220 14/232/220 13/228/220
f 23/37/221 37/39/221 22/234/221
f 22/234/222 37/39/222 176/235/222
f 22/234/223 176/235/223 10/236/223
f 10/236/224 176/235/224 11/237/224
f 11/237/225 176/235/225 177/238/225
f 11/237/226 177/238/226 12/239/226
f 12/239/227 177/238/227 24/240/227
f 24/240/228 177/238/228 178/241/228
f 24/240/229 178/241/229 17/242/229
f 17/242/230 178/241/230 18/243/230
f 18/244/231 178/245/231 98/112/231
f 18/244/232 98/112/232 27/110/232
f 31/101/233 28/246/233 91/103/233
f 91/103/234 28/246/234 175/247/234
f 91/103/235 175/247/235 93/105/235
f 93/105/236 175/247/236 179/248/236
f 93/105/237 179/248/237 95/107/237
f 95/107/238 179/248/238 96/108/238
f 96/108/239 179/248/239 180/249/239
f 96/108/240 180/249/240 88/98/240
f 88/98/241 180/249/241 86/96/241
f 86/96/242 180/249/242 181/250/242
f 86/96/243 181/250/243 84/94/243
f 84/93/244 181/251/244 82/88/244
f 82/88/245 181/251/245 182/252/245
f 82/88/246 182/252/246 80/86/246
f 80/86/247 182/252/247 78/84/247
f 78/84/248 182/252/248 183/253/248
f 78/84/249 183/253/249 76/82/249
f 76/82/250 183/253/250 73/79/250
f 73/79/251 183/253/251 184/254/251
f 73/79/252 184/254/252 72/78/252
f 72/78/253 184/254/253 69/75/253
f 69/75/254 184/254/254 185/255/254
f 69/75/255 185/255/255 68/74/255
f 68/74/256 185/255/256 65/71/256
f 65/71/257 185/255/257 186/256/257
f 65/71/258 186/256/258 64/70/258
f 64/70/259 186/256/259 61/67/259
f 61/67/260 186/256/260 187/257/260
f 61/67/261 187/257/261 60/66/261
f 188/258/262 189/259/262 52/58/262
f 52/58/263 54/60/263 188/258/263
f 188/258/263 54/60/263 56/62/263
f 188/258/264 56/62/264 187/257/264
f 187/257/265 56/62/265 58/64/265
f 187/257/265 58/64/265 60/66/265
f 25/224/266 97/111/266 173/227/266
f 173/227/267 97/111/267 99/113/267
f 173/227/268 99/113/268 190/260/268
f 190/260/269 99/113/269 101/115/269
f 190/260/270 101/115/270 191/261/270
f 191/261/271 101/115/271 103/117/271
f 191/261/272 103/117/272 192/262/272
f 192/262/273 103/117/273 105/119/273
f 192/262/274 105/119/274 193/263/274
f 193/263/275 105/119/275 107/121/275
f 193/263/276 107/121/276 194/264/276
f 194/264/277 107/121/277 109/123/277
f 194/264/278 109/123/278 195/265/278
f 195/265/279 109/123/279 111/125/279
f 195/265/279 111/125/279 196/266/279
f 196/266/280 111/125/280 110/124/280
f 196/266/280 110/124/280 197/267/280
f 197/267/281 110/124/281 108/122/281
f 197/267/282 108/122/282 198/268/282
f 198/268/283 108/122/283 106/120/283
f 198/268/284 106/120/284 199/269/284
f 199/269/285 106/120/285 104/118/285
f 199/269/286 104/118/286 200/270/286
f 200/270/287 104/118/287 102/116/287
f 200/270/288 102/116/288 201/271/288
f 5/225/289 173/227/289 174/230/289
f 174/230/290 173/227/290 190/260/290
f 174/230/291 190/260/291 202/272/291
f 202/272/292 190/260/292 191/261/292
f 202/272/293 191/261/293 203/273/293
f 203/273/294 191/261/294 192/262/294
f 203/273/295 192/262/295 204/274/295
f 204/274/296 192/262/296 193/263/296
f 204/274/297 193/263/297 205/275/297
f 205/275/298 193/263/298 194/264/298
f 205/275/299 194/264/299 206/276/299
f 206/276/300 194/264/300 195/265/300
f 206/276/301 195/265/301 207/277/301
f 207/277/302 195/265/302 196/266/302
f 207/277/303 196/266/303 208/278/303
f 208/278/304 196/266/304 197/267/304
f 208/278/305 197/267/305 209/279/305
f 209/279/306 197/267/306 198/268/306
f 209/279/307 198/268/307 210/280/307
f 210/280/308 198/268/308 199/269/308
f 210/280/309 199/269/309 211/281/309
f 211/282/310 199/283/310 200/284/310
f 211/282/311 200/284/311 212/285/311
f 212/285/312 200/284/312 201/286/312
f 212/285/313 201/286/313 213/287/313
f 13/228/314 174/230/314 175/233/314
f 175/233/315 174/230/315 202/272/315
f 175/233/316 202/272/316 179/288/316
f 179/288/317 202/272/317 203/273/317
f 179/288/318 203/273/318 180/289/318
f 180/289/319 203/273/319 204/274/319
f 180/289/320 204/274/320 181/290/320
f 181/290/321 204/274/321 205/275/321
f 181/290/322 205/275/322 182/291/322
f 182/252/323 205/292/323 206/293/323
f 182/252/324 206/293/324 183/253/324
f 183/253/325 206/293/325 207/294/325
f 183/253/326 207/294/326 184/254/326
f 184/254/327 207/294/327 208/295/327
f 184/254/328 208/295/328 185/255/328
f 185/255/329 208/295/329 209/296/329
f 185/255/329 209/296/329 186/256/329
f 186/256/330 209/296/330 210/297/330
f 186/256/331 210/297/331 187/257/331
f 187/257/332 210/297/332 211/298/332
f 187/257/333 211/298/333 188/258/333
f 188/258/334 211/298/334 212/299/334
f 188/258/335 212/299/335 189/259/335
f 189/300/336 212/285/336 213/287/336
f 189/300/337 213/287/337 214/301/337
f 43/45/338 46/48/338 214/301/338
f 214/301/339 46/48/339 48/50/339
f 214/301/340 48/50/340 189/300/340
f 189/300/341 48/50/341 50/52/341
f 189/300/341 50/52/341 52/57/341
f 41/43/342 43/45/342 172/223/342
f 172/223/343 43/45/343 214/301/343
f 172/223/344 214/301/344 215/302/344
f 215/302/345 214/301/345 213/287/345
f 215/302/346 213/287/346 216/303/346
f 216/303/347 213/287/347 201/286/347
f 216/304/348 201/271/348 100/114/348
f 100/114/349 201/271/349 102/116/349
f 37/39/350 39/41/350 176/235/350
f 176/235/351 39/41/351 172/223/351
f 176/235/352 172/223/352 177/238/352
f 177/238/353 172/223/353 215/302/353
f 177/238/354 215/302/354 178/241/354
f 178/241/355 215/302/355 216/303/355
f 178/245/356 216/304/356 98/112/356
f 98/112/357 216/304/357 100/114/357
f 217/305/358 218/306/358 219/307/358
f 220/308/358 221/309/358 222/310/358
f 222/310/358 221/309/358 23/311/358
f 222/310/358 23/311/358 223/312/358
f 223/312/358 23/311/358 224/313/358
f 217/305/358 219/307/358 7/314/358
f 225/315/358 224/313/358 31/316/358
f 31/316/358 224/313/358 23/311/358
f 31/316/358 23/311/358 30/317/358
f 30/317/358 23/311/358 7/314/358
f 30/317/358 7/314/358 226/318/358
f 27/319/358 227/320/358 228/321/358
f 226/318/358 7/314/358 229/322/358
f 229/322/358 7/314/358 219/307/358
f 229/322/358 219/307/358 230/323/358
f 228/321/358 231/324/358 27/319/358
f 27/319/358 231/324/358 23/311/358
f 27/319/358 23/311/358 26/325/358
f 26/325/358 23/311/358 221/309/358
f 26/325/358 221/309/358 232/326/358
f 233/327/358 234/328/358 235/329/358
f 235/329/358 234/328/358 34/330/358
f 235/329/358 34/330/358 7/314/358
f 7/314/358 34/330/358 33/331/358
f 7/314/358 33/331/358 217/305/358
f 217/305/358 33/331/358 236/332/358
f 237/333/1 238/334/1 239/335/1
f 239/335/1 238/334/1 240/336/1
f 241/337/1 242/338/1 243/339/1
f 243/339/1 242/338/1 244/340/1
f 245/341/1 246/342/1 247/343/1
f 248/344/1 249/345/1 250/346/1
f 250/346/1 249/345/1 251/347/1
f 238/334/1 252/348/1 240/336/1
f 240/336/1 252/348/1 253/349/1
f 240/336/1 253/349/1 243/339/1
f 243/339/1 253/349/1 254/350/1
f 243/339/1 254/350/1 241/337/1
f 237/333/1 255/351/1 238/334/1
f 238/334/1 255/351/1 256/352/1
f 238/334/1 256/352/1 257/353/1
f 257/353/1 256/352/1 258/354/1
f 250/346/1 259/355/1 248/344/1
f 248/344/1 259/355/1 260/356/1
f 248/344/1 260/356/1 258/354/1
f 258/354/1 260/356/1 261/357/1
f 258/354/1 261/357/1 257/353/1
f 247/343/1 246/342/1 262/358/1
f 262/358/1 246/342/1 263/359/1
f 262/358/1 263/359/1 264/360/1
f 265/361/1 266/362/1 267/363/1
f 267/363/1 268/364/1 265/361/1
f 265/361/1 268/364/1 269/365/1
f 265/361/1 269/365/1 270/366/1
f 265/361/1 271/367/1 272/368/1
f 273/369/1 274/370/1 275/371/1
f 275/371/1 274/370/1 276/372/1
f 264/360/1 277/373/1 262/358/1
f 262/358/1 277/373/1 278/374/1
f 262/358/1 278/374/1 279/375/1
f 280/376/1 281/377/1 266/362/1
f 266/362/1 281/377/1 282/378/1
f 266/362/1 282/378/1 267/363/1
f 270/366/1 283/379/1 265/361/1
f 265/361/1 283/379/1 284/380/1
f 265/361/1 284/380/1 271/367/1
f 285/381/1 286/382/1 247/343/1
f 247/343/1 286/382/1 287/383/1
f 247/343/1 287/383/1 245/341/1
f 288/384/1 289/385/1 290/386/1
f 290/386/1 289/385/1 291/387/1
f 273/369/1 275/371/1 292/388/1
f 292/388/1 275/371/1 293/389/1
f 292/388/1 293/389/1 294/390/1
f 294/390/1 293/389/1 295/391/1
f 294/390/1 295/391/1 296/392/1
f 244/340/359 297/393/359 243/339/359
f 243/339/1 297/393/1 262/358/1
f 243/339/1 262/358/1 298/394/1
f 298/394/1 262/358/1 279/375/1
f 291/387/1 299/395/1 290/386/1
f 290/386/1 299/395/1 300/396/1
f 290/386/1 300/396/1 301/397/1
f 301/397/1 300/396/1 302/398/1
f 301/397/1 302/398/1 303/399/1
f 296/392/1 304/400/1 294/390/1
f 294/390/1 304/400/1 305/401/1
f 294/390/1 305/401/1 288/384/1
f 288/384/1 305/401/1 306/402/1
f 288/384/1 306/402/1 289/385/1
f 307/403/1 308/404/1 309/405/1
f 309/405/1 308/404/1 310/406/1
f 309/405/1 310/406/1 311/407/1
f 274/370/1 312/408/1 276/372/1
f 276/372/1 312/408/1 313/409/1
f 276/372/360 313/409/360 314/410/360
f 314/410/1 313/409/1 315/411/1
f 314/410/1 315/411/1 266/362/1
f 266/362/1 315/411/1 316/412/1
f 266/362/1 316/412/1 280/376/1
f 317/413/1 318/414/1 319/415/1
f 303/399/1 302/398/1 320/416/1
f 320/416/360 302/398/360 321/417/360
f 320/416/1 321/417/1 272/368/1
f 319/415/1 318/414/1 322/418/1
f 249/345/1 323/419/1 251/347/1
f 251/347/1 323/419/1 324/420/1
f 251/347/359 324/420/359 325/421/359
f 325/421/1 324/420/1 326/422/1
f 325/421/1 326/422/1 247/343/1
f 247/343/1 326/422/1 327/423/1
f 247/343/1 327/423/1 285/381/1
f 297/393/1 328/424/1 262/358/1
f 262/358/1 328/424/1 329/425/1
f 262/358/1 329/425/1 266/362/1
f 266/362/1 329/425/1 330/426/1
f 266/362/1 330/426/1 308/404/1
f 331/427/1 317/413/1 332/428/1
f 333/429/1 334/430/1 335/431/1
f 335/431/1 334/430/1 336/432/1
f 335/431/1 336/432/1 337/433/1
f 337/433/1 336/432/1 338/434/1
f 272/368/1 321/417/1 265/361/1
f 265/361/1 321/417/1 339/435/1
f 265/361/1 339/435/1 340/436/1
f 341/437/1 342/438/1 343/439/1
f 307/403/1 344/440/1 308/404/1
f 308/404/1 344/440/1 345/441/1
f 308/404/1 345/441/1 266/362/1
f 266/362/1 345/441/1 346/442/1
f 266/362/1 346/442/1 314/410/1
f 338/434/1 336/432/1 318/414/1
f 318/414/1 336/432/1 347/443/1
f 318/414/1 347/443/1 322/418/1
f 265/361/1 348/444/1 247/343/1
f 247/343/1 348/444/1 349/445/1
f 247/343/1 349/445/1 325/421/1
f 350/446/1 351/447/1 311/407/1
f 333/429/1 335/431/1 340/436/1
f 340/436/1 335/431/1 352/448/1
f 340/436/1 352/448/1 265/361/1
f 265/361/1 352/448/1 353/449/1
f 265/361/1 353/449/1 348/444/1
f 311/407/1 310/406/1 350/446/1
f 350/446/1 310/406/1 354/450/1
f 350/451/1 354/451/1 343/451/1
f 343/439/1 354/450/1 355/452/1
f 343/439/1 355/452/1 341/437/1
f 351/447/1 356/453/1 311/407/1
f 311/407/1 356/453/1 357/454/1
f 311/407/1 357/454/1 358/455/1
f 332/428/1 317/413/1 359/456/1
f 360/457/1 361/458/1 362/459/1
f 319/415/1 363/460/1 317/413/1
f 317/413/1 363/460/1 364/461/1
f 317/413/1 364/461/1 359/456/1
f 359/456/1 364/461/1 360/457/1
f 359/456/1 360/457/1 365/462/1
f 365/462/1 360/457/1 362/459/1
f 366/463/360 367/464/360 368/465/360
f 368/465/1 367/464/1 331/427/1
f 368/465/1 331/427/1 369/466/1
f 369/466/1 331/427/1 332/428/1
f 7/38/361 23/37/361 370/467/361
f 370/467/361 23/37/361 371/468/361
f 31/101/362 30/100/362 372/469/362
f 372/469/363 30/100/363 373/470/363
f 372/469/364 373/470/364 374/471/364
f 373/470/365 375/472/365 374/471/365
f 374/471/365 375/472/365 376/473/365
f 374/471/366 376/473/366 377/474/366
f 377/474/367 376/473/367 378/475/367
f 377/474/368 378/475/368 379/476/368
f 379/476/369 378/475/369 380/477/369
f 379/476/370 380/477/370 381/478/370
f 381/478/371 380/477/371 382/479/371
f 381/478/372 382/479/372 383/480/372
f 383/480/373 382/479/373 384/481/373
f 382/479/374 385/482/374 384/481/374
f 384/483/375 385/484/375 386/485/375
f 384/481/376 386/486/376 387/487/376
f 387/488/377 386/485/377 388/489/377
f 386/485/378 389/490/378 388/489/378
f 388/489/379 389/490/379 390/491/379
f 388/489/380 390/491/380 391/492/380
f 391/492/381 390/491/381 392/493/381
f 390/491/382 393/494/382 392/493/382
f 392/493/383 393/494/383 394/495/383
f 392/493/384 394/495/384 395/496/384
f 395/496/385 394/495/385 396/497/385
f 397/498/386 262/358/386 266/362/386
f 394/495/387 398/499/387 396/497/387
f 396/497/388 398/499/388 397/498/388
f 396/497/389 397/498/389 399/500/389
f 399/500/390 397/498/390 266/362/390
f 400/501/391 33/127/391 34/126/391
f 401/502/391 402/503/391 34/126/391
f 34/126/391 402/503/391 403/504/391
f 404/505/392 405/506/392 406/507/392
f 406/507/393 405/506/393 407/508/393
f 406/507/391 407/508/391 34/126/391
f 34/126/391 407/508/391 408/509/391
f 34/126/391 408/509/391 401/502/391
f 400/501/391 34/126/391 409/510/391
f 410/511/391 411/512/391 34/126/391
f 34/126/391 411/512/391 412/513/391
f 34/126/391 412/513/391 409/510/391
f 403/504/391 413/514/391 34/126/391
f 34/126/391 413/514/391 414/515/391
f 34/126/393 414/515/393 410/511/393
f 415/516/394 416/517/394 27/110/394
f 417/518/394 418/519/394 419/520/394
f 419/520/395 418/519/395 420/521/395
f 419/520/396 420/521/396 421/522/396
f 421/522/394 420/521/394 27/110/394
f 421/522/394 27/110/394 422/523/394
f 422/523/394 27/110/394 416/517/394
f 26/109/394 423/524/394 27/110/394
f 27/110/394 423/524/394 424/525/394
f 424/525/394 425/526/394 27/110/394
f 27/110/394 425/526/394 426/527/394
f 27/110/394 426/527/394 427/528/394
f 427/528/394 428/529/394 27/110/394
f 27/110/396 428/529/396 429/530/396
f 27/110/394 429/530/394 415/516/394
f 430/531/397 431/532/397 432/533/397
f 432/533/397 431/532/397 433/534/397
f 432/533/398 433/534/398 434/535/398
f 434/535/398 433/534/398 435/536/398
f 434/535/399 435/536/399 247/343/399
f 247/343/399 435/536/399 265/361/399
f 436/537/400 431/532/400 430/531/400
f 430/531/401 437/538/401 436/537/401
f 436/539/402 437/540/402 438/541/402
f 436/537/403 438/542/403 439/543/403
f 439/544/404 438/545/404 440/546/404
f 439/544/405 440/546/405 441/547/405
f 441/547/406 440/546/406 442/548/406
f 441/547/407 442/548/407 443/549/407
f 443/549/408 442/548/408 370/467/408
f 443/549/409 370/467/409 371/468/409
f 236/550/410 33/127/410 400/501/410
f 444/551/411 217/552/411 236/550/411
f 230/553/412 219/554/412 445/555/412
f 445/555/413 219/554/413 218/556/413
f 226/557/414 229/558/414 446/559/414
f 446/559/415 229/558/415 230/553/415
f 30/100/416 226/557/416 373/470/416
f 373/470/417 226/557/417 446/559/417
f 373/470/418 446/559/418 375/472/418
f 375/472/419 446/559/419 447/560/419
f 375/472/420 447/560/420 376/473/420
f 376/473/421 447/560/421 378/475/421
f 378/475/422 447/560/422 448/561/422
f 378/475/423 448/561/423 380/477/423
f 380/477/424 448/561/424 382/479/424
f 382/479/425 448/561/425 449/562/425
f 382/479/426 449/562/426 385/482/426
f 450/563/427 451/564/427 393/494/427
f 393/494/428 390/491/428 450/563/428
f 450/563/428 390/491/428 389/490/428
f 450/563/429 389/490/429 449/565/429
f 449/565/430 389/490/430 386/485/430
f 449/565/431 386/485/431 385/484/431
f 236/550/432 400/501/432 444/551/432
f 444/551/433 400/501/433 409/510/433
f 444/551/434 409/510/434 452/566/434
f 452/566/435 409/510/435 412/513/435
f 452/566/436 412/513/436 453/567/436
f 453/567/437 412/513/437 411/512/437
f 453/567/438 411/512/438 454/568/438
f 454/568/439 411/512/439 410/511/439
f 454/568/440 410/511/440 455/569/440
f 455/569/441 410/511/441 414/515/441
f 455/569/442 414/515/442 456/570/442
f 456/570/443 414/515/443 413/514/443
f 456/570/444 413/514/444 457/571/444
f 230/553/445 445/555/445 446/559/445
f 446/559/446 445/555/446 458/572/446
f 446/559/447 458/572/447 447/560/447
f 447/560/448 458/572/448 459/573/448
f 447/560/449 459/573/449 448/561/449
f 448/561/450 459/573/450 460/574/450
f 448/561/451 460/574/451 449/562/451
f 449/562/452 460/574/452 461/575/452
f 449/562/453 461/575/453 450/576/453
f 450/563/454 461/577/454 462/578/454
f 450/563/455 462/578/455 451/564/455
f 451/564/456 462/578/456 463/579/456
f 451/564/457 463/579/457 464/580/457
f 413/514/458 403/504/458 457/571/458
f 457/571/458 403/504/458 465/581/458
f 457/571/459 465/581/459 466/582/459
f 466/582/460 463/583/460 457/571/460
f 457/571/461 463/583/461 462/584/461
f 457/571/462 462/584/462 456/570/462
f 456/570/463 462/584/463 461/585/463
f 456/570/464 461/585/464 455/569/464
f 455/569/465 461/585/465 460/586/465
f 455/569/466 460/586/466 454/568/466
f 454/568/467 460/586/467 459/587/467
f 454/568/468 459/587/468 453/567/468
f 453/567/469 459/587/469 458/588/469
f 453/567/470 458/588/470 452/566/470
f 452/589/471 458/572/471 445/555/471
f 452/589/472 445/555/472 444/590/472
f 444/590/473 445/555/473 218/556/473
f 444/551/474 218/591/474 217/552/474
f 466/582/475 467/592/475 463/583/475
f 463/579/476 467/593/476 468/594/476
f 463/579/477 468/594/477 464/580/477
f 464/580/478 468/594/478 469/595/478
f 464/580/479 469/595/479 262/358/479
f 262/358/480 397/498/480 464/580/480
f 464/580/480 397/498/480 398/499/480
f 464/580/481 398/499/481 451/564/481
f 451/564/482 398/499/482 394/495/482
f 451/564/482 394/495/482 393/494/482
f 262/358/483 469/595/483 247/343/483
f 247/343/484 469/595/484 470/596/484
f 469/595/485 468/594/485 470/596/485
f 470/596/485 468/594/485 467/593/485
f 470/597/486 467/592/486 471/598/486
f 403/504/487 402/503/487 465/581/487
f 465/581/488 402/503/488 471/598/488
f 465/581/489 471/598/489 466/582/489
f 466/582/490 471/598/490 467/592/490
f 434/535/491 247/343/491 472/599/491
f 472/599/492 247/343/492 470/596/492
f 472/600/493 470/597/493 473/601/493
f 473/601/493 470/597/493 471/598/493
f 473/601/494 471/598/494 401/502/494
f 401/502/494 471/598/494 402/503/494
f 432/533/495 434/535/495 474/602/495
f 474/602/496 434/535/496 472/599/496
f 474/603/497 472/600/497 475/604/497
f 475/604/498 472/600/498 473/601/498
f 475/604/499 473/601/499 408/509/499
f 408/509/500 473/601/500 401/502/500
f 408/509/501 407/508/501 476/605/501
f 408/509/501 476/605/501 475/604/501
f 475/604/502 476/605/502 477/606/502
f 475/604/502 477/606/502 474/603/502
f 474/602/503 477/607/503 430/531/503
f 474/602/504 430/531/504 432/533/504
f 478/608/505 479/609/505 480/610/505
f 481/611/506 437/538/506 430/531/506
f 477/606/507 476/605/507 482/612/507
f 404/505/508 482/612/508 405/506/508
f 405/506/509 482/612/509 476/605/509
f 405/506/510 476/605/510 407/508/510
f 442/548/511 440/546/511 483/613/511
f 483/614/512 440/615/512 438/542/512
f 406/507/513 478/608/513 404/505/513
f 404/505/514 478/608/514 480/610/514
f 404/505/515 480/610/515 482/612/515
f 482/612/516 480/610/516 481/616/516
f 482/612/517 481/616/517 477/606/517
f 477/607/518 481/611/518 430/531/518
f 479/609/519 484/617/519 480/610/519
f 480/610/520 484/617/520 483/618/520
f 480/610/521 483/618/521 481/616/521
f 481/611/522 483/614/522 438/542/522
f 481/611/523 438/542/523 437/538/523
f 370/467/524 442/548/524 485/619/524
f 485/619/525 442/548/525 483/613/525
f 485/619/526 483/613/526 486/620/526
f 486/621/527 483/618/527 484/617/527
f 7/38/528 370/467/528 485/619/528
f 7/38/529 485/619/529 235/622/529
f 235/622/530 485/619/530 486/620/530
f 235/623/531 486/621/531 233/624/531
f 486/621/532 484/617/532 233/624/532
f 233/624/533 484/617/533 479/609/533
f 233/624/534 479/609/534 234/625/534
f 479/609/535 478/608/535 234/625/535
f 234/625/536 478/608/536 406/507/536
f 234/625/537 406/507/537 34/126/537
f 487/626/538 488/627/538 489/628/538
f 490/629/539 224/630/539 225/631/539
f 224/630/540 490/629/540 223/632/540
f 223/632/541 490/629/541 491/633/541
f 223/632/542 491/633/542 222/634/542
f 222/634/543 491/633/543 220/635/543
f 220/635/544 491/633/544 492/636/544
f 220/635/545 492/636/545 221/637/545
f 221/637/546 492/636/546 232/638/546
f 232/638/547 492/636/547 423/524/547
f 232/638/548 423/524/548 26/109/548
f 488/627/549 415/516/549 429/530/549
f 493/639/550 494/640/550 495/641/550
f 495/642/551 494/643/551 487/626/551
f 399/500/552 266/362/552 496/644/552
f 496/644/553 266/362/553 497/645/553
f 496/644/554 497/645/554 493/639/554
f 399/500/555 496/644/555 396/497/555
f 396/497/556 496/644/556 498/646/556
f 396/497/557 498/646/557 395/496/557
f 395/496/558 498/646/558 392/493/558
f 392/493/559 498/646/559 499/647/559
f 392/493/560 499/647/560 391/492/560
f 500/648/561 387/488/561 499/647/561
f 499/647/562 387/488/562 388/489/562
f 499/647/562 388/489/562 391/492/562
f 488/627/549 429/530/549 489/628/549
f 489/628/563 429/530/563 428/529/563
f 489/628/564 428/529/564 501/649/564
f 501/649/565 428/529/565 427/528/565
f 501/649/566 427/528/566 502/650/566
f 502/650/567 427/528/567 426/527/567
f 502/650/568 426/527/568 503/651/568
f 503/651/569 426/527/569 425/526/569
f 503/651/570 425/526/570 504/652/570
f 487/626/571 489/628/571 495/642/571
f 495/642/572 489/628/572 501/649/572
f 495/642/573 501/649/573 505/653/573
f 505/653/574 501/649/574 502/650/574
f 505/653/575 502/650/575 506/654/575
f 506/654/576 502/650/576 503/651/576
f 506/654/577 503/651/577 507/655/577
f 507/655/578 503/651/578 504/652/578
f 507/655/579 504/652/579 508/656/579
f 493/639/554 495/641/554 496/644/554
f 496/644/580 495/641/580 505/657/580
f 496/644/581 505/657/581 498/646/581
f 498/646/582 505/657/582 506/658/582
f 498/646/583 506/658/583 499/647/583
f 499/659/584 506/654/584 507/655/584
f 499/659/585 507/655/585 500/660/585
f 500/660/586 507/655/586 508/656/586
f 500/660/587 508/656/587 509/661/587
f 377/474/588 379/476/588 510/662/588
f 510/662/589 379/476/589 509/663/589
f 510/664/590 509/661/590 511/665/590
f 511/665/591 509/661/591 508/656/591
f 511/665/592 508/656/592 512/666/592
f 512/666/593 508/656/593 504/652/593
f 512/666/594 504/652/594 424/525/594
f 424/525/595 504/652/595 425/526/595
f 379/476/596 381/478/596 509/663/596
f 509/663/597 381/478/597 383/480/597
f 509/663/598 383/480/598 500/667/598
f 500/667/599 383/480/599 384/481/599
f 500/667/600 384/481/600 387/487/600
f 374/471/601 490/668/601 372/469/601
f 372/469/602 490/668/602 225/669/602
f 372/469/603 225/669/603 31/101/603
f 374/471/604 377/474/604 490/668/604
f 490/668/605 377/474/605 510/662/605
f 490/629/606 510/664/606 491/633/606
f 491/633/607 510/664/607 511/665/607
f 491/633/608 511/665/608 492/636/608
f 492/636/609 511/665/609 512/666/609
f 492/636/610 512/666/610 423/524/610
f 423/524/611 512/666/611 424/525/611
f 415/516/612 488/627/612 416/517/612
f 416/517/613 488/627/613 513/670/613
f 488/627/614 487/626/614 513/670/614
f 513/670/615 487/626/615 494/643/615
f 513/671/616 494/640/616 514/672/616
f 266/362/617 265/361/617 497/645/617
f 497/645/618 265/361/618 514/672/618
f 497/645/619 514/672/619 493/639/619
f 493/639/619 514/672/619 494/640/619
f 435/536/620 433/534/620 515/673/620
f 515/673/621 433/534/621 516/674/621
f 515/673/622 516/674/622 517/675/622
f 517/675/623 516/674/623 518/676/623
f 517/677/624 518/678/624 422/523/624
f 422/523/625 518/678/625 421/522/625
f 265/361/626 435/536/626 514/672/626
f 514/672/627 435/536/627 515/673/627
f 514/672/628 515/673/628 513/671/628
f 513/671/628 515/673/628 517/675/628
f 513/670/629 517/677/629 416/517/629
f 416/517/629 517/677/629 422/523/629
f 419/520/630 421/522/630 518/678/630
f 419/520/630 518/678/630 519/679/630
f 519/680/631 518/676/631 516/674/631
f 519/680/631 516/674/631 520/681/631
f 520/681/632 516/674/632 433/534/632
f 520/681/633 433/534/633 431/532/633
f 436/537/634 439/543/634 521/682/634
f 441/547/635 443/549/635 522/683/635
f 420/521/636 418/519/636 523/684/636
f 523/684/637 418/519/637 524/685/637
f 523/684/638 524/685/638 525/686/638
f 525/687/639 524/688/639 526/689/639
f 526/689/640 524/688/640 522/683/640
f 526/689/641 522/683/641 527/690/641
f 527/690/642 522/683/642 528/691/642
f 528/691/643 522/683/643 443/549/643
f 528/691/644 443/549/644 371/468/644
f 439/544/645 441/547/645 521/692/645
f 521/692/646 441/547/646 522/683/646
f 521/692/647 522/683/647 529/693/647
f 529/693/648 522/683/648 524/688/648
f 529/694/649 524/685/649 417/518/649
f 417/518/650 524/685/650 418/519/650
f 431/532/651 436/537/651 520/681/651
f 520/681/652 436/537/652 521/682/652
f 520/681/653 521/682/653 519/680/653
f 519/680/654 521/682/654 529/695/654
f 519/679/655 529/694/655 419/520/655
f 419/520/656 529/694/656 417/518/656
f 27/110/657 420/521/657 523/684/657
f 27/110/658 523/684/658 227/696/658
f 227/696/659 523/684/659 525/686/659
f 227/697/660 525/687/660 228/698/660
f 525/687/661 526/689/661 228/698/661
f 228/698/662 526/689/662 527/690/662
f 228/698/663 527/690/663 231/699/663
f 527/690/664 528/691/664 231/699/664
f 231/699/665 528/691/665 371/468/665
f 231/699/666 371/468/666 23/37/666
f 530/700/667 531/701/667 532/702/667
f 532/702/667 531/701/667 533/703/667
f 532/704/668 533/705/668 534/706/668
f 534/706/668 533/705/668 535/707/668
f 534/706/669 535/707/669 536/708/669
f 536/708/669 535/707/669 537/709/669
f 536/708/670 537/709/670 538/710/670
f 538/710/670 537/709/670 539/711/670
f 538/712/671 539/713/671 540/714/671
f 540/714/672 539/713/672 541/715/672
f 540/714/673 541/715/673 542/716/673
f 542/716/673 541/715/673 543/717/673
f 542/716/674 543/717/674 544/718/674
f 544/718/674 543/717/674 545/719/674
f 544/720/675 545/721/675 546/722/675
f 546/722/675 545/721/675 547/723/675
f 546/722/676 547/723/676 548/724/676
f 548/724/676 547/723/676 549/725/676
f 548/724/677 549/725/677 550/726/677
f 550/726/677 549/725/677 551/727/677
f 550/728/657 551/729/657 552/730/657
f 552/730/657 551/729/657 553/731/657
f 552/730/678 553/731/678 530/700/678
f 530/700/678 553/731/678 531/701/678
f 538/732/1 540/733/1 542/734/1
f 550/735/1 552/736/1 530/737/1
f 546/738/1 548/739/1 550/735/1
f 534/740/1 536/741/1 538/732/1
f 546/738/1 550/735/1 544/742/1
f 544/742/1 550/735/1 542/734/1
f 542/734/1 550/735/1 530/737/1
f 542/734/1 530/737/1 538/732/1
f 538/732/1 530/737/1 532/743/1
f 538/732/1 532/743/1 534/740/1
f 554/744/667 555/745/667 556/746/667
f 556/746/667 555/745/667 557/747/667
f 556/748/668 557/749/668 558/750/668
f 558/750/668 557/749/668 559/751/668
f 558/750/669 559/751/669 560/752/669
f 560/752/669 559/751/669 561/753/669
f 560/752/670 561/753/670 562/754/670
f 562/754/670 561/753/670 563/755/670
f 562/756/671 563/757/671 564/758/671
f 564/758/672 563/757/672 565/759/672
f 564/758/673 565/759/673 566/760/673
f 566/760/673 565/759/673 567/761/673
f 566/760/674 567/761/674 568/762/674
f 568/762/674 567/761/674 569/763/674
f 568/764/675 569/765/675 570/766/675
f 570/766/675 569/765/675 571/767/675
f 570/766/676 571/767/676 572/768/676
f 572/768/676 571/767/676 573/769/676
f 572/768/677 573/769/677 574/770/677
f 574/770/677 573/769/677 575/771/677
f 574/772/657 575/773/657 576/774/657
f 576/774/657 575/773/657 577/775/657
f 576/774/679 577/775/679 554/744/679
f 554/744/678 577/775/678 555/745/678
f 562/776/1 564/777/1 566/778/1
f 574/779/1 576/780/1 554/781/1
f 570/782/1 572/783/1 574/779/1
f 558/784/1 560/785/1 562/776/1
f 570/782/1 574/779/1 568/786/1
f 568/786/1 574/779/1 566/778/1
f 566/778/1 574/779/1 554/781/1
f 566/778/1 554/781/1 562/776/1
f 562/776/1 554/781/1 556/787/1
f 562/776/1 556/787/1 558/784/1
f 578/788/680 579/789/680 580/790/680
f 581/791/681 582/792/681 583/793/681
f 581/791/682 583/793/682 584/794/682
f 584/794/683 583/793/683 585/795/683
f 584/796/684 585/797/684 586/798/684
f 587/799/685 588/800/685 585/797/685
f 585/797/686 588/800/686 589/801/686
f 585/797/684 589/801/684 586/798/684
f 579/789/687 590/802/687 580/790/687
f 580/790/688 590/802/688 591/803/688
f 580/790/689 591/803/689 587/799/689
f 587/799/690 591/803/690 592/804/690
f 587/799/690 592/804/690 588/800/690
f 593/805/691 594/806/691 595/807/691
f 595/807/691 594/806/691 596/808/691
f 595/807/692 596/808/692 580/790/692
f 580/790/693 596/808/693 597/809/693
f 580/790/694 597/809/694 578/788/694
f 593/810/695 595/811/695 598/812/695
f 598/812/696 595/811/696 599/813/696
f 598/812/697 599/813/697 600/814/697
f 600/814/698 599/813/698 601/815/698
f 601/815/699 599/813/699 602/816/699
f 601/815/700 602/816/700 603/817/700
f 604/818/701 605/819/701 606/820/701
f 606/820/702 605/819/702 607/821/702
f 606/820/703 607/821/703 602/816/703
f 602/816/704 607/821/704 608/822/704
f 602/816/705 608/822/705 603/817/705
f 604/818/706 606/820/706 609/823/706
f 609/823/706 606/820/706 610/824/706
f 611/825/707 612/826/707 613/827/707
f 613/827/708 612/826/708 614/828/708
f 613/827/709 614/828/709 615/829/709
f 615/829/710 614/828/710 616/830/710
f 615/829/711 616/830/711 617/831/711
f 617/831/712 616/830/712 618/832/712
f 618/832/713 616/830/713 619/833/713
f 618/832/714 619/833/714 620/834/714
f 621/835/715 622/836/715 623/837/715
f 620/834/714 619/833/714 623/837/714
f 623/837/716 619/833/716 624/838/716
f 623/837/717 624/838/717 621/835/717
f 612/839/718 625/840/718 614/841/718
f 614/841/719 625/840/719 626/842/719
f 614/841/720 626/842/720 610/824/720
f 610/824/721 626/842/721 627/843/721
f 610/824/722 627/843/722 609/823/722
f 628/844/723 629/845/723 630/846/723
f 630/846/723 629/845/723 631/847/723
f 630/848/724 631/849/724 624/838/724
f 624/838/725 631/849/725 632/850/725
f 624/838/726 632/850/726 621/835/726
f 628/844/727 630/846/727 633/851/727
f 633/851/728 630/846/728 634/852/728
f 633/851/729 634/852/729 635/853/729
f 635/853/729 634/852/729 636/854/729
f 636/854/730 634/852/730 637/855/730
f 636/854/731 637/855/731 638/856/731
f 638/856/732 637/855/732 582/792/732
f 582/792/732 637/855/732 583/793/732
f 585/857/1 583/858/1 602/859/1
f 619/860/1 616/861/1 614/862/1
f 580/863/1 587/864/1 595/865/1
f 595/865/1 587/864/1 585/857/1
f 595/865/1 585/857/1 599/866/1
f 599/866/1 585/857/1 602/859/1
f 634/867/1 630/868/1 624/869/1
f 624/869/1 619/860/1 634/867/1
f 634/867/1 619/860/1 614/862/1
f 634/867/1 614/862/1 637/870/1
f 637/870/1 614/862/1 610/871/1
f 637/870/1 610/871/1 583/858/1
f 583/858/1 610/871/1 606/872/1
f 583/858/1 606/872/1 602/859/1
f 639/873/733 640/874/733 641/875/733
f 642/876/734 643/877/734 644/878/734
f 642/876/735 644/878/735 645/879/735
f 645/879/736 644/878/736 646/880/736
f 645/879/737 646/880/737 647/881/737
f 648/882/738 649/883/738 646/884/738
f 646/884/739 649/883/739 650/885/739
f 646/880/740 650/886/740 647/881/740
f 640/874/733 651/887/733 641/875/733
f 641/875/741 651/887/741 652/888/741
f 641/875/742 652/888/742 648/882/742
f 648/882/743 652/888/743 653/889/743
f 648/882/744 653/889/744 649/883/744
f 654/890/745 655/891/745 656/892/745
f 656/892/746 655/891/746 657/893/746
f 656/892/747 657/893/747 641/875/747
f 641/875/748 657/893/748 658/894/748
f 641/875/749 658/894/749 639/873/749
f 654/890/750 656/892/750 659/895/750
f 659/895/751 656/892/751 660/896/751
f 659/897/752 660/898/752 661/899/752
f 661/899/752 660/898/752 662/900/752
f 662/900/753 660/898/753 663/901/753
f 662/900/754 663/901/754 664/902/754
f 665/903/755 666/904/755 667/905/755
f 667/905/756 666/904/756 668/906/756
f 667/905/757 668/906/757 663/901/757
f 663/901/758 668/906/758 669/907/758
f 663/901/758 669/907/758 664/902/758
f 665/903/732 667/905/732 670/908/732
f 670/908/732 667/905/732 671/909/732
f 672/910/759 673/911/759 674/912/759
f 674/912/760 673/911/760 675/913/760
f 674/912/761 675/913/761 676/914/761
f 676/914/762 675/913/762 677/915/762
f 676/914/763 677/915/763 678/916/763
f 678/917/764 677/918/764 679/919/764
f 678/917/765 679/919/765 680/920/765
f 680/920/766 679/919/766 681/921/766
f 682/922/767 683/923/767 684/924/767
f 681/921/766 679/919/766 684/924/766
f 684/924/768 679/919/768 685/925/768
f 684/924/769 685/925/769 682/922/769
f 670/908/770 671/909/770 686/926/770
f 686/926/771 671/909/771 687/927/771
f 686/926/772 687/927/772 688/928/772
f 688/928/772 687/927/772 689/929/772
f 689/930/773 687/931/773 690/932/773
f 689/930/774 690/932/774 691/933/774
f 673/911/775 692/934/775 675/913/775
f 675/913/776 692/934/776 693/935/776
f 675/913/777 693/935/777 690/932/777
f 690/932/778 693/935/778 694/936/778
f 690/932/778 694/936/778 691/933/778
f 695/937/779 696/938/779 697/939/779
f 697/939/780 696/938/780 698/940/780
f 697/939/781 698/940/781 685/925/781
f 685/925/782 698/940/782 699/941/782
f 685/925/783 699/941/783 682/922/783
f 695/937/706 697/939/706 643/877/706
f 643/877/706 697/939/706 644/878/706
f 687/942/1 671/943/1 685/944/1
f 646/945/1 644/946/1 663/947/1
f 663/947/1 644/946/1 667/948/1
f 667/948/1 644/946/1 671/943/1
f 671/943/1 644/946/1 697/949/1
f 671/943/1 697/949/1 685/944/1
f 641/950/1 648/951/1 656/952/1
f 656/952/1 648/951/1 646/945/1
f 656/952/1 646/945/1 660/953/1
f 660/953/1 646/945/1 663/947/1
f 675/954/1 690/955/1 677/956/1
f 677/956/1 690/955/1 687/942/1
f 677/956/1 687/942/1 679/957/1
f 679/957/1 687/942/1 685/944/1
f 700/958/1 701/959/1 702/960/1
f 703/961/1 704/962/1 705/963/1
f 706/964/1 707/965/1 708/966/1
f 708/966/1 707/965/1 709/967/1
f 708/966/1 710/968/1 706/964/1
f 706/964/1 710/968/1 711/969/1
f 706/964/1 711/969/1 702/960/1
f 702/960/1 711/969/1 712/970/1
f 702/960/1 712/970/1 700/958/1
f 709/967/1 713/971/1 708/966/1
f 708/966/1 713/971/1 714/972/1
f 708/966/1 714/972/1 715/973/1
f 703/961/1 705/963/1 716/974/1
f 704/962/1 717/975/1 705/963/1
f 705/963/1 717/975/1 718/976/1
f 705/963/1 718/976/1 719/977/1
f 719/977/1 718/976/1 720/978/1
f 719/977/1 720/978/1 721/979/1
f 721/979/1 720/978/1 722/980/1
f 721/979/1 722/980/1 723/981/1
f 723/981/1 722/980/1 724/982/1
f 723/981/1 724/982/1 725/983/1
f 725/983/1 724/982/1 726/984/1
f 715/451/1 727/451/1 708/451/1
f 708/966/1 727/985/1 728/986/1
f 708/966/1 728/986/1 705/963/1
f 705/963/1 728/986/1 729/987/1
f 705/963/1 729/987/1 716/974/1
f 623/451/784 622/451/784 730/451/784
f 730/988/785 622/836/785 731/989/785
f 730/988/786 731/989/786 732/990/786
f 733/991/787 734/992/787 735/993/787
f 735/993/788 734/992/788 672/910/788
f 735/451/789 672/451/789 674/451/789
f 684/451/790 683/451/790 736/451/790
f 736/451/791 683/451/791 737/451/792
f 736/994/793 737/995/793 738/996/793
f 738/996/794 737/995/794 739/997/794
f 738/996/795 739/997/795 740/998/795
f 741/999/796 742/1000/796 743/1001/796
f 743/1001/797 742/1000/797 744/1002/797
f 743/1001/798 744/1002/798 745/1003/798
f 745/451/799 744/451/799 611/451/799
f 745/451/800 611/451/800 613/451/800
f 746/1004/801 747/1005/801 748/1006/801
f 749/1007/802 750/1008/802 748/1006/802
f 748/1006/803 750/1008/803 751/1009/803
f 748/1006/804 751/1009/804 746/1004/804
f 752/1010/805 753/1011/805 749/1007/805
f 749/1007/806 753/1011/806 754/1012/806
f 749/1007/807 754/1012/807 750/1008/807
f 755/1013/808 756/1014/808 752/1010/808
f 752/1010/809 756/1014/809 757/1015/809
f 752/1010/810 757/1015/810 753/1011/810
f 758/1016/811 759/1017/811 755/1013/811
f 755/1013/812 759/1017/812 760/1018/812
f 755/1013/813 760/1018/813 756/1014/813
f 761/1019/814 762/1020/814 758/1016/814
f 758/1016/815 762/1020/815 763/1021/815
f 758/1016/816 763/1021/816 759/1017/816
f 764/1022/817 765/1023/817 761/1019/817
f 761/1019/818 765/1023/818 766/1024/818
f 761/1019/819 766/1024/819 762/1020/819
f 767/1025/820 768/1026/820 764/1022/820
f 764/1022/821 768/1026/821 769/1027/821
f 764/1022/822 769/1027/822 765/1023/822
f 770/1028/823 771/1029/823 767/1025/823
f 767/1025/824 771/1029/824 772/1030/824
f 767/1025/825 772/1030/825 768/1026/825
f 773/1031/826 774/1032/826 770/1028/826
f 770/1028/827 774/1032/827 775/1033/827
f 770/1028/828 775/1033/828 771/1029/828
f 776/1034/829 777/1035/829 773/1031/829
f 773/1031/830 777/1035/830 778/1036/830
f 773/1031/831 778/1036/831 774/1032/831
f 746/1004/832 779/1037/832 747/1005/832
f 747/1005/833 779/1037/833 780/1038/833
f 747/1005/834 780/1038/834 776/1034/834
f 776/1034/835 780/1038/835 781/1039/835
f 776/1034/836 781/1039/836 777/1035/836
f 782/1040/837 783/1041/837 784/1042/837
f 784/1042/838 783/1041/838 785/1043/838
f 784/1042/839 785/1043/839 786/1044/839
f 782/1040/840 784/1042/840 787/1045/840
f 787/1045/841 784/1042/841 788/1046/841
f 787/1045/842 788/1046/842 789/1047/842
f 785/1043/843 790/1048/843 786/1044/843
f 786/1044/844 790/1048/844 791/1049/844
f 786/1044/845 791/1049/845 792/1050/845
f 791/1049/846 793/1051/846 792/1050/846
f 792/1050/847 793/1051/847 794/1052/847
f 792/1050/848 794/1052/848 795/1053/848
f 795/1053/849 794/1052/849 796/1054/849
f 795/1053/850 796/1054/850 797/1055/850
f 797/1055/851 796/1054/851 798/1056/851
f 797/1055/852 798/1056/852 799/1057/852
f 800/1058/853 801/1059/853 802/1060/853
f 798/1056/854 803/1061/854 799/1057/854
f 799/451/855 803/451/855 804/451/855
f 799/1057/856 804/1062/856 802/1060/856
f 802/1060/857 804/1062/857 805/1063/857
f 802/1060/858 805/1063/858 800/1058/858
f 806/1064/859 807/1065/859 808/1066/859
f 808/1066/860 807/1065/860 801/1059/860
f 808/1066/861 801/1059/861 809/1067/861
f 809/1067/861 801/1059/861 800/1058/861
f 810/1068/862 811/1069/862 806/1064/862
f 806/1064/862 811/1069/862 807/1065/862
f 812/1070/863 813/1071/863 814/1072/863
f 814/1072/864 813/1071/864 815/1073/864
f 814/1072/865 815/1073/865 816/1074/865
f 816/1074/866 815/1073/866 817/1075/866
f 816/1074/867 817/1075/867 818/1076/867
f 818/1076/868 817/1075/868 819/1077/868
f 818/1076/869 819/1077/869 820/1078/869
f 789/1047/870 788/1046/870 821/1079/870
f 821/1079/871 788/1046/871 822/1080/871
f 821/1079/872 822/1080/872 823/1081/872
f 823/1081/873 822/1080/873 824/1082/873
f 823/1081/874 824/1082/874 825/1083/874
f 825/1083/875 824/1082/875 826/1084/875
f 825/1083/876 826/1084/876 827/1085/876
f 827/1085/877 826/1084/877 820/1078/877
f 827/1085/878 820/1078/878 828/1086/878
f 828/1086/879 820/1078/879 819/1077/879
f 829/1087/880 830/1088/880 831/1089/880
f 831/1089/881 830/1088/881 832/1090/881
f 831/1089/882 832/1090/882 833/1091/882
f 833/1091/883 832/1090/883 834/1092/883
f 834/1092/884 832/1090/884 835/1093/884
f 835/1093/885 832/1090/885 836/1094/885
f 835/1093/886 836/1094/886 837/1095/886
f 837/1095/887 836/1094/887 838/1096/887
f 838/1096/888 836/1094/888 839/1097/888
f 838/1096/889 839/1097/889 840/1098/889
f 840/1098/890 839/1097/890 841/1099/890
f 840/1098/891 841/1099/891 842/1100/891
f 842/1100/892 841/1099/892 843/1101/892
f 843/1101/893 841/1099/893 844/1102/893
f 843/1101/894 844/1102/894 845/1103/894
f 845/1103/895 844/1102/895 846/1104/895
f 845/1103/896 846/1104/896 847/1105/896
f 847/1105/897 846/1104/897 848/1106/897
f 848/1106/898 846/1104/898 849/1107/898
f 848/1106/899 849/1107/899 850/1108/899
f 850/1108/900 849/1107/900 811/1069/900
f 850/1108/901 811/1069/901 810/1068/901
f 851/1109/902 852/1110/902 853/1111/902
f 853/1111/903 852/1110/903 830/1088/903
f 853/1111/904 830/1088/904 854/1112/904
f 854/1112/905 830/1088/905 829/1087/905
f 813/1071/906 812/1070/906 855/1113/906
f 855/1113/906 812/1070/906 856/1114/906
f 852/1110/907 851/1109/907 857/1115/907
f 857/1115/908 851/1109/908 858/1116/908
f 857/1115/909 858/1116/909 859/1117/909
f 859/1117/910 858/1116/910 860/1118/910
f 859/1117/911 860/1118/911 861/1119/911
f 861/1119/912 860/1118/912 862/1120/912
f 861/1119/913 862/1120/913 863/1121/913
f 864/1122/914 865/1123/914 866/1124/914
f 866/1124/915 865/1123/915 867/1125/915
f 866/1124/916 867/1125/916 868/1126/916
f 868/1126/917 867/1125/917 869/1127/917
f 868/1126/918 869/1127/918 870/1128/918
f 870/1128/919 869/1127/919 871/1129/919
f 870/1128/920 871/1129/920 872/1130/920
f 872/1130/921 871/1129/921 863/1121/921
f 872/1130/922 863/1121/922 873/1131/922
f 873/1131/923 863/1121/923 862/1120/923
f 855/1113/924 856/1114/924 874/1132/924
f 874/1132/925 856/1114/925 875/1133/925
f 874/1132/926 875/1133/926 876/1134/926
f 876/1134/927 875/1133/927 877/1135/927
f 876/1134/928 877/1135/928 878/1136/928
f 878/1136/929 877/1135/929 879/1137/929
f 878/1136/930 879/1137/930 880/1138/930
f 880/1138/930 879/1137/930 881/1139/930
f 880/1138/931 881/1139/931 882/1140/931
f 882/1140/932 881/1139/932 883/1141/932
f 882/1140/933 883/1141/933 884/1142/933
f 884/1142/934 883/1141/934 885/1143/934
f 884/1142/935 885/1143/935 886/1144/935
f 886/1144/936 885/1143/936 887/1145/936
f 886/1144/937 887/1145/937 888/1146/937
f 888/1146/938 887/1145/938 889/1147/938
f 888/1146/939 889/1147/939 890/1148/939
f 890/1148/940 889/1147/940 891/1149/940
f 890/1148/941 891/1149/941 892/1150/941
f 892/1150/942 891/1149/942 893/1151/942
f 892/1150/943 893/1151/943 894/1152/943
f 894/1152/944 893/1151/944 895/1153/944
f 894/1152/945 895/1153/945 896/1154/945
f 896/1154/946 895/1153/946 897/1155/946
f 896/1154/947 897/1155/947 898/1156/947
f 898/1156/948 897/1155/948 899/1157/948
f 898/1156/949 899/1157/949 900/1158/949
f 900/1158/950 899/1157/950 901/1159/950
f 900/1158/951 901/1159/951 902/1160/951
f 902/1160/952 901/1159/952 903/1161/952
f 902/1160/953 903/1161/953 904/1162/953
f 904/1162/954 903/1161/954 905/1163/954
f 906/1164/906 907/1165/906 864/1122/906
f 864/1122/906 907/1165/906 865/1123/906
f 904/1162/955 905/1163/955 908/1166/955
f 908/1166/955 905/1163/955 909/1167/955
f 910/1168/956 911/1169/956 912/1170/956
f 912/1170/957 911/1169/957 913/1171/957
f 912/1170/958 913/1171/958 914/1172/958
f 914/1172/959 913/1171/959 915/1173/959
f 914/1172/960 915/1173/960 916/1174/960
f 916/1174/961 915/1173/961 917/1175/961
f 916/1174/962 917/1175/962 918/1176/962
f 918/1176/963 917/1175/963 919/1177/963
f 918/1176/964 919/1177/964 920/1178/964
f 920/1178/965 919/1177/965 921/1179/965
f 920/1178/966 921/1179/966 922/1180/966
f 922/1180/967 921/1179/967 923/1181/967
f 922/1180/968 923/1181/968 924/1182/968
f 924/1182/968 923/1181/968 925/1183/968
f 924/1182/969 925/1183/969 926/1184/969
f 926/1184/969 925/1183/969 927/1185/969
f 926/1184/970 927/1185/970 928/1186/970
f 928/1186/970 927/1185/970 929/1187/970
f 928/1186/971 929/1187/971 930/1188/971
f 930/1188/971 929/1187/971 931/1189/971
f 930/1188/972 931/1189/972 932/1190/972
f 932/1190/972 931/1189/972 933/1191/972
f 932/1190/973 933/1191/973 934/1192/973
f 934/1192/973 933/1191/973 935/1193/973
f 934/1192/974 935/1193/974 936/1194/974
f 936/1194/975 935/1193/975 937/1195/975
f 936/1194/976 937/1195/976 938/1196/976
f 938/1196/977 937/1195/977 939/1197/977
f 938/1196/978 939/1197/978 940/1198/978
f 940/1198/979 939/1197/979 941/1199/979
f 940/1198/980 941/1199/980 906/1164/980
f 906/1164/981 941/1199/981 907/1165/981
f 942/1200/982 943/1201/982 944/1202/982
f 908/1166/983 909/1167/983 945/1203/983
f 945/1203/984 909/1167/984 946/1204/984
f 945/1203/985 946/1204/985 947/1205/985
f 947/1205/986 946/1204/986 948/1206/986
f 947/1205/987 948/1206/987 949/1207/987
f 949/1207/988 948/1206/988 942/1200/988
f 949/1207/989 942/1200/989 950/1208/989
f 950/451/990 942/451/990 944/451/990
f 951/1209/955 952/1210/955 910/1168/955
f 910/1168/955 952/1210/955 911/1169/955
f 953/1211/991 954/1212/991 955/1213/991
f 955/1213/992 954/1212/992 956/1214/992
f 944/1202/993 943/1201/993 957/1215/993
f 957/1215/994 943/1201/994 954/1212/994
f 957/1215/995 954/1212/995 958/1216/995
f 958/1216/996 954/1212/996 953/1211/996
f 956/1214/997 954/1212/997 959/1217/997
f 959/1217/998 954/1212/998 960/1218/998
f 959/1217/999 960/1218/999 961/1219/999
f 961/1219/1000 960/1218/1000 962/1220/1000
f 961/1219/1001 962/1220/1001 963/1221/1001
f 963/1221/1002 962/1220/1002 964/1222/1002
f 963/1221/1003 964/1222/1003 965/1223/1003
f 965/1223/1004 964/1222/1004 966/1224/1004
f 965/1223/1005 966/1224/1005 967/1225/1005
f 952/1210/1006 951/1209/1006 968/1226/1006
f 968/1226/1007 951/1209/1007 969/1227/1007
f 968/1226/1008 969/1227/1008 970/1228/1008
f 970/1228/1009 969/1227/1009 971/1229/1009
f 970/1228/1010 971/1229/1010 972/1230/1010
f 972/1230/1011 971/1229/1011 973/1231/1011
f 972/1230/1012 973/1231/1012 974/1232/1012
f 974/1232/1013 973/1231/1013 975/1233/1013
f 974/451/1014 975/451/1014 976/451/1014
f 967/1225/1015 966/1224/1015 977/1234/1015
f 977/1234/1015 966/1224/1015 978/1235/1015
f 979/1236/1016 980/1237/1016 981/1238/1016
f 982/1239/1017 983/1240/1017 984/1241/1017
f 984/1241/1018 983/1240/1018 985/1242/1018
f 984/1241/1019 985/1242/1019 981/1238/1019
f 981/1238/1020 985/1242/1020 986/1243/1020
f 981/1238/1021 986/1243/1021 979/1236/1021
f 982/1239/1022 984/1241/1022 987/1244/1022
f 987/1244/1023 984/1241/1023 974/1232/1023
f 987/1244/1024 974/1232/1024 976/1245/1024
f 977/1234/1025 978/1235/1025 988/1246/1025
f 988/1246/1026 978/1235/1026 989/1247/1026
f 979/1236/1027 990/1248/1027 980/1237/1027
f 980/1237/1028 990/1248/1028 991/1249/1028
f 980/1237/1029 991/1249/1029 989/1247/1029
f 989/1247/1030 991/1249/1030 992/1250/1030
f 989/1247/1031 992/1250/1031 988/1246/1031
f 993/1251/801 994/1252/801 995/1253/801
f 996/1254/802 997/1255/802 995/1253/802
f 995/1253/803 997/1255/803 998/1256/803
f 995/1253/804 998/1256/804 993/1251/804
f 999/1257/805 1000/1258/805 996/1254/805
f 996/1254/806 1000/1258/806 1001/1259/806
f 996/1254/807 1001/1259/807 997/1255/807
f 1002/1260/808 1003/1261/808 999/1257/808
f 999/1257/809 1003/1261/809 1004/1262/809
f 999/1257/810 1004/1262/810 1000/1258/810
f 1005/1263/811 1006/1264/811 1002/1260/811
f 1002/1260/812 1006/1264/812 1007/1265/812
f 1002/1260/813 1007/1265/813 1003/1261/813
f 1008/1266/814 1009/1267/814 1005/1263/814
f 1005/1263/815 1009/1267/815 1010/1268/815
f 1005/1263/816 1010/1268/816 1006/1264/816
f 1011/1269/817 1012/1270/817 1008/1266/817
f 1008/1266/818 1012/1270/818 1013/1271/818
f 1008/1266/819 1013/1271/819 1009/1267/819
f 1014/1272/820 1015/1273/820 1011/1269/820
f 1011/1269/821 1015/1273/821 1016/1274/821
f 1011/1269/822 1016/1274/822 1012/1270/822
f 1017/1275/823 1018/1276/823 1014/1272/823
f 1014/1272/824 1018/1276/824 1019/1277/824
f 1014/1272/825 1019/1277/825 1015/1273/825
f 1020/1278/826 1021/1279/826 1017/1275/826
f 1017/1275/827 1021/1279/827 1022/1280/827
f 1017/1275/828 1022/1280/828 1018/1276/828
f 1023/1281/829 1024/1282/829 1020/1278/829
f 1020/1278/830 1024/1282/830 1025/1283/830
f 1020/1278/831 1025/1283/831 1021/1279/831
f 993/1251/832 1026/1284/832 994/1252/832
f 994/1252/833 1026/1284/833 1027/1285/833
f 994/1252/834 1027/1285/834 1023/1281/834
f 1023/1281/835 1027/1285/835 1028/1286/835
f 1023/1281/836 1028/1286/836 1024/1282/836
f 978/1235/1032 1029/1287/1032 1030/1288/1032
f 978/451/1033 1031/451/1033 1029/451/1034
f 1029/451/1035 1031/451/1036 1032/451/1036
f 1029/451/1037 1032/451/1037 350/451/1037
f 1033/1289/1038 974/1232/1038 984/1241/1038
f 1033/451/1039 984/451/1040 1034/451/1039
f 355/452/1041 354/450/1041 1035/1290/1041
f 1034/1291/1042 984/1241/1042 1036/1292/1042
f 1036/1292/1043 984/1241/1043 981/1238/1043
f 1036/1292/1044 981/1238/1044 1037/1293/1044
f 1037/1293/1045 981/1238/1045 980/1237/1045
f 1037/1293/1046 980/1237/1046 1030/1288/1046
f 1030/1288/1047 980/1237/1047 989/1247/1047
f 1030/1288/1048 989/1247/1048 978/1235/1048
f 350/451/1049 343/451/1049 1029/451/1049
f 1029/1287/1050 343/439/1050 342/438/1050
f 1029/1287/1051 342/438/1051 1030/1288/1051
f 1030/1288/1052 342/438/1052 341/437/1052
f 1030/1288/1053 341/437/1053 1037/1293/1053
f 1037/1293/1054 341/437/1054 355/452/1054
f 1037/1293/1055 355/452/1055 1036/1292/1055
f 1036/1292/1056 355/452/1056 1035/1290/1056
f 1036/1292/1057 1035/1290/1057 1034/1291/1057
f 351/447/1049 350/446/1049 1038/1294/1049
f 1038/1294/1058 350/446/1058 1032/1295/1058
f 1038/1294/1059 1032/1295/1059 1039/1296/1059
f 1032/1295/1060 1031/1297/1060 1039/1296/1060
f 1039/1296/1061 1031/1297/1061 978/1235/1061
f 1039/1296/1062 978/1235/1062 966/1224/1062
f 1035/1290/1063 354/450/1063 310/406/1063
f 1040/451/1064 1041/451/1064 1042/451/1064
f 974/1232/1065 1033/1289/1065 1043/1298/1065
f 974/1232/1066 1043/1298/1066 972/1230/1066
f 972/1230/1067 1043/1298/1067 1044/1299/1067
f 972/1230/1067 1044/1299/1067 970/1228/1067
f 970/1228/1068 1044/1299/1068 1042/1300/1068
f 970/1228/1069 1042/1300/1069 968/1226/1069
f 968/1226/1070 1042/1300/1070 1041/1301/1070
f 968/1226/1070 1041/1301/1070 952/1210/1070
f 330/426/1071 329/425/1071 1040/1302/1071
f 1035/1290/1072 310/406/1072 1034/1291/1072
f 1040/1302/1073 1042/1300/1073 330/426/1073
f 330/426/1074 1042/1300/1074 1044/1299/1074
f 330/426/1074 1044/1299/1074 308/404/1074
f 308/404/1075 1044/1299/1075 1043/1298/1075
f 308/404/1076 1043/1298/1076 310/406/1076
f 310/406/1077 1043/1298/1077 1033/1289/1077
f 310/451/1078 1033/451/1078 1034/451/1078
f 1045/1303/1079 1046/1304/1079 311/407/1079
f 1039/1296/1080 966/1224/1080 964/1222/1080
f 943/1201/1081 1046/1304/1081 954/1212/1081
f 954/1212/1082 1046/1304/1082 1045/1303/1082
f 954/1212/1083 1045/1303/1083 960/1218/1083
f 960/1218/1084 1045/1303/1084 1047/1305/1084
f 960/1218/1085 1047/1305/1085 962/1220/1085
f 962/1220/1086 1047/1305/1086 1048/1306/1086
f 962/1220/1087 1048/1306/1087 964/1222/1087
f 964/1222/1088 1048/1306/1088 1038/1294/1088
f 964/451/1089 1038/451/1089 1039/451/1089
f 311/407/1090 358/455/1090 1045/1303/1090
f 1045/1303/1091 358/455/1091 357/454/1091
f 1045/1303/1092 357/454/1092 1047/1305/1092
f 1047/1305/1093 357/454/1093 356/453/1093
f 1047/1305/1094 356/453/1094 1048/1306/1094
f 1048/1306/1095 356/453/1095 351/447/1095
f 1048/1306/1096 351/447/1096 1038/1294/1096
f 329/425/1097 328/424/1097 1049/1307/1097
f 911/1169/400 952/1210/400 1041/1301/400
f 911/1169/1098 1041/1301/1098 1049/1307/1098
f 1049/1307/1099 1041/1301/1099 1040/1302/1099
f 1049/1307/1100 1040/1302/1100 329/425/1100
f 311/407/1101 1046/1304/1101 1050/1308/1101
f 311/407/1101 1050/1308/1101 309/405/1101
f 309/405/1102 1050/1308/1102 1051/1309/1102
f 309/405/1103 1051/1309/1103 307/403/1103
f 307/403/1104 1051/1309/1104 1052/1310/1104
f 307/403/1104 1052/1310/1104 344/440/1104
f 946/1204/1105 909/1167/1105 1053/1311/1105
f 345/441/1106 344/440/1106 1053/1311/1106
f 1053/1311/1106 344/440/1106 1052/1310/1106
f 1053/1311/1105 1052/1310/1105 946/1204/1105
f 946/1204/1107 1052/1310/1107 1051/1309/1107
f 946/1204/1107 1051/1309/1107 948/1206/1107
f 948/1206/1108 1051/1309/1108 1050/1308/1108
f 948/1206/1108 1050/1308/1108 942/1200/1108
f 942/1200/1109 1050/1308/1109 1046/1304/1109
f 942/1200/1110 1046/1304/1110 943/1201/1110
f 1049/1307/1111 328/424/1111 297/393/1111
f 911/1169/1112 1049/1307/1112 1054/1312/1112
f 1049/1307/1111 297/393/1111 1054/1312/1111
f 1054/1312/1113 297/393/1113 244/340/1113
f 1054/1312/1113 244/340/1113 1055/1313/1113
f 1055/1313/1114 244/340/1114 242/338/1114
f 1055/1313/1115 242/338/1115 1056/1314/1115
f 1056/1314/1116 242/338/1116 241/337/1116
f 1056/1314/1117 241/337/1117 1057/1315/1117
f 1057/1315/1118 241/337/1118 254/350/1118
f 1057/1315/1119 254/350/1119 1058/1316/1119
f 1058/1316/1120 254/350/1120 253/349/1120
f 1058/1316/1120 253/349/1120 1059/1317/1120
f 1059/1317/1121 253/349/1121 252/348/1121
f 1059/1317/1122 252/348/1122 1060/1318/1122
f 1060/1318/1123 252/348/1123 238/334/1123
f 1060/1318/1124 238/334/1124 1061/1319/1124
f 1061/1319/1125 238/334/1125 257/353/1125
f 1061/1319/1126 257/353/1126 1062/1320/1126
f 1062/1320/1127 257/353/1127 261/357/1127
f 1062/1320/1127 261/357/1127 1063/1321/1127
f 1063/1321/1128 261/357/1128 260/356/1128
f 1063/1321/1128 260/356/1128 1064/1322/1128
f 1064/1322/1129 260/356/1129 259/355/1129
f 1064/1322/1129 259/355/1129 1065/1323/1129
f 1065/1323/1130 259/355/1130 250/346/1130
f 1065/1323/1131 250/346/1131 1066/1324/1131
f 1066/1324/1132 250/346/1132 251/347/1132
f 1066/1324/1133 251/347/1133 1067/1325/1133
f 1067/1325/1134 251/347/1134 325/421/1134
f 1067/1325/1134 325/421/1134 1068/1326/1134
f 1068/1326/1135 325/421/1135 349/445/1135
f 1068/1326/1135 349/445/1135 1069/1327/1135
f 911/1169/1112 1054/1312/1112 913/1171/1112
f 913/1171/1136 1054/1312/1136 1055/1313/1136
f 913/1171/1137 1055/1313/1137 915/1173/1137
f 915/1173/1138 1055/1313/1138 1056/1314/1138
f 915/1173/1139 1056/1314/1139 917/1175/1139
f 917/1175/1140 1056/1314/1140 1057/1315/1140
f 917/1175/1141 1057/1315/1141 919/1177/1141
f 919/1177/1142 1057/1315/1142 1058/1316/1142
f 919/1177/1143 1058/1316/1143 921/1179/1143
f 921/1179/1144 1058/1316/1144 1059/1317/1144
f 921/1179/1144 1059/1317/1144 923/1181/1144
f 923/1181/1145 1059/1317/1145 1060/1318/1145
f 923/1181/1145 1060/1318/1145 925/1183/1145
f 925/1183/1146 1060/1318/1146 1061/1319/1146
f 925/1183/1146 1061/1319/1146 927/1185/1146
f 927/1185/1147 1061/1319/1147 1062/1320/1147
f 927/1185/1147 1062/1320/1147 929/1187/1147
f 929/1187/1148 1062/1320/1148 1063/1321/1148
f 929/1187/1148 1063/1321/1148 931/1189/1148
f 931/1189/1149 1063/1321/1149 1064/1322/1149
f 931/1189/1149 1064/1322/1149 933/1191/1149
f 933/1191/1150 1064/1322/1150 1065/1323/1150
f 933/1191/1150 1065/1323/1150 935/1193/1150
f 935/1193/1151 1065/1323/1151 1066/1324/1151
f 935/1193/1152 1066/1324/1152 937/1195/1152
f 937/1195/1153 1066/1324/1153 1067/1325/1153
f 937/1195/1154 1067/1325/1154 939/1197/1154
f 939/1197/1155 1067/1325/1155 1068/1326/1155
f 939/1197/1155 1068/1326/1155 941/1199/1155
f 941/1199/1156 1068/1326/1156 1069/1327/1156
f 941/1199/1156 1069/1327/1156 907/1165/1156
f 909/1167/1098 905/1163/1098 1070/1328/1098
f 909/1167/1098 1070/1328/1098 1053/1311/1098
f 1053/1311/1097 1070/1328/1097 346/442/1097
f 1053/1311/1097 346/442/1097 345/441/1097
f 1071/1329/1157 865/1123/1157 1069/1327/1157
f 1069/1327/1158 865/1123/1158 907/1165/1158
f 1071/1329/1159 1069/1327/1159 1072/1330/1159
f 1072/1330/1160 1069/1327/1160 349/445/1160
f 1072/1330/1161 349/445/1161 348/444/1161
f 1073/1331/1162 339/435/1162 321/417/1162
f 856/1114/1163 1073/1331/1163 1074/1332/1163
f 1073/1331/1162 321/417/1162 1074/1332/1162
f 1074/1332/1164 321/417/1164 302/398/1164
f 1074/1332/1164 302/398/1164 1075/1333/1164
f 1075/1333/1165 302/398/1165 300/396/1165
f 1075/1333/1166 300/396/1166 1076/1334/1166
f 1076/1334/1167 300/396/1167 299/395/1167
f 1076/1334/1168 299/395/1168 1077/1335/1168
f 1077/1335/1169 299/395/1169 291/387/1169
f 1077/1335/1170 291/387/1170 1078/1336/1170
f 1078/1336/1171 291/387/1171 289/385/1171
f 1078/1336/1171 289/385/1171 1079/1337/1171
f 1079/1337/1172 289/385/1172 306/402/1172
f 1079/1337/1173 306/402/1173 1080/1338/1173
f 1080/1338/1174 306/402/1174 305/401/1174
f 1080/1338/1175 305/401/1175 1081/1339/1175
f 1081/1339/1176 305/401/1176 304/400/1176
f 1081/1339/1177 304/400/1177 1082/1340/1177
f 1082/1340/1178 304/400/1178 296/392/1178
f 1082/1340/1178 296/392/1178 1083/1341/1178
f 1083/1341/1179 296/392/1179 295/391/1179
f 1083/1341/1179 295/391/1179 1084/1342/1179
f 1084/1342/1180 295/391/1180 293/389/1180
f 1084/1342/1180 293/389/1180 1085/1343/1180
f 1085/1343/1181 293/389/1181 275/371/1181
f 1085/1343/1182 275/371/1182 1086/1344/1182
f 1086/1344/1183 275/371/1183 276/372/1183
f 1086/1344/1184 276/372/1184 1087/1345/1184
f 1087/1345/1185 276/372/1185 314/410/1185
f 1087/1345/1185 314/410/1185 1088/1346/1185
f 1088/1346/1186 314/410/1186 346/442/1186
f 1088/1346/1186 346/442/1186 1070/1328/1186
f 856/1114/1163 1074/1332/1163 875/1133/1163
f 875/1133/1187 1074/1332/1187 1075/1333/1187
f 875/1133/1187 1075/1333/1187 877/1135/1187
f 877/1135/1188 1075/1333/1188 1076/1334/1188
f 877/1135/1189 1076/1334/1189 879/1137/1189
f 879/1137/1190 1076/1334/1190 1077/1335/1190
f 879/1137/1191 1077/1335/1191 881/1139/1191
f 881/1139/1192 1077/1335/1192 1078/1336/1192
f 881/1139/1192 1078/1336/1192 883/1141/1192
f 883/1141/1193 1078/1336/1193 1079/1337/1193
f 883/1141/1193 1079/1337/1193 885/1143/1193
f 885/1143/1194 1079/1337/1194 1080/1338/1194
f 885/1143/1195 1080/1338/1195 887/1145/1195
f 887/1145/1196 1080/1338/1196 1081/1339/1196
f 887/1145/1196 1081/1339/1196 889/1147/1196
f 889/1147/1197 1081/1339/1197 1082/1340/1197
f 889/1147/1197 1082/1340/1197 891/1149/1197
f 891/1149/1198 1082/1340/1198 1083/1341/1198
f 891/1149/1199 1083/1341/1199 893/1151/1199
f 893/1151/1200 1083/1341/1200 1084/1342/1200
f 893/1151/1201 1084/1342/1201 895/1153/1201
f 895/1153/1202 1084/1342/1202 1085/1343/1202
f 895/1153/1203 1085/1343/1203 897/1155/1203
f 897/1155/1204 1085/1343/1204 1086/1344/1204
f 897/1155/1205 1086/1344/1205 899/1157/1205
f 899/1157/1206 1086/1344/1206 1087/1345/1206
f 899/1157/1207 1087/1345/1207 901/1159/1207
f 901/1159/1208 1087/1345/1208 1088/1346/1208
f 901/1159/1209 1088/1346/1209 903/1161/1209
f 903/1161/1210 1088/1346/1210 1070/1328/1210
f 903/1161/1210 1070/1328/1210 905/1163/1210
f 1089/1347/1211 1090/1348/1211 1091/1349/1211
f 1071/451/1212 1072/451/1212 1092/451/1212
f 867/1125/1213 865/1123/1213 1071/1329/1213
f 1093/1350/1214 852/1110/1214 857/1115/1214
f 1071/1329/1215 1092/1351/1215 867/1125/1215
f 867/1125/1216 1092/1351/1216 1094/1352/1216
f 867/1125/1217 1094/1352/1217 869/1127/1217
f 869/1127/1218 1094/1352/1218 1095/1353/1218
f 869/1127/1219 1095/1353/1219 871/1129/1219
f 871/1129/1220 1095/1353/1220 1096/1354/1220
f 871/1129/1221 1096/1354/1221 863/1121/1221
f 863/1121/1222 1096/1354/1222 1097/1355/1222
f 863/1121/1222 1097/1355/1222 861/1119/1222
f 861/1119/1223 1097/1355/1223 1098/1356/1223
f 861/1119/1223 1098/1356/1223 859/1117/1223
f 859/1117/1224 1098/1356/1224 1091/1349/1224
f 859/1117/1225 1091/1349/1225 857/1115/1225
f 857/1115/1226 1091/1349/1226 1090/1348/1226
f 857/451/1227 1090/451/1227 1093/451/1227
f 317/413/1228 331/427/1228 1089/1347/1228
f 1089/1347/1229 1091/1349/1229 317/413/1229
f 317/413/1230 1091/1349/1230 1098/1356/1230
f 317/413/1230 1098/1356/1230 318/414/1230
f 318/414/1231 1098/1356/1231 1097/1355/1231
f 318/414/1231 1097/1355/1231 338/434/1231
f 338/434/1232 1097/1355/1232 1096/1354/1232
f 338/434/1232 1096/1354/1232 337/433/1232
f 337/433/1233 1096/1354/1233 1095/1353/1233
f 337/433/1233 1095/1353/1233 335/431/1233
f 335/431/1234 1095/1353/1234 1094/1352/1234
f 335/431/1235 1094/1352/1235 352/448/1235
f 352/448/1236 1094/1352/1236 1092/1351/1236
f 352/448/1237 1092/1351/1237 353/449/1237
f 353/449/1238 1092/1351/1238 1072/1330/1238
f 353/449/1238 1072/1330/1238 348/444/1238
f 340/436/1160 339/435/1160 1073/1331/1160
f 856/1114/1239 812/1070/1239 1099/1357/1239
f 856/1114/1158 1099/1357/1158 1073/1331/1158
f 1073/1331/1240 1099/1357/1240 1100/1358/1240
f 1073/1331/1241 1100/1358/1241 340/436/1241
f 369/466/1242 332/428/1242 1101/1359/1242
f 1102/1360/1243 1103/1361/1243 369/466/1243
f 369/466/1244 1103/1361/1244 368/465/1244
f 1104/1362/1245 1105/1363/1245 366/463/1245
f 366/463/1246 1105/1363/1246 367/464/1246
f 1093/451/1247 1090/451/1248 367/451/1248
f 367/464/1249 1090/1348/1249 1089/1347/1249
f 367/464/1250 1089/1347/1250 331/427/1250
f 367/464/1251 1105/1363/1251 1093/1350/1251
f 1093/1350/1252 1105/1363/1252 830/1088/1252
f 1093/1350/1253 830/1088/1253 852/1110/1253
f 369/466/1254 1101/1359/1254 1102/1360/1254
f 1102/1360/1255 1101/1359/1255 1106/1364/1255
f 1102/451/1256 1106/451/1256 1107/451/1256
f 844/1102/1257 1103/1361/1257 846/1104/1257
f 846/1104/1258 1103/1361/1258 1102/1360/1258
f 846/1104/1259 1102/1360/1259 849/1107/1259
f 849/1107/1260 1102/1360/1260 1107/1365/1260
f 849/1107/1261 1107/1365/1261 811/1069/1261
f 844/1102/1262 841/1099/1262 1103/1361/1262
f 1103/1361/1263 841/1099/1263 1104/1362/1263
f 1103/1361/1264 1104/1362/1264 368/465/1264
f 368/465/1265 1104/1362/1265 366/463/1265
f 841/1099/1266 839/1097/1266 1104/1362/1266
f 1104/1362/1267 839/1097/1267 836/1094/1267
f 1104/1362/1268 836/1094/1268 1105/1363/1268
f 1105/1363/1269 836/1094/1269 832/1090/1269
f 1105/1363/1270 832/1090/1270 830/1088/1270
f 1100/451/1271 1099/451/1271 1108/451/1271
f 333/429/1272 340/436/1272 1100/1358/1272
f 1100/1358/1273 1108/1366/1273 333/429/1273
f 333/429/1274 1108/1366/1274 1109/1367/1274
f 333/429/1274 1109/1367/1274 334/430/1274
f 334/430/1275 1109/1367/1275 1110/1368/1275
f 334/430/1276 1110/1368/1276 336/432/1276
f 336/432/1277 1110/1368/1277 1111/1369/1277
f 336/432/1277 1111/1369/1277 347/443/1277
f 347/443/1278 1111/1369/1278 1112/1370/1278
f 347/443/1279 1112/1370/1279 322/418/1279
f 322/418/1280 1112/1370/1280 1113/1371/1280
f 322/418/1280 1113/1371/1280 319/415/1280
f 319/415/1281 1113/1371/1281 1114/1372/1281
f 319/415/1281 1114/1372/1281 363/460/1281
f 1115/1373/1282 364/461/1282 363/460/1282
f 822/1080/1283 788/1046/1283 1116/1374/1283
f 1115/451/1284 363/451/1284 1116/451/1284
f 1116/1374/1285 363/460/1285 1114/1372/1285
f 1116/1374/1286 1114/1372/1286 822/1080/1286
f 822/1080/1287 1114/1372/1287 1113/1371/1287
f 822/1080/1287 1113/1371/1287 824/1082/1287
f 824/1082/1288 1113/1371/1288 1112/1370/1288
f 824/1082/1289 1112/1370/1289 826/1084/1289
f 826/1084/1290 1112/1370/1290 1111/1369/1290
f 826/1084/1290 1111/1369/1290 820/1078/1290
f 820/1078/1291 1111/1369/1291 1110/1368/1291
f 820/1078/1291 1110/1368/1291 818/1076/1291
f 818/1076/1292 1110/1368/1292 1109/1367/1292
f 818/1076/1293 1109/1367/1293 816/1074/1293
f 816/1074/1294 1109/1367/1294 1108/1366/1294
f 816/1074/1294 1108/1366/1294 814/1072/1294
f 814/1072/1295 1108/1366/1295 1099/1357/1295
f 814/1072/1296 1099/1357/1296 812/1070/1296
f 807/1065/1297 811/1069/1297 1117/1375/1297
f 1117/1375/1298 811/1069/1298 1107/1365/1298
f 1117/1375/1299 1107/1365/1299 1118/1376/1299
f 1118/1376/1300 1107/1365/1300 1106/1364/1300
f 1118/1376/1301 1106/1364/1301 359/456/1301
f 359/456/1302 1106/1364/1302 1101/1359/1302
f 359/456/1303 1101/1359/1303 332/428/1303
f 1116/1374/1304 788/1046/1304 784/1042/1304
f 1119/451/1305 1115/451/1305 1116/451/1305
f 1115/1373/1306 1119/1377/1306 364/461/1306
f 1116/1374/1307 784/1042/1307 1119/1377/1307
f 1119/1377/1308 784/1042/1308 786/1044/1308
f 1119/1377/1309 786/1044/1309 1120/1378/1309
f 786/1044/1310 792/1050/1310 1120/1378/1310
f 1120/1378/1311 792/1050/1311 795/1053/1311
f 1120/1378/1312 795/1053/1312 1121/1379/1312
f 795/1053/1313 797/1055/1313 1121/1379/1313
f 1121/1379/1314 797/1055/1314 799/1057/1314
f 1121/1379/1315 799/1057/1315 1122/1380/1315
f 1122/1380/1316 799/1057/1316 802/1060/1316
f 1122/1380/1317 802/1060/1317 1118/1376/1317
f 1118/1376/1318 802/1060/1318 801/1059/1318
f 1118/451/1319 801/451/1319 1117/451/1319
f 1117/1375/1320 801/1059/1320 807/1065/1320
f 364/461/1321 1119/1377/1321 360/457/1321
f 360/457/1322 1119/1377/1322 1120/1378/1322
f 360/457/1323 1120/1378/1323 361/458/1323
f 361/458/1324 1120/1378/1324 1121/1379/1324
f 361/458/1325 1121/1379/1325 362/459/1325
f 362/459/1326 1121/1379/1326 1122/1380/1326
f 362/459/1327 1122/1380/1327 365/462/1327
f 365/462/1328 1122/1380/1328 1118/1376/1328
f 365/462/1329 1118/1376/1329 359/456/1329
f 1123/1381/1330 256/352/1330 1124/1382/1330
f 1124/1382/1331 256/352/1331 255/351/1331
f 1124/1382/1331 255/351/1331 1125/1383/1331
f 1125/1383/1332 255/351/1332 237/333/1332
f 1125/1383/1332 237/333/1332 1126/1384/1332
f 1126/1384/1333 237/333/1333 239/335/1333
f 1126/1384/1333 239/335/1333 1127/1385/1333
f 1127/1385/1334 239/335/1334 240/336/1334
f 1127/1385/1334 240/336/1334 1128/1386/1334
f 1128/1386/1335 240/336/1335 243/339/1335
f 1128/1386/1335 243/339/1335 1129/1387/1335
f 1129/1387/1336 243/339/1336 298/394/1336
f 1129/1387/1336 298/394/1336 1130/1388/1336
f 1130/1388/1337 298/394/1337 279/375/1337
f 1130/1388/1337 279/375/1337 1131/1389/1337
f 1131/1389/1338 279/375/1338 278/374/1338
f 1131/1389/1338 278/374/1338 1132/1390/1338
f 1132/1390/1339 278/374/1339 277/373/1339
f 1132/1390/1339 277/373/1339 1133/1391/1339
f 1133/1391/1340 277/373/1340 264/360/1340
f 1133/1391/1340 264/360/1340 1134/1392/1340
f 1134/1392/1341 264/360/1341 263/359/1341
f 1134/1392/1341 263/359/1341 1135/1393/1341
f 1135/1393/1342 263/359/1342 246/342/1342
f 1135/1393/1342 246/342/1342 1136/1394/1342
f 1136/1394/1343 246/342/1343 245/341/1343
f 1136/1394/1343 245/341/1343 1137/1395/1343
f 1137/1395/1344 245/341/1344 287/383/1344
f 1137/1395/1344 287/383/1344 1138/1396/1344
f 1138/1396/1345 287/383/1345 286/382/1345
f 1138/1396/1345 286/382/1345 1139/1397/1345
f 1139/1397/1346 286/382/1346 285/381/1346
f 1139/1397/1346 285/381/1346 1140/1398/1346
f 1140/1398/1347 285/381/1347 327/423/1347
f 1140/1398/1347 327/423/1347 1141/1399/1347
f 1141/1399/1348 327/423/1348 326/422/1348
f 1141/1399/1348 326/422/1348 1142/1400/1348
f 1142/1400/1349 326/422/1349 324/420/1349
f 1142/1400/1349 324/420/1349 1143/1401/1349
f 1143/1401/1350 324/420/1350 323/419/1350
f 1143/1401/1350 323/419/1350 1144/1402/1350
f 1144/1402/1351 323/419/1351 249/345/1351
f 1144/1402/1351 249/345/1351 1145/1403/1351
f 1145/1403/1352 249/345/1352 248/344/1352
f 1145/1403/1352 248/344/1352 1146/1404/1352
f 1146/1404/1353 248/344/1353 258/354/1353
f 1146/1404/1353 258/354/1353 1123/1381/1353
f 1123/1381/1330 258/354/1330 256/352/1330
f 765/1023/1354 1124/1382/1354 766/1024/1354
f 766/1024/1355 1124/1382/1355 1125/1383/1355
f 766/1024/1355 1125/1383/1355 762/1020/1355
f 762/1020/1356 1125/1383/1356 1126/1384/1356
f 762/1020/1356 1126/1384/1356 763/1021/1356
f 763/1021/1357 1126/1384/1357 1127/1385/1357
f 763/1021/1358 1127/1385/1358 759/1017/1358
f 759/1017/1359 1127/1385/1359 1128/1386/1359
f 759/1017/1360 1128/1386/1360 760/1018/1360
f 760/1018/1361 1128/1386/1361 1129/1387/1361
f 760/1018/1362 1129/1387/1362 756/1014/1362
f 756/1014/1363 1129/1387/1363 1130/1388/1363
f 756/1014/1363 1130/1388/1363 757/1015/1363
f 757/1015/1364 1130/1388/1364 1131/1389/1364
f 757/1015/1364 1131/1389/1364 753/1011/1364
f 753/1011/1365 1131/1389/1365 1132/1390/1365
f 753/1011/1365 1132/1390/1365 754/1012/1365
f 754/1012/1366 1132/1390/1366 1133/1391/1366
f 754/1012/1366 1133/1391/1366 750/1008/1366
f 750/1008/1367 1133/1391/1367 1134/1392/1367
f 750/1008/1368 1134/1392/1368 751/1009/1368
f 751/1009/1369 1134/1392/1369 1135/1393/1369
f 751/1009/1370 1135/1393/1370 746/1004/1370
f 746/1004/1371 1135/1393/1371 1136/1394/1371
f 746/1004/1371 1136/1394/1371 779/1037/1371
f 779/1037/1372 1136/1394/1372 1137/1395/1372
f 779/1037/1372 1137/1395/1372 780/1038/1372
f 780/1038/1373 1137/1395/1373 1138/1396/1373
f 780/1038/1373 1138/1396/1373 781/1039/1373
f 781/1039/1374 1138/1396/1374 1139/1397/1374
f 781/1039/1375 1139/1397/1375 777/1035/1375
f 777/1035/1376 1139/1397/1376 1140/1398/1376
f 777/1035/1377 1140/1398/1377 778/1036/1377
f 778/1036/1378 1140/1398/1378 1141/1399/1378
f 778/1036/1379 1141/1399/1379 774/1032/1379
f 774/1032/1380 1141/1399/1380 1142/1400/1380
f 774/1032/1380 1142/1400/1380 775/1033/1380
f 775/1033/1381 1142/1400/1381 1143/1401/1381
f 775/1033/1381 1143/1401/1381 771/1029/1381
f 771/1029/1382 1143/1401/1382 1144/1402/1382
f 771/1029/1382 1144/1402/1382 772/1030/1382
f 772/1030/1383 1144/1402/1383 1145/1403/1383
f 772/1030/1383 1145/1403/1383 768/1026/1383
f 768/1026/1384 1145/1403/1384 1146/1404/1384
f 768/1026/1385 1146/1404/1385 769/1027/1385
f 769/1027/1386 1146/1404/1386 1123/1381/1386
f 769/1027/1387 1123/1381/1387 765/1023/1387
f 765/1023/1354 1123/1381/1354 1124/1382/1354
f 1147/1405/1330 268/364/1330 1148/1406/1330
f 1148/1406/1331 268/364/1331 267/363/1331
f 1148/1406/1331 267/363/1331 1149/1407/1331
f 1149/1407/1332 267/363/1332 282/378/1332
f 1149/1407/1332 282/378/1332 1150/1408/1332
f 1150/1408/1333 282/378/1333 281/377/1333
f 1150/1408/1333 281/377/1333 1151/1409/1333
f 1151/1409/1334 281/377/1334 280/376/1334
f 1151/1409/1334 280/376/1334 1152/1410/1334
f 1152/1410/1335 280/376/1335 316/412/1335
f 1152/1410/1335 316/412/1335 1153/1411/1335
f 1153/1411/1336 316/412/1336 315/411/1336
f 1153/1411/1336 315/411/1336 1154/1412/1336
f 1154/1412/1337 315/411/1337 313/409/1337
f 1154/1412/1337 313/409/1337 1155/1413/1337
f 1155/1413/1338 313/409/1338 312/408/1338
f 1155/1413/1338 312/408/1338 1156/1414/1338
f 1156/1414/1339 312/408/1339 274/370/1339
f 1156/1414/1339 274/370/1339 1157/1415/1339
f 1157/1415/1340 274/370/1340 273/369/1340
f 1157/1415/1340 273/369/1340 1158/1416/1340
f 1158/1416/1341 273/369/1341 292/388/1341
f 1158/1416/1341 292/388/1341 1159/1417/1341
f 1159/1417/1342 292/388/1342 294/390/1342
f 1159/1417/1342 294/390/1342 1160/1418/1342
f 1160/1418/1343 294/390/1343 288/384/1343
f 1160/1418/1343 288/384/1343 1161/1419/1343
f 1161/1419/1344 288/384/1344 290/386/1344
f 1161/1419/1344 290/386/1344 1162/1420/1344
f 1162/1420/1345 290/386/1345 301/397/1345
f 1162/1420/1345 301/397/1345 1163/1421/1345
f 1163/1421/1346 301/397/1346 303/399/1346
f 1163/1421/1346 303/399/1346 1164/1422/1346
f 1164/1422/1347 303/399/1347 320/416/1347
f 1164/1422/1347 320/416/1347 1165/1423/1347
f 1165/1423/1348 320/416/1348 272/368/1348
f 1165/1423/1348 272/368/1348 1166/1424/1348
f 1166/1424/1349 272/368/1349 271/367/1349
f 1166/1424/1349 271/367/1349 1167/1425/1349
f 1167/1425/1350 271/367/1350 284/380/1350
f 1167/1425/1350 284/380/1350 1168/1426/1350
f 1168/1426/1351 284/380/1351 283/379/1351
f 1168/1426/1351 283/379/1351 1169/1427/1351
f 1169/1427/1352 283/379/1352 270/366/1352
f 1169/1427/1352 270/366/1352 1170/1428/1352
f 1170/1428/1353 270/366/1353 269/365/1353
f 1170/1428/1353 269/365/1353 1147/1405/1353
f 1147/1405/1330 269/365/1330 268/364/1330
f 1012/1270/1354 1148/1406/1354 1013/1271/1354
f 1013/1271/1355 1148/1406/1355 1149/1407/1355
f 1013/1271/1355 1149/1407/1355 1009/1267/1355
f 1009/1267/1356 1149/1407/1356 1150/1408/1356
f 1009/1267/1356 1150/1408/1356 1010/1268/1356
f 1010/1268/1388 1150/1408/1388 1151/1409/1388
f 1010/1268/1358 1151/1409/1358 1006/1264/1358
f 1006/1264/1359 1151/1409/1359 1152/1410/1359
f 1006/1264/1360 1152/1410/1360 1007/1265/1360
f 1007/1265/1361 1152/1410/1361 1153/1411/1361
f 1007/1265/1362 1153/1411/1362 1003/1261/1362
f 1003/1261/1363 1153/1411/1363 1154/1412/1363
f 1003/1261/1363 1154/1412/1363 1004/1262/1363
f 1004/1262/1364 1154/1412/1364 1155/1413/1364
f 1004/1262/1364 1155/1413/1364 1000/1258/1364
f 1000/1258/1365 1155/1413/1365 1156/1414/1365
f 1000/1258/1365 1156/1414/1365 1001/1259/1365
f 1001/1259/1366 1156/1414/1366 1157/1415/1366
f 1001/1259/1366 1157/1415/1366 997/1255/1366
f 997/1255/1367 1157/1415/1367 1158/1416/1367
f 997/1255/1367 1158/1416/1367 998/1256/1367
f 998/1256/1370 1158/1416/1370 1159/1417/1370
f 998/1256/1369 1159/1417/1369 993/1251/1369
f 993/1251/1371 1159/1417/1371 1160/1418/1371
f 993/1251/1371 1160/1418/1371 1026/1284/1371
f 1026/1284/1372 1160/1418/1372 1161/1419/1372
f 1026/1284/1372 1161/1419/1372 1027/1285/1372
f 1027/1285/1389 1161/1419/1389 1162/1420/1389
f 1027/1285/1389 1162/1420/1389 1028/1286/1389
f 1028/1286/1375 1162/1420/1375 1163/1421/1375
f 1028/1286/1374 1163/1421/1374 1024/1282/1374
f 1024/1282/1376 1163/1421/1376 1164/1422/1376
f 1024/1282/1377 1164/1422/1377 1025/1283/1377
f 1025/1283/1378 1164/1422/1378 1165/1423/1378
f 1025/1283/1379 1165/1423/1379 1021/1279/1379
f 1021/1279/1380 1165/1423/1380 1166/1424/1380
f 1021/1279/1380 1166/1424/1380 1022/1280/1380
f 1022/1280/1381 1166/1424/1381 1167/1425/1381
f 1022/1280/1381 1167/1425/1381 1018/1276/1381
f 1018/1276/1382 1167/1425/1382 1168/1426/1382
f 1018/1276/1382 1168/1426/1382 1019/1277/1382
f 1019/1277/1383 1168/1426/1383 1169/1427/1383
f 1019/1277/1383 1169/1427/1383 1015/1273/1383
f 1015/1273/1384 1169/1427/1384 1170/1428/1384
f 1015/1273/1385 1170/1428/1385 1016/1274/1385
f 1016/1274/1386 1170/1428/1386 1147/1405/1386
f 1016/1274/1387 1147/1405/1387 1012/1270/1387
f 1012/1270/1354 1147/1405/1354 1148/1406/1354
f 1171/1429/1390 1172/1430/1390 1173/1431/1390
f 1174/451/1391 674/451/1391 676/451/1391
f 1174/1432/1392 676/914/1392 1175/1433/1392
f 1175/1433/1393 1176/1434/1393 1177/1435/1393
f 1177/1436/1394 1176/1437/1394 1178/1438/1394
f 1179/451/1395 1180/451/1395 1181/451/1395
f 1181/1439/1396 1180/1440/1396 1182/1441/1396
f 1181/1442/1397 1182/1443/1397 1176/1444/1397
f 1176/1437/1398 1182/1445/1398 1183/1446/1398
f 1176/1437/1399 1183/1446/1399 1178/1438/1399
f 1181/1447/1400 1184/1448/1400 1179/1449/1400
f 1179/1449/1401 1184/1448/1401 725/983/1401
f 1179/1449/1402 725/983/1402 726/984/1402
f 1185/451/1403 1186/451/1403 723/451/1403
f 1171/1450/1404 1187/1451/1404 1172/1452/1404
f 1172/1452/1405 1187/1451/1405 1188/1453/1405
f 1172/1452/1406 1188/1453/1406 1185/1454/1406
f 1185/1454/1407 1188/1453/1407 1189/1455/1407
f 1185/1454/1408 1189/1455/1408 1186/1456/1408
f 1173/1431/1409 680/920/1409 681/921/1409
f 681/451/1410 684/451/1411 1190/451/1410
f 1190/1457/1412 1191/1458/1412 681/921/1412
f 681/921/1413 1191/1458/1413 1192/1459/1413
f 681/921/1414 1192/1459/1414 1173/1431/1414
f 1173/1460/1415 1192/1461/1415 1193/1462/1415
f 1173/1460/1416 1193/1462/1416 1171/1463/1416
f 1175/1433/1417 676/914/1417 1176/1434/1417
f 1176/1434/1418 676/914/1418 678/916/1418
f 1176/1464/1419 678/917/1419 680/920/1419
f 680/920/1419 1173/1431/1419 1176/1464/1419
f 1176/1464/1420 1173/1431/1420 1172/1430/1420
f 1176/1464/1421 1172/1430/1421 1181/1465/1421
f 1181/1447/1422 1172/1452/1422 1185/1454/1422
f 1181/1447/1423 1185/1454/1423 1184/1448/1423
f 1184/1448/1424 1185/1454/1424 723/981/1424
f 1184/1448/1425 723/981/1425 725/983/1425
f 712/451/1426 1194/451/1426 1195/451/1426
f 1196/1466/1427 1197/1467/1427 1198/1468/1427
f 701/959/1428 700/958/1428 1199/1469/1428
f 1199/1469/1429 700/958/1429 1200/1470/1429
f 1199/1469/1430 1200/1470/1430 1201/1471/1430
f 1201/1471/1431 1200/1470/1431 1202/1472/1431
f 1202/1472/1432 1200/1470/1432 1203/1473/1432
f 1202/1472/1433 1203/1473/1433 1204/1474/1433
f 1204/1475/1434 1203/1476/1434 1205/1477/1434
f 1204/1478/1435 1205/1479/1435 1206/1480/1435
f 1205/1477/1436 618/832/1436 620/834/1436
f 623/451/1437 1207/451/1437 620/451/1437
f 620/834/1438 1207/1481/1438 1208/1482/1438
f 620/834/1439 1208/1482/1439 1205/1477/1439
f 1205/1477/1440 1208/1482/1440 1209/1483/1440
f 1205/1477/1441 1209/1483/1441 1206/1484/1441
f 1198/1468/1442 617/831/1442 618/832/1442
f 1210/451/1443 613/451/1443 615/451/1443
f 1210/1485/1444 615/829/1444 1211/1486/1444
f 617/831/1445 1198/1468/1445 615/829/1445
f 615/829/1446 1198/1468/1446 1197/1467/1446
f 615/829/1447 1197/1467/1447 1211/1486/1447
f 1194/1487/1448 1212/1488/1448 1195/1489/1448
f 1195/451/1449 1212/451/1449 1213/451/1449
f 1195/1489/1450 1213/1490/1450 1214/1491/1450
f 1214/1491/1451 1213/1490/1451 1215/1492/1451
f 1214/1493/1452 1215/1494/1452 1198/1468/1452
f 1198/451/1453 1215/451/1454 1216/451/1454
f 1198/1495/1455 1216/1496/1455 1196/1497/1455
f 618/832/1456 1205/1477/1456 1198/1468/1456
f 1198/1468/1457 1205/1477/1457 1203/1476/1457
f 1198/1468/1458 1203/1476/1458 1214/1493/1458
f 1214/1491/1459 1203/1473/1459 1200/1470/1459
f 1214/1491/1460 1200/1470/1460 1195/1489/1460
f 1195/1489/1461 1200/1470/1461 700/958/1461
f 1195/1489/1462 700/958/1462 712/970/1462
f 1217/451/1463 1218/451/1463 1219/451/1463
f 1219/1498/1464 743/1001/1464 745/1003/1464
f 741/999/1465 743/1001/1465 1220/1499/1465
f 1220/1499/1466 743/1001/1466 1219/1498/1466
f 1220/1499/1467 1219/1498/1467 1221/1500/1467
f 1221/1500/1468 1219/1498/1468 1218/1501/1468
f 613/451/1469 1210/451/1469 1222/451/1469
f 1222/451/1470 1210/451/1470 1211/451/1471
f 1197/1467/1472 1196/1466/1472 1217/1502/1472
f 1197/1467/1473 1217/1502/1473 1211/1486/1473
f 1211/1486/1474 1217/1502/1474 1219/1503/1474
f 1211/1486/1475 1219/1503/1475 1222/1504/1475
f 1222/451/1476 1219/451/1476 745/451/1476
f 1222/451/1477 745/451/1477 613/451/1477
f 1218/451/1478 1217/451/1478 1223/451/1479
f 1221/451/1480 1218/451/1480 1224/451/1480
f 1224/1505/1481 1218/1506/1481 1223/1507/1481
f 1224/1505/1482 1223/1507/1482 1225/1508/1482
f 1225/1509/1483 1223/1510/1483 1226/1511/1483
f 1225/1509/1484 1226/1511/1484 1227/1512/1484
f 1226/451/1485 1228/451/1485 1229/451/1485
f 1229/1513/1486 1230/1514/1486 1226/1511/1486
f 1226/1511/1487 1230/1514/1487 1231/1515/1487
f 1226/1511/1488 1231/1515/1488 1227/1512/1488
f 712/970/1489 1228/1516/1489 1194/1487/1489
f 1194/1487/1490 1228/1516/1490 1226/1511/1490
f 1194/1487/1491 1226/1511/1491 1212/1488/1491
f 1212/1488/1492 1226/1511/1492 1213/1490/1492
f 1213/1490/1493 1226/1511/1493 1215/1492/1493
f 1215/1517/1494 1226/1518/1494 1223/1519/1494
f 1215/451/1495 1223/451/1495 1216/451/1495
f 1216/1520/1496 1223/1521/1496 1217/1502/1496
f 1216/1520/1497 1217/1502/1497 1196/1466/1497
f 1232/1522/1498 1233/1523/1498 1234/1524/1498
f 1235/1525/1499 1230/1514/1499 1229/1513/1499
f 1236/1526/1500 1232/1522/1500 1237/1527/1500
f 1237/1527/1501 1232/1522/1501 1234/1524/1501
f 1237/1527/1502 1234/1524/1502 1238/1528/1502
f 1238/1528/1503 1234/1524/1503 710/968/1503
f 1238/1528/1504 710/968/1504 708/966/1504
f 1233/1523/1505 1235/1525/1505 1234/1524/1505
f 1234/1524/1506 1235/1525/1506 1229/1513/1506
f 1234/1524/1507 1229/1513/1507 710/968/1507
f 710/451/1508 1229/451/1509 1228/451/1509
f 710/968/1510 1228/1516/1510 711/969/1510
f 711/969/1511 1228/1516/1511 712/970/1511
f 1239/451/1512 1190/451/1512 684/451/1512
f 1239/451/1513 684/451/1513 736/451/1513
f 1240/451/1514 1241/451/1514 1242/451/1514
f 1243/1529/1515 738/996/1515 740/998/1515
f 1191/1458/1516 1190/1457/1516 1243/1529/1516
f 1243/451/1517 1190/451/1517 1239/451/1517
f 1243/1529/1518 1239/1530/1518 738/996/1518
f 738/451/1519 1239/451/1519 736/451/1519
f 740/998/1520 1240/1531/1520 1243/1529/1520
f 1243/1529/1521 1240/1531/1521 1242/1532/1521
f 1243/1529/1522 1242/1532/1522 1191/1458/1522
f 1191/451/1523 1242/451/1523 1244/451/1523
f 1191/1458/1524 1244/1533/1524 1192/1459/1524
f 1192/1459/1525 1244/1533/1525 1193/1534/1525
f 708/966/1526 705/963/1526 1238/1528/1526
f 1238/1528/1527 705/963/1527 1245/1535/1527
f 1238/1528/1528 1245/1535/1528 1246/1536/1528
f 1245/1535/1528 1247/1537/1528 1246/1536/1528
f 1246/1536/1528 1247/1537/1528 1248/1538/1528
f 1246/1536/1528 1248/1538/1528 1236/1526/1528
f 1249/1539/1529 1250/1540/1529 1251/1541/1529
f 1250/1540/1530 1249/1539/1530 1252/1542/1530
f 1252/1543/1531 1249/1544/1531 1253/1545/1531
f 1252/451/1532 1253/451/1532 1254/451/1532
f 723/981/1533 1186/1456/1533 1255/1546/1533
f 1255/1546/1534 1186/1456/1534 1249/1539/1534
f 1255/451/1535 1249/451/1535 1256/451/1535
f 1256/1547/1536 1249/1539/1536 1251/1541/1536
f 1186/1456/1537 1189/1455/1537 1249/1539/1537
f 1249/1539/1538 1189/1455/1538 1188/1453/1538
f 1249/1539/1539 1188/1453/1539 1253/1548/1539
f 1253/1549/1540 1188/1550/1540 1187/1551/1540
f 1253/451/1541 1187/451/1541 1171/451/1541
f 1241/451/1542 1254/451/1542 1242/451/1542
f 1242/1552/1543 1254/1553/1543 1253/1554/1543
f 1242/451/1544 1253/451/1544 1244/451/1544
f 1244/1533/1545 1253/1555/1545 1171/1429/1545
f 1244/1533/1546 1171/1429/1546 1193/1534/1546
f 1255/451/1547 1256/451/1547 1257/451/1547
f 705/963/1548 719/977/1548 1245/1535/1548
f 1245/1535/1549 719/977/1549 721/979/1549
f 1245/1535/1550 721/979/1550 1258/1537/1550
f 1257/1556/1551 1259/1557/1551 1260/1558/1551
f 1259/1557/1552 1257/1556/1552 1261/1559/1552
f 1261/1559/1553 1257/1556/1553 1256/1547/1553
f 1261/1559/1554 1256/1547/1554 1251/1541/1554
f 723/981/1555 1255/1546/1555 721/979/1555
f 721/979/1556 1255/1546/1556 1257/1556/1556
f 721/979/1557 1257/1556/1557 1258/1537/1557
f 1258/1537/1558 1257/1556/1558 1260/1558/1558
f 1258/1537/1559 1260/1558/1559 1248/1538/1559
f 1174/451/1560 1262/451/1560 674/451/1560
f 735/451/1561 1262/451/1561 733/451/1561
f 733/1560/1562 1262/1561/1562 1263/1562/1562
f 733/451/1563 1263/451/1563 1264/451/1563
f 1265/1563/1564 1266/1564/1564 1263/1565/1564
f 1263/1565/1565 1266/1564/1565 1267/1566/1565
f 1263/1565/1566 1267/1566/1566 1264/1567/1566
f 1262/451/1567 1174/451/1567 1263/451/1567
f 1263/1565/1568 1174/1432/1568 1175/1433/1568
f 1263/1565/1568 1175/1433/1568 1177/1435/1568
f 735/451/1569 674/451/1569 1262/451/1569
f 1177/1435/1570 1178/1568/1570 1263/1565/1570
f 1263/1565/1571 1178/1568/1571 1268/1569/1571
f 1263/451/1572 1268/451/1572 1265/451/1572
f 1179/1449/1573 726/984/1573 1269/1570/1573
f 1270/451/1574 1266/451/1574 1265/451/1574
f 1271/1571/1575 1272/1572/1575 1273/1573/1575
f 1273/1573/1576 1272/1572/1576 1270/1574/1576
f 1273/1575/1577 1270/1576/1577 1274/1577/1577
f 1274/451/1578 1270/451/1578 1265/451/1578
f 1274/451/1579 1265/451/1579 1268/451/1579
f 1180/451/1580 1179/451/1580 1273/451/1580
f 1273/1573/1581 1179/1449/1581 1269/1570/1581
f 1273/1573/1582 1269/1570/1582 1271/1571/1582
f 1271/451/1583 1269/451/1583 1275/451/1583
f 1271/1571/1584 1275/1578/1584 1276/1579/1584
f 1180/1440/1585 1273/1580/1585 1182/1441/1585
f 1182/1581/1586 1273/1575/1586 1274/1577/1586
f 1182/451/1587 1274/451/1587 1183/451/1587
f 1183/1582/1588 1274/1583/1588 1268/1569/1588
f 1183/1582/1589 1268/1569/1589 1178/1568/1589
f 1277/1584/1590 1278/1585/1590 1279/1586/1590
f 1280/1587/1591 1281/1588/1591 1282/1589/1591
f 1283/1590/1592 1276/1579/1592 1275/1578/1592
f 1280/1587/1593 1282/1589/1593 1284/1591/1593
f 1284/1591/1594 1285/1592/1594 1286/1593/1594
f 1286/1593/1595 1285/1592/1595 1287/1594/1595
f 1286/1593/1596 1287/1594/1596 1288/1595/1596
f 1289/1596/1597 1290/1597/1597 1287/1594/1597
f 1287/1594/1598 1290/1597/1598 1291/1598/1598
f 1287/1594/1596 1291/1598/1596 1288/1595/1596
f 1279/1586/1599 1292/1599/1599 1293/1600/1599
f 1292/1599/1600 1279/1586/1600 1294/1601/1600
f 1294/1601/1601 1279/1586/1601 1278/1585/1601
f 1294/1601/1602 1278/1585/1602 1295/1602/1602
f 729/987/1603 1277/1584/1603 716/974/1603
f 716/974/1604 1277/1584/1604 1279/1586/1604
f 716/974/1605 1279/1586/1605 1289/1596/1605
f 1289/1596/1606 1279/1586/1606 1293/1600/1606
f 1289/1596/1607 1293/1600/1607 1290/1597/1607
f 720/978/1608 718/976/1608 1285/1592/1608
f 1285/1592/1608 718/976/1608 717/975/1608
f 1285/1592/1609 717/975/1609 1287/1594/1609
f 1287/1594/1610 717/975/1610 704/962/1610
f 1287/1594/1611 704/962/1611 1289/1596/1611
f 1289/1596/1612 704/962/1612 703/961/1612
f 1289/1596/1612 703/961/1612 716/974/1612
f 1284/1591/1613 1282/1589/1613 1285/1592/1613
f 1285/1592/1614 1282/1589/1614 722/980/1614
f 1285/1592/1615 722/980/1615 720/978/1615
f 1281/1588/1616 1283/1590/1616 1282/1589/1616
f 1282/1589/1617 1283/1590/1617 1275/1578/1617
f 1282/1589/1618 1275/1578/1618 722/980/1618
f 722/451/1619 1275/451/1619 1269/451/1619
f 722/980/1620 1269/1570/1620 724/982/1620
f 724/982/1621 1269/1570/1621 726/984/1621
f 1296/451/1622 1207/451/1622 623/451/1622
f 623/451/1623 730/451/1623 1296/451/1623
f 1296/451/1624 730/451/1624 732/451/1624
f 1296/1603/1625 732/990/1625 1297/1604/1625
f 1297/451/1626 732/451/1626 1298/451/1626
f 1297/1604/1627 1298/1605/1627 1299/1606/1627
f 1300/451/1628 1297/451/1628 1301/451/1628
f 1301/1607/1629 1297/1604/1629 1299/1606/1629
f 1301/451/1630 1299/451/1630 1302/451/1630
f 1207/451/1631 1296/451/1631 1208/451/1631
f 1208/1482/1632 1296/1603/1632 1297/1604/1632
f 1208/1482/1633 1297/1604/1633 1209/1483/1633
f 1209/1483/1634 1297/1604/1634 1300/1608/1634
f 1209/1483/1635 1300/1608/1635 1206/1484/1635
f 729/987/1636 728/986/1636 1303/1609/1636
f 729/987/1636 1303/1609/1636 1277/1584/1636
f 1277/1584/1637 1303/1609/1637 1304/1610/1637
f 1277/1584/1638 1304/1610/1638 1305/1611/1638
f 1305/1611/1639 1304/1610/1639 1306/1612/1639
f 1305/1611/1639 1306/1612/1639 1295/1602/1639
f 1307/1613/1640 1308/1614/1640 1309/1615/1640
f 1309/1615/1641 1308/1614/1641 1310/1616/1641
f 1309/451/1642 1310/451/1642 1311/451/1642
f 1312/1617/1643 1313/1618/1643 1309/1619/1643
f 1309/1619/1644 1313/1618/1644 1314/1620/1644
f 1309/1615/1645 1314/1621/1645 1307/1613/1645
f 1311/1622/1646 701/959/1646 1199/1469/1646
f 1311/1622/1647 1199/1469/1647 1309/1615/1647
f 1309/451/1648 1199/451/1648 1201/451/1648
f 1309/1623/1649 1201/1624/1649 1312/1625/1649
f 1312/1626/1650 1201/1627/1650 1202/1628/1650
f 1312/451/1651 1202/451/1651 1204/451/1651
f 1302/451/1652 1313/451/1652 1301/451/1652
f 1301/1607/1653 1313/1618/1653 1312/1617/1653
f 1301/451/1654 1312/451/1654 1300/451/1654
f 1300/1608/1655 1312/1617/1655 1204/1475/1655
f 1300/1608/1656 1204/1475/1656 1206/1484/1656
f 1315/1629/1657 1306/1612/1657 1316/1630/1657
f 728/986/1658 727/985/1658 1303/1609/1658
f 1303/451/1659 727/451/1659 715/451/1659
f 1303/1609/1660 715/973/1660 1316/1630/1660
f 1315/1629/1661 1316/1630/1661 1317/1631/1661
f 1316/1630/1662 1318/1632/1662 1317/1631/1662
f 1317/1631/1663 1318/1632/1663 1319/1633/1663
f 1317/1631/1664 1319/1633/1664 1320/1634/1664
f 1320/1634/1665 1319/1633/1665 1321/1635/1665
f 1321/1635/1666 1319/1633/1666 1322/1636/1666
f 1321/1635/1667 1322/1636/1667 1323/1637/1667
f 1324/1638/1668 1325/1639/1668 1323/1637/1668
f 1325/1639/1669 1324/1638/1669 1326/1640/1669
f 1326/1640/1670 1324/1638/1670 1327/1641/1670
f 1326/1640/1671 1327/1641/1671 1328/1642/1671
f 1310/1616/1672 1308/1614/1672 1327/1641/1672
f 1327/1641/1673 1308/1614/1673 1329/1643/1673
f 1327/1641/1671 1329/1643/1671 1328/1642/1671
f 1316/1630/1674 715/973/1674 1318/1632/1674
f 1318/1632/1675 715/973/1675 714/972/1675
f 1318/1632/1676 714/972/1676 1319/1633/1676
f 1319/1633/1677 714/972/1677 713/971/1677
f 1319/1633/1678 713/971/1678 1322/1636/1678
f 1322/1636/1679 713/971/1679 709/967/1679
f 1322/1636/1679 709/967/1679 707/965/1679
f 1323/1637/1680 1322/1636/1680 1324/1638/1680
f 1324/1638/1681 1322/1636/1681 707/965/1681
f 1324/1638/1682 707/965/1682 1327/1641/1682
f 1327/1641/1683 707/965/1683 706/964/1683
f 1327/1641/1684 706/964/1684 702/960/1684
f 1310/451/1685 1327/451/1685 1311/451/1685
f 1311/1622/1686 1327/1641/1686 702/960/1686
f 1311/1622/1687 702/960/1687 701/959/1687
f 764/1644/1688 1330/1645/1688 767/1646/1688
f 767/1646/1688 1330/1645/1688 1331/1647/1688
f 767/1646/1689 1331/1647/1689 770/1648/1689
f 770/1648/1690 1331/1647/1690 1332/1649/1690
f 770/1648/1691 1332/1649/1691 773/1650/1691
f 773/1650/1692 1332/1649/1692 1333/1651/1692
f 773/1652/1693 1333/1653/1693 776/1654/1693
f 776/1654/1693 1333/1653/1693 1334/1655/1693
f 776/1654/1694 1334/1655/1694 747/1656/1694
f 747/1656/1695 1334/1655/1695 1335/1657/1695
f 747/1005/1696 1335/1658/1696 748/1006/1696
f 748/1006/1696 1335/1658/1696 1336/1659/1696
f 748/1660/1697 1336/1661/1697 749/1662/1697
f 749/1662/1698 1336/1661/1698 1337/1663/1698
f 749/1662/1699 1337/1663/1699 752/1664/1699
f 752/1664/1700 1337/1663/1700 1338/1665/1700
f 752/1664/1701 1338/1665/1701 755/1666/1701
f 755/1666/1702 1338/1665/1702 1339/1667/1702
f 755/1668/1703 1339/1669/1703 758/1670/1703
f 758/1670/1704 1339/1669/1704 1340/1671/1704
f 758/1670/1705 1340/1671/1705 761/1672/1705
f 761/1672/1706 1340/1671/1706 1341/1673/1706
f 761/1672/1707 1341/1673/1707 764/1674/1707
f 764/1674/1707 1341/1673/1707 1330/1675/1707
f 1330/1645/1708 563/755/1708 1331/1647/1708
f 1331/1647/1708 563/755/1708 561/753/1708
f 1331/1647/1709 561/753/1709 1332/1649/1709
f 1332/1649/1710 561/753/1710 559/751/1710
f 1332/1649/1711 559/751/1711 1333/1651/1711
f 1333/1651/1712 559/751/1712 557/749/1712
f 1333/1653/1713 557/747/1713 1334/1655/1713
f 1334/1655/1713 557/747/1713 555/745/1713
f 1334/1655/1714 555/745/1714 1335/1657/1714
f 1335/1657/1715 555/745/1715 577/775/1715
f 1335/1657/1716 577/775/1716 1336/1676/1716
f 1336/1676/1717 577/775/1717 575/773/1717
f 1336/1661/1718 575/771/1718 1337/1663/1718
f 1337/1663/1718 575/771/1718 573/769/1718
f 1337/1663/1719 573/769/1719 1338/1665/1719
f 1338/1665/1720 573/769/1720 571/767/1720
f 1338/1665/1721 571/767/1721 1339/1667/1721
f 1339/1667/1722 571/767/1722 569/765/1722
f 1339/1669/1723 569/763/1723 1340/1671/1723
f 1340/1671/1723 569/763/1723 567/761/1723
f 1340/1671/1724 567/761/1724 1341/1673/1724
f 1341/1673/1724 567/761/1724 565/759/1724
f 1341/1673/1725 565/759/1725 1330/1675/1725
f 1330/1675/1725 565/759/1725 563/757/1725
f 1011/1677/1688 1342/1678/1688 1014/1679/1688
f 1014/1679/1688 1342/1678/1688 1343/1680/1688
f 1014/1679/1689 1343/1680/1689 1017/1681/1689
f 1017/1681/1690 1343/1680/1690 1344/1682/1690
f 1017/1681/1691 1344/1682/1691 1020/1683/1691
f 1020/1683/1692 1344/1682/1692 1345/1684/1692
f 1020/1685/1726 1345/1686/1726 1023/1687/1726
f 1023/1687/1727 1345/1686/1727 1346/1688/1727
f 1023/1687/1728 1346/1688/1728 994/1689/1728
f 994/1689/1695 1346/1688/1695 1347/1690/1695
f 994/1252/1729 1347/1691/1729 995/1253/1729
f 995/1253/1730 1347/1691/1730 1348/1692/1730
f 995/1693/1731 1348/1694/1731 996/1695/1731
f 996/1695/1698 1348/1694/1698 1349/1696/1698
f 996/1695/1699 1349/1696/1699 999/1697/1699
f 999/1697/1700 1349/1696/1700 1350/1698/1700
f 999/1697/1701 1350/1698/1701 1002/1699/1701
f 1002/1699/1702 1350/1698/1702 1351/1700/1702
f 1002/1701/1703 1351/1702/1703 1005/1703/1703
f 1005/1703/1704 1351/1702/1704 1352/1704/1704
f 1005/1703/1705 1352/1704/1705 1008/1705/1705
f 1008/1705/1705 1352/1704/1705 1353/1706/1705
f 1008/1705/1707 1353/1706/1707 1011/1707/1707
f 1011/1707/1707 1353/1706/1707 1342/1708/1707
f 1342/1678/1732 539/711/1732 1343/1680/1732
f 1343/1680/1708 539/711/1708 537/709/1708
f 1343/1680/1709 537/709/1709 1344/1682/1709
f 1344/1682/1710 537/709/1710 535/707/1710
f 1344/1682/1711 535/707/1711 1345/1684/1711
f 1345/1684/1712 535/707/1712 533/705/1712
f 1345/1686/1713 533/703/1713 1346/1688/1713
f 1346/1688/1713 533/703/1713 531/701/1713
f 1346/1688/1714 531/701/1714 1347/1690/1714
f 1347/1690/1714 531/701/1714 553/731/1714
f 1347/1690/1717 553/731/1717 1348/1709/1717
f 1348/1709/1717 553/731/1717 551/729/1717
f 1348/1694/1718 551/727/1718 1349/1696/1718
f 1349/1696/1718 551/727/1718 549/725/1718
f 1349/1696/1719 549/725/1719 1350/1698/1719
f 1350/1698/1720 549/725/1720 547/723/1720
f 1350/1698/1721 547/723/1721 1351/1700/1721
f 1351/1700/1722 547/723/1722 545/721/1722
f 1351/1702/1723 545/719/1723 1352/1704/1723
f 1352/1704/1733 545/719/1733 543/717/1733
f 1352/1704/1734 543/717/1734 1353/1706/1734
f 1353/1706/1724 543/717/1724 541/715/1724
f 1353/1706/1725 541/715/1725 1342/1708/1725
f 1342/1708/1735 541/715/1735 539/713/1735
f 1354/1710/1736 731/989/1736 622/836/1736
f 851/1711/1737 853/1712/1737 1355/1713/1737
f 1355/1713/1738 853/1712/1738 1354/1710/1738
f 1355/451/1739 1354/451/1739 1356/451/1739
f 1356/1714/1740 1354/1710/1740 622/836/1740
f 732/990/1741 731/989/1741 1357/1715/1741
f 1357/1715/1741 731/989/1741 1354/1710/1741
f 1357/1715/1742 1354/1710/1742 854/1716/1742
f 854/1716/1743 1354/1710/1743 853/1712/1743
f 1357/1715/1744 854/1716/1744 1358/1717/1744
f 1358/1717/1745 854/1716/1745 829/1718/1745
f 829/1718/1746 831/1719/1746 1358/1717/1746
f 1358/1717/1747 831/1719/1747 833/1720/1747
f 1358/1717/1748 833/1720/1748 1359/1721/1748
f 732/990/1749 1357/1715/1749 1298/1605/1749
f 1298/1605/1750 1357/1715/1750 1358/1717/1750
f 1298/1605/1751 1358/1717/1751 1299/1606/1751
f 1299/1606/1752 1358/1717/1752 1359/1721/1752
f 1299/1606/1753 1359/1721/1753 1302/1722/1753
f 1360/451/1754 1361/451/1754 1362/451/1754
f 858/1723/1755 1363/1724/1755 860/1725/1755
f 860/1725/1756 1363/1724/1756 1364/1726/1756
f 860/1725/1757 1364/1726/1757 862/1727/1757
f 862/1120/1758 1364/1728/1758 1365/1729/1758
f 862/1120/1759 1365/1729/1759 873/1131/1759
f 873/451/1760 1365/451/1760 872/451/1760
f 872/1730/1761 1365/1731/1761 1366/1732/1761
f 872/1730/1762 1366/1732/1762 870/1733/1762
f 870/1733/1763 1366/1732/1763 868/1734/1763
f 868/1734/1764 1366/1732/1764 1362/1735/1764
f 868/1734/1765 1362/1735/1765 866/1736/1765
f 866/1736/1766 1362/1735/1766 1361/1737/1766
f 866/1736/1767 1361/1737/1767 864/1738/1767
f 638/856/1768 1360/1739/1768 636/854/1768
f 636/854/1769 1360/1739/1769 1362/1735/1769
f 636/854/1770 1362/1735/1770 635/853/1770
f 635/853/1771 1362/1735/1771 1366/1732/1771
f 635/853/1771 1366/1732/1771 633/851/1771
f 633/851/1772 1366/1732/1772 1365/1731/1772
f 621/451/1773 632/451/1773 1363/451/1773
f 1363/1724/1774 632/850/1774 631/849/1774
f 1363/1724/1775 631/849/1775 1364/1726/1775
f 1364/1740/1776 631/847/1776 629/845/1776
f 1364/1740/1777 629/845/1777 1365/1731/1777
f 1365/1731/1777 629/845/1777 628/844/1777
f 1365/1731/1772 628/844/1772 633/851/1772
f 858/1723/1778 851/1711/1778 1363/1724/1778
f 1363/1724/1779 851/1711/1779 1355/1713/1779
f 1363/1724/1780 1355/1713/1780 621/835/1780
f 621/451/1781 1355/451/1782 1356/451/1783
f 621/835/1784 1356/1714/1784 622/836/1784
f 1367/1741/1785 1359/1742/1785 834/1092/1785
f 834/1092/1786 1359/1742/1786 833/1091/1786
f 834/1092/1787 835/1093/1787 1367/1741/1787
f 1367/1741/1788 835/1093/1788 1368/1743/1788
f 1367/1741/1789 1368/1743/1789 1308/1614/1789
f 1308/1744/1790 1307/1745/1790 1367/1746/1790
f 1367/451/1791 1307/451/1791 1314/451/1791
f 1367/1747/1792 1314/1620/1792 1359/1721/1792
f 1359/1721/1793 1314/1620/1793 1313/1618/1793
f 1359/1721/1794 1313/1618/1794 1302/1722/1794
f 638/856/1795 582/792/1795 1369/1748/1795
f 906/1749/1796 864/1738/1796 1361/1737/1796
f 906/1749/1797 1361/1737/1797 1369/1748/1797
f 1369/1748/1798 1361/1737/1798 1360/1739/1798
f 1369/1748/1799 1360/1739/1799 638/856/1799
f 850/451/1800 810/451/1800 1306/451/1800
f 1368/451/1801 835/451/1801 837/451/1801
f 1306/451/1802 1315/451/1802 850/451/1802
f 850/451/1803 1315/451/1803 1317/451/1803
f 850/1108/1804 1317/1631/1804 848/1106/1804
f 848/451/1805 1317/451/1805 1320/451/1805
f 848/1106/1806 1320/1634/1806 847/1105/1806
f 847/1105/1807 1320/1634/1807 1321/1635/1807
f 847/451/1808 1321/451/1808 845/451/1808
f 845/1103/1809 1321/1635/1809 1323/1637/1809
f 845/1103/1810 1323/1637/1810 843/1101/1810
f 843/1101/1811 1323/1637/1811 1325/1639/1811
f 843/1101/1812 1325/1639/1812 842/1100/1812
f 842/1100/1813 1325/1639/1813 1326/1640/1813
f 842/451/1814 1326/451/1814 840/451/1814
f 840/1098/1815 1326/1640/1815 1328/1642/1815
f 840/1098/1816 1328/1642/1816 838/1096/1816
f 838/1096/1817 1328/1642/1817 1329/1643/1817
f 838/1096/1818 1329/1643/1818 837/1095/1818
f 837/1095/1819 1329/1643/1819 1308/1614/1819
f 837/451/1820 1308/451/1820 1368/451/1820
f 1370/1750/1821 591/803/1821 590/802/1821
f 1371/1751/1822 910/1752/1822 912/1753/1822
f 608/822/1823 607/821/1823 1372/1754/1823
f 1372/1754/1824 607/821/1824 605/819/1824
f 1372/1754/1824 605/819/1824 1373/1755/1824
f 1373/1755/1825 605/819/1825 604/818/1825
f 1373/1755/1826 604/818/1826 1371/1751/1826
f 608/822/1827 1372/1754/1827 603/817/1827
f 603/817/1828 1372/1754/1828 1374/1756/1828
f 603/817/1829 1374/1756/1829 1375/1757/1829
f 1376/1758/1830 598/812/1830 1377/1759/1830
f 1377/1759/1831 598/812/1831 600/814/1831
f 1377/1759/1831 600/814/1831 1375/1757/1831
f 1375/1757/1832 600/814/1832 601/815/1832
f 1375/1757/1829 601/815/1829 603/817/1829
f 579/789/1833 578/788/1833 1378/1760/1833
f 1378/1760/1834 578/788/1834 597/809/1834
f 1378/1760/1835 597/809/1835 1379/1761/1835
f 1379/1761/1836 597/809/1836 596/808/1836
f 1379/1761/1837 596/808/1837 1380/1762/1837
f 1380/1762/1838 596/808/1838 594/806/1838
f 1380/1762/1839 594/806/1839 1376/1763/1839
f 1376/1763/1839 594/806/1839 593/805/1839
f 1376/1758/1840 593/810/1840 598/812/1840
f 579/789/1833 1378/1760/1833 590/802/1833
f 590/802/1841 1378/1760/1841 1381/1764/1841
f 590/802/1842 1381/1764/1842 1370/1750/1842
f 591/803/1843 1370/1750/1843 592/804/1843
f 592/804/1843 1370/1750/1843 1382/1765/1843
f 592/804/1844 1382/1765/1844 588/800/1844
f 588/800/1845 1382/1765/1845 1383/1766/1845
f 588/800/1846 1383/1766/1846 589/801/1846
f 1371/1751/1847 912/1753/1847 1373/1755/1847
f 1373/1755/1848 912/1753/1848 914/1767/1848
f 1373/1755/1849 914/1767/1849 1372/1754/1849
f 1372/1754/1850 914/1767/1850 916/1768/1850
f 1372/1754/1851 916/1768/1851 1374/1756/1851
f 1374/1756/1852 916/1768/1852 918/1769/1852
f 1374/1756/1853 918/1769/1853 1375/1757/1853
f 1375/1757/1854 918/1769/1854 920/1770/1854
f 1375/1757/1854 920/1770/1854 1377/1759/1854
f 1377/1771/1855 920/1178/1855 922/1180/1855
f 1377/1771/1856 922/1180/1856 1376/1772/1856
f 1376/1772/1857 922/1180/1857 924/1182/1857
f 1376/1772/1858 924/1182/1858 1380/1773/1858
f 1380/1773/1859 924/1182/1859 926/1184/1859
f 1380/1773/1859 926/1184/1859 1379/1774/1859
f 1379/1761/1860 926/1775/1860 928/1776/1860
f 1379/1761/1860 928/1776/1860 1378/1760/1860
f 1378/1760/1861 928/1776/1861 930/1777/1861
f 1378/1760/1862 930/1777/1862 1381/1764/1862
f 1381/1764/1863 930/1777/1863 932/1778/1863
f 1381/1764/1864 932/1778/1864 1370/1750/1864
f 1370/1750/1865 932/1778/1865 934/1779/1865
f 1370/1750/1866 934/1779/1866 1382/1765/1866
f 1382/1765/1867 934/1779/1867 936/1780/1867
f 1382/1765/1868 936/1780/1868 1383/1766/1868
f 1383/1766/1869 936/1780/1869 938/1781/1869
f 1383/1766/1870 938/1781/1870 1384/1782/1870
f 1384/1783/1871 938/1784/1871 940/1785/1871
f 1384/1783/1872 940/1785/1872 1385/1786/1872
f 1385/1786/1873 940/1785/1873 906/1749/1873
f 1385/1786/1874 906/1749/1874 1369/1748/1874
f 589/801/1875 1383/1766/1875 586/798/1875
f 586/798/1876 1383/1766/1876 1384/1782/1876
f 586/798/1877 1384/1782/1877 584/796/1877
f 584/794/1878 1384/1783/1878 1385/1786/1878
f 584/794/1878 1385/1786/1878 581/791/1878
f 581/791/1879 1385/1786/1879 1369/1748/1879
f 581/791/1880 1369/1748/1880 582/792/1880
f 810/1068/1881 806/1064/1881 1306/1612/1881
f 1306/1612/1882 806/1064/1882 1295/1602/1882
f 951/1787/1883 910/1752/1883 1371/1751/1883
f 951/1787/1883 1371/1751/1883 1386/1788/1883
f 1386/1788/1884 1371/1751/1884 604/818/1884
f 1386/1788/1884 604/818/1884 609/823/1884
f 1387/1789/1885 1276/1579/1885 1283/1590/1885
f 1295/451/1886 806/451/1886 1294/451/1886
f 1294/451/1887 806/451/1887 808/451/1887
f 1294/451/1888 808/451/1888 1292/451/1888
f 1292/1599/1889 808/1066/1889 809/1067/1889
f 1292/451/1890 809/451/1890 1293/451/1890
f 1293/451/1891 809/451/1891 1290/451/1891
f 1290/451/1892 809/451/1892 800/451/1892
f 1290/1597/1893 800/1058/1893 805/1063/1893
f 804/1062/1894 1288/1595/1894 805/1063/1894
f 805/451/1895 1288/451/1895 1291/451/1895
f 805/1063/1896 1291/1598/1896 1290/1597/1896
f 793/1051/1897 1387/1789/1897 794/1052/1897
f 794/1052/1898 1387/1789/1898 1283/1590/1898
f 794/451/1899 1283/451/1899 796/451/1899
f 796/1054/1900 1283/1590/1900 1281/1588/1900
f 796/1054/1901 1281/1588/1901 798/1056/1901
f 798/451/1902 1281/451/1902 1280/451/1902
f 798/1056/1903 1280/1587/1903 803/1061/1903
f 803/1061/1904 1280/1587/1904 1284/1591/1904
f 803/451/1905 1284/451/1905 804/451/1905
f 804/451/1906 1284/451/1906 1286/451/1906
f 804/451/1907 1286/451/1907 1288/451/1907
f 1388/1790/1908 975/1233/1908 973/1231/1908
f 612/826/1909 611/825/1909 1389/1791/1909
f 1389/1791/1910 611/825/1910 1388/1792/1910
f 1388/1790/1911 973/1231/1911 1389/1793/1911
f 1389/1793/1912 973/1231/1912 971/1229/1912
f 1389/1793/1913 971/1229/1913 1390/1794/1913
f 1390/1795/1914 971/1796/1914 969/1797/1914
f 1390/1795/1915 969/1797/1915 1391/1798/1915
f 1391/1798/1916 969/1797/1916 951/1787/1916
f 1391/1798/1917 951/1787/1917 1386/1788/1917
f 612/839/1918 1389/1799/1918 625/840/1918
f 625/840/1919 1389/1799/1919 1390/1795/1919
f 625/840/1920 1390/1795/1920 626/842/1920
f 626/842/1921 1390/1795/1921 1391/1798/1921
f 626/842/1922 1391/1798/1922 627/843/1922
f 627/843/1923 1391/1798/1923 1386/1788/1923
f 627/843/1924 1386/1788/1924 609/823/1924
f 1387/451/1925 793/451/1925 791/451/1925
f 1276/451/1926 1387/451/1926 1392/451/1926
f 1392/451/1927 1387/451/1927 791/451/1927
f 1392/1800/1928 791/1801/1928 1393/1802/1928
f 1393/1803/1929 791/1804/1929 790/1805/1929
f 1393/1803/1930 790/1805/1930 785/1806/1930
f 1266/1564/1931 1270/1807/1931 1393/1803/1931
f 1393/1803/1931 1270/1807/1931 1272/1808/1931
f 1393/1803/1932 1272/1808/1932 1392/1809/1932
f 1392/451/1933 1272/451/1933 1271/451/1933
f 1392/451/1934 1271/451/1934 1276/451/1934
f 976/451/1935 975/451/1935 1388/451/1936
f 976/451/1937 1388/451/1937 1394/451/1937
f 1394/451/1938 1388/451/1938 611/451/1938
f 1394/451/1939 611/451/1939 744/451/1939
f 1393/1803/1940 785/1806/1940 783/1810/1940
f 1267/1566/1941 1266/1564/1941 1395/1811/1941
f 1395/1811/1942 1266/1564/1942 1393/1803/1942
f 1393/1803/1943 783/1810/1943 1395/1811/1943
f 1395/1811/1944 783/1810/1944 782/1812/1944
f 1395/1811/1945 782/1812/1945 1396/1813/1945
f 1267/1566/1946 1395/1811/1946 1264/1567/1946
f 1264/1567/1947 1395/1811/1947 1396/1813/1947
f 1264/1567/1948 1396/1813/1948 733/991/1948
f 987/1244/1949 976/1245/1949 1397/1814/1949
f 1397/1814/1950 976/1245/1950 1394/1815/1950
f 1397/1816/1951 1394/1817/1951 742/1000/1951
f 742/1000/1952 1394/1817/1952 744/1002/1952
f 982/1239/1953 987/1244/1953 1398/1818/1953
f 1398/1818/1954 987/1244/1954 1397/1814/1954
f 1398/1819/1955 1397/1816/1955 741/999/1955
f 741/999/1956 1397/1816/1956 742/1000/1956
f 787/1820/1957 789/1821/1957 1399/1822/1957
f 1399/1822/1958 789/1821/1958 1400/1823/1958
f 1399/1822/1959 1400/1823/1959 734/992/1959
f 734/451/1960 1400/451/1960 1401/451/1960
f 734/992/1961 1401/1824/1961 672/910/1961
f 782/1812/1962 787/1820/1962 1396/1813/1962
f 1396/1813/1963 787/1820/1963 1399/1822/1963
f 1396/1813/1964 1399/1822/1964 733/991/1964
f 733/991/1965 1399/1822/1965 734/992/1965
f 1220/1499/1966 1221/1500/1966 1402/1825/1966
f 1402/1825/1967 1221/1500/1967 1403/1826/1967
f 1402/1827/1968 1403/1828/1968 983/1240/1968
f 983/1240/1969 1403/1828/1969 985/1242/1969
f 741/999/1970 1220/1499/1970 1398/1819/1970
f 1398/1819/1971 1220/1499/1971 1402/1825/1971
f 1398/1818/1972 1402/1827/1972 982/1239/1972
f 982/1239/1973 1402/1827/1973 983/1240/1973
f 817/1075/1974 815/1073/1974 1404/1829/1974
f 672/910/1975 1401/1824/1975 673/911/1975
f 673/911/1976 1401/1824/1976 1405/1830/1976
f 673/451/1977 1405/451/1977 692/451/1977
f 692/934/1978 1405/1830/1978 1406/1831/1978
f 1407/1832/1979 691/933/1979 1408/1833/1979
f 1408/1833/1980 691/933/1980 694/936/1980
f 1408/1833/1981 694/936/1981 1406/1831/1981
f 1406/1831/1980 694/936/1980 693/935/1980
f 1406/1831/1982 693/935/1982 692/934/1982
f 686/926/1983 688/928/1983 1407/1834/1983
f 1407/1834/1983 688/928/1983 689/929/1983
f 1407/1832/1984 689/930/1984 691/933/1984
f 1409/451/1985 1404/451/1986 1410/451/1985
f 1410/1835/1987 1404/1836/1987 815/1837/1987
f 1410/1835/1988 815/1837/1988 813/1838/1988
f 819/1077/1989 817/1075/1989 1407/1839/1989
f 1407/1839/1990 817/1075/1990 1404/1829/1990
f 1407/1834/1991 1404/1836/1991 686/926/1991
f 686/926/1992 1404/1836/1992 1409/1840/1992
f 686/926/1993 1409/1840/1993 670/908/1993
f 819/1841/1994 1407/1832/1994 828/1842/1994
f 828/1842/1995 1407/1832/1995 1408/1833/1995
f 828/451/1996 1408/451/1996 827/451/1996
f 827/1843/1997 1408/1833/1997 1406/1831/1997
f 827/1843/1998 1406/1831/1998 825/1844/1998
f 1400/1823/1999 789/1821/1999 821/1845/1999
f 825/1844/2000 1406/1831/2000 823/1846/2000
f 823/1846/2001 1406/1831/2001 1405/1830/2001
f 823/1846/2001 1405/1830/2001 821/1845/2001
f 821/1845/2002 1405/1830/2002 1401/1824/2002
f 821/451/2003 1401/451/2003 1400/451/2003
f 1231/451/2004 1230/451/2004 1411/451/2004
f 1411/451/2005 1230/451/2005 1412/451/2005
f 1411/451/2006 1412/451/2006 990/451/2006
f 990/451/2007 1412/451/2007 991/451/2007
f 1231/451/2008 1411/451/2008 1227/451/2008
f 1227/1512/2009 1411/1847/2009 1413/1848/2009
f 1227/451/2010 1413/451/2010 1225/451/2010
f 990/451/2011 979/451/2011 1411/451/2011
f 1411/451/2012 979/451/2012 986/451/2012
f 1411/1847/2013 986/1243/2013 1413/1848/2013
f 1413/1848/2014 986/1243/2014 985/1242/2014
f 1413/1848/2015 985/1242/2015 1403/1828/2015
f 1225/1849/2016 1413/1850/2016 1224/1851/2016
f 1224/1852/2017 1413/1853/2017 1403/1854/2017
f 1224/1855/2018 1403/1826/2018 1221/1500/2018
f 1410/1835/2019 813/1838/2019 1414/1856/2019
f 1414/1856/2020 813/1838/2020 855/1857/2020
f 1410/1835/2021 1414/1856/2021 1409/1840/2022
f 1409/1840/1795 1414/1856/1795 665/903/1795
f 1409/1840/2023 665/903/2023 670/908/2023
f 992/1250/2024 991/1249/2024 1412/1858/2024
f 1236/451/2025 977/451/2025 1232/451/2025
f 1232/451/2026 977/451/2026 988/451/2026
f 1232/1522/2027 988/1246/2027 1233/1523/2027
f 1233/1523/2028 988/1246/2028 992/1250/2028
f 1233/451/2029 992/451/2029 1235/451/2029
f 1235/1525/2030 992/1250/2030 1412/1858/2030
f 1235/1525/2031 1412/1858/2031 1230/1514/2031
f 1415/1859/2032 652/888/2032 651/887/2032
f 1414/1856/2033 855/1857/2033 874/1860/2033
f 669/907/2034 668/906/2034 1416/1861/2034
f 1416/1861/2035 668/906/2035 666/904/2035
f 1416/1861/2036 666/904/2036 1417/1862/2036
f 1417/1862/2037 666/904/2037 665/903/2037
f 1417/1862/2038 665/903/2038 1414/1856/2038
f 669/907/2034 1416/1861/2034 664/902/2034
f 664/902/2039 1416/1861/2039 1418/1863/2039
f 664/902/2040 1418/1863/2040 1419/1864/2040
f 1420/1865/2041 659/895/2041 1421/1866/2041
f 1421/1867/2042 659/897/2042 661/899/2042
f 1421/1867/2042 661/899/2042 1419/1864/2042
f 1419/1864/2043 661/899/2043 662/900/2043
f 1419/1864/2044 662/900/2044 664/902/2044
f 640/874/2045 639/873/2045 1422/1868/2045
f 1422/1868/2046 639/873/2046 658/894/2046
f 1422/1868/2047 658/894/2047 1423/1869/2047
f 1423/1869/2048 658/894/2048 657/893/2048
f 1423/1869/2049 657/893/2049 1424/1870/2049
f 1424/1870/2050 657/893/2050 655/891/2050
f 1424/1870/2051 655/891/2051 1420/1865/2051
f 1420/1865/2052 655/891/2052 654/890/2052
f 1420/1865/2053 654/890/2053 659/895/2053
f 640/874/2054 1422/1868/2054 651/887/2054
f 651/887/2055 1422/1868/2055 1425/1871/2055
f 651/887/2056 1425/1871/2056 1415/1859/2056
f 652/888/2057 1415/1859/2057 653/889/2057
f 653/889/2057 1415/1859/2057 1426/1872/2057
f 653/889/2058 1426/1872/2058 649/883/2058
f 649/883/2059 1426/1872/2059 1427/1873/2059
f 649/883/2060 1427/1873/2060 650/885/2060
f 1414/1856/2061 874/1860/2061 1417/1862/2061
f 1417/1862/2062 874/1860/2062 876/1874/2062
f 1417/1862/2063 876/1874/2063 1416/1861/2063
f 1416/1861/2064 876/1874/2064 878/1875/2064
f 1416/1861/2065 878/1875/2065 1418/1863/2065
f 1418/1863/2066 878/1875/2066 880/1876/2066
f 1418/1863/2067 880/1876/2067 1419/1864/2067
f 1419/1864/2068 880/1876/2068 882/1877/2068
f 1419/1864/2068 882/1877/2068 1421/1867/2068
f 1421/1878/2069 882/1140/2069 884/1142/2069
f 1421/1878/2070 884/1142/2070 1420/1879/2070
f 1420/1865/2071 884/1880/2071 886/1881/2071
f 1420/1865/2071 886/1881/2071 1424/1870/2071
f 1424/1870/2072 886/1881/2072 888/1882/2072
f 1424/1870/2073 888/1882/2073 1423/1869/2073
f 1423/1869/2074 888/1882/2074 890/1883/2074
f 1423/1869/2075 890/1883/2075 1422/1868/2075
f 1422/1868/2076 890/1883/2076 892/1884/2076
f 1422/1868/2077 892/1884/2077 1425/1871/2077
f 1425/1871/2078 892/1884/2078 894/1885/2078
f 1425/1871/2079 894/1885/2079 1415/1859/2079
f 1415/1859/2080 894/1885/2080 896/1886/2080
f 1415/1859/2080 896/1886/2080 1426/1872/2080
f 1426/1887/2081 896/1154/2081 898/1156/2081
f 1426/1887/2082 898/1156/2082 1427/1888/2082
f 1427/1888/2083 898/1156/2083 900/1158/2083
f 1427/1888/2084 900/1158/2084 1428/1889/2084
f 1428/1890/2085 900/1891/2085 902/1892/2085
f 1428/1890/2086 902/1892/2086 1429/1893/2086
f 1429/1893/2087 902/1892/2087 904/1894/2087
f 1429/1893/2088 904/1894/2088 1430/1895/2088
f 650/886/2089 1427/1896/2089 647/881/2089
f 647/881/2090 1427/1896/2090 1428/1890/2090
f 647/881/2091 1428/1890/2091 645/879/2091
f 645/879/2092 1428/1890/2092 1429/1893/2092
f 645/879/2093 1429/1893/2093 642/876/2093
f 642/876/2094 1429/1893/2094 1430/1895/2094
f 642/876/2095 1430/1895/2095 643/877/2095
f 1236/1526/2096 1248/1538/2096 977/1234/2096
f 977/1234/2097 1248/1538/2097 967/1225/2097
f 904/1894/1883 908/1897/1883 1431/1898/1883
f 904/1894/1883 1431/1898/1883 1430/1895/1883
f 1430/1895/1884 1431/1898/1884 695/937/1884
f 1430/1895/1884 695/937/1884 643/877/1884
f 1432/1899/2098 961/1219/2098 963/1221/2098
f 965/1223/2099 967/1225/2099 1248/1538/2099
f 1251/1541/2100 1432/1899/2100 1261/1559/2100
f 1261/1559/2101 1432/1899/2101 963/1221/2101
f 1261/451/2102 963/451/2102 1259/451/2102
f 1259/1557/2103 963/1221/2103 965/1223/2103
f 1259/1557/2104 965/1223/2104 1260/1558/2104
f 1260/1558/2105 965/1223/2105 1248/1538/2105
f 1431/1898/2106 908/1897/2106 945/1900/2106
f 695/937/2107 1431/1898/2107 1433/1901/2107
f 695/937/2108 1433/1901/2108 696/938/2108
f 696/938/2109 1433/1901/2109 1434/1902/2109
f 696/938/2110 1434/1902/2110 698/940/2110
f 1431/1898/2111 945/1900/2111 1433/1901/2111
f 1433/1901/2112 945/1900/2112 947/1903/2112
f 1433/1901/2113 947/1903/2113 1434/1902/2113
f 1434/1902/2114 947/1903/2114 949/1904/2114
f 1434/1902/2115 949/1904/2115 1435/1905/2115
f 1435/1905/2116 949/1904/2116 950/1906/2116
f 1435/1905/2116 950/1906/2116 1436/1907/2116
f 698/940/2117 1434/1902/2117 699/941/2117
f 699/941/2118 1434/1902/2118 1435/1905/2118
f 699/941/2119 1435/1905/2119 682/922/2119
f 682/922/2120 1435/1905/2120 1436/1907/2120
f 682/922/2121 1436/1907/2121 683/923/2121
f 959/451/2122 961/451/2122 1432/451/2122
f 1437/1908/2123 1438/1909/2123 956/1214/2123
f 956/1910/2124 1438/1911/2124 955/1912/2124
f 1241/1913/2125 1438/1911/2125 1254/1914/2125
f 1254/1914/2126 1438/1911/2126 1437/1915/2126
f 1254/451/2127 1437/451/2127 1252/451/2127
f 1252/1916/2128 1437/1917/2128 1250/1918/2128
f 956/1214/2129 959/1217/2129 1437/1908/2129
f 1437/1908/2130 959/1217/2130 1432/1899/2130
f 1437/1917/2131 1432/1919/2131 1250/1918/2131
f 1250/451/2132 1432/451/2132 1251/451/2132
f 737/451/2133 683/451/2133 1436/451/2133
f 737/451/2134 1436/451/2134 1439/451/2134
f 1439/451/2135 1436/451/2136 950/451/2135
f 1439/451/2137 950/451/2137 944/451/2137
f 1240/1531/2138 740/998/2138 1440/1920/2138
f 1440/1920/2139 740/998/2139 1441/1921/2139
f 1440/1920/2140 1441/1921/2140 953/1922/2140
f 953/1922/2141 1441/1921/2141 958/1923/2141
f 1241/1913/2142 1240/1531/2142 1438/1911/2142
f 1438/1911/2143 1240/1531/2143 1440/1920/2143
f 1438/1911/2144 1440/1920/2144 955/1912/2144
f 955/1912/2145 1440/1920/2145 953/1922/2145
f 739/997/2146 737/995/2146 1442/1924/2146
f 1442/1924/2147 737/995/2147 1439/1925/2147
f 1442/1924/2148 1439/1925/2148 957/1926/2148
f 957/1926/2149 1439/1925/2149 944/1927/2149
f 740/998/2150 739/997/2150 1441/1921/2150
f 1441/1921/2151 739/997/2151 1442/1924/2151
f 1441/1921/2152 1442/1924/2152 958/1923/2152
f 958/1923/2153 1442/1924/2153 957/1926/2153
