# Blender 3.6.0
# www.blender.org
mtllib upperarm_roll_link.mtl
o upperarm_roll_link
v 0.164074 0.003500 0.036584
v 0.106063 0.003500 -0.039729
v 0.155484 0.003500 0.042409
v 0.098152 0.003500 -0.033010
v 0.091871 0.003500 -0.024747
v 0.171212 0.003500 0.029048
v 0.176564 0.003500 0.020155
v 0.179878 0.003500 0.010319
v 0.181000 0.003500 0.000000
v 0.179878 0.003500 -0.010319
v 0.176564 0.003500 -0.020155
v 0.171212 0.003500 -0.029048
v 0.164074 0.003500 -0.036584
v 0.155484 0.003500 -0.042409
v 0.087513 0.003500 -0.015326
v 0.085281 0.003500 -0.005190
v 0.085281 0.003500 0.005190
v 0.145841 0.003500 -0.046250
v 0.135599 0.003500 -0.047930
v 0.125234 0.003500 -0.047368
v 0.115233 0.003500 -0.044591
v 0.087513 0.003500 0.015326
v 0.091871 0.003500 0.024747
v 0.098152 0.003500 0.033010
v 0.115233 0.003500 0.044591
v 0.125234 0.003500 0.047368
v 0.135599 0.003500 0.047930
v 0.106063 0.003500 0.039729
v 0.145841 0.003500 0.046250
v 0.082136 -0.000500 0.010811
v 0.085131 -0.003992 0.020310
v 0.085496 -0.000500 0.021150
v 0.085540 -0.004024 0.021128
v 0.090931 -0.000500 0.030565
v 0.088063 -0.004217 0.026167
v 0.089011 -0.004350 0.027731
v 0.081000 -0.003230 0.000000
v 0.081006 -0.003245 0.000796
v 0.081000 -0.000500 0.000000
v 0.082124 -0.003627 0.010753
v 0.082142 -0.003629 0.010810
v 0.082136 -0.000500 -0.010811
v 0.081519 -0.003495 -0.007326
v 0.081006 -0.003245 -0.000796
v 0.085496 -0.000500 -0.021150
v 0.083879 -0.003868 -0.017063
v 0.082351 -0.003627 -0.010759
v 0.090943 -0.005011 -0.030557
v 0.089613 -0.004502 -0.028664
v 0.090931 -0.000500 -0.030565
v 0.088063 -0.004217 -0.026167
v 0.085712 -0.004021 -0.021051
v 0.097342 -0.009451 -0.037849
v 0.095320 -0.007700 -0.035836
v 0.098205 -0.000500 -0.038643
v 0.093317 -0.006269 -0.033604
v 0.091310 -0.005152 -0.031079
v 0.104515 -0.027640 -0.043504
v 0.104854 -0.025702 -0.043724
v 0.107000 -0.058000 -0.045033
v 0.101421 -0.034238 -0.041313
v 0.102811 -0.031982 -0.042340
v 0.102976 -0.031670 -0.042457
v 0.103888 -0.029647 -0.043087
v 0.104929 -0.023813 -0.043772
v 0.104753 -0.021950 -0.043659
v 0.107000 -0.000500 -0.045033
v 0.104320 -0.020042 -0.043376
v 0.103539 -0.017912 -0.042849
v 0.102527 -0.015918 -0.042136
v 0.101765 -0.014680 -0.041574
v 0.100216 -0.012559 -0.040363
v 0.098499 -0.010602 -0.038906
v 0.098208 -0.010313 -0.038640
v 0.090931 -0.058000 -0.030565
v 0.091016 -0.046021 -0.030497
v 0.094356 -0.058000 -0.034795
v 0.095250 -0.041380 -0.035762
v 0.098205 -0.058000 -0.038643
v 0.098234 -0.038109 -0.038614
v 0.102435 -0.058000 -0.042069
v 0.098983 -0.037288 -0.039330
v 0.099762 -0.036400 -0.039991
v 0.090931 -0.058000 0.030565
v 0.091068 -0.045964 0.030469
v 0.088128 -0.049187 0.026277
v 0.087967 -0.058000 0.026000
v 0.085631 -0.051924 0.021086
v 0.085496 -0.058000 0.021150
v 0.084462 -0.053205 0.018656
v 0.083545 -0.058000 0.016069
v 0.082153 -0.055736 0.010807
v 0.082136 -0.058000 0.010811
v 0.082091 -0.055804 0.010598
v 0.081285 -0.058000 0.005435
v 0.081052 -0.056943 0.002319
v 0.081000 -0.058000 0.000000
v 0.081133 -0.056854 0.000005
v 0.081285 -0.058000 -0.005435
v 0.081345 -0.056622 -0.005981
v 0.082136 -0.058000 -0.010811
v 0.082294 -0.055582 -0.010780
v 0.083545 -0.058000 -0.016069
v 0.082953 -0.054859 -0.014119
v 0.085496 -0.058000 -0.021150
v 0.085553 -0.052010 -0.021129
v 0.087967 -0.058000 -0.026000
v 0.085845 -0.051689 -0.021919
v 0.089971 -0.047166 -0.029198
v 0.098205 -0.058000 0.038643
v 0.098258 -0.038082 0.038591
v 0.093012 -0.043833 0.033241
v 0.094356 -0.058000 0.034795
v 0.104808 -0.022320 0.043694
v 0.104934 -0.024209 0.043776
v 0.107000 -0.000500 0.045033
v 0.104437 -0.020459 0.043453
v 0.099418 -0.011608 0.039702
v 0.101137 -0.013767 0.041094
v 0.102597 -0.016041 0.042186
v 0.102793 -0.016394 0.042327
v 0.103759 -0.018434 0.043000
v 0.104813 -0.026051 0.043698
v 0.107000 -0.058000 0.045033
v 0.104436 -0.027953 0.043452
v 0.103739 -0.030025 0.042986
v 0.102798 -0.032007 0.042330
v 0.102108 -0.033193 0.041829
v 0.100635 -0.035317 0.040700
v 0.098983 -0.037288 0.039330
v 0.102435 -0.058000 0.042069
v 0.090606 -0.004845 0.030113
v 0.090941 -0.005007 0.030557
v 0.098205 -0.000500 0.038643
v 0.092334 -0.005680 0.032408
v 0.094362 -0.006979 0.034801
v 0.096355 -0.008557 0.036893
v 0.098209 -0.010314 0.038640
v 0.098363 -0.010460 0.038785
v 0.111850 -0.058000 0.047504
v 0.116931 -0.000500 0.049455
v 0.116931 -0.058000 0.049455
v 0.122189 -0.058000 0.050864
v 0.127565 -0.000500 0.051715
v 0.127565 -0.058000 0.051715
v 0.133000 -0.058000 0.052000
v 0.138435 -0.000500 0.051715
v 0.138435 -0.058000 0.051715
v 0.143811 -0.058000 0.050864
v 0.149069 -0.000500 0.049455
v 0.149069 -0.058000 0.049455
v 0.154150 -0.058000 0.047504
v 0.159000 -0.000500 0.045033
v 0.159000 -0.058000 0.045033
v 0.163565 -0.058000 0.042069
v 0.167795 -0.000500 0.038643
v 0.167795 -0.058000 0.038643
v 0.171643 -0.058000 0.034795
v 0.175069 -0.000500 0.030565
v 0.175069 -0.058000 0.030565
v 0.178033 -0.058000 0.026000
v 0.180504 -0.000500 0.021150
v 0.180504 -0.058000 0.021150
v 0.182455 -0.058000 0.016069
v 0.183864 -0.000500 0.010811
v 0.183864 -0.058000 0.010811
v 0.184715 -0.058000 0.005435
v 0.185000 -0.000500 0.000000
v 0.185000 -0.058000 0.000000
v 0.184715 -0.058000 -0.005435
v 0.183864 -0.000500 -0.010811
v 0.183864 -0.058000 -0.010811
v 0.182455 -0.058000 -0.016069
v 0.180504 -0.000500 -0.021150
v 0.180504 -0.058000 -0.021150
v 0.178033 -0.058000 -0.026000
v 0.175069 -0.000500 -0.030565
v 0.175069 -0.058000 -0.030565
v 0.171643 -0.058000 -0.034795
v 0.167795 -0.000500 -0.038643
v 0.167795 -0.058000 -0.038643
v 0.163565 -0.058000 -0.042069
v 0.159000 -0.000500 -0.045033
v 0.159000 -0.058000 -0.045033
v 0.154150 -0.058000 -0.047504
v 0.149069 -0.000500 -0.049455
v 0.149069 -0.058000 -0.049455
v 0.143811 -0.058000 -0.050864
v 0.138435 -0.000500 -0.051715
v 0.138435 -0.058000 -0.051715
v 0.133000 -0.058000 -0.052000
v 0.127565 -0.000500 -0.051715
v 0.127565 -0.058000 -0.051715
v 0.122189 -0.058000 -0.050864
v 0.116931 -0.000500 -0.049455
v 0.111850 -0.058000 -0.047504
v 0.116931 -0.058000 -0.049455
v 0.077196 -0.050909 0.010598
v 0.077264 -0.050847 0.010807
v -0.001500 -0.050864 0.010811
v 0.001586 -0.007012 0.051525
v 0.001471 -0.005432 0.051686
v -0.001500 -0.005435 0.051715
v -0.001500 -0.026000 -0.045033
v 0.014043 -0.025997 -0.045029
v -0.001500 -0.034795 -0.038643
v 0.014265 -0.026170 -0.044935
v 0.018054 -0.028524 -0.043479
v 0.022009 -0.030465 -0.042141
v 0.026053 -0.031997 -0.040990
v 0.030116 -0.033113 -0.040094
v 0.031049 -0.033310 -0.039930
v 0.034550 -0.033842 -0.039481
v 0.037849 -0.034017 -0.039330
v 0.006180 -0.018457 -0.048614
v 0.008338 -0.021059 -0.047545
v 0.010940 -0.023579 -0.046347
v -0.001500 -0.016069 -0.049455
v 0.004636 -0.016065 -0.049443
v 0.005078 -0.016846 -0.049196
v 0.002366 -0.010968 -0.050830
v 0.002837 -0.012368 -0.050508
v 0.003810 -0.014601 -0.049908
v 0.001332 -0.003514 -0.051881
v 0.001471 -0.005432 -0.051686
v -0.001500 -0.005435 -0.051715
v 0.001586 -0.007012 -0.051525
v 0.001877 -0.008995 -0.051216
v -0.001500 0.005435 -0.051715
v -0.001500 0.016069 -0.049455
v 0.001248 0.016069 -0.049455
v 0.001248 0.010811 -0.050864
v 0.001248 0.005435 -0.051715
v 0.001248 0.000000 -0.052000
v -0.001500 0.034795 -0.038643
v 0.001248 0.030565 -0.042069
v -0.001500 0.026000 -0.045033
v 0.001248 0.026000 -0.045033
v 0.001248 0.021150 -0.047504
v 0.001248 0.045033 -0.026000
v 0.001248 0.042069 -0.030565
v -0.001500 0.042069 -0.030565
v 0.001248 0.038643 -0.034795
v 0.001248 0.034795 -0.038643
v 0.001248 0.047504 -0.021150
v -0.001500 0.047504 -0.021150
v 0.001248 0.049455 -0.016069
v -0.001500 0.050864 -0.010811
v 0.001248 0.050864 -0.010811
v -0.001500 0.052000 0.000000
v 0.001248 0.052000 0.000000
v 0.001248 0.051715 -0.005435
v -0.001500 0.050864 0.010811
v -0.001500 0.047504 0.021150
v 0.001248 0.047504 0.021150
v 0.001248 0.049455 0.016069
v 0.001248 0.050864 0.010811
v 0.001248 0.051715 0.005435
v -0.001500 0.042069 0.030565
v -0.001500 0.034795 0.038643
v 0.001248 0.034795 0.038643
v 0.001248 0.038643 0.034795
v 0.001248 0.042069 0.030565
v 0.001248 0.045033 0.026000
v -0.001500 0.026000 0.045033
v -0.001500 0.016069 0.049455
v 0.001248 0.016069 0.049455
v 0.001248 0.021150 0.047504
v 0.001248 0.026000 0.045033
v 0.001248 0.030565 0.042069
v 0.001332 -0.003514 0.051881
v 0.001248 0.000000 0.052000
v -0.001500 0.005435 0.051715
v 0.001248 0.005435 0.051715
v 0.001248 0.010811 0.050864
v -0.001500 -0.016069 0.049455
v 0.003929 -0.014837 0.049838
v 0.003099 -0.013037 0.050339
v 0.002367 -0.010971 0.050830
v 0.001862 -0.008919 0.051229
v 0.001737 -0.008202 0.051349
v 0.008973 -0.021724 0.047245
v -0.001500 -0.026000 0.045033
v 0.011586 -0.024130 0.046062
v 0.013291 -0.025470 0.045335
v 0.006873 -0.019358 0.048262
v 0.005255 -0.017123 0.049100
v 0.004641 -0.016065 0.049442
v 0.037849 -0.034017 0.039330
v 0.034312 -0.033817 0.039502
v -0.001500 -0.034795 0.038643
v 0.030556 -0.033209 0.040015
v 0.026557 -0.032158 0.040864
v 0.024509 -0.031463 0.041402
v 0.020555 -0.029805 0.042610
v 0.016800 -0.027804 0.043943
v 0.014078 -0.025994 0.045023
v -0.001500 -0.042069 0.030565
v 0.087036 -0.041932 0.030469
v 0.095712 -0.034017 0.039330
v 0.094918 -0.034742 0.038591
v 0.089167 -0.039988 0.033241
v -0.001500 -0.047504 0.021150
v 0.079795 -0.048538 0.018656
v 0.081076 -0.047369 0.021086
v 0.083813 -0.044872 0.026277
v -0.001500 -0.050864 -0.010811
v 0.076378 -0.051655 -0.005981
v -0.001500 -0.052000 0.000000
v 0.076146 -0.051866 0.000005
v 0.076057 -0.051948 0.002319
v -0.001500 -0.047504 -0.021150
v 0.078141 -0.050046 -0.014119
v 0.077418 -0.050706 -0.010780
v 0.086979 -0.041984 -0.030497
v 0.085834 -0.043029 -0.029198
v -0.001500 -0.042069 -0.030565
v 0.081311 -0.047154 -0.021919
v 0.080990 -0.047447 -0.021129
v 0.091620 -0.037750 -0.035762
v 0.094891 -0.034766 -0.038614
v 0.095712 -0.034017 -0.039330
v -0.004000 -0.045487 -0.015326
v -0.004000 -0.047719 -0.005190
v -0.004000 -0.045500 0.000000
v -0.004000 -0.047719 0.005190
v -0.004000 -0.044359 0.010125
v -0.004000 -0.045487 0.015326
v -0.004000 -0.040994 0.019742
v -0.004000 -0.041129 0.024747
v -0.004000 -0.035573 0.028369
v -0.004000 -0.034848 0.033010
v -0.004000 -0.028369 0.035573
v -0.004000 -0.026937 0.039729
v -0.004000 -0.019742 0.040994
v -0.004000 -0.017767 0.044591
v -0.004000 -0.010125 0.044359
v -0.004000 -0.007766 0.047368
v -0.004000 0.000000 0.045500
v -0.004000 0.002599 0.047930
v -0.004000 0.010125 0.044359
v -0.004000 0.012841 0.046250
v -0.004000 0.019742 0.040994
v -0.004000 0.022484 0.042409
v -0.004000 0.028369 0.035573
v -0.004000 0.031075 0.036584
v -0.004000 0.035573 0.028369
v -0.004000 0.038212 0.029048
v -0.004000 0.040994 0.019742
v -0.004000 0.043564 0.020155
v -0.004000 0.044359 0.010125
v -0.004000 0.046878 0.010319
v -0.004000 0.045500 0.000000
v -0.004000 0.048000 0.000000
v -0.004000 0.044359 -0.010125
v -0.004000 0.046878 -0.010319
v -0.004000 0.040994 -0.019742
v -0.004000 0.043564 -0.020155
v -0.004000 0.035573 -0.028369
v -0.004000 0.038212 -0.029048
v -0.004000 0.028369 -0.035573
v -0.004000 0.031075 -0.036584
v -0.004000 0.019742 -0.040994
v -0.004000 0.022484 -0.042409
v -0.004000 0.010125 -0.044359
v -0.004000 0.012841 -0.046250
v -0.004000 0.000000 -0.045500
v -0.004000 0.002599 -0.047930
v -0.004000 -0.010125 -0.044359
v -0.004000 -0.007766 -0.047368
v -0.004000 -0.019742 -0.040994
v -0.004000 -0.017767 -0.044591
v -0.004000 -0.028369 -0.035573
v -0.004000 -0.026937 -0.039729
v -0.004000 -0.035573 -0.028369
v -0.004000 -0.034848 -0.033010
v -0.004000 -0.040994 -0.019742
v -0.004000 -0.041129 -0.024747
v -0.004000 -0.044359 -0.010125
v -0.003500 -0.043872 0.010013
v -0.002000 -0.045000 0.000000
v -0.003500 -0.045000 0.000000
v -0.002000 -0.043872 -0.010013
v -0.003500 -0.043872 -0.010013
v -0.002000 -0.040544 -0.019525
v -0.003500 -0.040544 -0.019525
v -0.002000 -0.035182 -0.028057
v -0.003500 -0.035182 -0.028057
v -0.002000 -0.028057 -0.035182
v -0.003500 -0.028057 -0.035182
v -0.002000 -0.019525 -0.040544
v -0.003500 -0.019525 -0.040544
v -0.002000 -0.010013 -0.043872
v -0.003500 -0.010013 -0.043872
v -0.002000 0.000000 -0.045000
v -0.003500 0.000000 -0.045000
v -0.002000 0.010013 -0.043872
v -0.003500 0.010013 -0.043872
v -0.002000 0.019525 -0.040544
v -0.003500 0.019525 -0.040544
v -0.002000 0.028057 -0.035182
v -0.003500 0.028057 -0.035182
v -0.002000 0.035182 -0.028057
v -0.003500 0.035182 -0.028057
v -0.002000 0.040544 -0.019525
v -0.003500 0.040544 -0.019525
v -0.002000 0.043872 -0.010013
v -0.003500 0.043872 -0.010013
v -0.002000 0.045000 0.000000
v -0.003500 0.045000 0.000000
v -0.002000 0.043872 0.010013
v -0.003500 0.043872 0.010013
v -0.002000 0.040544 0.019525
v -0.003500 0.040544 0.019525
v -0.002000 0.035182 0.028057
v -0.003500 0.035182 0.028057
v -0.002000 0.028057 0.035182
v -0.003500 0.028057 0.035182
v -0.002000 0.019525 0.040544
v -0.003500 0.019525 0.040544
v -0.002000 0.010013 0.043872
v -0.003500 0.010013 0.043872
v -0.002000 0.000000 0.045000
v -0.003500 0.000000 0.045000
v -0.002000 -0.010013 0.043872
v -0.003500 -0.010013 0.043872
v -0.002000 -0.019525 0.040544
v -0.003500 -0.019525 0.040544
v -0.002000 -0.028057 0.035182
v -0.003500 -0.028057 0.035182
v -0.002000 -0.035182 0.028057
v -0.003500 -0.035182 0.028057
v -0.002000 -0.040544 0.019525
v -0.003500 -0.040544 0.019525
v -0.002000 -0.043872 0.010013
v 0.014904 -0.006674 -0.045016
v 0.013942 -0.006297 -0.045787
v 0.041603 -0.003962 -0.017858
v 0.013196 -0.005918 -0.046397
v 0.012828 -0.005677 -0.046704
v 0.012438 -0.005336 -0.047041
v 0.012192 -0.004989 -0.047269
v 0.042105 -0.006426 -0.018274
v 0.021693 -0.008176 -0.039765
v 0.019263 -0.007771 -0.041615
v 0.017342 -0.007367 -0.043099
v 0.017080 -0.007298 -0.043304
v 0.015732 -0.006941 -0.044359
v 0.035750 -0.009227 -0.029810
v 0.043396 -0.008249 -0.019501
v 0.037849 -0.009214 -0.028508
v 0.045139 -0.008959 -0.021219
v 0.033447 -0.009182 -0.031317
v 0.032822 -0.009161 -0.031738
v 0.030055 -0.009023 -0.033648
v 0.027236 -0.008814 -0.035661
v 0.027231 -0.008814 -0.035665
v 0.024427 -0.008532 -0.037720
v 0.046739 -0.003570 -0.008886
v 0.047461 -0.003345 -0.003716
v 0.048131 -0.005843 -0.003628
v 0.044711 -0.003780 -0.013684
v 0.046695 -0.003584 -0.009196
v 0.047355 -0.006069 -0.009297
v 0.048707 -0.008802 -0.016717
v 0.046605 -0.008102 -0.015438
v 0.045053 -0.006277 -0.014539
v 0.044458 -0.003805 -0.014256
v 0.051504 -0.008581 -0.010391
v 0.049113 -0.007896 -0.009734
v 0.052461 -0.008342 -0.003541
v 0.049961 -0.007672 -0.003565
v 0.011854 0.000000 -0.047607
v 0.041603 0.000000 -0.017858
v 0.011939 -0.002500 -0.047522
v 0.100089 -0.029803 -0.041901
v 0.099908 -0.030037 -0.041804
v 0.037849 -0.029182 -0.042135
v 0.096566 -0.033351 -0.039873
v 0.098385 -0.031730 -0.040961
v 0.102229 -0.023911 -0.042982
v 0.102148 -0.025327 -0.042943
v 0.037849 -0.023656 -0.042975
v 0.101776 -0.026781 -0.042762
v 0.101089 -0.028286 -0.042419
v 0.100503 -0.029175 -0.042115
v 0.101563 -0.021083 -0.042656
v 0.102037 -0.022513 -0.042889
v 0.102194 -0.023657 -0.042965
v 0.037849 -0.018206 -0.041733
v 0.097064 -0.015470 -0.040180
v 0.098762 -0.017061 -0.041175
v 0.099597 -0.017989 -0.041637
v 0.099761 -0.018210 -0.041723
v 0.100706 -0.019485 -0.042223
v 0.091697 -0.011826 -0.036457
v 0.093913 -0.013139 -0.038112
v 0.037849 -0.013589 -0.038583
v 0.094587 -0.013598 -0.038574
v 0.095181 -0.014003 -0.038981
v 0.083742 -0.009214 -0.028508
v 0.037849 -0.010446 -0.033960
v 0.085442 -0.009427 -0.030561
v 0.087301 -0.009915 -0.032547
v 0.088784 -0.010480 -0.033946
v 0.089501 -0.010753 -0.034622
v 0.012822 -0.021006 -0.047245
v 0.027314 -0.011225 -0.039345
v 0.035957 -0.010810 -0.034943
v 0.035983 -0.014098 -0.039197
v 0.035825 -0.018669 -0.042024
v 0.035504 -0.023934 -0.043061
v 0.035060 -0.029218 -0.042175
v 0.033738 -0.011087 -0.036070
v 0.033715 -0.014467 -0.039928
v 0.033381 -0.018926 -0.042439
v 0.032773 -0.023943 -0.043311
v 0.031965 -0.028932 -0.042440
v 0.033117 -0.011141 -0.036384
v 0.033070 -0.014534 -0.040137
v 0.032688 -0.018954 -0.042569
v 0.032012 -0.023898 -0.043404
v 0.031121 -0.028804 -0.042546
v 0.030290 -0.011270 -0.037819
v 0.030100 -0.014667 -0.041124
v 0.029506 -0.018873 -0.043234
v 0.028567 -0.023469 -0.043937
v 0.027376 -0.027994 -0.043163
v 0.026934 -0.014537 -0.042223
v 0.026130 -0.018464 -0.044045
v 0.024971 -0.022668 -0.044656
v 0.023557 -0.026787 -0.044003
v 0.024284 -0.010998 -0.040924
v 0.023688 -0.014139 -0.043401
v 0.022682 -0.017728 -0.044972
v 0.021340 -0.021504 -0.045523
v 0.019759 -0.025192 -0.045012
v 0.021292 -0.010583 -0.042508
v 0.020470 -0.013471 -0.044621
v 0.019277 -0.016667 -0.045975
v 0.017783 -0.019981 -0.046491
v 0.016078 -0.023213 -0.046137
v 0.018607 -0.010019 -0.043957
v 0.017577 -0.012596 -0.045763
v 0.016223 -0.015378 -0.046946
v 0.014612 -0.018227 -0.047449
v 0.010260 -0.018845 -0.048197
v 0.012105 -0.016477 -0.048273
v 0.013799 -0.014049 -0.047770
v 0.015274 -0.011658 -0.046708
v 0.016471 -0.009400 -0.045130
v 0.008127 -0.016606 -0.049053
v 0.010009 -0.014641 -0.049015
v 0.007034 -0.015218 -0.049521
v 0.011766 -0.012626 -0.048503
v 0.008933 -0.013494 -0.049422
v 0.013338 -0.010627 -0.047532
v 0.010719 -0.011727 -0.048901
v 0.014675 -0.008712 -0.046136
v 0.012340 -0.009967 -0.047973
v 0.005774 -0.013280 -0.050098
v 0.004805 -0.011353 -0.050588
v 0.004335 -0.010144 -0.050853
v 0.003844 -0.008442 -0.051172
v 0.003531 -0.006716 -0.051301
v 0.007690 -0.011887 -0.049923
v 0.006731 -0.010283 -0.050348
v 0.006263 -0.009274 -0.050578
v 0.005774 -0.007852 -0.050854
v 0.005477 -0.006421 -0.051078
v 0.009508 -0.010457 -0.049387
v 0.008571 -0.009180 -0.049794
v 0.008113 -0.008374 -0.050011
v 0.007632 -0.007234 -0.050269
v 0.007286 -0.006076 -0.050351
v 0.011183 -0.009024 -0.048502
v 0.010287 -0.008068 -0.048937
v 0.009847 -0.007462 -0.049164
v 0.009383 -0.006601 -0.049427
v 0.009096 -0.005731 -0.049625
v 0.013749 -0.008266 -0.046665
v 0.012674 -0.007626 -0.047292
v 0.011839 -0.006973 -0.047796
v 0.011429 -0.006557 -0.048055
v 0.010995 -0.005964 -0.048344
v 0.010644 -0.005360 -0.048447
v 0.044090 0.000000 -0.014827
v 0.044706 0.000000 -0.013675
v 0.045938 0.000000 -0.011369
v 0.047461 0.000000 -0.003716
v 0.047077 0.000000 -0.007618
v 0.046697 0.000000 -0.008867
v 0.052461 -0.008242 -0.000698
v 0.076007 -0.008242 -0.000698
v 0.076568 -0.008492 -0.007856
v 0.079156 -0.008865 -0.018529
v 0.050547 -0.007862 -0.000711
v 0.050008 -0.007502 -0.000724
v 0.048925 -0.006779 -0.000749
v 0.048202 -0.005696 -0.000787
v 0.047841 -0.005158 -0.000806
v 0.047461 -0.003245 -0.000872
v 0.096969 -0.034903 -0.038901
v 0.098097 -0.036031 -0.038901
v 0.097777 -0.034196 -0.039514
v 0.099504 -0.032457 -0.040750
v 0.100955 -0.030620 -0.041715
v 0.101128 -0.030364 -0.041826
v 0.102083 -0.028703 -0.042422
v 0.102741 -0.027048 -0.042817
v 0.103096 -0.025444 -0.043026
v 0.103174 -0.023880 -0.043071
v 0.102990 -0.022338 -0.042964
v 0.102536 -0.020761 -0.042695
v 0.101717 -0.019007 -0.042196
v 0.100659 -0.017373 -0.041523
v 0.097614 -0.011920 -0.038482
v 0.099331 -0.013653 -0.039925
v 0.100887 -0.015553 -0.041131
v 0.101656 -0.016668 -0.041693
v 0.102677 -0.018473 -0.042408
v 0.103468 -0.020409 -0.042939
v 0.103907 -0.022147 -0.043224
v 0.104085 -0.023848 -0.043338
v 0.104010 -0.025571 -0.043290
v 0.103666 -0.027338 -0.043068
v 0.103030 -0.029164 -0.042648
v 0.102109 -0.030998 -0.042015
v 0.101942 -0.031280 -0.041897
v 0.100542 -0.033314 -0.040870
v 0.098877 -0.035245 -0.039555
v 0.099863 -0.016365 -0.040994
v 0.098249 -0.014653 -0.039862
v 0.096467 -0.013096 -0.038508
v 0.095272 -0.012194 -0.037535
v 0.089120 -0.009021 -0.031476
v 0.091150 -0.009796 -0.033698
v 0.093193 -0.010853 -0.035701
v 0.096464 -0.010912 -0.037443
v 0.094465 -0.009405 -0.035482
v 0.092503 -0.008207 -0.033337
v 0.090557 -0.007314 -0.030950
v 0.088931 -0.006839 -0.028707
v 0.087421 -0.008622 -0.029394
v 0.087459 -0.006690 -0.026432
v 0.085881 -0.008515 -0.027287
v 0.005217 -0.003217 -0.051386
v 0.008835 -0.002871 -0.049899
v 0.011854 0.000000 -0.047607
v 0.008748 0.000000 -0.049990
v 0.005130 0.000000 -0.051489
v 0.001248 0.000000 -0.052000
v 0.041603 0.000000 -0.017858
v 0.011854 0.000000 -0.047607
v 0.011854 0.004976 -0.047346
v 0.041603 0.003706 -0.017408
v 0.011854 0.009898 -0.046566
v 0.041603 0.004274 -0.017339
v 0.011854 0.014711 -0.045277
v 0.041603 0.007227 -0.016219
v 0.011854 0.019363 -0.043491
v 0.041603 0.008299 -0.015812
v 0.011854 0.023803 -0.041228
v 0.041603 0.010426 -0.014344
v 0.011854 0.027982 -0.038515
v 0.041603 0.011842 -0.013367
v 0.011854 0.031855 -0.035379
v 0.041603 0.013174 -0.011863
v 0.011854 0.035379 -0.031855
v 0.041603 0.014697 -0.010144
v 0.011854 0.038515 -0.027982
v 0.041603 0.015363 -0.008875
v 0.011854 0.041228 -0.023803
v 0.011854 0.043491 -0.019363
v 0.041603 0.016697 -0.006332
v 0.011854 0.045277 -0.014711
v 0.041603 0.016903 -0.005498
v 0.011854 0.046566 -0.009898
v 0.041603 0.017728 -0.002153
v 0.011854 0.047346 -0.004976
v 0.041603 0.017728 -0.001867
v 0.011854 0.047607 0.000000
v 0.041603 0.017728 0.001867
v 0.011854 0.047346 0.004976
v 0.041603 0.017728 0.002153
v 0.011854 0.046566 0.009898
v 0.041603 0.016903 0.005498
v 0.011854 0.045277 0.014711
v 0.041603 0.016697 0.006332
v 0.011854 0.043491 0.019363
v 0.041603 0.015363 0.008875
v 0.011854 0.041228 0.023803
v 0.041603 0.014697 0.010144
v 0.011854 0.038515 0.027982
v 0.041603 0.013174 0.011863
v 0.011854 0.035379 0.031855
v 0.041603 0.011842 0.013367
v 0.011854 0.031855 0.035379
v 0.041603 0.010426 0.014344
v 0.011854 0.027982 0.038515
v 0.041603 0.008299 0.015812
v 0.011854 0.023803 0.041228
v 0.041603 0.007227 0.016219
v 0.011854 0.000000 0.047607
v 0.041603 0.000000 0.017858
v 0.011854 0.004976 0.047346
v 0.041603 0.003706 0.017408
v 0.011854 0.009898 0.046566
v 0.041603 0.004274 0.017339
v 0.011854 0.014711 0.045277
v 0.011854 0.019363 0.043491
v 0.008748 0.000000 0.049990
v 0.011854 0.000000 0.047607
v 0.005130 0.000000 0.051489
v 0.008748 0.005225 0.049717
v 0.005130 0.005382 0.051207
v 0.008748 0.010394 0.048898
v 0.008748 0.015448 0.047544
v 0.008748 0.020333 0.045668
v 0.008748 0.024995 0.043293
v 0.008748 0.029384 0.040443
v 0.008748 0.033450 0.037150
v 0.008748 0.037150 0.033450
v 0.008748 0.040443 0.029384
v 0.008748 0.043293 0.024995
v 0.008748 0.045668 0.020333
v 0.008748 0.047544 0.015448
v 0.008748 0.048898 0.010394
v 0.008748 0.049717 0.005225
v 0.011854 0.047607 0.000000
v 0.008748 0.049990 0.000000
v 0.008748 0.049717 -0.005225
v 0.008748 0.048898 -0.010394
v 0.008748 0.047544 -0.015448
v 0.008748 0.045668 -0.020333
v 0.008748 0.043293 -0.024995
v 0.008748 0.040443 -0.029384
v 0.008748 0.037150 -0.033450
v 0.008748 0.033450 -0.037150
v 0.008748 0.029384 -0.040443
v 0.008748 0.024995 -0.043293
v 0.008748 0.020333 -0.045668
v 0.008748 0.015448 -0.047544
v 0.008748 0.010394 -0.048898
v 0.008748 0.005225 -0.049717
v 0.011854 0.000000 -0.047607
v 0.008748 0.000000 -0.049990
v 0.005130 0.010705 0.050364
v 0.005130 0.015911 0.048969
v 0.005130 0.020942 0.047037
v 0.005130 0.025744 0.044591
v 0.005130 0.030264 0.041655
v 0.005130 0.034453 0.038264
v 0.005130 0.038264 0.034453
v 0.005130 0.041655 0.030264
v 0.005130 0.044591 0.025744
v 0.005130 0.047037 0.020942
v 0.005130 0.048969 0.015911
v 0.005130 0.050364 0.010705
v 0.005130 0.051207 0.005382
v 0.005130 0.051489 0.000000
v 0.005130 0.051207 -0.005382
v 0.005130 0.050364 -0.010705
v 0.005130 0.048969 -0.015911
v 0.005130 0.047037 -0.020942
v 0.005130 0.044591 -0.025744
v 0.005130 0.041655 -0.030264
v 0.005130 0.038264 -0.034453
v 0.005130 0.034453 -0.038264
v 0.005130 0.030264 -0.041655
v 0.005130 0.025744 -0.044591
v 0.005130 0.020942 -0.047037
v 0.005130 0.015911 -0.048969
v 0.005130 0.010705 -0.050364
v 0.005130 0.005382 -0.051207
v 0.005130 0.000000 -0.051489
v 0.001248 0.000000 -0.052000
v 0.083228 -0.006350 -0.017202
v 0.079037 -0.007815 -0.007528
v 0.078506 -0.007572 -0.000683
v 0.080847 -0.005987 -0.007334
v 0.080335 -0.005743 -0.000719
v 0.081502 -0.008177 -0.017738
v 0.052461 -0.008242 0.000698
v 0.076007 -0.008242 0.000698
v 0.076000 -0.008230 0.000000
v 0.081000 -0.003230 0.000000
v 0.080330 -0.005730 0.000000
v 0.078500 -0.007560 0.000000
v 0.076000 -0.008230 0.000000
v 0.080335 -0.005743 0.000719
v 0.078506 -0.007572 0.000683
v 0.098097 -0.036031 0.038901
v 0.094333 -0.039931 -0.035258
v 0.089061 -0.045402 -0.028618
v 0.083374 -0.048000 -0.021354
v 0.087598 -0.043939 -0.028618
v 0.093069 -0.038667 -0.035258
v 0.085000 -0.049626 -0.021354
v 0.082196 -0.052549 -0.013681
v 0.080450 -0.050804 -0.013681
v 0.080658 -0.054157 -0.005775
v 0.080379 -0.054449 0.002237
v 0.078843 -0.052342 -0.005775
v 0.078551 -0.052621 0.002237
v 0.079587 -0.051630 0.010250
v 0.081370 -0.053413 0.010250
v 0.083653 -0.051030 0.018130
v 0.081970 -0.049347 0.018130
v 0.087238 -0.047296 0.025690
v 0.092089 -0.042257 0.032699
v 0.085704 -0.045762 0.025690
v 0.090743 -0.040911 0.032699
v 0.096969 -0.034903 0.038901
v 0.047461 0.000000 0.003716
v 0.047461 -0.003345 0.003716
v 0.047461 -0.003245 0.000872
v 0.047461 0.003058 0.002111
v 0.047461 0.002464 0.002781
v 0.047461 0.003474 -0.001318
v 0.047461 0.003689 -0.000448
v 0.047461 0.003689 0.000448
v 0.047461 0.003474 0.001318
v 0.047461 0.000889 -0.003608
v 0.047461 0.001727 -0.003290
v 0.047461 0.002464 -0.002781
v 0.047461 0.003058 -0.002111
v 0.047461 0.001727 0.003290
v 0.047461 0.000889 0.003608
v 0.047841 -0.005158 0.000806
v 0.048202 -0.005696 0.000787
v 0.048925 -0.006779 0.000749
v 0.050008 -0.007502 0.000724
v 0.050547 -0.007862 0.000711
v 0.045938 0.000000 -0.011369
v 0.045938 0.002721 -0.011039
v 0.041603 0.000000 0.017858
v 0.044090 0.000000 0.014827
v 0.041603 0.000000 -0.017858
v 0.044090 0.000000 -0.014827
v 0.044090 0.003548 -0.014396
v 0.044090 0.006890 -0.013129
v 0.044090 0.009832 -0.011098
v 0.044090 0.012202 -0.008423
v 0.044090 0.013864 -0.005258
v 0.044090 0.014719 -0.001787
v 0.044090 0.014719 0.001787
v 0.044090 0.013864 0.005258
v 0.044090 0.012202 0.008423
v 0.044090 0.009832 0.011098
v 0.044090 0.006890 0.013129
v 0.044090 0.003548 0.014396
v 0.045938 0.002721 0.011039
v 0.045938 0.005284 0.010067
v 0.045938 0.007539 0.008510
v 0.045938 0.009357 0.006459
v 0.045938 0.010631 0.004032
v 0.045938 0.011286 0.001370
v 0.045938 0.011286 -0.001370
v 0.045938 0.010631 -0.004032
v 0.045938 0.009357 -0.006459
v 0.045938 0.007539 -0.008510
v 0.045938 0.005284 -0.010067
v 0.047077 0.001823 0.007396
v 0.047077 0.003540 0.006745
v 0.047077 0.005051 0.005702
v 0.047077 0.006269 0.004327
v 0.047077 0.007123 0.002701
v 0.047077 0.007562 0.000918
v 0.047077 0.007562 -0.000918
v 0.047077 0.007123 -0.002701
v 0.047077 0.006269 -0.004327
v 0.047077 0.005051 -0.005702
v 0.047077 0.003540 -0.006745
v 0.047077 0.001823 -0.007396
v 0.047077 0.000000 -0.007618
v 0.044706 0.000000 0.013675
v 0.045938 0.000000 0.011369
v 0.046697 0.000000 0.008867
v 0.047077 0.000000 0.007618
v 0.047461 0.000000 0.003716
v 0.047461 0.000000 -0.003716
v 0.052461 -0.008342 0.003541
v 0.077232 -0.008623 0.011612
v 0.051801 -0.008541 0.009248
v 0.080528 -0.008989 0.022089
v 0.049306 -0.008766 0.015699
v 0.083742 -0.009214 0.028508
v 0.045139 -0.008959 0.021219
v 0.037849 -0.009214 0.028508
v 0.012192 -0.004989 0.047269
v 0.041603 -0.003962 0.017858
v 0.011939 -0.002500 0.047522
v 0.041603 0.000000 0.017858
v 0.011854 0.000000 0.047607
v 0.037849 -0.010446 0.033960
v 0.088776 -0.010465 0.033951
v 0.088424 -0.010311 0.033639
v 0.084782 -0.009314 0.029794
v 0.086530 -0.009685 0.031752
v 0.090647 -0.011285 0.035607
v 0.037849 -0.013589 0.038583
v 0.092831 -0.012469 0.037327
v 0.037849 -0.018206 0.041733
v 0.099674 -0.018081 0.041678
v 0.098073 -0.016377 0.040780
v 0.096189 -0.014757 0.039636
v 0.095032 -0.013896 0.038882
v 0.094585 -0.013607 0.038566
v 0.102097 -0.022791 0.042918
v 0.101690 -0.021395 0.042719
v 0.037849 -0.023656 0.042975
v 0.100947 -0.019876 0.042347
v 0.099889 -0.018346 0.041794
v 0.099775 -0.018206 0.041733
v 0.101690 -0.027016 0.042719
v 0.102103 -0.025589 0.042921
v 0.102235 -0.024208 0.042985
v 0.102182 -0.023657 0.042959
v 0.037849 -0.029182 0.042135
v 0.097522 -0.032539 0.040456
v 0.099137 -0.030946 0.041385
v 0.099893 -0.030056 0.041796
v 0.100505 -0.029175 0.042116
v 0.100925 -0.028570 0.042335
v 0.046933 -0.003544 0.008282
v 0.047077 0.000000 0.007618
v 0.046707 -0.003569 0.008864
v 0.044937 -0.003769 0.013442
v 0.045938 0.000000 0.011369
v 0.044749 -0.003780 0.013691
v 0.044090 0.000000 0.014827
v 0.049961 -0.007672 0.003565
v 0.048131 -0.005843 0.003628
v 0.042105 -0.006426 0.018274
v 0.045546 -0.006244 0.013695
v 0.049378 -0.007858 0.008704
v 0.047598 -0.006031 0.008351
v 0.047142 -0.008069 0.014519
v 0.043396 -0.008249 0.019501
v 0.030402 -0.009044 0.033405
v 0.033118 -0.009171 0.031538
v 0.035595 -0.009226 0.029909
v 0.020984 -0.008068 0.040302
v 0.023526 -0.008425 0.038390
v 0.019738 -0.007858 0.041252
v 0.026209 -0.008720 0.036409
v 0.027233 -0.008806 0.035669
v 0.028986 -0.008952 0.034405
v 0.014033 -0.006337 0.045714
v 0.015037 -0.006720 0.044910
v 0.012322 -0.005198 0.047145
v 0.012426 -0.005323 0.047051
v 0.012829 -0.005678 0.046704
v 0.013398 -0.006032 0.046230
v 0.016251 -0.007090 0.043952
v 0.017089 -0.007296 0.043298
v 0.017812 -0.007474 0.042734
v 0.085881 -0.008515 0.027287
v 0.087459 -0.006690 0.026432
v 0.086822 -0.008547 0.028601
v 0.088358 -0.006744 0.027852
v 0.089881 -0.007082 0.030047
v 0.088414 -0.008824 0.030637
v 0.090154 -0.009380 0.032640
v 0.092214 -0.010314 0.034768
v 0.091548 -0.007729 0.032201
v 0.093524 -0.008795 0.034484
v 0.095485 -0.010138 0.036510
v 0.094255 -0.011504 0.036661
v 0.096327 -0.012985 0.038397
v 0.097420 -0.013893 0.039246
v 0.099207 -0.015626 0.040544
v 0.100732 -0.017473 0.041571
v 0.100937 -0.017762 0.041703
v 0.101948 -0.019436 0.042339
v 0.102658 -0.021105 0.042768
v 0.103180 -0.024208 0.043075
v 0.103047 -0.022645 0.042998
v 0.103053 -0.025733 0.043001
v 0.102657 -0.027306 0.042768
v 0.100941 -0.030640 0.041706
v 0.101926 -0.029014 0.042326
v 0.100220 -0.031608 0.041234
v 0.098684 -0.033328 0.040176
v 0.097479 -0.011796 0.038363
v 0.098532 -0.012808 0.039269
v 0.100255 -0.014733 0.040652
v 0.101726 -0.016779 0.041743
v 0.101924 -0.017098 0.041884
v 0.102900 -0.018947 0.042560
v 0.103586 -0.020789 0.043016
v 0.103962 -0.022486 0.043260
v 0.104090 -0.024209 0.043342
v 0.103967 -0.025889 0.043263
v 0.103585 -0.027623 0.043016
v 0.102879 -0.029507 0.042546
v 0.101928 -0.031303 0.041887
v 0.101232 -0.032374 0.041386
v 0.099751 -0.034280 0.040259
v 0.081457 -0.006115 0.010807
v 0.084493 -0.006471 0.020494
v 0.082811 -0.008297 0.021144
v 0.079668 -0.007942 0.011121
v 0.022167 -0.026250 0.044353
v 0.018544 -0.024590 0.045368
v 0.003548 -0.006732 0.051431
v 0.005477 -0.006421 0.051078
v 0.003702 -0.007758 0.051283
v 0.007337 -0.006086 0.050472
v 0.005632 -0.007280 0.050950
v 0.009096 -0.005731 0.049625
v 0.007492 -0.006775 0.050357
v 0.010724 -0.005363 0.048551
v 0.009247 -0.006254 0.049514
v 0.003829 -0.008377 0.051183
v 0.004336 -0.010147 0.050852
v 0.005067 -0.011930 0.050450
v 0.005893 -0.013484 0.050042
v 0.007210 -0.015456 0.049444
v 0.015254 -0.008955 0.045809
v 0.013898 -0.008343 0.046579
v 0.012776 -0.007694 0.047232
v 0.012065 -0.007170 0.047658
v 0.011430 -0.006558 0.048054
v 0.010982 -0.005941 0.048354
v 0.010867 -0.005725 0.048437
v 0.008812 -0.017382 0.048770
v 0.010886 -0.019417 0.047957
v 0.013456 -0.021477 0.047021
v 0.015126 -0.022618 0.046450
v 0.005759 -0.007797 0.050864
v 0.006264 -0.009276 0.050577
v 0.006990 -0.010764 0.050228
v 0.007807 -0.012057 0.049874
v 0.009107 -0.013691 0.049355
v 0.010683 -0.015279 0.048770
v 0.012718 -0.016942 0.048065
v 0.015231 -0.018605 0.047255
v 0.016858 -0.019513 0.046761
v 0.020170 -0.021048 0.045829
v 0.023647 -0.022286 0.044957
v 0.007617 -0.007190 0.050278
v 0.008114 -0.008376 0.050011
v 0.008825 -0.009563 0.049680
v 0.009622 -0.010591 0.049339
v 0.010888 -0.011882 0.048835
v 0.012420 -0.013123 0.048262
v 0.014393 -0.014405 0.047563
v 0.016821 -0.015660 0.046751
v 0.018387 -0.016329 0.046251
v 0.021564 -0.017419 0.045292
v 0.024877 -0.018234 0.044371
v 0.009369 -0.006568 0.049436
v 0.009848 -0.007463 0.049164
v 0.010529 -0.008356 0.048816
v 0.011293 -0.009124 0.048451
v 0.012501 -0.010081 0.047901
v 0.013962 -0.010990 0.047263
v 0.015838 -0.011912 0.046473
v 0.018143 -0.012791 0.045536
v 0.019628 -0.013246 0.044948
v 0.022633 -0.013951 0.043795
v 0.025756 -0.014423 0.042644
v 0.016994 -0.009569 0.044840
v 0.019133 -0.010146 0.043671
v 0.020510 -0.010439 0.042927
v 0.023302 -0.010883 0.041441
v 0.026212 -0.011164 0.039916
v 0.029170 -0.011274 0.038391
v 0.028912 -0.014649 0.041531
v 0.028238 -0.018756 0.043527
v 0.027210 -0.023207 0.044191
v 0.025927 -0.027581 0.043459
v 0.030650 -0.011263 0.037636
v 0.030481 -0.014664 0.040996
v 0.029913 -0.018901 0.043143
v 0.029004 -0.023542 0.043860
v 0.027846 -0.028116 0.043074
v 0.033412 -0.011116 0.036235
v 0.033377 -0.014504 0.040037
v 0.033017 -0.018943 0.042507
v 0.032374 -0.023922 0.043359
v 0.031520 -0.028867 0.042495
v 0.035812 -0.010833 0.035017
v 0.035837 -0.014129 0.039244
v 0.035668 -0.018694 0.042048
v 0.035325 -0.023944 0.043073
v 0.034853 -0.029209 0.042186
v 0.011854 0.000000 0.047607
v 0.008835 -0.002871 0.049899
v 0.008748 0.000000 0.049990
v 0.005217 -0.003217 0.051386
v 0.005130 0.000000 0.051489
v 0.001248 0.000000 0.052000
v -0.002000 -0.047048 -0.020947
v -0.002000 -0.050375 -0.010707
v -0.002000 -0.047719 -0.005190
v -0.002000 -0.051500 0.000000
v -0.002000 -0.047719 0.005190
v -0.002000 -0.050375 0.010707
v -0.002000 -0.045487 0.015326
v -0.002000 -0.047048 0.020947
v -0.002000 -0.041129 0.024747
v -0.002000 -0.041664 0.030271
v -0.002000 -0.034848 0.033010
v -0.002000 -0.034460 0.038272
v -0.002000 -0.026937 0.039729
v -0.002000 -0.025750 0.044600
v -0.002000 -0.017767 0.044591
v -0.002000 -0.015914 0.048979
v -0.002000 -0.007766 0.047368
v -0.002000 -0.005383 0.051218
v -0.002000 0.002599 0.047930
v -0.002000 0.005383 0.051218
v -0.002000 0.012841 0.046250
v -0.002000 0.015914 0.048979
v -0.002000 0.022484 0.042409
v -0.002000 0.025750 0.044600
v -0.002000 0.031075 0.036584
v -0.002000 0.034460 0.038272
v -0.002000 0.038212 0.029048
v -0.002000 0.041664 0.030271
v -0.002000 0.043564 0.020155
v -0.002000 0.047048 0.020947
v -0.002000 0.046878 0.010319
v -0.002000 0.050375 0.010707
v -0.002000 0.048000 0.000000
v -0.002000 0.051500 0.000000
v -0.002000 0.046878 -0.010319
v -0.002000 0.050375 -0.010707
v -0.002000 0.043564 -0.020155
v -0.002000 0.047048 -0.020947
v -0.002000 0.038212 -0.029048
v -0.002000 0.041664 -0.030271
v -0.002000 0.031075 -0.036584
v -0.002000 0.034460 -0.038272
v -0.002000 0.022484 -0.042409
v -0.002000 0.025750 -0.044600
v -0.002000 0.012841 -0.046250
v -0.002000 0.015914 -0.048979
v -0.002000 0.002599 -0.047930
v -0.002000 0.005383 -0.051218
v -0.002000 -0.007766 -0.047368
v -0.002000 -0.005383 -0.051218
v -0.002000 -0.017767 -0.044591
v -0.002000 -0.015914 -0.048979
v -0.002000 -0.026937 -0.039729
v -0.002000 -0.025750 -0.044600
v -0.002000 -0.034848 -0.033010
v -0.002000 -0.034460 -0.038272
v -0.002000 -0.041129 -0.024747
v -0.002000 -0.041664 -0.030271
v -0.002000 -0.045487 -0.015326
v -0.004000 0.048000 0.000000
v 0.112053 -0.058500 -0.047048
v 0.117086 -0.058500 -0.048979
v 0.184218 -0.058500 0.005383
v 0.122293 -0.058500 -0.050375
v 0.184500 -0.058500 0.000000
v 0.184218 -0.058500 -0.005383
v 0.183375 -0.058500 0.010707
v 0.181979 -0.058500 0.015914
v 0.081782 -0.058500 -0.005383
v 0.180048 -0.058500 0.020947
v 0.177600 -0.058500 0.025750
v 0.171272 -0.058500 -0.034460
v 0.174664 -0.058500 -0.030271
v 0.177600 -0.058500 -0.025750
v 0.180048 -0.058500 -0.020947
v 0.082625 -0.058500 -0.010707
v 0.084021 -0.058500 -0.015914
v 0.091336 -0.058500 -0.030271
v 0.094728 -0.058500 -0.034460
v 0.098540 -0.058500 -0.038272
v 0.127617 -0.058500 -0.051218
v 0.163271 -0.058500 -0.041664
v 0.167460 -0.058500 -0.038272
v 0.133000 -0.058500 -0.051500
v 0.138383 -0.058500 -0.051218
v 0.143707 -0.058500 -0.050375
v 0.148914 -0.058500 -0.048979
v 0.153947 -0.058500 -0.047048
v 0.158750 -0.058500 -0.044600
v 0.181979 -0.058500 -0.015914
v 0.183375 -0.058500 -0.010707
v 0.174664 -0.058500 0.030271
v 0.171272 -0.058500 0.034460
v 0.167460 -0.058500 0.038272
v 0.163271 -0.058500 0.041664
v 0.158750 -0.058500 0.044600
v 0.153947 -0.058500 0.047048
v 0.138383 -0.058500 0.051218
v 0.133000 -0.058500 0.051500
v 0.127617 -0.058500 0.051218
v 0.122293 -0.058500 0.050375
v 0.085952 -0.058500 -0.020947
v 0.088400 -0.058500 -0.025750
v 0.102729 -0.058500 -0.041664
v 0.107250 -0.058500 -0.044600
v 0.148914 -0.058500 0.048979
v 0.143707 -0.058500 0.050375
v 0.098540 -0.058500 0.038272
v 0.094728 -0.058500 0.034460
v 0.081500 -0.058500 0.000000
v 0.102729 -0.058500 0.041664
v 0.117086 -0.058500 0.048979
v 0.112053 -0.058500 0.047048
v 0.107250 -0.058500 0.044600
v 0.091336 -0.058500 0.030271
v 0.088400 -0.058500 0.025750
v 0.085952 -0.058500 0.020947
v 0.084021 -0.058500 0.015914
v 0.082625 -0.058500 0.010707
v 0.081782 -0.058500 0.005383
v 0.085952 0.000000 -0.020947
v 0.082625 0.000000 -0.010707
v 0.085281 0.000000 -0.005190
v 0.081500 0.000000 0.000000
v 0.085281 0.000000 0.005190
v 0.082625 0.000000 0.010707
v 0.087513 0.000000 0.015326
v 0.085952 0.000000 0.020947
v 0.091871 0.000000 0.024747
v 0.091336 0.000000 0.030271
v 0.098152 0.000000 0.033010
v 0.098540 0.000000 0.038272
v 0.106063 0.000000 0.039729
v 0.107250 0.000000 0.044600
v 0.115233 0.000000 0.044591
v 0.117086 0.000000 0.048979
v 0.125234 0.000000 0.047368
v 0.127617 0.000000 0.051218
v 0.135599 0.000000 0.047930
v 0.138383 0.000000 0.051218
v 0.145841 0.000000 0.046250
v 0.148914 0.000000 0.048979
v 0.155484 0.000000 0.042409
v 0.158750 0.000000 0.044600
v 0.164074 0.000000 0.036584
v 0.167460 0.000000 0.038272
v 0.171212 0.000000 0.029048
v 0.174664 0.000000 0.030271
v 0.176564 0.000000 0.020155
v 0.180048 0.000000 0.020947
v 0.179878 0.000000 0.010319
v 0.183375 0.000000 0.010707
v 0.181000 0.000000 0.000000
v 0.184500 0.000000 0.000000
v 0.179878 0.000000 -0.010319
v 0.183375 0.000000 -0.010707
v 0.176564 0.000000 -0.020155
v 0.180048 0.000000 -0.020947
v 0.171212 0.000000 -0.029048
v 0.174664 0.000000 -0.030271
v 0.164074 0.000000 -0.036584
v 0.167460 0.000000 -0.038272
v 0.155484 0.000000 -0.042409
v 0.158750 0.000000 -0.044600
v 0.145841 0.000000 -0.046250
v 0.148914 0.000000 -0.048979
v 0.135599 0.000000 -0.047930
v 0.138383 0.000000 -0.051218
v 0.125234 0.000000 -0.047368
v 0.127617 0.000000 -0.051218
v 0.115233 0.000000 -0.044591
v 0.117086 0.000000 -0.048979
v 0.106063 0.000000 -0.039729
v 0.107250 0.000000 -0.044600
v 0.098152 0.000000 -0.033010
v 0.098540 0.000000 -0.038272
v 0.091871 0.000000 -0.024747
v 0.091336 0.000000 -0.030271
v 0.087513 0.000000 -0.015326
v 0.181000 0.003500 0.000000
v 0.081533 -0.058433 -0.005409
v 0.081500 -0.058500 0.000000
v 0.081250 -0.058433 0.000000
v 0.081533 -0.058433 0.005409
v 0.082381 -0.058433 0.010759
v 0.083783 -0.058433 0.015992
v 0.085724 -0.058433 0.021049
v 0.088183 -0.058433 0.025875
v 0.091133 -0.058433 0.030418
v 0.094542 -0.058433 0.034627
v 0.098372 -0.058433 0.038458
v 0.102582 -0.058433 0.041867
v 0.107125 -0.058433 0.044817
v 0.111951 -0.058433 0.047276
v 0.117008 -0.058433 0.049217
v 0.122241 -0.058433 0.050619
v 0.127591 -0.058433 0.051466
v 0.133000 -0.058433 0.051750
v 0.138409 -0.058433 0.051466
v 0.143759 -0.058433 0.050619
v 0.148992 -0.058433 0.049217
v 0.154049 -0.058433 0.047276
v 0.158875 -0.058433 0.044817
v 0.163418 -0.058433 0.041867
v 0.167627 -0.058433 0.038458
v 0.171458 -0.058433 0.034627
v 0.174867 -0.058433 0.030418
v 0.177817 -0.058433 0.025875
v 0.180276 -0.058433 0.021049
v 0.182217 -0.058433 0.015992
v 0.183619 -0.058433 0.010759
v 0.184466 -0.058433 0.005409
v 0.184750 -0.058433 0.000000
v 0.184466 -0.058433 -0.005409
v 0.183619 -0.058433 -0.010759
v 0.182217 -0.058433 -0.015992
v 0.180276 -0.058433 -0.021049
v 0.177817 -0.058433 -0.025875
v 0.174867 -0.058433 -0.030418
v 0.171458 -0.058433 -0.034627
v 0.167627 -0.058433 -0.038458
v 0.163418 -0.058433 -0.041867
v 0.158875 -0.058433 -0.044817
v 0.154049 -0.058433 -0.047276
v 0.148992 -0.058433 -0.049217
v 0.143759 -0.058433 -0.050619
v 0.138409 -0.058433 -0.051466
v 0.133000 -0.058433 -0.051750
v 0.127591 -0.058433 -0.051466
v 0.122241 -0.058433 -0.050619
v 0.117008 -0.058433 -0.049217
v 0.111951 -0.058433 -0.047276
v 0.107125 -0.058433 -0.044817
v 0.102582 -0.058433 -0.041867
v 0.098372 -0.058433 -0.038458
v 0.094542 -0.058433 -0.034627
v 0.091133 -0.058433 -0.030418
v 0.088183 -0.058433 -0.025875
v 0.085724 -0.058433 -0.021049
v 0.083783 -0.058433 -0.015992
v 0.082381 -0.058433 -0.010759
v 0.081351 -0.058250 -0.005428
v 0.081067 -0.058250 0.000000
v 0.081351 -0.058250 0.005428
v 0.082202 -0.058250 0.010797
v 0.083609 -0.058250 0.016048
v 0.085557 -0.058250 0.021123
v 0.088025 -0.058250 0.025966
v 0.090985 -0.058250 0.030525
v 0.094406 -0.058250 0.034750
v 0.098250 -0.058250 0.038594
v 0.102475 -0.058250 0.042015
v 0.107033 -0.058250 0.044975
v 0.111877 -0.058250 0.047443
v 0.116952 -0.058250 0.049391
v 0.122203 -0.058250 0.050798
v 0.127572 -0.058250 0.051648
v 0.133000 -0.058250 0.051933
v 0.138428 -0.058250 0.051648
v 0.143798 -0.058250 0.050798
v 0.149048 -0.058250 0.049391
v 0.154123 -0.058250 0.047443
v 0.158966 -0.058250 0.044975
v 0.163525 -0.058250 0.042015
v 0.167750 -0.058250 0.038594
v 0.171594 -0.058250 0.034750
v 0.175015 -0.058250 0.030525
v 0.177975 -0.058250 0.025966
v 0.180443 -0.058250 0.021123
v 0.182391 -0.058250 0.016048
v 0.183798 -0.058250 0.010797
v 0.184648 -0.058250 0.005428
v 0.184933 -0.058250 0.000000
v 0.184648 -0.058250 -0.005428
v 0.183798 -0.058250 -0.010797
v 0.182391 -0.058250 -0.016048
v 0.180443 -0.058250 -0.021123
v 0.177975 -0.058250 -0.025966
v 0.175015 -0.058250 -0.030525
v 0.171594 -0.058250 -0.034750
v 0.167750 -0.058250 -0.038594
v 0.163525 -0.058250 -0.042015
v 0.158966 -0.058250 -0.044975
v 0.154123 -0.058250 -0.047443
v 0.149048 -0.058250 -0.049391
v 0.143798 -0.058250 -0.050798
v 0.138428 -0.058250 -0.051648
v 0.133000 -0.058250 -0.051933
v 0.127572 -0.058250 -0.051648
v 0.122203 -0.058250 -0.050798
v 0.116952 -0.058250 -0.049391
v 0.111877 -0.058250 -0.047443
v 0.107033 -0.058250 -0.044975
v 0.102475 -0.058250 -0.042015
v 0.098250 -0.058250 -0.038594
v 0.094406 -0.058250 -0.034750
v 0.090985 -0.058250 -0.030525
v 0.088025 -0.058250 -0.025966
v 0.085557 -0.058250 -0.021123
v 0.083609 -0.058250 -0.016048
v 0.082202 -0.058250 -0.010797
v -0.001500 0.052000 0.000000
v -0.002000 0.051500 0.000000
v 0.185000 -0.000500 0.000000
v 0.184500 0.000000 0.000000
v -0.003500 0.000000 -0.045000
v -0.004000 0.000000 -0.045500
v -0.003500 -0.045000 0.000000
v -0.004000 -0.045500 0.000000
v -0.003500 0.000000 0.045000
v -0.004000 0.000000 0.045500
v -0.003500 0.045000 0.000000
v -0.002000 -0.045000 0.000000
v 0.141101 -0.058500 -0.049846
v 0.148992 -0.058500 -0.047901
v 0.148984 -0.059888 -0.047878
v 0.137062 -0.059888 -0.050312
v 0.133000 -0.058500 -0.050500
v 0.141097 -0.059888 -0.049822
v 0.145080 -0.059888 -0.049009
v 0.156468 -0.058500 -0.044716
v 0.163337 -0.058500 -0.040372
v 0.163323 -0.059888 -0.040352
v 0.159978 -0.059888 -0.042662
v 0.156457 -0.059888 -0.044694
v 0.152785 -0.059888 -0.046437
v 0.169421 -0.058500 -0.034983
v 0.174561 -0.058500 -0.028687
v 0.174541 -0.059888 -0.028673
v 0.172099 -0.059888 -0.031923
v 0.169403 -0.059888 -0.034966
v 0.166472 -0.059888 -0.037782
v 0.178624 -0.058500 -0.021649
v 0.181506 -0.058500 -0.014050
v 0.181483 -0.059888 -0.014043
v 0.180196 -0.059888 -0.017899
v 0.178602 -0.059888 -0.021639
v 0.176713 -0.059888 -0.025238
v 0.183132 -0.058500 -0.006087
v 0.183459 -0.058500 0.002033
v 0.183435 -0.059888 0.002032
v 0.183435 -0.059888 -0.002032
v 0.183108 -0.059888 -0.006084
v 0.182456 -0.059888 -0.010096
v 0.182479 -0.058500 0.010101
v 0.180218 -0.058500 0.017908
v 0.180196 -0.059888 0.017899
v 0.181483 -0.059888 0.014043
v 0.182456 -0.059888 0.010096
v 0.183108 -0.059888 0.006084
v 0.176734 -0.058500 0.025250
v 0.172118 -0.058500 0.031938
v 0.172099 -0.059888 0.031923
v 0.174541 -0.059888 0.028673
v 0.176713 -0.059888 0.025238
v 0.178602 -0.059888 0.021639
v 0.166488 -0.058500 0.037800
v 0.159991 -0.058500 0.042682
v 0.159978 -0.059888 0.042662
v 0.163323 -0.059888 0.040352
v 0.166472 -0.059888 0.037782
v 0.169403 -0.059888 0.034966
v 0.152794 -0.058500 0.046459
v 0.145085 -0.058500 0.049033
v 0.145080 -0.059888 0.049009
v 0.148984 -0.059888 0.047878
v 0.152785 -0.059888 0.046437
v 0.156457 -0.059888 0.044694
v 0.137064 -0.058500 0.050336
v 0.128936 -0.058500 0.050336
v 0.128938 -0.059888 0.050312
v 0.133000 -0.059888 0.050476
v 0.137062 -0.059888 0.050312
v 0.141097 -0.059888 0.049822
v 0.120915 -0.058500 0.049033
v 0.113206 -0.058500 0.046459
v 0.113215 -0.059888 0.046437
v 0.117016 -0.059888 0.047878
v 0.120920 -0.059888 0.049009
v 0.124903 -0.059888 0.049822
v 0.106009 -0.058500 0.042682
v 0.099512 -0.058500 0.037800
v 0.099528 -0.059888 0.037782
v 0.102677 -0.059888 0.040352
v 0.106022 -0.059888 0.042662
v 0.109543 -0.059888 0.044694
v 0.089266 -0.058500 0.025250
v 0.091459 -0.059888 0.028673
v 0.093882 -0.058500 0.031938
v 0.093901 -0.059888 0.031923
v 0.096597 -0.059888 0.034966
v 0.085782 -0.058500 0.017908
v 0.087398 -0.059888 0.021639
v 0.089287 -0.059888 0.025238
v 0.083521 -0.058500 0.010101
v 0.084517 -0.059888 0.014043
v 0.085804 -0.059888 0.017899
v 0.082565 -0.059888 -0.002032
v 0.082565 -0.059888 0.002032
v 0.082541 -0.058500 0.002033
v 0.082892 -0.059888 0.006084
v 0.083544 -0.059888 0.010096
v 0.082892 -0.059888 -0.006084
v 0.082868 -0.058500 -0.006087
v 0.083544 -0.059888 -0.010096
v 0.084494 -0.058500 -0.014050
v 0.084517 -0.059888 -0.014043
v 0.087376 -0.058500 -0.021649
v 0.087398 -0.059888 -0.021639
v 0.085804 -0.059888 -0.017899
v 0.099528 -0.059888 -0.037782
v 0.096597 -0.059888 -0.034966
v 0.096579 -0.058500 -0.034983
v 0.093901 -0.059888 -0.031923
v 0.091439 -0.058500 -0.028687
v 0.091459 -0.059888 -0.028673
v 0.089287 -0.059888 -0.025238
v 0.102677 -0.059888 -0.040352
v 0.102663 -0.058500 -0.040372
v 0.106022 -0.059888 -0.042662
v 0.109531 -0.058500 -0.044716
v 0.109543 -0.059888 -0.044694
v 0.117008 -0.058500 -0.047901
v 0.117016 -0.059888 -0.047878
v 0.113215 -0.059888 -0.046437
v 0.133000 -0.059888 -0.050476
v 0.128938 -0.059888 -0.050312
v 0.124899 -0.058500 -0.049846
v 0.124903 -0.059888 -0.049822
v 0.120920 -0.059888 -0.049009
v 0.157273 -0.070500 -0.037153
v 0.160258 -0.070500 -0.035021
v 0.111878 -0.070500 0.039030
v 0.163057 -0.070500 -0.032651
v 0.165651 -0.070500 -0.030057
v 0.154122 -0.070500 -0.039030
v 0.108727 -0.070500 0.037153
v 0.105742 -0.070500 0.035021
v 0.102943 -0.070500 0.032651
v 0.100349 -0.070500 0.030057
v 0.097978 -0.070500 0.027258
v 0.092359 -0.070500 0.017827
v 0.091025 -0.070500 0.014410
v 0.089979 -0.070500 0.010894
v 0.089226 -0.070500 0.007305
v 0.168022 -0.070500 -0.027258
v 0.170153 -0.070500 -0.024273
v 0.172030 -0.070500 -0.021122
v 0.173641 -0.070500 -0.017827
v 0.174975 -0.070500 -0.014410
v 0.176021 -0.070500 -0.010894
v 0.176021 -0.070500 0.010894
v 0.174975 -0.070500 0.014410
v 0.170153 -0.070500 0.024273
v 0.168022 -0.070500 0.027258
v 0.165651 -0.070500 0.030057
v 0.163057 -0.070500 0.032651
v 0.160258 -0.070500 0.035021
v 0.157273 -0.070500 0.037153
v 0.115173 -0.070500 0.040641
v 0.095847 -0.070500 0.024273
v 0.093970 -0.070500 0.021122
v 0.089979 -0.070500 -0.010894
v 0.122106 -0.070500 -0.043021
v 0.125695 -0.070500 -0.043774
v 0.176774 -0.070500 -0.007305
v 0.177228 -0.070500 -0.003665
v 0.177379 -0.070500 0.000000
v 0.173641 -0.070500 0.017827
v 0.172030 -0.070500 0.021122
v 0.088772 -0.070500 0.003665
v 0.088621 -0.070500 0.000000
v 0.088772 -0.070500 -0.003665
v 0.150827 -0.070500 0.040641
v 0.147410 -0.070500 0.041975
v 0.118590 -0.070500 0.041975
v 0.091025 -0.070500 -0.014410
v 0.092359 -0.070500 -0.017827
v 0.093970 -0.070500 -0.021122
v 0.177228 -0.070500 0.003665
v 0.176774 -0.070500 0.007305
v 0.129335 -0.070500 -0.044228
v 0.133000 -0.070500 -0.044379
v 0.136665 -0.070500 -0.044228
v 0.154122 -0.070500 0.039030
v 0.143894 -0.070500 0.043021
v 0.140305 -0.070500 0.043774
v 0.122106 -0.070500 0.043021
v 0.136665 -0.070500 0.044228
v 0.133000 -0.070500 0.044379
v 0.129335 -0.070500 0.044228
v 0.125695 -0.070500 0.043774
v 0.095847 -0.070500 -0.024273
v 0.097978 -0.070500 -0.027258
v 0.100349 -0.070500 -0.030057
v 0.102943 -0.070500 -0.032651
v 0.105742 -0.070500 -0.035021
v 0.108727 -0.070500 -0.037153
v 0.111878 -0.070500 -0.039030
v 0.115173 -0.070500 -0.040641
v 0.118590 -0.070500 -0.041975
v 0.140305 -0.070500 -0.043774
v 0.143894 -0.070500 -0.043021
v 0.147410 -0.070500 -0.041975
v 0.089226 -0.070500 -0.007305
v 0.150827 -0.070500 -0.040641
v 0.129111 -0.068768 0.046937
v 0.125023 -0.063129 0.049083
v 0.125248 -0.068768 0.046456
v 0.124817 -0.063129 0.049041
v 0.121438 -0.068768 0.045657
v 0.114081 -0.068768 0.043131
v 0.109890 -0.063129 0.044031
v 0.110584 -0.068768 0.041422
v 0.109343 -0.063129 0.043715
v 0.107240 -0.068768 0.039429
v 0.121099 -0.063129 0.048282
v 0.117253 -0.063129 0.047168
v 0.117707 -0.068768 0.044546
v 0.116859 -0.063129 0.047019
v 0.113509 -0.063129 0.045748
v 0.101101 -0.068768 0.034651
v 0.097136 -0.063129 0.034447
v 0.098349 -0.068768 0.031899
v 0.096438 -0.063129 0.033659
v 0.095833 -0.068768 0.028928
v 0.106422 -0.063129 0.042029
v 0.103127 -0.063129 0.039754
v 0.104072 -0.068768 0.037167
v 0.102474 -0.063129 0.039221
v 0.100025 -0.063129 0.037221
v 0.091578 -0.068768 0.022416
v 0.088074 -0.063129 0.021318
v 0.089869 -0.068768 0.018919
v 0.087495 -0.063129 0.019961
v 0.088454 -0.068768 0.015293
v 0.094481 -0.063129 0.031450
v 0.092075 -0.063129 0.028248
v 0.093571 -0.068768 0.025760
v 0.091399 -0.063129 0.027180
v 0.089935 -0.063129 0.024864
v 0.083635 -0.063129 0.005994
v 0.086063 -0.068768 0.003889
v 0.086544 -0.068768 0.007752
v 0.086504 -0.063129 0.017634
v 0.085236 -0.063129 0.013835
v 0.087343 -0.068768 0.011562
v 0.084832 -0.063129 0.012198
v 0.084278 -0.063129 0.009947
v 0.083482 -0.063129 0.004103
v 0.083313 -0.063129 0.002002
v 0.085902 -0.068768 0.000000
v 0.083313 -0.063129 -0.002002
v 0.086063 -0.068768 -0.003889
v 0.083482 -0.063129 -0.004103
v 0.083635 -0.063129 -0.005994
v 0.086544 -0.068768 -0.007752
v 0.084278 -0.063129 -0.009947
v 0.087343 -0.068768 -0.011562
v 0.084832 -0.063129 -0.012198
v 0.085236 -0.063129 -0.013835
v 0.088454 -0.068768 -0.015293
v 0.086504 -0.063129 -0.017634
v 0.089869 -0.068768 -0.018919
v 0.087495 -0.063129 -0.019961
v 0.088074 -0.063129 -0.021318
v 0.091578 -0.068768 -0.022416
v 0.089935 -0.063129 -0.024864
v 0.093571 -0.068768 -0.025760
v 0.091399 -0.063129 -0.027180
v 0.092075 -0.063129 -0.028248
v 0.095833 -0.068768 -0.028928
v 0.094481 -0.063129 -0.031450
v 0.098349 -0.068768 -0.031899
v 0.096438 -0.063129 -0.033659
v 0.097136 -0.063129 -0.034447
v 0.101101 -0.068768 -0.034651
v 0.100025 -0.063129 -0.037221
v 0.104072 -0.068768 -0.037167
v 0.102474 -0.063129 -0.039221
v 0.103127 -0.063129 -0.039754
v 0.107240 -0.068768 -0.039429
v 0.106422 -0.063129 -0.042029
v 0.110584 -0.068768 -0.041422
v 0.109343 -0.063129 -0.043715
v 0.109890 -0.063129 -0.044031
v 0.114081 -0.068768 -0.043131
v 0.113509 -0.063129 -0.045748
v 0.117707 -0.068768 -0.044546
v 0.116859 -0.063129 -0.047019
v 0.117253 -0.063129 -0.047168
v 0.121438 -0.068768 -0.045657
v 0.121099 -0.063129 -0.048282
v 0.125248 -0.068768 -0.046456
v 0.136889 -0.068768 -0.046937
v 0.140977 -0.063129 -0.049083
v 0.140752 -0.068768 -0.046456
v 0.141183 -0.063129 -0.049041
v 0.144562 -0.068768 -0.045657
v 0.124817 -0.063129 -0.049041
v 0.125023 -0.063129 -0.049083
v 0.129111 -0.068768 -0.046937
v 0.128999 -0.063129 -0.049566
v 0.133000 -0.068768 -0.047098
v 0.133000 -0.063129 -0.049727
v 0.137001 -0.063129 -0.049566
v 0.151919 -0.068768 -0.043131
v 0.156109 -0.063129 -0.044031
v 0.155416 -0.068768 -0.041422
v 0.156657 -0.063129 -0.043715
v 0.158760 -0.068768 -0.039429
v 0.144901 -0.063129 -0.048282
v 0.148747 -0.063129 -0.047168
v 0.148293 -0.068768 -0.044546
v 0.149141 -0.063129 -0.047019
v 0.152491 -0.063129 -0.045748
v 0.164899 -0.068768 -0.034651
v 0.168864 -0.063129 -0.034447
v 0.167651 -0.068768 -0.031899
v 0.169562 -0.063129 -0.033659
v 0.170167 -0.068768 -0.028928
v 0.159578 -0.063129 -0.042029
v 0.162873 -0.063129 -0.039754
v 0.161928 -0.068768 -0.037167
v 0.163526 -0.063129 -0.039221
v 0.165975 -0.063129 -0.037221
v 0.174422 -0.068768 -0.022416
v 0.177926 -0.063129 -0.021318
v 0.176131 -0.068768 -0.018919
v 0.178504 -0.063129 -0.019961
v 0.177546 -0.068768 -0.015293
v 0.171519 -0.063129 -0.031450
v 0.173925 -0.063129 -0.028248
v 0.172429 -0.068768 -0.025760
v 0.174601 -0.063129 -0.027180
v 0.176065 -0.063129 -0.024864
v 0.182365 -0.063129 -0.005994
v 0.179937 -0.068768 -0.003889
v 0.179456 -0.068768 -0.007752
v 0.179496 -0.063129 -0.017634
v 0.180764 -0.063129 -0.013835
v 0.178657 -0.068768 -0.011562
v 0.181168 -0.063129 -0.012198
v 0.181723 -0.063129 -0.009947
v 0.182517 -0.063129 -0.004103
v 0.182687 -0.063129 -0.002002
v 0.180098 -0.068768 0.000000
v 0.182687 -0.063129 0.002002
v 0.179937 -0.068768 0.003889
v 0.182517 -0.063129 0.004103
v 0.182365 -0.063129 0.005994
v 0.179456 -0.068768 0.007752
v 0.181723 -0.063129 0.009947
v 0.178657 -0.068768 0.011562
v 0.181168 -0.063129 0.012198
v 0.180764 -0.063129 0.013835
v 0.177546 -0.068768 0.015293
v 0.179496 -0.063129 0.017634
v 0.176131 -0.068768 0.018919
v 0.178504 -0.063129 0.019961
v 0.177926 -0.063129 0.021318
v 0.174422 -0.068768 0.022416
v 0.176065 -0.063129 0.024864
v 0.172429 -0.068768 0.025760
v 0.174601 -0.063129 0.027180
v 0.173925 -0.063129 0.028248
v 0.170167 -0.068768 0.028928
v 0.171519 -0.063129 0.031450
v 0.167651 -0.068768 0.031899
v 0.169562 -0.063129 0.033659
v 0.168864 -0.063129 0.034447
v 0.164899 -0.068768 0.034651
v 0.165975 -0.063129 0.037221
v 0.161928 -0.068768 0.037167
v 0.163526 -0.063129 0.039221
v 0.162873 -0.063129 0.039754
v 0.158760 -0.068768 0.039429
v 0.159578 -0.063129 0.042029
v 0.155416 -0.068768 0.041422
v 0.156657 -0.063129 0.043715
v 0.156109 -0.063129 0.044031
v 0.151919 -0.068768 0.043131
v 0.152491 -0.063129 0.045748
v 0.148293 -0.068768 0.044546
v 0.149141 -0.063129 0.047019
v 0.148747 -0.063129 0.047168
v 0.144562 -0.068768 0.045657
v 0.144901 -0.063129 0.048282
v 0.140752 -0.068768 0.046456
v 0.141183 -0.063129 0.049041
v 0.140977 -0.063129 0.049083
v 0.136889 -0.068768 0.046937
v 0.137001 -0.063129 0.049566
v 0.133000 -0.068768 0.047098
v 0.133000 -0.063129 0.049727
v 0.128999 -0.063129 0.049566
v 0.120969 -0.061548 -0.048811
v 0.117081 -0.061548 -0.047685
v 0.113295 -0.061548 -0.046249
v 0.109637 -0.061548 -0.044514
v 0.106131 -0.061548 -0.042489
v 0.102799 -0.061548 -0.040190
v 0.099663 -0.061548 -0.037629
v 0.096744 -0.061548 -0.034825
v 0.094059 -0.061548 -0.031794
v 0.091627 -0.061548 -0.028558
v 0.089463 -0.061548 -0.025136
v 0.087582 -0.061548 -0.021551
v 0.085995 -0.061548 -0.017827
v 0.084713 -0.061548 -0.013987
v 0.083744 -0.061548 -0.010056
v 0.083095 -0.061548 -0.006060
v 0.082769 -0.061548 -0.002024
v 0.083095 -0.061548 0.006060
v 0.082769 -0.061548 0.002024
v 0.083744 -0.061548 0.010056
v 0.084713 -0.061548 0.013987
v 0.087582 -0.061548 0.021551
v 0.085995 -0.061548 0.017827
v 0.089463 -0.061548 0.025136
v 0.091627 -0.061548 0.028558
v 0.096744 -0.061548 0.034825
v 0.094059 -0.061548 0.031794
v 0.099663 -0.061548 0.037629
v 0.102799 -0.061548 0.040190
v 0.106131 -0.061548 0.042489
v 0.109637 -0.061548 0.044514
v 0.113295 -0.061548 0.046249
v 0.117081 -0.061548 0.047685
v 0.120969 -0.061548 0.048811
v 0.124936 -0.061548 0.049621
v 0.128955 -0.061548 0.050109
v 0.133000 -0.061548 0.050272
v 0.137045 -0.061548 0.050109
v 0.141064 -0.061548 0.049621
v 0.145031 -0.061548 0.048811
v 0.148920 -0.061548 0.047685
v 0.152705 -0.061548 0.046249
v 0.156363 -0.061548 0.044514
v 0.159869 -0.061548 0.042489
v 0.163200 -0.061548 0.040190
v 0.166336 -0.061548 0.037629
v 0.169256 -0.061548 0.034825
v 0.171941 -0.061548 0.031794
v 0.174373 -0.061548 0.028558
v 0.176537 -0.061548 0.025136
v 0.178418 -0.061548 0.021551
v 0.180005 -0.061548 0.017827
v 0.181287 -0.061548 0.013987
v 0.182256 -0.061548 0.010056
v 0.182905 -0.061548 0.006060
v 0.183231 -0.061548 0.002024
v 0.182905 -0.061548 -0.006060
v 0.183231 -0.061548 -0.002024
v 0.182256 -0.061548 -0.010056
v 0.181287 -0.061548 -0.013987
v 0.178418 -0.061548 -0.021551
v 0.180005 -0.061548 -0.017827
v 0.176537 -0.061548 -0.025136
v 0.174373 -0.061548 -0.028558
v 0.169256 -0.061548 -0.034825
v 0.171941 -0.061548 -0.031794
v 0.166336 -0.061548 -0.037629
v 0.163200 -0.061548 -0.040190
v 0.159869 -0.061548 -0.042489
v 0.156363 -0.061548 -0.044514
v 0.152705 -0.061548 -0.046249
v 0.148920 -0.061548 -0.047685
v 0.145031 -0.061548 -0.048811
v 0.141064 -0.061548 -0.049621
v 0.137045 -0.061548 -0.050109
v 0.133000 -0.061548 -0.050272
v 0.128955 -0.061548 -0.050109
v 0.124936 -0.061548 -0.049621
v 0.136756 -0.070288 -0.045332
v 0.133000 -0.070288 -0.045487
v 0.129244 -0.070288 -0.045332
v 0.125513 -0.070288 -0.044867
v 0.121834 -0.070288 -0.044095
v 0.118230 -0.070288 -0.043022
v 0.114728 -0.070288 -0.041656
v 0.111351 -0.070288 -0.040005
v 0.108121 -0.070288 -0.038080
v 0.105061 -0.070288 -0.035896
v 0.102192 -0.070288 -0.033466
v 0.099534 -0.070288 -0.030807
v 0.097104 -0.070288 -0.027939
v 0.094920 -0.070288 -0.024879
v 0.092995 -0.070288 -0.021649
v 0.091344 -0.070288 -0.018272
v 0.089978 -0.070288 -0.014770
v 0.088905 -0.070288 -0.011166
v 0.088133 -0.070288 -0.007487
v 0.087668 -0.070288 -0.003756
v 0.087513 -0.070288 0.000000
v 0.087668 -0.070288 0.003756
v 0.088133 -0.070288 0.007487
v 0.088905 -0.070288 0.011166
v 0.089978 -0.070288 0.014770
v 0.091344 -0.070288 0.018272
v 0.092995 -0.070288 0.021649
v 0.094920 -0.070288 0.024879
v 0.097104 -0.070288 0.027939
v 0.099534 -0.070288 0.030807
v 0.102192 -0.070288 0.033466
v 0.105061 -0.070288 0.035896
v 0.108121 -0.070288 0.038080
v 0.111351 -0.070288 0.040005
v 0.114728 -0.070288 0.041656
v 0.118230 -0.070288 0.043022
v 0.121834 -0.070288 0.044095
v 0.125513 -0.070288 0.044867
v 0.129244 -0.070288 0.045332
v 0.133000 -0.070288 0.045487
v 0.136756 -0.070288 0.045332
v 0.140487 -0.070288 0.044867
v 0.144166 -0.070288 0.044095
v 0.147770 -0.070288 0.043022
v 0.151272 -0.070288 0.041656
v 0.154649 -0.070288 0.040005
v 0.157879 -0.070288 0.038080
v 0.160939 -0.070288 0.035896
v 0.163807 -0.070288 0.033466
v 0.166466 -0.070288 0.030807
v 0.168896 -0.070288 0.027939
v 0.171080 -0.070288 0.024879
v 0.173005 -0.070288 0.021649
v 0.174656 -0.070288 0.018272
v 0.176022 -0.070288 0.014770
v 0.177095 -0.070288 0.011166
v 0.177867 -0.070288 0.007487
v 0.178332 -0.070288 0.003756
v 0.178487 -0.070288 0.000000
v 0.178332 -0.070288 -0.003756
v 0.177867 -0.070288 -0.007487
v 0.177095 -0.070288 -0.011166
v 0.176022 -0.070288 -0.014770
v 0.174656 -0.070288 -0.018272
v 0.173005 -0.070288 -0.021649
v 0.171080 -0.070288 -0.024879
v 0.168896 -0.070288 -0.027939
v 0.166466 -0.070288 -0.030807
v 0.163807 -0.070288 -0.033466
v 0.160939 -0.070288 -0.035896
v 0.157879 -0.070288 -0.038080
v 0.154649 -0.070288 -0.040005
v 0.151272 -0.070288 -0.041656
v 0.147770 -0.070288 -0.043022
v 0.144166 -0.070288 -0.044095
v 0.140487 -0.070288 -0.044867
v 0.136835 -0.069682 -0.046279
v 0.133000 -0.069682 -0.046438
v 0.129165 -0.069682 -0.046279
v 0.125356 -0.069682 -0.045805
v 0.121600 -0.069682 -0.045017
v 0.117922 -0.069682 -0.043922
v 0.114346 -0.069682 -0.042527
v 0.110898 -0.069682 -0.040841
v 0.107601 -0.069682 -0.038876
v 0.104477 -0.069682 -0.036646
v 0.101548 -0.069682 -0.034166
v 0.098834 -0.069682 -0.031452
v 0.096354 -0.069682 -0.028523
v 0.094124 -0.069682 -0.025399
v 0.092159 -0.069682 -0.022102
v 0.090473 -0.069682 -0.018654
v 0.089078 -0.069682 -0.015078
v 0.087983 -0.069682 -0.011400
v 0.087195 -0.069682 -0.007643
v 0.086721 -0.069682 -0.003835
v 0.086562 -0.069682 0.000000
v 0.086721 -0.069682 0.003835
v 0.087195 -0.069682 0.007643
v 0.087983 -0.069682 0.011400
v 0.089078 -0.069682 0.015078
v 0.090473 -0.069682 0.018654
v 0.092159 -0.069682 0.022102
v 0.094124 -0.069682 0.025399
v 0.096354 -0.069682 0.028523
v 0.098834 -0.069682 0.031452
v 0.101548 -0.069682 0.034166
v 0.104477 -0.069682 0.036646
v 0.107601 -0.069682 0.038876
v 0.110898 -0.069682 0.040841
v 0.114346 -0.069682 0.042527
v 0.117922 -0.069682 0.043922
v 0.121600 -0.069682 0.045017
v 0.125356 -0.069682 0.045805
v 0.129165 -0.069682 0.046279
v 0.133000 -0.069682 0.046438
v 0.136835 -0.069682 0.046279
v 0.140643 -0.069682 0.045805
v 0.144400 -0.069682 0.045017
v 0.148078 -0.069682 0.043922
v 0.151654 -0.069682 0.042527
v 0.155102 -0.069682 0.040841
v 0.158399 -0.069682 0.038876
v 0.161523 -0.069682 0.036646
v 0.164452 -0.069682 0.034166
v 0.167166 -0.069682 0.031452
v 0.169646 -0.069682 0.028523
v 0.171876 -0.069682 0.025399
v 0.173841 -0.069682 0.022102
v 0.175527 -0.069682 0.018654
v 0.176922 -0.069682 0.015078
v 0.178017 -0.069682 0.011400
v 0.178805 -0.069682 0.007643
v 0.179279 -0.069682 0.003835
v 0.179438 -0.069682 0.000000
v 0.179279 -0.069682 -0.003835
v 0.178805 -0.069682 -0.007643
v 0.178017 -0.069682 -0.011400
v 0.176922 -0.069682 -0.015078
v 0.175527 -0.069682 -0.018654
v 0.173841 -0.069682 -0.022102
v 0.171876 -0.069682 -0.025399
v 0.169646 -0.069682 -0.028523
v 0.167166 -0.069682 -0.031452
v 0.164452 -0.069682 -0.034166
v 0.161523 -0.069682 -0.036646
v 0.158399 -0.069682 -0.038876
v 0.155102 -0.069682 -0.040841
v 0.151654 -0.069682 -0.042527
v 0.148078 -0.069682 -0.043922
v 0.144400 -0.069682 -0.045017
v 0.140643 -0.069682 -0.045805
v 0.085902 -0.068768 0.000000
v 0.180098 -0.068768 0.000000
v -0.048000 -0.049322 0.004198
v -0.048000 -0.051291 0.008559
v -0.048000 -0.047903 0.012473
v -0.048000 -0.049182 0.016884
v -0.048000 -0.045106 0.020389
v -0.048000 -0.045733 0.024749
v -0.048000 -0.041011 0.027719
v -0.048000 -0.041035 0.031939
v -0.048000 -0.035737 0.034251
v -0.048000 -0.035219 0.038258
v -0.048000 -0.029434 0.039798
v -0.048000 -0.028441 0.043533
v -0.048000 -0.022285 0.044200
v -0.048000 -0.020888 0.047620
v -0.048000 -0.014495 0.047330
v -0.048000 -0.012765 0.050409
v -0.048000 -0.006287 0.049099
v -0.048000 -0.004294 0.051822
v -0.048000 0.002101 0.049455
v -0.048000 0.004294 0.051822
v -0.048000 0.010429 0.048389
v -0.048000 0.012765 0.050409
v -0.048000 0.018456 0.045931
v -0.048000 0.020888 0.047620
v -0.048000 0.025953 0.042151
v -0.048000 0.028441 0.043533
v -0.048000 0.032703 0.037158
v -0.048000 0.035219 0.038258
v -0.048000 0.038513 0.031097
v -0.048000 0.041035 0.031939
v -0.048000 0.043214 0.024141
v -0.048000 0.045733 0.024749
v -0.048000 0.046672 0.016490
v -0.048000 0.049182 0.016884
v -0.048000 0.048788 0.008366
v -0.048000 0.051291 0.008559
v -0.048000 0.049500 0.000000
v -0.048000 0.052000 0.000000
v -0.048000 0.048788 -0.008366
v -0.048000 0.051291 -0.008559
v -0.048000 0.046672 -0.016490
v -0.048000 0.049182 -0.016884
v -0.048000 0.043214 -0.024141
v -0.048000 0.045733 -0.024749
v -0.048000 0.038513 -0.031097
v -0.048000 0.041035 -0.031939
v -0.048000 0.032703 -0.037158
v -0.048000 0.035219 -0.038258
v -0.048000 0.025953 -0.042151
v -0.048000 0.028441 -0.043533
v -0.048000 0.018456 -0.045931
v -0.048000 0.020888 -0.047620
v -0.048000 0.010429 -0.048389
v -0.048000 0.012765 -0.050409
v -0.048000 0.002101 -0.049455
v -0.048000 0.004294 -0.051822
v -0.048000 -0.006287 -0.049099
v -0.048000 -0.004294 -0.051822
v -0.048000 -0.014495 -0.047330
v -0.048000 -0.012765 -0.050409
v -0.048000 -0.022285 -0.044200
v -0.048000 -0.020888 -0.047620
v -0.048000 -0.029434 -0.039798
v -0.048000 -0.028441 -0.043533
v -0.048000 -0.035737 -0.034251
v -0.048000 -0.035219 -0.038258
v -0.048000 -0.041011 -0.027719
v -0.048000 -0.041035 -0.031939
v -0.048000 -0.045106 -0.020389
v -0.048000 -0.045733 -0.024749
v -0.048000 -0.047903 -0.012473
v -0.048000 -0.049182 -0.016884
v -0.048000 -0.049322 -0.004198
v -0.048000 -0.051291 -0.008559
v -0.048000 -0.049500 0.000000
v -0.048000 -0.052000 0.000000
v -0.003000 0.043214 0.024141
v -0.003000 0.045733 0.024749
v -0.003000 0.038513 0.031097
v -0.003000 0.041035 0.031939
v -0.003000 0.032703 0.037158
v -0.003000 0.035219 0.038258
v -0.003000 0.025953 0.042151
v -0.003000 0.028441 0.043533
v -0.003000 0.018456 0.045931
v -0.003000 0.020888 0.047620
v -0.003000 0.010429 0.048389
v -0.003000 0.012765 0.050409
v -0.003000 0.002101 0.049455
v -0.003000 0.004294 0.051822
v -0.003000 -0.006287 0.049099
v -0.003000 -0.004294 0.051822
v -0.003000 -0.014495 0.047330
v -0.003000 -0.012765 0.050409
v -0.003000 -0.022285 0.044200
v -0.003000 -0.020888 0.047620
v -0.003000 -0.029434 0.039798
v -0.003000 -0.028441 0.043533
v -0.003000 -0.035737 0.034251
v -0.003000 -0.035219 0.038258
v -0.003000 -0.041011 0.027719
v -0.003000 -0.041035 0.031939
v -0.003000 -0.045106 0.020389
v -0.003000 -0.045733 0.024749
v -0.003000 -0.047903 0.012473
v -0.003000 -0.049182 0.016884
v -0.003000 -0.049322 0.004198
v -0.003000 -0.051291 0.008559
v -0.003000 -0.049500 0.000000
v -0.003000 -0.052000 0.000000
v -0.003000 -0.049322 -0.004198
v -0.003000 -0.051291 -0.008559
v -0.003000 -0.047903 -0.012473
v -0.003000 -0.049182 -0.016884
v -0.003000 -0.045106 -0.020389
v -0.003000 -0.045733 -0.024749
v -0.003000 -0.041011 -0.027719
v -0.003000 -0.041035 -0.031939
v -0.003000 -0.035737 -0.034251
v -0.003000 -0.035219 -0.038258
v -0.003000 -0.029434 -0.039798
v -0.003000 -0.028441 -0.043533
v -0.003000 -0.022285 -0.044200
v -0.003000 -0.020888 -0.047620
v -0.003000 -0.014495 -0.047330
v -0.003000 -0.012765 -0.050409
v -0.003000 -0.006287 -0.049099
v -0.003000 -0.004294 -0.051822
v -0.003000 0.002101 -0.049455
v -0.003000 0.004294 -0.051822
v -0.003000 0.010429 -0.048389
v -0.003000 0.012765 -0.050409
v -0.003000 0.018456 -0.045931
v -0.003000 0.020888 -0.047620
v -0.003000 0.025953 -0.042151
v -0.003000 0.028441 -0.043533
v -0.003000 0.032703 -0.037158
v -0.003000 0.035219 -0.038258
v -0.003000 0.038513 -0.031097
v -0.003000 0.041035 -0.031939
v -0.003000 0.043214 -0.024141
v -0.003000 0.045733 -0.024749
v -0.003000 0.046672 -0.016490
v -0.003000 0.049182 -0.016884
v -0.003000 0.048788 -0.008366
v -0.003000 0.051291 -0.008559
v -0.003000 0.049500 0.000000
v -0.003000 0.052000 0.000000
v -0.003000 0.048788 0.008366
v -0.003000 0.051291 0.008559
v -0.003000 0.046672 0.016490
v -0.003000 0.049182 0.016884
v -0.003000 0.052000 0.000000
v -0.003000 -0.052000 0.000000
v -0.048000 -0.049500 0.000000
v -0.003000 -0.049500 0.000000
v -0.003000 0.049500 0.000000
v -0.048000 0.049500 0.000000
vn -0.0000 1.0000 -0.0000
vn -0.9508 0.0251 0.3089
vn -0.8943 -0.0141 0.4473
vn -0.8659 -0.0141 0.5000
vn -0.8816 0.1510 0.4473
vn -0.8528 0.0421 0.5205
vn -1.0000 -0.0000 0.0076
vn -0.9932 0.0305 0.1127
vn -0.9945 0.0020 0.1045
vn -0.9540 -0.0018 0.2999
vn -0.9539 -0.0018 0.3000
vn -0.9911 0.0832 -0.1042
vn -0.9967 0.0207 -0.0790
vn -1.0000 -0.0000 -0.0076
vn -0.9479 0.0812 -0.3080
vn -0.9700 -0.0705 -0.2325
vn -0.9701 -0.0705 -0.2325
vn -0.8188 -0.0032 -0.5741
vn -0.8479 0.0276 -0.5295
vn -0.8635 0.0763 -0.4985
vn -0.9075 -0.0675 -0.4145
vn -0.7034 0.0047 -0.7108
vn -0.7343 0.0298 -0.6782
vn -0.7424 0.0452 -0.6684
vn -0.7817 0.0054 -0.6237
vn -0.5382 -0.0016 -0.8428
vn -0.5835 -0.0099 -0.8120
vn -0.5704 -0.0068 -0.8214
vn -0.5614 -0.0048 -0.8275
vn -0.5478 -0.0027 -0.8366
vn -0.5312 0.0014 -0.8473
vn -0.5394 0.0026 -0.8420
vn -0.5503 0.0047 -0.8349
vn -0.5647 0.0087 -0.8252
vn -0.5781 0.0144 -0.8158
vn -0.5951 0.0237 -0.8033
vn -0.6175 0.0432 -0.7854
vn -0.5878 0.0039 -0.8090
vn -0.6749 -0.0004 -0.7379
vn -0.6749 -0.0005 -0.7379
vn -0.7771 0.0091 -0.6293
vn -0.7817 0.0057 -0.6236
vn -0.7071 -0.0031 -0.7071
vn -0.6921 0.0021 -0.7218
vn -0.6293 0.0021 -0.7771
vn -0.6812 -0.0167 -0.7319
vn -0.5445 0.0201 -0.8385
vn -0.6273 -0.0285 -0.7782
vn -0.6083 -0.0186 -0.7935
vn -0.8236 0.0139 0.5670
vn -0.8387 -0.0018 0.5446
vn -0.9018 0.0029 0.4322
vn -0.8907 0.0246 0.4539
vn -0.9059 0.0246 0.4228
vn -0.9335 -0.0149 0.3583
vn -0.9619 0.0378 0.2708
vn -0.9659 0.0076 0.2588
vn -0.9599 0.0076 0.2801
vn -0.9877 -0.0050 0.1564
vn -0.9884 0.1053 0.1096
vn -0.9965 -0.0658 0.0522
vn -0.9928 0.1157 -0.0306
vn -0.9919 0.1157 -0.0520
vn -0.9990 0.0302 -0.0341
vn -0.9875 -0.0187 -0.1564
vn -0.9815 0.0662 -0.1797
vn -0.9638 0.0660 -0.2582
vn -0.9771 -0.0565 -0.2053
vn -0.9326 0.0466 -0.3580
vn -0.9389 0.0101 -0.3440
vn -0.8910 0.0101 -0.4540
vn -0.9256 -0.0706 -0.3719
vn -0.8366 0.0701 -0.5433
vn -0.8662 -0.0137 -0.4995
vn -0.7831 0.0091 -0.6218
vn -0.7160 0.0037 0.6981
vn -0.7771 -0.0047 0.6293
vn -0.7071 0.0104 0.7071
vn -0.5292 0.0011 0.8485
vn -0.5376 0.0023 0.8432
vn -0.6051 0.0312 0.7955
vn -0.5825 0.0161 0.8127
vn -0.5698 0.0109 0.8217
vn -0.5609 0.0075 0.8278
vn -0.5475 0.0040 0.8368
vn -0.5310 -0.0009 0.8474
vn -0.5396 -0.0017 0.8419
vn -0.5499 -0.0030 0.8352
vn -0.5642 -0.0053 0.8256
vn -0.5778 -0.0085 0.8161
vn -0.5957 -0.0137 0.8031
vn -0.6208 -0.0245 0.7836
vn -0.6293 -0.0021 0.7771
vn -0.5445 0.0201 0.8385
vn -0.8305 0.0041 0.5570
vn -0.7994 -0.0027 0.6008
vn -0.7431 -0.0027 0.6691
vn -0.7712 0.1220 0.6248
vn -0.7480 0.0512 0.6617
vn -0.7188 0.0141 0.6951
vn -0.6859 -0.0005 0.7277
vn -0.5878 -0.0005 0.8090
vn -0.6427 0.0792 0.7620
vn -0.6231 0.0507 0.7805
vn -0.5200 -0.0000 0.8542
vn -0.4540 -0.0000 0.8910
vn -0.4067 0.0050 0.9135
vn -0.3584 -0.0000 0.9336
vn -0.2588 -0.0000 0.9659
vn -0.2079 0.0050 0.9781
vn -0.1564 -0.0000 0.9877
vn -0.0523 -0.0000 0.9986
vn -0.0000 0.0050 1.0000
vn 0.0523 -0.0000 0.9986
vn 0.1564 -0.0000 0.9877
vn 0.2079 0.0050 0.9781
vn 0.2588 -0.0000 0.9659
vn 0.3584 -0.0000 0.9336
vn 0.4067 0.0050 0.9135
vn 0.4540 -0.0000 0.8910
vn 0.5446 -0.0000 0.8387
vn 0.5878 0.0050 0.8090
vn 0.6293 -0.0000 0.7771
vn 0.7071 -0.0000 0.7071
vn 0.7431 0.0050 0.6691
vn 0.7771 -0.0000 0.6293
vn 0.8387 -0.0000 0.5446
vn 0.8660 0.0050 0.5000
vn 0.8910 -0.0000 0.4540
vn 0.9336 -0.0000 0.3584
vn 0.9510 0.0050 0.3090
vn 0.9659 -0.0000 0.2588
vn 0.9877 -0.0000 0.1564
vn 0.9945 0.0050 0.1045
vn 0.9986 -0.0000 0.0523
vn 0.9986 -0.0000 -0.0523
vn 0.9945 0.0050 -0.1045
vn 0.9877 -0.0000 -0.1564
vn 0.9659 -0.0000 -0.2588
vn 0.9510 0.0050 -0.3090
vn 0.9336 -0.0000 -0.3584
vn 0.8910 -0.0000 -0.4540
vn 0.8660 0.0050 -0.5000
vn 0.8387 -0.0000 -0.5446
vn 0.7771 -0.0000 -0.6293
vn 0.7431 0.0050 -0.6691
vn 0.7071 -0.0000 -0.7071
vn 0.6293 -0.0000 -0.7771
vn 0.5878 0.0050 -0.8090
vn 0.5446 -0.0000 -0.8387
vn 0.4540 -0.0000 -0.8910
vn 0.4067 0.0050 -0.9135
vn 0.3584 -0.0000 -0.9336
vn 0.2588 -0.0000 -0.9659
vn 0.2079 0.0050 -0.9781
vn 0.1564 -0.0000 -0.9877
vn 0.0523 -0.0000 -0.9986
vn -0.0000 0.0050 -1.0000
vn -0.0523 -0.0000 -0.9986
vn -0.1564 -0.0000 -0.9877
vn -0.2079 0.0050 -0.9781
vn -0.5281 -0.0007 -0.8492
vn -0.5201 -0.0000 -0.8541
vn -0.4540 -0.0000 -0.8910
vn -0.4067 0.0050 -0.9135
vn -0.3584 -0.0000 -0.9336
vn -0.2588 -0.0000 -0.9659
vn 0.0002 -0.9594 0.2820
vn 0.0099 -0.1006 0.9949
vn 0.0003 -0.5878 -0.8090
vn -0.0503 -0.5270 -0.8484
vn -0.0268 -0.5567 -0.8303
vn -0.0129 -0.5850 -0.8109
vn -0.0055 -0.6100 -0.7924
vn -0.0021 -0.6307 -0.7761
vn -0.0011 -0.6417 -0.7670
vn -0.0006 -0.6479 -0.7617
vn -0.0002 -0.6550 -0.7556
vn -0.0316 -0.4022 -0.9150
vn -0.0098 -0.4376 -0.8991
vn 0.0003 -0.4782 -0.8782
vn 0.0020 -0.4067 -0.9135
vn -0.0997 -0.3516 -0.9308
vn -0.0618 -0.3760 -0.9246
vn -0.0349 -0.2354 -0.9713
vn -0.0095 -0.2632 -0.9647
vn 0.0020 -0.3015 -0.9535
vn 0.0099 -0.1006 -0.9949
vn -0.0459 -0.2077 -0.9771
vn -0.1454 -0.1731 -0.9741
vn -0.0717 -0.2086 -0.9754
vn -0.0000 0.2079 -0.9781
vn -0.2027 0.2534 -0.9459
vn -0.0000 0.1564 -0.9877
vn -0.0000 -0.0000 -1.0000
vn -0.2028 0.0512 -0.9779
vn -0.0350 -0.0346 -0.9988
vn -0.1031 0.5847 -0.8047
vn -0.0000 0.5446 -0.8387
vn -0.0000 0.4067 -0.9135
vn -0.2028 0.4446 -0.8725
vn -0.0000 0.3584 -0.9336
vn -0.0000 0.8387 -0.5446
vn -0.0000 0.7771 -0.6293
vn -0.1031 0.7392 -0.6656
vn -0.0000 0.7071 -0.7071
vn -0.0000 0.6293 -0.7771
vn -0.2027 0.8725 -0.4446
vn -0.0000 0.8660 -0.5000
vn -0.0000 0.9336 -0.3584
vn -0.1031 0.9460 -0.3074
vn -0.0000 0.9659 -0.2588
vn -0.0000 0.9945 -0.1045
vn -0.2028 0.9779 -0.0512
vn -0.0000 0.9877 -0.1564
vn -0.0000 0.9511 0.3090
vn -0.2028 0.9142 0.3509
vn -0.0000 0.9659 0.2588
vn -0.0000 0.9945 0.1045
vn -0.2028 0.9672 0.1532
vn -0.0000 0.9986 0.0523
vn -0.0000 0.7431 0.6691
vn -0.2028 0.6924 0.6924
vn -0.0000 0.7771 0.6293
vn -0.0000 0.8660 0.5000
vn -0.2027 0.8213 0.5333
vn -0.0000 0.8910 0.4540
vn -0.0000 0.4067 0.9135
vn -0.2028 0.3509 0.9142
vn -0.0000 0.4540 0.8910
vn -0.0000 0.5878 0.8090
vn -0.2028 0.5333 0.8212
vn -0.0000 0.6293 0.7771
vn -0.0350 -0.0346 0.9988
vn -0.1031 -0.0000 0.9947
vn -0.0000 0.0523 0.9986
vn -0.0000 0.2079 0.9781
vn -0.2027 0.1532 0.9672
vn -0.0000 0.2588 0.9659
vn -0.0065 -0.2708 0.9626
vn -0.0282 -0.2403 0.9703
vn -0.0726 -0.2080 0.9754
vn -0.0739 -0.2073 0.9755
vn -0.0342 -0.1704 0.9848
vn -0.0147 -0.1481 0.9889
vn -0.0065 -0.4467 0.8946
vn -0.0008 -0.4778 0.8785
vn -0.0238 -0.4127 0.9105
vn -0.0518 -0.3831 0.9223
vn -0.0155 -0.4067 0.9134
vn 0.0022 -0.3062 0.9520
vn -0.0002 -0.6547 0.7559
vn -0.0006 -0.6468 0.7627
vn -0.0018 -0.6328 0.7743
vn -0.0040 -0.6191 0.7853
vn -0.0077 -0.6012 0.7991
vn -0.0168 -0.5757 0.8175
vn -0.0097 -0.5878 0.8090
vn 0.0008 -0.5115 0.8593
vn 0.0008 -0.5116 0.8593
vn 0.0019 -0.7431 0.6691
vn -0.0000 -0.7140 0.7002
vn 0.0008 -0.6834 0.7300
vn 0.0008 -0.7144 0.6997
vn -0.0121 -0.8143 0.5804
vn 0.0002 -0.9511 0.3090
vn -0.0035 -0.9590 0.2832
vn 0.0018 -0.9015 0.4327
vn 0.0018 -0.8660 0.5000
vn -0.0076 -0.8996 0.4367
vn 0.0019 -0.8194 0.5732
vn -0.0036 -0.9945 -0.1045
vn 0.0017 -0.9994 -0.0353
vn 0.0017 -0.9945 0.1045
vn -0.0179 -0.9992 -0.0360
vn -0.0002 -0.9922 0.1246
vn -0.0031 -0.9511 -0.3090
vn 0.0020 -0.9811 -0.1934
vn 0.0020 -0.9811 -0.1935
vn 0.0012 -0.7798 -0.6260
vn -0.0018 -0.8695 -0.4940
vn -0.0010 -0.8660 -0.5000
vn 0.0007 -0.9377 -0.3474
vn -0.0029 -0.7431 -0.6691
vn 0.0004 -0.6912 -0.7227
vn 0.0004 -0.6737 -0.7390
vn -0.0000 -0.6909 -0.7229
vn -1.0000 -0.0000 -0.0000
vn -0.0000 0.9937 -0.1120
vn -0.0000 0.9937 0.1120
vn -0.0000 0.9439 0.3303
vn -0.0000 0.8467 0.5320
vn -0.0000 0.7071 0.7071
vn -0.0000 0.5320 0.8467
vn -0.0000 0.3303 0.9439
vn -0.0000 0.1120 0.9937
vn -0.0000 -0.1120 0.9937
vn -0.0000 -0.3303 0.9439
vn -0.0000 -0.5320 0.8467
vn -0.0000 -0.7071 0.7071
vn -0.0000 -0.8467 0.5320
vn -0.0000 -0.9439 0.3303
vn -0.0000 -0.9937 0.1120
vn -0.0000 -0.9937 -0.1120
vn -0.0000 -0.9439 -0.3303
vn -0.0000 -0.8467 -0.5320
vn -0.0000 -0.7071 -0.7071
vn -0.0000 -0.5320 -0.8467
vn -0.0000 -0.3303 -0.9439
vn -0.0000 -0.1120 -0.9937
vn -0.0000 0.1120 -0.9937
vn -0.0000 0.3303 -0.9439
vn -0.0000 0.5320 -0.8467
vn -0.0000 0.8467 -0.5320
vn -0.0000 0.9439 -0.3303
vn 0.6656 0.2982 -0.6841
vn 0.6827 0.2256 -0.6950
vn 0.6935 0.1640 -0.7015
vn 0.7009 0.1055 -0.7054
vn 0.7060 0.0356 -0.7073
vn 0.5297 0.6412 -0.5553
vn 0.5786 0.5545 -0.5982
vn 0.6194 0.4612 -0.6353
vn 0.6794 0.2548 -0.6881
vn 0.6258 0.4187 -0.6580
vn 0.6481 0.3569 -0.6728
vn 0.0953 0.9819 -0.1638
vn 0.1803 0.9601 -0.2138
vn 0.1532 0.9666 -0.2053
vn 0.1919 0.9524 -0.2368
vn 0.2340 0.9335 -0.2717
vn 0.3083 0.8887 -0.3393
vn 0.3859 0.8241 -0.4146
vn 0.4939 0.6981 -0.5183
vn 0.4194 0.7792 -0.4657
vn 0.4746 0.7180 -0.5092
vn 0.9570 0.2515 -0.1446
vn 0.8814 0.2502 -0.4007
vn 0.2018 0.9601 -0.1935
vn 0.2006 0.9604 -0.1932
vn 0.5513 0.6956 -0.4606
vn 0.5485 0.6979 -0.4606
vn 0.7550 0.2510 -0.6058
vn 0.7521 0.2560 -0.6073
vn 0.2375 0.9615 -0.1386
vn 0.2358 0.9619 -0.1385
vn 0.6470 0.6967 -0.3098
vn 0.6433 0.6999 -0.3104
vn 0.8811 0.2566 -0.3972
vn 0.8795 0.2574 -0.4002
vn 0.2587 0.9634 -0.0698
vn 0.2569 0.9639 -0.0702
vn 0.7037 0.6999 -0.1221
vn 0.7000 0.7033 -0.1238
vn 0.9556 0.2589 -0.1411
vn 0.9549 0.2593 -0.1447
vn -0.0003 -0.3809 -0.9246
vn -0.0000 -0.6323 -0.7747
vn -0.0023 -0.5018 -0.8650
vn -0.0070 -0.5515 -0.8342
vn -0.0014 -0.4452 -0.8955
vn -0.0002 -0.0277 -0.9996
vn -0.0027 -0.1228 -0.9924
vn -0.0075 -0.2190 -0.9757
vn -0.0023 -0.1503 -0.9886
vn 0.0003 -0.3233 -0.9463
vn 0.0003 -0.3234 -0.9463
vn -0.0015 0.1601 -0.9871
vn 0.0002 0.0662 -0.9978
vn -0.0022 0.5286 -0.8488
vn -0.0002 0.4454 -0.8953
vn 0.0002 0.3650 -0.9310
vn 0.0002 0.2221 -0.9750
vn -0.0125 0.3569 -0.9340
vn -0.0056 0.2589 -0.9659
vn -0.0011 0.7827 -0.6224
vn 0.0002 0.7097 -0.7045
vn 0.0002 0.5637 -0.8260
vn -0.0167 0.6970 -0.7168
vn -0.0085 0.6259 -0.7799
vn -0.0000 0.9754 -0.2205
vn -0.0131 0.9934 -0.1143
vn -0.0035 0.9704 -0.2416
vn 0.0007 0.9276 -0.3737
vn 0.0007 0.8269 -0.5623
vn -0.0204 0.9194 -0.3928
vn -0.0079 0.8590 -0.5120
vn 0.0892 -0.3860 -0.9182
vn 0.4324 0.7586 -0.4874
vn 0.1701 0.9436 -0.2842
vn -0.0730 0.9728 -0.2199
vn 0.1628 0.7811 -0.6028
vn -0.0406 0.8263 -0.5618
vn 0.1367 0.5177 -0.8446
vn -0.0102 0.5636 -0.8260
vn 0.0977 0.1866 -0.9776
vn 0.0095 0.2221 -0.9750
vn 0.0562 -0.1696 -0.9839
vn 0.0163 -0.1503 -0.9885
vn 0.0190 -0.5050 -0.8629
vn 0.0129 -0.5018 -0.8649
vn 0.2452 0.9050 -0.3477
vn 0.0299 0.9555 -0.2935
vn 0.2346 0.7305 -0.6414
vn 0.0683 0.7895 -0.6099
vn 0.2010 0.4692 -0.8599
vn 0.0892 0.5217 -0.8484
vn 0.1501 0.1516 -0.9770
vn 0.0888 0.1873 -0.9783
vn 0.0901 -0.1853 -0.9785
vn 0.0685 -0.1705 -0.9830
vn 0.0278 -0.5016 -0.8647
vn 0.0339 -0.5060 -0.8619
vn 0.2742 0.8909 -0.3622
vn 0.1048 0.9253 -0.3645
vn 0.2666 0.7133 -0.6482
vn 0.1352 0.7449 -0.6534
vn 0.2327 0.4533 -0.8604
vn 0.1441 0.4774 -0.8668
vn 0.1777 0.1402 -0.9740
vn 0.1296 0.1545 -0.9795
vn 0.1085 -0.1903 -0.9757
vn 0.0944 -0.1859 -0.9780
vn 0.0323 -0.5000 -0.8654
vn 0.0448 -0.5039 -0.8626
vn 0.3393 0.8360 -0.4313
vn 0.1506 0.9129 -0.3794
vn 0.3192 0.6518 -0.6880
vn 0.1868 0.7276 -0.6601
vn 0.2728 0.4003 -0.8749
vn 0.1927 0.4602 -0.8667
vn 0.2059 0.1067 -0.9727
vn 0.1686 0.1416 -0.9755
vn 0.1256 -0.1992 -0.9719
vn 0.1190 -0.1919 -0.9742
vn 0.0386 -0.4866 -0.8728
vn 0.0521 -0.5031 -0.8627
vn 0.4094 0.7673 -0.4936
vn 0.2436 0.8595 -0.4494
vn 0.3781 0.5821 -0.7199
vn 0.2692 0.6639 -0.6976
vn 0.3203 0.3441 -0.8826
vn 0.2597 0.4034 -0.8774
vn 0.2415 0.0740 -0.9676
vn 0.2173 0.1041 -0.9705
vn 0.1480 -0.2044 -0.9676
vn 0.0466 -0.4666 -0.8832
vn 0.0609 -0.4917 -0.8686
vn 0.4725 0.6881 -0.5506
vn 0.3267 0.7939 -0.5128
vn 0.4275 0.5084 -0.7475
vn 0.3376 0.5950 -0.7294
vn 0.3577 0.2885 -0.8881
vn 0.3117 0.3468 -0.8846
vn 0.2682 0.0450 -0.9623
vn 0.2528 0.0705 -0.9649
vn 0.1648 -0.2041 -0.9650
vn 0.1677 -0.2104 -0.9631
vn 0.0535 -0.4400 -0.8964
vn 0.0654 -0.4724 -0.8790
vn 0.5285 0.5984 -0.6022
vn 0.4013 0.7171 -0.5698
vn 0.4684 0.4308 -0.7714
vn 0.3950 0.5215 -0.7563
vn 0.3867 0.2336 -0.8921
vn 0.3525 0.2906 -0.8895
vn 0.2880 0.0192 -0.9574
vn 0.2787 0.0408 -0.9595
vn 0.1772 -0.1990 -0.9639
vn 0.1805 -0.2103 -0.9608
vn 0.0596 -0.4071 -0.9114
vn 0.0666 -0.4451 -0.8930
vn 0.5749 0.5038 -0.6448
vn 0.4670 0.6298 -0.6207
vn 0.5004 0.3538 -0.7902
vn 0.4420 0.4442 -0.7794
vn 0.4082 0.1819 -0.8946
vn 0.3834 0.2353 -0.8931
vn 0.3021 -0.0028 -0.9533
vn 0.2967 0.0149 -0.9549
vn 0.1860 -0.1903 -0.9640
vn 0.1884 -0.2045 -0.9606
vn 0.0433 -0.3966 -0.9170
vn 0.0664 -0.4105 -0.9094
vn 0.0662 -0.3719 -0.9259
vn 0.0667 -0.3347 -0.9400
vn 0.1929 -0.1946 -0.9617
vn 0.1914 -0.1800 -0.9649
vn 0.3081 -0.0065 -0.9513
vn 0.3114 -0.0204 -0.9501
vn 0.4049 0.1839 -0.8956
vn 0.4231 0.1367 -0.8957
vn 0.4773 0.3683 -0.7978
vn 0.5234 0.2839 -0.8034
vn 0.5200 0.5386 -0.6629
vn 0.6284 0.3981 -0.6683
vn 0.6285 0.3980 -0.6682
vn 0.6093 0.4142 -0.6761
vn 0.0680 -0.2972 -0.9524
vn 0.1972 -0.1705 -0.9654
vn 0.3186 -0.0369 -0.9472
vn 0.4274 0.1000 -0.8985
vn 0.5190 0.2366 -0.8214
vn 0.0664 -0.2717 -0.9601
vn 0.0638 -0.2689 -0.9611
vn 0.0573 -0.2507 -0.9664
vn 0.0812 -0.2595 -0.9623
vn 0.0627 -0.2333 -0.9704
vn 0.0699 -0.2123 -0.9747
vn 0.0650 -0.2031 -0.9770
vn 0.0676 -0.1884 -0.9798
vn 0.0627 -0.1766 -0.9823
vn 0.0685 -0.1648 -0.9839
vn 0.0629 -0.1446 -0.9875
vn 0.1219 -0.0523 -0.9912
vn 0.1955 -0.1597 -0.9676
vn 0.1963 -0.1606 -0.9673
vn 0.1974 -0.1495 -0.9689
vn 0.1960 -0.1476 -0.9694
vn 0.1979 -0.1386 -0.9704
vn 0.1966 -0.1362 -0.9710
vn 0.1971 -0.1300 -0.9717
vn 0.1955 -0.1260 -0.9726
vn 0.1972 -0.1213 -0.9728
vn 0.1748 -0.0422 -0.9837
vn 0.1322 -0.1261 -0.9832
vn 0.3208 -0.0452 -0.9461
vn 0.3217 -0.0461 -0.9457
vn 0.3219 -0.0547 -0.9452
vn 0.3234 -0.0567 -0.9446
vn 0.3228 -0.0641 -0.9443
vn 0.3234 -0.0652 -0.9440
vn 0.3235 -0.0708 -0.9436
vn 0.3239 -0.0720 -0.9433
vn 0.3228 -0.0772 -0.9433
vn 0.3235 -0.0800 -0.9428
vn 0.3650 0.0429 -0.9300
vn 0.4397 0.0673 -0.8956
vn 0.4355 0.0720 -0.8973
vn 0.4412 0.0376 -0.8966
vn 0.4410 0.0378 -0.8967
vn 0.4428 0.0078 -0.8966
vn 0.4420 0.0092 -0.8969
vn 0.4446 -0.0137 -0.8956
vn 0.4450 -0.0147 -0.8954
vn 0.4432 -0.0348 -0.8958
vn 0.4150 0.0593 -0.9079
vn 0.3846 -0.0821 -0.9194
vn 0.5499 0.1730 -0.8172
vn 0.5334 0.1917 -0.8239
vn 0.5537 0.1225 -0.8237
vn 0.5450 0.1351 -0.8275
vn 0.5566 0.0726 -0.8276
vn 0.5494 0.0865 -0.8311
vn 0.5594 0.0375 -0.8281
vn 0.5559 0.0460 -0.8300
vn 0.5571 0.0018 -0.8304
vn 0.5587 -0.0042 -0.8293
vn 0.5648 0.1921 -0.8026
vn 0.0646 -0.3330 -0.9407
vn 0.0690 -0.2982 -0.9520
vn 0.1949 -0.1827 -0.9636
vn 0.1950 -0.1683 -0.9663
vn 0.3155 -0.0236 -0.9486
vn 0.3171 -0.0354 -0.9477
vn 0.4205 0.1387 -0.8966
vn 0.4326 0.0950 -0.8966
vn 0.5043 0.2989 -0.8102
vn 0.5391 0.2170 -0.8138
vn 0.5597 0.3962 -0.7278
vn 0.5885 0.3700 -0.7189
vn 0.6499 0.2661 -0.7119
vn 0.6105 0.3115 -0.7282
vn 0.6590 0.1943 -0.7267
vn 0.6308 0.2355 -0.7393
vn 0.6647 0.1228 -0.7369
vn 0.6416 0.1679 -0.7485
vn 0.6678 0.0749 -0.7406
vn 0.6529 0.1117 -0.7491
vn 0.6647 0.0234 -0.7468
vn 0.6002 0.2183 -0.7695
vn 0.6157 -0.0790 -0.7840
vn 0.7837 -0.0000 -0.6212
vn 0.7728 -0.0205 -0.6343
vn 0.9138 0.0275 -0.4053
vn 0.8819 0.0023 -0.4714
vn 0.9145 0.0021 -0.4045
vn 0.8776 -0.0991 -0.4691
vn 0.9824 0.1211 -0.1425
vn 0.9952 -0.0000 -0.0980
vn 0.9896 -0.0452 -0.1363
vn 0.9569 0.0126 -0.2903
vn -0.0000 0.9994 -0.0349
vn 0.1951 0.9802 -0.0342
vn 0.2586 0.9659 0.0111
vn 0.5553 0.8296 -0.0590
vn 0.5553 0.8295 -0.0590
vn 0.7058 0.7075 0.0351
vn 0.8311 0.5540 -0.0494
vn 0.8311 0.5539 -0.0494
vn 0.9650 0.2600 0.0358
vn 0.9808 0.1950 -0.0068
vn -0.1019 -0.5472 -0.8308
vn -0.3515 -0.3515 -0.8677
vn -0.1416 -0.5519 -0.8218
vn -0.0836 -0.4886 -0.8685
vn -0.1442 -0.4738 -0.8687
vn -0.0786 -0.3872 -0.9186
vn -0.1319 -0.3774 -0.9166
vn -0.0951 -0.3155 -0.9441
vn -0.1111 -0.3309 -0.9371
vn -0.0794 -0.2750 -0.9582
vn -0.0999 -0.2846 -0.9534
vn -0.1099 -0.2556 -0.9605
vn -0.0809 -0.1862 -0.9792
vn -0.1086 -0.1900 -0.9758
vn -0.0850 -0.1016 -0.9912
vn -0.1002 -0.1067 -0.9892
vn -0.0904 -0.0224 -0.9957
vn -0.0936 -0.0242 -0.9953
vn -0.0960 0.0527 -0.9940
vn -0.0948 0.0578 -0.9938
vn -0.0883 0.0539 -0.9946
vn -0.1012 0.1270 -0.9867
vn -0.0869 0.1430 -0.9859
vn -0.1073 0.2063 -0.9726
vn -0.0858 0.2354 -0.9681
vn -0.1120 0.2897 -0.9505
vn -0.0946 0.3264 -0.9405
vn -0.5609 0.1255 -0.8183
vn -0.5315 0.0922 -0.8420
vn -0.5279 0.1027 -0.8431
vn -0.5087 0.0761 -0.8576
vn -0.5073 0.0830 -0.8578
vn -0.4930 0.0604 -0.8679
vn -0.4890 0.0681 -0.8696
vn -0.4766 0.0424 -0.8781
vn -0.4723 0.0481 -0.8801
vn -0.4652 0.0258 -0.8848
vn -0.4623 0.0288 -0.8863
vn -0.4591 0.0106 -0.8883
vn -0.4577 0.0117 -0.8890
vn -0.4572 -0.0045 -0.8893
vn -0.4579 -0.0048 -0.8890
vn -0.4597 -0.0204 -0.8878
vn -0.4627 -0.0213 -0.8863
vn -0.4671 -0.0377 -0.8834
vn -0.4725 -0.0382 -0.8805
vn -0.4801 -0.0564 -0.8754
vn -0.4874 -0.0559 -0.8714
vn -0.4928 -0.0653 -0.8677
vn -0.4957 -0.0680 -0.8658
vn -0.5034 -0.0811 -0.8602
vn -0.5127 -0.0785 -0.8550
vn -0.5328 -0.1048 -0.8397
vn -0.5421 -0.1009 -0.8342
vn -0.5594 -0.1194 -0.8202
vn -0.5649 -0.1193 -0.8165
vn -0.0798 0.3119 -0.9468
vn -0.1106 0.3612 -0.9259
vn -0.1020 0.3977 -0.9118
vn -0.1238 0.4278 -0.8953
vn -0.0991 0.4824 -0.8703
vn -0.1320 0.5198 -0.8440
vn -0.1097 0.5775 -0.8089
vn -0.1326 0.5997 -0.7892
vn -0.1425 0.6330 -0.7610
vn -0.1345 0.8612 -0.4902
vn -0.1971 0.8557 -0.4784
vn -0.1838 0.8283 -0.5293
vn -0.1458 0.8059 -0.5739
vn -0.1661 0.7515 -0.6385
vn -0.1293 0.7247 -0.6768
vn -0.1519 0.6651 -0.7311
vn -0.1054 0.6245 -0.7739
vn -0.3674 -0.3520 -0.8609
vn -0.3276 -0.3090 -0.8929
vn -0.3516 -0.3008 -0.8865
vn -0.3066 -0.2416 -0.9207
vn -0.3271 -0.2366 -0.9149
vn -0.3043 -0.1978 -0.9318
vn -0.3106 -0.2036 -0.9285
vn -0.2914 -0.1702 -0.9413
vn -0.3061 -0.1695 -0.9368
vn -0.2832 -0.1150 -0.9521
vn -0.2937 -0.1162 -0.9488
vn -0.2795 -0.0629 -0.9581
vn -0.2851 -0.0646 -0.9563
vn -0.2792 -0.0139 -0.9601
vn -0.2804 -0.0146 -0.9598
vn -0.2819 0.0330 -0.9589
vn -0.2794 0.0351 -0.9595
vn -0.2872 0.0800 -0.9545
vn -0.2818 0.0858 -0.9556
vn -0.2963 0.1309 -0.9461
vn -0.2880 0.1417 -0.9471
vn -0.3087 0.1846 -0.9331
vn -0.3002 0.1999 -0.9327
vn -0.3192 0.2300 -0.9193
vn -0.3158 0.2446 -0.9168
vn -0.3385 0.2761 -0.8996
vn -0.3287 0.2993 -0.8957
vn -0.3634 0.3386 -0.8679
vn -0.3546 0.3651 -0.8608
vn -0.3840 0.3932 -0.8354
vn -0.3826 0.4146 -0.8257
vn -0.4153 0.4428 -0.7946
vn -0.4070 0.4750 -0.7802
vn -0.4538 0.5088 -0.7316
vn -0.4470 0.5421 -0.7116
vn -0.4970 0.5713 -0.6531
vn -0.4906 0.6059 -0.6263
vn -0.7661 0.2306 -0.6000
vn -0.7180 0.2101 -0.6636
vn -0.7180 0.2103 -0.6636
vn -0.6705 0.1827 -0.7190
vn -0.6704 0.1875 -0.7179
vn -0.6259 0.1556 -0.7642
vn -0.6250 0.1639 -0.7632
vn -0.5918 0.1352 -0.7947
vn -0.5927 0.1410 -0.7930
vn -0.5890 0.1394 -0.7961
vn -0.5634 0.1151 -0.8182
vn -0.7648 0.2343 -0.6002
vn -0.7639 0.2307 -0.6027
vn -0.5366 0.6580 -0.5284
vn -0.5400 0.6274 -0.5611
vn -0.1838 0.9267 -0.3278
vn -0.1993 0.8920 -0.4057
vn -0.8084 0.2543 -0.5309
vn -0.8065 0.2454 -0.5378
vn -0.5795 0.6981 -0.4206
vn -0.5824 0.6704 -0.4597
vn -0.2015 0.9597 -0.1959
vn -0.2173 0.9359 -0.2773
vn 0.1328 -0.0909 -0.9870
vn 0.1274 -0.0913 -0.9876
vn 0.1291 -0.0846 -0.9880
vn 0.3813 -0.0579 -0.9226
vn 0.3841 -0.0555 -0.9216
vn 0.3807 -0.0536 -0.9231
vn 0.6093 -0.0187 -0.7927
vn 0.6086 -0.0204 -0.7932
vn 0.6087 -0.0062 -0.7933
vn 0.6085 -0.0068 -0.7935
vn 0.3826 -0.0178 -0.9237
vn 0.3816 -0.0193 -0.9241
vn 0.1305 -0.0282 -0.9911
vn 0.1287 -0.0304 -0.9912
vn 0.7066 0.0370 -0.7066
vn 0.7086 0.0851 -0.7005
vn 0.7073 0.1106 -0.6982
vn 0.7064 0.0853 -0.7026
vn 0.7064 0.1832 -0.6837
vn 0.7080 0.2504 -0.6603
vn 0.7078 0.2531 -0.6595
vn 0.7078 0.2505 -0.6606
vn 0.7063 0.3214 -0.6307
vn 0.7068 0.4018 -0.5822
vn 0.7081 0.3846 -0.5922
vn 0.7085 0.4009 -0.5808
vn 0.7065 0.4454 -0.5500
vn 0.7051 0.5308 -0.4703
vn 0.7082 0.4993 -0.4993
vn 0.7086 0.5281 -0.4679
vn 0.7070 0.5496 -0.4451
vn 0.7027 0.6300 -0.3306
vn 0.7080 0.5923 -0.3846
vn 0.7080 0.6292 -0.3206
vn 0.7075 0.6258 -0.3284
vn 0.7063 0.6609 -0.2537
vn 0.7072 0.6865 -0.1692
vn 0.7076 0.6825 -0.1829
vn 0.7084 0.6853 -0.1689
vn 0.7065 0.6990 -0.1107
vn 0.7055 0.7087 -0.0000
vn 0.7070 0.7062 -0.0370
vn 0.7086 0.7056 -0.0000
vn 0.7070 0.7062 0.0370
vn 0.7065 0.6990 0.1107
vn 0.7084 0.6853 0.1689
vn 0.7076 0.6825 0.1829
vn 0.7072 0.6865 0.1692
vn 0.7063 0.6609 0.2537
vn 0.7075 0.6258 0.3284
vn 0.7080 0.6292 0.3206
vn 0.7082 0.6252 0.3281
vn 0.7064 0.5936 0.3855
vn 0.7060 0.5301 0.4696
vn 0.7082 0.5487 0.4443
vn 0.7086 0.5281 0.4679
vn 0.7067 0.5003 0.5003
vn 0.7039 0.4035 0.5845
vn 0.7081 0.4444 0.5487
vn 0.7085 0.4009 0.5808
vn 0.7072 0.3850 0.5929
vn 0.7013 0.2528 0.6666
vn 0.7066 0.0370 0.7066
vn 0.7086 0.0851 0.7005
vn 0.7073 0.1106 0.6982
vn 0.7064 0.0853 0.7026
vn 0.7064 0.1832 0.6837
vn 0.7080 0.2504 0.6603
vn 0.7078 0.2531 0.6595
vn 0.7078 0.3207 0.6294
vn 0.6082 0.0415 0.7927
vn 0.3822 0.0484 0.9228
vn 0.1303 0.0519 0.9901
vn 0.6082 0.1242 0.7840
vn 0.6082 0.2054 0.7667
vn 0.6082 0.2845 0.7410
vn 0.6082 0.3604 0.7072
vn 0.6082 0.4323 0.6657
vn 0.6082 0.4995 0.6169
vn 0.6082 0.5613 0.5613
vn 0.6082 0.6169 0.4995
vn 0.6082 0.6657 0.4323
vn 0.6082 0.7072 0.3604
vn 0.6082 0.7410 0.2845
vn 0.6082 0.7667 0.2054
vn 0.6082 0.7840 0.1242
vn 0.6082 0.7927 0.0415
vn 0.6082 0.7927 -0.0415
vn 0.6082 0.7840 -0.1242
vn 0.6082 0.7667 -0.2054
vn 0.6082 0.7410 -0.2845
vn 0.6082 0.7072 -0.3604
vn 0.6082 0.6657 -0.4323
vn 0.6082 0.6169 -0.4995
vn 0.6082 0.5613 -0.5613
vn 0.6082 0.4995 -0.6169
vn 0.6082 0.4323 -0.6657
vn 0.6082 0.3604 -0.7072
vn 0.6082 0.2845 -0.7410
vn 0.6082 0.2054 -0.7667
vn 0.6082 0.1242 -0.7840
vn 0.6082 0.0415 -0.7927
vn 0.3822 0.1446 0.9127
vn 0.3822 0.2392 0.8926
vn 0.3822 0.3312 0.8627
vn 0.3822 0.4195 0.8233
vn 0.3822 0.5033 0.7750
vn 0.3822 0.5815 0.7181
vn 0.3822 0.6534 0.6534
vn 0.3822 0.7181 0.5815
vn 0.3822 0.7750 0.5033
vn 0.3822 0.8233 0.4195
vn 0.3822 0.8627 0.3312
vn 0.3822 0.8926 0.2392
vn 0.3822 0.9127 0.1446
vn 0.3822 0.9228 0.0484
vn 0.3822 0.9228 -0.0484
vn 0.3822 0.9127 -0.1446
vn 0.3822 0.8926 -0.2392
vn 0.3822 0.8627 -0.3312
vn 0.3822 0.8233 -0.4195
vn 0.3822 0.7750 -0.5033
vn 0.3822 0.7181 -0.5815
vn 0.3822 0.6534 -0.6534
vn 0.3822 0.5815 -0.7181
vn 0.3822 0.5033 -0.7750
vn 0.3822 0.4195 -0.8233
vn 0.3822 0.3312 -0.8627
vn 0.3822 0.2392 -0.8926
vn 0.3822 0.1446 -0.9127
vn 0.3822 0.0484 -0.9228
vn 0.1304 0.0519 0.9901
vn 0.1303 0.1551 0.9793
vn 0.1303 0.2566 0.9577
vn 0.1304 0.2566 0.9577
vn 0.1304 0.3553 0.9256
vn 0.1304 0.4501 0.8834
vn 0.1303 0.4501 0.8834
vn 0.1303 0.5400 0.8315
vn 0.1303 0.6239 0.7705
vn 0.1303 0.6240 0.7705
vn 0.1303 0.7011 0.7011
vn 0.1303 0.7705 0.6239
vn 0.1303 0.7705 0.6240
vn 0.1303 0.8315 0.5400
vn 0.1303 0.8834 0.4501
vn 0.1304 0.8834 0.4501
vn 0.1304 0.9256 0.3553
vn 0.1304 0.9577 0.2566
vn 0.1303 0.9577 0.2566
vn 0.1303 0.9793 0.1551
vn 0.1304 0.9793 0.1551
vn 0.1303 0.9901 0.0519
vn 0.1303 0.9901 -0.0519
vn 0.1304 0.9793 -0.1551
vn 0.1303 0.9793 -0.1551
vn 0.1303 0.9577 -0.2566
vn 0.1304 0.9577 -0.2566
vn 0.1304 0.9256 -0.3553
vn 0.1304 0.8834 -0.4501
vn 0.1303 0.8834 -0.4501
vn 0.1303 0.8315 -0.5400
vn 0.1303 0.7705 -0.6239
vn 0.1303 0.7705 -0.6240
vn 0.1303 0.7011 -0.7011
vn 0.1303 0.6239 -0.7705
vn 0.1303 0.6240 -0.7705
vn 0.1303 0.5400 -0.8315
vn 0.1303 0.4501 -0.8834
vn 0.1304 0.4501 -0.8834
vn 0.1304 0.3553 -0.9256
vn 0.1304 0.2566 -0.9577
vn 0.1303 0.2566 -0.9577
vn 0.1303 0.1551 -0.9793
vn 0.1304 0.1551 -0.9793
vn 0.1303 0.0519 -0.9901
vn 0.1304 0.0519 -0.9901
vn -0.8742 0.2576 -0.4116
vn -0.9364 0.2588 -0.2369
vn -0.2577 0.9647 -0.0539
vn -0.2584 0.9645 -0.0542
vn -0.7039 0.7058 -0.0796
vn -0.7054 0.7042 -0.0805
vn -0.9621 0.2595 -0.0840
vn -0.9629 0.2559 -0.0854
vn -0.2509 0.9634 -0.0945
vn -0.2518 0.9631 -0.0949
vn -0.6850 0.7033 -0.1903
vn -0.6870 0.7009 -0.1916
vn -0.9377 0.2554 -0.2357
vn -0.9378 0.2535 -0.2371
vn -0.2336 0.9621 -0.1410
vn -0.2345 0.9618 -0.1416
vn -0.6385 0.7010 -0.3177
vn -0.6402 0.6988 -0.3192
vn -0.8754 0.2548 -0.4107
vn -0.8754 0.2526 -0.4120
vn -0.0010 0.9998 0.0175
vn -0.0000 0.9998 -0.0175
vn -0.9659 0.2588 -0.0123
vn -0.9658 0.2590 -0.0117
vn -0.7070 0.7070 -0.0179
vn -0.2588 0.9658 -0.0186
vn -0.2589 0.9657 -0.0194
vn -0.9658 0.2590 0.0123
vn -0.9659 0.2588 0.0117
vn -0.7070 0.7070 0.0179
vn -0.2590 0.9657 0.0186
vn -0.2588 0.9657 0.0194
vn -0.6097 -0.1649 0.7753
vn -0.3944 -0.3944 -0.8300
vn -0.7087 -0.1383 -0.6918
vn -0.6864 -0.1905 -0.7019
vn -0.6151 -0.1184 -0.7795
vn -0.6044 -0.1478 -0.7829
vn -0.5936 -0.1482 -0.7910
vn -0.2207 -0.7910 -0.5706
vn -0.1384 -0.7087 -0.6918
vn -0.1517 -0.7094 -0.6882
vn -0.1841 -0.6804 -0.7094
vn -0.1238 -0.6208 -0.7742
vn -0.1482 -0.5936 -0.7910
vn -0.7087 -0.1384 -0.6918
vn -0.7861 -0.2153 -0.5793
vn -0.8105 -0.1796 -0.5576
vn -0.8734 -0.2425 -0.4224
vn -0.8778 -0.2426 -0.4131
vn -0.2607 -0.9348 -0.2412
vn -0.2117 -0.8852 -0.4142
vn -0.2426 -0.8778 -0.4131
vn -0.2425 -0.8734 -0.4224
vn -0.1754 -0.8057 -0.5657
vn -0.8852 -0.2117 -0.4142
vn -0.9348 -0.2607 -0.2412
vn -0.9383 -0.2542 -0.2343
vn -0.9405 -0.2423 -0.2384
vn -0.9633 -0.2650 -0.0432
vn -0.9642 -0.2614 -0.0442
vn -0.2431 -0.9417 -0.2327
vn -0.2649 -0.9633 -0.0443
vn -0.2624 -0.9640 -0.0431
vn -0.2614 -0.9642 -0.0442
vn -0.2527 -0.9557 0.1508
vn -0.2646 -0.9517 0.1559
vn -0.9552 -0.2525 0.1547
vn -0.9521 -0.2653 0.1520
vn -0.9125 -0.2259 0.3411
vn -0.9145 -0.2282 0.3340
vn -0.2259 -0.9125 0.3411
vn -0.2282 -0.9145 0.3340
vn -0.2520 -0.9034 0.3470
vn -0.9034 -0.2520 0.3470
vn -0.8416 -0.1908 0.5054
vn -0.8410 -0.2058 0.5004
vn -0.8252 -0.2277 0.5170
vn -0.7552 -0.1578 0.6362
vn -0.7249 -0.1973 0.6600
vn -0.4654 -0.4654 -0.7529
vn -0.5504 -0.5504 -0.6278
vn -0.6254 -0.6254 -0.4667
vn -0.6807 -0.6807 -0.2709
vn -0.7062 -0.7062 -0.0503
vn -0.6961 -0.6961 0.1760
vn -0.6522 -0.6522 0.3863
vn -0.6522 -0.6522 0.3862
vn -0.5835 -0.5835 0.5649
vn -0.5005 -0.5005 0.7063
vn -0.1165 -0.6436 0.7564
vn -0.1973 -0.7248 0.6601
vn -0.1839 -0.7414 0.6454
vn -0.1530 -0.7499 0.6436
vn -0.2324 -0.8293 0.5081
vn -0.1907 -0.8416 0.5054
vn -0.1908 -0.8416 0.5054
vn -0.6098 -0.1649 0.7752
vn -0.1649 -0.6097 0.7753
vn -0.1645 -0.6208 0.7665
vn -0.4120 -0.4120 0.8127
vn -0.6491 -0.1216 0.7509
vn -0.7249 -0.1973 0.6601
vn 1.0000 -0.0000 -0.0000
vn 0.9808 0.1952 -0.0000
vn 0.8313 0.5558 -0.0000
vn 0.5553 0.8316 -0.0000
vn 0.1950 0.9808 -0.0000
vn 0.9563 0.0352 -0.2901
vn 0.7707 0.0768 0.6325
vn 0.7707 0.0768 -0.6325
vn 0.8805 0.0571 -0.4706
vn 0.7707 0.2259 -0.5958
vn 0.7707 0.3619 -0.5244
vn 0.7707 0.3620 -0.5244
vn 0.7707 0.4769 -0.4225
vn 0.7707 0.5642 -0.2961
vn 0.7707 0.6186 -0.1525
vn 0.7707 0.6372 -0.0000
vn 0.7707 0.6187 -0.1525
vn 0.7707 0.6187 0.1525
vn 0.7707 0.6186 0.1525
vn 0.7707 0.5642 0.2961
vn 0.7707 0.4769 0.4225
vn 0.7707 0.3620 0.5244
vn 0.7707 0.3619 0.5244
vn 0.7707 0.2259 0.5958
vn 0.8805 0.1681 0.4433
vn 0.8805 0.2693 0.3902
vn 0.8805 0.3549 0.3144
vn 0.8805 0.4198 0.2203
vn 0.8805 0.4603 0.1135
vn 0.8805 0.4741 -0.0000
vn 0.8805 0.4603 -0.1135
vn 0.8805 0.4198 -0.2203
vn 0.8805 0.3549 -0.3144
vn 0.8805 0.2693 -0.3902
vn 0.8805 0.1681 -0.4433
vn 0.9563 0.1036 0.2732
vn 0.9563 0.1660 0.2405
vn 0.9563 0.2187 0.1938
vn 0.9563 0.2588 0.1358
vn 0.9563 0.2837 0.0699
vn 0.9563 0.2922 -0.0000
vn 0.9563 0.2837 -0.0699
vn 0.9563 0.2588 -0.1358
vn 0.9563 0.2187 -0.1938
vn 0.9563 0.1660 -0.2405
vn 0.9563 0.1036 -0.2732
vn 0.8805 0.0571 0.4706
vn 0.9563 0.0352 0.2901
vn 0.9951 0.0119 0.0980
vn 0.9951 0.0350 0.0923
vn 0.9951 0.0561 0.0813
vn 0.9951 0.0739 0.0655
vn 0.9951 0.0874 0.0459
vn 0.9951 0.0959 0.0236
vn 0.9951 0.0987 -0.0000
vn 0.9951 0.0959 -0.0236
vn 0.9951 0.0874 -0.0459
vn 0.9951 0.0739 -0.0655
vn 0.9951 0.0561 -0.0813
vn 0.9951 0.0350 -0.0923
vn 0.9951 0.0119 -0.0980
vn -0.0000 0.9994 0.0349
vn 0.0004 0.8964 0.4432
vn -0.0000 0.9970 0.0779
vn -0.0040 0.9754 0.2205
vn -0.0066 0.9814 0.1920
vn -0.0005 0.9490 0.3152
vn 0.0004 0.8963 0.4434
vn -0.0044 0.8269 0.5623
vn -0.0037 0.8216 0.5700
vn -0.0002 0.4659 0.8848
vn -0.0045 0.5736 0.8191
vn -0.0112 0.6504 0.7595
vn -0.0013 0.5637 0.8260
vn 0.0004 0.7369 0.6760
vn -0.0010 0.1406 0.9901
vn -0.0045 0.2362 0.9717
vn -0.0106 0.3335 0.9427
vn -0.0004 0.2221 0.9750
vn -0.0000 0.3993 0.9168
vn -0.0000 0.3994 0.9168
vn -0.0034 -0.1391 0.9903
vn -0.0006 -0.0463 0.9989
vn 0.0002 0.0470 0.9989
vn 0.0002 0.0471 0.9989
vn -0.0000 -0.5018 0.8650
vn -0.0111 -0.5974 0.8018
vn -0.0038 -0.5006 0.8657
vn -0.0010 -0.4193 0.9078
vn 0.0003 -0.3413 0.9400
vn 0.0003 -0.1503 0.9886
vn -0.0162 -0.3311 0.9435
vn -0.0085 -0.2356 0.9718
vn 0.9934 -0.0000 0.1149
vn 0.9949 -0.0220 0.0980
vn 0.9318 0.0300 0.3617
vn 0.9569 0.0024 0.2903
vn 0.9326 0.0023 0.3609
vn 0.9527 -0.0943 0.2890
vn 0.7897 0.1208 0.6014
vn 0.7730 -0.0000 0.6344
vn 0.7983 -0.0416 0.6008
vn 0.8819 0.0119 0.4714
vn 0.1951 0.9802 0.0342
vn 0.2586 0.9659 -0.0111
vn 0.5553 0.8296 0.0590
vn 0.5553 0.8295 0.0590
vn 0.7058 0.7075 -0.0351
vn 0.9808 0.1950 0.0068
vn 0.9650 0.2600 -0.0358
vn 0.8311 0.5539 0.0494
vn 0.8311 0.5540 0.0494
vn 0.7662 0.2558 0.5895
vn 0.8973 0.2578 0.3584
vn 0.2574 0.9642 0.0634
vn 0.2587 0.9638 0.0642
vn 0.7021 0.7043 0.1051
vn 0.7047 0.7014 0.1074
vn 0.9584 0.2596 0.1185
vn 0.9597 0.2530 0.1221
vn 0.2410 0.9622 0.1268
vn 0.2422 0.9617 0.1279
vn 0.6574 0.7004 0.2781
vn 0.6597 0.6970 0.2810
vn 0.9002 0.2514 0.3556
vn 0.8992 0.2504 0.3587
vn 0.2053 0.9604 0.1885
vn 0.2060 0.9600 0.1897
vn 0.5606 0.6972 0.4469
vn 0.5618 0.6943 0.4498
vn 0.7692 0.2500 0.5880
vn 0.7676 0.2495 0.5903
vn 0.2257 0.9376 0.2645
vn 0.1592 0.9647 0.2098
vn 0.0971 0.9815 0.1649
vn 0.1803 0.9601 0.2138
vn 0.4914 0.6964 0.5231
vn 0.5321 0.6371 0.5577
vn 0.4382 0.7598 0.4803
vn 0.3858 0.8105 0.4407
vn 0.4942 0.6981 0.5180
vn 0.3373 0.8669 0.3670
vn 0.2809 0.9068 0.3144
vn 0.6634 0.3062 0.6827
vn 0.7066 0.0214 0.7073
vn 0.7049 0.0552 0.7071
vn 0.7010 0.1043 0.7055
vn 0.6917 0.1756 0.7005
vn 0.6796 0.2404 0.6931
vn 0.6421 0.3748 0.6688
vn 0.6171 0.4402 0.6523
vn 0.6794 0.2548 0.6881
vn 0.6079 0.4900 0.6248
vn 0.5677 0.5756 0.5885
vn -0.1846 0.9570 0.2239
vn -0.5746 0.6975 0.4282
vn -0.8127 0.2546 0.5240
vn -0.8185 0.2496 0.5175
vn -0.7794 0.2419 0.5779
vn -0.7837 0.2373 0.5741
vn -0.2422 0.9501 0.1965
vn -0.1624 0.9328 0.3219
vn -0.2370 0.9205 0.3105
vn -0.1450 0.8864 0.4395
vn -0.2200 0.8739 0.4335
vn -0.1260 0.8251 0.5508
vn -0.1612 0.8367 0.5234
vn -0.7389 0.2210 0.6366
vn -0.7383 0.2204 0.6375
vn -0.7395 0.2195 0.6364
vn -0.6940 0.1964 0.6927
vn -0.6921 0.1980 0.6941
vn -0.6493 0.1700 0.7413
vn -0.6445 0.1736 0.7447
vn -0.1745 0.7896 0.5882
vn -0.1118 0.7467 0.6557
vn -0.1860 0.7290 0.6587
vn -0.0986 0.6596 0.7451
vn -0.1594 0.6490 0.7439
vn -0.1454 0.6176 0.7729
vn -0.1011 0.5753 0.8117
vn -0.1482 0.5743 0.8051
vn -0.0846 0.5075 0.8575
vn -0.1469 0.4916 0.8583
vn -0.0790 0.4054 0.9107
vn -0.1342 0.3942 0.9092
vn -0.0952 0.3317 0.9386
vn -0.1097 0.3490 0.9307
vn -0.1012 0.3272 0.9395
vn -0.0792 0.2900 0.9537
vn -0.1196 0.2887 0.9499
vn -0.0804 0.2002 0.9764
vn -0.1100 0.2034 0.9729
vn -0.0847 0.1161 0.9896
vn -0.0947 0.0376 0.9948
vn -0.0898 0.0414 0.9951
vn -0.1015 0.1215 0.9874
vn -0.0948 0.0375 0.9948
vn -0.0948 -0.0370 0.9948
vn -0.0900 -0.0408 0.9951
vn -0.1001 -0.1108 0.9888
vn -0.0871 -0.1245 0.9884
vn -0.1058 -0.1888 0.9763
vn -0.0798 -0.2906 0.9535
vn -0.1193 -0.2897 0.9496
vn -0.0859 -0.2150 0.9728
vn -0.1089 -0.3398 0.9342
vn -0.1008 -0.3742 0.9219
vn -0.1217 -0.4048 0.9063
vn -0.0971 -0.4573 0.8840
vn -0.1294 -0.4958 0.8587
vn -0.1071 -0.5525 0.8266
vn -0.6040 0.6844 0.4084
vn -0.5374 0.6705 0.5115
vn -0.5729 0.6512 0.4977
vn -0.4966 0.6230 0.6043
vn -0.5309 0.6058 0.5926
vn -0.4539 0.5662 0.6880
vn -0.4883 0.5483 0.6789
vn -0.4143 0.4997 0.7607
vn -0.4456 0.4847 0.7526
vn -0.3781 0.4313 0.8192
vn -0.4075 0.4179 0.8120
vn -0.3576 0.3708 0.8571
vn -0.3767 0.3684 0.8500
vn -0.3321 0.3219 0.8866
vn -0.3567 0.3131 0.8802
vn -0.3097 0.2534 0.9164
vn -0.3312 0.2477 0.9105
vn -0.3069 0.2083 0.9287
vn -0.3136 0.2138 0.9252
vn -0.2932 0.1797 0.9390
vn -0.3086 0.1786 0.9343
vn -0.2842 0.1236 0.9508
vn -0.2954 0.1245 0.9472
vn -0.2801 0.0718 0.9573
vn -0.2864 0.0737 0.9553
vn -0.2790 0.0237 0.9600
vn -0.2811 0.0247 0.9593
vn -0.2812 -0.0231 0.9594
vn -0.2794 -0.0245 0.9599
vn -0.2859 -0.0697 0.9557
vn -0.2809 -0.0747 0.9568
vn -0.2940 -0.1196 0.9483
vn -0.2863 -0.1293 0.9494
vn -0.3054 -0.1720 0.9366
vn -0.2971 -0.1862 0.9365
vn -0.3148 -0.2159 0.9243
vn -0.3116 -0.2295 0.9221
vn -0.3328 -0.2606 0.9063
vn -0.3231 -0.2827 0.9032
vn -0.3562 -0.3221 0.8772
vn -0.3475 -0.3475 0.8709
vn -0.6042 0.1418 0.7841
vn -0.6030 0.1508 0.7834
vn -0.5997 0.1486 0.7863
vn -0.5749 0.1252 0.8086
vn -0.5688 0.1265 0.8127
vn -0.5483 0.1053 0.8296
vn -0.5390 0.1094 0.8352
vn -0.5176 0.0823 0.8517
vn -0.5080 0.0853 0.8571
vn -0.4995 0.0715 0.8634
vn -0.4963 0.0689 0.8654
vn -0.4904 0.0589 0.8695
vn -0.4828 0.0596 0.8737
vn -0.4745 0.0410 0.8793
vn -0.4688 0.0406 0.8824
vn -0.4640 0.0243 0.8855
vn -0.4608 0.0233 0.8872
vn -0.4585 0.0082 0.8886
vn -0.4574 0.0077 0.8892
vn -0.4574 -0.0082 0.8892
vn -0.4583 -0.0075 0.8887
vn -0.4609 -0.0251 0.8871
vn -0.4635 -0.0225 0.8858
vn -0.4697 -0.0438 0.8818
vn -0.4736 -0.0387 0.8799
vn -0.4846 -0.0633 0.8724
vn -0.4887 -0.0561 0.8707
vn -0.5015 -0.0777 0.8616
vn -0.5029 -0.0712 0.8614
vn -0.5204 -0.0969 0.8484
vn -0.5243 -0.0867 0.8471
vn -0.5517 -0.1193 0.8254
vn -0.5544 -0.1090 0.8251
vn -0.9200 0.2532 0.2992
vn -0.8609 0.2540 0.4409
vn -0.2299 0.9618 0.1487
vn -0.2292 0.9620 0.1487
vn -0.6287 0.6998 0.3390
vn -0.6272 0.7012 0.3391
vn -0.8613 0.2545 0.4397
vn -0.8601 0.2572 0.4406
vn -0.2469 0.9626 0.1113
vn -0.2458 0.9629 0.1112
vn -0.6738 0.7002 0.2361
vn -0.6713 0.7025 0.2363
vn -0.9204 0.2533 0.2978
vn -0.9187 0.2584 0.2989
vn -0.2582 0.9640 0.0627
vn -0.2571 0.9643 0.0628
vn -0.7042 0.7025 0.1033
vn -0.7017 0.7048 0.1040
vn -0.9601 0.2542 0.1161
vn -0.9585 0.2596 0.1175
vn 0.0408 -0.4548 0.8897
vn 0.0672 -0.1376 0.9882
vn 0.1962 -0.1110 0.9743
vn 0.3218 -0.0820 0.9433
vn 0.4415 -0.0506 0.8958
vn 0.5533 -0.0167 0.8328
vn 0.0634 -0.1330 0.9891
vn 0.0678 -0.1527 0.9859
vn 0.0637 -0.1463 0.9872
vn 0.0712 -0.1739 0.9822
vn 0.0587 -0.1672 0.9842
vn 0.0747 -0.2051 0.9759
vn 0.0561 -0.1977 0.9787
vn 0.0771 -0.2341 0.9691
vn 0.0550 -0.2262 0.9725
vn 0.0817 -0.2631 0.9613
vn 0.0591 -0.2532 0.9656
vn 0.5773 0.3525 0.7365
vn 0.6620 0.2590 0.7034
vn 0.5992 0.2828 0.7489
vn 0.6717 0.1814 0.7183
vn 0.6171 0.2236 0.7544
vn 0.6773 0.1179 0.7262
vn 0.6304 0.1628 0.7590
vn 0.6774 0.0496 0.7339
vn 0.6430 0.0981 0.7595
vn 0.6699 -0.0004 0.7425
vn 0.6519 0.0546 0.7563
vn 0.6686 -0.0237 0.7433
vn 0.6547 0.0210 0.7556
vn 0.0638 -0.2730 0.9599
vn 0.0844 -0.2955 0.9516
vn 0.0488 -0.2933 0.9548
vn 0.0871 -0.3274 0.9409
vn 0.0463 -0.3296 0.9430
vn 0.0885 -0.3602 0.9287
vn 0.0443 -0.3670 0.9292
vn 0.0840 -0.3905 0.9167
vn 0.0477 -0.3902 0.9195
vn 0.0870 -0.4108 0.9076
vn 0.0562 -0.4036 0.9132
vn 0.0672 -0.4349 0.8980
vn 0.0820 -0.4410 0.8937
vn 0.1952 -0.1096 0.9746
vn 0.1968 -0.1168 0.9735
vn 0.1954 -0.1145 0.9740
vn 0.1983 -0.1250 0.9721
vn 0.1939 -0.1223 0.9734
vn 0.2000 -0.1367 0.9702
vn 0.1931 -0.1337 0.9720
vn 0.2010 -0.1475 0.9684
vn 0.1926 -0.1442 0.9706
vn 0.2024 -0.1578 0.9665
vn 0.1908 -0.1561 0.9691
vn 0.2025 -0.1690 0.9646
vn 0.1893 -0.1683 0.9674
vn 0.2016 -0.1793 0.9629
vn 0.1870 -0.1805 0.9656
vn 0.1988 -0.1890 0.9616
vn 0.1839 -0.1920 0.9640
vn 0.1935 -0.1977 0.9610
vn 0.1818 -0.1978 0.9632
vn 0.1882 -0.2012 0.9613
vn 0.1757 -0.2057 0.9627
vn 0.1755 -0.2056 0.9628
vn 0.1671 -0.2090 0.9635
vn 0.3236 -0.0849 0.9424
vn 0.3221 -0.0782 0.9435
vn 0.3238 -0.0816 0.9426
vn 0.3215 -0.0731 0.9441
vn 0.3256 -0.0759 0.9425
vn 0.3210 -0.0650 0.9449
vn 0.3262 -0.0677 0.9429
vn 0.3200 -0.0569 0.9457
vn 0.3260 -0.0595 0.9435
vn 0.3178 -0.0481 0.9469
vn 0.3256 -0.0494 0.9442
vn 0.3144 -0.0372 0.9486
vn 0.3235 -0.0376 0.9455
vn 0.3091 -0.0248 0.9507
vn 0.3199 -0.0238 0.9471
vn 0.3009 -0.0100 0.9536
vn 0.3140 -0.0071 0.9494
vn 0.2931 0.0053 0.9561
vn 0.3061 0.0055 0.9520
vn 0.2794 0.0196 0.9600
vn 0.2973 0.0269 0.9544
vn 0.2575 0.0438 0.9653
vn 0.2796 0.0537 0.9586
vn 0.4464 -0.0603 0.8928
vn 0.4414 -0.0371 0.8966
vn 0.4467 -0.0491 0.8933
vn 0.4384 -0.0187 0.8986
vn 0.4513 -0.0298 0.8919
vn 0.4350 0.0092 0.9004
vn 0.4528 -0.0016 0.8916
vn 0.4311 0.0360 0.9016
vn 0.4519 0.0253 0.8917
vn 0.4245 0.0636 0.9032
vn 0.4513 0.0579 0.8905
vn 0.4164 0.0962 0.9041
vn 0.4467 0.0937 0.8898
vn 0.4053 0.1306 0.9048
vn 0.4396 0.1335 0.8882
vn 0.3903 0.1694 0.9050
vn 0.4281 0.1779 0.8860
vn 0.3770 0.2084 0.9025
vn 0.4141 0.2077 0.8862
vn 0.3548 0.2390 0.9039
vn 0.3984 0.2573 0.8804
vn 0.3218 0.2899 0.9013
vn 0.3696 0.3115 0.8754
vn 0.5619 -0.0381 0.8263
vn 0.5522 0.0067 0.8337
vn 0.5624 -0.0198 0.8267
vn 0.5466 0.0380 0.8366
vn 0.5690 0.0137 0.8222
vn 0.5391 0.0852 0.8379
vn 0.5703 0.0616 0.8191
vn 0.5312 0.1299 0.8372
vn 0.5679 0.1068 0.8161
vn 0.5192 0.1747 0.8366
vn 0.5645 0.1619 0.8094
vn 0.5050 0.2273 0.8326
vn 0.5550 0.2206 0.8021
vn 0.4867 0.2818 0.8269
vn 0.5410 0.2845 0.7914
vn 0.4628 0.3416 0.8180
vn 0.5204 0.3534 0.7774
vn 0.4405 0.4013 0.8031
vn 0.5000 0.3971 0.7697
vn 0.4101 0.4446 0.7964
vn 0.4721 0.4696 0.7461
vn 0.3637 0.5159 0.7756
vn 0.4300 0.5433 0.7210
vn 0.4334 0.7396 0.5149
vn 0.4559 0.7305 0.5085
vn 0.3807 0.7061 0.5970
vn 0.5133 0.6494 0.5610
vn 0.4423 0.6244 0.6438
vn 0.5588 0.5628 0.6092
vn 0.4801 0.5742 0.6631
vn 0.5861 0.5104 0.6293
vn 0.5155 0.4991 0.6965
vn 0.6197 0.4229 0.6612
vn 0.5503 0.4531 0.7014
vn 0.6277 0.3547 0.6930
vn 0.6444 0.3385 0.6857
vn 0.3916 0.8028 0.4496
vn 0.2967 0.8028 0.5171
vn 0.3796 0.6145 0.6916
vn 0.3067 0.5853 0.7506
vn 0.3327 0.3675 0.8685
vn 0.2787 0.3424 0.8973
vn 0.2552 0.0847 0.9632
vn 0.2273 0.0714 0.9712
vn 0.1542 -0.2069 0.9661
vn 0.1570 -0.2056 0.9660
vn 0.0390 -0.4791 0.8769
vn 0.0742 -0.4660 0.8817
vn 0.3503 0.8377 0.4189
vn 0.2392 0.8438 0.4805
vn 0.3409 0.6521 0.6771
vn 0.2514 0.6490 0.7181
vn 0.2995 0.3992 0.8666
vn 0.2373 0.3928 0.8885
vn 0.2305 0.1043 0.9675
vn 0.1982 0.0997 0.9751
vn 0.1407 -0.2023 0.9692
vn 0.1381 -0.2027 0.9695
vn 0.0386 -0.4889 0.8715
vn 0.0641 -0.4855 0.8719
vn 0.2835 0.8922 0.3517
vn 0.1808 0.8753 0.4486
vn 0.2858 0.7142 0.6389
vn 0.1945 0.6845 0.7026
vn 0.2571 0.4538 0.8532
vn 0.1874 0.4241 0.8860
vn 0.2007 0.1399 0.9696
vn 0.1595 0.1201 0.9799
vn 0.1235 -0.1914 0.9737
vn 0.1135 -0.1962 0.9740
vn 0.0339 -0.5014 0.8646
vn 0.0551 -0.4925 0.8686
vn 0.2083 0.9355 0.2854
vn 0.0823 0.9226 0.3769
vn 0.2134 0.7710 0.6000
vn 0.1007 0.7424 0.6623
vn 0.1933 0.5084 0.8391
vn 0.1062 0.4768 0.8726
vn 0.1513 0.1798 0.9720
vn 0.0963 0.1557 0.9831
vn 0.0936 -0.1734 0.9804
vn 0.0718 -0.1837 0.9804
vn 0.0279 -0.5056 0.8623
vn 0.0367 -0.5018 0.8642
vn 0.1306 0.9670 0.2186
vn -0.0249 0.9533 0.3009
vn 0.1335 0.8195 0.5573
vn -0.0096 0.7885 0.6150
vn 0.1193 0.5596 0.8201
vn 0.0061 0.5233 0.8521
vn 0.0908 0.2212 0.9710
vn 0.0164 0.1905 0.9816
vn 0.0554 -0.1500 0.9871
vn 0.0185 -0.1676 0.9857
vn 0.0194 -0.5017 0.8648
vn 0.0135 -0.5045 0.8633
vn 0.6084 -0.0063 0.7936
vn 0.6087 -0.0068 0.7933
vn 0.3815 -0.0178 0.9242
vn 0.3826 -0.0192 0.9237
vn 0.1285 -0.0283 0.9913
vn 0.1305 -0.0304 0.9910
vn 0.0616 -0.0967 0.9934
vn 0.1678 0.0752 0.9829
vn 0.1274 -0.0913 0.9876
vn 0.1323 -0.0843 0.9876
vn 0.3194 -0.0651 0.9454
vn 0.3811 -0.0128 0.9244
vn 0.6592 -0.0094 0.7519
vn 0.6056 0.0289 0.7953
vn 0.5550 -0.0289 0.8313
vn 0.4408 -0.0456 0.8964
vn -0.0000 0.9941 -0.1081
vn -0.0000 0.9941 0.1081
vn -0.0000 0.9477 0.3193
vn -0.0000 0.8569 0.5156
vn -0.0000 0.7260 0.6877
vn -0.0000 0.5612 0.8277
vn -0.0000 0.3701 0.9290
vn -0.0000 0.1618 0.9868
vn -0.0000 -0.0541 0.9985
vn -0.0000 -0.2675 0.9635
vn -0.0000 -0.4684 0.8835
vn -0.0000 -0.6474 0.7622
vn -0.0000 -0.7961 0.6052
vn -0.0000 -0.9076 0.4199
vn -0.0000 -0.9766 0.2150
vn -0.0000 -1.0000 -0.0000
vn -0.0000 -0.9766 -0.2150
vn -0.0000 -0.9076 -0.4199
vn -0.0000 -0.7961 -0.6052
vn -0.0000 -0.6474 -0.7622
vn -0.0000 -0.4684 -0.8835
vn -0.0000 -0.2675 -0.9635
vn -0.0000 -0.0541 -0.9985
vn -0.0000 0.1618 -0.9868
vn -0.0000 0.3701 -0.9290
vn -0.0000 0.5612 -0.8277
vn -0.0000 0.7260 -0.6877
vn -0.0000 0.8569 -0.5156
vn -0.0000 0.9477 -0.3193
vn 0.9941 -0.0000 -0.1081
vn 0.9941 -0.0000 0.1081
vn 0.9477 -0.0000 0.3193
vn 0.8569 -0.0000 0.5156
vn 0.7260 -0.0000 0.6877
vn 0.5612 -0.0000 0.8277
vn 0.3701 -0.0000 0.9290
vn 0.1618 -0.0000 0.9868
vn -0.0541 -0.0000 0.9985
vn -0.2675 -0.0000 0.9635
vn -0.4684 -0.0000 0.8835
vn -0.6474 -0.0000 0.7622
vn -0.7961 -0.0000 0.6052
vn -0.9076 -0.0000 0.4199
vn -0.9766 -0.0000 0.2150
vn -0.9766 -0.0000 -0.2150
vn -0.9076 -0.0000 -0.4199
vn -0.7961 -0.0000 -0.6052
vn -0.6474 -0.0000 -0.7622
vn -0.4684 -0.0000 -0.8835
vn -0.2675 -0.0000 -0.9635
vn -0.0541 -0.0000 -0.9985
vn 0.1618 -0.0000 -0.9868
vn 0.3701 -0.0000 -0.9290
vn 0.5612 -0.0000 -0.8277
vn 0.7260 -0.0000 -0.6877
vn 0.8569 -0.0000 -0.5156
vn 0.9477 -0.0000 -0.3193
vn -0.2588 -0.9658 -0.0136
vn -0.2588 -0.9658 0.0136
vn -0.2589 -0.9658 0.0136
vn -0.2560 -0.9658 0.0405
vn -0.2504 -0.9658 0.0671
vn -0.2420 -0.9658 0.0929
vn -0.2309 -0.9658 0.1177
vn -0.2310 -0.9658 0.1177
vn -0.2174 -0.9658 0.1412
vn -0.2015 -0.9658 0.1631
vn -0.2014 -0.9658 0.1631
vn -0.1833 -0.9658 0.1833
vn -0.1631 -0.9658 0.2014
vn -0.1631 -0.9658 0.2015
vn -0.1412 -0.9658 0.2174
vn -0.1177 -0.9658 0.2309
vn -0.1177 -0.9658 0.2310
vn -0.0929 -0.9658 0.2420
vn -0.0671 -0.9658 0.2503
vn -0.0671 -0.9658 0.2504
vn -0.0405 -0.9658 0.2560
vn -0.0136 -0.9658 0.2588
vn 0.0136 -0.9658 0.2588
vn 0.0406 -0.9658 0.2560
vn 0.0405 -0.9658 0.2560
vn 0.0671 -0.9658 0.2503
vn 0.0929 -0.9658 0.2420
vn 0.0929 -0.9658 0.2419
vn 0.1177 -0.9658 0.2310
vn 0.1177 -0.9658 0.2309
vn 0.1412 -0.9658 0.2174
vn 0.1411 -0.9658 0.2174
vn 0.1631 -0.9658 0.2015
vn 0.1833 -0.9658 0.1833
vn 0.2014 -0.9658 0.1631
vn 0.2174 -0.9658 0.1412
vn 0.2174 -0.9658 0.1411
vn 0.2310 -0.9658 0.1177
vn 0.2420 -0.9658 0.0929
vn 0.2504 -0.9658 0.0671
vn 0.2560 -0.9658 0.0405
vn 0.2559 -0.9658 0.0405
vn 0.2588 -0.9658 0.0136
vn 0.2589 -0.9658 -0.0136
vn 0.2587 -0.9659 -0.0136
vn 0.2559 -0.9658 -0.0405
vn 0.2560 -0.9658 -0.0406
vn 0.2504 -0.9658 -0.0671
vn 0.2420 -0.9658 -0.0929
vn 0.2417 -0.9659 -0.0928
vn 0.2310 -0.9658 -0.1177
vn 0.2309 -0.9658 -0.1177
vn 0.2174 -0.9658 -0.1412
vn 0.2014 -0.9658 -0.1631
vn 0.1833 -0.9658 -0.1833
vn 0.1631 -0.9658 -0.2015
vn 0.1631 -0.9658 -0.2014
vn 0.1412 -0.9658 -0.2174
vn 0.1411 -0.9658 -0.2173
vn 0.1177 -0.9658 -0.2309
vn 0.0929 -0.9658 -0.2420
vn 0.0929 -0.9658 -0.2419
vn 0.0671 -0.9658 -0.2503
vn 0.0405 -0.9658 -0.2560
vn 0.0136 -0.9658 -0.2588
vn -0.0136 -0.9658 -0.2588
vn -0.0136 -0.9658 -0.2589
vn -0.0405 -0.9658 -0.2560
vn -0.0671 -0.9658 -0.2503
vn -0.0671 -0.9658 -0.2504
vn -0.0929 -0.9658 -0.2420
vn -0.1177 -0.9658 -0.2309
vn -0.1177 -0.9658 -0.2310
vn -0.1412 -0.9658 -0.2174
vn -0.1631 -0.9658 -0.2015
vn -0.1631 -0.9658 -0.2014
vn -0.1833 -0.9658 -0.1833
vn -0.2015 -0.9658 -0.1631
vn -0.2174 -0.9658 -0.1412
vn -0.2310 -0.9658 -0.1177
vn -0.2309 -0.9658 -0.1176
vn -0.2419 -0.9658 -0.0929
vn -0.2420 -0.9658 -0.0929
vn -0.2504 -0.9658 -0.0671
vn -0.2503 -0.9658 -0.0671
vn -0.2560 -0.9658 -0.0405
vn -0.2589 -0.9658 -0.0136
vn -0.7067 -0.7066 -0.0370
vn -0.7067 -0.7065 0.0370
vn -0.7066 -0.7067 0.0370
vn -0.6989 -0.7066 0.1107
vn -0.6990 -0.7065 0.1107
vn -0.6834 -0.7068 0.1831
vn -0.6835 -0.7066 0.1831
vn -0.6607 -0.7066 0.2536
vn -0.6606 -0.7066 0.2536
vn -0.6305 -0.7066 0.3213
vn -0.6305 -0.7065 0.3213
vn -0.5935 -0.7065 0.3854
vn -0.5935 -0.7066 0.3854
vn -0.5499 -0.7066 0.4453
vn -0.5500 -0.7066 0.4453
vn -0.5004 -0.7065 0.5004
vn -0.4453 -0.7065 0.5500
vn -0.4454 -0.7066 0.5499
vn -0.3854 -0.7066 0.5934
vn -0.3212 -0.7066 0.6305
vn -0.2536 -0.7066 0.6606
vn -0.2536 -0.7065 0.6607
vn -0.1832 -0.7065 0.6836
vn -0.1832 -0.7066 0.6835
vn -0.1107 -0.7065 0.6990
vn -0.1107 -0.7066 0.6989
vn -0.0370 -0.7066 0.7067
vn -0.0370 -0.7065 0.7067
vn 0.0370 -0.7065 0.7067
vn 0.0370 -0.7066 0.7066
vn 0.1107 -0.7066 0.6989
vn 0.1832 -0.7066 0.6835
vn 0.1831 -0.7066 0.6835
vn 0.2536 -0.7066 0.6606
vn 0.2536 -0.7065 0.6607
vn 0.3213 -0.7065 0.6305
vn 0.3213 -0.7066 0.6305
vn 0.3854 -0.7066 0.5935
vn 0.3855 -0.7065 0.5936
vn 0.4454 -0.7065 0.5500
vn 0.4453 -0.7066 0.5499
vn 0.5003 -0.7066 0.5003
vn 0.5002 -0.7068 0.5002
vn 0.5500 -0.7065 0.4454
vn 0.5499 -0.7067 0.4453
vn 0.5934 -0.7066 0.3854
vn 0.5935 -0.7066 0.3854
vn 0.6305 -0.7065 0.3213
vn 0.6305 -0.7066 0.3213
vn 0.6606 -0.7067 0.2536
vn 0.6606 -0.7066 0.2536
vn 0.6835 -0.7066 0.1831
vn 0.6836 -0.7065 0.1832
vn 0.6989 -0.7066 0.1107
vn 0.6991 -0.7064 0.1107
vn 0.7067 -0.7065 0.0370
vn 0.7066 -0.7067 0.0370
vn 0.7067 -0.7065 -0.0370
vn 0.7066 -0.7066 -0.0370
vn 0.6990 -0.7065 -0.1107
vn 0.6836 -0.7065 -0.1832
vn 0.6835 -0.7066 -0.1831
vn 0.6606 -0.7066 -0.2536
vn 0.6606 -0.7067 -0.2536
vn 0.6305 -0.7066 -0.3212
vn 0.6305 -0.7065 -0.3213
vn 0.5935 -0.7066 -0.3854
vn 0.5934 -0.7066 -0.3854
vn 0.5499 -0.7067 -0.4453
vn 0.5500 -0.7065 -0.4454
vn 0.5005 -0.7065 -0.5004
vn 0.5003 -0.7067 -0.5003
vn 0.4453 -0.7067 -0.5499
vn 0.4454 -0.7065 -0.5500
vn 0.3854 -0.7067 -0.5934
vn 0.3853 -0.7067 -0.5934
vn 0.3854 -0.7066 -0.5935
vn 0.3213 -0.7066 -0.6305
vn 0.3213 -0.7065 -0.6306
vn 0.2536 -0.7065 -0.6607
vn 0.2536 -0.7066 -0.6606
vn 0.1831 -0.7066 -0.6835
vn 0.1107 -0.7066 -0.6989
vn 0.0370 -0.7066 -0.7067
vn 0.0370 -0.7065 -0.7067
vn -0.0370 -0.7065 -0.7067
vn -0.0370 -0.7066 -0.7066
vn -0.1107 -0.7066 -0.6989
vn -0.1832 -0.7066 -0.6835
vn -0.1832 -0.7065 -0.6836
vn -0.2536 -0.7065 -0.6607
vn -0.2536 -0.7066 -0.6606
vn -0.3212 -0.7066 -0.6305
vn -0.3853 -0.7067 -0.5934
vn -0.3854 -0.7065 -0.5935
vn -0.4453 -0.7066 -0.5499
vn -0.4454 -0.7065 -0.5500
vn -0.5004 -0.7065 -0.5004
vn -0.5004 -0.7066 -0.5004
vn -0.5500 -0.7066 -0.4453
vn -0.5499 -0.7066 -0.4453
vn -0.5935 -0.7066 -0.3854
vn -0.5935 -0.7065 -0.3854
vn -0.6305 -0.7065 -0.3213
vn -0.6305 -0.7066 -0.3213
vn -0.6606 -0.7066 -0.2536
vn -0.6607 -0.7065 -0.2536
vn -0.6836 -0.7065 -0.1832
vn -0.6990 -0.7065 -0.1107
vn -0.6989 -0.7066 -0.1107
vn -0.7066 -0.7066 -0.0370
vn -0.9647 -0.2585 -0.0506
vn -0.9647 -0.2585 0.0506
vn -0.9647 -0.2586 0.0506
vn -0.9541 -0.2585 0.1511
vn -0.9541 -0.2584 0.1511
vn -0.9331 -0.2584 0.2500
vn -0.9331 -0.2586 0.2500
vn -0.9019 -0.2583 0.3462
vn -0.9019 -0.2585 0.3462
vn -0.8607 -0.2585 0.4386
vn -0.8607 -0.2584 0.4386
vn -0.8102 -0.2584 0.5261
vn -0.7507 -0.2584 0.6080
vn -0.7507 -0.2585 0.6079
vn -0.6831 -0.2584 0.6831
vn -0.6831 -0.2585 0.6831
vn -0.6079 -0.2585 0.7507
vn -0.5261 -0.2585 0.8101
vn -0.5262 -0.2583 0.8102
vn -0.4386 -0.2583 0.8608
vn -0.4386 -0.2584 0.8607
vn -0.3462 -0.2585 0.9019
vn -0.3462 -0.2585 0.9018
vn -0.2500 -0.2585 0.9331
vn -0.2500 -0.2584 0.9331
vn -0.1511 -0.2584 0.9541
vn -0.1511 -0.2586 0.9541
vn -0.0506 -0.2586 0.9647
vn -0.0506 -0.2585 0.9647
vn 0.0506 -0.2585 0.9647
vn 0.1511 -0.2585 0.9541
vn 0.2500 -0.2584 0.9331
vn 0.3462 -0.2583 0.9019
vn 0.3462 -0.2587 0.9018
vn 0.4386 -0.2586 0.8607
vn 0.4386 -0.2585 0.8607
vn 0.5261 -0.2585 0.8102
vn 0.6079 -0.2585 0.7507
vn 0.6079 -0.2584 0.7508
vn 0.6831 -0.2585 0.6831
vn 0.6831 -0.2586 0.6831
vn 0.7507 -0.2585 0.6079
vn 0.8102 -0.2585 0.5261
vn 0.8607 -0.2585 0.4386
vn 0.9019 -0.2584 0.3462
vn 0.9018 -0.2586 0.3462
vn 0.9331 -0.2586 0.2500
vn 0.9331 -0.2583 0.2500
vn 0.9541 -0.2585 0.1511
vn 0.9540 -0.2588 0.1511
vn 0.9647 -0.2584 0.0506
vn 0.9647 -0.2585 0.0506
vn 0.9647 -0.2585 -0.0506
vn 0.9646 -0.2587 -0.0505
vn 0.9541 -0.2587 -0.1511
vn 0.9542 -0.2583 -0.1511
vn 0.9331 -0.2584 -0.2500
vn 0.9019 -0.2584 -0.3462
vn 0.9019 -0.2583 -0.3462
vn 0.8607 -0.2585 -0.4385
vn 0.8607 -0.2584 -0.4386
vn 0.8102 -0.2585 -0.5261
vn 0.8102 -0.2584 -0.5261
vn 0.7507 -0.2588 -0.6078
vn 0.7507 -0.2586 -0.6079
vn 0.6831 -0.2586 -0.6830
vn 0.6831 -0.2584 -0.6831
vn 0.6079 -0.2585 -0.7507
vn 0.5261 -0.2585 -0.8102
vn 0.4386 -0.2585 -0.8607
vn 0.4385 -0.2587 -0.8607
vn 0.3462 -0.2586 -0.9018
vn 0.3462 -0.2584 -0.9019
vn 0.2500 -0.2584 -0.9331
vn 0.1511 -0.2584 -0.9541
vn 0.1511 -0.2585 -0.9541
vn 0.0506 -0.2585 -0.9647
vn -0.0506 -0.2585 -0.9647
vn -0.0506 -0.2586 -0.9647
vn -0.1511 -0.2586 -0.9541
vn -0.1511 -0.2584 -0.9541
vn -0.2500 -0.2584 -0.9331
vn -0.2500 -0.2585 -0.9331
vn -0.3462 -0.2585 -0.9018
vn -0.3462 -0.2585 -0.9019
vn -0.4386 -0.2585 -0.8607
vn -0.4386 -0.2582 -0.8608
vn -0.5262 -0.2583 -0.8102
vn -0.5261 -0.2585 -0.8102
vn -0.6079 -0.2585 -0.7507
vn -0.6831 -0.2585 -0.6831
vn -0.6831 -0.2584 -0.6831
vn -0.7507 -0.2584 -0.6079
vn -0.7508 -0.2584 -0.6079
vn -0.8101 -0.2587 -0.5261
vn -0.8102 -0.2584 -0.5261
vn -0.8607 -0.2585 -0.4386
vn -0.9019 -0.2585 -0.3462
vn -0.9018 -0.2586 -0.3462
vn -0.9331 -0.2586 -0.2500
vn -0.9331 -0.2584 -0.2500
vn -0.9542 -0.2584 -0.1511
vn -0.9541 -0.2586 -0.1511
vn -0.7051 -0.6744 -0.2191
vn -0.7052 -0.6743 -0.2191
vn -0.7052 -0.6140 -0.3545
vn -0.7051 -0.6141 -0.3545
vn -0.7051 -0.5270 -0.4745
vn -0.7051 -0.4168 -0.5737
vn -0.7051 -0.2884 -0.6478
vn -0.7051 -0.1474 -0.6936
vn -0.7052 -0.1474 -0.6936
vn -0.7052 -0.0000 -0.7090
vn -0.7052 -0.0000 -0.7091
vn -0.7052 0.1474 -0.6936
vn -0.7051 0.1474 -0.6936
vn -0.7051 0.2884 -0.6478
vn -0.7051 0.4168 -0.5737
vn -0.7051 0.5270 -0.4745
vn -0.7051 0.6141 -0.3546
vn -0.7052 0.6140 -0.3545
vn -0.7052 0.6743 -0.2191
vn -0.7051 0.6744 -0.2191
vn -0.7051 0.7052 -0.0741
vn -0.7052 0.7052 -0.0741
vn -0.7052 0.7052 0.0741
vn -0.7051 0.7052 0.0741
vn -0.7051 0.6744 0.2191
vn -0.7052 0.6743 0.2191
vn -0.7052 0.6140 0.3545
vn -0.7051 0.6141 0.3545
vn -0.7051 0.5270 0.4745
vn -0.7051 0.4168 0.5737
vn -0.7051 0.2884 0.6478
vn -0.7051 0.1474 0.6936
vn -0.7052 0.1474 0.6936
vn -0.7052 -0.0000 0.7090
vn -0.7052 -0.0000 0.7091
vn -0.7052 -0.1474 0.6936
vn -0.7051 -0.1474 0.6936
vn -0.7051 -0.2884 0.6478
vn -0.7051 -0.4168 0.5737
vn -0.7051 -0.5270 0.4745
vn -0.7051 -0.6141 0.3546
vn -0.7052 -0.6140 0.3545
vn -0.7052 -0.6743 0.2191
vn -0.7051 -0.6744 0.2191
vn -0.7051 -0.7052 0.0741
vn -0.7052 -0.7052 0.0741
vn -0.7052 -0.7052 -0.0741
vn -0.7051 -0.7052 -0.0741
vn -0.6744 0.7051 -0.2191
vn -0.6743 0.7052 -0.2191
vn -0.6140 0.7052 -0.3545
vn -0.6141 0.7051 -0.3545
vn -0.5269 0.7051 -0.4745
vn -0.4168 0.7051 -0.5737
vn -0.2884 0.7051 -0.6478
vn -0.1474 0.7052 -0.6936
vn -0.1474 0.7052 -0.6935
vn -0.0000 0.7052 -0.7090
vn 0.1474 0.7052 -0.6935
vn 0.1474 0.7052 -0.6936
vn 0.2884 0.7052 -0.6478
vn 0.2884 0.7052 -0.6477
vn 0.4168 0.7052 -0.5736
vn 0.4168 0.7051 -0.5736
vn 0.5269 0.7051 -0.4745
vn 0.5269 0.7052 -0.4744
vn 0.6140 0.7052 -0.3545
vn 0.6141 0.7051 -0.3545
vn 0.6744 0.7051 -0.2191
vn 0.7052 0.7051 -0.0741
vn 0.7052 0.7052 -0.0741
vn 0.7052 0.7051 0.0741
vn 0.6744 0.7051 0.2191
vn 0.6141 0.7051 0.3545
vn 0.6140 0.7052 0.3545
vn 0.5269 0.7052 0.4744
vn 0.5269 0.7051 0.4745
vn 0.4168 0.7051 0.5737
vn 0.4168 0.7052 0.5736
vn 0.2884 0.7052 0.6477
vn 0.2884 0.7052 0.6478
vn 0.1474 0.7052 0.6936
vn -0.0000 0.7052 0.7090
vn -0.1474 0.7052 0.6935
vn -0.1474 0.7052 0.6936
vn -0.2884 0.7052 0.6478
vn -0.2884 0.7051 0.6478
vn -0.4168 0.7051 0.5737
vn -0.5269 0.7051 0.4745
vn -0.6141 0.7051 0.3545
vn -0.6140 0.7052 0.3545
vn -0.6743 0.7052 0.2191
vn -0.6744 0.7052 0.2191
vn -0.7052 0.7051 -0.0741
vn -0.7049 -0.6695 0.2343
vn -0.7049 -0.6006 0.3774
vn -0.7049 -0.5016 0.5016
vn -0.7049 -0.3774 0.6006
vn -0.7049 -0.2343 0.6695
vn -0.7049 -0.0794 0.7049
vn -0.7049 -0.0794 0.7048
vn -0.7049 0.0794 0.7048
vn -0.7049 0.0794 0.7049
vn -0.7049 0.2343 0.6695
vn -0.7049 0.3774 0.6006
vn -0.7049 0.5016 0.5016
vn -0.7049 0.6006 0.3774
vn -0.7049 0.6695 0.2343
vn -0.7049 0.7049 0.0794
vn -0.7049 0.7048 0.0794
vn -0.7049 0.7048 -0.0794
vn -0.7049 0.7049 -0.0794
vn -0.7049 0.6695 -0.2343
vn -0.7049 0.6006 -0.3774
vn -0.7049 0.5016 -0.5016
vn -0.7049 0.3774 -0.6006
vn -0.7049 0.2343 -0.6695
vn -0.7049 0.0794 -0.7049
vn -0.7049 0.0794 -0.7048
vn -0.7049 -0.0794 -0.7048
vn -0.7049 -0.0794 -0.7049
vn -0.7049 -0.2343 -0.6695
vn -0.7049 -0.3774 -0.6006
vn -0.7049 -0.5016 -0.5016
vn -0.7049 -0.6006 -0.3774
vn -0.7049 -0.6695 -0.2343
vn -0.7049 -0.7049 -0.0794
vn -0.7049 -0.7048 -0.0794
vn -0.7049 -0.7048 0.0794
vn -0.7049 -0.7049 0.0794
vn 0.2393 -0.0174 -0.9708
vn 0.1178 0.2132 -0.9699
vn 0.0805 -0.0174 -0.9966
vn 0.2000 -0.0174 -0.9796
vn 0.2718 0.2133 -0.9384
vn 0.5344 -0.0174 -0.8451
vn 0.5550 0.2133 -0.8040
vn 0.4999 -0.0174 -0.8659
vn 0.3919 -0.0174 -0.9198
vn 0.4188 0.2132 -0.8827
vn 0.3545 -0.0175 -0.9349
vn 0.7745 -0.0174 -0.6324
vn 0.7810 0.2133 -0.5869
vn 0.7484 -0.0175 -0.6630
vn 0.6630 -0.0174 -0.7484
vn 0.6768 0.2133 -0.7046
vn 0.6323 -0.0175 -0.7745
vn 0.9349 -0.0173 -0.3546
vn 0.9267 0.2132 -0.3094
vn 0.9198 -0.0174 -0.3919
vn 0.8659 -0.0174 -0.4999
vn 0.8651 0.2133 -0.4540
vn 0.8451 -0.0175 -0.5344
vn 0.9990 -0.0174 -0.0403
vn 0.9770 0.2132 -0.0000
vn 0.9966 -0.0174 -0.0805
vn 0.9796 -0.0174 -0.2000
vn 0.9644 0.2131 -0.1568
vn 0.9708 -0.0174 -0.2393
vn 0.9604 -0.0174 0.2782
vn 0.9267 0.2133 0.3094
vn 0.9708 -0.0174 0.2393
vn 0.9926 -0.0173 0.1205
vn 0.9644 0.2132 0.1567
vn 0.9966 -0.0174 0.0805
vn 0.8229 -0.0174 0.5680
vn 0.7811 0.2132 0.5869
vn 0.8451 -0.0175 0.5344
vn 0.9033 -0.0174 0.4286
vn 0.8651 0.2132 0.4540
vn 0.9198 -0.0175 0.3919
vn 0.6007 -0.0174 0.7993
vn 0.5550 0.2133 0.8040
vn 0.6323 -0.0174 0.7745
vn 0.7211 -0.0174 0.6926
vn 0.6768 0.2132 0.7046
vn 0.7484 -0.0174 0.6630
vn 0.3166 -0.0174 0.9484
vn 0.2718 0.2132 0.9384
vn 0.3545 -0.0174 0.9349
vn 0.4647 -0.0174 0.8853
vn 0.4188 0.2133 0.8827
vn 0.4999 -0.0174 0.8659
vn -0.0000 -0.0174 0.9998
vn -0.0393 0.2132 0.9762
vn 0.0403 -0.0175 0.9990
vn 0.1604 -0.0174 0.9869
vn 0.1178 0.2133 0.9699
vn 0.2000 -0.0174 0.9796
vn -0.3166 -0.0174 0.9484
vn -0.3464 0.2133 0.9135
vn -0.2782 -0.0174 0.9604
vn -0.1604 -0.0174 0.9869
vn -0.1954 0.2132 0.9573
vn -0.1205 -0.0175 0.9926
vn -0.6007 -0.0174 0.7993
vn -0.6179 0.2132 0.7568
vn -0.5680 -0.0174 0.8229
vn -0.4647 -0.0174 0.8853
vn -0.4885 0.2133 0.8461
vn -0.4286 -0.0174 0.9033
vn -0.8189 0.1000 0.5652
vn -0.7993 -0.0175 0.6007
vn -0.7211 -0.0174 0.6926
vn -0.7313 0.2133 0.6479
vn -0.6926 -0.0175 0.7211
vn -0.8989 0.1000 0.4265
vn -0.8853 -0.0174 0.4647
vn -0.8451 -0.0174 0.5344
vn -0.9557 0.1000 0.2768
vn -0.9484 -0.0175 0.3166
vn -0.9198 -0.0175 0.3919
vn -0.9998 -0.0174 -0.0000
vn -0.9966 -0.0174 0.0805
vn -0.9877 0.1000 0.1199
vn -0.9869 -0.0175 0.1604
vn -0.9708 -0.0175 0.2393
vn -0.9738 0.2133 -0.0786
vn -0.9990 -0.0174 -0.0403
vn -0.9869 -0.0175 -0.1604
vn -0.9749 0.1000 -0.1990
vn -0.9708 -0.0174 -0.2393
vn -0.9349 -0.0174 -0.3546
vn -0.8988 0.2132 -0.3829
vn -0.9484 -0.0174 -0.3166
vn -0.6926 -0.0174 -0.7211
vn -0.7484 -0.0175 -0.6630
vn -0.7707 0.1000 -0.6293
vn -0.7993 -0.0174 -0.6007
vn -0.8659 -0.0174 -0.4999
vn -0.8257 0.2133 -0.5222
vn -0.8853 -0.0174 -0.4647
vn -0.6179 0.2133 -0.7568
vn -0.6630 -0.0174 -0.7484
vn -0.5680 -0.0175 -0.8229
vn -0.5318 0.1000 -0.8410
vn -0.4999 -0.0174 -0.8659
vn -0.3919 -0.0174 -0.9198
vn -0.3464 0.2133 -0.9135
vn -0.4286 -0.0174 -0.9033
vn 0.0403 -0.0175 -0.9990
vn -0.0403 -0.0175 -0.9990
vn -0.0801 0.1000 -0.9918
vn -0.1205 -0.0174 -0.9926
vn -0.2393 -0.0174 -0.9708
vn -0.1954 0.2133 -0.9572
vn -0.2782 -0.0175 -0.9604
vn -0.0000 -1.0000 -0.0001
vn -0.1121 -0.4234 0.8990
vn -0.1814 -0.4213 0.8886
vn -0.1861 -0.4213 0.8876
vn -0.3975 -0.4252 0.8131
vn -0.4538 -0.4196 0.7861
vn -0.4647 -0.4195 0.7798
vn -0.1812 -0.4241 0.8873
vn -0.2524 -0.4209 0.8713
vn -0.2584 -0.4244 0.8678
vn -0.3218 -0.4204 0.8484
vn -0.3298 -0.4203 0.8453
vn -0.3209 -0.4253 0.8462
vn -0.3890 -0.4200 0.8199
vn -0.6395 -0.4266 0.6395
vn -0.6798 -0.4184 0.6023
vn -0.6932 -0.4182 0.5871
vn -0.4522 -0.4267 0.7832
vn -0.5157 -0.4193 0.7471
vn -0.5257 -0.4260 0.7363
vn -0.5742 -0.4190 0.7034
vn -0.5869 -0.4188 0.6929
vn -0.5715 -0.4282 0.7000
vn -0.6291 -0.4187 0.6550
vn -0.8122 -0.4275 0.3970
vn -0.8359 -0.4176 0.3561
vn -0.8466 -0.4173 0.3303
vn -0.6759 -0.4298 0.5987
vn -0.7262 -0.4182 0.5457
vn -0.7359 -0.4271 0.5254
vn -0.7678 -0.4179 0.4855
vn -0.7805 -0.4177 0.4651
vn -0.7624 -0.4315 0.4822
vn -0.8045 -0.4178 0.4222
vn -0.8969 -0.4279 0.1118
vn -0.8291 -0.4334 0.3533
vn -0.8619 -0.4175 0.2877
vn -0.8663 -0.4277 0.2579
vn -0.8823 -0.4174 0.2175
vn -0.8895 -0.4171 0.1865
vn -0.8741 -0.4353 0.2155
vn -0.8970 -0.4173 0.1458
vn -0.9058 -0.4173 0.0731
vn -0.9031 -0.4279 0.0374
vn -0.9088 -0.4173 -0.0000
vn -0.9031 -0.4279 -0.0374
vn -0.9058 -0.4173 -0.0731
vn -0.8969 -0.4279 -0.1118
vn -0.8970 -0.4173 -0.1458
vn -0.8846 -0.4278 -0.1855
vn -0.8823 -0.4174 -0.2175
vn -0.8663 -0.4277 -0.2579
vn -0.8619 -0.4175 -0.2877
vn -0.8421 -0.4276 -0.3286
vn -0.8359 -0.4176 -0.3561
vn -0.8122 -0.4275 -0.3970
vn -0.8045 -0.4178 -0.4222
vn -0.7767 -0.4273 -0.4628
vn -0.7678 -0.4180 -0.4856
vn -0.7678 -0.4179 -0.4855
vn -0.7359 -0.4271 -0.5254
vn -0.7262 -0.4182 -0.5457
vn -0.6901 -0.4268 -0.5845
vn -0.6799 -0.4184 -0.6023
vn -0.6798 -0.4184 -0.6023
vn -0.6395 -0.4266 -0.6395
vn -0.6291 -0.4187 -0.6550
vn -0.5846 -0.4263 -0.6903
vn -0.5743 -0.4190 -0.7033
vn -0.5742 -0.4190 -0.7034
vn -0.5257 -0.4260 -0.7363
vn -0.5157 -0.4193 -0.7471
vn -0.4632 -0.4256 -0.7774
vn -0.4538 -0.4196 -0.7861
vn -0.3975 -0.4252 -0.8131
vn -0.3890 -0.4200 -0.8199
vn -0.3291 -0.4248 -0.8433
vn -0.3217 -0.4204 -0.8484
vn -0.3218 -0.4204 -0.8484
vn -0.2584 -0.4244 -0.8678
vn -0.2524 -0.4209 -0.8713
vn -0.1859 -0.4239 -0.8864
vn 0.1121 -0.4234 -0.8990
vn 0.1814 -0.4213 -0.8886
vn 0.1861 -0.4213 -0.8876
vn -0.1814 -0.4213 -0.8886
vn -0.1121 -0.4234 -0.8990
vn -0.1093 -0.4218 -0.9001
vn -0.0374 -0.4229 -0.9054
vn -0.0365 -0.4223 -0.9057
vn 0.0375 -0.4223 -0.9057
vn 0.0365 -0.4229 -0.9055
vn 0.1093 -0.4218 -0.9001
vn 0.3975 -0.4252 -0.8131
vn 0.4538 -0.4196 -0.7861
vn 0.4647 -0.4195 -0.7798
vn 0.1812 -0.4241 -0.8873
vn 0.2524 -0.4209 -0.8713
vn 0.2584 -0.4244 -0.8678
vn 0.3217 -0.4204 -0.8484
vn 0.3298 -0.4203 -0.8453
vn 0.3209 -0.4253 -0.8462
vn 0.3890 -0.4200 -0.8199
vn 0.6395 -0.4266 -0.6395
vn 0.6798 -0.4184 -0.6023
vn 0.6932 -0.4182 -0.5871
vn 0.4522 -0.4267 -0.7832
vn 0.5157 -0.4193 -0.7471
vn 0.5257 -0.4260 -0.7363
vn 0.5742 -0.4190 -0.7034
vn 0.5869 -0.4188 -0.6930
vn 0.5715 -0.4282 -0.7000
vn 0.6291 -0.4187 -0.6550
vn 0.8122 -0.4275 -0.3970
vn 0.8359 -0.4176 -0.3561
vn 0.8466 -0.4173 -0.3303
vn 0.6758 -0.4298 -0.5987
vn 0.7262 -0.4182 -0.5457
vn 0.7359 -0.4271 -0.5254
vn 0.7678 -0.4180 -0.4855
vn 0.7805 -0.4177 -0.4651
vn 0.7624 -0.4315 -0.4821
vn 0.8045 -0.4178 -0.4222
vn 0.8969 -0.4279 -0.1118
vn 0.8291 -0.4333 -0.3532
vn 0.8619 -0.4175 -0.2878
vn 0.8663 -0.4277 -0.2579
vn 0.8823 -0.4174 -0.2175
vn 0.8895 -0.4171 -0.1865
vn 0.8741 -0.4353 -0.2155
vn 0.8970 -0.4173 -0.1458
vn 0.9058 -0.4173 -0.0732
vn 0.9058 -0.4173 -0.0731
vn 0.9031 -0.4279 -0.0373
vn 0.9088 -0.4173 -0.0000
vn 0.9031 -0.4279 0.0373
vn 0.9058 -0.4173 0.0731
vn 0.9058 -0.4173 0.0732
vn 0.8969 -0.4279 0.1118
vn 0.8970 -0.4173 0.1458
vn 0.8846 -0.4278 0.1855
vn 0.8823 -0.4174 0.2175
vn 0.8663 -0.4277 0.2579
vn 0.8619 -0.4175 0.2878
vn 0.8421 -0.4276 0.3286
vn 0.8359 -0.4176 0.3561
vn 0.8122 -0.4275 0.3970
vn 0.8045 -0.4178 0.4222
vn 0.7767 -0.4273 0.4628
vn 0.7678 -0.4180 0.4855
vn 0.7359 -0.4271 0.5254
vn 0.7262 -0.4182 0.5457
vn 0.6901 -0.4268 0.5845
vn 0.6798 -0.4184 0.6023
vn 0.6395 -0.4266 0.6395
vn 0.6291 -0.4187 0.6550
vn 0.5846 -0.4263 0.6903
vn 0.5743 -0.4190 0.7033
vn 0.5742 -0.4190 0.7034
vn 0.5257 -0.4260 0.7363
vn 0.5157 -0.4193 0.7471
vn 0.4632 -0.4256 0.7774
vn 0.4538 -0.4196 0.7861
vn 0.3975 -0.4252 0.8131
vn 0.3890 -0.4200 0.8199
vn 0.3291 -0.4248 0.8433
vn 0.3217 -0.4204 0.8484
vn 0.2584 -0.4244 0.8678
vn 0.2524 -0.4209 0.8713
vn 0.1859 -0.4239 0.8864
vn 0.1814 -0.4213 0.8886
vn 0.1121 -0.4234 0.8990
vn 0.1093 -0.4218 0.9001
vn 0.0374 -0.4229 0.9054
vn 0.0365 -0.4223 0.9057
vn -0.0375 -0.4223 0.9057
vn -0.0365 -0.4229 0.9055
vn -0.1093 -0.4218 0.9001
vn -0.2631 -0.3253 -0.9083
vn -0.3353 -0.3253 -0.8842
vn -0.3353 -0.3254 -0.8842
vn -0.4054 -0.3254 -0.8543
vn -0.4728 -0.3254 -0.8189
vn -0.5372 -0.3254 -0.7782
vn -0.5372 -0.3253 -0.7782
vn -0.5980 -0.3253 -0.7325
vn -0.5980 -0.3254 -0.7325
vn -0.6550 -0.3254 -0.6820
vn -0.6550 -0.3253 -0.6820
vn -0.7078 -0.3253 -0.6271
vn -0.7078 -0.3253 -0.6270
vn -0.7559 -0.3253 -0.5681
vn -0.7560 -0.3253 -0.5681
vn -0.7992 -0.3253 -0.5054
vn -0.7992 -0.3254 -0.5054
vn -0.8373 -0.3253 -0.4394
vn -0.8699 -0.3253 -0.3706
vn -0.8969 -0.3253 -0.2994
vn -0.9181 -0.3254 -0.2263
vn -0.9181 -0.3253 -0.2263
vn -0.9333 -0.3254 -0.1517
vn -0.9334 -0.3253 -0.1517
vn -0.9425 -0.3253 -0.0761
vn -0.9456 -0.3253 -0.0000
vn -0.9425 -0.3253 0.0761
vn -0.9334 -0.3253 0.1517
vn -0.9333 -0.3254 0.1517
vn -0.9181 -0.3253 0.2263
vn -0.9181 -0.3254 0.2263
vn -0.8969 -0.3253 0.2994
vn -0.8699 -0.3253 0.3706
vn -0.8373 -0.3253 0.4394
vn -0.8373 -0.3254 0.4394
vn -0.7992 -0.3253 0.5054
vn -0.7992 -0.3254 0.5054
vn -0.7559 -0.3253 0.5681
vn -0.7078 -0.3253 0.6270
vn -0.7560 -0.3253 0.5681
vn -0.7078 -0.3253 0.6271
vn -0.6550 -0.3253 0.6820
vn -0.6550 -0.3254 0.6820
vn -0.5980 -0.3254 0.7325
vn -0.5980 -0.3253 0.7325
vn -0.5372 -0.3253 0.7782
vn -0.5372 -0.3254 0.7782
vn -0.4728 -0.3254 0.8189
vn -0.4054 -0.3254 0.8543
vn -0.3353 -0.3253 0.8842
vn -0.2631 -0.3253 0.9083
vn -0.1891 -0.3253 0.9265
vn -0.1892 -0.3253 0.9265
vn -0.1140 -0.3253 0.9387
vn -0.1140 -0.3254 0.9387
vn -0.0381 -0.3254 0.9448
vn -0.0381 -0.3253 0.9448
vn 0.0381 -0.3253 0.9448
vn 0.0381 -0.3254 0.9448
vn 0.1140 -0.3254 0.9387
vn 0.1140 -0.3253 0.9387
vn 0.1892 -0.3253 0.9265
vn 0.1891 -0.3253 0.9265
vn 0.1891 -0.3254 0.9265
vn 0.2631 -0.3254 0.9083
vn 0.2631 -0.3253 0.9083
vn 0.3352 -0.3253 0.8842
vn 0.3353 -0.3253 0.8842
vn 0.4054 -0.3253 0.8543
vn 0.4728 -0.3253 0.8189
vn 0.5372 -0.3253 0.7782
vn 0.5980 -0.3253 0.7325
vn 0.6550 -0.3253 0.6820
vn 0.7078 -0.3253 0.6271
vn 0.7078 -0.3254 0.6270
vn 0.7559 -0.3254 0.5681
vn 0.7560 -0.3253 0.5681
vn 0.7992 -0.3253 0.5054
vn 0.8373 -0.3253 0.4395
vn 0.8700 -0.3253 0.3706
vn 0.8699 -0.3253 0.3706
vn 0.8699 -0.3254 0.3706
vn 0.8969 -0.3254 0.2995
vn 0.8969 -0.3253 0.2994
vn 0.9181 -0.3253 0.2263
vn 0.9334 -0.3253 0.1517
vn 0.9333 -0.3254 0.1517
vn 0.9425 -0.3254 0.0761
vn 0.9425 -0.3253 0.0761
vn 0.9456 -0.3253 -0.0000
vn 0.9425 -0.3254 -0.0761
vn 0.9425 -0.3253 -0.0761
vn 0.9333 -0.3254 -0.1517
vn 0.9334 -0.3253 -0.1517
vn 0.9181 -0.3253 -0.2263
vn 0.8969 -0.3253 -0.2995
vn 0.8699 -0.3253 -0.3706
vn 0.8699 -0.3254 -0.3706
vn 0.8969 -0.3254 -0.2994
vn 0.8700 -0.3253 -0.3706
vn 0.8373 -0.3253 -0.4395
vn 0.7992 -0.3253 -0.5054
vn 0.7559 -0.3253 -0.5681
vn 0.7078 -0.3253 -0.6271
vn 0.7078 -0.3254 -0.6271
vn 0.7559 -0.3254 -0.5681
vn 0.6550 -0.3253 -0.6820
vn 0.6550 -0.3254 -0.6820
vn 0.5980 -0.3253 -0.7325
vn 0.5372 -0.3253 -0.7782
vn 0.4728 -0.3253 -0.8189
vn 0.4054 -0.3253 -0.8543
vn 0.3353 -0.3253 -0.8842
vn 0.3352 -0.3254 -0.8842
vn 0.2631 -0.3253 -0.9083
vn 0.2631 -0.3254 -0.9083
vn 0.1891 -0.3254 -0.9265
vn 0.1891 -0.3253 -0.9265
vn 0.1892 -0.3253 -0.9265
vn 0.1140 -0.3253 -0.9387
vn 0.1140 -0.3254 -0.9387
vn 0.0381 -0.3254 -0.9448
vn 0.0381 -0.3253 -0.9448
vn -0.0381 -0.3253 -0.9448
vn -0.0381 -0.3254 -0.9448
vn -0.1140 -0.3254 -0.9387
vn -0.1140 -0.3253 -0.9387
vn -0.1892 -0.3253 -0.9265
vn -0.1891 -0.3253 -0.9265
vn 0.0400 -0.1218 -0.9918
vn -0.0400 -0.1218 -0.9918
vn -0.1196 -0.1218 -0.9853
vn -0.1985 -0.1218 -0.9725
vn -0.2762 -0.1218 -0.9534
vn -0.2761 -0.1218 -0.9534
vn -0.3519 -0.1218 -0.9281
vn -0.3520 -0.1217 -0.9281
vn -0.4255 -0.1217 -0.8967
vn -0.4255 -0.1218 -0.8967
vn -0.4963 -0.1218 -0.8596
vn -0.5639 -0.1218 -0.8169
vn -0.5638 -0.1218 -0.8169
vn -0.6277 -0.1218 -0.7688
vn -0.6876 -0.1218 -0.7158
vn -0.7429 -0.1218 -0.6582
vn -0.7935 -0.1218 -0.5963
vn -0.8389 -0.1218 -0.5305
vn -0.8789 -0.1218 -0.4613
vn -0.9131 -0.1218 -0.3890
vn -0.9131 -0.1217 -0.3890
vn -0.9415 -0.1217 -0.3143
vn -0.9415 -0.1218 -0.3143
vn -0.9637 -0.1218 -0.2375
vn -0.9797 -0.1217 -0.1592
vn -0.9797 -0.1218 -0.1592
vn -0.9893 -0.1218 -0.0799
vn -0.9926 -0.1218 -0.0000
vn -0.9893 -0.1218 0.0799
vn -0.9797 -0.1218 0.1592
vn -0.9637 -0.1218 0.2375
vn -0.9415 -0.1218 0.3143
vn -0.9415 -0.1217 0.3143
vn -0.9131 -0.1218 0.3890
vn -0.8789 -0.1218 0.4613
vn -0.8389 -0.1218 0.5305
vn -0.7935 -0.1218 0.5963
vn -0.7429 -0.1218 0.6582
vn -0.6876 -0.1218 0.7158
vn -0.6277 -0.1218 0.7688
vn -0.5638 -0.1218 0.8169
vn -0.4963 -0.1218 0.8596
vn -0.4255 -0.1218 0.8967
vn -0.4255 -0.1217 0.8967
vn -0.3520 -0.1218 0.9281
vn -0.2762 -0.1218 0.9534
vn -0.2761 -0.1218 0.9534
vn -0.1985 -0.1218 0.9725
vn -0.1196 -0.1218 0.9853
vn -0.0400 -0.1218 0.9918
vn 0.0400 -0.1218 0.9918
vn 0.1196 -0.1218 0.9853
vn 0.1985 -0.1218 0.9725
vn 0.2762 -0.1218 0.9534
vn 0.3520 -0.1218 0.9281
vn 0.4255 -0.1218 0.8967
vn 0.4963 -0.1218 0.8596
vn 0.5638 -0.1218 0.8169
vn 0.6277 -0.1218 0.7688
vn 0.6876 -0.1218 0.7158
vn 0.7429 -0.1218 0.6582
vn 0.7429 -0.1217 0.6582
vn 0.7935 -0.1217 0.5963
vn 0.8389 -0.1217 0.5305
vn 0.8389 -0.1218 0.5305
vn 0.8789 -0.1218 0.4613
vn 0.9131 -0.1218 0.3891
vn 0.9131 -0.1217 0.3890
vn 0.9415 -0.1217 0.3143
vn 0.9415 -0.1218 0.3143
vn 0.9637 -0.1218 0.2375
vn 0.9797 -0.1218 0.1592
vn 0.9797 -0.1217 0.1592
vn 0.9893 -0.1217 0.0798
vn 0.9893 -0.1218 0.0799
vn 0.9926 -0.1218 -0.0000
vn 0.9893 -0.1218 -0.0798
vn 0.9893 -0.1218 -0.0799
vn 0.9797 -0.1217 -0.1592
vn 0.9797 -0.1218 -0.1592
vn 0.9637 -0.1218 -0.2375
vn 0.9415 -0.1218 -0.3143
vn 0.9415 -0.1217 -0.3143
vn 0.9131 -0.1217 -0.3891
vn 0.9131 -0.1218 -0.3890
vn 0.8789 -0.1218 -0.4613
vn 0.8389 -0.1218 -0.5305
vn 0.8389 -0.1217 -0.5305
vn 0.7935 -0.1217 -0.5963
vn 0.7935 -0.1218 -0.5963
vn 0.7429 -0.1218 -0.6582
vn 0.6876 -0.1218 -0.7158
vn 0.6277 -0.1218 -0.7688
vn 0.5638 -0.1218 -0.8169
vn 0.4963 -0.1218 -0.8596
vn 0.4255 -0.1218 -0.8967
vn 0.3520 -0.1218 -0.9281
vn 0.2762 -0.1218 -0.9534
vn 0.1985 -0.1218 -0.9725
vn 0.1196 -0.1218 -0.9853
vn 0.0078 -0.9821 -0.1879
vn -0.0078 -0.9822 -0.1879
vn -0.0078 -0.9821 -0.1879
vn -0.0233 -0.9822 -0.1867
vn -0.0386 -0.9822 -0.1841
vn -0.0386 -0.9821 -0.1841
vn -0.0537 -0.9822 -0.1803
vn -0.0537 -0.9821 -0.1803
vn -0.0684 -0.9822 -0.1752
vn -0.0684 -0.9821 -0.1752
vn -0.0826 -0.9822 -0.1690
vn -0.0826 -0.9821 -0.1690
vn -0.0963 -0.9821 -0.1616
vn -0.1093 -0.9821 -0.1531
vn -0.1216 -0.9822 -0.1435
vn -0.1216 -0.9821 -0.1435
vn -0.1330 -0.9822 -0.1330
vn -0.1330 -0.9821 -0.1330
vn -0.1435 -0.9821 -0.1216
vn -0.1435 -0.9822 -0.1216
vn -0.1531 -0.9822 -0.1093
vn -0.1531 -0.9821 -0.1093
vn -0.1616 -0.9821 -0.0963
vn -0.1690 -0.9822 -0.0826
vn -0.1752 -0.9822 -0.0684
vn -0.1803 -0.9822 -0.0537
vn -0.1803 -0.9821 -0.0537
vn -0.1841 -0.9822 -0.0386
vn -0.1866 -0.9822 -0.0233
vn -0.1867 -0.9821 -0.0233
vn -0.1879 -0.9821 -0.0078
vn -0.1879 -0.9822 -0.0078
vn -0.1879 -0.9822 0.0078
vn -0.1879 -0.9821 0.0078
vn -0.1867 -0.9821 0.0233
vn -0.1866 -0.9822 0.0233
vn -0.1841 -0.9822 0.0386
vn -0.1841 -0.9821 0.0386
vn -0.1803 -0.9821 0.0537
vn -0.1752 -0.9822 0.0684
vn -0.1690 -0.9822 0.0826
vn -0.1690 -0.9821 0.0826
vn -0.1616 -0.9821 0.0963
vn -0.1531 -0.9821 0.1093
vn -0.1531 -0.9822 0.1093
vn -0.1435 -0.9822 0.1216
vn -0.1435 -0.9821 0.1216
vn -0.1330 -0.9821 0.1330
vn -0.1330 -0.9822 0.1330
vn -0.1216 -0.9822 0.1435
vn -0.1216 -0.9821 0.1435
vn -0.1093 -0.9822 0.1531
vn -0.1093 -0.9821 0.1531
vn -0.0963 -0.9821 0.1616
vn -0.0826 -0.9822 0.1690
vn -0.0826 -0.9821 0.1690
vn -0.0684 -0.9822 0.1752
vn -0.0684 -0.9821 0.1752
vn -0.0537 -0.9822 0.1803
vn -0.0537 -0.9821 0.1803
vn -0.0386 -0.9822 0.1841
vn -0.0386 -0.9821 0.1841
vn -0.0233 -0.9822 0.1866
vn -0.0233 -0.9822 0.1867
vn -0.0078 -0.9822 0.1879
vn -0.0078 -0.9821 0.1879
vn 0.0078 -0.9822 0.1879
vn 0.0078 -0.9821 0.1879
vn 0.0233 -0.9822 0.1867
vn 0.0386 -0.9822 0.1841
vn 0.0386 -0.9821 0.1841
vn 0.0537 -0.9822 0.1803
vn 0.0537 -0.9821 0.1803
vn 0.0684 -0.9822 0.1752
vn 0.0826 -0.9822 0.1690
vn 0.0826 -0.9821 0.1690
vn 0.0963 -0.9822 0.1616
vn 0.0963 -0.9821 0.1616
vn 0.1093 -0.9821 0.1531
vn 0.1216 -0.9822 0.1435
vn 0.1330 -0.9822 0.1330
vn 0.1330 -0.9821 0.1330
vn 0.1435 -0.9822 0.1216
vn 0.1531 -0.9822 0.1093
vn 0.1531 -0.9821 0.1093
vn 0.1616 -0.9821 0.0963
vn 0.1616 -0.9822 0.0963
vn 0.1690 -0.9822 0.0826
vn 0.1690 -0.9821 0.0826
vn 0.1752 -0.9822 0.0684
vn 0.1803 -0.9822 0.0537
vn 0.1803 -0.9821 0.0537
vn 0.1841 -0.9821 0.0386
vn 0.1841 -0.9822 0.0386
vn 0.1867 -0.9822 0.0233
vn 0.1866 -0.9822 0.0233
vn 0.1879 -0.9822 0.0078
vn 0.1879 -0.9822 -0.0078
vn 0.1866 -0.9822 -0.0233
vn 0.1867 -0.9822 -0.0233
vn 0.1841 -0.9821 -0.0386
vn 0.1803 -0.9821 -0.0537
vn 0.1803 -0.9822 -0.0537
vn 0.1752 -0.9822 -0.0684
vn 0.1752 -0.9821 -0.0684
vn 0.1690 -0.9822 -0.0826
vn 0.1616 -0.9822 -0.0963
vn 0.1616 -0.9821 -0.0963
vn 0.1531 -0.9821 -0.1093
vn 0.1531 -0.9822 -0.1093
vn 0.1435 -0.9822 -0.1216
vn 0.1330 -0.9822 -0.1330
vn 0.1216 -0.9822 -0.1435
vn 0.1093 -0.9822 -0.1531
vn 0.1093 -0.9821 -0.1531
vn 0.0963 -0.9821 -0.1616
vn 0.0963 -0.9822 -0.1616
vn 0.0826 -0.9822 -0.1690
vn 0.0826 -0.9821 -0.1690
vn 0.0684 -0.9822 -0.1752
vn 0.0537 -0.9822 -0.1803
vn 0.0537 -0.9821 -0.1803
vn 0.0386 -0.9822 -0.1841
vn 0.0386 -0.9821 -0.1841
vn 0.0233 -0.9822 -0.1866
vn 0.0233 -0.9822 -0.1867
vn 0.0078 -0.9822 -0.1879
vn 0.0222 -0.8432 -0.5371
vn -0.0222 -0.8432 -0.5371
vn -0.0665 -0.8432 -0.5334
vn -0.0665 -0.8432 -0.5335
vn -0.1103 -0.8432 -0.5262
vn -0.1103 -0.8432 -0.5261
vn -0.1534 -0.8432 -0.5152
vn -0.1954 -0.8432 -0.5008
vn -0.2361 -0.8432 -0.4830
vn -0.2752 -0.8432 -0.4618
vn -0.3124 -0.8432 -0.4375
vn -0.3475 -0.8432 -0.4102
vn -0.3474 -0.8432 -0.4102
vn -0.3801 -0.8432 -0.3801
vn -0.4102 -0.8432 -0.3475
vn -0.4102 -0.8432 -0.3474
vn -0.4375 -0.8432 -0.3124
vn -0.4618 -0.8432 -0.2752
vn -0.4830 -0.8432 -0.2361
vn -0.5008 -0.8432 -0.1954
vn -0.5153 -0.8432 -0.1534
vn -0.5152 -0.8432 -0.1534
vn -0.5262 -0.8432 -0.1103
vn -0.5335 -0.8432 -0.0665
vn -0.5371 -0.8432 -0.0222
vn -0.5371 -0.8432 0.0222
vn -0.5335 -0.8432 0.0665
vn -0.5262 -0.8432 0.1103
vn -0.5152 -0.8432 0.1534
vn -0.5153 -0.8432 0.1534
vn -0.5008 -0.8432 0.1954
vn -0.4830 -0.8432 0.2361
vn -0.4618 -0.8432 0.2752
vn -0.4375 -0.8432 0.3124
vn -0.4102 -0.8432 0.3475
vn -0.4102 -0.8432 0.3474
vn -0.3801 -0.8432 0.3801
vn -0.3474 -0.8432 0.4102
vn -0.3124 -0.8432 0.4375
vn -0.2752 -0.8432 0.4618
vn -0.2361 -0.8432 0.4830
vn -0.1954 -0.8432 0.5008
vn -0.1534 -0.8432 0.5153
vn -0.1534 -0.8432 0.5152
vn -0.1103 -0.8432 0.5261
vn -0.1103 -0.8432 0.5262
vn -0.0665 -0.8432 0.5335
vn -0.0222 -0.8432 0.5371
vn 0.0222 -0.8432 0.5371
vn 0.0665 -0.8432 0.5335
vn 0.1103 -0.8432 0.5262
vn 0.1103 -0.8432 0.5261
vn 0.1534 -0.8432 0.5153
vn 0.1954 -0.8432 0.5008
vn 0.2361 -0.8432 0.4830
vn 0.2752 -0.8432 0.4618
vn 0.3124 -0.8432 0.4375
vn 0.3474 -0.8432 0.4102
vn 0.3475 -0.8432 0.4102
vn 0.3802 -0.8432 0.3801
vn 0.3801 -0.8432 0.3801
vn 0.4102 -0.8432 0.3474
vn 0.4103 -0.8432 0.3475
vn 0.4376 -0.8432 0.3124
vn 0.4375 -0.8432 0.3124
vn 0.4618 -0.8432 0.2752
vn 0.4830 -0.8432 0.2361
vn 0.5008 -0.8432 0.1954
vn 0.5152 -0.8432 0.1534
vn 0.5262 -0.8432 0.1103
vn 0.5335 -0.8432 0.0665
vn 0.5372 -0.8432 0.0222
vn 0.5371 -0.8432 -0.0222
vn 0.5372 -0.8432 -0.0222
vn 0.5335 -0.8432 -0.0665
vn 0.5262 -0.8432 -0.1103
vn 0.5152 -0.8432 -0.1534
vn 0.5008 -0.8432 -0.1954
vn 0.4830 -0.8432 -0.2361
vn 0.4618 -0.8432 -0.2752
vn 0.4375 -0.8432 -0.3124
vn 0.4102 -0.8432 -0.3475
vn 0.4102 -0.8432 -0.3474
vn 0.3801 -0.8432 -0.3801
vn 0.3801 -0.8432 -0.3802
vn 0.3475 -0.8432 -0.4103
vn 0.3475 -0.8432 -0.4102
vn 0.3124 -0.8432 -0.4375
vn 0.2752 -0.8432 -0.4618
vn 0.2361 -0.8432 -0.4830
vn 0.1954 -0.8432 -0.5008
vn 0.1534 -0.8432 -0.5153
vn 0.1534 -0.8432 -0.5152
vn 0.1103 -0.8432 -0.5262
vn 0.0665 -0.8432 -0.5335
vn 0.0335 -0.5851 -0.8103
vn -0.0335 -0.5851 -0.8103
vn -0.1003 -0.5851 -0.8048
vn -0.1003 -0.5851 -0.8047
vn -0.1664 -0.5851 -0.7937
vn -0.2314 -0.5851 -0.7773
vn -0.2948 -0.5851 -0.7555
vn -0.3562 -0.5851 -0.7286
vn -0.4151 -0.5851 -0.6967
vn -0.4712 -0.5851 -0.6600
vn -0.5241 -0.5851 -0.6188
vn -0.5241 -0.5851 -0.6189
vn -0.5735 -0.5851 -0.5734
vn -0.5735 -0.5851 -0.5735
vn -0.6188 -0.5851 -0.5241
vn -0.6600 -0.5851 -0.4712
vn -0.6967 -0.5851 -0.4151
vn -0.7286 -0.5851 -0.3562
vn -0.7555 -0.5851 -0.2948
vn -0.7772 -0.5851 -0.2314
vn -0.7773 -0.5851 -0.2314
vn -0.7937 -0.5851 -0.1664
vn -0.8047 -0.5851 -0.1003
vn -0.8048 -0.5851 -0.1003
vn -0.8103 -0.5851 -0.0335
vn -0.8103 -0.5851 0.0335
vn -0.8048 -0.5851 0.1003
vn -0.8047 -0.5851 0.1003
vn -0.7937 -0.5851 0.1664
vn -0.7773 -0.5851 0.2314
vn -0.7555 -0.5851 0.2948
vn -0.7286 -0.5851 0.3562
vn -0.6967 -0.5851 0.4151
vn -0.6600 -0.5851 0.4712
vn -0.6188 -0.5851 0.5241
vn -0.5735 -0.5851 0.5734
vn -0.5735 -0.5851 0.5735
vn -0.5241 -0.5851 0.6188
vn -0.4712 -0.5851 0.6600
vn -0.4151 -0.5851 0.6967
vn -0.3562 -0.5851 0.7286
vn -0.2948 -0.5851 0.7555
vn -0.2314 -0.5851 0.7773
vn -0.1664 -0.5851 0.7937
vn -0.1003 -0.5851 0.8047
vn -0.1003 -0.5851 0.8048
vn -0.0335 -0.5851 0.8103
vn 0.0335 -0.5851 0.8103
vn 0.1003 -0.5851 0.8048
vn 0.1003 -0.5851 0.8047
vn 0.1664 -0.5851 0.7937
vn 0.2314 -0.5851 0.7773
vn 0.2948 -0.5851 0.7555
vn 0.2948 -0.5850 0.7555
vn 0.3562 -0.5850 0.7286
vn 0.3562 -0.5851 0.7286
vn 0.4151 -0.5851 0.6967
vn 0.4712 -0.5851 0.6600
vn 0.5241 -0.5851 0.6188
vn 0.5734 -0.5851 0.5734
vn 0.5735 -0.5851 0.5734
vn 0.6189 -0.5850 0.5241
vn 0.6188 -0.5851 0.5241
vn 0.6600 -0.5851 0.4712
vn 0.6600 -0.5850 0.4713
vn 0.6967 -0.5850 0.4151
vn 0.6966 -0.5851 0.4151
vn 0.7285 -0.5851 0.3562
vn 0.7286 -0.5851 0.3562
vn 0.7555 -0.5851 0.2948
vn 0.7773 -0.5851 0.2314
vn 0.7772 -0.5851 0.2314
vn 0.7937 -0.5851 0.1664
vn 0.7937 -0.5852 0.1664
vn 0.8047 -0.5851 0.1003
vn 0.8102 -0.5852 0.0335
vn 0.8103 -0.5851 0.0335
vn 0.8103 -0.5851 -0.0335
vn 0.8047 -0.5851 -0.1003
vn 0.8047 -0.5852 -0.1003
vn 0.7937 -0.5852 -0.1664
vn 0.7937 -0.5851 -0.1664
vn 0.7773 -0.5851 -0.2314
vn 0.7772 -0.5851 -0.2314
vn 0.7555 -0.5851 -0.2948
vn 0.7286 -0.5851 -0.3562
vn 0.7285 -0.5851 -0.3562
vn 0.6966 -0.5851 -0.4151
vn 0.6967 -0.5850 -0.4152
vn 0.6600 -0.5850 -0.4713
vn 0.6600 -0.5851 -0.4712
vn 0.6188 -0.5851 -0.5241
vn 0.6189 -0.5850 -0.5242
vn 0.5735 -0.5851 -0.5735
vn 0.5734 -0.5851 -0.5734
vn 0.5241 -0.5851 -0.6188
vn 0.4712 -0.5851 -0.6600
vn 0.4151 -0.5851 -0.6966
vn 0.4151 -0.5851 -0.6967
vn 0.3562 -0.5851 -0.7286
vn 0.3562 -0.5850 -0.7286
vn 0.2948 -0.5851 -0.7555
vn 0.2314 -0.5851 -0.7773
vn 0.1664 -0.5851 -0.7937
vn 0.1003 -0.5851 -0.8047
vn 0.1003 -0.5851 -0.8048
vn -0.0000 0.9966 0.0826
vn -0.0000 0.9966 -0.0826
vn -0.0000 0.9694 -0.2455
vn -0.0000 0.9158 -0.4017
vn -0.0000 0.8372 -0.5469
vn -0.0000 0.7357 -0.6773
vn -0.0000 0.6142 -0.7891
vn -0.0000 0.4759 -0.8795
vn -0.0000 0.3247 -0.9458
vn -0.0000 0.1646 -0.9864
vn -0.0000 -0.1646 -0.9864
vn -0.0000 -0.3247 -0.9458
vn -0.0000 -0.4759 -0.8795
vn -0.0000 -0.6142 -0.7891
vn -0.0000 -0.7357 -0.6773
vn -0.0000 -0.8372 -0.5469
vn -0.0000 -0.9158 -0.4017
vn -0.0000 -0.9694 -0.2455
vn -0.0000 -0.9966 -0.0826
vn -0.0000 -0.9966 0.0826
vn -0.0000 -0.9694 0.2455
vn -0.0000 -0.9158 0.4017
vn -0.0000 -0.8372 0.5469
vn -0.0000 -0.7357 0.6773
vn -0.0000 -0.6142 0.7891
vn -0.0000 -0.4759 0.8795
vn -0.0000 -0.3247 0.9458
vn -0.0000 -0.1646 0.9864
vn -0.0000 -0.0000 1.0000
vn -0.0000 0.1646 0.9864
vn -0.0000 0.3247 0.9458
vn -0.0000 0.4759 0.8795
vn -0.0000 0.6142 0.7891
vn -0.0000 0.7357 0.6773
vn -0.0000 0.8372 0.5469
vn -0.0000 0.9158 0.4017
vn -0.0000 0.9694 0.2455
vn -0.0000 0.9991 0.0424
vn -0.0000 0.9991 -0.0424
vn -0.0000 0.9856 0.1690
vn -0.0000 0.9429 0.3331
vn -0.0000 0.8730 0.4877
vn -0.0000 0.7780 0.6282
vn -0.0000 0.6607 0.7507
vn -0.0000 0.5243 0.8515
vn -0.0000 0.3729 0.9279
vn -0.0000 0.2107 0.9776
vn -0.0000 0.0424 0.9991
vn -0.0000 -0.1270 0.9919
vn -0.0000 -0.2928 0.9562
vn -0.0000 -0.4502 0.8929
vn -0.0000 -0.5946 0.8040
vn -0.0000 -0.7220 0.6919
vn -0.0000 -0.8285 0.5600
vn -0.0000 -0.9112 0.4119
vn -0.0000 -0.9677 0.2520
vn -0.0000 -0.9964 0.0848
vn -0.0000 -0.9964 -0.0848
vn -0.0000 -0.9677 -0.2520
vn -0.0000 -0.9112 -0.4119
vn -0.0000 -0.8285 -0.5600
vn -0.0000 -0.7220 -0.6919
vn -0.0000 -0.5946 -0.8040
vn -0.0000 -0.4502 -0.8929
vn -0.0000 -0.2928 -0.9562
vn -0.0000 -0.1270 -0.9919
vn -0.0000 0.0424 -0.9991
vn -0.0000 0.2107 -0.9776
vn -0.0000 0.3729 -0.9279
vn -0.0000 0.5243 -0.8515
vn -0.0000 0.6607 -0.7507
vn -0.0000 0.7780 -0.6282
vn -0.0000 0.8730 -0.4877
vn -0.0000 0.9429 -0.3331
vn -0.0000 0.9856 -0.1690
vt 0.294834 0.793144
vt 0.180346 0.696903
vt 0.301585 0.775285
vt 0.188440 0.680173
vt 0.198919 0.666273
vt 0.285493 0.808549
vt 0.273999 0.820781
vt 0.260890 0.829268
vt 0.246778 0.833614
vt 0.232323 0.833613
vt 0.218202 0.829268
vt 0.205075 0.820781
vt 0.193555 0.808549
vt 0.184181 0.793144
vt 0.211293 0.655852
vt 0.224984 0.649398
vt 0.239352 0.647213
vt 0.177391 0.775286
vt 0.173503 0.755810
vt 0.172699 0.735627
vt 0.175016 0.715680
vt 0.253724 0.649398
vt 0.267428 0.655852
vt 0.279825 0.666273
vt 0.298463 0.696903
vt 0.303833 0.715680
vt 0.306193 0.735627
vt 0.290333 0.680173
vt 0.305432 0.755809
vt 0.511496 0.794726
vt 0.520255 0.812328
vt 0.513658 0.814576
vt 0.520497 0.813884
vt 0.515797 0.832519
vt 0.521989 0.823474
vt 0.522607 0.826428
vt 0.514707 0.773336
vt 0.514885 0.774876
vt 0.509407 0.773837
vt 0.517554 0.794040
vt 0.517570 0.794149
vt 0.507481 0.752822
vt 0.513899 0.759062
vt 0.514589 0.771791
vt 0.505803 0.732600
vt 0.512984 0.739993
vt 0.513576 0.752338
vt 0.513205 0.713242
vt 0.512472 0.717077
vt 0.504446 0.714053
vt 0.512271 0.722054
vt 0.512672 0.732135
vt 0.520930 0.697941
vt 0.517760 0.702275
vt 0.503469 0.697994
vt 0.515252 0.706974
vt 0.513408 0.712183
vt 0.442537 0.458801
vt 0.439629 0.458187
vt 0.480989 0.453140
vt 0.822105 0.923666
vt 0.817912 0.876592
vt 0.820281 0.872464
vt 0.820559 0.871887
vt 0.822105 0.868120
vt 0.445818 0.459978
vt 0.437033 0.458091
vt 0.434700 0.458483
vt 0.404032 0.454644
vt 0.432551 0.459381
vt 0.430452 0.460969
vt 0.502915 0.685123
vt 0.536871 0.686356
vt 0.533060 0.688160
vt 0.530707 0.689518
vt 0.526702 0.692339
vt 0.523051 0.695617
vt 0.522518 0.696201
vt 0.326756 0.782854
vt 0.350107 0.782749
vt 0.326493 0.791254
vt 0.358831 0.793212
vt 0.326197 0.798933
vt 0.364978 0.798914
vt 0.325872 0.805806
vt 0.366522 0.800346
vt 0.865600 0.204994
vt 0.871852 0.171668
vt 0.871852 0.212173
vt 0.813526 0.882047
vt 0.814968 0.880476
vt 0.326756 0.663848
vt 0.350213 0.664064
vt 0.344155 0.672077
vt 0.326984 0.672591
vt 0.339011 0.682057
vt 0.327174 0.681913
vt 0.336602 0.686728
vt 0.327324 0.691711
vt 0.331845 0.701892
vt 0.327433 0.701878
vt 0.331719 0.702296
vt 0.327498 0.712303
vt 0.329576 0.718361
vt 0.327520 0.722870
vt 0.329745 0.722870
vt 0.327498 0.733466
vt 0.330181 0.734533
vt 0.327433 0.743973
vt 0.332135 0.743924
vt 0.327324 0.754276
vt 0.333495 0.750458
vt 0.327174 0.764263
vt 0.338850 0.764236
vt 0.326984 0.773824
vt 0.339453 0.765789
vt 0.347954 0.780167
vt 0.326197 0.648472
vt 0.365029 0.648615
vt 0.354220 0.658765
vt 0.326493 0.655779
vt 0.107704 0.163421
vt 0.104895 0.163052
vt 0.143119 0.160627
vt 0.110264 0.164260
vt 0.119114 0.174523
vt 0.117557 0.171069
vt 0.115449 0.168102
vt 0.115084 0.167701
vt 0.112803 0.165702
vt 0.101952 0.163165
vt 0.054390 0.156830
vt 0.098699 0.163767
vt 0.094899 0.164976
vt 0.090995 0.166661
vt 0.088522 0.167914
vt 0.083799 0.170614
vt 0.079014 0.173666
vt 0.366522 0.647213
vt 0.046183 0.173796
vt 0.050550 0.165644
vt 0.524125 0.830864
vt 0.524545 0.831678
vt 0.517820 0.847772
vt 0.526295 0.835064
vt 0.529406 0.839351
vt 0.533002 0.843005
vt 0.536871 0.845965
vt 0.788093 0.413602
vt 0.797316 0.401590
vt 0.797316 0.430039
vt 0.819773 0.424876
vt 0.816830 0.403085
vt 0.817206 0.402935
vt 0.819773 0.401590
vt 0.057660 0.147450
vt 0.149055 0.141403
vt 0.060326 0.137607
vt 0.062357 0.127409
vt 0.152460 0.120763
vt 0.063731 0.116966
vt 0.064434 0.106395
vt 0.153186 0.099607
vt 0.064457 0.095810
vt 0.063800 0.085328
vt 0.151200 0.078860
vt 0.062471 0.075063
vt 0.060485 0.065128
vt 0.146591 0.059428
vt 0.057862 0.055632
vt 0.054631 0.046678
vt 0.139558 0.042162
vt 0.685894 0.673994
vt 0.685232 0.680645
vt 0.573391 0.680667
vt 0.684630 0.688122
vt 0.572253 0.696365
vt 0.684094 0.696344
vt 0.683630 0.705220
vt 0.571402 0.714674
vt 0.683243 0.714653
vt 0.682938 0.724539
vt 0.570876 0.734792
vt 0.682717 0.734771
vt 0.682584 0.745236
vt 0.570698 0.755841
vt 0.682539 0.755820
vt 0.682584 0.766406
vt 0.570876 0.776900
vt 0.682717 0.776879
vt 0.682938 0.787124
vt 0.571402 0.797049
vt 0.683243 0.797028
vt 0.683630 0.806483
vt 0.572253 0.815408
vt 0.684094 0.815387
vt 0.684630 0.823640
vt 0.573391 0.831174
vt 0.685232 0.831152
vt 0.685894 0.837842
vt 0.104588 0.764318
vt 0.019098 0.753946
vt 0.097299 0.746145
vt 0.015785 0.744575
vt 0.013169 0.734738
vt 0.092795 0.726112
vt 0.011280 0.724542
vt 0.010139 0.714100
vt 0.091271 0.705096
vt 0.009757 0.703525
vt 0.010139 0.692935
vt 0.092795 0.684013
vt 0.011280 0.682443
vt 0.013169 0.672166
vt 0.097299 0.663787
vt 0.023073 0.643730
vt 0.104588 0.645300
vt 0.019098 0.652703
vt 0.015785 0.662216
vt 0.022278 0.214490
vt 0.022626 0.214368
vt 0.017348 0.367651
vt 0.133774 0.365499
vt 0.136395 0.365829
vt 0.136227 0.371612
vt 0.438607 0.665239
vt 0.438546 0.634974
vt 0.459452 0.665130
vt 0.438911 0.634539
vt 0.444112 0.627128
vt 0.448593 0.619402
vt 0.452262 0.611510
vt 0.455011 0.603587
vt 0.455503 0.601769
vt 0.456839 0.594945
vt 0.457274 0.588520
vt 0.423395 0.650414
vt 0.428387 0.646164
vt 0.433450 0.641055
vt 0.419037 0.665414
vt 0.419023 0.653466
vt 0.420419 0.652591
vt 0.410241 0.657994
vt 0.412571 0.657046
vt 0.416407 0.655106
vt 0.398777 0.660182
vt 0.401621 0.659865
vt 0.401596 0.665649
vt 0.403963 0.659604
vt 0.407054 0.658991
vt 0.789145 0.366754
vt 0.788563 0.348698
vt 0.793916 0.348708
vt 0.794180 0.358026
vt 0.794498 0.366764
vt 0.789928 0.382116
vt 0.794867 0.374827
vt 0.393905 0.660436
vt 0.788093 0.307749
vt 0.793473 0.318327
vt 0.788207 0.328739
vt 0.793561 0.328749
vt 0.793709 0.338914
vt 0.793737 0.276350
vt 0.793579 0.286655
vt 0.788226 0.286645
vt 0.793482 0.297164
vt 0.793446 0.307759
vt 0.793953 0.266360
vt 0.788600 0.266350
vt 0.794226 0.256795
vt 0.789199 0.247750
vt 0.794552 0.247760
vt 0.789996 0.231659
vt 0.795349 0.231669
vt 0.794928 0.239354
vt 0.866551 0.135558
vt 0.865917 0.116578
vt 0.871264 0.116597
vt 0.871543 0.126333
vt 0.871897 0.135578
vt 0.867472 0.152175
vt 0.872324 0.144230
vt 0.872819 0.152194
vt 0.865600 0.096063
vt 0.865613 0.074910
vt 0.870960 0.074929
vt 0.870912 0.085528
vt 0.870947 0.096082
vt 0.871065 0.106477
vt 0.865955 0.054044
vt 0.866612 0.034376
vt 0.871958 0.034395
vt 0.871592 0.044024
vt 0.871302 0.054063
vt 0.871090 0.064402
vt 0.139579 0.366231
vt 0.145138 0.366630
vt 0.153002 0.372330
vt 0.153186 0.366982
vt 0.867554 0.016766
vt 0.872901 0.016785
vt 0.872396 0.025282
vt 0.117123 0.370857
vt 0.119844 0.360382
vt 0.123164 0.362127
vt 0.126888 0.363700
vt 0.130497 0.364828
vt 0.131738 0.365122
vt 0.106459 0.350050
vt 0.096526 0.370097
vt 0.101512 0.344778
vt 0.098692 0.341355
vt 0.111184 0.354317
vt 0.115525 0.357633
vt 0.117524 0.358905
vt 0.079980 0.292855
vt 0.080259 0.299756
vt 0.075334 0.369366
vt 0.081557 0.307118
vt 0.083924 0.314991
vt 0.085502 0.319035
vt 0.089236 0.326868
vt 0.093663 0.334339
vt 0.097563 0.339780
vt 0.054476 0.368696
vt 0.060483 0.196401
vt 0.083843 0.180247
vt 0.081790 0.181728
vt 0.066932 0.192447
vt 0.034861 0.368116
vt 0.035719 0.209780
vt 0.040505 0.207420
vt 0.050732 0.202381
vt 0.520480 0.665239
vt 0.528078 0.513672
vt 0.537353 0.665414
vt 0.536861 0.514232
vt 0.970819 0.604323
vt 0.972803 0.453140
vt 0.985469 0.604323
vt 0.551185 0.665649
vt 0.540257 0.514448
vt 0.010725 0.216445
vt 0.501303 0.665130
vt 0.514362 0.510126
vt 0.519989 0.511581
vt 0.480277 0.492818
vt 0.483526 0.495046
vt 0.480659 0.665093
vt 0.499402 0.503881
vt 0.500917 0.504514
vt 0.467115 0.483792
vt 0.459059 0.477448
vt 0.457036 0.475854
vt 0.396507 0.123071
vt 0.394319 0.102979
vt 0.399713 0.093406
vt 0.396507 0.082891
vt 0.404058 0.074052
vt 0.402968 0.063746
vt 0.412608 0.056154
vt 0.413401 0.046439
vt 0.424933 0.040607
vt 0.427317 0.031779
vt 0.440416 0.028192
vt 0.444067 0.020453
vt 0.458279 0.019531
vt 0.462865 0.012989
vt 0.477628 0.015059
vt 0.482835 0.009737
vt 0.497492 0.014999
vt 0.503041 0.010848
vt 0.516876 0.019355
vt 0.522540 0.016271
vt 0.534806 0.027908
vt 0.540419 0.025752
vt 0.550385 0.040230
vt 0.555842 0.038848
vt 0.562830 0.055702
vt 0.568088 0.054947
vt 0.571518 0.073549
vt 0.576585 0.073295
vt 0.576013 0.092875
vt 0.580935 0.093034
vt 0.576090 0.112713
vt 0.580935 0.113243
vt 0.571744 0.132066
vt 0.576585 0.132975
vt 0.563195 0.149964
vt 0.568088 0.151309
vt 0.550870 0.165511
vt 0.555842 0.167386
vt 0.535387 0.177926
vt 0.540419 0.180456
vt 0.517524 0.186587
vt 0.522540 0.189906
vt 0.498174 0.191059
vt 0.503041 0.195296
vt 0.478310 0.191119
vt 0.482835 0.196373
vt 0.458927 0.186763
vt 0.462865 0.193086
vt 0.440997 0.178210
vt 0.444066 0.185590
vt 0.425418 0.165888
vt 0.427317 0.174235
vt 0.412973 0.150416
vt 0.413401 0.159552
vt 0.404285 0.132569
vt 0.402968 0.142227
vt 0.399790 0.113243
vt 0.683760 0.872329
vt 0.681520 0.857320
vt 0.684442 0.857316
vt 0.660606 0.981238
vt 0.657687 0.981240
vt 0.656772 0.965751
vt 0.659691 0.965748
vt 0.656135 0.947969
vt 0.659054 0.947967
vt 0.655808 0.928786
vt 0.658727 0.928784
vt 0.655808 0.909164
vt 0.658727 0.909162
vt 0.656135 0.890087
vt 0.659054 0.890085
vt 0.656772 0.872512
vt 0.659691 0.872509
vt 0.657687 0.857319
vt 0.660606 0.857316
vt 0.985608 0.231659
vt 0.988535 0.231663
vt 0.988397 0.248440
vt 0.985470 0.248436
vt 0.988301 0.267061
vt 0.985374 0.267057
vt 0.988251 0.286593
vt 0.985325 0.286589
vt 0.988251 0.306056
vt 0.985325 0.306052
vt 0.988301 0.324475
vt 0.985374 0.324471
vt 0.988397 0.340925
vt 0.985470 0.340921
vt 0.988535 0.354583
vt 0.985608 0.354578
vt 0.987317 0.689232
vt 0.990243 0.689233
vt 0.990041 0.704930
vt 0.987115 0.704929
vt 0.989901 0.722854
vt 0.986974 0.722853
vt 0.989829 0.742106
vt 0.986902 0.742105
vt 0.989829 0.761721
vt 0.986902 0.761720
vt 0.989901 0.780715
vt 0.986974 0.780714
vt 0.990041 0.798136
vt 0.987115 0.798135
vt 0.990243 0.813110
vt 0.987317 0.813109
vt 0.684442 0.981203
vt 0.681520 0.981207
vt 0.680838 0.965547
vt 0.683760 0.965543
vt 0.680363 0.947648
vt 0.683285 0.947644
vt 0.680119 0.928408
vt 0.683042 0.928403
vt 0.680119 0.908791
vt 0.683042 0.908787
vt 0.680363 0.889782
vt 0.683285 0.889778
vt 0.680838 0.872333
vt 0.823806 0.186194
vt 0.824311 0.188151
vt 0.783403 0.132420
vt 0.824595 0.189679
vt 0.842081 0.638021
vt 0.841675 0.638623
vt 0.833504 0.582363
vt 0.841075 0.639284
vt 0.840442 0.639733
vt 0.787449 0.131285
vt 0.818857 0.172477
vt 0.820776 0.177374
vt 0.822204 0.181254
vt 0.822382 0.181784
vt 0.823299 0.184512
vt 0.806928 0.144306
vt 0.791673 0.128729
vt 0.805153 0.140125
vt 0.794979 0.125416
vt 0.808896 0.148902
vt 0.809433 0.150150
vt 0.811814 0.155686
vt 0.814230 0.161337
vt 0.814234 0.161347
vt 0.816606 0.166979
vt 0.831836 0.564879
vt 0.831225 0.554809
vt 0.835979 0.554608
vt 0.832616 0.574227
vt 0.831873 0.565481
vt 0.836604 0.565646
vt 0.788699 0.118147
vt 0.785998 0.122191
vt 0.782213 0.125281
vt 0.837429 0.575861
vt 0.838222 0.583143
vt 0.832711 0.575342
vt 0.779882 0.112244
vt 0.778037 0.116895
vt 0.774870 0.120421
vt 0.770341 0.109879
vt 0.769434 0.114794
vt 0.839249 0.554455
vt 0.839887 0.566470
vt 0.830795 0.640450
vt 0.825798 0.582410
vt 0.835644 0.640256
vt 0.447728 0.467392
vt 0.448178 0.467741
vt 0.446820 0.588593
vt 0.455370 0.474198
vt 0.451648 0.470679
vt 0.438297 0.463359
vt 0.440249 0.463482
vt 0.438231 0.588722
vt 0.442453 0.464170
vt 0.444957 0.465477
vt 0.446581 0.466599
vt 0.840734 0.016407
vt 0.843071 0.015391
vt 0.845027 0.140115
vt 0.844791 0.015004
vt 0.845174 0.014917
vt 0.835644 0.140440
vt 0.829478 0.025398
vt 0.833061 0.022050
vt 0.834993 0.020389
vt 0.835420 0.020060
vt 0.837894 0.018163
vt 0.819339 0.035831
vt 0.823413 0.031545
vt 0.824876 0.140556
vt 0.824679 0.030236
vt 0.825798 0.029080
vt 0.804993 0.050892
vt 0.814220 0.140446
vt 0.808047 0.047728
vt 0.811397 0.044227
vt 0.814071 0.041406
vt 0.815363 0.040043
vt 0.428723 0.637441
vt 0.822591 0.161281
vt 0.816062 0.144173
vt 0.826429 0.144193
vt 0.836696 0.144362
vt 0.845545 0.144661
vt 0.438491 0.593280
vt 0.446822 0.594023
vt 0.817975 0.148550
vt 0.827940 0.148628
vt 0.837627 0.149127
vt 0.845903 0.149987
vt 0.438160 0.598591
vt 0.446076 0.600052
vt 0.818475 0.149778
vt 0.828318 0.149893
vt 0.837843 0.150482
vt 0.845966 0.151478
vt 0.437969 0.600072
vt 0.445757 0.601695
vt 0.820594 0.155375
vt 0.829842 0.155734
vt 0.838633 0.156725
vt 0.846087 0.158251
vt 0.436652 0.606782
vt 0.443812 0.608997
vt 0.831145 0.161983
vt 0.839155 0.163382
vt 0.845932 0.165358
vt 0.434574 0.613790
vt 0.441021 0.616449
vt 0.824399 0.167311
vt 0.832175 0.168416
vt 0.839369 0.170214
vt 0.845459 0.172575
vt 0.431801 0.620875
vt 0.437468 0.623866
vt 0.825950 0.173280
vt 0.832878 0.174816
vt 0.839226 0.176994
vt 0.844616 0.179682
vt 0.428402 0.627822
vt 0.433238 0.631063
vt 0.827106 0.178655
vt 0.833184 0.180597
vt 0.838716 0.183105
vt 0.843430 0.186056
vt 0.424708 0.634024
vt 0.424491 0.642467
vt 0.421206 0.638936
vt 0.842067 0.191128
vt 0.837948 0.187984
vt 0.833132 0.185219
vt 0.827813 0.182946
vt 0.420287 0.646664
vt 0.417702 0.643050
vt 0.417768 0.648818
vt 0.836925 0.192102
vt 0.840472 0.195401
vt 0.839399 0.197613
vt 0.832787 0.189125
vt 0.836190 0.194236
vt 0.828195 0.186566
vt 0.832447 0.191149
vt 0.414361 0.651311
vt 0.411091 0.653239
vt 0.409099 0.654182
vt 0.406369 0.655176
vt 0.403877 0.655828
vt 0.415595 0.645168
vt 0.412738 0.647621
vt 0.409991 0.649522
vt 0.408316 0.650454
vt 0.406022 0.651439
vt 0.403792 0.652052
vt 0.415726 0.639693
vt 0.413962 0.641746
vt 0.411577 0.644128
vt 0.409294 0.645978
vt 0.407908 0.646886
vt 0.406019 0.647848
vt 0.831677 0.200689
vt 0.831620 0.205005
vt 0.830150 0.201457
vt 0.835049 0.196726
vt 0.831828 0.193512
vt 0.833790 0.198677
vt 0.831061 0.195362
vt 0.832943 0.199646
vt 0.830509 0.196281
vt 0.829645 0.197269
vt 0.406360 0.644471
vt 0.404354 0.648550
vt 0.404916 0.645049
vt 0.828278 0.188442
vt 0.828218 0.190629
vt 0.827973 0.192341
vt 0.827732 0.193190
vt 0.827284 0.194101
vt 0.828680 0.197910
vt 0.826567 0.194838
vt 0.843620 0.641248
vt 0.824668 0.190435
vt 0.842539 0.641820
vt 0.824638 0.191245
vt 0.841419 0.642028
vt 0.825374 0.576499
vt 0.825265 0.574254
vt 0.825045 0.569759
vt 0.824720 0.554849
vt 0.824824 0.562448
vt 0.824898 0.564883
vt 0.766383 0.109670
vt 0.766301 0.063889
vt 0.776264 0.063323
vt 0.791116 0.059076
vt 0.765869 0.113421
vt 0.619376 0.428445
vt 0.619376 0.433666
vt 0.615533 0.430440
vt 0.638889 0.431156
vt 0.641419 0.428299
vt 0.639730 0.431991
vt 0.641419 0.433666
vt 0.837641 0.548987
vt 0.835650 0.549076
vt 0.834659 0.549120
vt 0.831000 0.549274
vt 0.458825 0.473392
vt 0.460331 0.471165
vt 0.457005 0.471824
vt 0.452915 0.468484
vt 0.449080 0.465688
vt 0.448581 0.465356
vt 0.445507 0.463530
vt 0.442727 0.462285
vt 0.440283 0.461631
vt 0.724377 0.432021
vt 0.723112 0.430646
vt 0.724377 0.429161
vt 0.438125 0.461519
vt 0.845247 0.013090
vt 0.842920 0.013558
vt 0.840328 0.014542
vt 0.837177 0.016232
vt 0.833964 0.018364
vt 0.822171 0.024472
vt 0.825592 0.019508
vt 0.826556 0.021110
vt 0.830215 0.016424
vt 0.830859 0.018030
vt 0.832720 0.014889
vt 0.833190 0.016493
vt 0.836497 0.012824
vt 0.836703 0.014422
vt 0.840218 0.011180
vt 0.840154 0.012775
vt 0.843297 0.010213
vt 0.842996 0.011810
vt 0.846087 0.009737
vt 0.845555 0.011342
vt 0.437699 0.459741
vt 0.440074 0.459844
vt 0.442755 0.460471
vt 0.445799 0.461668
vt 0.449424 0.461712
vt 0.449157 0.463427
vt 0.450009 0.462028
vt 0.449702 0.463747
vt 0.454491 0.464694
vt 0.453887 0.466440
vt 0.459270 0.467893
vt 0.458346 0.469656
vt 0.461400 0.469400
vt 0.831829 0.019949
vt 0.827890 0.023133
vt 0.823875 0.026613
vt 0.821295 0.028933
vt 0.808687 0.040677
vt 0.812762 0.036841
vt 0.816939 0.032938
vt 0.819353 0.026707
vt 0.814592 0.030561
vt 0.810022 0.034305
vt 0.805558 0.037974
vt 0.517574 0.712079
vt 0.519004 0.707181
vt 0.521072 0.702695
vt 0.523779 0.698508
vt 0.817825 0.025143
vt 0.820105 0.023453
vt 0.820870 0.022886
vt 0.516952 0.716603
vt 0.801880 0.041002
vt 0.805332 0.043852
vt 0.516980 0.721120
vt 0.798620 0.043701
vt 0.802357 0.046694
vt 0.399067 0.652636
vt 0.400701 0.645628
vt 0.836879 0.644892
vt 0.842397 0.644324
vt 0.831308 0.645104
vt 0.844398 0.417010
vt 0.840449 0.416687
vt 0.843707 0.409614
vt 0.839286 0.409231
vt 0.844398 0.402025
vt 0.839582 0.401590
vt 0.821113 0.640001
vt 0.818586 0.581577
vt 0.811531 0.638541
vt 0.817480 0.581449
vt 0.802154 0.636086
vt 0.876002 0.322495
vt 0.815019 0.345068
vt 0.875880 0.316820
vt 0.814829 0.336101
vt 0.875836 0.314761
vt 0.814693 0.326795
vt 0.875802 0.309789
vt 0.814613 0.317253
vt 0.875780 0.306478
vt 0.814589 0.307578
vt 0.875806 0.302581
vt 0.814621 0.297878
vt 0.875836 0.298126
vt 0.814710 0.288257
vt 0.875891 0.295484
vt 0.814855 0.278823
vt 0.815053 0.269677
vt 0.876002 0.290191
vt 0.815302 0.260920
vt 0.793190 0.560162
vt 0.742355 0.576923
vt 0.792780 0.558540
vt 0.739792 0.567565
vt 0.791138 0.552034
vt 0.738219 0.557990
vt 0.791135 0.551477
vt 0.737655 0.548303
vt 0.791092 0.544207
vt 0.738106 0.538609
vt 0.791089 0.543651
vt 0.739566 0.529016
vt 0.954879 0.102874
vt 0.893094 0.131082
vt 0.954646 0.097088
vt 0.892769 0.122618
vt 0.954587 0.095646
vt 0.892514 0.113705
vt 0.954487 0.090287
vt 0.892332 0.104439
vt 0.954437 0.087611
vt 0.892224 0.094923
vt 0.954437 0.083145
vt 0.892192 0.085261
vt 0.954437 0.079237
vt 0.892236 0.075557
vt 0.954497 0.075949
vt 0.892355 0.065920
vt 0.954587 0.071011
vt 0.892549 0.056454
vt 0.954665 0.068987
vt 0.829707 0.455038
vt 0.825390 0.512859
vt 0.820032 0.455604
vt 0.818188 0.513779
vt 0.810468 0.457180
vt 0.817084 0.513920
vt 0.801120 0.459748
vt 0.893150 0.038448
vt 0.954879 0.063409
vt 0.892815 0.047263
vt 0.888255 0.011851
vt 0.894531 0.015196
vt 0.894013 0.022326
vt 0.881070 0.009737
vt 0.887711 0.019338
vt 0.144788 0.359063
vt 0.152756 0.359412
vt 0.893551 0.030105
vt 0.887226 0.027507
vt 0.886805 0.036267
vt 0.886453 0.045524
vt 0.886174 0.055175
vt 0.885971 0.065115
vt 0.885845 0.075235
vt 0.885799 0.085424
vt 0.885833 0.095571
vt 0.885946 0.105563
vt 0.886138 0.115293
vt 0.886406 0.124652
vt 0.886747 0.133540
vt 0.893485 0.139003
vt 0.887157 0.141857
vt 0.893938 0.146294
vt 0.887632 0.149514
vt 0.810106 0.234537
vt 0.816330 0.237917
vt 0.815945 0.244953
vt 0.809701 0.241925
vt 0.815601 0.252649
vt 0.809340 0.250006
vt 0.809026 0.258692
vt 0.808764 0.267887
vt 0.808556 0.277491
vt 0.808405 0.287398
vt 0.808311 0.297500
vt 0.808277 0.307686
vt 0.808302 0.317845
vt 0.808387 0.327865
vt 0.808529 0.337637
vt 0.808729 0.347053
vt 0.815261 0.353598
vt 0.808983 0.356010
vt 0.815552 0.361597
vt 0.809288 0.364410
vt 0.815889 0.368979
vt 0.809642 0.372162
vt 0.880510 0.017448
vt 0.880011 0.025862
vt 0.879577 0.034885
vt 0.879215 0.044419
vt 0.878927 0.054359
vt 0.878718 0.064597
vt 0.878588 0.075021
vt 0.878541 0.085515
vt 0.878576 0.095966
vt 0.878692 0.106258
vt 0.878890 0.116279
vt 0.879166 0.125919
vt 0.879517 0.135073
vt 0.879939 0.143640
vt 0.880429 0.151526
vt 0.802950 0.232406
vt 0.802532 0.240015
vt 0.802161 0.248339
vt 0.801838 0.257285
vt 0.801568 0.266756
vt 0.801354 0.276647
vt 0.801198 0.286851
vt 0.801101 0.297256
vt 0.801066 0.307748
vt 0.801092 0.318211
vt 0.801179 0.328532
vt 0.801326 0.338596
vt 0.801531 0.348294
vt 0.801793 0.357520
vt 0.802108 0.366172
vt 0.802472 0.374156
vt 0.517729 0.739304
vt 0.774856 0.058551
vt 0.765323 0.059081
vt 0.522067 0.758016
vt 0.522829 0.771355
vt 0.518685 0.758626
vt 0.519404 0.771519
vt 0.789071 0.054507
vt 0.521051 0.738026
vt 0.785759 0.051251
vt 0.741784 0.753618
vt 0.742537 0.799337
vt 0.739837 0.753792
vt 0.741547 0.799410
vt 0.740590 0.799510
vt 0.519512 0.772915
vt 0.522933 0.772681
vt 0.764389 0.059040
vt 0.765346 0.063850
vt 0.519671 0.774306
vt 0.523083 0.774003
vt 0.741682 0.804136
vt 0.740713 0.804209
vt 0.076859 0.175006
vt 0.080383 0.175462
vt 0.470738 0.478463
vt 0.351464 0.778998
vt 0.361726 0.792190
vt 0.463520 0.470851
vt 0.501328 0.499855
vt 0.485560 0.491597
vt 0.469052 0.480957
vt 0.343539 0.764651
vt 0.338055 0.749573
vt 0.515987 0.505619
vt 0.335039 0.734104
vt 0.334492 0.718491
vt 0.529279 0.508859
vt 0.541032 0.509571
vt 0.009757 0.211544
vt 0.020910 0.209782
vt 0.336435 0.702942
vt 0.340907 0.687716
vt 0.033989 0.205480
vt 0.347911 0.673179
vt 0.357363 0.659780
vt 0.487511 0.488711
vt 0.503498 0.496646
vt 0.518317 0.502173
vt 0.341594 0.749492
vt 0.338718 0.734020
vt 0.338197 0.718406
vt 0.340048 0.702859
vt 0.018278 0.206195
vt 0.031505 0.202094
vt 0.046521 0.195541
vt 0.048786 0.198629
vt 0.062978 0.186597
vt 0.064966 0.189307
vt 0.061255 0.184710
vt 0.082049 0.177733
vt 0.824635 0.540377
vt 0.831140 0.540338
vt 0.830980 0.545876
vt 0.818705 0.543538
vt 0.819853 0.542226
vt 0.817935 0.550219
vt 0.817508 0.548528
vt 0.817498 0.546784
vt 0.817905 0.545088
vt 0.822989 0.554649
vt 0.821356 0.554040
vt 0.819916 0.553058
vt 0.818753 0.551759
vt 0.821281 0.541226
vt 0.822906 0.540598
vt 0.834640 0.545982
vt 0.835632 0.546011
vt 0.837624 0.546069
vt 0.737655 0.746814
vt 0.739745 0.746628
vt 0.738712 0.748973
vt 0.740731 0.748792
vt 0.739238 0.750047
vt 0.741222 0.749870
vt 0.819749 0.569147
vt 0.825036 0.518752
vt 0.818468 0.575701
vt 0.811722 0.579303
vt 0.811953 0.573272
vt 0.809633 0.578524
vt 0.805480 0.575690
vt 0.806208 0.569353
vt 0.802714 0.573803
vt 0.800106 0.570891
vt 0.801567 0.564170
vt 0.797125 0.567562
vt 0.795814 0.565098
vt 0.798300 0.558026
vt 0.796597 0.551278
vt 0.796556 0.544318
vt 0.792655 0.537125
vt 0.798180 0.537549
vt 0.793045 0.535499
vt 0.795612 0.530532
vt 0.801375 0.531366
vt 0.796893 0.528052
vt 0.799835 0.524687
vt 0.805954 0.526128
vt 0.802409 0.521743
vt 0.805152 0.519823
vt 0.811653 0.522140
vt 0.809272 0.516940
vt 0.811352 0.516136
vt 0.818139 0.519632
vt 0.819497 0.526154
vt 0.814524 0.528076
vt 0.810154 0.531135
vt 0.806643 0.535151
vt 0.804193 0.539892
vt 0.802947 0.545082
vt 0.802979 0.550420
vt 0.804285 0.555594
vt 0.806790 0.560305
vt 0.810349 0.564279
vt 0.814754 0.567285
vt 0.821107 0.533233
vt 0.817775 0.534521
vt 0.814847 0.536570
vt 0.812494 0.539261
vt 0.810853 0.542438
vt 0.810019 0.545915
vt 0.810040 0.549491
vt 0.810915 0.552958
vt 0.812593 0.556114
vt 0.814978 0.558777
vt 0.817929 0.560790
vt 0.821276 0.562038
vt 0.824952 0.520992
vt 0.824786 0.525478
vt 0.824695 0.530348
vt 0.824650 0.532780
vt 0.745884 0.753273
vt 0.758318 0.800389
vt 0.754095 0.751297
vt 0.773533 0.805514
vt 0.763318 0.745668
vt 0.782895 0.810976
vt 0.771146 0.736905
vt 0.781426 0.721865
vt 0.839362 0.455636
vt 0.833097 0.512812
vt 0.834558 0.455173
vt 0.790712 0.721288
vt 0.792354 0.820174
vt 0.791698 0.819517
vt 0.784858 0.812842
vt 0.788151 0.816023
vt 0.795842 0.823668
vt 0.801446 0.720969
vt 0.799925 0.827791
vt 0.812140 0.720954
vt 0.813871 0.840995
vt 0.810242 0.837858
vt 0.806376 0.834211
vt 0.804113 0.831989
vt 0.803263 0.831136
vt 0.822105 0.845930
vt 0.819909 0.845051
vt 0.821308 0.721245
vt 0.817294 0.843531
vt 0.814400 0.841419
vt 0.814121 0.841195
vt 0.100315 0.293625
vt 0.099088 0.169156
vt 0.101557 0.168452
vt 0.103774 0.168286
vt 0.104590 0.168426
vt 0.105871 0.168647
vt 0.090786 0.293241
vt 0.087588 0.176848
vt 0.091261 0.173832
vt 0.093175 0.172429
vt 0.094957 0.171305
vt 0.096181 0.170532
vt 0.831559 0.531446
vt 0.831637 0.530312
vt 0.832250 0.521402
vt 0.832298 0.520917
vt 0.744924 0.748361
vt 0.839168 0.540572
vt 0.835896 0.540476
vt 0.837805 0.511971
vt 0.836964 0.520878
vt 0.752327 0.746604
vt 0.839562 0.530563
vt 0.836291 0.531280
vt 0.760652 0.741557
vt 0.756961 0.738412
vt 0.749283 0.743043
vt 0.767726 0.733677
vt 0.763486 0.731175
vt 0.787786 0.706782
vt 0.785443 0.712298
vt 0.783324 0.717316
vt 0.795772 0.687557
vt 0.793673 0.692760
vt 0.796770 0.685001
vt 0.791399 0.698240
vt 0.790517 0.700328
vt 0.789010 0.703900
vt 0.800735 0.673246
vt 0.800169 0.675327
vt 0.759528 0.730051
vt 0.839749 0.455874
vt 0.839977 0.456054
vt 0.840609 0.456726
vt 0.841214 0.457641
vt 0.801019 0.671923
vt 0.799376 0.677832
vt 0.798773 0.679558
vt 0.798253 0.681047
vt 0.780307 0.815224
vt 0.776675 0.818245
vt 0.782214 0.816889
vt 0.526796 0.823568
vt 0.527229 0.826260
vt 0.528403 0.830367
vt 0.785482 0.819749
vt 0.789088 0.822924
vt 0.793397 0.826736
vt 0.530178 0.834330
vt 0.532814 0.838449
vt 0.535937 0.842020
vt 0.797726 0.830560
vt 0.802233 0.834487
vt 0.804693 0.836579
vt 0.808925 0.840029
vt 0.812925 0.843013
vt 0.813510 0.843417
vt 0.816713 0.845438
vt 0.819613 0.846900
vt 0.103944 0.166450
vt 0.106256 0.166809
vt 0.822046 0.847754
vt 0.101494 0.166595
vt 0.098763 0.167255
vt 0.092237 0.170350
vt 0.095550 0.168554
vt 0.090133 0.171677
vt 0.086114 0.174528
vt 0.778758 0.819818
vt 0.782329 0.822529
vt 0.786269 0.825550
vt 0.790971 0.829191
vt 0.795690 0.832857
vt 0.800601 0.836632
vt 0.803280 0.838647
vt 0.807890 0.841978
vt 0.812251 0.844865
vt 0.812889 0.845257
vt 0.816385 0.847220
vt 0.819556 0.848646
vt 0.109177 0.165883
vt 0.108332 0.167663
vt 0.106875 0.165045
vt 0.104322 0.164684
vt 0.101627 0.164811
vt 0.098631 0.165434
vt 0.095116 0.166672
vt 0.091496 0.168389
vt 0.089199 0.169661
vt 0.084815 0.172392
vt 0.794096 0.834367
vt 0.798989 0.837894
vt 0.799396 0.838187
vt 0.802274 0.840215
vt 0.807217 0.843555
vt 0.115480 0.172710
vt 0.113723 0.169738
vt 0.113412 0.169336
vt 0.111430 0.167330
vt 0.522346 0.793725
vt 0.525056 0.812265
vt 0.771345 0.810009
vt 0.768001 0.813207
vt 0.756781 0.805124
vt 0.525823 0.794099
vt 0.528600 0.813283
vt 0.096909 0.324007
vt 0.100439 0.331190
vt 0.134225 0.361695
vt 0.134411 0.357955
vt 0.132474 0.361325
vt 0.134331 0.354342
vt 0.132945 0.357592
vt 0.133986 0.350922
vt 0.133140 0.353993
vt 0.133381 0.347753
vt 0.133057 0.350591
vt 0.131410 0.361035
vt 0.128317 0.359924
vt 0.125135 0.358373
vt 0.122306 0.356654
vt 0.118638 0.353946
vt 0.804480 0.675818
vt 0.804675 0.673041
vt 0.804664 0.670726
vt 0.804520 0.669252
vt 0.843620 0.454853
vt 0.801178 0.670731
vt 0.804217 0.667919
vt 0.842524 0.454091
vt 0.681788 0.431789
vt 0.682754 0.428299
vt 0.682754 0.432211
vt 0.841392 0.453516
vt 0.840987 0.453357
vt 0.840305 0.453140
vt 0.114969 0.350685
vt 0.110998 0.346496
vt 0.106874 0.341336
vt 0.104543 0.337997
vt 0.132053 0.357309
vt 0.129462 0.356221
vt 0.126799 0.354703
vt 0.124436 0.353019
vt 0.121381 0.350370
vt 0.118338 0.347183
vt 0.115067 0.343096
vt 0.111703 0.338077
vt 0.109822 0.334840
vt 0.106563 0.328271
vt 0.103845 0.321401
vt 0.132414 0.353719
vt 0.130300 0.352667
vt 0.128120 0.351199
vt 0.126181 0.349570
vt 0.123673 0.347010
vt 0.121175 0.343933
vt 0.118496 0.339993
vt 0.115753 0.335166
vt 0.114230 0.332061
vt 0.111616 0.325784
vt 0.815508 0.688827
vt 0.821748 0.693311
vt 0.815442 0.695440
vt 0.132488 0.350331
vt 0.130813 0.349333
vt 0.129066 0.347940
vt 0.127496 0.346396
vt 0.808268 0.667812
vt 0.811454 0.664578
vt 0.812553 0.667204
vt 0.808845 0.670305
vt 0.813496 0.670351
vt 0.809242 0.673295
vt 0.814335 0.674373
vt 0.809459 0.677112
vt 0.814991 0.679291
vt 0.809425 0.681776
vt 0.815256 0.682449
vt 0.809273 0.684769
vt 0.808724 0.690804
vt 0.807862 0.697050
vt 0.132698 0.347448
vt 0.132271 0.347208
vt 0.662274 0.432140
vt 0.660932 0.428416
vt 0.662274 0.428299
vt 0.702268 0.431368
vt 0.703598 0.429161
vt 0.703598 0.432211
vt 0.806949 0.664782
vt 0.807705 0.666222
vt 0.804022 0.679368
vt 0.803246 0.683713
vt 0.802653 0.686505
vt 0.801275 0.692146
vt 0.799625 0.698009
vt 0.797743 0.703951
vt 0.806718 0.703336
vt 0.815085 0.702114
vt 0.822051 0.700399
vt 0.101747 0.314388
vt 0.094040 0.316580
vt 0.796722 0.706918
vt 0.806043 0.706450
vt 0.814801 0.705426
vt 0.822105 0.703950
vt 0.100956 0.310867
vt 0.092883 0.312801
vt 0.794657 0.712444
vt 0.804580 0.712179
vt 0.814069 0.711536
vt 0.822030 0.710586
vt 0.099997 0.304273
vt 0.091278 0.305586
vt 0.792648 0.717232
vt 0.803041 0.717024
vt 0.813175 0.716719
vt 0.821756 0.716355
vt 0.099819 0.298521
vt 0.090606 0.299071
vt 0.136653 0.345554
vt 0.140607 0.345885
vt 0.138708 0.351626
vt 0.143242 0.351987
vt 0.139706 0.358679
vt 0.326855 0.833238
vt 0.325706 0.828964
vt 0.326855 0.825280
vt 0.367567 0.620165
vt 0.370986 0.615535
vt 0.370986 0.622842
vt 0.360482 0.282876
vt 0.369021 0.302031
vt 0.364995 0.313249
vt 0.373387 0.322535
vt 0.367111 0.333345
vt 0.373387 0.343493
vt 0.364850 0.353420
vt 0.369021 0.363988
vt 0.358318 0.372537
vt 0.360482 0.383125
vt 0.347820 0.389800
vt 0.348142 0.400067
vt 0.333848 0.404404
vt 0.332539 0.414074
vt 0.317055 0.415664
vt 0.314357 0.424534
vt 0.298225 0.423054
vt 0.294390 0.430989
vt 0.278240 0.426230
vt 0.273510 0.433158
vt 0.258033 0.425042
vt 0.252630 0.430945
vt 0.238550 0.419546
vt 0.232663 0.424448
vt 0.220702 0.409999
vt 0.214480 0.413950
vt 0.205323 0.396847
vt 0.198878 0.399910
vt 0.193133 0.380706
vt 0.186538 0.382942
vt 0.184701 0.362330
vt 0.177998 0.363787
vt 0.180421 0.342578
vt 0.173633 0.343282
vt 0.180494 0.322373
vt 0.173633 0.322325
vt 0.184916 0.302662
vt 0.177998 0.301830
vt 0.193481 0.284365
vt 0.186538 0.282693
vt 0.205788 0.268338
vt 0.198878 0.265751
vt 0.221262 0.255329
vt 0.214480 0.251744
vt 0.239178 0.245949
vt 0.232662 0.241284
vt 0.258700 0.240635
vt 0.252630 0.234829
vt 0.278915 0.239635
vt 0.273510 0.232660
vt 0.298876 0.242997
vt 0.294390 0.234873
vt 0.317652 0.250563
vt 0.314357 0.241370
vt 0.334363 0.261979
vt 0.332539 0.251868
vt 0.348229 0.276712
vt 0.348141 0.265908
vt 0.358602 0.294073
vt 0.611915 0.872730
vt 0.608701 0.857328
vt 0.612598 0.857316
vt 0.715487 0.976717
vt 0.711595 0.976713
vt 0.710680 0.960805
vt 0.714572 0.960809
vt 0.710045 0.942588
vt 0.713937 0.942592
vt 0.709720 0.922915
vt 0.713611 0.922919
vt 0.709720 0.902704
vt 0.713611 0.902708
vt 0.710045 0.882901
vt 0.713937 0.882906
vt 0.710680 0.864433
vt 0.714572 0.864438
vt 0.711595 0.848162
vt 0.715487 0.848167
vt 0.632392 0.857316
vt 0.636295 0.857318
vt 0.636158 0.873962
vt 0.632255 0.873959
vt 0.636063 0.892681
vt 0.632160 0.892679
vt 0.636014 0.912602
vt 0.632111 0.912601
vt 0.636014 0.932793
vt 0.632111 0.932791
vt 0.636063 0.952310
vt 0.632160 0.952308
vt 0.636158 0.970239
vt 0.632255 0.970237
vt 0.636295 0.985743
vt 0.632392 0.985741
vt 0.367084 0.453577
vt 0.370986 0.453577
vt 0.370756 0.468285
vt 0.366854 0.468285
vt 0.370585 0.485630
vt 0.366682 0.485630
vt 0.370478 0.504801
vt 0.366576 0.504801
vt 0.370442 0.524900
vt 0.366540 0.524900
vt 0.370478 0.544989
vt 0.366576 0.544989
vt 0.370585 0.564128
vt 0.366682 0.564128
vt 0.370757 0.581421
vt 0.366854 0.581421
vt 0.370986 0.596061
vt 0.367084 0.596061
vt 0.612598 0.985696
vt 0.608701 0.985708
vt 0.608019 0.968986
vt 0.611915 0.968975
vt 0.607545 0.950214
vt 0.611441 0.950203
vt 0.607302 0.930270
vt 0.611199 0.930259
vt 0.607302 0.910087
vt 0.611199 0.910075
vt 0.607545 0.890607
vt 0.611441 0.890595
vt 0.608019 0.872742
vt 0.712007 0.516645
vt 0.714372 0.526584
vt 0.632291 0.653074
vt 0.715963 0.536821
vt 0.639904 0.654032
vt 0.647559 0.653892
vt 0.624803 0.651029
vt 0.617523 0.647919
vt 0.655172 0.454582
vt 0.610529 0.643778
vt 0.603900 0.638651
vt 0.689755 0.630912
vt 0.683562 0.637194
vt 0.676933 0.642563
vt 0.669940 0.646960
vt 0.662659 0.456627
vt 0.669940 0.459738
vt 0.689755 0.475061
vt 0.695444 0.481980
vt 0.700566 0.489686
vt 0.716764 0.547244
vt 0.700566 0.615891
vt 0.695444 0.623785
vt 0.716764 0.557740
vt 0.715963 0.568193
vt 0.714372 0.578488
vt 0.712007 0.588513
vt 0.708893 0.598158
vt 0.705065 0.607318
vt 0.662659 0.650337
vt 0.655172 0.652656
vt 0.597707 0.632595
vt 0.592018 0.625677
vt 0.586896 0.617971
vt 0.582397 0.609562
vt 0.578569 0.600542
vt 0.575456 0.591011
vt 0.570698 0.560412
vt 0.570698 0.549917
vt 0.571499 0.539464
vt 0.573090 0.529168
vt 0.676933 0.463879
vt 0.683562 0.469005
vt 0.705065 0.498095
vt 0.708893 0.507114
vt 0.573090 0.581073
vt 0.571499 0.570836
vt 0.592018 0.483872
vt 0.597707 0.476745
vt 0.647559 0.453624
vt 0.586896 0.491765
vt 0.575456 0.519143
vt 0.578569 0.509498
vt 0.582397 0.500339
vt 0.603900 0.470462
vt 0.610529 0.465093
vt 0.617523 0.460696
vt 0.624803 0.457320
vt 0.632291 0.455001
vt 0.639904 0.453764
vt 0.702602 0.198984
vt 0.688303 0.206485
vt 0.680597 0.201887
vt 0.673350 0.209758
vt 0.666103 0.202941
vt 0.658397 0.208659
vt 0.651947 0.199638
vt 0.644098 0.203238
vt 0.638792 0.192131
vt 0.631077 0.193731
vt 0.627252 0.180772
vt 0.619903 0.180554
vt 0.617868 0.166092
vt 0.611066 0.164281
vt 0.611079 0.148777
vt 0.604950 0.145626
vt 0.607201 0.129637
vt 0.601824 0.125402
vt 0.606417 0.109568
vt 0.601824 0.104494
vt 0.608761 0.089506
vt 0.604950 0.083816
vt 0.614127 0.070392
vt 0.611066 0.064271
vt 0.622261 0.053117
vt 0.619903 0.046714
vt 0.632784 0.038490
vt 0.631077 0.031911
vt 0.645204 0.027196
vt 0.644098 0.020510
vt 0.658940 0.019761
vt 0.658397 0.013010
vt 0.673350 0.016534
vt 0.673350 0.009737
vt 0.687760 0.017665
vt 0.688303 0.010835
vt 0.701496 0.023102
vt 0.702602 0.016256
vt 0.713916 0.032591
vt 0.715623 0.025763
vt 0.724439 0.045687
vt 0.726797 0.038941
vt 0.732573 0.061779
vt 0.735634 0.055213
vt 0.737939 0.080113
vt 0.741750 0.073869
vt 0.740283 0.099834
vt 0.744876 0.094092
vt 0.739499 0.120017
vt 0.744876 0.115000
vt 0.735621 0.139721
vt 0.741750 0.135678
vt 0.728832 0.158023
vt 0.735634 0.155223
vt 0.719448 0.174068
vt 0.726797 0.172781
vt 0.707909 0.187105
vt 0.715623 0.187583
vt 0.694753 0.196525
vt 0.981376 0.101001
vt 0.974393 0.080903
vt 0.981200 0.080901
vt 0.974568 0.060814
vt 0.981376 0.060812
vt 0.975087 0.041674
vt 0.981895 0.041673
vt 0.975924 0.024380
vt 0.982732 0.024378
vt 0.977042 0.009738
vt 0.983849 0.009737
vt 0.587789 0.970513
vt 0.582388 0.970287
vt 0.575997 0.953438
vt 0.581398 0.953664
vt 0.572039 0.934587
vt 0.577440 0.934812
vt 0.570698 0.914616
vt 0.576100 0.914841
vt 0.572039 0.894457
vt 0.577440 0.894683
vt 0.575997 0.875055
vt 0.581398 0.875280
vt 0.582388 0.857316
vt 0.587789 0.857541
vt 0.709720 0.673994
vt 0.716544 0.674001
vt 0.717152 0.686700
vt 0.710328 0.686693
vt 0.717635 0.702482
vt 0.710811 0.702475
vt 0.717970 0.720610
vt 0.711146 0.720604
vt 0.718142 0.740236
vt 0.711317 0.740230
vt 0.718142 0.760443
vt 0.711317 0.760436
vt 0.717970 0.780285
vt 0.711146 0.780278
vt 0.717635 0.798835
vt 0.710811 0.798828
vt 0.717152 0.815225
vt 0.710328 0.815218
vt 0.716544 0.828689
vt 0.709720 0.828682
vt 0.962427 0.699989
vt 0.967389 0.699912
vt 0.960214 0.717106
vt 0.955252 0.717182
vt 0.955770 0.736181
vt 0.950808 0.736258
vt 0.954266 0.756247
vt 0.949304 0.756323
vt 0.955770 0.776364
vt 0.950808 0.776441
vt 0.960214 0.795593
vt 0.955252 0.795669
vt 0.967389 0.813034
vt 0.962427 0.813110
vt 0.983849 0.152222
vt 0.977042 0.152223
vt 0.975924 0.137516
vt 0.982732 0.137515
vt 0.975087 0.120172
vt 0.981895 0.120171
vt 0.974568 0.101002
vt 0.655317 0.454102
vt 0.647667 0.453140
vt 0.639975 0.453281
vt 0.632325 0.454523
vt 0.624801 0.456853
vt 0.017539 0.201302
vt 0.017359 0.200833
vt 0.023490 0.197192
vt 0.023699 0.197643
vt 0.029381 0.192542
vt 0.029619 0.192971
vt 0.034968 0.186935
vt 0.035233 0.187336
vt 0.040190 0.180431
vt 0.040481 0.180801
vt 0.044990 0.173103
vt 0.045304 0.173437
vt 0.049316 0.165030
vt 0.049650 0.165325
vt 0.053119 0.156300
vt 0.053472 0.156553
vt 0.056358 0.147011
vt 0.056727 0.147218
vt 0.058997 0.137262
vt 0.059379 0.137423
vt 0.061009 0.127162
vt 0.061400 0.127273
vt 0.062370 0.116820
vt 0.062768 0.116881
vt 0.063066 0.106350
vt 0.063467 0.106360
vt 0.063089 0.095867
vt 0.063490 0.095826
vt 0.062439 0.085486
vt 0.062837 0.085395
vt 0.061122 0.075319
vt 0.061514 0.075179
vt 0.059155 0.065480
vt 0.059537 0.065292
vt 0.056557 0.056075
vt 0.056927 0.055841
vt 0.053358 0.047208
vt 0.053712 0.046931
vt 0.049592 0.038975
vt 0.049928 0.038658
vt 0.045301 0.031467
vt 0.045616 0.031114
vt 0.040532 0.024767
vt 0.040824 0.024381
vt 0.035336 0.018947
vt 0.035603 0.018533
vt 0.029772 0.014071
vt 0.030012 0.013634
vt 0.023899 0.010193
vt 0.024111 0.009737
vt 0.617485 0.648377
vt 0.624801 0.651503
vt 0.632325 0.653558
vt 0.639975 0.654520
vt 0.647667 0.654380
vt 0.655317 0.653137
vt 0.662841 0.650807
vt 0.670156 0.647414
vt 0.677184 0.642996
vt 0.683845 0.637601
vt 0.690068 0.631288
vt 0.695785 0.624126
vt 0.700931 0.616194
vt 0.705453 0.607579
vt 0.709299 0.598375
vt 0.712427 0.588683
vt 0.714805 0.578610
vt 0.716404 0.568264
vt 0.717208 0.557761
vt 0.717208 0.547214
vt 0.716404 0.536740
vt 0.714805 0.526453
vt 0.712427 0.516467
vt 0.709299 0.506889
vt 0.705453 0.497826
vt 0.700931 0.489376
vt 0.695785 0.481633
vt 0.690068 0.474680
vt 0.683845 0.468595
vt 0.677184 0.463444
vt 0.670156 0.459283
vt 0.662841 0.456157
vt 0.327005 0.733455
vt 0.326656 0.722882
vt 0.327027 0.722873
vt 0.326635 0.712364
vt 0.327005 0.712319
vt 0.326569 0.701990
vt 0.326940 0.701908
vt 0.326462 0.691872
vt 0.326832 0.691754
vt 0.326312 0.682121
vt 0.326682 0.681968
vt 0.024059 0.197982
vt 0.030000 0.193293
vt 0.035634 0.187639
vt 0.040900 0.181081
vt 0.045741 0.173691
vt 0.050102 0.165550
vt 0.053937 0.156747
vt 0.057203 0.147379
vt 0.059865 0.137549
vt 0.061894 0.127363
vt 0.063266 0.116935
vt 0.063968 0.106377
vt 0.063991 0.095806
vt 0.063335 0.085337
vt 0.062008 0.075085
vt 0.060024 0.065163
vt 0.057404 0.055679
vt 0.054178 0.046737
vt 0.050381 0.038435
vt 0.046054 0.030865
vt 0.041244 0.024108
vt 0.036005 0.018239
vt 0.684125 0.705285
vt 0.684506 0.705464
vt 0.684121 0.714851
vt 0.683739 0.714706
vt 0.683817 0.724690
vt 0.683434 0.724580
vt 0.683598 0.734873
vt 0.683214 0.734798
vt 0.683465 0.745288
vt 0.683080 0.745250
vt 0.683420 0.755821
vt 0.683036 0.755820
vt 0.683465 0.766356
vt 0.683080 0.766392
vt 0.683598 0.776778
vt 0.683214 0.776852
vt 0.683817 0.786974
vt 0.683434 0.787083
vt 0.684121 0.796831
vt 0.683739 0.796975
vt 0.670494 0.647750
vt 0.677547 0.643316
vt 0.684232 0.637902
vt 0.690477 0.631567
vt 0.696213 0.624380
vt 0.701378 0.616420
vt 0.705916 0.607774
vt 0.709775 0.598538
vt 0.712915 0.588812
vt 0.715301 0.578702
vt 0.716905 0.568320
vt 0.717712 0.557780
vt 0.717712 0.547196
vt 0.716905 0.536685
vt 0.715301 0.526362
vt 0.712915 0.516339
vt 0.709775 0.506728
vt 0.705916 0.497633
vt 0.701378 0.489153
vt 0.696213 0.481383
vt 0.690477 0.474405
vt 0.684232 0.468299
vt 0.677546 0.463129
vt 0.670494 0.458953
vt 0.326832 0.754238
vt 0.326462 0.754136
vt 0.326569 0.743883
vt 0.326940 0.743948
vt 0.326635 0.733426
vt 0.326492 0.672659
vt 0.326265 0.663926
vt 0.326002 0.655868
vt 0.041336 0.181195
vt 0.050829 0.038366
vt 0.685725 0.680742
vt 0.685124 0.688210
vt 0.684588 0.696421
vt 0.684125 0.806418
vt 0.684588 0.815310
vt 0.685124 0.823552
vt 0.685725 0.831055
vt 0.696615 0.624478
vt 0.701787 0.616508
vt 0.706330 0.607851
vt 0.710195 0.598603
vt 0.713338 0.588864
vt 0.715727 0.578741
vt 0.717334 0.568346
vt 0.718142 0.557792
vt 0.718142 0.547194
vt 0.717334 0.536670
vt 0.715727 0.526333
vt 0.713338 0.516298
vt 0.710195 0.506674
vt 0.706330 0.497567
vt 0.701787 0.489077
vt 0.325706 0.798838
vt 0.326002 0.791169
vt 0.326265 0.782779
vt 0.326492 0.773761
vt 0.326682 0.764212
vt 0.369984 0.301703
vt 0.361362 0.282362
vt 0.348902 0.265230
vt 0.333148 0.251054
vt 0.314789 0.240454
vt 0.294628 0.233893
vt 0.273546 0.231659
vt 0.252463 0.233849
vt 0.232302 0.240367
vt 0.213943 0.250928
vt 0.198189 0.265071
vt 0.185729 0.282178
vt 0.177107 0.301500
vt 0.172699 0.322194
vt 0.172699 0.343355
vt 0.177107 0.364058
vt 0.185729 0.383399
vt 0.198189 0.400532
vt 0.213943 0.414708
vt 0.232302 0.425308
vt 0.252463 0.431868
vt 0.273546 0.434103
vt 0.294628 0.431913
vt 0.314789 0.425395
vt 0.333148 0.414834
vt 0.096362 0.371077
vt 0.075374 0.370353
vt 0.348902 0.400691
vt 0.361362 0.383584
vt 0.369985 0.364262
vt 0.374392 0.343568
vt 0.374392 0.322407
vt 0.506565 0.753088
vt 0.504903 0.733060
vt 0.139451 0.607771
vt 0.140367 0.608706
vt 0.126135 0.616666
vt 0.127179 0.617516
vt 0.114342 0.629361
vt 0.115499 0.630088
vt 0.105839 0.645874
vt 0.098621 0.664183
vt 0.094160 0.684215
vt 0.092650 0.705095
vt 0.094160 0.725909
vt 0.098621 0.745749
vt 0.105839 0.763748
vt 0.114342 0.779837
vt 0.115499 0.779118
vt 0.126135 0.792024
vt 0.127179 0.791187
vt 0.139451 0.800346
vt 0.140367 0.799429
vt 0.503987 0.909353
vt 0.503091 0.909153
vt 0.503809 0.888294
vt 0.502915 0.888297
vt 0.503987 0.867246
vt 0.503091 0.867451
vt 0.657570 0.012018
vt 0.643132 0.019592
vt 0.629985 0.031103
vt 0.618703 0.046050
vt 0.609780 0.063777
vt 0.603605 0.083512
vt 0.600449 0.104391
vt 0.600449 0.125502
vt 0.603605 0.145922
vt 0.609780 0.164759
vt 0.618703 0.181189
vt 0.629985 0.194495
vt 0.643132 0.204094
vt 0.512682 0.814248
vt 0.510542 0.794589
vt 0.508473 0.773901
vt 0.570782 0.131767
vt 0.562327 0.149469
vt 0.550137 0.164844
vt 0.534825 0.177123
vt 0.984338 0.286603
vt 0.984388 0.266854
vt 0.517157 0.185689
vt 0.498021 0.190112
vt 0.478375 0.190171
vt 0.459205 0.185863
vt 0.441471 0.177404
vt 0.426064 0.165218
vt 0.413756 0.149916
vt 0.405163 0.132265
vt 0.400717 0.113151
vt 0.400641 0.093532
vt 0.404939 0.074391
vt 0.413394 0.056689
vt 0.425584 0.041313
vt 0.440897 0.029035
vt 0.458564 0.020469
vt 0.477700 0.016046
vt 0.497346 0.015987
vt 0.516517 0.020295
vt 0.534250 0.028754
vt 0.549657 0.040940
vt 0.561965 0.056242
vt 0.570558 0.073893
vt 0.575004 0.093007
vt 0.575080 0.112626
vt 0.213195 0.466457
vt 0.230892 0.457943
vt 0.321887 0.602623
vt 0.288833 0.623372
vt 0.269684 0.627739
vt 0.197839 0.478692
vt 0.306530 0.614858
vt 0.347026 0.530846
vt 0.288833 0.457943
vt 0.306530 0.466457
vt 0.269684 0.453577
vt 0.347026 0.550470
vt 0.342656 0.569601
vt 0.213196 0.614858
vt 0.172699 0.550469
vt 0.230893 0.623372
vt 0.172699 0.530846
vt 0.177070 0.511715
vt 0.250042 0.627739
vt 0.185592 0.494034
vt 0.250042 0.453577
vt 0.334134 0.587281
vt 0.197839 0.602623
vt 0.185592 0.587281
vt 0.177070 0.569601
vt 0.321887 0.478692
vt 0.334133 0.494035
vt 0.342656 0.511715
vt 0.531636 0.898520
vt 0.531636 0.914233
vt 0.529713 0.914002
vt 0.530375 0.890412
vt 0.533396 0.882791
vt 0.529713 0.898296
vt 0.529492 0.906177
vt 0.533396 0.929524
vt 0.536871 0.943997
vt 0.534946 0.943752
vt 0.532999 0.936645
vt 0.531472 0.929286
vt 0.530375 0.921722
vt 0.121064 0.961517
vt 0.120213 0.949237
vt 0.122916 0.949200
vt 0.123322 0.955538
vt 0.123766 0.961474
vt 0.122055 0.972036
vt 0.793994 0.937094
vt 0.793994 0.950501
vt 0.792856 0.943572
vt 0.124246 0.966969
vt 0.124757 0.971988
vt 0.119525 0.935515
vt 0.119019 0.920705
vt 0.121722 0.920681
vt 0.121952 0.928195
vt 0.122229 0.935484
vt 0.122551 0.942501
vt 0.118706 0.905192
vt 0.118595 0.889377
vt 0.121299 0.889368
vt 0.121329 0.897284
vt 0.121410 0.905176
vt 0.121541 0.912992
vt 0.118689 0.873670
vt 0.118986 0.858477
vt 0.121690 0.858483
vt 0.121517 0.865987
vt 0.121393 0.873669
vt 0.121320 0.881480
vt 0.119478 0.844193
vt 0.120151 0.831186
vt 0.122854 0.831206
vt 0.122496 0.837524
vt 0.122181 0.844206
vt 0.121912 0.851207
vt 0.910466 0.386433
vt 0.904644 0.373865
vt 0.906812 0.373858
vt 0.927591 0.645018
vt 0.926532 0.637632
vt 0.927591 0.629403
vt 0.863133 0.633978
vt 0.864689 0.628291
vt 0.865722 0.633201
vt 0.865722 0.645104
vt 0.503987 0.928827
vt 0.503987 0.944022
vt 0.502985 0.936941
vt 0.123254 0.825292
vt 0.900139 0.359917
vt 0.897070 0.344950
vt 0.899242 0.344957
vt 0.886365 0.645104
vt 0.885235 0.637329
vt 0.886365 0.629057
vt 0.900591 0.352540
vt 0.902310 0.359917
vt 0.913128 0.171668
vt 0.913128 0.187580
vt 0.912027 0.179957
vt 0.904388 0.367038
vt 0.895515 0.329352
vt 0.895515 0.313526
vt 0.897688 0.313548
vt 0.794012 0.917621
vt 0.792856 0.909831
vt 0.794012 0.901879
vt 0.897493 0.321460
vt 0.897688 0.329366
vt 0.892514 0.171668
vt 0.892514 0.187662
vt 0.891366 0.179830
vt 0.898272 0.337216
vt 0.897070 0.297883
vt 0.900139 0.282828
vt 0.902310 0.282864
vt 0.948247 0.644049
vt 0.947105 0.636628
vt 0.948247 0.629403
vt 0.900591 0.290290
vt 0.899242 0.297913
vt 0.933796 0.171668
vt 0.933796 0.186955
vt 0.932642 0.179307
vt 0.898272 0.305682
vt 0.771008 0.883103
vt 0.769148 0.869228
vt 0.771008 0.868120
vt 0.770979 0.950661
vt 0.769904 0.943882
vt 0.770979 0.937735
vt 0.904644 0.268750
vt 0.909566 0.262239
vt 0.906812 0.268793
vt 0.738773 0.936976
vt 0.738773 0.950820
vt 0.737655 0.943698
vt 0.904388 0.275683
vt 0.951191 0.960944
vt 0.954066 0.967505
vt 0.951546 0.973741
vt 0.954254 0.973713
vt 0.951978 0.984880
vt 0.954461 0.979506
vt 0.954686 0.984846
vt 0.950923 0.946818
vt 0.953754 0.954006
vt 0.953899 0.960922
vt 0.950749 0.931730
vt 0.953532 0.939359
vt 0.953631 0.946803
vt 0.953382 0.908157
vt 0.953382 0.916071
vt 0.950674 0.916071
vt 0.953407 0.923943
vt 0.953457 0.931722
vt 0.953407 0.900254
vt 0.950699 0.900247
vt 0.953457 0.892411
vt 0.950824 0.884666
vt 0.953532 0.884681
vt 0.951045 0.869733
vt 0.953754 0.869755
vt 0.953631 0.877112
vt 0.954686 0.837741
vt 0.954461 0.843365
vt 0.951753 0.843330
vt 0.954254 0.849418
vt 0.951358 0.855834
vt 0.954066 0.855863
vt 0.953899 0.862656
vt 0.949304 0.672529
vt 0.950288 0.664578
vt 0.950288 0.679308
vt 0.866520 0.406130
vt 0.866520 0.417334
vt 0.863911 0.406856
vt 0.865447 0.401590
vt 0.737655 0.911193
vt 0.739615 0.903246
vt 0.739615 0.917502
vt 0.738703 0.250499
vt 0.745156 0.255800
vt 0.743353 0.256362
vt 0.753478 0.268660
vt 0.751670 0.269216
vt 0.771008 0.902577
vt 0.771008 0.918261
vt 0.769904 0.910814
vt 0.747684 0.262614
vt 0.531472 0.882575
vt 0.532999 0.874836
vt 0.536871 0.867454
vt 0.534946 0.867246
vt 0.739525 0.883772
vt 0.737655 0.883478
vt 0.739525 0.868120
vt 0.907019 0.629057
vt 0.907019 0.645018
vt 0.905878 0.637345
vt 0.755285 0.276125
vt 0.744598 0.352637
vt 0.743248 0.359005
vt 0.616031 0.295152
vt 0.741471 0.365111
vt 0.739280 0.370912
vt 0.745512 0.346050
vt 0.616944 0.288566
vt 0.618294 0.282198
vt 0.620071 0.276092
vt 0.622262 0.270291
vt 0.624853 0.264833
vt 0.634834 0.250881
vt 0.638822 0.247144
vt 0.643096 0.243908
vt 0.647627 0.241196
vt 0.736689 0.376370
vt 0.733716 0.381447
vt 0.730381 0.386108
vt 0.726708 0.390321
vt 0.722721 0.394059
vt 0.718447 0.397295
vt 0.688532 0.405190
vt 0.683152 0.404502
vt 0.667064 0.399038
vt 0.661840 0.396125
vt 0.656746 0.392696
vt 0.651815 0.388774
vt 0.647083 0.384386
vt 0.642580 0.379563
vt 0.615559 0.301913
vt 0.627826 0.259756
vt 0.631161 0.255095
vt 0.673011 0.236012
vt 0.734084 0.284591
vt 0.737013 0.291047
vt 0.713915 0.400007
vt 0.709158 0.402176
vt 0.704206 0.403788
vt 0.677757 0.403241
vt 0.672382 0.401416
vt 0.652385 0.239027
vt 0.657336 0.237415
vt 0.662448 0.236371
vt 0.634386 0.368744
vt 0.630751 0.362822
vt 0.615533 0.308801
vt 0.678390 0.236700
vt 0.683785 0.237961
vt 0.689160 0.239787
vt 0.699095 0.404832
vt 0.693858 0.405300
vt 0.739558 0.297705
vt 0.741701 0.304520
vt 0.743429 0.311444
vt 0.638338 0.374337
vt 0.627458 0.356612
vt 0.624529 0.350156
vt 0.615952 0.315770
vt 0.621984 0.343498
vt 0.619841 0.336683
vt 0.618114 0.329758
vt 0.616814 0.322772
vt 0.694478 0.242164
vt 0.699702 0.245078
vt 0.704796 0.248507
vt 0.709727 0.252429
vt 0.714460 0.256816
vt 0.718962 0.261640
vt 0.723204 0.266865
vt 0.727156 0.272458
vt 0.730791 0.278380
vt 0.744728 0.318431
vt 0.745590 0.325433
vt 0.746010 0.332402
vt 0.667684 0.235902
vt 0.745983 0.339290
vt 0.148389 0.465342
vt 0.150205 0.480928
vt 0.009757 0.491367
vt 0.144804 0.450397
vt 0.017814 0.445527
vt 0.132744 0.423952
vt 0.013377 0.460165
vt 0.010668 0.475578
vt 0.139544 0.436480
vt 0.013377 0.522438
vt 0.148389 0.512404
vt 0.017814 0.536916
vt 0.023863 0.550182
vt 0.150205 0.496752
vt 0.010668 0.507123
vt 0.023863 0.432044
vt 0.031370 0.420065
vt 0.040138 0.409899
vt 0.144804 0.527478
vt 0.139544 0.541584
vt 0.132744 0.554357
vt 0.049941 0.401811
vt 0.060526 0.396009
vt 0.071617 0.392644
vt 0.105037 0.397716
vt 0.124580 0.413137
vt 0.115264 0.404316
vt 0.124580 0.565465
vt 0.115264 0.574622
vt 0.105037 0.581589
vt 0.094164 0.586187
vt 0.082927 0.588297
vt 0.071616 0.587863
vt 0.082927 0.391804
vt 0.094164 0.393509
vt 0.060525 0.584897
vt 0.049941 0.579477
vt 0.031370 0.561891
vt 0.040138 0.571741
vt 0.915427 0.313944
vt 0.904159 0.305946
vt 0.916001 0.306413
vt 0.904210 0.305544
vt 0.916954 0.298981
vt 0.919966 0.284611
vt 0.910185 0.276392
vt 0.922005 0.277772
vt 0.910562 0.275321
vt 0.924382 0.271226
vt 0.905115 0.298292
vt 0.906444 0.290783
vt 0.918279 0.291697
vt 0.906622 0.290013
vt 0.908137 0.283467
vt 0.930080 0.259190
vt 0.921615 0.251391
vt 0.933363 0.253783
vt 0.922555 0.250017
vt 0.936905 0.248833
vt 0.912573 0.269604
vt 0.915286 0.263147
vt 0.927079 0.265018
vt 0.915922 0.261867
vt 0.918306 0.257063
vt 0.971389 0.955335
vt 0.960126 0.953355
vt 0.971258 0.948609
vt 0.960081 0.950741
vt 0.971149 0.941618
vt 0.925190 0.246169
vt 0.971716 0.967807
vt 0.960618 0.972770
vt 0.960433 0.966654
vt 0.971542 0.961748
vt 0.960381 0.964606
vt 0.960269 0.960168
vt 0.959784 0.923738
vt 0.970965 0.919534
vt 0.971002 0.927030
vt 0.960005 0.946258
vt 0.959908 0.938925
vt 0.971063 0.934408
vt 0.959877 0.935757
vt 0.959834 0.931402
vt 0.959773 0.920064
vt 0.959760 0.915982
vt 0.970953 0.911970
vt 0.959760 0.908186
vt 0.970965 0.904390
vt 0.959773 0.904088
vt 0.959784 0.900400
vt 0.971002 0.896847
vt 0.959834 0.892673
vt 0.971063 0.889391
vt 0.959877 0.888264
vt 0.959908 0.885057
vt 0.971149 0.882075
vt 0.960005 0.877601
vt 0.971258 0.874946
vt 0.960081 0.873023
vt 0.960126 0.870353
vt 0.971389 0.868056
vt 0.960269 0.863360
vt 0.971542 0.861449
vt 0.960381 0.858780
vt 0.960433 0.856667
vt 0.971716 0.855172
vt 0.960618 0.850318
vt 0.703082 0.239786
vt 0.713060 0.234173
vt 0.708489 0.243425
vt 0.717126 0.237040
vt 0.718577 0.238064
vt 0.713722 0.247587
vt 0.723911 0.242473
vt 0.718744 0.252243
vt 0.727950 0.246339
vt 0.729026 0.247369
vt 0.723523 0.257362
vt 0.733890 0.252723
vt 0.728024 0.262908
vt 0.737748 0.257587
vt 0.738471 0.258498
vt 0.732218 0.268844
vt 0.742738 0.264658
vt 0.736076 0.275129
vt 0.746252 0.270478
vt 0.746665 0.271162
vt 0.739571 0.281719
vt 0.750226 0.277968
vt 0.742680 0.288571
vt 0.749488 0.310218
vt 0.761822 0.314937
vt 0.750867 0.317633
vt 0.761874 0.315339
vt 0.751782 0.325064
vt 0.753231 0.284661
vt 0.753398 0.285033
vt 0.745381 0.295637
vt 0.756160 0.292310
vt 0.747655 0.302869
vt 0.758494 0.299752
vt 0.760386 0.307310
vt 0.752199 0.339770
vt 0.762877 0.345133
vt 0.751699 0.346945
vt 0.762732 0.346274
vt 0.750729 0.353935
vt 0.762795 0.322582
vt 0.763296 0.330196
vt 0.752227 0.332460
vt 0.763299 0.330989
vt 0.763324 0.337729
vt 0.747411 0.367172
vt 0.756454 0.372513
vt 0.745085 0.373329
vt 0.141289 0.955440
vt 0.130151 0.960442
vt 0.130036 0.958903
vt 0.140874 0.949646
vt 0.761960 0.352360
vt 0.760577 0.359362
vt 0.749296 0.360693
vt 0.760190 0.360779
vt 0.758737 0.366094
vt 0.140160 0.936947
vt 0.128637 0.934837
vt 0.139867 0.930130
vt 0.128536 0.932192
vt 0.139619 0.923063
vt 0.794012 0.882405
vt 0.790521 0.878969
vt 0.794012 0.868120
vt 0.129714 0.954594
vt 0.129314 0.948350
vt 0.140497 0.943467
vt 0.129200 0.946266
vt 0.128954 0.941750
vt 0.127830 0.904978
vt 0.139161 0.900846
vt 0.139265 0.908370
vt 0.128364 0.927656
vt 0.128138 0.920254
vt 0.139418 0.915793
vt 0.128063 0.917064
vt 0.127959 0.912678
vt 0.127792 0.901296
vt 0.127750 0.897204
vt 0.139107 0.893272
vt 0.127721 0.889405
vt 0.139104 0.885698
vt 0.127732 0.885315
vt 0.127742 0.881633
vt 0.139151 0.878178
vt 0.127814 0.873938
vt 0.139248 0.870762
vt 0.127884 0.869557
vt 0.127935 0.866370
vt 0.139395 0.863501
vt 0.128106 0.858978
vt 0.139590 0.856445
vt 0.128244 0.854451
vt 0.128324 0.851810
vt 0.139832 0.849642
vt 0.128590 0.844912
vt 0.140119 0.843138
vt 0.128802 0.840408
vt 0.128900 0.838330
vt 0.140450 0.836977
vt 0.129253 0.832105
vt 0.140822 0.831203
vt 0.925190 0.396182
vt 0.922555 0.392410
vt 0.933363 0.388733
vt 0.921615 0.391063
vt 0.930080 0.383421
vt 0.918306 0.385487
vt 0.927079 0.377680
vt 0.915922 0.380752
vt 0.915286 0.379490
vt 0.924382 0.371550
vt 0.912573 0.373111
vt 0.922005 0.365073
vt 0.910562 0.367453
vt 0.910185 0.366392
vt 0.919966 0.358292
vt 0.908137 0.359377
vt 0.918279 0.351255
vt 0.906622 0.352875
vt 0.906444 0.352110
vt 0.916954 0.344009
vt 0.905115 0.344639
vt 0.916001 0.336604
vt 0.904210 0.337413
vt 0.904159 0.337012
vt 0.915427 0.329091
vt 0.903584 0.329279
vt 0.915235 0.321520
vt 0.903392 0.321490
vt 0.903584 0.313696
vt 0.752911 0.276925
vt 0.749311 0.270044
vt 0.745341 0.263469
vt 0.741027 0.257242
vt 0.736396 0.251403
vt 0.731479 0.245991
vt 0.726308 0.241041
vt 0.720915 0.236584
vt 0.957709 0.843636
vt 0.960823 0.844354
vt 0.960769 0.845923
vt 0.957503 0.849665
vt 0.957316 0.856083
vt 0.957149 0.862849
vt 0.957004 0.869919
vt 0.956883 0.877247
vt 0.956784 0.884785
vt 0.956710 0.892484
vt 0.956659 0.900295
vt 0.956635 0.908167
vt 0.956659 0.923888
vt 0.956635 0.916048
vt 0.956710 0.931637
vt 0.956784 0.939242
vt 0.957004 0.953830
vt 0.956883 0.946656
vt 0.957149 0.960718
vt 0.957316 0.967275
vt 0.960769 0.976976
vt 0.957709 0.979227
vt 0.957503 0.973458
vt 0.960823 0.978477
vt 0.918723 0.250612
vt 0.915378 0.256346
vt 0.912324 0.262497
vt 0.909581 0.269024
vt 0.907167 0.275887
vt 0.905097 0.283039
vt 0.903385 0.290435
vt 0.902042 0.298026
vt 0.901076 0.305764
vt 0.900494 0.313599
vt 0.900300 0.321479
vt 0.900494 0.329353
vt 0.901076 0.337171
vt 0.902042 0.344881
vt 0.903385 0.352434
vt 0.905097 0.359780
vt 0.907167 0.366872
vt 0.909581 0.373665
vt 0.912324 0.380113
vt 0.915378 0.386176
vt 0.918723 0.391813
vt 0.126507 0.825554
vt 0.129647 0.826278
vt 0.129543 0.827811
vt 0.126109 0.831445
vt 0.125752 0.837738
vt 0.125438 0.844392
vt 0.125170 0.851366
vt 0.124949 0.858612
vt 0.124776 0.866085
vt 0.124653 0.873736
vt 0.124581 0.881515
vt 0.124560 0.889372
vt 0.124670 0.905116
vt 0.124589 0.897256
vt 0.124801 0.912900
vt 0.124981 0.920559
vt 0.125486 0.935302
vt 0.125210 0.928042
vt 0.125806 0.942290
vt 0.126170 0.948962
vt 0.127017 0.961187
vt 0.126575 0.955275
vt 0.759207 0.372505
vt 0.761515 0.366016
vt 0.763375 0.359210
vt 0.764773 0.352131
vt 0.765700 0.344826
vt 0.766152 0.337341
vt 0.766124 0.329725
vt 0.765617 0.322028
vt 0.764634 0.314299
vt 0.763182 0.306589
vt 0.761269 0.298947
vt 0.758909 0.291424
vt 0.756117 0.284067
vt 0.765598 0.305908
vt 0.763678 0.298236
vt 0.761308 0.290682
vt 0.758504 0.283296
vt 0.733766 0.245065
vt 0.954928 0.832584
vt 0.958175 0.832898
vt 0.957933 0.838035
vt 0.957933 0.984546
vt 0.912632 0.256063
vt 0.909566 0.380332
vt 0.912632 0.386420
vt 0.123692 0.819820
vt 0.126943 0.820105
vt 0.127495 0.966660
vt 0.128004 0.971658
vt 0.765791 0.358743
vt 0.767195 0.351635
vt 0.768126 0.344300
vt 0.768580 0.336785
vt 0.768552 0.329138
vt 0.768043 0.321410
vt 0.767056 0.313650
vt 0.745264 0.311134
vt 0.743494 0.304037
vt 0.741297 0.297052
vt 0.738689 0.290228
vt 0.735686 0.283610
vt 0.732311 0.277245
vt 0.728585 0.271176
vt 0.724535 0.265443
vt 0.720187 0.260087
vt 0.715572 0.255143
vt 0.710721 0.250646
vt 0.705668 0.246626
vt 0.700446 0.243111
vt 0.695092 0.240125
vt 0.689641 0.237688
vt 0.684132 0.235817
vt 0.678602 0.234525
vt 0.673089 0.233820
vt 0.667630 0.233707
vt 0.662262 0.234187
vt 0.657023 0.235257
vt 0.651948 0.236909
vt 0.647071 0.239133
vt 0.642427 0.241912
vt 0.638047 0.245229
vt 0.633960 0.249060
vt 0.951962 0.239929
vt 0.952820 0.241900
vt 0.948890 0.245093
vt 0.947934 0.243203
vt 0.945132 0.248804
vt 0.944082 0.247006
vt 0.941572 0.253005
vt 0.940433 0.251312
vt 0.938234 0.257670
vt 0.937012 0.256093
vt 0.935141 0.262765
vt 0.933842 0.261315
vt 0.932314 0.268256
vt 0.930944 0.266943
vt 0.929772 0.274105
vt 0.928338 0.272939
vt 0.927532 0.280274
vt 0.926043 0.279261
vt 0.925611 0.286718
vt 0.924074 0.285866
vt 0.924021 0.293395
vt 0.922444 0.292710
vt 0.922773 0.300258
vt 0.921165 0.299745
vt 0.921875 0.307262
vt 0.920245 0.306923
vt 0.921334 0.314357
vt 0.919690 0.314195
vt 0.921153 0.321496
vt 0.919505 0.321512
vt 0.921334 0.328630
vt 0.919690 0.328824
vt 0.921875 0.335710
vt 0.920245 0.336081
vt 0.922773 0.342687
vt 0.921165 0.343232
vt 0.924021 0.349515
vt 0.922444 0.350230
vt 0.925611 0.356146
vt 0.924074 0.357027
vt 0.927532 0.362534
vt 0.926043 0.363575
vt 0.929772 0.368638
vt 0.928338 0.369831
vt 0.932314 0.374414
vt 0.930944 0.375751
vt 0.935141 0.379824
vt 0.933842 0.381296
vt 0.938234 0.384829
vt 0.937012 0.386427
vt 0.941572 0.389398
vt 0.940433 0.391108
vt 0.945132 0.393496
vt 0.944082 0.395310
vt 0.948890 0.397098
vt 0.947934 0.399001
vt 0.952820 0.400178
vt 0.951962 0.402158
vt 0.677953 0.405223
vt 0.683484 0.406515
vt 0.688997 0.407220
vt 0.694456 0.407333
vt 0.699824 0.406853
vt 0.705063 0.405783
vt 0.710138 0.404130
vt 0.715014 0.401907
vt 0.719659 0.399127
vt 0.724039 0.395811
vt 0.728126 0.391980
vt 0.731891 0.387661
vt 0.735309 0.382884
vt 0.738356 0.377680
vt 0.741012 0.372086
vt 0.743258 0.366140
vt 0.745079 0.359882
vt 0.746463 0.353355
vt 0.747399 0.346604
vt 0.747883 0.339675
vt 0.747909 0.332615
vt 0.747480 0.325472
vt 0.746596 0.318296
vt 0.747384 0.310705
vt 0.745577 0.303460
vt 0.743334 0.296329
vt 0.740671 0.289362
vt 0.737606 0.282606
vt 0.734160 0.276108
vt 0.730356 0.269911
vt 0.726221 0.264059
vt 0.721783 0.258590
vt 0.717071 0.253543
vt 0.712119 0.248952
vt 0.706960 0.244849
vt 0.701629 0.241260
vt 0.696162 0.238212
vt 0.690598 0.235724
vt 0.684974 0.233814
vt 0.679328 0.232494
vt 0.673699 0.231774
vt 0.668126 0.231659
vt 0.662646 0.232149
vt 0.657297 0.233242
vt 0.652116 0.234929
vt 0.647138 0.237199
vt 0.963702 0.231659
vt 0.964824 0.233491
vt 0.960436 0.235057
vt 0.959222 0.233257
vt 0.956139 0.237208
vt 0.954835 0.235453
vt 0.950571 0.238232
vt 0.946458 0.241573
vt 0.942526 0.245456
vt 0.938801 0.249853
vt 0.935308 0.254733
vt 0.932071 0.260065
vt 0.929113 0.265811
vt 0.926453 0.271932
vt 0.924110 0.278386
vt 0.922100 0.285129
vt 0.920436 0.292116
vt 0.919129 0.299298
vt 0.918190 0.306626
vt 0.917624 0.314051
vt 0.917435 0.321521
vt 0.917624 0.328985
vt 0.918190 0.336394
vt 0.919129 0.343695
vt 0.920436 0.350839
vt 0.922100 0.357778
vt 0.924110 0.364463
vt 0.926453 0.370849
vt 0.929113 0.376894
vt 0.932071 0.382554
vt 0.935308 0.387792
vt 0.938801 0.392572
vt 0.942526 0.396861
vt 0.946458 0.400630
vt 0.950571 0.403853
vt 0.956139 0.404759
vt 0.954835 0.406508
vt 0.960436 0.406786
vt 0.959222 0.408578
vt 0.964824 0.408225
vt 0.963702 0.410047
vt 0.141032 0.878385
vt 0.142359 0.878689
vt 0.142313 0.885952
vt 0.140986 0.885800
vt 0.142316 0.893266
vt 0.140989 0.893267
vt 0.706342 0.407333
vt 0.711523 0.405646
vt 0.716502 0.403376
vt 0.721243 0.400538
vt 0.725715 0.397153
vt 0.729887 0.393242
vt 0.733731 0.388833
vt 0.737221 0.383955
vt 0.740332 0.378643
vt 0.743043 0.372932
vt 0.745336 0.366861
vt 0.747195 0.360472
vt 0.748607 0.353809
vt 0.749564 0.346917
vt 0.750057 0.339843
vt 0.750085 0.332635
vt 0.749646 0.325343
vt 0.748743 0.318016
vt 0.697538 0.236694
vt 0.973367 0.862127
vt 0.973216 0.868641
vt 0.973087 0.875435
vt 0.972979 0.882463
vt 0.972895 0.889678
vt 0.972835 0.897029
vt 0.972798 0.904466
vt 0.972786 0.911940
vt 0.972798 0.919397
vt 0.972835 0.926789
vt 0.972895 0.934064
vt 0.972979 0.941172
vt 0.973087 0.948066
vt 0.973216 0.954697
vt 0.973367 0.961020
vt 0.940683 0.244374
vt 0.936905 0.393581
vt 0.940683 0.397931
vt 0.141987 0.843836
vt 0.141703 0.850249
vt 0.141465 0.856957
vt 0.141272 0.863914
vt 0.141128 0.871073
vt 0.141042 0.900736
vt 0.141144 0.908154
vt 0.141295 0.915473
vt 0.141493 0.922641
vt 0.141738 0.929609
vt 0.142027 0.936330
vt 0.142359 0.942759
vt 0.739181 0.384509
vt 0.742336 0.379121
vt 0.177228 0.110645
vt 0.172699 0.102497
vt 0.178653 0.094365
vt 0.175456 0.086010
vt 0.182813 0.078563
vt 0.180893 0.070203
vt 0.189590 0.063693
vt 0.188864 0.055508
vt 0.198788 0.050182
vt 0.199150 0.042326
vt 0.210143 0.038420
vt 0.211471 0.031016
vt 0.223328 0.028745
vt 0.225491 0.021887
vt 0.237963 0.021435
vt 0.240828 0.015187
vt 0.253627 0.016700
vt 0.257062 0.011100
vt 0.269871 0.014677
vt 0.273752 0.009737
vt 0.286227 0.015424
vt 0.290442 0.011135
vt 0.302223 0.018920
vt 0.306677 0.015256
vt 0.317401 0.025063
vt 0.322013 0.021987
vt 0.331322 0.033678
vt 0.336033 0.031146
vt 0.343588 0.044516
vt 0.348354 0.042481
vt 0.353844 0.057265
vt 0.358641 0.055685
vt 0.361797 0.071559
vt 0.366611 0.070396
vt 0.367216 0.086987
vt 0.372049 0.086214
vt 0.369947 0.103104
vt 0.374806 0.102707
vt 0.369911 0.119447
vt 0.374806 0.119425
vt 0.367108 0.135547
vt 0.372049 0.135912
vt 0.361619 0.150938
vt 0.366611 0.151719
vt 0.353603 0.165180
vt 0.358641 0.166414
vt 0.343289 0.177862
vt 0.348355 0.179596
vt 0.330976 0.188620
vt 0.336033 0.190906
vt 0.317015 0.197143
vt 0.322013 0.200035
vt 0.301811 0.203187
vt 0.306677 0.206735
vt 0.285799 0.206578
vt 0.290442 0.210822
vt 0.269440 0.207218
vt 0.273753 0.212185
vt 0.253206 0.205089
vt 0.257063 0.210787
vt 0.237563 0.200252
vt 0.240828 0.206666
vt 0.222960 0.192846
vt 0.225492 0.199935
vt 0.209819 0.183085
vt 0.211471 0.190776
vt 0.198518 0.171249
vt 0.199150 0.179441
vt 0.189380 0.157678
vt 0.188864 0.166237
vt 0.182670 0.142764
vt 0.180893 0.151526
vt 0.178580 0.126934
vt 0.175456 0.135708
vt 0.177557 0.118818
vt 0.172699 0.119215
vt 0.493668 0.428805
vt 0.494962 0.433666
vt 0.477375 0.427246
vt 0.478272 0.432332
vt 0.461588 0.422967
vt 0.462037 0.428279
vt 0.446761 0.416089
vt 0.446700 0.421618
vt 0.433320 0.406812
vt 0.432679 0.412530
vt 0.421653 0.395401
vt 0.420357 0.401264
vt 0.412095 0.382186
vt 0.410071 0.388126
vt 0.404920 0.367546
vt 0.402100 0.373476
vt 0.400337 0.351902
vt 0.396662 0.357712
vt 0.398475 0.335705
vt 0.393905 0.341265
vt 0.399389 0.319420
vt 0.393905 0.324584
vt 0.403053 0.303517
vt 0.396662 0.308122
vt 0.409360 0.288451
vt 0.402100 0.292330
vt 0.418130 0.274658
vt 0.410071 0.277639
vt 0.429111 0.262533
vt 0.420357 0.264448
vt 0.441986 0.252426
vt 0.432679 0.253118
vt 0.449020 0.248222
vt 0.446700 0.243958
vt 0.456385 0.244627
vt 0.462037 0.237217
vt 0.471894 0.239361
vt 0.478272 0.233080
vt 0.488066 0.236778
vt 0.494962 0.231659
vt 0.504437 0.236955
vt 0.511653 0.232993
vt 0.520535 0.239884
vt 0.527888 0.237046
vt 0.535898 0.245483
vt 0.543225 0.243708
vt 0.550083 0.253590
vt 0.557245 0.252795
vt 0.562682 0.263971
vt 0.569567 0.264062
vt 0.573333 0.276329
vt 0.579854 0.277199
vt 0.581730 0.290307
vt 0.587825 0.291849
vt 0.587630 0.305503
vt 0.593263 0.307613
vt 0.590864 0.321481
vt 0.596019 0.324060
vt 0.591340 0.337781
vt 0.596019 0.340742
vt 0.589043 0.353933
vt 0.593263 0.357203
vt 0.584039 0.369474
vt 0.587825 0.372995
vt 0.576473 0.383955
vt 0.579854 0.387686
vt 0.566562 0.396961
vt 0.569567 0.400877
vt 0.554591 0.408117
vt 0.557246 0.412207
vt 0.540905 0.417103
vt 0.543225 0.421367
vt 0.525897 0.423659
vt 0.527888 0.428108
vt 0.509999 0.427597
vt 0.511653 0.432245
vt 0.842826 0.956800
vt 0.931160 0.969885
vt 0.843595 0.969694
vt 0.395727 0.685123
vt 0.483402 0.685195
vt 0.482770 0.697666
vt 0.395096 0.697594
vt 0.482260 0.711800
vt 0.394586 0.711728
vt 0.481886 0.727214
vt 0.394211 0.727142
vt 0.481657 0.743485
vt 0.393982 0.743413
vt 0.481580 0.760171
vt 0.393905 0.760099
vt 0.481657 0.776817
vt 0.393982 0.776745
vt 0.481886 0.792967
vt 0.394211 0.792895
vt 0.482260 0.808182
vt 0.394586 0.808110
vt 0.482770 0.822047
vt 0.395096 0.821975
vt 0.483402 0.834184
vt 0.395727 0.834112
vt 0.172699 0.853104
vt 0.260498 0.853087
vt 0.260667 0.866405
vt 0.172869 0.866422
vt 0.260799 0.881207
vt 0.173000 0.881224
vt 0.260888 0.897088
vt 0.173090 0.897105
vt 0.260933 0.913616
vt 0.173135 0.913633
vt 0.260933 0.930340
vt 0.173135 0.930357
vt 0.260888 0.946802
vt 0.173090 0.946819
vt 0.260799 0.962556
vt 0.173000 0.962573
vt 0.260667 0.977170
vt 0.172869 0.977187
vt 0.260498 0.990246
vt 0.172699 0.990263
vt 0.929790 0.813110
vt 0.841985 0.813025
vt 0.841858 0.801745
vt 0.929663 0.801830
vt 0.841755 0.788586
vt 0.929560 0.788671
vt 0.841680 0.773908
vt 0.929484 0.773993
vt 0.841633 0.758111
vt 0.929438 0.758196
vt 0.841618 0.741625
vt 0.929423 0.741710
vt 0.841633 0.724900
vt 0.929438 0.724985
vt 0.841680 0.708393
vt 0.929484 0.708478
vt 0.841755 0.692554
vt 0.929560 0.692639
vt 0.841858 0.677815
vt 0.929663 0.677900
vt 0.841985 0.664578
vt 0.929790 0.664663
vt 0.843595 0.832584
vt 0.931160 0.832774
vt 0.930391 0.846265
vt 0.842826 0.846074
vt 0.929796 0.861198
vt 0.842230 0.861008
vt 0.929389 0.877167
vt 0.841824 0.876977
vt 0.929183 0.893737
vt 0.841618 0.893546
vt 0.929183 0.910454
vt 0.841618 0.910264
vt 0.929389 0.926864
vt 0.841824 0.926674
vt 0.929796 0.942518
vt 0.842230 0.942328
vt 0.930391 0.956990
vt 0.482879 0.975103
vt 0.483264 0.981198
vt 0.395699 0.980861
vt 0.011407 0.819846
vt 0.099082 0.819820
vt 0.011092 0.825723
vt 0.395314 0.974767
vt 0.394672 0.961302
vt 0.482237 0.961638
vt 0.394215 0.946463
vt 0.481780 0.946800
vt 0.393957 0.930678
vt 0.481522 0.931014
vt 0.393905 0.914400
vt 0.481470 0.914736
vt 0.394061 0.898098
vt 0.481626 0.898434
vt 0.394419 0.882240
vt 0.481984 0.882576
vt 0.394971 0.867283
vt 0.482536 0.867620
vt 0.395699 0.853657
vt 0.483264 0.853994
vt 0.863500 0.453140
vt 0.951305 0.453203
vt 0.951178 0.465708
vt 0.863373 0.465645
vt 0.951076 0.479813
vt 0.863271 0.479750
vt 0.951000 0.495112
vt 0.863195 0.495049
vt 0.950954 0.511166
vt 0.863149 0.511103
vt 0.950938 0.527512
vt 0.863133 0.527449
vt 0.950954 0.543681
vt 0.863149 0.543618
vt 0.951000 0.559206
vt 0.863195 0.559144
vt 0.951075 0.573642
vt 0.863271 0.573580
vt 0.951178 0.586574
vt 0.863373 0.586511
vt 0.951305 0.597628
vt 0.863500 0.597565
vt 0.280883 0.853087
vt 0.368682 0.853099
vt 0.368512 0.865905
vt 0.280714 0.865893
vt 0.368381 0.880245
vt 0.280582 0.880233
vt 0.368291 0.895705
vt 0.280493 0.895693
vt 0.368245 0.911842
vt 0.280447 0.911830
vt 0.368245 0.928192
vt 0.280447 0.928180
vt 0.368291 0.944283
vt 0.280493 0.944271
vt 0.368381 0.959653
vt 0.280582 0.959641
vt 0.368512 0.973859
vt 0.280714 0.973847
vt 0.368682 0.986494
vt 0.280883 0.986482
vt 0.099082 0.959004
vt 0.011407 0.959030
vt 0.010805 0.946700
vt 0.098479 0.946674
vt 0.010327 0.932732
vt 0.098002 0.932706
vt 0.009987 0.917529
vt 0.097662 0.917504
vt 0.009795 0.901529
vt 0.097470 0.901503
vt 0.009757 0.885190
vt 0.097431 0.885164
vt 0.009872 0.868984
vt 0.097547 0.868958
vt 0.010139 0.853376
vt 0.097814 0.853350
vt 0.010550 0.838816
vt 0.098224 0.838790
vt 0.098766 0.825697
s 0
usemtl Material_001
f 1/1/1 2/2/1 3/3/1
f 3/3/1 2/2/1 4/4/1
f 3/3/1 4/4/1 5/5/1
f 1/1/1 6/6/1 2/2/1
f 2/2/1 6/6/1 7/7/1
f 2/2/1 7/7/1 8/8/1
f 8/8/1 9/9/1 2/2/1
f 2/2/1 9/9/1 10/10/1
f 2/2/1 10/10/1 11/11/1
f 12/12/1 13/13/1 14/14/1
f 5/5/1 15/15/1 3/3/1
f 3/3/1 15/15/1 16/16/1
f 3/3/1 16/16/1 17/17/1
f 12/12/1 14/14/1 11/11/1
f 11/11/1 14/14/1 18/18/1
f 11/11/1 18/18/1 19/19/1
f 19/19/1 20/20/1 11/11/1
f 11/11/1 20/20/1 21/21/1
f 11/11/1 21/21/1 2/2/1
f 17/17/1 22/22/1 3/3/1
f 3/3/1 22/22/1 23/23/1
f 3/3/1 23/23/1 24/24/1
f 25/25/1 26/26/1 27/27/1
f 24/24/1 28/28/1 3/3/1
f 3/3/1 28/28/1 25/25/1
f 3/3/1 25/25/1 29/29/1
f 29/29/1 25/25/1 27/27/1
f 30/30/2 31/31/2 32/32/2
f 32/32/3 31/31/3 33/33/3
f 32/32/4 33/33/4 34/34/4
f 34/34/5 33/33/5 35/35/5
f 34/34/6 35/35/6 36/36/6
f 37/37/7 38/38/7 39/39/7
f 39/39/8 38/38/8 40/40/8
f 39/39/9 40/40/9 30/30/9
f 30/30/10 40/40/10 41/41/10
f 30/30/11 41/41/11 31/31/11
f 42/42/12 43/43/12 39/39/12
f 39/39/13 43/43/13 44/44/13
f 39/39/14 44/44/14 37/37/14
f 45/45/15 46/46/15 42/42/15
f 42/42/16 46/46/16 47/47/16
f 42/42/17 47/47/17 43/43/17
f 48/48/18 49/49/18 50/50/18
f 50/50/19 49/49/19 51/51/19
f 50/50/20 51/51/20 45/45/20
f 45/45/21 51/51/21 52/52/21
f 45/45/21 52/52/21 46/46/21
f 53/53/22 54/54/22 55/55/22
f 55/55/23 54/54/23 56/56/23
f 55/55/24 56/56/24 50/50/24
f 50/50/25 56/56/25 57/57/25
f 50/50/18 57/57/18 48/48/18
f 58/58/26 59/59/26 60/60/26
f 60/61/27 61/62/27 62/63/27
f 62/63/28 63/64/28 60/61/28
f 60/61/29 63/64/29 64/65/29
f 60/60/30 64/66/30 58/58/30
f 65/67/31 66/68/31 67/69/31
f 67/69/32 66/68/32 68/70/32
f 68/70/33 69/71/33 67/69/33
f 67/72/34 69/73/34 70/74/34
f 67/72/35 70/74/35 71/75/35
f 71/75/36 72/76/36 67/72/36
f 67/72/37 72/76/37 73/77/37
f 67/72/38 73/77/38 55/55/38
f 55/55/39 73/77/39 74/78/39
f 55/55/40 74/78/40 53/53/40
f 75/79/41 76/80/41 77/81/41
f 77/81/42 76/80/42 78/82/42
f 77/81/43 78/82/43 79/83/43
f 79/83/44 78/82/44 80/84/44
f 79/83/45 80/84/45 81/85/45
f 81/85/46 80/84/46 82/86/46
f 81/87/47 82/88/47 60/89/47
f 60/61/48 82/90/48 83/91/48
f 60/61/49 83/91/49 61/62/49
f 84/92/50 85/93/50 86/94/50
f 84/92/51 86/94/51 87/95/51
f 87/95/52 86/94/52 88/96/52
f 87/95/53 88/96/53 89/97/53
f 89/97/54 88/96/54 90/98/54
f 89/97/55 90/98/55 91/99/55
f 91/99/56 90/98/56 92/100/56
f 91/99/57 92/100/57 93/101/57
f 93/101/58 92/100/58 94/102/58
f 93/101/59 94/102/59 95/103/59
f 95/103/60 94/102/60 96/104/60
f 95/103/61 96/104/61 97/105/61
f 97/105/62 96/104/62 98/106/62
f 97/105/63 98/106/63 99/107/63
f 99/107/64 98/106/64 100/108/64
f 99/107/65 100/108/65 101/109/65
f 101/109/66 100/108/66 102/110/66
f 101/109/67 102/110/67 103/111/67
f 103/111/68 102/110/68 104/112/68
f 103/111/69 104/112/69 105/113/69
f 105/113/70 104/112/70 106/114/70
f 105/113/71 106/114/71 107/115/71
f 107/115/72 106/114/72 108/116/72
f 107/115/73 108/116/73 75/79/73
f 75/79/74 108/116/74 109/117/74
f 75/79/75 109/117/75 76/80/75
f 110/118/76 111/119/76 112/120/76
f 85/93/50 84/92/50 112/120/50
f 112/120/77 84/92/77 113/121/77
f 112/120/78 113/121/78 110/118/78
f 114/122/79 115/123/79 116/124/79
f 114/122/80 116/124/80 117/125/80
f 118/126/81 119/127/81 116/124/81
f 116/124/82 119/127/82 120/128/82
f 120/128/83 121/129/83 116/124/83
f 116/124/84 121/129/84 122/130/84
f 116/124/85 122/130/85 117/125/85
f 115/123/86 123/131/86 124/132/86
f 123/131/87 125/133/87 124/132/87
f 124/132/88 125/133/88 126/134/88
f 124/132/89 126/134/89 127/135/89
f 127/135/90 128/136/90 124/132/90
f 124/132/91 128/136/91 129/137/91
f 124/132/92 129/137/92 130/138/92
f 111/119/76 110/118/76 130/139/76
f 130/138/93 110/140/93 131/141/93
f 130/138/94 131/141/94 124/132/94
f 36/36/95 132/142/95 34/34/95
f 34/34/96 132/142/96 133/143/96
f 34/34/97 133/143/97 134/144/97
f 134/144/98 133/143/98 135/145/98
f 134/144/99 135/145/99 136/146/99
f 136/146/100 137/147/100 134/144/100
f 134/144/101 137/147/101 138/148/101
f 134/149/102 138/150/102 116/151/102
f 116/152/103 138/153/103 139/154/103
f 116/152/104 139/154/104 118/155/104
f 115/123/105 124/132/105 116/124/105
f 116/124/106 124/132/106 140/156/106
f 116/124/107 140/156/107 141/157/107
f 140/156/108 142/158/108 141/157/108
f 141/157/109 142/158/109 143/159/109
f 141/157/110 143/159/110 144/160/110
f 143/159/111 145/161/111 144/160/111
f 144/160/112 145/161/112 146/162/112
f 144/160/113 146/162/113 147/163/113
f 146/162/114 148/164/114 147/163/114
f 147/163/115 148/164/115 149/165/115
f 147/163/116 149/165/116 150/166/116
f 149/165/117 151/167/117 150/166/117
f 150/166/118 151/167/118 152/168/118
f 150/166/119 152/168/119 153/169/119
f 152/168/120 154/170/120 153/169/120
f 153/169/121 154/170/121 155/171/121
f 153/169/122 155/171/122 156/172/122
f 155/173/123 157/174/123 156/175/123
f 156/175/124 157/174/124 158/176/124
f 156/175/125 158/176/125 159/177/125
f 158/176/126 160/178/126 159/177/126
f 159/177/127 160/178/127 161/179/127
f 159/177/128 161/179/128 162/180/128
f 161/179/129 163/181/129 162/180/129
f 162/180/130 163/181/130 164/182/130
f 162/180/131 164/182/131 165/183/131
f 164/182/132 166/184/132 165/183/132
f 165/183/133 166/184/133 167/185/133
f 165/183/134 167/185/134 168/186/134
f 167/185/135 169/187/135 168/186/135
f 168/186/136 169/187/136 170/188/136
f 168/186/137 170/188/137 171/189/137
f 170/188/138 172/190/138 171/189/138
f 171/189/139 172/190/139 173/191/139
f 171/189/140 173/191/140 174/192/140
f 173/191/141 175/193/141 174/192/141
f 174/192/142 175/193/142 176/194/142
f 174/192/143 176/194/143 177/195/143
f 176/194/144 178/196/144 177/195/144
f 177/195/145 178/196/145 179/197/145
f 177/195/146 179/197/146 180/198/146
f 179/197/147 181/199/147 180/198/147
f 180/198/148 181/199/148 182/200/148
f 180/201/149 182/202/149 183/203/149
f 182/202/150 184/204/150 183/203/150
f 183/203/151 184/204/151 185/205/151
f 183/203/152 185/205/152 186/206/152
f 185/205/153 187/207/153 186/206/153
f 186/206/154 187/207/154 188/208/154
f 186/206/155 188/208/155 189/209/155
f 188/208/156 190/210/156 189/209/156
f 189/209/157 190/210/157 191/211/157
f 189/209/158 191/211/158 192/212/158
f 191/211/159 193/213/159 192/212/159
f 192/212/160 193/213/160 194/214/160
f 192/212/161 194/214/161 195/215/161
f 59/59/162 65/67/162 60/60/162
f 60/60/163 65/67/163 67/69/163
f 60/216/164 67/217/164 196/218/164
f 196/218/165 67/217/165 195/215/165
f 196/218/166 195/215/166 197/219/166
f 197/219/167 195/215/167 194/214/167
f 198/220/168 199/221/168 200/222/168
f 201/223/169 202/224/169 203/225/169
f 204/226/170 205/227/170 206/228/170
f 206/228/171 205/227/171 207/229/171
f 206/228/172 207/229/172 208/230/172
f 208/230/173 209/231/173 206/228/173
f 206/228/174 209/231/174 210/232/174
f 206/228/175 210/232/175 211/233/175
f 211/233/176 212/234/176 206/228/176
f 206/228/177 212/234/177 213/235/177
f 206/228/178 213/235/178 214/236/178
f 215/237/179 216/238/179 204/226/179
f 204/226/180 216/238/180 217/239/180
f 204/226/181 217/239/181 205/227/181
f 218/240/182 219/241/182 204/226/182
f 204/226/183 219/241/183 220/242/183
f 204/226/184 220/242/184 215/237/184
f 221/243/185 222/244/185 218/240/185
f 218/240/186 222/244/186 223/245/186
f 218/240/187 223/245/187 219/241/187
f 224/246/188 225/247/188 226/248/188
f 226/248/188 225/247/188 227/249/188
f 226/248/189 227/249/189 218/240/189
f 218/240/190 227/249/190 228/250/190
f 218/240/191 228/250/191 221/243/191
f 229/251/192 230/252/192 231/253/192
f 231/253/193 232/254/193 229/251/193
f 229/251/194 232/254/194 233/255/194
f 229/251/195 233/255/195 226/256/195
f 226/256/196 233/255/196 234/257/196
f 226/248/197 234/258/197 224/246/197
f 235/259/198 236/260/198 237/261/198
f 237/261/199 236/260/199 238/262/199
f 237/261/200 238/262/200 230/252/200
f 230/252/201 238/262/201 239/263/201
f 230/252/202 239/263/202 231/253/202
f 240/264/203 241/265/203 242/266/203
f 242/266/204 241/265/204 243/267/204
f 242/266/205 243/267/205 235/259/205
f 235/259/206 243/267/206 244/268/206
f 235/259/207 244/268/207 236/260/207
f 240/264/208 242/266/208 245/269/208
f 245/269/209 242/266/209 246/270/209
f 245/269/210 246/270/210 247/271/210
f 247/271/211 246/270/211 248/272/211
f 247/271/212 248/272/212 249/273/212
f 250/274/213 251/275/213 248/272/213
f 248/272/214 251/275/214 252/276/214
f 248/272/215 252/276/215 249/273/215
f 253/277/216 254/278/216 255/279/216
f 255/279/217 256/280/217 253/277/217
f 253/277/218 256/280/218 257/281/218
f 253/277/219 257/281/219 250/282/219
f 250/282/220 257/281/220 258/283/220
f 250/282/221 258/283/221 251/284/221
f 259/285/222 260/286/222 261/287/222
f 261/287/223 262/288/223 259/285/223
f 259/285/224 262/288/224 263/289/224
f 259/285/225 263/289/225 254/278/225
f 254/278/226 263/289/226 264/290/226
f 254/278/227 264/290/227 255/279/227
f 265/291/228 266/292/228 267/293/228
f 267/293/229 268/294/229 265/291/229
f 265/291/230 268/294/230 269/295/230
f 265/291/231 269/295/231 260/286/231
f 260/286/232 269/295/232 270/296/232
f 260/286/233 270/296/233 261/287/233
f 202/224/169 271/297/169 203/225/169
f 203/225/234 271/297/234 272/298/234
f 203/225/235 272/298/235 273/299/235
f 273/299/236 272/298/236 274/300/236
f 273/301/237 274/302/237 266/292/237
f 266/292/238 274/302/238 275/303/238
f 266/292/239 275/303/239 267/293/239
f 276/304/240 277/305/240 278/306/240
f 278/306/241 279/307/241 276/304/241
f 276/304/242 279/307/242 280/308/242
f 276/304/243 280/308/243 203/225/243
f 203/225/244 280/308/244 281/309/244
f 203/225/245 281/309/245 201/223/245
f 282/310/246 283/311/246 284/312/246
f 284/312/247 283/311/247 285/313/247
f 282/310/248 286/314/248 283/311/248
f 283/311/249 286/314/249 287/315/249
f 283/311/250 287/315/250 276/304/250
f 276/304/251 287/315/251 288/316/251
f 276/304/251 288/316/251 277/305/251
f 289/317/252 290/318/252 291/319/252
f 290/318/253 292/320/253 291/319/253
f 291/319/254 292/320/254 293/321/254
f 291/319/255 293/321/255 294/322/255
f 294/322/256 295/323/256 291/319/256
f 291/319/257 295/323/257 296/324/257
f 291/319/258 296/324/258 283/311/258
f 283/311/259 296/324/259 297/325/259
f 283/311/260 297/325/260 285/313/260
f 291/319/261 298/326/261 299/327/261
f 300/328/262 289/317/262 301/329/262
f 301/329/263 289/317/263 291/319/263
f 301/329/264 291/319/264 302/330/264
f 302/330/265 291/319/265 299/327/265
f 200/222/266 199/221/266 303/331/266
f 199/221/267 304/332/267 303/331/267
f 303/331/268 304/332/268 305/333/268
f 303/331/269 305/333/269 298/326/269
f 298/326/270 305/333/270 306/334/270
f 298/326/271 306/334/271 299/327/271
f 307/335/272 308/336/272 309/337/272
f 309/337/273 308/336/273 310/338/273
f 309/339/274 310/340/274 200/341/274
f 200/342/275 310/338/275 311/343/275
f 200/222/276 311/344/276 198/220/276
f 312/345/277 313/346/277 307/335/277
f 307/335/278 313/346/278 314/347/278
f 307/335/279 314/347/279 308/336/279
f 315/348/280 316/349/280 317/350/280
f 317/350/281 316/349/281 318/351/281
f 317/350/282 318/351/282 312/345/282
f 312/345/283 318/351/283 319/352/283
f 312/345/283 319/352/283 313/346/283
f 315/348/280 317/350/280 320/353/280
f 320/353/284 317/350/284 206/228/284
f 320/353/285 206/228/285 321/354/285
f 321/354/286 206/228/286 214/236/286
f 321/354/287 214/236/287 322/355/287
f 323/356/288 324/357/288 325/358/288
f 325/358/288 324/357/288 326/359/288
f 325/358/288 326/359/288 327/360/288
f 327/360/288 326/359/288 328/361/288
f 327/360/288 328/361/288 329/362/288
f 329/362/288 328/361/288 330/363/288
f 329/362/288 330/363/288 331/364/288
f 331/364/288 330/363/288 332/365/288
f 331/364/288 332/365/288 333/366/288
f 333/366/288 332/365/288 334/367/288
f 333/366/288 334/367/288 335/368/288
f 335/368/288 334/367/288 336/369/288
f 335/368/288 336/369/288 337/370/288
f 337/370/288 336/369/288 338/371/288
f 337/370/288 338/371/288 339/372/288
f 339/372/288 338/371/288 340/373/288
f 339/372/288 340/373/288 341/374/288
f 341/374/288 340/373/288 342/375/288
f 341/374/288 342/375/288 343/376/288
f 343/376/288 342/375/288 344/377/288
f 343/376/288 344/377/288 345/378/288
f 345/378/288 344/377/288 346/379/288
f 345/378/288 346/379/288 347/380/288
f 347/380/288 346/379/288 348/381/288
f 347/380/288 348/381/288 349/382/288
f 349/382/288 348/381/288 350/383/288
f 349/382/288 350/383/288 351/384/288
f 351/384/288 350/383/288 352/385/288
f 351/384/288 352/385/288 353/386/288
f 353/386/288 352/385/288 354/387/288
f 353/386/288 354/387/288 355/388/288
f 355/388/288 354/387/288 356/389/288
f 355/388/288 356/389/288 357/390/288
f 357/390/288 356/389/288 358/391/288
f 357/390/288 358/391/288 359/392/288
f 359/392/288 358/391/288 360/393/288
f 359/392/288 360/393/288 361/394/288
f 361/394/288 360/393/288 362/395/288
f 361/394/288 362/395/288 363/396/288
f 363/396/288 362/395/288 364/397/288
f 363/396/288 364/397/288 365/398/288
f 365/398/288 364/397/288 366/399/288
f 365/398/288 366/399/288 367/400/288
f 367/400/288 366/399/288 368/401/288
f 367/400/288 368/401/288 369/402/288
f 369/402/288 368/401/288 370/403/288
f 369/402/288 370/403/288 371/404/288
f 371/404/288 370/403/288 372/405/288
f 371/404/288 372/405/288 373/406/288
f 373/406/288 372/405/288 374/407/288
f 373/406/288 374/407/288 375/408/288
f 375/408/288 374/407/288 376/409/288
f 375/408/288 376/409/288 377/410/288
f 377/410/288 376/409/288 378/411/288
f 377/410/288 378/411/288 379/412/288
f 379/412/288 378/411/288 323/356/288
f 379/412/288 323/356/288 325/358/288
f 380/413/289 381/414/289 382/415/289
f 382/416/290 381/417/290 383/418/290
f 382/416/290 383/418/290 384/419/290
f 384/419/291 383/418/291 385/420/291
f 384/419/291 385/420/291 386/421/291
f 386/421/292 385/420/292 387/422/292
f 386/421/292 387/422/292 388/423/292
f 388/423/293 387/422/293 389/424/293
f 388/423/293 389/424/293 390/425/293
f 390/425/294 389/424/294 391/426/294
f 390/425/294 391/426/294 392/427/294
f 392/427/295 391/426/295 393/428/295
f 392/427/295 393/428/295 394/429/295
f 394/429/296 393/428/296 395/430/296
f 394/429/296 395/430/296 396/431/296
f 396/432/297 395/433/297 397/434/297
f 396/432/297 397/434/297 398/435/297
f 398/435/298 397/434/298 399/436/298
f 398/435/298 399/436/298 400/437/298
f 400/437/299 399/436/299 401/438/299
f 400/437/299 401/438/299 402/439/299
f 402/439/300 401/438/300 403/440/300
f 402/439/300 403/440/300 404/441/300
f 404/441/301 403/440/301 405/442/301
f 404/441/301 405/442/301 406/443/301
f 406/443/302 405/442/302 407/444/302
f 406/443/302 407/444/302 408/445/302
f 408/445/303 407/444/303 409/446/303
f 408/445/303 409/446/303 410/447/303
f 410/448/304 409/449/304 411/450/304
f 410/448/304 411/450/304 412/451/304
f 412/451/305 411/450/305 413/452/305
f 412/451/305 413/452/305 414/453/305
f 414/453/306 413/452/306 415/454/306
f 414/453/306 415/454/306 416/455/306
f 416/455/307 415/454/307 417/456/307
f 416/455/307 417/456/307 418/457/307
f 418/457/308 417/456/308 419/458/308
f 418/457/308 419/458/308 420/459/308
f 420/459/309 419/458/309 421/460/309
f 420/459/309 421/460/309 422/461/309
f 422/461/310 421/460/310 423/462/310
f 422/461/310 423/462/310 424/463/310
f 424/464/311 423/465/311 425/466/311
f 424/464/311 425/466/311 426/467/311
f 426/467/312 425/466/312 427/468/312
f 426/467/312 427/468/312 428/469/312
f 428/469/313 427/468/313 429/470/313
f 428/469/313 429/470/313 430/471/313
f 430/471/206 429/470/206 431/472/206
f 430/471/206 431/472/206 432/473/206
f 432/473/314 431/472/314 433/474/314
f 432/473/314 433/474/314 434/475/314
f 434/475/315 433/474/315 435/476/315
f 434/475/315 435/476/315 380/413/315
f 380/413/289 435/476/289 381/414/289
f 436/477/316 437/478/316 438/479/316
f 438/479/317 437/478/317 439/480/317
f 439/481/318 440/482/318 438/483/318
f 438/483/319 440/482/319 441/484/319
f 438/483/320 441/484/320 442/485/320
f 443/486/321 444/487/321 445/488/321
f 445/488/322 446/489/322 443/486/322
f 443/486/323 446/489/323 447/490/323
f 443/486/324 447/490/324 438/479/324
f 438/479/325 447/490/325 448/491/325
f 438/479/326 448/491/326 436/477/326
f 449/492/327 450/493/327 451/494/327
f 451/494/328 450/493/328 452/495/328
f 449/492/329 453/496/329 450/493/329
f 450/493/330 453/496/330 454/497/330
f 450/493/331 454/497/331 455/498/331
f 455/498/332 456/499/332 450/493/332
f 450/493/333 456/499/333 457/500/333
f 450/493/334 457/500/334 443/486/334
f 443/486/335 457/500/335 458/501/335
f 443/486/336 458/501/336 444/487/336
f 459/502/337 460/503/337 461/504/337
f 462/505/338 463/506/338 464/507/338
f 465/508/339 452/495/339 466/509/339
f 466/509/340 452/495/340 450/493/340
f 466/509/341 450/493/341 467/510/341
f 467/510/342 450/493/342 443/486/342
f 467/511/343 443/512/343 468/513/343
f 468/513/344 443/512/344 438/483/344
f 469/514/345 465/508/345 470/515/345
f 470/515/346 465/508/346 466/509/346
f 470/515/347 466/509/347 464/516/347
f 464/516/348 466/509/348 467/510/348
f 464/507/349 467/511/349 462/505/349
f 462/505/350 467/511/350 468/513/350
f 471/517/351 469/514/351 472/518/351
f 472/518/352 469/514/352 470/515/352
f 472/519/353 470/520/353 461/504/353
f 461/504/354 470/520/354 464/507/354
f 461/504/355 464/507/355 459/502/355
f 459/502/356 464/507/356 463/506/356
f 473/521/147 474/522/147 475/523/147
f 475/523/147 474/522/147 438/483/147
f 475/523/147 438/483/147 442/485/147
f 476/524/357 477/525/357 478/526/357
f 322/355/358 214/236/358 479/527/358
f 479/527/359 214/236/359 478/526/359
f 479/527/360 478/526/360 480/528/360
f 480/528/361 478/526/361 477/525/361
f 481/529/362 482/530/362 483/531/362
f 482/530/363 484/532/363 483/531/363
f 483/531/364 484/532/364 485/533/364
f 483/531/365 485/533/365 478/526/365
f 478/526/366 485/533/366 486/534/366
f 478/526/367 486/534/367 476/524/367
f 487/535/368 488/536/368 483/537/368
f 483/537/369 488/536/369 489/538/369
f 483/537/369 489/538/369 481/539/369
f 490/540/370 491/541/370 492/542/370
f 492/542/371 493/543/371 490/540/371
f 490/540/372 493/543/372 494/544/372
f 490/540/373 494/544/373 483/537/373
f 483/537/374 494/544/374 495/545/374
f 483/537/375 495/545/375 487/535/375
f 496/546/376 497/547/376 498/548/376
f 498/548/377 497/547/377 499/549/377
f 498/548/378 499/549/378 490/540/378
f 490/540/379 499/549/379 500/550/379
f 490/540/380 500/550/380 491/541/380
f 451/494/381 501/551/381 502/552/381
f 502/552/382 501/551/382 503/553/382
f 503/553/383 504/554/383 502/552/383
f 502/552/384 504/554/384 505/555/384
f 502/552/385 505/555/385 498/548/385
f 498/548/386 505/555/386 506/556/386
f 498/548/387 506/556/387 496/546/387
f 205/227/388 217/239/388 507/557/388
f 457/500/389 456/499/389 508/558/389
f 449/492/390 451/494/390 509/559/390
f 509/559/391 451/494/391 502/552/391
f 509/559/392 502/552/392 510/560/392
f 510/560/393 502/552/393 498/548/393
f 510/560/394 498/548/394 511/561/394
f 511/561/395 498/548/395 490/540/395
f 511/561/396 490/540/396 512/562/396
f 512/562/397 490/540/397 483/537/397
f 512/563/398 483/531/398 513/564/398
f 513/564/399 483/531/399 478/526/399
f 513/564/400 478/526/400 213/235/400
f 213/235/401 478/526/401 214/236/401
f 453/496/402 449/492/402 514/565/402
f 514/565/403 449/492/403 509/559/403
f 514/565/404 509/559/404 515/566/404
f 515/566/405 509/559/405 510/560/405
f 515/566/406 510/560/406 516/567/406
f 516/567/407 510/560/407 511/561/407
f 516/567/408 511/561/408 517/568/408
f 517/568/409 511/561/409 512/562/409
f 517/569/410 512/563/410 518/570/410
f 518/570/411 512/563/411 513/564/411
f 518/570/412 513/564/412 212/234/412
f 212/234/413 513/564/413 213/235/413
f 454/497/414 453/496/414 519/571/414
f 519/571/415 453/496/415 514/565/415
f 519/571/416 514/565/416 520/572/416
f 520/572/417 514/565/417 515/566/417
f 520/572/418 515/566/418 521/573/418
f 521/573/419 515/566/419 516/567/419
f 521/573/420 516/567/420 522/574/420
f 522/574/421 516/567/421 517/568/421
f 522/575/422 517/569/422 523/576/422
f 523/576/423 517/569/423 518/570/423
f 523/576/424 518/570/424 211/233/424
f 211/233/425 518/570/425 212/234/425
f 455/498/426 454/497/426 524/577/426
f 524/577/427 454/497/427 519/571/427
f 524/577/428 519/571/428 525/578/428
f 525/578/429 519/571/429 520/572/429
f 525/578/430 520/572/430 526/579/430
f 526/579/431 520/572/431 521/573/431
f 526/579/432 521/573/432 527/580/432
f 527/580/433 521/573/433 522/574/433
f 527/581/434 522/575/434 528/582/434
f 528/582/435 522/575/435 523/576/435
f 528/582/436 523/576/436 210/232/436
f 210/232/437 523/576/437 211/233/437
f 456/499/438 455/498/438 508/558/438
f 508/558/439 455/498/439 524/577/439
f 508/558/440 524/577/440 529/583/440
f 529/583/441 524/577/441 525/578/441
f 529/583/442 525/578/442 530/584/442
f 530/584/443 525/578/443 526/579/443
f 530/584/444 526/579/444 531/585/444
f 531/585/445 526/579/445 527/580/445
f 531/586/446 527/581/446 532/587/446
f 532/587/446 527/581/446 528/582/446
f 532/587/447 528/582/447 209/231/447
f 209/231/448 528/582/448 210/232/448
f 458/501/449 457/500/449 533/588/449
f 533/588/450 457/500/450 508/558/450
f 533/588/451 508/558/451 534/589/451
f 534/589/452 508/558/452 529/583/452
f 534/589/453 529/583/453 535/590/453
f 535/590/454 529/583/454 530/584/454
f 535/590/455 530/584/455 536/591/455
f 536/591/456 530/584/456 531/585/456
f 536/592/457 531/586/457 537/593/457
f 537/593/458 531/586/458 532/587/458
f 537/593/459 532/587/459 208/230/459
f 208/230/460 532/587/460 209/231/460
f 444/487/461 458/501/461 538/594/461
f 538/594/462 458/501/462 533/588/462
f 538/594/463 533/588/463 539/595/463
f 539/595/464 533/588/464 534/589/464
f 539/595/465 534/589/465 540/596/465
f 540/596/466 534/589/466 535/590/466
f 540/596/467 535/590/467 541/597/467
f 541/597/468 535/590/468 536/591/468
f 541/598/469 536/592/469 542/599/469
f 542/599/470 536/592/470 537/593/470
f 542/599/471 537/593/471 207/229/471
f 207/229/472 537/593/472 208/230/472
f 445/488/473 444/487/473 543/600/473
f 543/600/474 444/487/474 538/594/474
f 543/600/475 538/594/475 544/601/475
f 544/601/476 538/594/476 539/595/476
f 544/601/477 539/595/477 545/602/477
f 545/602/478 539/595/478 540/596/478
f 545/602/479 540/596/479 546/603/479
f 546/603/480 540/596/480 541/597/480
f 546/604/481 541/598/481 507/557/481
f 507/557/482 541/598/482 542/599/482
f 507/557/483 542/599/483 205/227/483
f 205/227/484 542/599/484 207/229/484
f 217/239/485 216/238/485 507/557/485
f 507/557/486 216/238/486 547/605/486
f 507/557/487 547/605/487 546/604/487
f 546/604/488 547/605/488 548/606/488
f 546/603/489 548/607/489 545/602/489
f 545/602/490 548/607/490 549/608/490
f 545/602/491 549/608/491 544/601/491
f 544/601/492 549/608/492 550/609/492
f 544/601/493 550/609/493 543/600/493
f 543/600/494 550/609/494 551/610/494
f 543/600/495 551/610/495 445/488/495
f 448/491/496 447/490/496 551/610/496
f 551/610/497 447/490/497 446/489/497
f 551/610/498 446/489/498 445/488/498
f 552/611/499 215/237/499 220/242/499
f 553/612/500 552/611/500 554/613/500
f 555/614/501 553/615/501 556/616/501
f 557/617/502 555/614/502 558/618/502
f 559/619/503 557/617/503 560/620/503
f 552/611/504 220/242/504 554/613/504
f 554/613/505 220/242/505 219/241/505
f 554/613/506 219/241/506 561/621/506
f 219/241/507 223/245/507 561/621/507
f 561/621/508 223/245/508 222/244/508
f 561/621/509 222/244/509 562/622/509
f 562/622/510 222/244/510 221/243/510
f 562/622/511 221/243/511 563/623/511
f 563/623/512 221/243/512 228/250/512
f 563/623/513 228/250/513 564/624/513
f 564/624/514 228/250/514 227/249/514
f 564/624/515 227/249/515 565/625/515
f 553/612/516 554/613/516 556/626/516
f 556/626/517 554/613/517 561/621/517
f 556/626/518 561/621/518 566/627/518
f 566/627/519 561/621/519 562/622/519
f 566/627/520 562/622/520 567/628/520
f 567/628/521 562/622/521 563/623/521
f 567/628/522 563/623/522 568/629/522
f 568/629/523 563/623/523 564/624/523
f 568/629/524 564/624/524 569/630/524
f 569/630/525 564/624/525 565/625/525
f 569/630/526 565/625/526 570/631/526
f 555/632/527 556/626/527 558/633/527
f 558/633/528 556/626/528 566/627/528
f 558/633/529 566/627/529 571/634/529
f 571/634/530 566/627/530 567/628/530
f 571/634/531 567/628/531 572/635/531
f 572/635/532 567/628/532 568/629/532
f 572/635/533 568/629/533 573/636/533
f 573/636/534 568/629/534 569/630/534
f 573/636/535 569/630/535 574/637/535
f 574/637/536 569/630/536 570/631/536
f 574/638/537 570/639/537 575/640/537
f 557/617/538 558/618/538 560/620/538
f 560/620/539 558/618/539 571/641/539
f 560/620/540 571/641/540 576/642/540
f 576/642/541 571/641/541 572/643/541
f 576/642/542 572/643/542 577/644/542
f 577/644/543 572/643/543 573/645/543
f 577/644/544 573/645/544 578/646/544
f 578/646/545 573/645/545 574/638/545
f 578/646/546 574/638/546 579/647/546
f 579/647/547 574/638/547 575/640/547
f 579/648/548 575/649/548 580/650/548
f 559/619/549 560/620/549 581/651/549
f 581/651/550 560/620/550 576/642/550
f 581/651/551 576/642/551 582/652/551
f 582/652/552 576/642/552 577/644/552
f 582/652/553 577/644/553 583/653/553
f 583/653/554 577/644/554 578/646/554
f 583/653/555 578/646/555 584/654/555
f 584/654/556 578/646/556 579/647/556
f 584/654/557 579/647/557 585/655/557
f 585/655/558 579/647/558 580/656/558
f 585/655/559 580/656/559 586/657/559
f 216/238/560 215/237/560 547/605/560
f 547/605/561 215/237/561 552/611/561
f 547/605/562 552/611/562 548/606/562
f 548/606/563 552/611/563 553/612/563
f 548/607/564 553/615/564 549/608/564
f 549/608/565 553/615/565 555/614/565
f 549/608/566 555/614/566 550/609/566
f 550/609/567 555/614/567 557/617/567
f 550/609/568 557/617/568 551/610/568
f 551/610/569 557/617/569 559/619/569
f 551/610/570 559/619/570 448/491/570
f 448/491/571 559/619/571 581/651/571
f 448/491/572 581/651/572 436/477/572
f 436/477/573 581/651/573 582/652/573
f 436/477/574 582/652/574 437/478/574
f 437/478/575 582/652/575 583/653/575
f 437/478/576 583/653/576 439/480/576
f 439/480/577 583/653/577 584/654/577
f 439/481/578 584/658/578 440/482/578
f 440/659/579 584/654/579 585/655/579
f 440/482/580 585/660/580 441/484/580
f 441/661/581 585/655/581 586/657/581
f 441/484/582 586/662/582 442/485/582
f 438/483/583 474/522/583 468/513/583
f 468/513/584 474/522/584 587/663/584
f 468/513/585 587/663/585 462/505/585
f 462/505/586 587/663/586 588/664/586
f 462/505/587 588/664/587 463/506/587
f 463/506/588 588/664/588 589/665/588
f 463/506/589 589/665/589 459/502/589
f 590/666/590 460/503/590 591/667/590
f 591/667/591 460/503/591 459/502/591
f 591/667/592 459/502/592 592/668/592
f 592/668/592 459/502/592 589/665/592
f 593/669/593 594/670/593 471/517/593
f 471/517/593 594/670/593 595/671/593
f 471/517/593 595/671/593 469/514/593
f 469/514/593 595/671/593 596/672/593
f 469/514/593 596/672/593 465/508/593
f 465/508/593 596/672/593 501/551/593
f 465/508/593 501/551/593 452/495/593
f 452/495/593 501/551/593 451/494/593
f 593/669/594 471/517/594 597/673/594
f 597/674/595 471/675/595 472/676/595
f 597/677/596 472/678/596 598/679/596
f 598/679/597 472/678/597 599/680/597
f 599/681/598 472/519/598 461/504/598
f 599/681/599 461/504/599 600/682/599
f 600/682/600 461/504/600 601/683/600
f 601/683/601 461/504/601 460/503/601
f 601/683/602 460/503/602 602/684/602
f 603/685/603 322/355/603 479/527/603
f 604/686/604 603/685/604 605/687/604
f 603/685/605 479/527/605 605/687/605
f 605/687/606 479/527/606 480/528/606
f 605/687/607 480/528/607 606/688/607
f 606/688/608 480/528/608 477/525/608
f 606/688/609 477/525/609 607/689/609
f 607/689/610 477/525/610 476/524/610
f 607/689/611 476/524/611 608/690/611
f 608/690/612 476/524/612 486/534/612
f 608/690/613 486/534/613 609/691/613
f 486/534/614 485/533/614 609/691/614
f 609/691/615 485/533/615 484/532/615
f 609/691/616 484/532/616 610/692/616
f 610/692/617 484/532/617 482/530/617
f 610/692/618 482/530/618 611/693/618
f 611/694/619 482/695/619 481/696/619
f 611/693/620 481/529/620 612/697/620
f 612/698/621 481/539/621 489/538/621
f 612/698/622 489/538/622 613/699/622
f 489/538/623 488/536/623 613/699/623
f 613/699/624 488/536/624 487/535/624
f 613/699/625 487/535/625 614/700/625
f 614/700/626 487/535/626 495/545/626
f 614/700/627 495/545/627 615/701/627
f 615/701/628 495/545/628 494/544/628
f 615/701/629 494/544/629 616/702/629
f 617/703/630 72/704/630 618/705/630
f 618/705/631 72/704/631 71/706/631
f 618/705/632 71/706/632 619/707/632
f 619/707/633 71/706/633 70/708/633
f 619/707/634 70/708/634 620/709/634
f 620/709/635 70/708/635 69/710/635
f 620/709/636 69/710/636 621/711/636
f 621/711/637 69/710/637 68/712/637
f 621/711/638 68/712/638 622/713/638
f 622/713/639 68/712/639 66/714/639
f 622/713/640 66/714/640 623/715/640
f 623/715/641 66/714/641 65/716/641
f 623/715/642 65/716/642 624/717/642
f 624/718/643 65/67/643 59/59/643
f 624/718/644 59/59/644 625/719/644
f 625/719/645 59/59/645 58/58/645
f 625/719/646 58/58/646 626/720/646
f 626/720/647 58/58/647 64/66/647
f 626/720/648 64/66/648 627/721/648
f 627/721/649 64/66/649 63/722/649
f 627/721/650 63/722/650 628/723/650
f 628/723/651 63/722/651 62/724/651
f 628/723/652 62/724/652 629/725/652
f 629/725/653 62/724/653 61/726/653
f 629/725/654 61/726/654 630/727/654
f 630/727/655 61/726/655 83/728/655
f 630/727/656 83/728/656 631/729/656
f 631/729/657 83/728/657 82/730/657
f 631/729/658 82/730/658 604/686/658
f 494/544/659 493/543/659 616/702/659
f 616/702/660 493/543/660 492/542/660
f 616/702/661 492/542/661 632/731/661
f 632/731/662 492/542/662 491/541/662
f 632/731/663 491/541/663 633/732/663
f 633/732/664 491/541/664 500/550/664
f 633/732/665 500/550/665 634/733/665
f 634/733/666 500/550/666 499/549/666
f 634/733/667 499/549/667 635/734/667
f 504/554/668 636/735/668 505/555/668
f 505/555/669 636/735/669 637/736/669
f 505/555/670 637/736/670 506/556/670
f 506/556/671 637/736/671 638/737/671
f 506/556/672 638/737/672 496/546/672
f 496/546/673 638/737/673 635/734/673
f 496/546/674 635/734/674 497/547/674
f 497/547/675 635/734/675 499/549/675
f 604/686/676 605/687/676 631/729/676
f 631/729/677 605/687/677 606/688/677
f 631/729/678 606/688/678 630/727/678
f 630/727/679 606/688/679 607/689/679
f 630/727/680 607/689/680 629/725/680
f 629/725/681 607/689/681 608/690/681
f 629/725/682 608/690/682 628/723/682
f 628/723/683 608/690/683 609/691/683
f 628/723/684 609/691/684 627/721/684
f 627/721/685 609/691/685 610/692/685
f 627/721/686 610/692/686 626/720/686
f 626/720/687 610/692/687 611/693/687
f 626/720/688 611/693/688 625/719/688
f 625/719/689 611/693/689 612/697/689
f 625/719/690 612/697/690 624/718/690
f 624/717/691 612/698/691 613/699/691
f 624/717/692 613/699/692 623/715/692
f 623/715/693 613/699/693 614/700/693
f 623/715/694 614/700/694 622/713/694
f 622/713/695 614/700/695 615/701/695
f 622/713/696 615/701/696 621/711/696
f 621/711/697 615/701/697 616/702/697
f 621/711/698 616/702/698 620/709/698
f 620/709/699 616/702/699 632/731/699
f 620/709/700 632/731/700 619/707/700
f 619/707/701 632/731/701 633/732/701
f 619/707/702 633/732/702 618/705/702
f 618/705/703 633/732/703 634/733/703
f 618/705/704 634/733/704 617/703/704
f 617/703/705 634/733/705 635/734/705
f 617/703/706 635/734/706 639/738/706
f 639/738/707 635/734/707 638/737/707
f 639/738/708 638/737/708 640/739/708
f 640/739/709 638/737/709 637/736/709
f 640/739/710 637/736/710 641/740/710
f 641/740/711 637/736/711 636/735/711
f 641/740/712 636/735/712 642/741/712
f 48/48/713 57/57/713 642/742/713
f 642/742/714 57/57/714 56/56/714
f 642/742/715 56/56/715 641/743/715
f 641/743/716 56/56/716 54/54/716
f 641/743/717 54/54/717 640/744/717
f 640/744/718 54/54/718 53/53/718
f 640/744/719 53/53/719 639/745/719
f 639/738/720 53/746/720 74/747/720
f 639/738/721 74/747/721 617/703/721
f 617/703/722 74/747/722 73/748/722
f 617/703/723 73/748/723 72/704/723
f 49/49/724 48/48/724 643/749/724
f 643/749/725 48/48/725 642/742/725
f 643/750/726 642/741/726 644/751/726
f 644/751/727 642/741/727 636/735/727
f 644/751/728 636/735/728 503/553/728
f 503/553/729 636/735/729 504/554/729
f 51/51/730 49/49/730 645/752/730
f 645/752/731 49/49/731 643/749/731
f 645/753/732 643/750/732 646/754/732
f 646/754/733 643/750/733 644/751/733
f 646/754/734 644/751/734 501/551/734
f 501/551/735 644/751/735 503/553/735
f 225/247/736 224/246/736 647/755/736
f 565/625/737 227/249/737 225/247/737
f 565/625/737 225/247/737 570/631/737
f 570/631/738 225/247/738 647/755/738
f 570/631/739 647/755/739 575/649/739
f 575/649/740 647/755/740 648/756/740
f 575/649/741 648/756/741 580/650/741
f 475/523/742 442/485/742 648/757/742
f 648/757/743 442/485/743 586/662/743
f 648/757/743 586/662/743 580/758/743
f 649/521/744 475/523/744 650/759/744
f 650/759/745 475/523/745 648/757/745
f 650/760/746 648/761/746 651/762/746
f 651/762/747 648/761/747 647/763/747
f 651/762/748 647/763/748 652/764/748
f 652/764/749 647/763/749 224/765/749
f 653/522/750 654/521/750 655/766/750
f 653/522/751 655/766/751 656/767/751
f 656/767/752 655/766/752 657/768/752
f 656/767/753 657/768/753 658/769/753
f 658/769/754 657/768/754 659/770/754
f 658/771/755 659/772/755 660/773/755
f 660/773/756 659/772/756 661/774/756
f 660/773/757 661/774/757 662/775/757
f 662/775/758 661/774/758 663/776/758
f 662/775/759 663/776/759 664/777/759
f 664/777/760 663/776/760 665/778/760
f 664/777/761 665/778/761 666/779/761
f 666/779/762 665/778/762 667/780/762
f 666/779/763 667/780/763 668/781/763
f 668/781/764 667/780/764 669/782/764
f 668/781/765 669/782/765 670/783/765
f 670/783/766 669/782/766 671/784/766
f 670/783/767 671/784/767 672/785/767
f 671/784/768 673/786/768 672/785/768
f 672/785/769 673/786/769 674/787/769
f 672/785/770 674/787/770 675/788/770
f 675/788/771 674/787/771 676/789/771
f 675/790/772 676/791/772 677/792/772
f 677/792/773 676/791/773 678/793/773
f 677/792/774 678/793/774 679/794/774
f 679/794/775 678/793/775 680/795/775
f 679/794/776 680/795/776 681/796/776
f 681/796/777 680/795/777 682/797/777
f 681/796/778 682/797/778 683/798/778
f 683/798/779 682/797/779 684/799/779
f 683/798/776 684/799/776 685/800/776
f 685/800/780 684/799/780 686/801/780
f 685/802/781 686/803/781 687/804/781
f 687/804/782 686/803/782 688/805/782
f 687/804/783 688/805/783 689/806/783
f 689/806/784 688/805/784 690/807/784
f 689/806/785 690/807/785 691/808/785
f 691/808/786 690/807/786 692/809/786
f 691/808/787 692/809/787 693/810/787
f 693/810/788 692/809/788 694/811/788
f 693/810/789 694/811/789 695/812/789
f 695/812/790 694/811/790 696/813/790
f 695/812/791 696/813/791 697/814/791
f 697/814/792 696/813/792 698/815/792
f 697/814/793 698/815/793 699/816/793
f 699/816/794 698/815/794 700/817/794
f 699/816/795 700/817/795 701/818/795
f 701/818/796 700/817/796 702/819/796
f 701/818/797 702/819/797 703/820/797
f 704/821/798 705/822/798 706/823/798
f 706/823/799 705/822/799 707/824/799
f 706/823/800 707/824/800 708/825/800
f 708/825/801 707/824/801 709/826/801
f 708/825/802 709/826/802 710/827/802
f 710/828/803 709/829/803 703/820/803
f 710/828/804 703/820/804 711/830/804
f 711/830/805 703/820/805 702/819/805
f 712/831/806 713/832/806 706/833/806
f 714/834/807 712/831/807 715/835/807
f 272/298/808 714/836/808 716/837/808
f 712/831/806 706/833/806 715/835/806
f 715/835/809 706/833/809 708/838/809
f 715/835/809 708/838/809 717/839/809
f 717/839/810 708/838/810 710/828/810
f 717/839/810 710/828/810 718/840/810
f 718/840/811 710/828/811 711/830/811
f 718/840/811 711/830/811 719/841/811
f 719/841/812 711/830/812 702/819/812
f 719/841/812 702/819/812 720/842/812
f 720/842/813 702/819/813 700/817/813
f 720/842/813 700/817/813 721/843/813
f 721/843/814 700/817/814 698/815/814
f 721/843/814 698/815/814 722/844/814
f 722/844/815 698/815/815 696/813/815
f 722/844/815 696/813/815 723/845/815
f 723/845/816 696/813/816 694/811/816
f 723/845/816 694/811/816 724/846/816
f 724/846/817 694/811/817 692/809/817
f 724/846/817 692/809/817 725/847/817
f 725/847/818 692/809/818 690/807/818
f 725/847/818 690/807/818 726/848/818
f 726/848/819 690/807/819 688/805/819
f 726/848/819 688/805/819 727/849/819
f 727/849/820 688/805/820 686/803/820
f 727/849/820 686/803/820 728/850/820
f 728/850/821 686/803/821 684/851/821
f 728/850/821 684/851/821 729/852/821
f 729/852/822 684/851/822 730/853/822
f 729/852/822 730/853/822 731/854/822
f 731/855/823 730/856/823 680/857/823
f 731/855/823 680/857/823 732/858/823
f 732/858/824 680/857/824 678/859/824
f 732/858/824 678/859/824 733/860/824
f 733/860/825 678/859/825 676/789/825
f 733/860/825 676/789/825 734/861/825
f 734/861/826 676/789/826 674/787/826
f 734/861/826 674/787/826 735/862/826
f 735/862/827 674/787/827 673/786/827
f 735/862/827 673/786/827 736/863/827
f 736/863/828 673/786/828 671/784/828
f 736/863/828 671/784/828 737/864/828
f 737/864/829 671/784/829 669/782/829
f 737/864/829 669/782/829 738/865/829
f 738/865/830 669/782/830 667/780/830
f 738/865/830 667/780/830 739/866/830
f 739/866/831 667/780/831 665/778/831
f 739/866/831 665/778/831 740/867/831
f 740/867/832 665/778/832 663/776/832
f 740/867/832 663/776/832 741/868/832
f 741/868/833 663/776/833 661/774/833
f 741/868/833 661/774/833 742/869/833
f 742/869/834 661/774/834 659/772/834
f 742/869/834 659/772/834 743/870/834
f 743/870/835 659/772/835 657/871/835
f 743/870/835 657/871/835 744/872/835
f 744/872/836 657/871/836 655/873/836
f 744/872/836 655/873/836 745/874/836
f 745/874/837 655/873/837 746/875/837
f 745/874/837 746/875/837 747/876/837
f 714/834/807 715/835/807 716/877/807
f 716/877/838 715/835/838 717/839/838
f 716/877/838 717/839/838 748/878/838
f 748/878/839 717/839/839 718/840/839
f 748/878/839 718/840/839 749/879/839
f 749/879/840 718/840/840 719/841/840
f 749/879/840 719/841/840 750/880/840
f 750/880/841 719/841/841 720/842/841
f 750/880/841 720/842/841 751/881/841
f 751/881/842 720/842/842 721/843/842
f 751/881/842 721/843/842 752/882/842
f 752/882/843 721/843/843 722/844/843
f 752/882/843 722/844/843 753/883/843
f 753/883/844 722/844/844 723/845/844
f 753/883/844 723/845/844 754/884/844
f 754/884/845 723/845/845 724/846/845
f 754/884/845 724/846/845 755/885/845
f 755/885/846 724/846/846 725/847/846
f 755/885/846 725/847/846 756/886/846
f 756/886/847 725/847/847 726/848/847
f 756/886/847 726/848/847 757/887/847
f 757/887/848 726/848/848 727/849/848
f 757/887/848 727/849/848 758/888/848
f 758/888/849 727/849/849 728/850/849
f 758/888/849 728/850/849 759/889/849
f 759/889/850 728/850/850 729/852/850
f 759/889/850 729/852/850 760/890/850
f 760/890/851 729/852/851 731/854/851
f 760/890/851 731/854/851 761/891/851
f 761/892/852 731/855/852 732/858/852
f 761/892/852 732/858/852 762/893/852
f 762/893/853 732/858/853 733/860/853
f 762/893/853 733/860/853 763/894/853
f 763/894/854 733/860/854 734/861/854
f 763/894/854 734/861/854 764/895/854
f 764/895/855 734/861/855 735/862/855
f 764/895/855 735/862/855 765/896/855
f 765/896/856 735/862/856 736/863/856
f 765/896/856 736/863/856 766/897/856
f 766/897/857 736/863/857 737/864/857
f 766/897/857 737/864/857 767/898/857
f 767/898/858 737/864/858 738/865/858
f 767/898/858 738/865/858 768/899/858
f 768/899/859 738/865/859 739/866/859
f 768/899/859 739/866/859 769/900/859
f 769/900/860 739/866/860 740/867/860
f 769/900/860 740/867/860 770/901/860
f 770/901/861 740/867/861 741/868/861
f 770/901/861 741/868/861 771/902/861
f 771/902/862 741/868/862 742/869/862
f 771/902/862 742/869/862 772/903/862
f 772/903/863 742/869/863 743/870/863
f 772/903/863 743/870/863 773/904/863
f 773/904/864 743/870/864 744/872/864
f 773/904/864 744/872/864 774/905/864
f 774/905/865 744/872/865 745/874/865
f 774/905/865 745/874/865 775/906/865
f 775/906/866 745/874/866 747/876/866
f 775/906/866 747/876/866 776/907/866
f 272/298/867 716/837/867 274/300/867
f 274/302/868 716/877/868 748/878/868
f 274/302/868 748/878/868 275/303/868
f 275/303/869 748/878/869 749/879/869
f 275/303/870 749/879/870 267/293/870
f 267/293/871 749/879/871 750/880/871
f 267/293/871 750/880/871 268/294/871
f 268/294/872 750/880/872 751/881/872
f 268/294/873 751/881/873 269/295/873
f 269/295/874 751/881/874 752/882/874
f 269/295/874 752/882/874 270/296/874
f 270/296/875 752/882/875 753/883/875
f 270/296/876 753/883/876 261/287/876
f 261/287/877 753/883/877 754/884/877
f 261/287/877 754/884/877 262/288/877
f 262/288/878 754/884/878 755/885/878
f 262/288/879 755/885/879 263/289/879
f 263/289/880 755/885/880 756/886/880
f 263/289/880 756/886/880 264/290/880
f 264/290/881 756/886/881 757/887/881
f 264/290/882 757/887/882 255/279/882
f 255/279/883 757/887/883 758/888/883
f 255/279/883 758/888/883 256/280/883
f 256/280/884 758/888/884 759/889/884
f 256/280/885 759/889/885 257/281/885
f 257/281/886 759/889/886 760/890/886
f 257/281/887 760/890/887 258/283/887
f 258/283/888 760/890/888 761/891/888
f 258/283/888 761/891/888 251/284/888
f 251/275/889 761/892/889 762/893/889
f 251/275/889 762/893/889 252/276/889
f 252/276/890 762/893/890 763/894/890
f 252/276/891 763/894/891 249/273/891
f 249/273/892 763/894/892 764/895/892
f 249/273/893 764/895/893 247/271/893
f 247/271/894 764/895/894 765/896/894
f 247/271/894 765/896/894 245/269/894
f 245/269/895 765/896/895 766/897/895
f 245/269/896 766/897/896 240/264/896
f 240/264/897 766/897/897 767/898/897
f 240/264/897 767/898/897 241/265/897
f 241/265/898 767/898/898 768/899/898
f 241/265/899 768/899/899 243/267/899
f 243/267/900 768/899/900 769/900/900
f 243/267/900 769/900/900 244/268/900
f 244/268/901 769/900/901 770/901/901
f 244/268/902 770/901/902 236/260/902
f 236/260/903 770/901/903 771/902/903
f 236/260/903 771/902/903 238/262/903
f 238/262/904 771/902/904 772/903/904
f 238/262/905 772/903/905 239/263/905
f 239/263/906 772/903/906 773/904/906
f 239/263/906 773/904/906 231/253/906
f 231/253/907 773/904/907 774/905/907
f 231/253/908 774/905/908 232/254/908
f 232/254/909 774/905/909 775/906/909
f 232/254/910 775/906/910 233/255/910
f 233/255/911 775/906/911 776/907/911
f 233/255/912 776/907/912 777/257/912
f 52/52/913 51/51/913 645/752/913
f 47/47/914 46/46/914 778/908/914
f 595/671/915 594/670/915 779/909/915
f 779/909/916 594/670/916 780/910/916
f 779/911/917 780/912/917 781/913/917
f 781/913/918 780/912/918 782/914/918
f 781/913/919 782/914/919 43/43/919
f 43/43/920 782/914/920 44/44/920
f 596/672/921 595/671/921 783/915/921
f 783/915/922 595/671/922 779/909/922
f 783/916/923 779/911/923 778/908/923
f 778/908/924 779/911/924 781/913/924
f 778/908/925 781/913/925 47/47/925
f 47/47/926 781/913/926 43/43/926
f 501/551/927 596/672/927 646/754/927
f 646/754/928 596/672/928 783/915/928
f 646/754/929 783/915/929 645/753/929
f 645/753/930 783/915/930 778/917/930
f 645/752/931 778/908/931 52/52/931
f 52/52/932 778/908/932 46/46/932
f 784/918/1 785/919/1 593/920/1
f 593/920/933 785/919/933 786/921/933
f 593/920/934 786/921/934 594/922/934
f 787/37/935 44/44/935 788/923/935
f 788/923/936 44/44/936 782/914/936
f 788/923/937 782/914/937 789/924/937
f 789/924/937 782/914/937 780/912/937
f 789/925/938 780/910/938 790/926/938
f 790/926/939 780/910/939 594/670/939
f 38/38/940 787/37/940 791/927/940
f 791/927/941 787/37/941 788/923/941
f 791/927/942 788/923/942 792/928/942
f 792/928/942 788/923/942 789/924/942
f 792/929/943 789/930/943 785/919/943
f 785/919/944 789/930/944 790/921/944
f 111/931/945 130/138/945 793/932/945
f 603/685/946 604/686/946 794/933/946
f 76/80/947 795/934/947 78/82/947
f 78/82/948 795/934/948 794/935/948
f 78/82/949 794/935/949 80/84/949
f 80/936/950 794/933/950 604/686/950
f 80/936/951 604/686/951 82/730/951
f 796/937/952 316/349/952 797/938/952
f 797/938/953 316/349/953 315/348/953
f 797/938/954 315/348/954 798/939/954
f 798/939/955 315/348/955 320/353/955
f 798/939/956 320/353/956 603/685/956
f 603/685/957 320/353/957 321/354/957
f 603/685/957 321/354/957 322/355/957
f 76/80/958 109/117/958 795/934/958
f 795/934/959 109/117/959 108/116/959
f 795/934/960 108/116/960 799/940/960
f 799/940/961 108/116/961 106/114/961
f 799/940/962 106/114/962 800/941/962
f 314/347/963 313/346/963 801/942/963
f 801/942/964 313/346/964 319/352/964
f 801/942/965 319/352/965 796/937/965
f 796/937/966 319/352/966 318/351/966
f 796/937/967 318/351/967 316/349/967
f 106/114/968 104/112/968 800/941/968
f 800/941/969 104/112/969 102/110/969
f 800/941/970 102/110/970 802/943/970
f 802/943/971 102/110/971 100/108/971
f 802/943/972 100/108/972 803/944/972
f 803/944/973 100/108/973 98/106/973
f 314/347/963 801/942/963 308/336/963
f 308/336/974 801/942/974 804/945/974
f 308/336/975 804/945/975 310/338/975
f 310/338/976 804/945/976 805/946/976
f 310/338/977 805/946/977 311/343/977
f 311/344/978 805/947/978 806/948/978
f 311/344/979 806/948/979 198/220/979
f 98/106/973 96/104/973 803/944/973
f 803/944/980 96/104/980 94/102/980
f 803/944/981 94/102/981 807/949/981
f 807/949/982 94/102/982 92/100/982
f 807/949/983 92/100/983 808/950/983
f 198/220/984 806/948/984 199/221/984
f 199/221/985 806/948/985 809/951/985
f 199/221/986 809/951/986 304/332/986
f 92/100/987 90/98/987 808/950/987
f 808/950/988 90/98/988 88/96/988
f 808/950/989 88/96/989 810/952/989
f 810/952/990 88/96/990 86/94/990
f 810/952/991 86/94/991 811/953/991
f 811/953/992 86/94/992 85/93/992
f 603/685/946 794/933/946 798/939/946
f 798/939/993 794/933/993 795/954/993
f 798/939/993 795/954/993 797/938/993
f 797/938/994 795/954/994 799/955/994
f 797/938/994 799/955/994 796/937/994
f 796/937/995 799/955/995 800/956/995
f 796/937/995 800/956/995 801/942/995
f 801/957/996 800/941/996 802/943/996
f 801/957/996 802/943/996 804/958/996
f 804/958/997 802/943/997 803/944/997
f 804/958/997 803/944/997 805/959/997
f 805/959/998 803/944/998 807/949/998
f 805/959/998 807/949/998 806/960/998
f 806/948/999 807/961/999 808/962/999
f 806/948/1000 808/962/1000 809/951/1000
f 809/951/1001 808/962/1001 810/963/1001
f 809/951/1001 810/963/1001 812/964/1001
f 812/964/1002 810/963/1002 811/965/1002
f 812/964/1002 811/965/1002 813/966/1002
f 301/329/1003 302/330/1003 813/966/1003
f 813/966/1004 302/330/1004 299/327/1004
f 813/966/1005 299/327/1005 812/964/1005
f 812/964/1006 299/327/1006 306/334/1006
f 812/964/1007 306/334/1007 809/951/1007
f 809/951/1008 306/334/1008 305/333/1008
f 809/951/1009 305/333/1009 304/332/1009
f 111/931/1010 793/932/1010 112/967/1010
f 300/328/1011 301/329/1011 814/968/1011
f 814/968/1012 301/329/1012 813/966/1012
f 814/968/1013 813/966/1013 793/932/1013
f 793/932/1013 813/966/1013 811/965/1013
f 793/932/1014 811/965/1014 112/967/1014
f 112/120/1015 811/953/1015 85/93/1015
f 815/969/1016 816/970/1016 817/971/1016
f 818/972/1016 819/973/1016 817/971/1016
f 820/974/1016 821/975/1016 602/684/1016
f 602/684/1016 821/975/1016 822/976/1016
f 602/684/1016 822/976/1016 817/971/1016
f 817/971/1016 822/976/1016 823/977/1016
f 817/971/1016 823/977/1016 818/972/1016
f 460/503/1016 590/666/1016 602/684/1016
f 602/684/1016 590/666/1016 824/978/1016
f 602/684/1016 824/978/1016 825/979/1016
f 825/979/1016 826/980/1016 602/684/1016
f 602/684/1016 826/980/1016 827/981/1016
f 602/684/1016 827/981/1016 820/974/1016
f 819/973/1016 828/982/1016 817/971/1016
f 817/971/1016 828/982/1016 829/983/1016
f 817/971/1016 829/983/1016 815/969/1016
f 817/971/1017 830/984/1017 602/684/1017
f 602/684/1017 830/984/1017 601/683/1017
f 601/683/1018 830/984/1018 600/682/1018
f 600/682/1018 830/984/1018 831/985/1018
f 600/682/1018 831/985/1018 599/681/1018
f 599/681/1018 831/985/1018 832/986/1018
f 599/987/1019 832/988/1019 598/989/1019
f 598/989/1019 832/988/1019 833/990/1019
f 598/989/1019 833/990/1019 597/991/1019
f 833/990/1019 834/992/1019 597/991/1019
f 597/991/1020 834/992/1020 784/918/1020
f 597/991/1020 784/918/1020 593/920/1020
f 592/668/1021 835/665/1021 836/993/1021
f 707/824/1022 837/822/1022 838/994/1022
f 839/522/1023 656/767/1023 840/663/1023
f 840/663/1023 656/767/1023 841/995/1023
f 840/663/1024 841/995/1024 588/664/1024
f 656/767/1023 658/769/1023 841/995/1023
f 841/995/1025 658/769/1025 660/996/1025
f 841/995/1025 660/996/1025 842/997/1025
f 660/996/1025 662/998/1025 842/997/1025
f 842/997/1026 662/998/1026 664/999/1026
f 842/997/1026 664/999/1026 843/1000/1026
f 664/999/1027 666/1001/1027 843/1000/1027
f 843/1000/1028 666/1001/1028 668/1002/1028
f 843/1000/1028 668/1002/1028 844/1003/1028
f 668/1002/1028 670/1004/1028 844/1003/1028
f 844/1003/1029 670/1004/1029 672/1005/1029
f 844/1003/1029 672/1005/1029 845/1006/1029
f 672/1005/1029 675/790/1029 845/1006/1029
f 845/1006/1030 675/790/1030 677/792/1030
f 845/1006/1030 677/792/1030 846/1007/1030
f 683/798/1031 847/1008/1031 681/796/1031
f 681/796/1031 847/1008/1031 846/1007/1031
f 681/796/1031 846/1007/1031 679/794/1031
f 679/794/1032 846/1007/1032 677/792/1032
f 683/798/1031 685/800/1031 847/1008/1031
f 847/1008/1033 685/800/1033 687/1009/1033
f 847/1008/1034 687/1009/1034 848/1010/1034
f 687/1009/1034 689/1011/1034 848/1010/1034
f 848/1010/1035 689/1011/1035 691/1012/1035
f 848/1010/1035 691/1012/1035 849/1013/1035
f 691/1012/1035 693/1014/1035 849/1013/1035
f 849/1013/1036 693/1014/1036 695/1015/1036
f 849/1013/1036 695/1015/1036 850/1016/1036
f 695/1015/1036 697/1017/1036 850/1016/1036
f 850/1016/1037 697/1017/1037 699/1018/1037
f 850/1016/1038 699/1018/1038 851/1019/1038
f 699/1018/1038 701/1020/1038 851/1019/1038
f 851/1019/1039 701/1020/1039 703/1021/1039
f 851/1019/1039 703/1021/1039 852/1022/1039
f 852/1022/1039 703/1021/1039 709/826/1039
f 852/1022/1022 709/826/1022 707/824/1022
f 852/1022/1040 853/1023/1040 851/1019/1040
f 851/1019/1040 853/1023/1040 854/1024/1040
f 851/1019/1041 854/1024/1041 850/1016/1041
f 850/1016/1041 854/1024/1041 855/1025/1041
f 850/1016/1042 855/1025/1042 849/1013/1042
f 849/1013/1042 855/1025/1042 856/1026/1042
f 849/1013/1043 856/1026/1043 848/1010/1043
f 848/1010/1043 856/1026/1043 857/1027/1043
f 848/1010/1044 857/1027/1044 847/1008/1044
f 847/1008/1044 857/1027/1044 858/1028/1044
f 847/1008/1045 858/1028/1045 846/1007/1045
f 846/1007/1045 858/1028/1045 859/1029/1045
f 846/1007/1046 859/1029/1046 845/1006/1046
f 845/1006/1046 859/1029/1046 860/1030/1046
f 845/1006/1047 860/1030/1047 844/1003/1047
f 844/1003/1047 860/1030/1047 861/1031/1047
f 844/1003/1048 861/1031/1048 843/1000/1048
f 843/1000/1048 861/1031/1048 862/1032/1048
f 843/1000/1049 862/1032/1049 842/997/1049
f 842/997/1049 862/1032/1049 863/1033/1049
f 842/997/1050 863/1033/1050 841/995/1050
f 841/995/1050 863/1033/1050 836/993/1050
f 841/995/1024 836/993/1024 588/664/1024
f 588/664/1024 836/993/1024 835/665/1024
f 853/1023/1051 864/1034/1051 854/1024/1051
f 854/1024/1051 864/1034/1051 865/1035/1051
f 854/1024/1052 865/1035/1052 855/1025/1052
f 855/1025/1052 865/1035/1052 866/1036/1052
f 855/1025/1053 866/1036/1053 856/1026/1053
f 856/1026/1053 866/1036/1053 867/1037/1053
f 856/1026/1054 867/1037/1054 857/1027/1054
f 857/1027/1054 867/1037/1054 868/1038/1054
f 857/1027/1055 868/1038/1055 858/1028/1055
f 858/1028/1055 868/1038/1055 869/1039/1055
f 858/1028/1056 869/1039/1056 859/1029/1056
f 859/1029/1056 869/1039/1056 870/1040/1056
f 859/1029/1057 870/1040/1057 860/1030/1057
f 860/1030/1057 870/1040/1057 871/1041/1057
f 860/1030/1058 871/1041/1058 861/1031/1058
f 861/1031/1058 871/1041/1058 872/1042/1058
f 861/1031/1059 872/1042/1059 862/1032/1059
f 862/1032/1059 872/1042/1059 873/1043/1059
f 862/1032/1060 873/1043/1060 863/1033/1060
f 863/1033/1060 873/1043/1060 874/1044/1060
f 863/1033/1061 874/1044/1061 836/993/1061
f 836/993/1061 874/1044/1061 875/1045/1061
f 836/993/1021 875/1045/1021 592/668/1021
f 592/668/1021 875/1045/1021 876/667/1021
f 707/824/1022 838/994/1022 852/1022/1022
f 852/1022/1062 838/994/1062 877/1046/1062
f 852/1022/1062 877/1046/1062 853/1023/1062
f 853/1023/1062 877/1046/1062 878/1047/1062
f 853/1023/1063 878/1047/1063 864/1034/1063
f 864/1034/1063 878/1047/1063 879/1048/1063
f 864/1034/1063 879/1048/1063 880/1049/1063
f 880/1049/1064 881/969/1064 864/1034/1064
f 864/1034/1064 881/969/1064 829/983/1064
f 864/1034/1065 829/983/1065 865/1035/1065
f 865/1035/1065 829/983/1065 828/982/1065
f 865/1035/1066 828/982/1066 866/1036/1066
f 866/1036/1066 828/982/1066 819/973/1066
f 866/1036/1067 819/973/1067 867/1037/1067
f 867/1037/1067 819/973/1067 818/972/1067
f 867/1037/1068 818/972/1068 868/1038/1068
f 868/1038/1068 818/972/1068 823/977/1068
f 868/1038/1069 823/977/1069 869/1039/1069
f 869/1039/1069 823/977/1069 822/976/1069
f 869/1039/1070 822/976/1070 870/1040/1070
f 870/1040/1070 822/976/1070 821/975/1070
f 870/1040/1071 821/975/1071 871/1041/1071
f 871/1041/1071 821/975/1071 820/974/1071
f 871/1041/1072 820/974/1072 872/1042/1072
f 872/1042/1072 820/974/1072 827/981/1072
f 872/1042/1073 827/981/1073 873/1043/1073
f 873/1043/1073 827/981/1073 826/980/1073
f 873/1043/1074 826/980/1074 874/1044/1074
f 874/1044/1074 826/980/1074 825/979/1074
f 874/1044/1075 825/979/1075 875/1045/1075
f 875/1045/1075 825/979/1075 824/978/1075
f 875/1045/1076 824/978/1076 876/667/1076
f 876/667/1076 824/978/1076 882/666/1076
f 785/919/1077 784/918/1077 883/1050/1077
f 785/919/1077 883/1050/1077 884/1051/1077
f 884/1051/1077 883/1050/1077 885/1052/1077
f 884/1051/1077 885/1052/1077 886/1053/1077
f 886/1053/1077 885/1052/1077 887/1054/1077
f 886/1053/1077 887/1054/1077 888/1055/1077
f 888/1055/1077 887/1054/1077 889/1056/1077
f 888/1055/1077 889/1056/1077 890/1057/1077
f 891/1058/124 892/1059/124 893/1060/124
f 893/1060/124 892/1059/124 894/822/124
f 893/1060/124 894/822/124 895/821/124
f 896/1061/1078 897/1062/1078 898/1063/1078
f 888/1055/1079 890/1057/1079 899/1064/1079
f 899/1064/1080 890/1057/1080 896/1061/1080
f 899/1064/1081 896/1061/1081 900/1065/1081
f 900/1065/1082 896/1061/1082 898/1063/1082
f 897/1062/1083 896/1061/1083 901/1066/1083
f 901/1066/1084 896/1061/1084 902/1067/1084
f 901/1066/1085 902/1067/1085 903/1068/1085
f 904/1069/1086 905/1070/1086 906/1071/1086
f 906/1071/1087 907/1072/1087 904/1069/1087
f 904/1069/1088 907/1072/1088 908/1073/1088
f 904/1069/1089 908/1073/1089 902/1067/1089
f 902/1067/1090 908/1073/1090 909/1074/1090
f 902/1067/1090 909/1074/1090 903/1068/1090
f 910/1075/1091 911/1076/1091 912/1077/1091
f 911/1076/1092 913/1078/1092 912/1077/1092
f 912/1077/1093 913/1078/1093 914/1079/1093
f 912/1077/1094 914/1079/1094 904/1069/1094
f 904/1069/1095 914/1079/1095 915/1080/1095
f 904/1069/1096 915/1080/1096 905/1070/1096
f 912/1081/1097 916/1082/1097 917/1083/1097
f 917/1083/1098 918/1084/1098 912/1081/1098
f 912/1081/1099 918/1084/1099 919/1085/1099
f 912/1081/1100 919/1085/1100 910/1086/1100
f 289/317/1101 300/328/1101 920/1087/1101
f 920/1087/1102 300/328/1102 921/1088/1102
f 920/1087/1103 921/1088/1103 922/1089/1103
f 922/1089/1104 923/1090/1104 920/1087/1104
f 920/1087/1105 923/1090/1105 924/1091/1105
f 920/1087/1106 924/1091/1106 912/1081/1106
f 912/1081/1107 924/1091/1107 925/1092/1107
f 912/1081/1108 925/1092/1108 916/1082/1108
f 816/970/1109 815/969/1109 926/1093/1109
f 926/1093/1110 815/969/1110 927/1049/1110
f 926/1093/1111 927/1049/1111 928/1094/1111
f 928/1094/1112 927/1049/1112 879/1048/1112
f 928/1094/1113 879/1048/1113 929/1095/1113
f 929/1095/1114 879/1048/1114 930/1047/1114
f 929/1095/1115 930/1047/1115 931/1096/1115
f 894/822/1116 892/1059/1116 932/994/1116
f 932/994/1117 892/1059/1117 931/1096/1117
f 932/994/1118 931/1096/1118 877/1046/1118
f 877/1046/1118 931/1096/1118 930/1047/1118
f 784/918/1119 834/992/1119 883/1050/1119
f 883/1050/1120 834/992/1120 933/1097/1120
f 834/992/1121 833/990/1121 933/1097/1121
f 933/1097/1122 833/990/1122 832/988/1122
f 933/1098/1123 832/986/1123 934/1099/1123
f 817/971/1124 816/970/1124 830/984/1124
f 830/984/1125 816/970/1125 934/1099/1125
f 830/984/1126 934/1099/1126 831/985/1126
f 831/985/1127 934/1099/1127 832/986/1127
f 931/1096/1128 892/1059/1128 935/1100/1128
f 928/1094/1129 929/1095/1129 936/1101/1129
f 885/1052/1130 883/1050/1130 937/1102/1130
f 937/1102/1131 883/1050/1131 933/1097/1131
f 937/1103/1132 933/1098/1132 938/1104/1132
f 938/1104/1133 933/1098/1133 934/1099/1133
f 938/1104/1134 934/1099/1134 926/1093/1134
f 926/1093/1135 934/1099/1135 816/970/1135
f 887/1054/1136 885/1052/1136 939/1105/1136
f 939/1105/1137 885/1052/1137 937/1102/1137
f 939/1105/1138 937/1102/1138 936/1106/1138
f 936/1106/1139 937/1102/1139 938/1107/1139
f 936/1101/1140 938/1104/1140 928/1094/1140
f 928/1094/1141 938/1104/1141 926/1093/1141
f 889/1056/1142 887/1054/1142 940/1108/1142
f 940/1108/1143 887/1054/1143 939/1105/1143
f 940/1108/1144 939/1105/1144 935/1109/1144
f 935/1109/1145 939/1105/1145 936/1106/1145
f 935/1100/1146 936/1101/1146 931/1096/1146
f 931/1096/1147 936/1101/1147 929/1095/1147
f 941/1110/1148 942/1111/1148 940/1108/1148
f 942/1111/1149 943/1112/1149 940/1108/1149
f 940/1108/1150 943/1112/1150 890/1057/1150
f 940/1108/1151 890/1057/1151 889/1056/1151
f 944/1113/1152 945/1114/1152 935/1109/1152
f 944/1113/1153 935/1109/1153 946/1115/1153
f 945/1114/1154 947/1116/1154 935/1109/1154
f 935/1109/1155 947/1116/1155 948/1117/1155
f 935/1109/1156 948/1117/1156 940/1108/1156
f 940/1108/1157 948/1117/1157 949/1118/1157
f 940/1108/1158 949/1118/1158 941/1110/1158
f 950/1119/1159 951/1120/1159 892/1121/1159
f 891/1058/1160 952/1122/1160 892/1059/1160
f 892/1059/1161 952/1122/1161 953/1123/1161
f 953/1123/1162 954/1124/1162 892/1059/1162
f 892/1059/1163 954/1124/1163 955/1125/1163
f 892/1121/1164 955/1126/1164 950/1119/1164
f 951/1120/1165 956/1127/1165 892/1121/1165
f 892/1121/1166 956/1127/1166 957/1128/1166
f 892/1121/1167 957/1128/1167 935/1109/1167
f 935/1109/1168 957/1128/1168 958/1129/1168
f 935/1109/1169 958/1129/1169 946/1115/1169
f 959/1130/1170 888/1055/1170 899/1064/1170
f 960/1131/1171 959/1130/1171 961/1132/1171
f 35/35/1172 960/1133/1172 962/1134/1172
f 35/35/1173 962/1134/1173 36/36/1173
f 36/36/1174 962/1134/1174 963/1135/1174
f 36/36/1175 963/1135/1175 132/142/1175
f 959/1130/1176 899/1064/1176 961/1132/1176
f 961/1132/1177 899/1064/1177 900/1065/1177
f 961/1132/1178 900/1065/1178 964/1136/1178
f 964/1136/1179 900/1065/1179 898/1063/1179
f 964/1136/1180 898/1063/1180 965/1137/1180
f 965/1137/1181 898/1063/1181 897/1062/1181
f 965/1137/1182 897/1062/1182 966/1138/1182
f 132/142/1183 963/1135/1183 133/143/1183
f 133/143/1184 963/1135/1184 967/1139/1184
f 133/143/1185 967/1139/1185 135/145/1185
f 135/145/1186 967/1139/1186 968/1140/1186
f 135/145/1187 968/1140/1187 136/146/1187
f 136/146/1188 968/1140/1188 969/1141/1188
f 136/146/1189 969/1141/1189 137/147/1189
f 897/1062/1190 901/1066/1190 966/1138/1190
f 966/1138/1191 901/1066/1191 903/1068/1191
f 966/1138/1192 903/1068/1192 970/1142/1192
f 970/1142/1193 903/1068/1193 909/1074/1193
f 970/1142/1194 909/1074/1194 971/1143/1194
f 909/1074/1195 908/1073/1195 971/1143/1195
f 971/1143/1196 908/1073/1196 907/1072/1196
f 971/1143/1197 907/1072/1197 972/1144/1197
f 972/1144/1198 907/1072/1198 906/1071/1198
f 972/1144/1199 906/1071/1199 973/1145/1199
f 973/1145/1200 906/1071/1200 905/1070/1200
f 973/1145/1201 905/1070/1201 974/1146/1201
f 974/1146/1202 905/1070/1202 915/1080/1202
f 974/1146/1203 915/1080/1203 975/1147/1203
f 915/1080/1204 914/1079/1204 975/1147/1204
f 975/1147/1205 914/1079/1205 913/1078/1205
f 975/1147/1206 913/1078/1206 976/1148/1206
f 976/1148/1207 913/1078/1207 911/1076/1207
f 976/1148/1208 911/1076/1208 977/1149/1208
f 977/1149/1209 911/1076/1209 910/1075/1209
f 919/1085/1210 978/1150/1210 910/1086/1210
f 910/1086/1211 978/1150/1211 979/1151/1211
f 910/1075/1212 979/1152/1212 977/1149/1212
f 919/1085/1213 918/1084/1213 978/1150/1213
f 978/1150/1214 918/1084/1214 917/1083/1214
f 978/1150/1215 917/1083/1215 980/1153/1215
f 980/1153/1216 917/1083/1216 916/1082/1216
f 980/1153/1217 916/1082/1217 981/1154/1217
f 981/1154/1218 916/1082/1218 925/1092/1218
f 924/1091/1219 982/1155/1219 925/1092/1219
f 925/1092/1220 982/1155/1220 983/1156/1220
f 925/1092/1221 983/1156/1221 981/1154/1221
f 924/1091/1219 923/1090/1219 982/1155/1219
f 982/1155/1222 923/1090/1222 922/1089/1222
f 982/1155/1223 922/1089/1223 984/1157/1223
f 984/1157/1224 922/1089/1224 921/1088/1224
f 984/1157/1225 921/1088/1225 985/1158/1225
f 985/1158/1226 921/1088/1226 300/328/1226
f 985/1158/1227 300/328/1227 814/968/1227
f 960/1131/1228 961/1132/1228 962/1159/1228
f 962/1159/1229 961/1132/1229 964/1136/1229
f 962/1159/1230 964/1136/1230 963/1160/1230
f 963/1160/1231 964/1136/1231 965/1137/1231
f 963/1160/1232 965/1137/1232 967/1161/1232
f 967/1161/1233 965/1137/1233 966/1138/1233
f 967/1161/1234 966/1138/1234 968/1162/1234
f 968/1162/1235 966/1138/1235 970/1142/1235
f 968/1162/1236 970/1142/1236 969/1163/1236
f 969/1163/1237 970/1142/1237 971/1143/1237
f 969/1163/1238 971/1143/1238 986/1164/1238
f 986/1164/1239 971/1143/1239 972/1144/1239
f 986/1164/1240 972/1144/1240 987/1165/1240
f 987/1165/1241 972/1144/1241 973/1145/1241
f 987/1165/1242 973/1145/1242 988/1166/1242
f 988/1166/1243 973/1145/1243 974/1146/1243
f 988/1166/1244 974/1146/1244 989/1167/1244
f 989/1167/1245 974/1146/1245 975/1147/1245
f 989/1167/1246 975/1147/1246 990/1168/1246
f 990/1168/1247 975/1147/1247 976/1148/1247
f 990/1168/1248 976/1148/1248 991/1169/1248
f 991/1169/1249 976/1148/1249 977/1149/1249
f 991/1169/1250 977/1149/1250 992/1170/1250
f 992/1171/1251 977/1172/1251 979/1151/1251
f 992/1171/1252 979/1151/1252 993/1173/1252
f 993/1173/1253 979/1151/1253 978/1150/1253
f 993/1173/1254 978/1150/1254 994/1174/1254
f 994/1174/1255 978/1150/1255 980/1153/1255
f 994/1174/1256 980/1153/1256 995/1175/1256
f 995/1175/1257 980/1153/1257 981/1154/1257
f 995/1175/1258 981/1154/1258 996/1176/1258
f 996/1176/1259 981/1154/1259 983/1156/1259
f 996/1176/1260 983/1156/1260 997/1177/1260
f 997/1177/1261 983/1156/1261 982/1155/1261
f 997/1177/1262 982/1155/1262 998/1178/1262
f 998/1178/1263 982/1155/1263 984/1157/1263
f 998/1178/1264 984/1157/1264 999/1179/1264
f 999/1179/1265 984/1157/1265 985/1158/1265
f 999/1179/1266 985/1158/1266 1000/1180/1266
f 1000/1180/1267 985/1158/1267 814/968/1267
f 1000/1180/1268 814/968/1268 793/932/1268
f 137/1181/1269 969/1163/1269 138/1182/1269
f 138/1182/1270 969/1163/1270 986/1164/1270
f 138/1182/1271 986/1164/1271 139/1183/1271
f 139/1183/1272 986/1164/1272 987/1165/1272
f 139/1183/1273 987/1165/1273 118/1184/1273
f 118/1184/1274 987/1165/1274 988/1166/1274
f 118/1184/1275 988/1166/1275 119/1185/1275
f 119/127/1276 988/1186/1276 989/1187/1276
f 119/127/1277 989/1187/1277 120/128/1277
f 120/128/1278 989/1187/1278 990/1188/1278
f 120/128/1279 990/1188/1279 121/129/1279
f 121/129/1280 990/1188/1280 991/1189/1280
f 121/129/1281 991/1189/1281 122/130/1281
f 122/130/1282 991/1189/1282 992/1171/1282
f 122/130/1283 992/1171/1283 117/125/1283
f 117/125/1284 992/1171/1284 993/1173/1284
f 117/125/1285 993/1173/1285 114/122/1285
f 114/122/1286 993/1173/1286 994/1174/1286
f 114/122/1287 994/1174/1287 115/123/1287
f 115/123/1288 994/1174/1288 995/1175/1288
f 115/123/1289 995/1175/1289 123/131/1289
f 123/131/1290 995/1175/1290 996/1176/1290
f 123/131/1291 996/1176/1291 125/133/1291
f 125/133/1292 996/1176/1292 997/1177/1292
f 125/133/1293 997/1177/1293 126/134/1293
f 126/134/1294 997/1177/1294 998/1178/1294
f 126/134/1295 998/1178/1295 127/135/1295
f 127/135/1296 998/1178/1296 999/1179/1296
f 127/135/1297 999/1179/1297 128/136/1297
f 128/136/1298 999/1179/1298 1000/1180/1298
f 128/136/1299 1000/1180/1299 129/137/1299
f 129/137/1300 1000/1180/1300 793/932/1300
f 129/137/1301 793/932/1301 130/138/1301
f 41/41/1302 40/40/1302 1001/1190/1302
f 33/33/1303 31/31/1303 1002/1191/1303
f 886/1053/1304 888/1055/1304 1003/1192/1304
f 1003/1192/1305 888/1055/1305 959/1130/1305
f 1003/1192/1306 959/1130/1306 1002/1193/1306
f 1002/1193/1307 959/1130/1307 960/1131/1307
f 1002/1191/1308 960/1133/1308 33/33/1308
f 33/33/1309 960/1133/1309 35/35/1309
f 884/1051/1310 886/1053/1310 1004/1194/1310
f 1004/1194/1311 886/1053/1311 1003/1192/1311
f 1004/1195/1312 1003/1196/1312 1001/1190/1312
f 1001/1190/1313 1003/1196/1313 1002/1191/1313
f 1001/1190/1314 1002/1191/1314 41/41/1314
f 41/41/1315 1002/1191/1315 31/31/1315
f 785/919/1316 884/1051/1316 792/929/1316
f 792/929/1317 884/1051/1317 1004/1194/1317
f 792/928/1318 1004/1195/1318 791/927/1318
f 791/927/1319 1004/1195/1319 1001/1190/1319
f 791/927/1320 1001/1190/1320 38/38/1320
f 38/38/1321 1001/1190/1321 40/40/1321
f 295/323/1322 1005/1197/1322 1006/1198/1322
f 1007/1199/1323 201/223/1323 281/309/1323
f 1008/1200/1324 1007/1199/1324 1009/1201/1324
f 1010/1202/1325 1008/1200/1325 1011/1203/1325
f 1012/1204/1326 1010/1202/1326 1013/1205/1326
f 1014/1206/1327 1012/1204/1327 1015/1207/1327
f 1007/1199/1328 281/309/1328 1009/1201/1328
f 1009/1201/1329 281/309/1329 280/308/1329
f 1009/1201/1330 280/308/1330 1016/1208/1330
f 1016/1208/1331 280/308/1331 279/307/1331
f 1016/1208/1332 279/307/1332 1017/1209/1332
f 1017/1209/1333 279/307/1333 278/306/1333
f 1017/1209/1334 278/306/1334 1018/1210/1334
f 1018/1210/1335 278/306/1335 277/305/1335
f 1018/1210/1336 277/305/1336 1019/1211/1336
f 1019/1211/1337 277/305/1337 288/316/1337
f 1019/1211/1338 288/316/1338 1020/1212/1338
f 1021/1213/1339 951/1120/1339 1022/1214/1339
f 1022/1214/1340 951/1120/1340 950/1119/1340
f 1022/1214/1341 950/1119/1341 1023/1215/1341
f 1023/1215/1342 950/1119/1342 955/1126/1342
f 1023/1215/1343 955/1126/1343 1024/1216/1343
f 1024/1217/1344 955/1125/1344 954/1124/1344
f 1024/1216/1345 954/1218/1345 1025/1219/1345
f 1025/1220/1346 954/1124/1346 953/1123/1346
f 1025/1221/1347 953/1222/1347 1026/1223/1347
f 1026/1224/1348 953/1123/1348 952/1122/1348
f 1026/1224/1349 952/1122/1349 1027/1225/1349
f 1027/1225/1350 952/1122/1350 891/1058/1350
f 1027/1225/1351 891/1058/1351 1014/1226/1351
f 288/316/1352 287/315/1352 1020/1212/1352
f 1020/1212/1353 287/315/1353 286/314/1353
f 1020/1212/1354 286/314/1354 1028/1227/1354
f 1028/1227/1355 286/314/1355 282/310/1355
f 1028/1227/1356 282/310/1356 1029/1228/1356
f 1029/1228/1357 282/310/1357 284/312/1357
f 1029/1228/1358 284/312/1358 1030/1229/1358
f 1030/1229/1359 284/312/1359 285/313/1359
f 1030/1229/1360 285/313/1360 1031/1230/1360
f 1031/1230/1361 285/313/1361 297/325/1361
f 1031/1230/1362 297/325/1362 1006/1198/1362
f 1006/1198/1363 297/325/1363 296/324/1363
f 1006/1198/1364 296/324/1364 295/323/1364
f 1008/1200/1365 1009/1201/1365 1011/1203/1365
f 1011/1203/1366 1009/1201/1366 1016/1208/1366
f 1011/1203/1367 1016/1208/1367 1032/1231/1367
f 1032/1231/1368 1016/1208/1368 1017/1209/1368
f 1032/1231/1369 1017/1209/1369 1033/1232/1369
f 1033/1232/1370 1017/1209/1370 1018/1210/1370
f 1033/1232/1371 1018/1210/1371 1034/1233/1371
f 1034/1233/1372 1018/1210/1372 1019/1211/1372
f 1034/1233/1373 1019/1211/1373 1035/1234/1373
f 1035/1234/1374 1019/1211/1374 1020/1212/1374
f 1035/1234/1375 1020/1212/1375 1036/1235/1375
f 1036/1235/1376 1020/1212/1376 1028/1227/1376
f 1036/1235/1377 1028/1227/1377 1037/1236/1377
f 1037/1236/1378 1028/1227/1378 1029/1228/1378
f 1037/1236/1379 1029/1228/1379 1038/1237/1379
f 1038/1237/1380 1029/1228/1380 1030/1229/1380
f 1038/1237/1381 1030/1229/1381 1039/1238/1381
f 1039/1238/1382 1030/1229/1382 1031/1230/1382
f 1039/1238/1383 1031/1230/1383 1040/1239/1383
f 1040/1239/1384 1031/1230/1384 1006/1198/1384
f 1040/1239/1385 1006/1198/1385 1041/1240/1385
f 1041/1240/1386 1006/1198/1386 1005/1197/1386
f 1041/1240/1387 1005/1197/1387 1042/1241/1387
f 1010/1202/1388 1011/1203/1388 1013/1205/1388
f 1013/1205/1389 1011/1203/1389 1032/1231/1389
f 1013/1205/1390 1032/1231/1390 1043/1242/1390
f 1043/1242/1391 1032/1231/1391 1033/1232/1391
f 1043/1242/1392 1033/1232/1392 1044/1243/1392
f 1044/1243/1393 1033/1232/1393 1034/1233/1393
f 1044/1243/1394 1034/1233/1394 1045/1244/1394
f 1045/1244/1395 1034/1233/1395 1035/1234/1395
f 1045/1244/1396 1035/1234/1396 1046/1245/1396
f 1046/1245/1397 1035/1234/1397 1036/1235/1397
f 1046/1245/1398 1036/1235/1398 1047/1246/1398
f 1047/1246/1399 1036/1235/1399 1037/1236/1399
f 1047/1246/1400 1037/1236/1400 1048/1247/1400
f 1048/1247/1401 1037/1236/1401 1038/1237/1401
f 1048/1247/1402 1038/1237/1402 1049/1248/1402
f 1049/1248/1403 1038/1237/1403 1039/1238/1403
f 1049/1248/1404 1039/1238/1404 1050/1249/1404
f 1050/1249/1405 1039/1238/1405 1040/1239/1405
f 1050/1249/1406 1040/1239/1406 1051/1250/1406
f 1051/1250/1407 1040/1239/1407 1041/1240/1407
f 1051/1250/1408 1041/1240/1408 1052/1251/1408
f 1052/1251/1409 1041/1240/1409 1042/1241/1409
f 1052/1252/1410 1042/1253/1410 1053/1254/1410
f 1012/1204/1411 1013/1205/1411 1015/1207/1411
f 1015/1207/1412 1013/1205/1412 1043/1242/1412
f 1015/1207/1413 1043/1242/1413 1054/1255/1413
f 1054/1255/1414 1043/1242/1414 1044/1243/1414
f 1054/1255/1415 1044/1243/1415 1055/1256/1415
f 1055/1256/1416 1044/1243/1416 1045/1244/1416
f 1055/1256/1417 1045/1244/1417 1056/1257/1417
f 1056/1257/1418 1045/1244/1418 1046/1245/1418
f 1056/1257/1419 1046/1245/1419 1057/1258/1419
f 1057/1259/1420 1046/1260/1420 1047/1261/1420
f 1057/1259/1421 1047/1261/1421 1058/1262/1421
f 1058/1262/1422 1047/1261/1422 1048/1263/1422
f 1058/1262/1423 1048/1263/1423 1059/1264/1423
f 1059/1264/1424 1048/1263/1424 1049/1265/1424
f 1059/1264/1425 1049/1265/1425 1060/1266/1425
f 1060/1266/1426 1049/1265/1426 1050/1267/1426
f 1060/1266/1427 1050/1267/1427 1061/1268/1427
f 1061/1268/1428 1050/1267/1428 1051/1269/1428
f 1061/1268/1429 1051/1269/1429 1062/1270/1429
f 1062/1270/1430 1051/1269/1430 1052/1252/1430
f 1062/1270/1431 1052/1252/1431 1063/1271/1431
f 1063/1271/1432 1052/1252/1432 1053/1254/1432
f 1063/1271/1433 1053/1254/1433 1064/1272/1433
f 1014/1206/1434 1015/1207/1434 1027/1273/1434
f 1027/1273/1435 1015/1207/1435 1054/1255/1435
f 1027/1273/1436 1054/1255/1436 1026/1274/1436
f 1026/1275/1437 1054/1276/1437 1055/1277/1437
f 1026/1278/1438 1055/1279/1438 1025/1280/1438
f 1025/1219/1439 1055/1281/1439 1056/1282/1439
f 1025/1219/1440 1056/1282/1440 1024/1216/1440
f 1024/1216/1441 1056/1282/1441 1057/1259/1441
f 1024/1216/1442 1057/1259/1442 1023/1215/1442
f 1023/1215/1443 1057/1259/1443 1058/1262/1443
f 1023/1215/1444 1058/1262/1444 1022/1214/1444
f 1022/1214/1445 1058/1262/1445 1059/1264/1445
f 1022/1214/1446 1059/1264/1446 1021/1213/1446
f 1021/1213/1447 1059/1264/1447 1060/1266/1447
f 1021/1213/1448 1060/1266/1448 1065/1283/1448
f 1065/1283/1449 1060/1266/1449 1061/1268/1449
f 1065/1283/1450 1061/1268/1450 1066/1284/1450
f 1066/1284/1451 1061/1268/1451 1062/1270/1451
f 1066/1284/1452 1062/1270/1452 1067/1285/1452
f 1067/1285/1453 1062/1270/1453 1063/1271/1453
f 1067/1285/1454 1063/1271/1454 1068/1286/1454
f 1068/1286/1455 1063/1271/1455 1064/1272/1455
f 1068/1286/1456 1064/1272/1456 1069/1287/1456
f 948/1117/1457 947/1116/1457 1069/1287/1457
f 1069/1287/1458 947/1116/1458 945/1114/1458
f 1069/1287/1459 945/1114/1459 1068/1286/1459
f 1068/1286/1460 945/1114/1460 944/1113/1460
f 1068/1286/1461 944/1113/1461 1067/1285/1461
f 1067/1285/1462 944/1113/1462 946/1115/1462
f 1067/1285/1463 946/1115/1463 1066/1284/1463
f 1066/1284/1464 946/1115/1464 958/1129/1464
f 1066/1284/1465 958/1129/1465 1065/1283/1465
f 1065/1283/1466 958/1129/1466 957/1128/1466
f 1065/1283/1467 957/1128/1467 1021/1213/1467
f 1021/1213/1468 957/1128/1468 956/1127/1468
f 1021/1213/1469 956/1127/1469 951/1120/1469
f 949/1118/1470 948/1117/1470 1070/1288/1470
f 1070/1288/1471 948/1117/1471 1069/1287/1471
f 1070/1288/1472 1069/1287/1472 1071/1289/1472
f 1071/1289/1473 1069/1287/1473 1064/1272/1473
f 1071/1289/1474 1064/1272/1474 1072/1290/1474
f 1072/1290/1475 1064/1272/1475 1053/1254/1475
f 1072/1290/1476 1053/1254/1476 1073/1291/1476
f 1073/1291/1477 1053/1254/1477 1042/1253/1477
f 1073/1292/1478 1042/1241/1478 1074/1293/1478
f 1074/1293/1479 1042/1241/1479 1005/1197/1479
f 1074/1293/1480 1005/1197/1480 294/322/1480
f 294/322/1481 1005/1197/1481 295/323/1481
f 941/1110/1482 949/1118/1482 1075/1294/1482
f 1075/1294/1483 949/1118/1483 1070/1288/1483
f 1075/1294/1484 1070/1288/1484 1076/1295/1484
f 1076/1295/1485 1070/1288/1485 1071/1289/1485
f 1076/1295/1486 1071/1289/1486 1077/1296/1486
f 1077/1296/1487 1071/1289/1487 1072/1290/1487
f 1077/1296/1488 1072/1290/1488 1078/1297/1488
f 1078/1297/1489 1072/1290/1489 1073/1291/1489
f 1078/1298/1490 1073/1292/1490 1079/1299/1490
f 1079/1299/1491 1073/1292/1491 1074/1293/1491
f 1079/1299/1492 1074/1293/1492 293/321/1492
f 293/321/1493 1074/1293/1493 294/322/1493
f 942/1111/1494 941/1110/1494 1080/1300/1494
f 1080/1300/1495 941/1110/1495 1075/1294/1495
f 1080/1300/1496 1075/1294/1496 1081/1301/1496
f 1081/1301/1497 1075/1294/1497 1076/1295/1497
f 1081/1301/1498 1076/1295/1498 1082/1302/1498
f 1082/1302/1499 1076/1295/1499 1077/1296/1499
f 1082/1302/1500 1077/1296/1500 1083/1303/1500
f 1083/1303/1501 1077/1296/1501 1078/1297/1501
f 1083/1304/1502 1078/1298/1502 1084/1305/1502
f 1084/1305/1503 1078/1298/1503 1079/1299/1503
f 1084/1305/1504 1079/1299/1504 292/320/1504
f 292/320/1505 1079/1299/1505 293/321/1505
f 943/1112/1506 942/1111/1506 1085/1306/1506
f 1085/1306/1507 942/1111/1507 1080/1300/1507
f 1085/1306/1508 1080/1300/1508 1086/1307/1508
f 1086/1307/1509 1080/1300/1509 1081/1301/1509
f 1086/1307/1510 1081/1301/1510 1087/1308/1510
f 1087/1308/1511 1081/1301/1511 1082/1302/1511
f 1087/1308/1512 1082/1302/1512 1088/1309/1512
f 1088/1309/1513 1082/1302/1513 1083/1303/1513
f 1088/1310/1514 1083/1304/1514 1089/1311/1514
f 1089/1311/1515 1083/1304/1515 1084/1305/1515
f 1089/1311/1516 1084/1305/1516 290/318/1516
f 290/318/1517 1084/1305/1517 292/320/1517
f 890/1057/1518 943/1112/1518 896/1061/1518
f 896/1061/1519 943/1112/1519 1085/1306/1519
f 896/1061/1520 1085/1306/1520 902/1067/1520
f 902/1067/1521 1085/1306/1521 1086/1307/1521
f 902/1067/1522 1086/1307/1522 904/1069/1522
f 904/1069/1523 1086/1307/1523 1087/1308/1523
f 904/1069/1524 1087/1308/1524 912/1077/1524
f 912/1077/1525 1087/1308/1525 1088/1309/1525
f 912/1081/1526 1088/1310/1526 920/1087/1526
f 920/1087/1527 1088/1310/1527 1089/1311/1527
f 920/1087/1528 1089/1311/1528 289/317/1528
f 289/317/1529 1089/1311/1529 290/318/1529
f 893/1312/1530 1090/1313/1530 1091/1314/1530
f 1091/1314/1531 1090/1313/1531 1092/1315/1531
f 1091/1314/1532 1092/1315/1532 1093/1316/1532
f 1093/1316/1533 1092/1315/1533 1094/836/1533
f 1093/1316/1534 1094/836/1534 271/297/1534
f 271/297/1535 1094/836/1535 1095/298/1535
f 201/223/1536 1007/1199/1536 202/224/1536
f 202/1317/1537 1007/1318/1537 1008/1319/1537
f 202/224/1538 1008/1200/1538 271/297/1538
f 271/297/1539 1008/1200/1539 1093/1316/1539
f 1093/1316/1540 1008/1200/1540 1010/1202/1540
f 1093/1316/1541 1010/1202/1541 1091/1314/1541
f 891/1058/1542 893/1060/1542 1014/1226/1542
f 1014/1320/1543 893/1321/1543 1091/1322/1543
f 1014/1206/1544 1091/1314/1544 1012/1204/1544
f 1012/1204/1545 1091/1314/1545 1010/1202/1545
f 1096/1323/288 1097/1324/288 1098/1325/288
f 1098/1325/288 1097/1324/288 1099/1326/288
f 1098/1325/288 1099/1326/288 1100/1327/288
f 1100/1327/288 1099/1326/288 1101/1328/288
f 1100/1327/288 1101/1328/288 1102/1329/288
f 1102/1329/288 1101/1328/288 1103/1330/288
f 1102/1329/288 1103/1330/288 1104/1331/288
f 1104/1331/288 1103/1330/288 1105/1332/288
f 1104/1331/288 1105/1332/288 1106/1333/288
f 1106/1333/288 1105/1332/288 1107/1334/288
f 1106/1333/288 1107/1334/288 1108/1335/288
f 1108/1335/288 1107/1334/288 1109/1336/288
f 1108/1335/288 1109/1336/288 1110/1337/288
f 1110/1337/288 1109/1336/288 1111/1338/288
f 1110/1337/288 1111/1338/288 1112/1339/288
f 1112/1339/288 1111/1338/288 1113/1340/288
f 1112/1339/288 1113/1340/288 1114/1341/288
f 1114/1341/288 1113/1340/288 1115/1342/288
f 1114/1341/288 1115/1342/288 1116/1343/288
f 1116/1343/288 1115/1342/288 1117/1344/288
f 1116/1343/288 1117/1344/288 1118/1345/288
f 1118/1345/288 1117/1344/288 1119/1346/288
f 1118/1345/288 1119/1346/288 1120/1347/288
f 1120/1347/288 1119/1346/288 1121/1348/288
f 1120/1347/288 1121/1348/288 1122/1349/288
f 1122/1349/288 1121/1348/288 1123/1350/288
f 1122/1349/288 1123/1350/288 1124/1351/288
f 1124/1351/288 1123/1350/288 1125/1352/288
f 1124/1351/288 1125/1352/288 1126/1353/288
f 1126/1353/288 1125/1352/288 1127/1354/288
f 1126/1353/288 1127/1354/288 1128/1355/288
f 1128/1355/288 1127/1354/288 1129/1356/288
f 1128/1355/288 1129/1356/288 1130/1357/288
f 1130/1357/288 1129/1356/288 1131/1358/288
f 1130/1357/288 1131/1358/288 1132/1359/288
f 1132/1359/288 1131/1358/288 1133/1360/288
f 1132/1359/288 1133/1360/288 1134/1361/288
f 1134/1361/288 1133/1360/288 1135/1362/288
f 1134/1361/288 1135/1362/288 1136/1363/288
f 1136/1363/288 1135/1362/288 1137/1364/288
f 1136/1363/288 1137/1364/288 1138/1365/288
f 1138/1365/288 1137/1364/288 1139/1366/288
f 1138/1365/288 1139/1366/288 1140/1367/288
f 1140/1367/288 1139/1366/288 1141/1368/288
f 1140/1367/288 1141/1368/288 1142/1369/288
f 1142/1369/288 1141/1368/288 1143/1370/288
f 1142/1369/288 1143/1370/288 1144/1371/288
f 1144/1371/288 1143/1370/288 1145/1372/288
f 1144/1371/288 1145/1372/288 1146/1373/288
f 1146/1373/288 1145/1372/288 1147/1374/288
f 1146/1373/288 1147/1374/288 1148/1375/288
f 1148/1375/288 1147/1374/288 1149/1376/288
f 1148/1375/288 1149/1376/288 1150/1377/288
f 1150/1377/288 1149/1376/288 1151/1378/288
f 1150/1377/288 1151/1378/288 1152/1379/288
f 1152/1379/288 1151/1378/288 1153/1380/288
f 1152/1379/288 1153/1380/288 1154/1381/288
f 1154/1381/288 1153/1380/288 1096/1323/288
f 1154/1381/288 1096/1323/288 1098/1325/288
f 1130/1382/1546 1155/1383/1546 1128/1384/1546
f 1128/1385/1547 1155/1386/1547 352/1387/1547
f 1128/1385/1547 352/1387/1547 1126/1388/1547
f 1126/1388/1548 352/1387/1548 350/1389/1548
f 1126/1388/1548 350/1389/1548 1124/1390/1548
f 1124/1390/1549 350/1389/1549 348/1391/1549
f 1124/1390/1549 348/1391/1549 1122/1392/1549
f 1122/1392/1550 348/1391/1550 346/1393/1550
f 1122/1392/1550 346/1393/1550 1120/1394/1550
f 1120/1394/1551 346/1393/1551 344/1395/1551
f 1120/1394/1551 344/1395/1551 1118/1396/1551
f 1118/1396/1552 344/1395/1552 342/1397/1552
f 1118/1396/1552 342/1397/1552 1116/1398/1552
f 1116/1398/1553 342/1397/1553 340/1399/1553
f 1116/1398/1553 340/1399/1553 1114/1400/1553
f 1114/1401/1554 340/1402/1554 338/1403/1554
f 1114/1401/1554 338/1403/1554 1112/1404/1554
f 1112/1404/1555 338/1403/1555 336/1405/1555
f 1112/1404/1555 336/1405/1555 1110/1406/1555
f 1110/1406/1556 336/1405/1556 334/1407/1556
f 1110/1406/1556 334/1407/1556 1108/1408/1556
f 1108/1408/1557 334/1407/1557 332/1409/1557
f 1108/1408/1557 332/1409/1557 1106/1410/1557
f 1106/1410/1558 332/1409/1558 330/1411/1558
f 1106/1410/1558 330/1411/1558 1104/1412/1558
f 1104/1412/1559 330/1411/1559 328/1413/1559
f 1104/1412/1559 328/1413/1559 1102/1414/1559
f 1102/1414/1560 328/1413/1560 326/1415/1560
f 1102/1414/1560 326/1415/1560 1100/1416/1560
f 1100/1417/1561 326/1418/1561 324/1419/1561
f 1100/1417/1561 324/1419/1561 1098/1420/1561
f 1098/1420/1562 324/1419/1562 323/1421/1562
f 1098/1420/1562 323/1421/1562 1154/1422/1562
f 1154/1422/1563 323/1421/1563 378/1423/1563
f 1154/1422/1563 378/1423/1563 1152/1424/1563
f 1152/1424/1564 378/1423/1564 376/1425/1564
f 1152/1424/1564 376/1425/1564 1150/1426/1564
f 1150/1426/1565 376/1425/1565 374/1427/1565
f 1150/1426/1565 374/1427/1565 1148/1428/1565
f 1148/1428/1566 374/1427/1566 372/1429/1566
f 1148/1428/1566 372/1429/1566 1146/1430/1566
f 1146/1430/1567 372/1429/1567 370/1431/1567
f 1146/1430/1567 370/1431/1567 1144/1432/1567
f 1144/1432/1568 370/1431/1568 368/1433/1568
f 1144/1432/1568 368/1433/1568 1142/1434/1568
f 1142/1435/1569 368/1436/1569 366/1437/1569
f 1142/1435/1569 366/1437/1569 1140/1438/1569
f 1140/1438/1570 366/1437/1570 364/1439/1570
f 1140/1438/1570 364/1439/1570 1138/1440/1570
f 1138/1440/1571 364/1439/1571 362/1441/1571
f 1138/1440/1571 362/1441/1571 1136/1442/1571
f 1136/1442/1572 362/1441/1572 360/1443/1572
f 1136/1442/1572 360/1443/1572 1134/1444/1572
f 1134/1444/1573 360/1443/1573 358/1445/1573
f 1134/1444/1573 358/1445/1573 1132/1446/1573
f 1132/1446/1574 358/1445/1574 356/1447/1574
f 1132/1446/1574 356/1447/1574 1130/1382/1574
f 1130/1382/1546 356/1447/1546 1155/1383/1546
f 1156/1448/1561 1157/1449/1561 1158/1450/1561
f 1158/1450/1561 1157/1449/1561 1159/1451/1561
f 1158/1450/1561 1159/1451/1561 1160/1452/1561
f 1160/1452/1561 1159/1451/1561 1161/1453/1561
f 1162/1454/1561 1163/1455/1561 1164/1456/1561
f 1164/1456/1561 1163/1455/1561 1165/1457/1561
f 1164/1456/1561 1165/1457/1561 1166/1458/1561
f 1167/1459/1561 1168/1460/1561 1159/1451/1561
f 1159/1451/1561 1168/1460/1561 1169/1461/1561
f 1159/1451/1561 1169/1461/1561 1170/1462/1561
f 1162/1454/1561 1164/1456/1561 1158/1450/1561
f 1158/1450/1561 1164/1456/1561 1171/1463/1561
f 1158/1450/1561 1171/1463/1561 1172/1464/1561
f 1173/1465/1561 1174/1466/1561 1158/1450/1561
f 1158/1450/1561 1174/1466/1561 1175/1467/1561
f 1176/1468/1561 1177/1469/1561 1159/1451/1561
f 1159/1451/1561 1177/1469/1561 1178/1470/1561
f 1159/1451/1561 1178/1470/1561 1167/1459/1561
f 1176/1468/1561 1179/1471/1561 1177/1469/1561
f 1177/1469/1561 1179/1471/1561 1180/1472/1561
f 1177/1469/1561 1180/1472/1561 1181/1473/1561
f 1182/1474/1561 1183/1475/1561 1181/1473/1561
f 1181/1473/1561 1183/1475/1561 1184/1476/1561
f 1181/1473/1561 1184/1476/1561 1177/1469/1561
f 1170/1462/1561 1185/1477/1561 1159/1451/1561
f 1159/1451/1561 1185/1477/1561 1186/1478/1561
f 1159/1451/1561 1186/1478/1561 1161/1453/1561
f 1166/1458/1561 1187/1479/1561 1164/1456/1561
f 1164/1456/1561 1187/1479/1561 1188/1480/1561
f 1164/1456/1561 1188/1480/1561 1189/1481/1561
f 1189/1481/1561 1190/1482/1561 1164/1456/1561
f 1164/1456/1561 1190/1482/1561 1191/1483/1561
f 1164/1456/1561 1191/1483/1561 1192/1484/1561
f 1193/1485/1561 1194/1486/1561 1164/1456/1561
f 1164/1456/1561 1194/1486/1561 1195/1487/1561
f 1164/1456/1561 1195/1487/1561 1196/1488/1561
f 1172/1464/1561 1197/1489/1561 1158/1450/1561
f 1158/1450/1561 1197/1489/1561 1198/1490/1561
f 1158/1450/1561 1198/1490/1561 1173/1465/1561
f 1175/1467/1561 1199/1491/1561 1158/1450/1561
f 1158/1450/1561 1199/1491/1561 1200/1492/1561
f 1158/1450/1561 1200/1492/1561 1156/1448/1561
f 1192/1484/1561 1201/1493/1561 1164/1456/1561
f 1164/1456/1561 1201/1493/1561 1202/1494/1561
f 1164/1456/1561 1202/1494/1561 1193/1485/1561
f 1203/1495/1561 1204/1496/1561 1205/1497/1561
f 1203/1495/1561 1205/1497/1561 1206/1498/1561
f 1196/1488/1561 1207/1499/1561 1164/1456/1561
f 1164/1456/1561 1207/1499/1561 1208/1500/1561
f 1164/1456/1561 1208/1500/1561 1205/1497/1561
f 1205/1497/1561 1208/1500/1561 1209/1501/1561
f 1205/1497/1561 1209/1501/1561 1206/1498/1561
f 1204/1496/1561 1210/1502/1561 1205/1497/1561
f 1205/1497/1561 1210/1502/1561 1211/1503/1561
f 1205/1497/1561 1211/1503/1561 1212/1504/1561
f 1213/1505/1561 1214/1506/1561 1212/1504/1561
f 1212/1504/1561 1214/1506/1561 1215/1507/1561
f 1212/1504/1561 1215/1507/1561 1205/1497/1561
f 1216/1508/1 1217/1509/1 1218/1510/1
f 1218/1510/1 1217/1509/1 1219/1511/1
f 1218/1510/1 1219/1511/1 1220/1512/1
f 1220/1512/1 1219/1511/1 1221/1513/1
f 1220/1512/1 1221/1513/1 1222/1514/1
f 1222/1514/1 1221/1513/1 1223/1515/1
f 1222/1514/1 1223/1515/1 1224/1516/1
f 1224/1516/1 1223/1515/1 1225/1517/1
f 1224/1516/1 1225/1517/1 1226/1518/1
f 1226/1518/1 1225/1517/1 1227/1519/1
f 1226/1518/1 1227/1519/1 1228/1520/1
f 1228/1520/1 1227/1519/1 1229/1521/1
f 1228/1520/1 1229/1521/1 1230/1522/1
f 1230/1522/1 1229/1521/1 1231/1523/1
f 1230/1522/1 1231/1523/1 1232/1524/1
f 1232/1524/1 1231/1523/1 1233/1525/1
f 1232/1524/1 1233/1525/1 1234/1526/1
f 1234/1526/1 1233/1525/1 1235/1527/1
f 1234/1526/1 1235/1527/1 1236/1528/1
f 1236/1528/1 1235/1527/1 1237/1529/1
f 1236/1528/1 1237/1529/1 1238/1530/1
f 1238/1530/1 1237/1529/1 1239/1531/1
f 1238/1530/1 1239/1531/1 1240/1532/1
f 1240/1532/1 1239/1531/1 1241/1533/1
f 1240/1532/1 1241/1533/1 1242/1534/1
f 1242/1534/1 1241/1533/1 1243/1535/1
f 1242/1534/1 1243/1535/1 1244/1536/1
f 1244/1536/1 1243/1535/1 1245/1537/1
f 1244/1536/1 1245/1537/1 1246/1538/1
f 1246/1538/1 1245/1537/1 1247/1539/1
f 1246/1538/1 1247/1539/1 1248/1540/1
f 1248/1540/1 1247/1539/1 1249/1541/1
f 1248/1540/1 1249/1541/1 1250/1542/1
f 1250/1542/1 1249/1541/1 1251/1543/1
f 1250/1542/1 1251/1543/1 1252/1544/1
f 1252/1544/1 1251/1543/1 1253/1545/1
f 1252/1544/1 1253/1545/1 1254/1546/1
f 1254/1546/1 1253/1545/1 1255/1547/1
f 1254/1546/1 1255/1547/1 1256/1548/1
f 1256/1548/1 1255/1547/1 1257/1549/1
f 1256/1548/1 1257/1549/1 1258/1550/1
f 1258/1550/1 1257/1549/1 1259/1551/1
f 1258/1550/1 1259/1551/1 1260/1552/1
f 1260/1552/1 1259/1551/1 1261/1553/1
f 1260/1552/1 1261/1553/1 1262/1554/1
f 1262/1554/1 1261/1553/1 1263/1555/1
f 1262/1554/1 1263/1555/1 1264/1556/1
f 1264/1556/1 1263/1555/1 1265/1557/1
f 1264/1556/1 1265/1557/1 1266/1558/1
f 1266/1558/1 1265/1557/1 1267/1559/1
f 1266/1558/1 1267/1559/1 1268/1560/1
f 1268/1560/1 1267/1559/1 1269/1561/1
f 1268/1560/1 1269/1561/1 1270/1562/1
f 1270/1562/1 1269/1561/1 1271/1563/1
f 1270/1562/1 1271/1563/1 1272/1564/1
f 1272/1564/1 1271/1563/1 1273/1565/1
f 1272/1564/1 1273/1565/1 1274/1566/1
f 1274/1566/1 1273/1565/1 1216/1508/1
f 1274/1566/1 1216/1508/1 1218/1510/1
f 1250/1567/1575 1275/1568/1575 1248/1569/1575
f 1248/1569/1576 1275/1568/1576 8/1570/1576
f 1248/1569/1576 8/1570/1576 1246/1571/1576
f 1246/1571/1577 8/1570/1577 7/1572/1577
f 1246/1571/1577 7/1572/1577 1244/1573/1577
f 1244/1573/1578 7/1572/1578 6/1574/1578
f 1244/1573/1578 6/1574/1578 1242/1575/1578
f 1242/1575/1579 6/1574/1579 1/1576/1579
f 1242/1575/1579 1/1576/1579 1240/1577/1579
f 1240/1578/1580 1/1579/1580 3/1580/1580
f 1240/1578/1580 3/1580/1580 1238/1581/1580
f 1238/1581/1581 3/1580/1581 29/1582/1581
f 1238/1581/1581 29/1582/1581 1236/1583/1581
f 1236/1583/1582 29/1582/1582 27/1584/1582
f 1236/1583/1582 27/1584/1582 1234/1585/1582
f 1234/1585/1583 27/1584/1583 26/1586/1583
f 1234/1585/1583 26/1586/1583 1232/1587/1583
f 1232/1587/1584 26/1586/1584 25/1588/1584
f 1232/1587/1584 25/1588/1584 1230/1589/1584
f 1230/1589/1585 25/1588/1585 28/1590/1585
f 1230/1589/1585 28/1590/1585 1228/1591/1585
f 1228/1592/1586 28/1593/1586 24/1594/1586
f 1228/1592/1586 24/1594/1586 1226/1595/1586
f 1226/1595/1587 24/1594/1587 23/1596/1587
f 1226/1595/1587 23/1596/1587 1224/1597/1587
f 1224/1597/1588 23/1596/1588 22/1598/1588
f 1224/1597/1588 22/1598/1588 1222/1599/1588
f 1222/1599/1589 22/1598/1589 17/1600/1589
f 1222/1599/1589 17/1600/1589 1220/1601/1589
f 1220/1601/288 17/1600/288 16/1602/288
f 1220/1601/288 16/1602/288 1218/1603/288
f 1218/1603/1590 16/1602/1590 15/1604/1590
f 1218/1603/1590 15/1604/1590 1274/1605/1590
f 1274/1605/1591 15/1604/1591 5/1606/1591
f 1274/1605/1591 5/1606/1591 1272/1607/1591
f 1272/1607/1592 5/1606/1592 4/1608/1592
f 1272/1607/1592 4/1608/1592 1270/1609/1592
f 1270/1609/1593 4/1608/1593 2/1610/1593
f 1270/1609/1593 2/1610/1593 1268/1611/1593
f 1268/1612/1594 2/1613/1594 21/1614/1594
f 1268/1612/1594 21/1614/1594 1266/1615/1594
f 1266/1615/1595 21/1614/1595 20/1616/1595
f 1266/1615/1595 20/1616/1595 1264/1617/1595
f 1264/1617/1596 20/1616/1596 19/1618/1596
f 1264/1617/1596 19/1618/1596 1262/1619/1596
f 1262/1619/1597 19/1618/1597 18/1620/1597
f 1262/1619/1597 18/1620/1597 1260/1621/1597
f 1260/1621/1598 18/1620/1598 14/1622/1598
f 1260/1621/1598 14/1622/1598 1258/1623/1598
f 1258/1623/1599 14/1622/1599 13/1624/1599
f 1258/1623/1599 13/1624/1599 1256/1625/1599
f 1256/1626/1600 13/1627/1600 12/1628/1600
f 1256/1626/1600 12/1628/1600 1254/1629/1600
f 1254/1629/1601 12/1628/1601 11/1630/1601
f 1254/1629/1601 11/1630/1601 1252/1631/1601
f 1252/1631/1602 11/1630/1602 10/1632/1602
f 1252/1631/1602 10/1632/1602 1250/1567/1602
f 1250/1567/1575 10/1632/1575 1275/1568/1575
f 1276/1633/1603 1277/1497/1603 1278/1634/1603
f 1278/1634/1604 1277/1497/1604 1215/1507/1604
f 1278/1634/1605 1215/1507/1605 1279/1635/1605
f 1279/1635/1606 1215/1507/1606 1214/1506/1606
f 1279/1635/1606 1214/1506/1606 1280/1636/1606
f 1280/1636/1607 1214/1506/1607 1213/1505/1607
f 1280/1636/1607 1213/1505/1607 1281/1637/1607
f 1281/1638/1608 1213/1639/1608 1212/1640/1608
f 1281/1638/1608 1212/1640/1608 1282/1641/1608
f 1282/1641/1609 1212/1640/1609 1211/1642/1609
f 1282/1641/1610 1211/1642/1610 1283/1643/1610
f 1283/1643/1611 1211/1642/1611 1210/1644/1611
f 1283/1643/1611 1210/1644/1611 1284/1645/1611
f 1284/1645/1612 1210/1644/1612 1204/1646/1612
f 1284/1645/1613 1204/1646/1613 1285/1647/1613
f 1285/1647/1614 1204/1646/1614 1203/1648/1614
f 1285/1647/1614 1203/1648/1614 1286/1649/1614
f 1286/1649/1615 1203/1648/1615 1206/1650/1615
f 1286/1649/1616 1206/1650/1616 1287/1651/1616
f 1287/1651/1617 1206/1650/1617 1209/1652/1617
f 1287/1651/1617 1209/1652/1617 1288/1653/1617
f 1288/1653/1618 1209/1652/1618 1208/1654/1618
f 1288/1653/1619 1208/1654/1619 1289/1655/1619
f 1289/1655/1620 1208/1654/1620 1207/1656/1620
f 1289/1655/1620 1207/1656/1620 1290/1657/1620
f 1290/1657/1621 1207/1656/1621 1196/1658/1621
f 1290/1657/1622 1196/1658/1622 1291/1659/1622
f 1291/1659/1623 1196/1658/1623 1195/1660/1623
f 1291/1659/1623 1195/1660/1623 1292/1661/1623
f 1292/1661/1624 1195/1660/1624 1194/1662/1624
f 1292/1661/1624 1194/1662/1624 1293/1663/1624
f 1293/1663/1625 1194/1662/1625 1193/1664/1625
f 1293/1663/1625 1193/1664/1625 1294/1665/1625
f 1294/1665/1626 1193/1664/1626 1202/1666/1626
f 1294/1665/1627 1202/1666/1627 1295/1667/1627
f 1295/1667/1628 1202/1666/1628 1201/1668/1628
f 1295/1667/1628 1201/1668/1628 1296/1669/1628
f 1296/1669/1629 1201/1668/1629 1192/1670/1629
f 1296/1669/1630 1192/1670/1630 1297/1671/1630
f 1297/1671/1631 1192/1670/1631 1191/1672/1631
f 1297/1671/1632 1191/1672/1632 1298/1673/1632
f 1298/1673/1633 1191/1672/1633 1190/1674/1633
f 1298/1673/1634 1190/1674/1634 1299/1675/1634
f 1299/1675/1635 1190/1674/1635 1189/1676/1635
f 1299/1675/1635 1189/1676/1635 1300/1677/1635
f 1300/1677/1636 1189/1676/1636 1188/1678/1636
f 1300/1677/1636 1188/1678/1636 1301/1679/1636
f 1301/1679/1637 1188/1678/1637 1187/1680/1637
f 1301/1679/1637 1187/1680/1637 1302/1681/1637
f 1302/1681/1638 1187/1680/1638 1166/1682/1638
f 1302/1681/1639 1166/1682/1639 1303/1683/1639
f 1303/1683/1640 1166/1682/1640 1165/1684/1640
f 1303/1683/1640 1165/1684/1640 1304/1685/1640
f 1304/1685/1641 1165/1684/1641 1163/1686/1641
f 1304/1685/1641 1163/1686/1641 1305/1687/1641
f 1305/1688/1642 1163/1455/1642 1162/1454/1642
f 1305/1688/1642 1162/1454/1642 1306/1689/1642
f 1306/1689/1643 1162/1454/1643 1158/1450/1643
f 1306/1689/1644 1158/1450/1644 1307/1690/1644
f 1307/1690/1645 1158/1450/1645 1160/1452/1645
f 1307/1690/1645 1160/1452/1645 1308/1691/1645
f 1308/1691/1646 1160/1452/1646 1161/1453/1646
f 1308/1691/1647 1161/1453/1647 1309/1692/1647
f 1309/1692/1648 1161/1453/1648 1186/1478/1648
f 1309/1692/1649 1186/1478/1649 1310/1693/1649
f 1310/1693/1650 1186/1478/1650 1185/1477/1650
f 1310/1693/1650 1185/1477/1650 1311/1694/1650
f 1311/1694/1651 1185/1477/1651 1170/1462/1651
f 1311/1694/1652 1170/1462/1652 1312/1695/1652
f 1312/1695/1653 1170/1462/1653 1169/1461/1653
f 1312/1695/1654 1169/1461/1654 1313/1696/1654
f 1313/1696/1655 1169/1461/1655 1168/1460/1655
f 1313/1696/1655 1168/1460/1655 1314/1697/1655
f 1314/1697/1656 1168/1460/1656 1167/1459/1656
f 1314/1697/1656 1167/1459/1656 1315/1698/1656
f 1315/1698/1657 1167/1459/1657 1178/1470/1657
f 1315/1698/1657 1178/1470/1657 1316/1699/1657
f 1316/1699/1658 1178/1470/1658 1177/1469/1658
f 1316/1699/1659 1177/1469/1659 1317/1700/1659
f 1317/1700/1660 1177/1469/1660 1184/1476/1660
f 1317/1700/1661 1184/1476/1661 1318/1701/1661
f 1318/1701/1662 1184/1476/1662 1183/1475/1662
f 1318/1701/1662 1183/1475/1662 1319/1702/1662
f 1319/1702/1663 1183/1475/1663 1182/1474/1663
f 1319/1702/1664 1182/1474/1664 1320/1703/1664
f 1320/1703/1665 1182/1474/1665 1181/1473/1665
f 1320/1703/1665 1181/1473/1665 1321/1704/1665
f 1321/1704/1666 1181/1473/1666 1180/1472/1666
f 1321/1704/1666 1180/1472/1666 1322/1705/1666
f 1322/1705/1667 1180/1472/1667 1179/1471/1667
f 1322/1705/1667 1179/1471/1667 1323/1706/1667
f 1323/1706/1668 1179/1471/1668 1176/1468/1668
f 1323/1706/1669 1176/1468/1669 1324/1707/1669
f 1324/1707/1670 1176/1468/1670 1159/1451/1670
f 1324/1707/1670 1159/1451/1670 1325/1708/1670
f 1325/1708/1671 1159/1451/1671 1157/1449/1671
f 1325/1708/1672 1157/1449/1672 1326/1709/1672
f 1326/1709/1673 1157/1449/1673 1156/1448/1673
f 1326/1709/1673 1156/1448/1673 1327/1710/1673
f 1327/1710/1674 1156/1448/1674 1200/1492/1674
f 1327/1710/1675 1200/1492/1675 1328/1711/1675
f 1328/1711/1676 1200/1492/1676 1199/1491/1676
f 1328/1711/1676 1199/1491/1676 1329/1712/1676
f 1329/1712/1677 1199/1491/1677 1175/1467/1677
f 1329/1712/1678 1175/1467/1678 1330/1713/1678
f 1330/1713/1679 1175/1467/1679 1174/1466/1679
f 1330/1713/1679 1174/1466/1679 1331/1714/1679
f 1331/1714/1680 1174/1466/1680 1173/1465/1680
f 1331/1714/1680 1173/1465/1680 1332/1715/1680
f 1332/1715/1681 1173/1465/1681 1198/1490/1681
f 1332/1715/1681 1198/1490/1681 1333/1716/1681
f 1333/1716/1682 1198/1490/1682 1197/1489/1682
f 1333/1716/1683 1197/1489/1683 1334/1717/1683
f 1334/1717/1684 1197/1489/1684 1172/1464/1684
f 1334/1717/1685 1172/1464/1685 1335/1718/1685
f 1335/1718/1686 1172/1464/1686 1171/1463/1686
f 1335/1718/1687 1171/1463/1687 1336/1719/1687
f 1336/1719/1688 1171/1463/1688 1164/1456/1688
f 1336/1719/1688 1164/1456/1688 1276/1633/1688
f 1276/1633/1689 1164/1456/1689 1277/1497/1689
f 1337/1720/1690 1278/1721/1690 1338/1722/1690
f 1338/1722/1691 1278/1721/1691 1279/1723/1691
f 1338/1722/1692 1279/1723/1692 1339/1724/1692
f 1339/1724/1693 1279/1723/1693 1280/1725/1693
f 1339/1724/1694 1280/1725/1694 1340/1726/1694
f 1340/1726/1695 1280/1725/1695 1281/1727/1695
f 1340/1726/1696 1281/1727/1696 1341/1728/1696
f 1341/1728/1697 1281/1727/1697 1282/1729/1697
f 1341/1728/1698 1282/1729/1698 1342/1730/1698
f 1342/1731/1699 1282/1641/1699 1283/1643/1699
f 1342/1731/1700 1283/1643/1700 1343/1732/1700
f 1343/1732/1701 1283/1643/1701 1284/1645/1701
f 1343/1732/1702 1284/1645/1702 1344/1733/1702
f 1344/1733/1703 1284/1645/1703 1285/1647/1703
f 1344/1733/1704 1285/1647/1704 1345/1734/1704
f 1345/1734/1705 1285/1647/1705 1286/1649/1705
f 1345/1734/1705 1286/1649/1705 1346/1735/1705
f 1346/1735/1706 1286/1649/1706 1287/1651/1706
f 1346/1735/1707 1287/1651/1707 1347/1736/1707
f 1347/1736/1708 1287/1651/1708 1288/1653/1708
f 1347/1736/1708 1288/1653/1708 1348/1737/1708
f 1348/1737/1709 1288/1653/1709 1289/1655/1709
f 1348/1737/1709 1289/1655/1709 1349/1738/1709
f 1349/1738/1710 1289/1655/1710 1290/1657/1710
f 1349/1738/1711 1290/1657/1711 1350/1739/1711
f 1350/1739/1712 1290/1657/1712 1291/1659/1712
f 1350/1739/1713 1291/1659/1713 1351/1740/1713
f 1351/1740/1714 1291/1659/1714 1292/1661/1714
f 1351/1740/1715 1292/1661/1715 1352/1741/1715
f 1352/1741/1716 1292/1661/1716 1293/1663/1716
f 1352/1741/1717 1293/1663/1717 1353/1742/1717
f 1353/1742/1718 1293/1663/1718 1294/1665/1718
f 1353/1742/1719 1294/1665/1719 1354/1743/1719
f 1354/1743/1720 1294/1665/1720 1295/1667/1720
f 1354/1743/1720 1295/1667/1720 1355/1744/1720
f 1355/1744/1721 1295/1667/1721 1296/1669/1721
f 1355/1744/1722 1296/1669/1722 1356/1745/1722
f 1356/1745/1723 1296/1669/1723 1297/1671/1723
f 1356/1745/1724 1297/1671/1724 1357/1746/1724
f 1357/1746/1725 1297/1671/1725 1298/1673/1725
f 1357/1746/1726 1298/1673/1726 1358/1747/1726
f 1358/1747/1727 1298/1673/1727 1299/1675/1727
f 1358/1747/1728 1299/1675/1728 1359/1748/1728
f 1359/1748/1729 1299/1675/1729 1300/1677/1729
f 1359/1748/1730 1300/1677/1730 1360/1749/1730
f 1360/1749/1731 1300/1677/1731 1301/1679/1731
f 1360/1749/1732 1301/1679/1732 1361/1750/1732
f 1361/1750/1733 1301/1679/1733 1302/1681/1733
f 1361/1750/1734 1302/1681/1734 1362/1751/1734
f 1362/1751/1735 1302/1681/1735 1303/1683/1735
f 1362/1751/1736 1303/1683/1736 1363/1752/1736
f 1363/1753/1737 1303/1754/1737 1304/1755/1737
f 1363/1753/1738 1304/1755/1738 1364/1756/1738
f 1364/1756/1739 1304/1755/1739 1305/1757/1739
f 1364/1756/1740 1305/1757/1740 1365/1758/1740
f 1365/1758/1741 1305/1757/1741 1306/1759/1741
f 1365/1758/1742 1306/1759/1742 1366/1760/1742
f 1366/1760/1743 1306/1759/1743 1307/1761/1743
f 1366/1760/1744 1307/1761/1744 1367/1762/1744
f 1367/1762/1745 1307/1761/1745 1308/1763/1745
f 1367/1762/1746 1308/1763/1746 1368/1764/1746
f 1368/1764/1747 1308/1763/1747 1309/1765/1747
f 1368/1764/1748 1309/1765/1748 1369/1766/1748
f 1369/1766/1749 1309/1765/1749 1310/1767/1749
f 1369/1766/1749 1310/1767/1749 1370/1768/1749
f 1370/1768/1750 1310/1767/1750 1311/1769/1750
f 1370/1768/1751 1311/1769/1751 1371/1770/1751
f 1371/1770/1752 1311/1769/1752 1312/1771/1752
f 1371/1770/1753 1312/1771/1753 1372/1772/1753
f 1372/1773/1754 1312/1695/1754 1313/1696/1754
f 1372/1773/1755 1313/1696/1755 1373/1774/1755
f 1373/1774/1756 1313/1696/1756 1314/1697/1756
f 1373/1774/1757 1314/1697/1757 1374/1775/1757
f 1374/1775/1758 1314/1697/1758 1315/1698/1758
f 1374/1775/1759 1315/1698/1759 1375/1776/1759
f 1375/1776/1760 1315/1698/1760 1316/1699/1760
f 1375/1776/1761 1316/1699/1761 1376/1777/1761
f 1376/1777/1762 1316/1699/1762 1317/1700/1762
f 1376/1777/1763 1317/1700/1763 1377/1778/1763
f 1377/1778/1764 1317/1700/1765 1318/1701/1765
f 1377/1778/1766 1318/1701/1766 1378/1779/1766
f 1378/1779/1767 1318/1701/1767 1319/1702/1767
f 1378/1779/1768 1319/1702/1768 1379/1780/1768
f 1379/1780/1769 1319/1702/1769 1320/1703/1769
f 1379/1780/1770 1320/1703/1770 1380/1781/1770
f 1380/1781/1771 1320/1703/1771 1321/1704/1771
f 1380/1781/1771 1321/1704/1771 1381/1782/1771
f 1381/1782/1772 1321/1704/1772 1322/1705/1772
f 1381/1782/1772 1322/1705/1772 1382/1783/1772
f 1382/1783/1773 1322/1705/1773 1323/1706/1773
f 1382/1783/1774 1323/1706/1774 1383/1784/1774
f 1383/1784/1775 1323/1706/1775 1324/1707/1775
f 1383/1784/1776 1324/1707/1776 1384/1785/1776
f 1384/1785/1777 1324/1707/1777 1325/1708/1777
f 1384/1785/1777 1325/1708/1777 1385/1786/1777
f 1385/1786/1778 1325/1708/1778 1326/1709/1778
f 1385/1786/1779 1326/1709/1779 1386/1787/1779
f 1386/1787/1780 1326/1709/1780 1327/1710/1780
f 1386/1787/1781 1327/1710/1781 1387/1788/1781
f 1387/1788/1782 1327/1710/1782 1328/1711/1782
f 1387/1788/1782 1328/1711/1782 1388/1789/1782
f 1388/1789/1783 1328/1711/1783 1329/1712/1783
f 1388/1789/1784 1329/1712/1784 1389/1790/1784
f 1389/1790/1785 1329/1712/1785 1330/1713/1785
f 1389/1790/1786 1330/1713/1786 1390/1791/1786
f 1390/1791/1787 1330/1713/1787 1331/1714/1787
f 1390/1791/1788 1331/1714/1788 1391/1792/1788
f 1391/1792/1789 1331/1714/1789 1332/1715/1789
f 1391/1792/1790 1332/1715/1790 1392/1793/1790
f 1392/1793/1791 1332/1715/1791 1333/1716/1791
f 1392/1793/1792 1333/1716/1792 1393/1794/1792
f 1393/1794/1793 1333/1716/1793 1334/1717/1793
f 1393/1794/1794 1334/1717/1794 1394/1795/1794
f 1394/1795/1795 1334/1717/1795 1335/1718/1795
f 1394/1795/1796 1335/1718/1796 1395/1796/1796
f 1395/1797/1797 1335/1798/1797 1336/1799/1797
f 1395/1797/1797 1336/1799/1797 1396/1800/1797
f 1396/1800/1798 1336/1799/1798 1276/1801/1798
f 1396/1800/1799 1276/1801/1799 1337/1720/1799
f 1337/1720/1800 1276/1801/1800 1278/1721/1800
f 99/107/1801 1338/1722/1801 97/105/1801
f 97/105/1802 1338/1722/1802 1339/1724/1802
f 97/105/1803 1339/1724/1803 95/103/1803
f 95/103/1804 1339/1724/1804 1340/1726/1804
f 95/103/1805 1340/1726/1805 93/101/1805
f 93/101/1806 1340/1726/1806 1341/1728/1806
f 93/101/1807 1341/1728/1807 91/99/1807
f 91/99/1808 1341/1728/1808 1342/1730/1808
f 91/99/1809 1342/1730/1809 89/97/1809
f 89/97/1810 1342/1730/1810 1343/1802/1810
f 89/97/1811 1343/1802/1811 87/95/1811
f 87/95/1812 1343/1802/1812 1344/1803/1812
f 87/95/1812 1344/1803/1812 84/92/1812
f 84/92/1813 1344/1803/1813 1345/1804/1813
f 84/92/1814 1345/1804/1814 113/121/1814
f 113/1805/1815 1345/1734/1815 1346/1735/1815
f 113/1805/1816 1346/1735/1816 110/140/1816
f 110/140/1817 1346/1735/1817 1347/1736/1817
f 110/140/1817 1347/1736/1817 131/141/1817
f 131/141/1818 1347/1736/1818 1348/1737/1818
f 131/141/1819 1348/1737/1819 124/132/1819
f 124/132/1820 1348/1737/1820 1349/1738/1820
f 124/132/1821 1349/1738/1821 140/156/1821
f 140/156/1822 1349/1738/1822 1350/1739/1822
f 140/156/1823 1350/1739/1823 142/158/1823
f 142/158/1824 1350/1739/1824 1351/1740/1824
f 142/158/1825 1351/1740/1825 143/159/1825
f 143/159/1826 1351/1740/1826 1352/1741/1826
f 143/159/1827 1352/1741/1827 145/161/1827
f 145/161/1828 1352/1741/1828 1353/1742/1828
f 145/161/1829 1353/1742/1829 146/162/1829
f 146/162/1830 1353/1742/1830 1354/1743/1830
f 146/162/1830 1354/1743/1830 148/164/1830
f 148/164/1831 1354/1743/1831 1355/1744/1831
f 148/164/1831 1355/1744/1831 149/165/1831
f 149/165/1832 1355/1744/1832 1356/1745/1832
f 149/165/1832 1356/1745/1832 151/167/1832
f 151/167/1833 1356/1745/1833 1357/1746/1833
f 151/167/1834 1357/1746/1834 152/168/1834
f 152/168/1835 1357/1746/1835 1358/1747/1835
f 152/168/1836 1358/1747/1836 154/170/1836
f 154/170/1837 1358/1747/1837 1359/1748/1837
f 154/170/1837 1359/1748/1837 155/171/1837
f 155/171/1838 1359/1748/1838 1360/1749/1838
f 155/171/1839 1360/1749/1839 157/1806/1839
f 157/174/1840 1360/1807/1840 1361/1808/1840
f 157/174/1841 1361/1808/1841 158/176/1841
f 158/176/1842 1361/1808/1842 1362/1809/1842
f 158/176/1842 1362/1809/1842 160/178/1842
f 160/178/1843 1362/1809/1843 1363/1753/1843
f 160/178/1843 1363/1753/1843 161/179/1843
f 161/179/1844 1363/1753/1844 1364/1756/1844
f 161/179/1844 1364/1756/1844 163/181/1844
f 163/181/1845 1364/1756/1845 1365/1758/1845
f 163/181/1846 1365/1758/1846 164/182/1846
f 164/182/1847 1365/1758/1847 1366/1760/1847
f 164/182/1848 1366/1760/1848 166/184/1848
f 166/184/1849 1366/1760/1849 1367/1762/1849
f 166/184/1850 1367/1762/1850 167/185/1850
f 167/185/1851 1367/1762/1851 1368/1764/1851
f 167/185/1852 1368/1764/1852 169/187/1852
f 169/187/1853 1368/1764/1853 1369/1766/1853
f 169/187/1854 1369/1766/1854 170/188/1854
f 170/188/1855 1369/1766/1855 1370/1768/1855
f 170/188/1856 1370/1768/1856 172/190/1856
f 172/190/1857 1370/1768/1857 1371/1770/1857
f 172/190/1857 1371/1770/1857 173/191/1857
f 173/191/1858 1371/1770/1858 1372/1772/1858
f 173/191/1859 1372/1772/1859 175/193/1859
f 175/193/1860 1372/1772/1860 1373/1810/1860
f 175/193/1861 1373/1810/1861 176/194/1861
f 176/194/1862 1373/1810/1862 1374/1811/1862
f 176/194/1863 1374/1811/1863 178/196/1863
f 178/196/1864 1374/1811/1864 1375/1812/1864
f 178/196/1865 1375/1812/1865 179/197/1865
f 179/197/1866 1375/1812/1866 1376/1813/1866
f 179/197/1867 1376/1813/1867 181/199/1867
f 181/1814/1868 1376/1777/1868 1377/1778/1868
f 181/1814/1868 1377/1778/1868 182/1815/1868
f 182/1815/1869 1377/1778/1869 1378/1779/1869
f 182/1815/1869 1378/1779/1869 184/1816/1869
f 184/1816/1870 1378/1779/1870 1379/1780/1870
f 184/1816/1871 1379/1780/1871 185/1817/1871
f 185/1817/1872 1379/1780/1872 1380/1781/1872
f 185/1817/1873 1380/1781/1873 187/1818/1873
f 187/1818/1874 1380/1781/1874 1381/1782/1874
f 187/1818/1874 1381/1782/1874 188/1819/1874
f 188/1819/1875 1381/1782/1875 1382/1783/1875
f 188/1819/1876 1382/1783/1876 190/1820/1876
f 190/1820/1877 1382/1783/1877 1383/1784/1877
f 190/1820/1877 1383/1784/1877 191/1821/1877
f 191/1821/1878 1383/1784/1878 1384/1785/1878
f 191/1821/1879 1384/1785/1879 193/1822/1879
f 193/1822/1880 1384/1785/1880 1385/1786/1880
f 193/1822/1881 1385/1786/1881 194/1823/1881
f 194/1823/1882 1385/1786/1882 1386/1787/1882
f 194/1823/1883 1386/1787/1883 197/1824/1883
f 197/1824/1884 1386/1787/1884 1387/1788/1884
f 197/1824/1885 1387/1788/1885 196/1825/1885
f 196/1825/1886 1387/1788/1886 1388/1789/1886
f 196/1825/1887 1388/1789/1887 60/1826/1887
f 60/1826/1888 1388/1789/1888 1389/1790/1888
f 60/1826/1889 1389/1790/1889 81/1827/1889
f 81/1827/1890 1389/1790/1890 1390/1791/1890
f 81/1827/1890 1390/1791/1890 79/1828/1890
f 79/83/1891 1390/1829/1891 1391/1830/1891
f 79/83/1892 1391/1830/1892 77/81/1892
f 77/81/1893 1391/1830/1893 1392/1831/1893
f 77/81/1894 1392/1831/1894 75/79/1894
f 75/79/1895 1392/1831/1895 1393/1832/1895
f 75/79/1896 1393/1832/1896 107/115/1896
f 107/115/1897 1393/1832/1897 1394/1833/1897
f 107/115/1897 1394/1833/1897 105/113/1897
f 105/113/1898 1394/1833/1898 1395/1797/1898
f 105/113/1899 1395/1797/1899 103/111/1899
f 103/111/1900 1395/1797/1900 1396/1800/1900
f 103/111/1901 1396/1800/1901 101/109/1901
f 101/109/1902 1396/1800/1902 1337/1720/1902
f 101/109/1903 1337/1720/1903 99/107/1903
f 99/107/1801 1337/1720/1801 1338/1722/1801
f 307/1834/1904 1097/1324/1904 312/1835/1904
f 312/1835/1905 1097/1324/1905 1096/1323/1905
f 312/1835/1906 1096/1323/1906 317/1836/1906
f 317/1836/1907 1096/1323/1907 1153/1380/1907
f 317/1836/1908 1153/1380/1908 206/1837/1908
f 206/1837/1908 1153/1380/1908 1151/1378/1908
f 206/1837/1909 1151/1378/1909 204/1838/1909
f 204/1838/1909 1151/1378/1909 1149/1376/1909
f 204/1838/1910 1149/1376/1910 218/1839/1910
f 218/1839/1910 1149/1376/1910 1147/1374/1910
f 218/1839/1911 1147/1374/1911 226/1840/1911
f 226/1840/1912 1147/1374/1912 1145/1372/1912
f 226/1840/1913 1145/1372/1913 229/1841/1913
f 229/1841/1914 1145/1372/1914 1143/1370/1914
f 229/1841/1915 1143/1370/1915 230/1842/1915
f 230/1842/1916 1143/1370/1916 1141/1368/1916
f 230/1842/1917 1141/1368/1917 237/1843/1917
f 237/1843/1917 1141/1368/1917 1139/1366/1917
f 237/1843/1918 1139/1366/1918 235/1844/1918
f 235/1844/1918 1139/1366/1918 1137/1364/1918
f 235/1844/1919 1137/1364/1919 242/1845/1919
f 242/1845/1919 1137/1364/1919 1135/1362/1919
f 242/1845/1920 1135/1362/1920 246/1846/1920
f 246/1846/1921 1135/1362/1921 1133/1360/1921
f 246/1846/1922 1133/1360/1922 248/1847/1922
f 248/1847/1923 1133/1360/1923 1131/1358/1923
f 248/1847/1924 1131/1358/1924 1397/1848/1924
f 1397/1848/1925 1131/1358/1925 1398/1356/1925
f 1397/1848/1926 1398/1356/1926 253/1849/1926
f 253/1849/1927 1398/1356/1927 1127/1354/1927
f 253/1849/1928 1127/1354/1928 254/1850/1928
f 254/1850/1929 1127/1354/1929 1125/1352/1929
f 254/1850/1930 1125/1352/1930 259/1851/1930
f 259/1851/1931 1125/1352/1931 1123/1350/1931
f 259/1851/1932 1123/1350/1932 260/1852/1932
f 260/1852/1932 1123/1350/1932 1121/1348/1932
f 260/1852/1933 1121/1348/1933 265/1853/1933
f 265/1853/1933 1121/1348/1933 1119/1346/1933
f 265/1853/1934 1119/1346/1934 266/1854/1934
f 266/1854/1934 1119/1346/1934 1117/1344/1934
f 266/1854/1935 1117/1344/1935 273/1855/1935
f 273/1855/1936 1117/1344/1936 1115/1342/1936
f 273/1855/1937 1115/1342/1937 203/1856/1937
f 203/1856/1938 1115/1342/1938 1113/1340/1938
f 203/1856/1939 1113/1340/1939 276/1857/1939
f 276/1857/1940 1113/1340/1940 1111/1338/1940
f 276/1857/1941 1111/1338/1941 283/1858/1941
f 283/1858/1941 1111/1338/1941 1109/1336/1941
f 283/311/1942 1109/1859/1942 291/319/1942
f 291/319/1942 1109/1859/1942 1107/1860/1942
f 291/1861/1943 1107/1334/1943 298/1862/1943
f 298/1862/1943 1107/1334/1943 1105/1332/1943
f 298/1862/1944 1105/1332/1944 303/1863/1944
f 303/1863/1945 1105/1332/1945 1103/1330/1945
f 303/1863/1946 1103/1330/1946 200/1864/1946
f 200/1864/1947 1103/1330/1947 1101/1328/1947
f 200/1864/1948 1101/1328/1948 309/1865/1948
f 309/1865/1949 1101/1328/1949 1099/1326/1949
f 309/1865/1950 1099/1326/1950 307/1834/1950
f 307/1834/1951 1099/1326/1951 1097/1324/1951
f 42/42/1952 1217/1866/1952 45/45/1952
f 45/45/1953 1217/1866/1953 1216/1867/1953
f 45/1868/1954 1216/1869/1954 50/1870/1954
f 50/1870/1955 1216/1869/1955 1273/1871/1955
f 50/1870/1956 1273/1871/1956 55/1872/1956
f 55/1872/1956 1273/1871/1956 1271/1873/1956
f 55/1872/1957 1271/1873/1957 67/217/1957
f 67/217/1957 1271/1873/1957 1269/1874/1957
f 67/217/1958 1269/1874/1958 195/215/1958
f 195/215/1958 1269/1874/1958 1267/1875/1958
f 195/215/1959 1267/1875/1959 192/212/1959
f 192/212/1960 1267/1875/1960 1265/1876/1960
f 192/212/1961 1265/1876/1961 189/209/1961
f 189/209/1961 1265/1876/1961 1263/1877/1961
f 189/209/1962 1263/1877/1962 186/206/1962
f 186/206/1963 1263/1877/1963 1261/1878/1963
f 186/206/1964 1261/1878/1964 183/203/1964
f 183/203/1965 1261/1878/1965 1259/1879/1965
f 183/203/1966 1259/1879/1966 180/201/1966
f 180/201/1967 1259/1879/1967 1257/1880/1967
f 180/201/1968 1257/1880/1968 177/1881/1968
f 177/1881/1969 1257/1880/1969 1255/1882/1969
f 177/1881/1970 1255/1882/1970 174/1883/1970
f 174/1883/1971 1255/1882/1971 1253/1884/1971
f 174/1883/1972 1253/1884/1972 171/1885/1972
f 171/1885/1972 1253/1884/1972 1251/1886/1972
f 171/1887/1973 1251/1888/1973 1399/1889/1973
f 1399/1889/1974 1251/1888/1974 1400/1890/1974
f 1399/1889/1975 1400/1890/1975 165/1891/1975
f 165/1891/1975 1400/1890/1975 1247/1892/1975
f 165/1893/1976 1247/1539/1976 162/1894/1976
f 162/1894/1976 1247/1539/1976 1245/1537/1976
f 162/1894/1977 1245/1537/1977 159/1895/1977
f 159/1895/1978 1245/1537/1978 1243/1535/1978
f 159/1895/1979 1243/1535/1979 156/1896/1979
f 156/1896/1980 1243/1535/1980 1241/1533/1980
f 156/1896/1981 1241/1533/1981 153/1897/1981
f 153/1897/1982 1241/1533/1982 1239/1531/1982
f 153/1897/1983 1239/1531/1983 150/1898/1983
f 150/1898/1984 1239/1531/1984 1237/1529/1984
f 150/1898/1985 1237/1529/1985 147/1899/1985
f 147/1899/1985 1237/1529/1985 1235/1527/1985
f 147/1899/1986 1235/1527/1986 144/1900/1986
f 144/1900/1986 1235/1527/1986 1233/1525/1986
f 144/1900/1987 1233/1525/1987 141/1901/1987
f 141/1901/1988 1233/1525/1988 1231/1523/1988
f 141/1901/1989 1231/1523/1989 116/1902/1989
f 116/1902/1990 1231/1523/1990 1229/1521/1990
f 116/1902/1991 1229/1521/1991 134/1903/1991
f 134/1903/1991 1229/1521/1991 1227/1519/1991
f 134/1903/1992 1227/1519/1992 34/1904/1992
f 34/1904/1992 1227/1519/1992 1225/1517/1992
f 34/1904/1993 1225/1517/1993 32/1905/1993
f 32/1905/1994 1225/1517/1994 1223/1515/1994
f 32/32/1995 1223/1906/1995 30/30/1995
f 30/30/1996 1223/1906/1996 1221/1907/1996
f 30/30/1926 1221/1907/1926 39/39/1926
f 39/39/1926 1221/1907/1926 1219/1908/1926
f 39/39/1924 1219/1908/1924 42/42/1924
f 42/42/1997 1219/1908/1997 1217/1866/1997
f 408/1909/1998 355/388/1998 406/1910/1998
f 406/1910/1998 355/388/1998 357/390/1998
f 406/1910/1999 357/390/1999 404/1911/1999
f 404/1911/1999 357/390/1999 359/392/1999
f 404/1911/2000 359/392/2000 402/1912/2000
f 402/1912/2000 359/392/2000 361/394/2000
f 402/439/2001 361/1913/2001 400/437/2001
f 400/437/2001 361/1913/2001 363/1914/2001
f 400/1915/2002 363/396/2002 398/1916/2002
f 398/1916/2002 363/396/2002 365/398/2002
f 398/1916/2003 365/398/2003 1401/1917/2003
f 1401/1917/2004 365/398/2004 1402/400/2004
f 1401/1917/2005 1402/400/2005 394/1918/2005
f 394/1918/2006 1402/400/2006 369/402/2006
f 394/1918/2007 369/402/2007 392/1919/2007
f 392/1919/2007 369/402/2007 371/404/2007
f 392/1919/2008 371/404/2008 390/1920/2008
f 390/1920/2008 371/404/2008 373/406/2008
f 390/1920/2009 373/406/2009 388/1921/2009
f 388/1921/2009 373/406/2009 375/408/2009
f 388/1921/2010 375/408/2010 386/1922/2010
f 386/1922/2010 375/408/2010 377/410/2010
f 386/1922/2011 377/410/2011 384/1923/2011
f 384/1923/2011 377/410/2011 379/412/2011
f 384/1923/2012 379/412/2012 1403/1924/2012
f 1403/1924/2013 379/412/2013 1404/358/2013
f 1403/1924/2014 1404/358/2014 380/1925/2014
f 380/1925/2015 1404/358/2015 327/360/2015
f 380/1925/2016 327/360/2016 434/1926/2016
f 434/1926/2016 327/360/2016 329/362/2016
f 434/1926/2017 329/362/2017 432/1927/2017
f 432/1927/2017 329/362/2017 331/364/2017
f 432/1927/2018 331/364/2018 430/1928/2018
f 430/1928/2018 331/364/2018 333/366/2018
f 430/1928/2019 333/366/2019 428/1929/2019
f 428/1929/2019 333/366/2019 335/368/2019
f 428/1929/2020 335/368/2020 426/1930/2020
f 426/1930/2020 335/368/2020 337/370/2020
f 426/1930/2021 337/370/2021 1405/1931/2021
f 1405/1931/2022 337/370/2022 1406/372/2022
f 1405/1931/2023 1406/372/2023 422/1932/2023
f 422/1932/2024 1406/372/2024 341/374/2024
f 422/1932/2025 341/374/2025 420/1933/2025
f 420/1933/2025 341/374/2025 343/376/2025
f 420/1933/2026 343/376/2026 418/1934/2026
f 418/1934/2026 343/376/2026 345/378/2026
f 418/1934/2027 345/378/2027 416/1935/2027
f 416/1935/2027 345/378/2027 347/380/2027
f 416/1935/2028 347/380/2028 414/1936/2028
f 414/1936/2028 347/380/2028 349/382/2028
f 414/1936/2029 349/382/2029 412/1937/2029
f 412/1937/2029 349/382/2029 351/384/2029
f 412/1937/2030 351/384/2030 1407/1938/2030
f 1407/1938/2031 351/384/2031 353/386/2031
f 1407/1938/2032 353/386/2032 408/1909/2032
f 408/1909/2033 353/386/2033 355/388/2033
f 405/1939/288 403/1940/288 435/1941/288
f 431/1942/288 429/1943/288 407/1944/288
f 405/1939/288 435/1941/288 407/1944/288
f 407/1944/288 435/1941/288 433/1945/288
f 407/1944/288 433/1945/288 431/1942/288
f 387/1946/288 397/1947/288 395/1948/288
f 397/1947/288 387/1946/288 399/1949/288
f 399/1949/288 387/1946/288 385/1950/288
f 399/1949/288 385/1950/288 383/1951/288
f 423/1952/288 415/1953/288 425/1954/288
f 425/1954/288 415/1953/288 413/1955/288
f 425/1954/288 413/1955/288 411/1956/288
f 429/1943/288 427/1957/288 407/1944/288
f 407/1944/288 427/1957/288 425/1954/288
f 407/1944/288 425/1954/288 409/1958/288
f 409/1958/288 425/1954/288 411/1956/288
f 403/1940/288 401/1959/288 435/1941/288
f 435/1941/288 401/1959/288 399/1949/288
f 435/1941/288 399/1949/288 1408/1960/288
f 1408/1960/288 399/1949/288 383/1951/288
f 423/1952/288 421/1961/288 415/1953/288
f 415/1953/288 421/1961/288 419/1962/288
f 415/1953/288 419/1962/288 417/1963/288
f 395/1948/288 393/1964/288 387/1946/288
f 387/1946/288 393/1964/288 391/1965/288
f 387/1946/288 391/1965/288 389/1966/288
f 1409/1967/2034 1410/1968/2034 1411/1969/2034
f 1412/1970/2035 1413/1971/2035 1414/1972/2035
f 1414/1972/2036 1413/1971/2036 1409/1967/2036
f 1414/1972/2037 1409/1967/2037 1415/1973/2037
f 1415/1973/2038 1409/1967/2038 1411/1969/2038
f 1416/1974/2039 1417/1975/2039 1418/1976/2039
f 1418/1976/2040 1419/1977/2040 1416/1974/2040
f 1416/1974/2041 1419/1977/2041 1420/1978/2041
f 1416/1974/2042 1420/1978/2042 1410/1968/2042
f 1410/1968/2043 1420/1978/2043 1421/1979/2043
f 1410/1968/2044 1421/1979/2044 1411/1969/2044
f 1422/1980/2045 1423/1981/2045 1424/1982/2045
f 1424/1982/2046 1425/1983/2046 1422/1980/2046
f 1422/1980/2047 1425/1983/2047 1426/1984/2047
f 1422/1980/2048 1426/1984/2048 1417/1985/2048
f 1417/1986/2049 1426/1987/2049 1427/1988/2049
f 1417/1985/2050 1427/1989/2050 1418/1990/2050
f 1428/1991/2051 1429/1992/2051 1430/1993/2051
f 1430/1993/2052 1431/1994/2052 1428/1991/2052
f 1428/1991/2053 1431/1994/2053 1432/1995/2053
f 1428/1991/2054 1432/1995/2054 1423/1981/2054
f 1423/1981/2055 1432/1995/2055 1433/1996/2055
f 1423/1981/2056 1433/1996/2056 1424/1982/2056
f 1434/1997/2057 1435/1998/2057 1436/1999/2057
f 1436/1999/2058 1437/2000/2058 1434/1997/2058
f 1434/1997/2059 1437/2000/2059 1438/2001/2059
f 1434/1997/2060 1438/2001/2060 1429/1992/2060
f 1429/1992/2061 1438/2001/2061 1439/2002/2061
f 1429/1992/2062 1439/2002/2062 1430/1993/2062
f 1440/2003/2063 1441/2004/2063 1442/2005/2063
f 1442/2005/2064 1443/2006/2064 1440/2003/2064
f 1440/2003/2065 1443/2006/2065 1444/2007/2065
f 1440/2003/2066 1444/2007/2066 1435/1998/2066
f 1435/1998/2067 1444/2007/2067 1445/2008/2067
f 1435/1998/2068 1445/2008/2068 1436/1999/2068
f 1446/2009/2069 1447/2010/2069 1448/2011/2069
f 1448/2011/2070 1449/2012/2070 1446/2009/2070
f 1446/2009/2071 1449/2012/2071 1450/2013/2071
f 1446/2009/2072 1450/2013/2072 1441/2004/2072
f 1441/2004/2073 1450/2013/2073 1451/2014/2073
f 1441/2004/2074 1451/2014/2074 1442/2005/2074
f 1452/2015/2075 1453/2016/2075 1454/2017/2075
f 1454/2018/2076 1455/2019/2076 1452/2020/2076
f 1452/2021/2077 1455/2022/2077 1456/2023/2077
f 1452/2021/2078 1456/2023/2078 1447/2024/2078
f 1447/2025/2079 1456/2026/2079 1457/2027/2079
f 1447/2010/2080 1457/2028/2080 1448/2011/2080
f 1458/2029/2081 1459/2030/2081 1460/2031/2081
f 1460/2032/2082 1461/2033/2082 1458/2034/2082
f 1458/2029/2083 1461/2035/2083 1462/2036/2083
f 1458/2029/2084 1462/2036/2084 1453/2016/2084
f 1453/2037/2085 1462/2038/2085 1463/2039/2085
f 1453/2016/2086 1463/2040/2086 1454/2017/2086
f 1464/2041/2087 1465/2042/2087 1466/2043/2087
f 1466/2044/2088 1467/2045/2088 1464/2046/2088
f 1464/2041/2089 1467/2047/2089 1468/2048/2089
f 1464/2041/2090 1468/2048/2090 1459/2030/2090
f 1459/2049/2091 1468/2050/2091 1469/2051/2091
f 1459/2030/2092 1469/2052/2092 1460/2031/2092
f 1470/2053/2093 1471/2054/2093 1472/2055/2093
f 1472/2056/2094 1473/2057/2094 1470/2058/2094
f 1470/2053/2095 1473/2059/2095 1474/2060/2095
f 1470/2053/2096 1474/2060/2096 1465/2042/2096
f 1465/2061/2097 1474/2062/2097 1475/2063/2097
f 1465/2042/2098 1475/2064/2098 1466/2043/2098
f 1476/2065/2099 1477/2066/2099 1478/2067/2099
f 1478/2068/2100 1479/2069/2100 1476/2070/2100
f 1476/2071/2101 1479/2072/2101 1480/2073/2101
f 1476/2071/2102 1480/2073/2102 1471/2054/2102
f 1471/2074/2103 1480/2075/2103 1481/2076/2103
f 1471/2054/2104 1481/2077/2104 1472/2055/2104
f 1482/2078/2105 1483/2079/2105 1484/2080/2105
f 1484/2080/2106 1483/2079/2106 1485/2081/2106
f 1484/2080/2107 1485/2081/2107 1477/2082/2107
f 1477/2082/2108 1485/2081/2108 1486/2083/2108
f 1477/2082/2109 1486/2083/2109 1478/2084/2109
f 1487/2085/2110 1488/2086/2110 1482/2078/2110
f 1482/2078/2111 1488/2086/2111 1489/2087/2111
f 1482/2078/2112 1489/2087/2112 1483/2079/2112
f 1490/2088/2113 1491/2089/2113 1487/2085/2113
f 1487/2085/2114 1491/2089/2114 1492/2090/2114
f 1487/2085/2115 1492/2090/2115 1488/2086/2115
f 1493/2091/2116 1494/2092/2116 1495/2093/2116
f 1495/2093/2117 1494/2092/2117 1496/2094/2117
f 1495/2093/2118 1496/2094/2118 1490/2088/2118
f 1490/2088/2119 1496/2094/2119 1497/2095/2119
f 1490/2088/2120 1497/2095/2120 1491/2089/2120
f 1493/2091/2121 1495/2093/2121 1498/2096/2121
f 1498/2096/2122 1495/2093/2122 1499/2097/2122
f 1498/2096/2123 1499/2097/2123 1500/2098/2123
f 1500/2098/2124 1499/2097/2124 1501/2099/2124
f 1500/2098/2125 1501/2099/2125 1502/2100/2125
f 1503/2101/2126 1504/2102/2126 1501/2099/2126
f 1501/2099/2127 1504/2102/2127 1505/2103/2127
f 1501/2099/2128 1505/2103/2128 1502/2100/2128
f 1506/2104/2129 1507/2105/2129 1508/2106/2129
f 1508/2106/2130 1507/2105/2130 1509/2107/2130
f 1508/2106/2131 1509/2107/2131 1510/2108/2131
f 1510/2108/2132 1509/2107/2132 1511/2109/2132
f 1510/2108/2133 1511/2109/2133 1503/2101/2133
f 1503/2101/2134 1511/2109/2134 1512/2110/2134
f 1503/2101/2135 1512/2110/2135 1504/2102/2135
f 1506/2111/2136 1508/2112/2136 1513/2113/2136
f 1513/2114/2137 1508/2115/2137 1514/2116/2137
f 1513/2114/2138 1514/2116/2138 1515/2117/2138
f 1515/2118/2139 1514/2119/2139 1516/2120/2139
f 1515/2121/2140 1516/2122/2140 1517/2123/2140
f 1518/2124/2141 1519/2125/2141 1516/2122/2141
f 1516/2126/2142 1519/2127/2142 1520/2128/2142
f 1516/2122/2143 1520/2129/2143 1517/2123/2143
f 1412/1970/2144 1521/2130/2144 1413/1971/2144
f 1413/1971/2145 1521/2130/2145 1522/2131/2145
f 1413/1971/2146 1522/2131/2146 1523/2132/2146
f 1523/2132/2147 1522/2131/2147 1524/2133/2147
f 1523/2134/2148 1524/2135/2148 1518/2136/2148
f 1518/2137/2149 1524/2138/2149 1525/2139/2149
f 1518/2124/2150 1525/2140/2150 1519/2125/2150
f 1526/2141/1561 1527/2142/1561 1528/2143/1561
f 1528/2143/1561 1527/2142/1561 1529/2144/1561
f 1528/2143/1561 1529/2144/1561 1530/2145/1561
f 1526/2141/1561 1528/2143/1561 1531/2146/1561
f 1531/2146/1561 1528/2143/1561 1532/2147/1561
f 1531/2146/1561 1532/2147/1561 1533/2148/1561
f 1533/2148/1561 1534/2149/1561 1531/2146/1561
f 1531/2146/1561 1534/2149/1561 1535/2150/1561
f 1531/2146/1561 1535/2150/1561 1536/2151/1561
f 1537/2152/1561 1538/2153/1561 1531/2146/1561
f 1531/2146/1561 1538/2153/1561 1539/2154/1561
f 1531/2146/1561 1539/2154/1561 1540/2155/1561
f 1530/2145/1561 1541/2156/1561 1528/2143/1561
f 1528/2143/1561 1541/2156/1561 1542/2157/1561
f 1528/2143/1561 1542/2157/1561 1543/2158/1561
f 1543/2158/1561 1544/2159/1561 1528/2143/1561
f 1528/2143/1561 1544/2159/1561 1545/2160/1561
f 1528/2143/1561 1545/2160/1561 1546/2161/1561
f 1528/2143/1561 1547/2162/1561 1548/2163/1561
f 1549/2164/1561 1550/2165/1561 1528/2143/1561
f 1528/2143/1561 1550/2165/1561 1551/2166/1561
f 1528/2143/1561 1551/2166/1561 1552/2167/1561
f 1552/2167/1561 1553/2168/1561 1528/2143/1561
f 1528/2143/1561 1553/2168/1561 1554/2169/1561
f 1528/2143/1561 1554/2169/1561 1555/2170/1561
f 1536/2151/1561 1556/2171/1561 1531/2146/1561
f 1531/2146/1561 1556/2171/1561 1557/2172/1561
f 1531/2146/1561 1557/2172/1561 1537/2152/1561
f 1558/2173/1561 1559/2174/1561 1560/2175/1561
f 1546/2161/1561 1561/2176/1561 1528/2143/1561
f 1528/2143/1561 1561/2176/1561 1562/2177/1561
f 1528/2143/1561 1562/2177/1561 1563/2178/1561
f 1548/2163/1561 1564/2179/1561 1528/2143/1561
f 1528/2143/1561 1564/2179/1561 1565/2180/1561
f 1528/2143/1561 1565/2180/1561 1549/2164/1561
f 1540/2155/1561 1566/2181/1561 1531/2146/1561
f 1531/2146/1561 1566/2181/1561 1567/2182/1561
f 1531/2146/1561 1567/2182/1561 1568/2183/1561
f 1569/2184/1561 1570/2185/1561 1571/2186/1561
f 1558/2173/1561 1572/2187/1561 1559/2174/1561
f 1559/2174/1561 1572/2187/1561 1573/2188/1561
f 1559/2174/1561 1573/2188/1561 1574/2189/1561
f 1563/2178/1561 1575/2190/1561 1528/2143/1561
f 1528/2143/1561 1575/2190/1561 1576/2191/1561
f 1528/2143/1561 1576/2191/1561 1547/2162/1561
f 1560/2175/1561 1577/2192/1561 1558/2173/1561
f 1558/2173/1561 1577/2192/1561 1578/2193/1561
f 1558/2173/1561 1578/2193/1561 1579/2194/1561
f 1555/2170/1561 1554/2169/1561 1571/2186/1561
f 1571/2186/1561 1554/2169/1561 1580/2195/1561
f 1571/2186/1561 1580/2195/1561 1569/2184/1561
f 1570/2185/1561 1581/2196/1561 1571/2186/1561
f 1571/2186/1561 1581/2196/1561 1582/2197/1561
f 1571/2186/1561 1582/2197/1561 1583/2198/1561
f 1583/2198/1561 1582/2197/1561 1584/2199/1561
f 1584/2199/1561 1585/2200/1561 1583/2198/1561
f 1583/2198/1561 1585/2200/1561 1586/2201/1561
f 1583/2198/2151 1586/2201/2151 1587/2202/2151
f 1574/2189/1561 1588/2203/1561 1559/2174/1561
f 1559/2174/1561 1588/2203/1561 1589/2204/1561
f 1559/2174/1561 1589/2204/1561 1590/2205/1561
f 1590/2205/1561 1591/2206/1561 1559/2174/1561
f 1559/2174/1561 1591/2206/1561 1592/2207/1561
f 1559/2174/1561 1592/2207/1561 1593/2208/1561
f 1593/2208/1561 1594/2209/1561 1559/2174/1561
f 1559/2174/1561 1594/2209/1561 1595/2210/1561
f 1559/2174/1561 1595/2210/1561 1596/2211/1561
f 1579/2194/1561 1597/2212/1561 1558/2173/1561
f 1558/2173/1561 1597/2212/1561 1598/2213/1561
f 1558/2173/1561 1598/2213/1561 1599/2214/1561
f 1568/2183/1561 1600/2215/1561 1531/2146/1561
f 1531/2146/1561 1600/2215/1561 1558/2173/1561
f 1531/2146/1561 1558/2173/1561 1601/2216/1561
f 1601/2216/1561 1558/2173/1561 1599/2214/1561
f 1409/2217/1 1413/2218/1 1464/2219/1
f 1409/2217/1 1464/2219/1 1410/2220/1
f 1453/2221/1 1417/2222/1 1458/2223/1
f 1458/2223/1 1417/2222/1 1459/2224/1
f 1459/2224/1 1417/2222/1 1464/2219/1
f 1464/2219/1 1417/2222/1 1416/2225/1
f 1464/2219/1 1416/2225/1 1410/2220/1
f 1470/2226/1 1518/2227/1 1471/2228/1
f 1471/2228/1 1518/2227/1 1476/2229/1
f 1413/2218/1 1523/2230/1 1464/2219/1
f 1464/2219/1 1523/2230/1 1518/2227/1
f 1464/2219/1 1518/2227/1 1465/2231/1
f 1465/2231/1 1518/2227/1 1470/2226/1
f 1453/2221/1 1452/2232/1 1417/2222/1
f 1417/2222/1 1452/2232/1 1447/2233/1
f 1417/2222/1 1447/2233/1 1446/2234/1
f 1518/2227/1 1516/2235/1 1476/2229/1
f 1476/2229/1 1516/2235/1 1514/2236/1
f 1476/2229/1 1514/2236/1 1508/2237/1
f 1446/2234/1 1441/2238/1 1417/2222/1
f 1417/2222/1 1441/2238/1 1440/2239/1
f 1417/2222/1 1440/2239/1 1435/2240/1
f 1417/2222/1 1428/2241/1 1422/2242/1
f 1422/2242/1 1428/2241/1 1423/2243/1
f 1508/2237/1 1510/2244/1 1476/2229/1
f 1476/2229/1 1510/2244/1 1503/2245/1
f 1476/2229/1 1503/2245/1 1501/2246/1
f 1501/2246/1 1499/2247/1 1476/2229/1
f 1476/2229/1 1499/2247/1 1495/2248/1
f 1476/2229/1 1495/2248/1 1490/2249/1
f 1435/2240/1 1434/2250/1 1417/2222/1
f 1417/2222/1 1434/2250/1 1429/2251/1
f 1417/2222/1 1429/2251/1 1428/2241/1
f 1490/2249/1 1487/2252/1 1476/2229/1
f 1476/2229/1 1487/2252/1 1482/2253/1
f 1476/2229/1 1482/2253/1 1477/2254/1
f 1477/2254/1 1482/2253/1 1484/2255/1
f 1602/2256/2152 1603/2257/2152 1604/2258/2152
f 1604/2258/2153 1603/2257/2153 1605/2259/2153
f 1604/2258/2154 1605/2259/2154 1606/2260/2154
f 1607/2261/2155 1608/2262/2155 1609/2263/2155
f 1609/2263/2156 1608/2262/2156 1610/2264/2156
f 1609/2263/2157 1610/2264/2157 1611/2265/2157
f 1605/2259/2158 1612/2266/2158 1606/2260/2158
f 1606/2260/2159 1612/2266/2159 1613/2267/2159
f 1606/2260/2160 1613/2267/2160 1614/2268/2160
f 1614/2268/2161 1613/2267/2161 1615/2269/2161
f 1614/2268/2162 1615/2269/2162 1607/2261/2162
f 1607/2261/2163 1615/2269/2163 1616/2270/2163
f 1607/2261/2164 1616/2270/2164 1608/2262/2164
f 1617/2271/2165 1618/2272/2165 1619/2273/2165
f 1619/2273/2166 1618/2272/2166 1620/2274/2166
f 1619/2273/2167 1620/2274/2167 1621/2275/2167
f 1610/2264/2168 1622/2276/2168 1611/2265/2168
f 1611/2265/2169 1622/2276/2169 1623/2277/2169
f 1611/2265/2170 1623/2277/2170 1624/2278/2170
f 1624/2278/2171 1623/2277/2171 1625/2279/2171
f 1624/2278/2172 1625/2279/2172 1617/2271/2172
f 1617/2271/2173 1625/2279/2173 1626/2280/2173
f 1617/2271/2174 1626/2280/2174 1618/2272/2174
f 1627/2281/2175 1628/2282/2175 1629/2283/2175
f 1629/2283/2176 1628/2282/2176 1630/2284/2176
f 1629/2283/2177 1630/2284/2177 1631/2285/2177
f 1620/2274/2178 1632/2286/2178 1621/2275/2178
f 1621/2287/2179 1632/2288/2179 1633/2289/2179
f 1621/2287/2180 1633/2289/2180 1634/2290/2180
f 1634/2290/2181 1633/2289/2181 1635/2291/2181
f 1634/2290/2182 1635/2291/2182 1627/2281/2182
f 1627/2281/2183 1635/2291/2183 1636/2292/2183
f 1627/2281/2184 1636/2292/2184 1628/2282/2184
f 1637/2293/2185 1638/2294/2185 1639/2295/2185
f 1630/2284/2186 1640/2296/2186 1631/2285/2186
f 1631/2285/2187 1640/2296/2187 1641/2297/2187
f 1631/2285/2188 1641/2297/2188 1642/2298/2188
f 1642/2298/2189 1641/2297/2189 1643/2299/2189
f 1642/2298/2190 1643/2299/2190 1639/2295/2190
f 1639/2295/2191 1643/2299/2191 1644/2300/2191
f 1639/2295/2192 1644/2300/2192 1637/2293/2192
f 1637/2293/2193 1645/2301/2193 1638/2294/2193
f 1638/2294/2193 1645/2301/2193 1646/2302/2193
f 1638/2294/2194 1646/2302/2194 1647/2303/2194
f 1647/2303/2195 1646/2302/2195 1648/2304/2195
f 1647/2303/2196 1648/2304/2196 1649/2305/2196
f 1648/2304/2197 1650/2306/2197 1649/2305/2197
f 1649/2305/2197 1650/2306/2197 1651/2307/2197
f 1649/2305/2198 1651/2307/2198 1652/2308/2198
f 1652/2308/2199 1651/2307/2199 1653/2309/2199
f 1652/2308/2200 1653/2309/2200 1654/2310/2200
f 1653/2309/2201 1655/2311/2201 1654/2310/2201
f 1654/2310/2201 1655/2311/2201 1656/2312/2201
f 1654/2310/2202 1656/2312/2202 1657/2313/2202
f 1657/2313/2203 1656/2312/2203 1658/2314/2203
f 1657/2313/2204 1658/2314/2204 1659/2315/2204
f 1658/2314/2205 1660/2316/2205 1659/2315/2205
f 1659/2315/2205 1660/2316/2205 1661/2317/2205
f 1659/2315/2206 1661/2317/2206 1662/2318/2206
f 1662/2318/2207 1661/2317/2207 1663/2319/2207
f 1662/2318/2208 1663/2319/2208 1664/2320/2208
f 1663/2319/2209 1665/2321/2209 1664/2320/2209
f 1664/2320/2210 1665/2321/2210 1666/2322/2210
f 1664/2320/2211 1666/2322/2211 1667/2323/2211
f 1667/2323/2212 1666/2322/2212 1668/2324/2212
f 1667/2325/2213 1668/2326/2213 1669/2327/2213
f 1668/2326/2214 1670/2328/2214 1669/2327/2214
f 1669/2327/2215 1670/2328/2215 1671/2329/2215
f 1669/2327/2216 1671/2329/2216 1672/2330/2216
f 1672/2330/2217 1671/2329/2217 1673/2331/2217
f 1672/2330/2218 1673/2331/2218 1674/2332/2218
f 1673/2331/2219 1675/2333/2219 1674/2332/2219
f 1674/2332/2220 1675/2333/2220 1676/2334/2220
f 1674/2332/2221 1676/2334/2221 1677/2335/2221
f 1677/2335/2222 1676/2334/2222 1678/2336/2222
f 1677/2335/2223 1678/2336/2223 1679/2337/2223
f 1678/2336/2224 1680/2338/2224 1679/2337/2224
f 1679/2337/2224 1680/2338/2224 1681/2339/2224
f 1679/2337/2225 1681/2339/2225 1682/2340/2225
f 1682/2340/2226 1681/2339/2226 1683/2341/2226
f 1682/2340/2227 1683/2341/2227 1684/2342/2227
f 1683/2341/2228 1685/2343/2228 1684/2342/2228
f 1684/2342/2229 1685/2343/2229 1686/2344/2229
f 1684/2342/2230 1686/2344/2230 1687/2345/2230
f 1687/2345/2231 1686/2344/2231 1688/2346/2231
f 1687/2345/2232 1688/2346/2232 1689/2347/2232
f 1690/2348/2233 1691/2349/2233 1692/2350/2233
f 1692/2350/2234 1691/2349/2234 1693/2351/2234
f 1692/2350/2235 1693/2351/2235 1694/2352/2235
f 1688/2346/2236 1695/2353/2236 1689/2347/2236
f 1689/2347/2236 1695/2353/2236 1696/2354/2236
f 1689/2347/2237 1696/2354/2237 1697/2355/2237
f 1697/2355/2238 1696/2354/2238 1698/2356/2238
f 1697/2355/2239 1698/2356/2239 1699/2357/2239
f 1699/2357/2240 1698/2356/2240 1700/2358/2240
f 1699/2357/2241 1700/2358/2241 1690/2348/2241
f 1690/2348/2242 1700/2358/2242 1701/2359/2242
f 1690/2348/2243 1701/2359/2243 1691/2349/2243
f 1702/2360/2244 1703/2361/2244 1704/2362/2244
f 1704/2362/2245 1703/2361/2245 1705/2363/2245
f 1704/2362/2246 1705/2363/2246 1706/2364/2246
f 1693/2351/2247 1707/2365/2247 1694/2352/2247
f 1694/2352/2248 1707/2365/2248 1708/2366/2248
f 1694/2352/2249 1708/2366/2249 1709/2367/2249
f 1709/2367/2250 1708/2366/2250 1710/2368/2250
f 1709/2367/2251 1710/2368/2251 1702/2360/2251
f 1702/2360/2252 1710/2368/2252 1711/2369/2252
f 1702/2360/2253 1711/2369/2253 1703/2361/2253
f 1712/2370/2254 1713/2371/2254 1714/2372/2254
f 1714/2373/2255 1713/2374/2255 1715/2375/2255
f 1714/2373/2256 1715/2375/2256 1716/2376/2256
f 1705/2363/2257 1717/2377/2257 1706/2364/2257
f 1706/2364/2258 1717/2377/2258 1718/2378/2258
f 1706/2364/2259 1718/2378/2259 1719/2379/2259
f 1719/2379/2260 1718/2378/2260 1720/2380/2260
f 1719/2379/2261 1720/2380/2261 1712/2370/2261
f 1712/2370/2262 1720/2380/2262 1721/2381/2262
f 1712/2370/2263 1721/2381/2263 1713/2371/2263
f 1722/2382/2264 1723/2383/2264 1724/2384/2264
f 1724/2384/2265 1723/2383/2265 1725/2385/2265
f 1724/2384/2266 1725/2385/2266 1726/2386/2266
f 1715/2387/2267 1727/2388/2267 1716/2389/2267
f 1716/2376/2268 1727/2390/2268 1728/2391/2268
f 1716/2376/2269 1728/2391/2269 1729/2392/2269
f 1729/2392/2270 1728/2391/2270 1730/2393/2270
f 1729/2392/2271 1730/2393/2271 1722/2382/2271
f 1722/2382/2272 1730/2393/2272 1731/2394/2272
f 1722/2382/2273 1731/2394/2273 1723/2383/2273
f 1732/2395/2274 1733/2396/2274 1734/2397/2274
f 1725/2385/2275 1735/2398/2275 1726/2386/2275
f 1726/2386/2276 1735/2398/2276 1736/2399/2276
f 1726/2386/2277 1736/2399/2277 1737/2400/2277
f 1737/2400/2278 1736/2399/2278 1738/2401/2278
f 1737/2400/2279 1738/2401/2279 1734/2397/2279
f 1734/2397/2280 1738/2401/2280 1739/2402/2280
f 1734/2397/2281 1739/2402/2281 1732/2395/2281
f 1732/2395/2282 1740/2403/2282 1733/2396/2282
f 1733/2396/2283 1740/2403/2283 1741/2404/2283
f 1733/2396/2284 1741/2404/2284 1742/2405/2284
f 1742/2405/2285 1741/2404/2285 1743/2406/2285
f 1742/2405/2286 1743/2406/2286 1744/2407/2286
f 1743/2406/2287 1745/2408/2287 1744/2407/2287
f 1744/2407/2288 1745/2408/2288 1746/2409/2288
f 1744/2407/2289 1746/2409/2289 1747/2410/2289
f 1747/2410/2290 1746/2409/2290 1748/2411/2290
f 1747/2410/2291 1748/2411/2291 1749/2412/2291
f 1748/2411/2292 1750/2413/2292 1749/2412/2292
f 1749/2412/2292 1750/2413/2292 1751/2414/2292
f 1749/2412/2293 1751/2414/2293 1752/2415/2293
f 1752/2415/2294 1751/2414/2294 1753/2416/2294
f 1752/2415/2295 1753/2416/2295 1754/2417/2295
f 1753/2416/2296 1755/2418/2296 1754/2417/2296
f 1754/2417/2296 1755/2418/2296 1756/2419/2296
f 1754/2417/2297 1756/2419/2297 1757/2420/2297
f 1757/2420/2298 1756/2419/2298 1758/2421/2298
f 1757/2420/2299 1758/2421/2299 1759/2422/2299
f 1758/2421/2300 1760/2423/2300 1759/2422/2300
f 1759/2422/2300 1760/2423/2300 1761/2424/2300
f 1759/2422/2301 1761/2424/2301 1762/2425/2301
f 1762/2425/2302 1761/2424/2302 1763/2426/2302
f 1762/2425/2303 1763/2426/2303 1764/2427/2303
f 1763/2428/2304 1765/2429/2304 1764/2430/2304
f 1764/2430/2304 1765/2429/2304 1766/2431/2304
f 1764/2430/2305 1766/2431/2305 1767/2432/2305
f 1767/2432/2306 1766/2431/2306 1768/2433/2306
f 1767/2432/2307 1768/2433/2307 1769/2434/2307
f 1768/2433/2308 1770/2435/2308 1769/2434/2308
f 1769/2434/2309 1770/2435/2309 1771/2436/2309
f 1769/2434/2310 1771/2436/2310 1772/2437/2310
f 1772/2437/2311 1771/2436/2311 1773/2438/2311
f 1772/2437/2312 1773/2438/2312 1774/2439/2312
f 1773/2438/2313 1775/2440/2313 1774/2439/2313
f 1774/2439/2313 1775/2440/2313 1776/2441/2313
f 1774/2439/2314 1776/2441/2314 1777/2442/2314
f 1777/2442/2315 1776/2441/2315 1778/2443/2315
f 1777/2442/2316 1778/2443/2316 1779/2444/2316
f 1778/2443/2317 1780/2445/2317 1779/2444/2317
f 1779/2444/2317 1780/2445/2317 1781/2446/2317
f 1779/2444/2318 1781/2446/2318 1782/2447/2318
f 1782/2447/2319 1781/2446/2319 1783/2448/2319
f 1782/2447/2320 1783/2448/2320 1784/2449/2320
f 1783/2448/2321 1785/2450/2321 1784/2449/2321
f 1784/2449/2321 1785/2450/2321 1786/2451/2321
f 1784/2449/2322 1786/2451/2322 1787/2452/2322
f 1787/2452/2323 1786/2451/2323 1788/2453/2323
f 1787/2452/2324 1788/2453/2324 1789/2454/2324
f 1789/2454/2325 1788/2453/2325 1790/2455/2325
f 1789/2454/2326 1790/2455/2326 1602/2256/2326
f 1602/2256/2327 1790/2455/2327 1791/2456/2327
f 1602/2256/2328 1791/2456/2328 1603/2257/2328
f 1792/2457/2329 1686/2344/2329 1793/2458/2329
f 1793/2458/2330 1686/2344/2330 1685/2343/2330
f 1793/2458/2330 1685/2343/2330 1794/2459/2330
f 1685/2343/2331 1683/2341/2331 1794/2459/2331
f 1794/2459/2332 1683/2341/2332 1681/2339/2332
f 1794/2459/2332 1681/2339/2332 1795/2460/2332
f 1795/2460/2333 1681/2339/2333 1680/2338/2333
f 1795/2460/2333 1680/2338/2333 1796/2461/2333
f 1680/2338/2333 1678/2336/2333 1796/2461/2333
f 1796/2461/2334 1678/2336/2334 1676/2334/2334
f 1796/2461/2335 1676/2334/2335 1797/2462/2335
f 1797/2462/2336 1676/2334/2336 1675/2333/2336
f 1797/2462/2336 1675/2333/2336 1798/2463/2336
f 1675/2333/2337 1673/2331/2337 1798/2463/2337
f 1798/2463/2338 1673/2331/2338 1671/2329/2338
f 1798/2463/2339 1671/2329/2339 1799/2464/2339
f 1799/2465/2340 1671/2466/2340 1670/2467/2340
f 1799/2465/2340 1670/2467/2340 1800/2468/2340
f 1670/2467/2341 1668/2324/2341 1800/2468/2341
f 1800/2468/2342 1668/2324/2342 1666/2322/2342
f 1800/2468/2343 1666/2322/2343 1801/2469/2343
f 1801/2469/2344 1666/2322/2344 1665/2321/2344
f 1801/2469/2345 1665/2321/2345 1802/2470/2345
f 1665/2321/2345 1663/2319/2345 1802/2470/2345
f 1802/2470/2346 1663/2319/2346 1661/2317/2346
f 1802/2470/2346 1661/2317/2346 1803/2471/2346
f 1803/2471/2347 1661/2317/2347 1660/2316/2347
f 1803/2471/2347 1660/2316/2347 1804/2472/2347
f 1660/2316/2347 1658/2314/2347 1804/2472/2347
f 1804/2472/2348 1658/2314/2348 1656/2312/2348
f 1804/2472/2348 1656/2312/2348 1805/2473/2348
f 1805/2473/2349 1656/2312/2349 1655/2311/2349
f 1805/2473/2350 1655/2311/2350 1806/2474/2350
f 1655/2311/2349 1653/2309/2349 1806/2474/2349
f 1806/2474/2351 1653/2309/2351 1651/2307/2351
f 1806/2474/2352 1651/2307/2352 1807/2475/2352
f 1807/2475/2353 1651/2307/2353 1650/2306/2353
f 1807/2475/2353 1650/2306/2353 1808/2476/2353
f 1808/2476/2353 1650/2306/2353 1648/2304/2353
f 1808/2476/2354 1648/2304/2354 1646/2302/2354
f 1645/2301/2355 1809/2477/2355 1646/2302/2355
f 1646/2302/2355 1809/2477/2355 1810/2478/2355
f 1646/2302/2354 1810/2478/2354 1808/2476/2354
f 1645/2301/2355 1637/2293/2355 1809/2477/2355
f 1809/2477/2356 1637/2293/2356 1644/2300/2356
f 1809/2477/2357 1644/2300/2357 1811/2479/2357
f 1811/2479/2358 1644/2300/2358 1812/2480/2358
f 1644/2300/2358 1643/2299/2358 1812/2480/2358
f 1812/2480/2359 1643/2299/2359 1641/2297/2359
f 1812/2480/2360 1641/2297/2360 1640/2296/2360
f 1630/2284/2361 1813/2481/2361 1640/2296/2361
f 1640/2296/2361 1813/2481/2361 1814/2482/2361
f 1640/2296/2360 1814/2482/2360 1812/2480/2360
f 1630/2284/2361 1628/2282/2361 1813/2481/2361
f 1813/2481/2362 1628/2282/2362 1636/2292/2362
f 1813/2481/2363 1636/2292/2363 1815/2483/2363
f 1815/2483/2364 1636/2292/2364 1816/2484/2364
f 1636/2292/2365 1635/2291/2365 1816/2484/2365
f 1816/2484/2364 1635/2291/2364 1633/2289/2364
f 1816/2484/2366 1633/2289/2366 1632/2288/2366
f 1620/2485/2367 1817/2486/2367 1632/2288/2367
f 1632/2288/2367 1817/2486/2367 1818/2487/2367
f 1632/2288/2368 1818/2487/2368 1816/2484/2368
f 1620/2485/2369 1618/2488/2369 1817/2486/2369
f 1817/2489/2370 1618/2272/2370 1626/2280/2370
f 1817/2489/2371 1626/2280/2371 1819/2490/2371
f 1819/2490/2372 1626/2280/2372 1625/2279/2372
f 1819/2490/2373 1625/2279/2373 1820/2491/2373
f 1625/2279/2373 1623/2277/2373 1820/2491/2373
f 1820/2491/2374 1623/2277/2374 1622/2276/2374
f 1820/2491/2375 1622/2276/2375 1821/2492/2375
f 1821/2492/2376 1622/2276/2376 1610/2264/2376
f 1821/2492/2376 1610/2264/2376 1822/2493/2376
f 1610/2264/2376 1608/2262/2376 1822/2493/2376
f 1822/2493/2377 1608/2262/2377 1616/2270/2377
f 1822/2493/2377 1616/2270/2377 1823/2494/2377
f 1823/2494/2378 1616/2270/2378 1615/2269/2378
f 1823/2494/2378 1615/2269/2378 1824/2495/2378
f 1615/2269/2378 1613/2267/2378 1824/2495/2378
f 1824/2495/2379 1613/2267/2379 1612/2266/2379
f 1824/2495/2379 1612/2266/2379 1825/2496/2379
f 1825/2496/2380 1612/2266/2380 1605/2259/2380
f 1825/2496/2380 1605/2259/2380 1826/2497/2380
f 1605/2259/2381 1603/2257/2381 1826/2497/2381
f 1826/2497/2382 1603/2257/2382 1791/2456/2382
f 1826/2497/2383 1791/2456/2383 1827/2498/2383
f 1827/2498/2384 1791/2456/2384 1790/2455/2384
f 1827/2498/2385 1790/2455/2385 1828/2499/2385
f 1828/2499/2386 1790/2455/2386 1788/2453/2386
f 1828/2499/2387 1788/2453/2387 1829/2500/2387
f 1829/2500/2388 1788/2453/2388 1786/2451/2388
f 1829/2500/2389 1786/2451/2389 1830/2501/2389
f 1830/2501/2390 1786/2451/2390 1785/2450/2390
f 1830/2501/2391 1785/2450/2391 1831/2502/2391
f 1785/2450/2392 1783/2448/2392 1831/2502/2392
f 1831/2502/2393 1783/2448/2393 1781/2446/2393
f 1831/2502/2394 1781/2446/2394 1832/2503/2394
f 1832/2503/2395 1781/2446/2395 1780/2445/2395
f 1832/2503/2396 1780/2445/2396 1833/2504/2396
f 1780/2445/2396 1778/2443/2396 1833/2504/2396
f 1833/2504/2397 1778/2443/2397 1776/2441/2397
f 1833/2504/2397 1776/2441/2397 1834/2505/2397
f 1834/2505/2398 1776/2441/2398 1775/2440/2398
f 1834/2505/2398 1775/2440/2398 1835/2506/2398
f 1775/2440/2398 1773/2438/2398 1835/2506/2398
f 1835/2506/2399 1773/2438/2399 1771/2436/2399
f 1835/2506/2399 1771/2436/2399 1836/2507/2399
f 1836/2507/2400 1771/2436/2400 1770/2435/2400
f 1836/2507/2400 1770/2435/2400 1837/2508/2400
f 1770/2435/2400 1768/2433/2400 1837/2508/2400
f 1837/2508/2401 1768/2433/2401 1766/2431/2401
f 1837/2508/2401 1766/2431/2401 1838/2509/2401
f 1838/2510/2402 1766/2511/2402 1765/2512/2402
f 1838/2510/2402 1765/2512/2402 1839/2513/2402
f 1765/2512/2403 1763/2426/2403 1839/2513/2403
f 1839/2513/2404 1763/2426/2404 1761/2424/2404
f 1839/2513/2405 1761/2424/2405 1840/2514/2405
f 1840/2514/2406 1761/2424/2406 1760/2423/2406
f 1840/2514/2406 1760/2423/2406 1841/2515/2406
f 1760/2423/2406 1758/2421/2406 1841/2515/2406
f 1841/2515/2407 1758/2421/2407 1756/2419/2407
f 1841/2515/2407 1756/2419/2407 1842/2516/2407
f 1842/2516/2408 1756/2419/2408 1755/2418/2408
f 1842/2516/2409 1755/2418/2409 1843/2517/2409
f 1755/2418/2410 1753/2416/2410 1843/2517/2410
f 1843/2517/2411 1753/2416/2411 1751/2414/2411
f 1843/2517/2412 1751/2414/2412 1844/2518/2412
f 1844/2518/2413 1751/2414/2413 1750/2413/2413
f 1844/2518/2413 1750/2413/2413 1845/2519/2413
f 1750/2413/2413 1748/2411/2413 1845/2519/2413
f 1845/2519/2414 1748/2411/2414 1746/2409/2414
f 1845/2519/2415 1746/2409/2415 1846/2520/2415
f 1846/2520/2416 1746/2409/2416 1745/2408/2416
f 1846/2520/2417 1745/2408/2417 1847/2521/2417
f 1847/2521/2417 1745/2408/2417 1743/2406/2417
f 1847/2521/2418 1743/2406/2418 1741/2404/2418
f 1740/2403/2419 1848/2522/2419 1741/2404/2419
f 1741/2404/2420 1848/2522/2420 1849/2523/2420
f 1741/2404/2418 1849/2523/2418 1847/2521/2418
f 1740/2403/2419 1732/2395/2419 1848/2522/2419
f 1848/2522/2421 1732/2395/2421 1739/2402/2421
f 1848/2522/2422 1739/2402/2422 1850/2524/2422
f 1850/2524/2423 1739/2402/2423 1851/2525/2423
f 1739/2402/2423 1738/2401/2423 1851/2525/2423
f 1851/2525/2423 1738/2401/2423 1736/2399/2423
f 1851/2525/2424 1736/2399/2424 1735/2398/2424
f 1725/2385/2425 1852/2526/2425 1735/2398/2425
f 1735/2398/2426 1852/2526/2426 1853/2527/2426
f 1735/2398/2427 1853/2527/2427 1851/2525/2427
f 1725/2385/2428 1723/2383/2428 1852/2526/2428
f 1852/2526/2429 1723/2383/2429 1731/2394/2429
f 1852/2526/2429 1731/2394/2429 1854/2528/2429
f 1854/2528/2430 1731/2394/2430 1855/2529/2430
f 1731/2394/2430 1730/2393/2430 1855/2529/2430
f 1855/2529/2430 1730/2393/2430 1728/2391/2430
f 1855/2529/2431 1728/2391/2431 1727/2390/2431
f 1715/2375/2432 1856/2530/2432 1727/2390/2432
f 1727/2390/2433 1856/2530/2433 1857/2531/2433
f 1727/2390/2434 1857/2531/2434 1855/2529/2434
f 1715/2375/2432 1713/2374/2432 1856/2530/2432
f 1856/2532/2435 1713/2371/2435 1721/2381/2435
f 1856/2532/2436 1721/2381/2436 1858/2533/2436
f 1858/2533/2437 1721/2381/2437 1720/2380/2437
f 1858/2533/2437 1720/2380/2437 1859/2534/2437
f 1720/2380/2437 1718/2378/2437 1859/2534/2437
f 1859/2534/2438 1718/2378/2438 1717/2377/2438
f 1859/2534/2438 1717/2377/2438 1860/2535/2438
f 1860/2535/2439 1717/2377/2439 1705/2363/2439
f 1860/2535/2439 1705/2363/2439 1861/2536/2439
f 1705/2363/2439 1703/2361/2439 1861/2536/2439
f 1861/2536/2440 1703/2361/2440 1711/2369/2440
f 1861/2536/2440 1711/2369/2440 1862/2537/2440
f 1862/2537/2441 1711/2369/2441 1710/2368/2441
f 1862/2537/2441 1710/2368/2441 1863/2538/2441
f 1710/2368/2442 1708/2366/2442 1863/2538/2442
f 1863/2538/2443 1708/2366/2443 1707/2365/2443
f 1863/2538/2444 1707/2365/2444 1864/2539/2444
f 1864/2539/2445 1707/2365/2445 1693/2351/2445
f 1864/2539/2446 1693/2351/2446 1865/2540/2446
f 1693/2351/2447 1691/2349/2447 1865/2540/2447
f 1865/2540/2448 1691/2349/2448 1701/2359/2448
f 1865/2540/2449 1701/2359/2449 1866/2541/2449
f 1866/2541/2450 1701/2359/2450 1700/2358/2450
f 1866/2541/2451 1700/2358/2451 1867/2542/2451
f 1867/2542/2452 1700/2358/2452 1698/2356/2452
f 1867/2542/2453 1698/2356/2453 1868/2543/2453
f 1868/2543/2454 1698/2356/2454 1696/2354/2454
f 1868/2543/2455 1696/2354/2455 1869/2544/2455
f 1869/2544/2456 1696/2354/2456 1695/2353/2456
f 1869/2544/2457 1695/2353/2457 1792/2457/2457
f 1792/2457/2457 1695/2353/2457 1688/2346/2457
f 1792/2457/2329 1688/2346/2329 1686/2344/2329
f 1412/2545/2458 1867/2542/2458 1521/2546/2458
f 1521/2546/2459 1867/2542/2459 1868/2543/2459
f 1521/2546/2459 1868/2543/2459 1522/2547/2459
f 1522/2547/2460 1868/2543/2460 1869/2544/2460
f 1522/2547/2460 1869/2544/2460 1524/2548/2460
f 1524/2548/2461 1869/2544/2461 1792/2457/2461
f 1524/2548/2461 1792/2457/2461 1525/2140/2461
f 1525/2140/2462 1792/2457/2462 1793/2458/2462
f 1525/2140/2463 1793/2458/2463 1519/2125/2463
f 1519/2125/2464 1793/2458/2464 1794/2459/2464
f 1519/2125/2465 1794/2459/2465 1520/2129/2465
f 1520/2129/2466 1794/2459/2466 1795/2460/2466
f 1520/2129/2467 1795/2460/2467 1517/2123/2467
f 1517/2123/2468 1795/2460/2468 1796/2461/2468
f 1517/2123/2468 1796/2461/2468 1515/2121/2468
f 1515/2121/2469 1796/2461/2469 1797/2462/2469
f 1515/2121/2470 1797/2462/2470 1513/2549/2470
f 1513/2550/2471 1797/2551/2471 1798/2552/2471
f 1513/2550/2471 1798/2552/2471 1506/2104/2471
f 1506/2104/2472 1798/2552/2472 1799/2465/2472
f 1506/2104/2472 1799/2465/2472 1507/2105/2472
f 1507/2105/2473 1799/2465/2473 1800/2468/2473
f 1507/2105/2473 1800/2468/2473 1509/2107/2473
f 1509/2107/2474 1800/2468/2474 1801/2469/2474
f 1509/2107/2474 1801/2469/2474 1511/2109/2474
f 1511/2109/2475 1801/2469/2475 1802/2470/2475
f 1511/2109/2475 1802/2470/2475 1512/2110/2475
f 1512/2110/2476 1802/2470/2476 1803/2471/2476
f 1512/2110/2476 1803/2471/2476 1504/2102/2476
f 1504/2102/2477 1803/2471/2477 1804/2472/2477
f 1504/2102/2478 1804/2472/2478 1505/2103/2478
f 1505/2103/2479 1804/2472/2479 1805/2473/2479
f 1505/2103/2480 1805/2473/2480 1502/2100/2480
f 1502/2100/2481 1805/2473/2481 1806/2474/2481
f 1502/2100/2481 1806/2474/2481 1500/2098/2481
f 1500/2098/2482 1806/2474/2482 1807/2475/2482
f 1500/2098/2483 1807/2475/2483 1498/2096/2483
f 1498/2096/2484 1807/2475/2484 1808/2476/2484
f 1498/2096/2484 1808/2476/2484 1493/2091/2484
f 1493/2091/2485 1808/2476/2485 1810/2478/2485
f 1493/2091/2485 1810/2478/2485 1494/2092/2485
f 1494/2092/2486 1810/2478/2486 1809/2477/2486
f 1494/2092/2486 1809/2477/2486 1496/2094/2486
f 1496/2094/2487 1809/2477/2487 1811/2479/2487
f 1496/2094/2487 1811/2479/2487 1497/2095/2487
f 1497/2095/2488 1811/2479/2488 1812/2480/2488
f 1497/2095/2488 1812/2480/2488 1491/2089/2488
f 1491/2089/2489 1812/2480/2489 1814/2482/2489
f 1491/2089/2490 1814/2482/2490 1492/2090/2490
f 1492/2090/2491 1814/2482/2491 1813/2481/2491
f 1492/2090/2491 1813/2481/2491 1488/2086/2491
f 1488/2086/2492 1813/2481/2492 1815/2483/2492
f 1488/2086/2492 1815/2483/2492 1489/2087/2492
f 1489/2087/2493 1815/2483/2493 1816/2484/2493
f 1489/2087/2493 1816/2484/2493 1483/2079/2493
f 1483/2079/2494 1816/2484/2494 1818/2487/2494
f 1483/2079/2494 1818/2487/2494 1485/2081/2494
f 1485/2081/2495 1818/2487/2495 1817/2486/2495
f 1485/2081/2495 1817/2486/2495 1486/2083/2495
f 1486/2083/2496 1817/2486/2496 1819/2553/2496
f 1486/2083/2496 1819/2553/2496 1478/2084/2496
f 1478/2554/2497 1819/2490/2497 1820/2491/2497
f 1478/2554/2497 1820/2491/2497 1479/2072/2497
f 1479/2072/2498 1820/2491/2498 1821/2492/2498
f 1479/2072/2498 1821/2492/2498 1480/2073/2498
f 1480/2073/2499 1821/2492/2499 1822/2493/2499
f 1480/2073/2499 1822/2493/2499 1481/2077/2499
f 1481/2077/2500 1822/2493/2500 1823/2494/2500
f 1481/2077/2501 1823/2494/2501 1472/2055/2501
f 1472/2055/2502 1823/2494/2502 1824/2495/2502
f 1472/2055/2502 1824/2495/2502 1473/2059/2502
f 1473/2059/2503 1824/2495/2503 1825/2496/2503
f 1473/2059/2504 1825/2496/2504 1474/2060/2504
f 1474/2060/2505 1825/2496/2505 1826/2497/2505
f 1474/2060/2505 1826/2497/2505 1475/2064/2505
f 1475/2064/2506 1826/2497/2506 1827/2498/2506
f 1475/2064/2506 1827/2498/2506 1466/2043/2506
f 1466/2043/2507 1827/2498/2507 1828/2499/2507
f 1466/2043/2507 1828/2499/2507 1467/2047/2507
f 1467/2047/2508 1828/2499/2508 1829/2500/2508
f 1467/2047/2508 1829/2500/2508 1468/2048/2508
f 1468/2048/2509 1829/2500/2509 1830/2501/2509
f 1468/2048/2509 1830/2501/2509 1469/2052/2509
f 1469/2052/2510 1830/2501/2510 1831/2502/2510
f 1469/2052/2510 1831/2502/2510 1460/2031/2510
f 1460/2031/2511 1831/2502/2511 1832/2503/2511
f 1460/2031/2511 1832/2503/2511 1461/2035/2511
f 1461/2035/2512 1832/2503/2512 1833/2504/2512
f 1461/2035/2512 1833/2504/2512 1462/2036/2512
f 1462/2036/2513 1833/2504/2513 1834/2505/2513
f 1462/2036/2513 1834/2505/2513 1463/2040/2513
f 1463/2040/2514 1834/2505/2514 1835/2506/2514
f 1463/2040/2514 1835/2506/2514 1454/2017/2514
f 1454/2017/2515 1835/2506/2515 1836/2507/2515
f 1454/2017/2515 1836/2507/2515 1455/2555/2515
f 1455/2555/2516 1836/2507/2516 1837/2508/2516
f 1455/2555/2516 1837/2508/2516 1456/2556/2516
f 1456/2557/2517 1837/2558/2517 1838/2510/2517
f 1456/2557/2517 1838/2510/2517 1457/2028/2517
f 1457/2028/2518 1838/2510/2518 1839/2513/2518
f 1457/2028/2519 1839/2513/2519 1448/2011/2519
f 1448/2011/2520 1839/2513/2520 1840/2514/2520
f 1448/2011/2520 1840/2514/2520 1449/2012/2520
f 1449/2012/2521 1840/2514/2521 1841/2515/2521
f 1449/2012/2522 1841/2515/2522 1450/2013/2522
f 1450/2013/2523 1841/2515/2523 1842/2516/2523
f 1450/2013/2523 1842/2516/2523 1451/2014/2523
f 1451/2014/2524 1842/2516/2524 1843/2517/2524
f 1451/2014/2525 1843/2517/2525 1442/2005/2525
f 1442/2005/2526 1843/2517/2526 1844/2518/2526
f 1442/2005/2527 1844/2518/2527 1443/2006/2527
f 1443/2006/2528 1844/2518/2528 1845/2519/2528
f 1443/2006/2528 1845/2519/2528 1444/2007/2528
f 1444/2007/2529 1845/2519/2529 1846/2520/2529
f 1444/2007/2530 1846/2520/2530 1445/2008/2530
f 1445/2008/2531 1846/2520/2531 1847/2521/2531
f 1445/2008/2532 1847/2521/2532 1436/1999/2532
f 1436/1999/2533 1847/2521/2533 1849/2523/2533
f 1436/1999/2533 1849/2523/2533 1437/2000/2533
f 1437/2000/2534 1849/2523/2534 1848/2522/2534
f 1437/2000/2535 1848/2522/2535 1438/2001/2535
f 1438/2001/2536 1848/2522/2536 1850/2524/2536
f 1438/2001/2537 1850/2524/2537 1439/2002/2537
f 1439/2002/2538 1850/2524/2538 1851/2525/2538
f 1439/2002/2538 1851/2525/2538 1430/1993/2538
f 1430/1993/2539 1851/2525/2539 1853/2527/2539
f 1430/1993/2540 1853/2527/2540 1431/1994/2540
f 1431/1994/2541 1853/2527/2541 1852/2526/2541
f 1431/1994/2542 1852/2526/2542 1432/1995/2542
f 1432/1995/2543 1852/2526/2543 1854/2528/2543
f 1432/1995/2543 1854/2528/2543 1433/1996/2543
f 1433/1996/2544 1854/2528/2544 1855/2529/2544
f 1433/1996/2545 1855/2529/2545 1424/1982/2545
f 1424/1982/2546 1855/2529/2546 1857/2531/2546
f 1424/1982/2547 1857/2531/2547 1425/1983/2547
f 1425/1983/2548 1857/2531/2548 1856/2530/2548
f 1425/1983/2548 1856/2530/2548 1426/1984/2548
f 1426/1984/2549 1856/2530/2549 1858/2559/2549
f 1426/1984/2549 1858/2559/2549 1427/1989/2549
f 1427/1989/2550 1858/2559/2550 1859/2560/2550
f 1427/1989/2550 1859/2560/2550 1418/1990/2550
f 1418/2561/2551 1859/2534/2551 1860/2535/2551
f 1418/2561/2551 1860/2535/2551 1419/2562/2551
f 1419/2562/2552 1860/2535/2552 1861/2536/2552
f 1419/2562/2552 1861/2536/2552 1420/2563/2552
f 1420/2563/2553 1861/2536/2553 1862/2537/2553
f 1420/2563/2553 1862/2537/2553 1421/2564/2553
f 1421/2564/2554 1862/2537/2554 1863/2538/2554
f 1421/2564/2554 1863/2538/2554 1411/2565/2554
f 1411/2565/2555 1863/2538/2555 1864/2539/2555
f 1411/2565/2555 1864/2539/2555 1415/2566/2555
f 1415/2566/2556 1864/2539/2556 1865/2540/2556
f 1415/2566/2556 1865/2540/2556 1414/2567/2556
f 1414/2567/2557 1865/2540/2557 1866/2541/2557
f 1414/2567/2557 1866/2541/2557 1412/2545/2557
f 1412/2545/2458 1866/2541/2458 1867/2542/2458
f 1870/2568/2558 1578/2193/2558 1871/2569/2558
f 1871/2569/2559 1578/2193/2559 1577/2192/2559
f 1871/2569/2560 1577/2192/2560 1872/2570/2560
f 1872/2570/2561 1577/2192/2561 1560/2175/2561
f 1872/2570/2561 1560/2175/2561 1873/2571/2561
f 1873/2571/2562 1560/2175/2562 1559/2174/2562
f 1873/2571/2563 1559/2174/2563 1874/2572/2563
f 1874/2572/2564 1559/2174/2564 1596/2211/2564
f 1874/2572/2565 1596/2211/2565 1875/2573/2565
f 1875/2573/2566 1596/2211/2566 1595/2210/2566
f 1875/2573/2567 1595/2210/2567 1876/2574/2567
f 1876/2574/2568 1595/2210/2568 1594/2209/2568
f 1876/2574/2569 1594/2209/2569 1877/2575/2569
f 1877/2575/2570 1594/2209/2570 1593/2208/2570
f 1877/2575/2570 1593/2208/2570 1878/2576/2570
f 1878/2576/2571 1593/2208/2571 1592/2207/2571
f 1878/2576/2571 1592/2207/2571 1879/2577/2571
f 1879/2577/2572 1592/2207/2572 1591/2206/2572
f 1879/2577/2573 1591/2206/2573 1880/2578/2573
f 1880/2578/2574 1591/2206/2574 1590/2205/2574
f 1880/2578/2575 1590/2205/2575 1881/2579/2575
f 1881/2579/2576 1590/2205/2576 1589/2204/2576
f 1881/2579/2577 1589/2204/2577 1882/2580/2577
f 1882/2580/2578 1589/2204/2578 1588/2203/2578
f 1882/2580/2579 1588/2203/2579 1883/2581/2579
f 1883/2581/2580 1588/2203/2580 1574/2189/2580
f 1883/2581/2580 1574/2189/2580 1884/2582/2580
f 1884/2582/2581 1574/2189/2581 1573/2188/2581
f 1884/2582/2581 1573/2188/2581 1885/2583/2581
f 1885/2583/2582 1573/2188/2582 1572/2187/2582
f 1885/2583/2582 1572/2187/2582 1886/2584/2582
f 1886/2584/2583 1572/2187/2583 1558/2173/2583
f 1886/2584/2584 1558/2173/2584 1887/2585/2584
f 1887/2585/2585 1558/2173/2585 1600/2215/2585
f 1887/2585/2585 1600/2215/2585 1888/2586/2585
f 1888/2586/2586 1600/2215/2586 1568/2183/2586
f 1888/2586/2587 1568/2183/2587 1889/2587/2587
f 1889/2587/2588 1568/2183/2588 1567/2182/2588
f 1889/2587/2589 1567/2182/2589 1890/2588/2589
f 1890/2588/2590 1567/2182/2590 1566/2181/2590
f 1890/2588/2591 1566/2181/2591 1891/2589/2591
f 1891/2589/2592 1566/2181/2592 1540/2155/2592
f 1891/2589/2593 1540/2155/2593 1892/2590/2593
f 1892/2590/2594 1540/2155/2594 1539/2154/2594
f 1892/2590/2595 1539/2154/2595 1893/2591/2595
f 1893/2591/2596 1539/2154/2596 1538/2153/2596
f 1893/2591/2596 1538/2153/2596 1894/2592/2596
f 1894/2592/2597 1538/2153/2597 1537/2152/2597
f 1894/2592/2597 1537/2152/2597 1895/2593/2597
f 1895/2594/2598 1537/2595/2598 1557/2596/2598
f 1895/2594/2599 1557/2596/2599 1896/2597/2599
f 1896/2597/2600 1557/2596/2600 1556/2598/2600
f 1896/2597/2600 1556/2598/2600 1897/2599/2600
f 1897/2599/2601 1556/2598/2601 1536/2600/2601
f 1897/2599/2602 1536/2600/2602 1898/2601/2602
f 1898/2601/2603 1536/2600/2603 1535/2602/2603
f 1898/2601/2604 1535/2602/2604 1899/2603/2604
f 1899/2603/2605 1535/2602/2605 1534/2604/2605
f 1899/2603/2606 1534/2604/2606 1900/2605/2606
f 1900/2605/2607 1534/2604/2607 1533/2606/2607
f 1900/2605/2608 1533/2606/2608 1901/2607/2608
f 1901/2607/2609 1533/2606/2609 1532/2608/2609
f 1901/2607/2610 1532/2608/2610 1902/2609/2610
f 1902/2609/2611 1532/2608/2611 1528/2610/2611
f 1902/2609/2611 1528/2610/2611 1903/2611/2611
f 1903/2611/2612 1528/2610/2612 1555/2612/2612
f 1903/2611/2613 1555/2612/2613 1904/2613/2613
f 1904/2613/2614 1555/2612/2614 1571/2614/2614
f 1904/2613/2615 1571/2614/2615 1905/2615/2615
f 1905/2615/2616 1571/2614/2616 1583/2616/2616
f 1905/2615/2617 1583/2616/2617 1906/2617/2617
f 1906/2617/2618 1583/2616/2618 1587/2618/2618
f 1906/2617/2619 1587/2618/2619 1907/2619/2619
f 1907/2619/2620 1587/2618/2620 1586/2620/2620
f 1907/2619/2621 1586/2620/2621 1908/2621/2621
f 1908/2621/2622 1586/2620/2622 1585/2622/2622
f 1908/2621/2623 1585/2622/2623 1909/2623/2623
f 1909/2623/2624 1585/2622/2624 1584/2624/2624
f 1909/2623/2625 1584/2624/2625 1910/2625/2625
f 1910/2625/2626 1584/2624/2626 1582/2626/2626
f 1910/2625/2626 1582/2626/2626 1911/2627/2626
f 1911/2627/2627 1582/2626/2627 1581/2628/2627
f 1911/2627/2628 1581/2628/2628 1912/2629/2628
f 1912/2629/2629 1581/2628/2629 1570/2630/2629
f 1912/2629/2630 1570/2630/2630 1913/2631/2630
f 1913/2631/2631 1570/2630/2631 1569/2632/2631
f 1913/2631/2631 1569/2632/2631 1914/2633/2631
f 1914/2633/2632 1569/2632/2632 1580/2634/2632
f 1914/2633/2633 1580/2634/2633 1915/2635/2633
f 1915/2635/2634 1580/2634/2634 1554/2636/2634
f 1915/2635/2635 1554/2636/2635 1916/2637/2635
f 1916/2637/2636 1554/2636/2636 1553/2638/2636
f 1916/2637/2636 1553/2638/2636 1917/2639/2636
f 1917/2639/2637 1553/2638/2637 1552/2640/2637
f 1917/2639/2637 1552/2640/2637 1918/2641/2637
f 1918/2641/2638 1552/2640/2638 1551/2642/2638
f 1918/2641/2639 1551/2642/2639 1919/2643/2639
f 1919/2643/2640 1551/2642/2640 1550/2644/2640
f 1919/2643/2640 1550/2644/2640 1920/2645/2640
f 1920/2645/2641 1550/2644/2641 1549/2646/2641
f 1920/2645/2642 1549/2646/2642 1921/2647/2642
f 1921/2647/2643 1549/2646/2643 1565/2648/2643
f 1921/2647/2644 1565/2648/2644 1922/2649/2644
f 1922/2649/2645 1565/2648/2645 1564/2650/2645
f 1922/2649/2646 1564/2650/2646 1923/2651/2646
f 1923/2652/2647 1564/2179/2647 1548/2163/2647
f 1923/2652/2647 1548/2163/2647 1924/2653/2647
f 1924/2653/2648 1548/2163/2648 1547/2162/2648
f 1924/2653/2649 1547/2162/2649 1925/2654/2649
f 1925/2654/2650 1547/2162/2650 1576/2191/2650
f 1925/2654/2651 1576/2191/2651 1926/2655/2651
f 1926/2655/2652 1576/2191/2652 1575/2190/2652
f 1926/2655/2653 1575/2190/2653 1927/2656/2653
f 1927/2656/2654 1575/2190/2654 1563/2178/2654
f 1927/2656/2654 1563/2178/2654 1928/2657/2654
f 1928/2657/2655 1563/2178/2655 1562/2177/2655
f 1928/2657/2655 1562/2177/2655 1929/2658/2655
f 1929/2658/2656 1562/2177/2656 1561/2176/2656
f 1929/2658/2657 1561/2176/2657 1930/2659/2657
f 1930/2659/2658 1561/2176/2658 1546/2161/2658
f 1930/2659/2658 1546/2161/2658 1931/2660/2658
f 1931/2660/2659 1546/2161/2659 1545/2160/2659
f 1931/2660/2660 1545/2160/2660 1932/2661/2660
f 1932/2661/2661 1545/2160/2661 1544/2159/2661
f 1932/2661/2662 1544/2159/2662 1933/2662/2662
f 1933/2662/2663 1544/2159/2663 1543/2158/2663
f 1933/2662/2663 1543/2158/2663 1934/2663/2663
f 1934/2663/2664 1543/2158/2664 1542/2157/2664
f 1934/2663/2665 1542/2157/2665 1935/2664/2665
f 1935/2664/2666 1542/2157/2666 1541/2156/2666
f 1935/2664/2667 1541/2156/2667 1936/2665/2667
f 1936/2665/2668 1541/2156/2668 1530/2145/2668
f 1936/2665/2668 1530/2145/2668 1937/2666/2668
f 1937/2666/2669 1530/2145/2669 1529/2144/2669
f 1937/2666/2669 1529/2144/2669 1938/2667/2669
f 1938/2667/2670 1529/2144/2670 1527/2142/2670
f 1938/2667/2670 1527/2142/2670 1939/2668/2670
f 1939/2668/2671 1527/2142/2671 1526/2141/2671
f 1939/2668/2672 1526/2141/2672 1940/2669/2672
f 1940/2669/2673 1526/2141/2673 1531/2146/2673
f 1940/2669/2674 1531/2146/2674 1941/2670/2674
f 1941/2670/2675 1531/2146/2675 1601/2216/2675
f 1941/2670/2676 1601/2216/2676 1942/2671/2676
f 1942/2671/2677 1601/2216/2677 1599/2214/2677
f 1942/2671/2677 1599/2214/2677 1943/2672/2677
f 1943/2672/2678 1599/2214/2678 1598/2213/2678
f 1943/2672/2679 1598/2213/2679 1944/2673/2679
f 1944/2673/2680 1598/2213/2680 1597/2212/2680
f 1944/2673/2681 1597/2212/2681 1945/2674/2681
f 1945/2674/2682 1597/2212/2682 1579/2194/2682
f 1945/2674/2683 1579/2194/2683 1870/2568/2683
f 1870/2568/2684 1579/2194/2684 1578/2193/2684
f 1946/2675/2685 1871/2569/2685 1947/2676/2685
f 1947/2676/2686 1871/2569/2686 1872/2570/2686
f 1947/2676/2686 1872/2570/2686 1948/2677/2686
f 1948/2677/2687 1872/2570/2687 1873/2571/2687
f 1948/2677/2688 1873/2571/2688 1949/2678/2688
f 1949/2678/2689 1873/2571/2689 1874/2572/2689
f 1949/2678/2690 1874/2572/2690 1950/2679/2690
f 1950/2679/2691 1874/2572/2691 1875/2573/2691
f 1950/2679/2691 1875/2573/2691 1951/2680/2691
f 1951/2680/2692 1875/2573/2692 1876/2574/2692
f 1951/2680/2692 1876/2574/2692 1952/2681/2692
f 1952/2681/2693 1876/2574/2693 1877/2575/2693
f 1952/2681/2693 1877/2575/2693 1953/2682/2693
f 1953/2682/2694 1877/2575/2694 1878/2576/2694
f 1953/2682/2694 1878/2576/2694 1954/2683/2694
f 1954/2683/2695 1878/2576/2695 1879/2577/2695
f 1954/2683/2695 1879/2577/2695 1955/2684/2695
f 1955/2684/2696 1879/2577/2696 1880/2578/2696
f 1955/2684/2697 1880/2578/2697 1956/2685/2697
f 1956/2685/2698 1880/2578/2698 1881/2579/2698
f 1956/2685/2698 1881/2579/2698 1957/2686/2698
f 1957/2686/2699 1881/2579/2699 1882/2580/2699
f 1957/2686/2700 1882/2580/2700 1958/2687/2700
f 1958/2687/2701 1882/2580/2701 1883/2581/2701
f 1958/2687/2701 1883/2581/2701 1959/2688/2701
f 1959/2688/2702 1883/2581/2702 1884/2582/2702
f 1959/2688/2702 1884/2582/2702 1960/2689/2702
f 1960/2689/2703 1884/2582/2703 1885/2583/2703
f 1960/2689/2703 1885/2583/2703 1961/2690/2703
f 1961/2690/2704 1885/2583/2704 1886/2584/2704
f 1961/2690/2704 1886/2584/2704 1962/2691/2704
f 1962/2691/2705 1886/2584/2705 1887/2585/2705
f 1962/2691/2706 1887/2585/2706 1963/2692/2706
f 1963/2692/2707 1887/2585/2707 1888/2586/2707
f 1963/2692/2707 1888/2586/2707 1964/2693/2707
f 1964/2693/2708 1888/2586/2708 1889/2587/2708
f 1964/2693/2708 1889/2587/2708 1965/2694/2708
f 1965/2694/2709 1889/2587/2709 1890/2588/2709
f 1965/2694/2709 1890/2588/2709 1966/2695/2709
f 1966/2695/2710 1890/2588/2710 1891/2589/2710
f 1966/2695/2710 1891/2589/2710 1967/2696/2710
f 1967/2696/2711 1891/2589/2711 1892/2590/2711
f 1967/2696/2711 1892/2590/2711 1968/2697/2711
f 1968/2698/2712 1892/2699/2712 1893/2700/2712
f 1968/2698/2712 1893/2700/2712 1969/2701/2712
f 1969/2701/2713 1893/2700/2713 1894/2702/2713
f 1969/2701/2714 1894/2702/2714 1970/2703/2714
f 1970/2703/2715 1894/2702/2715 1895/2594/2715
f 1970/2703/2715 1895/2594/2715 1971/2704/2715
f 1971/2704/2716 1895/2594/2716 1896/2597/2716
f 1971/2704/2716 1896/2597/2716 1972/2705/2716
f 1972/2705/2717 1896/2597/2717 1897/2599/2717
f 1972/2705/2717 1897/2599/2717 1973/2706/2717
f 1973/2706/2718 1897/2599/2718 1898/2601/2718
f 1973/2706/2718 1898/2601/2718 1974/2707/2718
f 1974/2707/2719 1898/2601/2719 1899/2603/2719
f 1974/2707/2720 1899/2603/2720 1975/2708/2720
f 1975/2708/2721 1899/2603/2721 1900/2605/2721
f 1975/2708/2721 1900/2605/2721 1976/2709/2721
f 1976/2709/2722 1900/2605/2722 1901/2607/2722
f 1976/2709/2722 1901/2607/2722 1977/2710/2722
f 1977/2710/2723 1901/2607/2723 1902/2609/2723
f 1977/2710/2723 1902/2609/2723 1978/2711/2723
f 1978/2711/2724 1902/2609/2724 1903/2611/2724
f 1978/2711/2724 1903/2611/2724 1979/2712/2724
f 1979/2712/2725 1903/2611/2725 1904/2613/2725
f 1979/2712/2725 1904/2613/2725 1980/2713/2725
f 1980/2713/2726 1904/2613/2726 1905/2615/2726
f 1980/2713/2726 1905/2615/2726 1981/2714/2726
f 1981/2714/2727 1905/2615/2727 1906/2617/2727
f 1981/2714/2728 1906/2617/2728 1982/2715/2728
f 1982/2715/2729 1906/2617/2729 1907/2619/2729
f 1982/2715/2730 1907/2619/2730 1983/2716/2730
f 1983/2716/2731 1907/2619/2731 1908/2621/2731
f 1983/2716/2731 1908/2621/2731 1984/2717/2731
f 1984/2717/2732 1908/2621/2732 1909/2623/2732
f 1984/2717/2732 1909/2623/2732 1985/2718/2732
f 1985/2718/2733 1909/2623/2733 1910/2625/2733
f 1985/2718/2733 1910/2625/2733 1986/2719/2733
f 1986/2719/2734 1910/2625/2734 1911/2627/2734
f 1986/2719/2734 1911/2627/2734 1987/2720/2734
f 1987/2720/2735 1911/2627/2735 1912/2629/2735
f 1987/2720/2736 1912/2629/2736 1988/2721/2736
f 1988/2721/2737 1912/2629/2737 1913/2631/2737
f 1988/2721/2737 1913/2631/2737 1989/2722/2737
f 1989/2722/2738 1913/2631/2738 1914/2633/2738
f 1989/2722/2738 1914/2633/2738 1990/2723/2738
f 1990/2723/2739 1914/2633/2739 1915/2635/2739
f 1990/2723/2739 1915/2635/2739 1991/2724/2739
f 1991/2724/2740 1915/2635/2740 1916/2637/2740
f 1991/2724/2740 1916/2637/2740 1992/2725/2740
f 1992/2725/2741 1916/2637/2741 1917/2639/2741
f 1992/2725/2741 1917/2639/2741 1993/2726/2741
f 1993/2726/2742 1917/2639/2742 1918/2641/2742
f 1993/2726/2743 1918/2641/2743 1994/2727/2743
f 1994/2727/2744 1918/2641/2744 1919/2643/2744
f 1994/2727/2745 1919/2643/2745 1995/2728/2745
f 1995/2728/2746 1919/2643/2746 1920/2645/2746
f 1995/2728/2747 1920/2645/2747 1996/2729/2747
f 1996/2729/2748 1920/2645/2748 1921/2647/2748
f 1996/2729/2749 1921/2647/2749 1997/2730/2749
f 1997/2730/2750 1921/2647/2750 1922/2649/2750
f 1997/2730/2750 1922/2649/2750 1998/2731/2750
f 1998/2731/2751 1922/2649/2751 1923/2651/2751
f 1998/2731/2751 1923/2651/2751 1999/2732/2751
f 1999/2732/2752 1923/2651/2752 1924/2733/2752
f 1999/2732/2752 1924/2733/2752 2000/2734/2752
f 2000/2734/2753 1924/2733/2753 1925/2735/2753
f 2000/2734/2753 1925/2735/2753 2001/2736/2753
f 2001/2736/2754 1925/2735/2754 1926/2737/2754
f 2001/2736/2754 1926/2737/2754 2002/2738/2754
f 2002/2739/2755 1926/2740/2755 1927/2741/2755
f 2002/2739/2755 1927/2741/2755 2003/2742/2755
f 2003/2742/2756 1927/2741/2756 1928/2743/2756
f 2003/2742/2756 1928/2743/2756 2004/2744/2756
f 2004/2745/2757 1928/2657/2757 1929/2658/2757
f 2004/2745/2758 1929/2658/2758 2005/2746/2758
f 2005/2746/2759 1929/2658/2759 1930/2659/2759
f 2005/2746/2759 1930/2659/2759 2006/2747/2759
f 2006/2747/2760 1930/2659/2760 1931/2660/2760
f 2006/2747/2760 1931/2660/2760 2007/2748/2760
f 2007/2748/2761 1931/2660/2761 1932/2661/2761
f 2007/2748/2761 1932/2661/2761 2008/2749/2761
f 2008/2749/2762 1932/2661/2762 1933/2662/2762
f 2008/2749/2762 1933/2662/2762 2009/2750/2762
f 2009/2750/2763 1933/2662/2763 1934/2663/2763
f 2009/2750/2763 1934/2663/2763 2010/2751/2763
f 2010/2751/2764 1934/2663/2764 1935/2664/2764
f 2010/2751/2764 1935/2664/2764 2011/2752/2764
f 2011/2752/2765 1935/2664/2765 1936/2665/2765
f 2011/2752/2765 1936/2665/2765 2012/2753/2765
f 2012/2753/2766 1936/2665/2766 1937/2666/2766
f 2012/2753/2767 1937/2666/2767 2013/2754/2767
f 2013/2754/2768 1937/2666/2768 1938/2667/2768
f 2013/2754/2769 1938/2667/2769 2014/2755/2769
f 2014/2755/2770 1938/2667/2770 1939/2668/2770
f 2014/2755/2771 1939/2668/2771 2015/2756/2771
f 2015/2756/2772 1939/2668/2772 1940/2669/2772
f 2015/2756/2772 1940/2669/2772 2016/2757/2772
f 2016/2757/2773 1940/2669/2773 1941/2670/2773
f 2016/2757/2773 1941/2670/2773 2017/2758/2773
f 2017/2758/2774 1941/2670/2774 1942/2671/2774
f 2017/2758/2774 1942/2671/2774 2018/2759/2774
f 2018/2759/2775 1942/2671/2775 1943/2672/2775
f 2018/2759/2775 1943/2672/2775 2019/2760/2775
f 2019/2760/2776 1943/2672/2776 1944/2673/2776
f 2019/2760/2777 1944/2673/2777 2020/2761/2777
f 2020/2761/2778 1944/2673/2778 1945/2674/2778
f 2020/2761/2778 1945/2674/2778 2021/2762/2778
f 2021/2762/2779 1945/2674/2779 1870/2568/2779
f 2021/2762/2779 1870/2568/2779 1946/2675/2779
f 1946/2675/2685 1870/2568/2685 1871/2569/2685
f 1690/2348/2780 1947/2676/2780 1699/2357/2780
f 1699/2357/2781 1947/2676/2781 1948/2677/2781
f 1699/2357/2781 1948/2677/2781 1697/2355/2781
f 1697/2355/2782 1948/2677/2782 1949/2678/2782
f 1697/2355/2783 1949/2678/2783 1689/2347/2783
f 1689/2347/2784 1949/2678/2784 1950/2679/2784
f 1689/2347/2784 1950/2679/2784 1687/2345/2784
f 1687/2345/2785 1950/2679/2785 1951/2680/2785
f 1687/2345/2785 1951/2680/2785 1684/2342/2785
f 1684/2342/2786 1951/2680/2786 1952/2681/2786
f 1684/2342/2786 1952/2681/2786 1682/2340/2786
f 1682/2340/2787 1952/2681/2787 1953/2682/2787
f 1682/2340/2787 1953/2682/2787 1679/2337/2787
f 1679/2337/2788 1953/2682/2788 1954/2683/2788
f 1679/2337/2788 1954/2683/2788 1677/2335/2788
f 1677/2335/2789 1954/2683/2789 1955/2684/2789
f 1677/2335/2789 1955/2684/2789 1674/2332/2789
f 1674/2332/2790 1955/2684/2790 1956/2685/2790
f 1674/2332/2791 1956/2685/2791 1672/2330/2791
f 1672/2330/2792 1956/2685/2792 1957/2686/2792
f 1672/2330/2793 1957/2686/2793 1669/2327/2793
f 1669/2327/2794 1957/2686/2794 1958/2687/2794
f 1669/2327/2794 1958/2687/2794 1667/2325/2794
f 1667/2325/2795 1958/2687/2795 1959/2688/2795
f 1667/2325/2795 1959/2688/2795 1664/2763/2795
f 1664/2320/2796 1959/2764/2796 1960/2765/2796
f 1664/2320/2796 1960/2765/2796 1662/2318/2796
f 1662/2318/2797 1960/2765/2797 1961/2766/2797
f 1662/2318/2797 1961/2766/2797 1659/2315/2797
f 1659/2315/2798 1961/2766/2798 1962/2767/2798
f 1659/2315/2798 1962/2767/2798 1657/2313/2798
f 1657/2313/2799 1962/2767/2799 1963/2768/2799
f 1657/2313/2800 1963/2768/2800 1654/2310/2800
f 1654/2310/2801 1963/2768/2801 1964/2769/2801
f 1654/2310/2801 1964/2769/2801 1652/2308/2801
f 1652/2308/2802 1964/2769/2802 1965/2770/2802
f 1652/2308/2803 1965/2770/2803 1649/2305/2803
f 1649/2305/2804 1965/2770/2804 1966/2771/2804
f 1649/2305/2804 1966/2771/2804 2022/2303/2804
f 2022/2303/2805 1966/2771/2805 1967/2772/2805
f 2022/2303/2805 1967/2772/2805 1638/2294/2805
f 1638/2294/2806 1967/2772/2806 1968/2773/2806
f 1638/2294/2807 1968/2773/2807 1639/2295/2807
f 1639/2295/2808 1968/2773/2808 1969/2774/2808
f 1639/2295/2808 1969/2774/2808 1642/2298/2808
f 1642/2298/2809 1969/2774/2809 1970/2775/2809
f 1642/2298/2809 1970/2775/2809 1631/2285/2809
f 1631/2285/2810 1970/2775/2810 1971/2776/2810
f 1631/2285/2810 1971/2776/2810 1629/2283/2810
f 1629/2283/2811 1971/2776/2811 1972/2777/2811
f 1629/2283/2811 1972/2777/2811 1627/2281/2811
f 1627/2281/2812 1972/2777/2812 1973/2778/2812
f 1627/2281/2812 1973/2778/2812 1634/2290/2812
f 1634/2779/2813 1973/2706/2813 1974/2707/2813
f 1634/2779/2813 1974/2707/2813 1621/2275/2813
f 1621/2275/2814 1974/2707/2814 1975/2708/2814
f 1621/2275/2814 1975/2708/2814 1619/2273/2814
f 1619/2273/2815 1975/2708/2815 1976/2709/2815
f 1619/2273/2816 1976/2709/2816 1617/2271/2816
f 1617/2271/2817 1976/2709/2817 1977/2710/2817
f 1617/2271/2817 1977/2710/2817 1624/2278/2817
f 1624/2278/2818 1977/2710/2818 1978/2711/2818
f 1624/2278/2818 1978/2711/2818 1611/2265/2818
f 1611/2265/2819 1978/2711/2819 1979/2712/2819
f 1611/2265/2819 1979/2712/2819 1609/2263/2819
f 1609/2263/2820 1979/2712/2820 1980/2713/2820
f 1609/2263/2820 1980/2713/2820 1607/2261/2820
f 1607/2261/2821 1980/2713/2821 1981/2714/2821
f 1607/2261/2821 1981/2714/2821 1614/2268/2821
f 1614/2268/2822 1981/2714/2822 1982/2715/2822
f 1614/2268/2822 1982/2715/2822 1606/2260/2822
f 1606/2260/2823 1982/2715/2823 1983/2716/2823
f 1606/2260/2823 1983/2716/2823 1604/2258/2823
f 1604/2258/2824 1983/2716/2824 1984/2717/2824
f 1604/2258/2825 1984/2717/2825 1602/2256/2825
f 1602/2256/2826 1984/2717/2826 1985/2718/2826
f 1602/2256/2826 1985/2718/2826 1789/2454/2826
f 1789/2454/2827 1985/2718/2827 1986/2719/2827
f 1789/2454/2827 1986/2719/2827 1787/2452/2827
f 1787/2452/2828 1986/2719/2828 1987/2720/2828
f 1787/2452/2829 1987/2720/2829 1784/2449/2829
f 1784/2449/2830 1987/2720/2830 1988/2721/2830
f 1784/2449/2830 1988/2721/2830 1782/2447/2830
f 1782/2447/2831 1988/2721/2831 1989/2722/2831
f 1782/2447/2831 1989/2722/2831 1779/2444/2831
f 1779/2444/2832 1989/2722/2832 1990/2723/2832
f 1779/2444/2833 1990/2723/2833 1777/2442/2833
f 1777/2442/2834 1990/2723/2834 1991/2724/2834
f 1777/2442/2835 1991/2724/2835 1774/2439/2835
f 1774/2439/2836 1991/2724/2836 1992/2725/2836
f 1774/2439/2836 1992/2725/2836 1772/2437/2836
f 1772/2437/2837 1992/2725/2837 1993/2726/2837
f 1772/2437/2837 1993/2726/2837 1769/2434/2837
f 1769/2434/2838 1993/2726/2838 1994/2727/2838
f 1769/2434/2838 1994/2727/2838 1767/2432/2838
f 1767/2432/2839 1994/2727/2839 1995/2728/2839
f 1767/2432/2840 1995/2728/2840 1764/2430/2840
f 1764/2430/2841 1995/2728/2841 1996/2729/2841
f 1764/2430/2842 1996/2729/2842 1762/2780/2842
f 1762/2780/2843 1996/2729/2843 1997/2730/2843
f 1762/2780/2844 1997/2730/2844 1759/2781/2844
f 1759/2422/2845 1997/2782/2845 1998/2783/2845
f 1759/2422/2846 1998/2783/2846 1757/2420/2846
f 1757/2420/2847 1998/2783/2847 1999/2784/2847
f 1757/2420/2848 1999/2784/2848 1754/2417/2848
f 1754/2417/2849 1999/2784/2849 2000/2785/2849
f 1754/2417/2849 2000/2785/2849 1752/2415/2849
f 1752/2415/2850 2000/2785/2850 2001/2786/2850
f 1752/2415/2851 2001/2786/2851 1749/2412/2851
f 1749/2412/2852 2001/2786/2852 2002/2739/2852
f 1749/2412/2853 2002/2739/2853 1747/2410/2853
f 1747/2410/2854 2002/2739/2854 2003/2742/2854
f 1747/2410/2854 2003/2742/2854 1744/2407/2854
f 1744/2407/2855 2003/2742/2855 2004/2744/2855
f 1744/2407/2856 2004/2744/2856 2023/2405/2856
f 2023/2405/2857 2004/2744/2857 2005/2787/2857
f 2023/2405/2857 2005/2787/2857 1733/2396/2857
f 1733/2396/2858 2005/2787/2858 2006/2788/2858
f 1733/2396/2859 2006/2788/2859 1734/2397/2859
f 1734/2397/2860 2006/2788/2860 2007/2789/2860
f 1734/2397/2861 2007/2789/2861 1737/2400/2861
f 1737/2400/2862 2007/2789/2862 2008/2790/2862
f 1737/2400/2863 2008/2790/2863 1726/2386/2863
f 1726/2386/2864 2008/2790/2864 2009/2791/2864
f 1726/2386/2864 2009/2791/2864 1724/2384/2864
f 1724/2384/2865 2009/2791/2865 2010/2792/2865
f 1724/2384/2866 2010/2792/2866 1722/2382/2866
f 1722/2382/2867 2010/2792/2867 2011/2793/2867
f 1722/2382/2868 2011/2793/2868 1729/2392/2868
f 1729/2794/2869 2011/2752/2869 2012/2753/2869
f 1729/2794/2870 2012/2753/2870 1716/2795/2870
f 1716/2795/2871 2012/2753/2871 2013/2754/2871
f 1716/2795/2872 2013/2754/2872 1714/2372/2872
f 1714/2372/2873 2013/2754/2873 2014/2755/2873
f 1714/2372/2874 2014/2755/2874 1712/2370/2874
f 1712/2370/2875 2014/2755/2875 2015/2756/2875
f 1712/2370/2875 2015/2756/2875 1719/2379/2875
f 1719/2379/2876 2015/2756/2876 2016/2757/2876
f 1719/2379/2876 2016/2757/2876 1706/2364/2876
f 1706/2364/2877 2016/2757/2877 2017/2758/2877
f 1706/2364/2878 2017/2758/2878 1704/2362/2878
f 1704/2362/2879 2017/2758/2879 2018/2759/2879
f 1704/2362/2880 2018/2759/2880 1702/2360/2880
f 1702/2360/2881 2018/2759/2881 2019/2760/2881
f 1702/2360/2881 2019/2760/2881 1709/2367/2881
f 1709/2367/2882 2019/2760/2882 2020/2761/2882
f 1709/2367/2882 2020/2761/2882 1694/2352/2882
f 1694/2352/2883 2020/2761/2883 2021/2762/2883
f 1694/2352/2883 2021/2762/2883 1692/2350/2883
f 1692/2350/2884 2021/2762/2884 1946/2675/2884
f 1692/2350/2885 1946/2675/2885 1690/2348/2885
f 1690/2348/2780 1946/2675/2780 1947/2676/2780
f 2024/2796/288 2025/2797/288 2026/2798/288
f 2026/2798/288 2025/2797/288 2027/2799/288
f 2026/2798/288 2027/2799/288 2028/2800/288
f 2028/2800/288 2027/2799/288 2029/2801/288
f 2028/2800/288 2029/2801/288 2030/2802/288
f 2030/2802/288 2029/2801/288 2031/2803/288
f 2030/2802/288 2031/2803/288 2032/2804/288
f 2032/2804/288 2031/2803/288 2033/2805/288
f 2032/2804/288 2033/2805/288 2034/2806/288
f 2034/2806/288 2033/2805/288 2035/2807/288
f 2034/2806/288 2035/2807/288 2036/2808/288
f 2036/2808/288 2035/2807/288 2037/2809/288
f 2036/2808/288 2037/2809/288 2038/2810/288
f 2038/2810/288 2037/2809/288 2039/2811/288
f 2038/2810/288 2039/2811/288 2040/2812/288
f 2040/2812/288 2039/2811/288 2041/2813/288
f 2040/2812/288 2041/2813/288 2042/2814/288
f 2042/2814/288 2041/2813/288 2043/2815/288
f 2042/2814/288 2043/2815/288 2044/2816/288
f 2044/2816/288 2043/2815/288 2045/2817/288
f 2044/2816/288 2045/2817/288 2046/2818/288
f 2046/2818/288 2045/2817/288 2047/2819/288
f 2046/2818/288 2047/2819/288 2048/2820/288
f 2048/2820/288 2047/2819/288 2049/2821/288
f 2048/2820/288 2049/2821/288 2050/2822/288
f 2050/2822/288 2049/2821/288 2051/2823/288
f 2050/2822/288 2051/2823/288 2052/2824/288
f 2052/2824/288 2051/2823/288 2053/2825/288
f 2052/2824/288 2053/2825/288 2054/2826/288
f 2054/2826/288 2053/2825/288 2055/2827/288
f 2054/2826/288 2055/2827/288 2056/2828/288
f 2056/2828/288 2055/2827/288 2057/2829/288
f 2056/2828/288 2057/2829/288 2058/2830/288
f 2058/2830/288 2057/2829/288 2059/2831/288
f 2058/2830/288 2059/2831/288 2060/2832/288
f 2060/2832/288 2059/2831/288 2061/2833/288
f 2060/2832/288 2061/2833/288 2062/2834/288
f 2062/2834/288 2061/2833/288 2063/2835/288
f 2062/2834/288 2063/2835/288 2064/2836/288
f 2064/2836/288 2063/2835/288 2065/2837/288
f 2064/2836/288 2065/2837/288 2066/2838/288
f 2066/2838/288 2065/2837/288 2067/2839/288
f 2066/2838/288 2067/2839/288 2068/2840/288
f 2068/2840/288 2067/2839/288 2069/2841/288
f 2068/2840/288 2069/2841/288 2070/2842/288
f 2070/2842/288 2069/2841/288 2071/2843/288
f 2070/2842/288 2071/2843/288 2072/2844/288
f 2072/2844/288 2071/2843/288 2073/2845/288
f 2072/2844/288 2073/2845/288 2074/2846/288
f 2074/2846/288 2073/2845/288 2075/2847/288
f 2074/2846/288 2075/2847/288 2076/2848/288
f 2076/2848/288 2075/2847/288 2077/2849/288
f 2076/2848/288 2077/2849/288 2078/2850/288
f 2078/2850/288 2077/2849/288 2079/2851/288
f 2078/2850/288 2079/2851/288 2080/2852/288
f 2080/2852/288 2079/2851/288 2081/2853/288
f 2080/2852/288 2081/2853/288 2082/2854/288
f 2082/2854/288 2081/2853/288 2083/2855/288
f 2082/2854/288 2083/2855/288 2084/2856/288
f 2084/2856/288 2083/2855/288 2085/2857/288
f 2084/2856/288 2085/2857/288 2086/2858/288
f 2086/2858/288 2085/2857/288 2087/2859/288
f 2086/2858/288 2087/2859/288 2088/2860/288
f 2088/2860/288 2087/2859/288 2089/2861/288
f 2088/2860/288 2089/2861/288 2090/2862/288
f 2090/2862/288 2089/2861/288 2091/2863/288
f 2090/2862/288 2091/2863/288 2092/2864/288
f 2092/2864/288 2091/2863/288 2093/2865/288
f 2092/2864/288 2093/2865/288 2094/2866/288
f 2094/2866/288 2093/2865/288 2095/2867/288
f 2094/2866/288 2095/2867/288 2096/2868/288
f 2096/2868/288 2095/2867/288 2097/2869/288
f 2096/2868/288 2097/2869/288 2098/2870/288
f 2098/2870/288 2097/2869/288 2099/2871/288
f 2098/2870/288 2099/2871/288 2024/2796/288
f 2024/2796/288 2099/2871/288 2025/2797/288
f 2100/2872/1016 2101/2873/1016 2102/2874/1016
f 2102/2874/1016 2101/2873/1016 2103/2875/1016
f 2102/2874/1016 2103/2875/1016 2104/2876/1016
f 2104/2876/1016 2103/2875/1016 2105/2877/1016
f 2104/2876/1016 2105/2877/1016 2106/2878/1016
f 2106/2878/1016 2105/2877/1016 2107/2879/1016
f 2106/2878/1016 2107/2879/1016 2108/2880/1016
f 2108/2880/1016 2107/2879/1016 2109/2881/1016
f 2108/2880/1016 2109/2881/1016 2110/2882/1016
f 2110/2882/1016 2109/2881/1016 2111/2883/1016
f 2110/2882/1016 2111/2883/1016 2112/2884/1016
f 2112/2884/1016 2111/2883/1016 2113/2885/1016
f 2112/2884/1016 2113/2885/1016 2114/2886/1016
f 2114/2886/1016 2113/2885/1016 2115/2887/1016
f 2114/2886/1016 2115/2887/1016 2116/2888/1016
f 2116/2888/1016 2115/2887/1016 2117/2889/1016
f 2116/2888/1016 2117/2889/1016 2118/2890/1016
f 2118/2890/1016 2117/2889/1016 2119/2891/1016
f 2118/2890/1016 2119/2891/1016 2120/2892/1016
f 2120/2892/1016 2119/2891/1016 2121/2893/1016
f 2120/2892/1016 2121/2893/1016 2122/2894/1016
f 2122/2894/1016 2121/2893/1016 2123/2895/1016
f 2122/2894/1016 2123/2895/1016 2124/2896/1016
f 2124/2896/1016 2123/2895/1016 2125/2897/1016
f 2124/2896/1016 2125/2897/1016 2126/2898/1016
f 2126/2898/1016 2125/2897/1016 2127/2899/1016
f 2126/2898/1016 2127/2899/1016 2128/2900/1016
f 2128/2900/1016 2127/2899/1016 2129/2901/1016
f 2128/2900/1016 2129/2901/1016 2130/2902/1016
f 2130/2902/1016 2129/2901/1016 2131/2903/1016
f 2130/2902/1016 2131/2903/1016 2132/2904/1016
f 2132/2904/1016 2131/2903/1016 2133/2905/1016
f 2132/2904/1016 2133/2905/1016 2134/2906/1016
f 2134/2906/1016 2133/2905/1016 2135/2907/1016
f 2134/2906/1016 2135/2907/1016 2136/2908/1016
f 2136/2908/1016 2135/2907/1016 2137/2909/1016
f 2136/2908/1016 2137/2909/1016 2138/2910/1016
f 2138/2910/1016 2137/2909/1016 2139/2911/1016
f 2138/2910/1016 2139/2911/1016 2140/2912/1016
f 2140/2912/1016 2139/2911/1016 2141/2913/1016
f 2140/2912/1016 2141/2913/1016 2142/2914/1016
f 2142/2914/1016 2141/2913/1016 2143/2915/1016
f 2142/2914/1016 2143/2915/1016 2144/2916/1016
f 2144/2916/1016 2143/2915/1016 2145/2917/1016
f 2144/2916/1016 2145/2917/1016 2146/2918/1016
f 2146/2918/1016 2145/2917/1016 2147/2919/1016
f 2146/2918/1016 2147/2919/1016 2148/2920/1016
f 2148/2920/1016 2147/2919/1016 2149/2921/1016
f 2148/2920/1016 2149/2921/1016 2150/2922/1016
f 2150/2922/1016 2149/2921/1016 2151/2923/1016
f 2150/2922/1016 2151/2923/1016 2152/2924/1016
f 2152/2924/1016 2151/2923/1016 2153/2925/1016
f 2152/2924/1016 2153/2925/1016 2154/2926/1016
f 2154/2926/1016 2153/2925/1016 2155/2927/1016
f 2154/2926/1016 2155/2927/1016 2156/2928/1016
f 2156/2928/1016 2155/2927/1016 2157/2929/1016
f 2156/2928/1016 2157/2929/1016 2158/2930/1016
f 2158/2930/1016 2157/2929/1016 2159/2931/1016
f 2158/2930/1016 2159/2931/1016 2160/2932/1016
f 2160/2932/1016 2159/2931/1016 2161/2933/1016
f 2160/2932/1016 2161/2933/1016 2162/2934/1016
f 2162/2934/1016 2161/2933/1016 2163/2935/1016
f 2162/2934/1016 2163/2935/1016 2164/2936/1016
f 2164/2936/1016 2163/2935/1016 2165/2937/1016
f 2164/2936/1016 2165/2937/1016 2166/2938/1016
f 2166/2938/1016 2165/2937/1016 2167/2939/1016
f 2166/2938/1016 2167/2939/1016 2168/2940/1016
f 2168/2940/1016 2167/2939/1016 2169/2941/1016
f 2168/2940/1016 2169/2941/1016 2170/2942/1016
f 2170/2942/1016 2169/2941/1016 2171/2943/1016
f 2170/2942/1016 2171/2943/1016 2172/2944/1016
f 2172/2944/1016 2171/2943/1016 2173/2945/1016
f 2172/2944/1016 2173/2945/1016 2174/2946/1016
f 2174/2946/1016 2173/2945/1016 2175/2947/1016
f 2174/2946/1016 2175/2947/1016 2100/2872/1016
f 2100/2872/1016 2175/2947/1016 2101/2873/1016
f 2059/2948/2886 2176/2949/2886 2061/2950/2886
f 2061/2951/2887 2176/2952/2887 2169/2953/2887
f 2061/2951/2887 2169/2953/2887 2063/2954/2887
f 2063/2954/2888 2169/2953/2888 2167/2955/2888
f 2063/2954/2888 2167/2955/2888 2065/2956/2888
f 2065/2956/2889 2167/2955/2889 2165/2957/2889
f 2065/2956/2889 2165/2957/2889 2067/2958/2889
f 2067/2958/2890 2165/2957/2890 2163/2959/2890
f 2067/2958/2890 2163/2959/2890 2069/2960/2890
f 2069/2960/2891 2163/2959/2891 2161/2961/2891
f 2069/2960/2891 2161/2961/2891 2071/2962/2891
f 2071/2962/2892 2161/2961/2892 2159/2963/2892
f 2071/2962/2892 2159/2963/2892 2073/2964/2892
f 2073/2964/2893 2159/2963/2893 2157/2965/2893
f 2073/2964/2893 2157/2965/2893 2075/2966/2893
f 2075/2966/2894 2157/2965/2894 2155/2967/2894
f 2075/2966/2894 2155/2967/2894 2077/2968/2894
f 2077/2968/2895 2155/2967/2895 2153/2969/2895
f 2077/2968/2895 2153/2969/2895 2079/2970/2895
f 2079/2970/195 2153/2969/195 2151/2971/195
f 2079/2970/195 2151/2971/195 2081/2972/195
f 2081/2973/2896 2151/2974/2896 2149/2975/2896
f 2081/2973/2896 2149/2975/2896 2083/2976/2896
f 2083/2976/2897 2149/2975/2897 2147/2977/2897
f 2083/2976/2897 2147/2977/2897 2085/2978/2897
f 2085/2978/2898 2147/2977/2898 2145/2979/2898
f 2085/2978/2898 2145/2979/2898 2087/2980/2898
f 2087/2980/2899 2145/2979/2899 2143/2981/2899
f 2087/2980/2899 2143/2981/2899 2089/2982/2899
f 2089/2982/2900 2143/2981/2900 2141/2983/2900
f 2089/2982/2900 2141/2983/2900 2091/2984/2900
f 2091/2984/2901 2141/2983/2901 2139/2985/2901
f 2091/2984/2901 2139/2985/2901 2093/2986/2901
f 2093/2986/2902 2139/2985/2902 2137/2987/2902
f 2093/2986/2902 2137/2987/2902 2095/2988/2902
f 2095/2988/2903 2137/2987/2903 2135/2989/2903
f 2095/2988/2903 2135/2989/2903 2097/2990/2903
f 2097/2990/2904 2135/2989/2904 2177/2991/2904
f 2097/2990/2904 2177/2991/2904 2099/2992/2904
f 2099/2993/2905 2177/2994/2905 2131/2995/2905
f 2099/2993/2905 2131/2995/2905 2025/2996/2905
f 2025/2996/2906 2131/2995/2906 2129/2997/2906
f 2025/2996/2906 2129/2997/2906 2027/2998/2906
f 2027/2998/2907 2129/2997/2907 2127/2999/2907
f 2027/2998/2907 2127/2999/2907 2029/3000/2907
f 2029/3000/2908 2127/2999/2908 2125/3001/2908
f 2029/3000/2908 2125/3001/2908 2031/3002/2908
f 2031/3002/2909 2125/3001/2909 2123/3003/2909
f 2031/3002/2909 2123/3003/2909 2033/3004/2909
f 2033/3004/2910 2123/3003/2910 2121/3005/2910
f 2033/3004/2910 2121/3005/2910 2035/3006/2910
f 2035/3006/2911 2121/3005/2911 2119/3007/2911
f 2035/3006/2911 2119/3007/2911 2037/3008/2911
f 2037/3008/2912 2119/3007/2912 2117/3009/2912
f 2037/3008/2912 2117/3009/2912 2039/3010/2912
f 2039/3010/2913 2117/3009/2913 2115/3011/2913
f 2039/3010/2913 2115/3011/2913 2041/3012/2913
f 2041/3012/2914 2115/3011/2914 2113/3013/2914
f 2041/3012/2914 2113/3013/2914 2043/3014/2914
f 2043/3015/2915 2113/3016/2915 2111/3017/2915
f 2043/3015/2915 2111/3017/2915 2045/3018/2915
f 2045/3018/2916 2111/3017/2916 2109/3019/2916
f 2045/3018/2916 2109/3019/2916 2047/3020/2916
f 2047/3020/2917 2109/3019/2917 2107/3021/2917
f 2047/3020/2917 2107/3021/2917 2049/3022/2917
f 2049/3022/2918 2107/3021/2918 2105/3023/2918
f 2049/3022/2918 2105/3023/2918 2051/3024/2918
f 2051/3024/2919 2105/3023/2919 2103/3025/2919
f 2051/3024/2919 2103/3025/2919 2053/3026/2919
f 2053/3026/2920 2103/3025/2920 2101/3027/2920
f 2053/3026/2920 2101/3027/2920 2055/3028/2920
f 2055/3028/2921 2101/3027/2921 2175/3029/2921
f 2055/3028/2921 2175/3029/2921 2057/3030/2921
f 2057/3030/2922 2175/3029/2922 2173/3031/2922
f 2057/3030/2922 2173/3031/2922 2059/2948/2922
f 2059/2948/2886 2173/3031/2886 2176/2949/2886
f 2096/3032/2923 2178/3033/2923 2179/3034/2923
f 2179/3035/2924 2178/3036/2924 2130/3037/2924
f 2179/3034/2923 2134/3038/2923 2096/3032/2923
f 2096/3032/2925 2134/3038/2925 2136/3039/2925
f 2096/3032/2925 2136/3039/2925 2094/3040/2925
f 2094/3040/2926 2136/3039/2926 2138/3041/2926
f 2094/3040/2926 2138/3041/2926 2092/3042/2926
f 2092/3042/2927 2138/3041/2927 2140/3043/2927
f 2092/3042/2927 2140/3043/2927 2090/3044/2927
f 2090/3044/2928 2140/3043/2928 2142/3045/2928
f 2090/3044/2928 2142/3045/2928 2088/3046/2928
f 2088/3046/2929 2142/3045/2929 2144/3047/2929
f 2088/3046/2929 2144/3047/2929 2086/3048/2929
f 2086/3048/2930 2144/3047/2930 2146/3049/2930
f 2086/3048/2930 2146/3049/2930 2084/3050/2930
f 2084/3050/2931 2146/3049/2931 2148/3051/2931
f 2084/3050/2931 2148/3051/2931 2082/3052/2931
f 2082/3052/2932 2148/3051/2932 2150/3053/2932
f 2082/3052/2932 2150/3053/2932 2080/3054/2932
f 2080/3055/2933 2150/3056/2933 2152/3057/2933
f 2080/3055/2933 2152/3057/2933 2078/3058/2933
f 2078/3058/2934 2152/3057/2934 2154/3059/2934
f 2078/3058/2934 2154/3059/2934 2076/3060/2934
f 2076/3060/2935 2154/3059/2935 2156/3061/2935
f 2076/3060/2935 2156/3061/2935 2074/3062/2935
f 2074/3062/2936 2156/3061/2936 2158/3063/2936
f 2074/3062/2936 2158/3063/2936 2072/3064/2936
f 2072/3064/2937 2158/3063/2937 2160/3065/2937
f 2072/3064/2937 2160/3065/2937 2070/3066/2937
f 2070/3066/2938 2160/3065/2938 2162/3067/2938
f 2070/3066/2938 2162/3067/2938 2068/3068/2938
f 2068/3068/2939 2162/3067/2939 2164/3069/2939
f 2068/3068/2939 2164/3069/2939 2066/3070/2939
f 2066/3070/2940 2164/3069/2940 2166/3071/2940
f 2066/3070/2940 2166/3071/2940 2064/3072/2940
f 2064/3072/2941 2166/3071/2941 2168/3073/2941
f 2064/3072/2941 2168/3073/2941 2062/3074/2941
f 2062/3074/2942 2168/3073/2942 2180/3075/2942
f 2062/3074/2942 2180/3075/2942 2181/3076/2942
f 2181/3077/2943 2180/3078/2943 2172/3079/2943
f 2181/3077/2943 2172/3079/2943 2058/3080/2943
f 2058/3080/2944 2172/3079/2944 2174/3081/2944
f 2058/3080/2944 2174/3081/2944 2056/3082/2944
f 2056/3082/2945 2174/3081/2945 2100/3083/2945
f 2056/3082/2945 2100/3083/2945 2054/3084/2945
f 2054/3084/2946 2100/3083/2946 2102/3085/2946
f 2054/3084/2946 2102/3085/2946 2052/3086/2946
f 2052/3086/2947 2102/3085/2947 2104/3087/2947
f 2052/3086/2947 2104/3087/2947 2050/3088/2947
f 2050/3088/2948 2104/3087/2948 2106/3089/2948
f 2050/3088/2948 2106/3089/2948 2048/3090/2948
f 2048/3090/2949 2106/3089/2949 2108/3091/2949
f 2048/3090/2949 2108/3091/2949 2046/3092/2949
f 2046/3092/2950 2108/3091/2950 2110/3093/2950
f 2046/3092/2950 2110/3093/2950 2044/3094/2950
f 2044/3094/2951 2110/3093/2951 2112/3095/2951
f 2044/3094/2951 2112/3095/2951 2042/3096/2951
f 2042/3097/2952 2112/3098/2952 2114/3099/2952
f 2042/3097/2952 2114/3099/2952 2040/3100/2952
f 2040/3100/2953 2114/3099/2953 2116/3101/2953
f 2040/3100/2953 2116/3101/2953 2038/3102/2953
f 2038/3102/2954 2116/3101/2954 2118/3103/2954
f 2038/3102/2954 2118/3103/2954 2036/3104/2954
f 2036/3104/2955 2118/3103/2955 2120/3105/2955
f 2036/3104/2955 2120/3105/2955 2034/3106/2955
f 2034/3106/2956 2120/3105/2956 2122/3107/2956
f 2034/3106/2956 2122/3107/2956 2032/3108/2956
f 2032/3108/2957 2122/3107/2957 2124/3109/2957
f 2032/3108/2957 2124/3109/2957 2030/3110/2957
f 2030/3110/2958 2124/3109/2958 2126/3111/2958
f 2030/3110/2958 2126/3111/2958 2028/3112/2958
f 2028/3112/2959 2126/3111/2959 2128/3113/2959
f 2028/3112/2959 2128/3113/2959 2026/3114/2959
f 2026/3114/2960 2128/3113/2960 2130/3037/2960
f 2026/3114/2960 2130/3037/2960 2024/3115/2960
f 2024/3115/2924 2130/3037/2924 2178/3036/2924
