# Blender 3.6.0
# www.blender.org
mtllib wrist_roll_link.mtl
o wrist_roll_link
v 0.005000 0.006313 -0.049096
v 0.005000 0.006632 -0.051575
v 0.005000 0.014308 -0.047387
v 0.005000 0.015030 -0.049780
v 0.005000 0.021912 -0.044386
v 0.005000 0.023019 -0.046628
v 0.005000 0.028919 -0.040174
v 0.005000 0.030380 -0.042203
v 0.005000 0.035137 -0.034866
v 0.005000 0.036912 -0.036627
v 0.005000 0.040397 -0.028607
v 0.005000 0.042437 -0.030052
v 0.005000 0.044554 -0.021568
v 0.005000 0.046804 -0.022657
v 0.005000 0.047496 -0.013940
v 0.005000 0.049895 -0.014644
v 0.005000 0.049143 -0.005933
v 0.005000 0.051625 -0.006232
v 0.005000 0.049449 0.002237
v 0.005000 0.051947 0.002350
v 0.005000 0.048407 0.010346
v 0.005000 0.050852 0.010868
v 0.005000 0.046044 0.018172
v 0.005000 0.048369 0.019090
v 0.005000 0.042425 0.025503
v 0.005000 0.044567 0.026791
v 0.005000 0.037648 0.032138
v 0.005000 0.039550 0.033761
v 0.005000 0.031845 0.037896
v 0.005000 0.033454 0.039810
v 0.005000 0.025173 0.042621
v 0.005000 0.026445 0.044774
v 0.005000 0.017815 0.046183
v 0.005000 0.018715 0.048516
v 0.005000 0.009970 0.048485
v 0.005000 0.010474 0.050934
v 0.005000 0.001854 0.049465
v 0.005000 0.001948 0.051964
v 0.005000 -0.006313 0.049096
v 0.005000 -0.006632 0.051575
v 0.005000 -0.014308 0.047387
v 0.005000 -0.015030 0.049780
v 0.005000 -0.021912 0.044386
v 0.005000 -0.023019 0.046628
v 0.005000 -0.028919 0.040174
v 0.005000 -0.030380 0.042203
v 0.005000 -0.035137 0.034866
v 0.005000 -0.036912 0.036627
v 0.005000 -0.040397 0.028607
v 0.005000 -0.042437 0.030052
v 0.005000 -0.044554 0.021568
v 0.005000 -0.046804 0.022657
v 0.005000 -0.047496 0.013940
v 0.005000 -0.049895 0.014644
v 0.005000 -0.049143 0.005933
v 0.005000 -0.051625 0.006232
v 0.005000 -0.049449 -0.002237
v 0.005000 -0.051947 -0.002350
v 0.005000 -0.048407 -0.010346
v 0.005000 -0.050852 -0.010868
v 0.005000 -0.046044 -0.018172
v 0.005000 -0.048369 -0.019090
v 0.005000 -0.042425 -0.025503
v 0.005000 -0.044567 -0.026791
v 0.005000 -0.037648 -0.032138
v 0.005000 -0.039550 -0.033761
v 0.005000 -0.031845 -0.037896
v 0.005000 -0.033454 -0.039810
v 0.005000 -0.025173 -0.042621
v 0.005000 -0.026445 -0.044774
v 0.005000 -0.017815 -0.046183
v 0.005000 -0.018715 -0.048516
v 0.005000 -0.009970 -0.048485
v 0.005000 -0.010474 -0.050934
v 0.005000 -0.001854 -0.049465
v 0.005000 -0.001948 -0.051964
v -0.023000 0.021912 -0.044386
v -0.023000 0.023019 -0.046628
v -0.023000 0.014308 -0.047387
v -0.023000 0.015030 -0.049780
v -0.023000 0.006313 -0.049096
v -0.023000 0.006632 -0.051575
v -0.023000 -0.001854 -0.049465
v -0.023000 -0.001948 -0.051964
v -0.023000 -0.009970 -0.048485
v -0.023000 -0.010474 -0.050934
v -0.023000 -0.017815 -0.046183
v -0.023000 -0.018715 -0.048516
v -0.023000 -0.025173 -0.042621
v -0.023000 -0.026445 -0.044774
v -0.023000 -0.031845 -0.037896
v -0.023000 -0.033454 -0.039810
v -0.023000 -0.037648 -0.032138
v -0.023000 -0.039550 -0.033761
v -0.023000 -0.042425 -0.025503
v -0.023000 -0.044567 -0.026791
v -0.023000 -0.046044 -0.018172
v -0.023000 -0.048369 -0.019090
v -0.023000 -0.048407 -0.010346
v -0.023000 -0.050852 -0.010868
v -0.023000 -0.049449 -0.002237
v -0.023000 -0.051947 -0.002350
v -0.023000 -0.049143 0.005933
v -0.023000 -0.051625 0.006232
v -0.023000 -0.047496 0.013940
v -0.023000 -0.049895 0.014644
v -0.023000 -0.044554 0.021568
v -0.023000 -0.046804 0.022657
v -0.023000 -0.040397 0.028607
v -0.023000 -0.042437 0.030052
v -0.023000 -0.035137 0.034866
v -0.023000 -0.036912 0.036627
v -0.023000 -0.028919 0.040174
v -0.023000 -0.030380 0.042203
v -0.023000 -0.021912 0.044386
v -0.023000 -0.023019 0.046628
v -0.023000 -0.014308 0.047387
v -0.023000 -0.015030 0.049780
v -0.023000 -0.006313 0.049096
v -0.023000 -0.006632 0.051575
v -0.023000 0.001854 0.049465
v -0.023000 0.001948 0.051964
v -0.023000 0.009970 0.048485
v -0.023000 0.010474 0.050934
v -0.023000 0.017815 0.046183
v -0.023000 0.018715 0.048516
v -0.023000 0.025173 0.042621
v -0.023000 0.026445 0.044774
v -0.023000 0.031845 0.037896
v -0.023000 0.033454 0.039810
v -0.023000 0.037648 0.032138
v -0.023000 0.039550 0.033761
v -0.023000 0.042425 0.025503
v -0.023000 0.044567 0.026791
v -0.023000 0.046044 0.018172
v -0.023000 0.048369 0.019090
v -0.023000 0.048407 0.010346
v -0.023000 0.050852 0.010868
v -0.023000 0.049449 0.002237
v -0.023000 0.051947 0.002350
v -0.023000 0.049143 -0.005933
v -0.023000 0.051625 -0.006232
v -0.023000 0.047496 -0.013940
v -0.023000 0.049895 -0.014644
v -0.023000 0.044554 -0.021568
v -0.023000 0.046804 -0.022657
v -0.023000 0.040397 -0.028607
v -0.023000 0.042437 -0.030052
v -0.023000 0.035137 -0.034866
v -0.023000 0.036912 -0.036627
v -0.023000 0.028919 -0.040174
v -0.023000 0.030380 -0.042203
v 0.000000 0.038940 -0.026319
v 0.000000 -0.024642 0.040022
v 0.000000 -0.017524 0.043611
v 0.000000 0.033932 -0.032521
v 0.000000 0.027948 -0.037788
v 0.000000 0.021160 -0.041968
v 0.000000 -0.046324 -0.007943
v 0.000000 -0.047000 0.000000
v 0.000000 -0.009902 0.045945
v 0.000000 -0.001995 0.046958
v 0.000000 0.005970 0.046619
v 0.000000 0.013763 -0.044940
v 0.000000 0.005970 -0.046619
v 0.000000 -0.001995 -0.046958
v 0.000000 -0.046324 0.007943
v 0.000000 -0.044315 0.015658
v 0.000000 -0.041032 0.022922
v 0.000000 -0.036568 0.029526
v 0.000000 -0.031052 0.035282
v 0.000000 0.013763 0.044940
v 0.000000 0.021160 0.041968
v 0.000000 0.027948 0.037788
v 0.000000 0.046831 0.003986
v 0.000000 0.045483 0.011843
v 0.000000 0.042828 0.019359
v 0.000000 -0.009902 -0.045945
v 0.000000 -0.017524 -0.043611
v 0.000000 -0.024642 -0.040022
v 0.000000 0.033932 0.032521
v 0.000000 0.038940 0.026319
v 0.000000 0.046831 -0.003986
v 0.000000 0.045483 -0.011843
v 0.000000 0.042828 -0.019359
v 0.000000 -0.031052 -0.035282
v 0.000000 -0.036568 -0.029526
v 0.000000 -0.044315 -0.015658
v 0.000000 -0.041032 -0.022922
v 0.019500 -0.030078 0.006393
v 0.019500 -0.030750 0.000000
v 0.019500 0.028091 -0.012507
v 0.019500 -0.030078 -0.006393
v 0.019500 -0.028091 0.012507
v 0.019500 0.030078 -0.006393
v 0.019500 0.030750 0.000000
v 0.019500 0.030078 0.006393
v 0.019500 0.028091 0.012507
v 0.019500 -0.024877 0.018074
v 0.019500 -0.020576 0.022852
v 0.019500 0.024877 0.018074
v 0.019500 0.020576 0.022852
v 0.019500 -0.028091 -0.012507
v 0.019500 -0.024877 -0.018074
v 0.019500 0.003214 -0.030582
v 0.019500 -0.020576 -0.022852
v 0.019500 0.009502 -0.029245
v 0.019500 0.015375 -0.026630
v 0.019500 0.015375 0.026630
v 0.019500 0.009502 0.029245
v 0.019500 0.003214 0.030582
v 0.019500 0.020576 -0.022852
v 0.019500 0.024877 -0.018074
v 0.019500 -0.015375 -0.026630
v 0.019500 -0.009502 -0.029245
v 0.019500 -0.003214 -0.030582
v 0.019500 -0.003214 0.030582
v 0.019500 -0.009502 0.029245
v 0.019500 -0.015375 0.026630
v 0.018500 -0.031056 0.006601
v 0.013000 -0.031750 0.000000
v 0.018500 -0.031750 0.000000
v 0.013000 -0.031056 -0.006601
v 0.018500 -0.031056 -0.006601
v 0.013000 -0.029005 -0.012914
v 0.018500 -0.029005 -0.012914
v 0.013000 -0.025686 -0.018662
v 0.018500 -0.025686 -0.018662
v 0.013000 -0.021245 -0.023595
v 0.018500 -0.021245 -0.023595
v 0.013000 -0.015875 -0.027496
v 0.018500 -0.015875 -0.027496
v 0.013000 -0.009811 -0.030196
v 0.018500 -0.009811 -0.030196
v 0.013000 -0.003319 -0.031576
v 0.018500 -0.003319 -0.031576
v 0.013000 0.003319 -0.031576
v 0.018500 0.003319 -0.031576
v 0.013000 0.009811 -0.030196
v 0.018500 0.009811 -0.030196
v 0.013000 0.015875 -0.027496
v 0.018500 0.015875 -0.027496
v 0.013000 0.021245 -0.023595
v 0.018500 0.021245 -0.023595
v 0.013000 0.025686 -0.018662
v 0.018500 0.025686 -0.018662
v 0.013000 0.029005 -0.012914
v 0.018500 0.029005 -0.012914
v 0.013000 0.031056 -0.006601
v 0.018500 0.031056 -0.006601
v 0.013000 0.031750 0.000000
v 0.018500 0.031750 0.000000
v 0.013000 0.031056 0.006601
v 0.018500 0.031056 0.006601
v 0.013000 0.029005 0.012914
v 0.018500 0.029005 0.012914
v 0.013000 0.025686 0.018662
v 0.018500 0.025686 0.018662
v 0.013000 0.021245 0.023595
v 0.018500 0.021245 0.023595
v 0.013000 0.015875 0.027496
v 0.018500 0.015875 0.027496
v 0.013000 0.009811 0.030196
v 0.018500 0.009811 0.030196
v 0.013000 0.003319 0.031576
v 0.018500 0.003319 0.031576
v 0.013000 -0.003319 0.031576
v 0.018500 -0.003319 0.031576
v 0.013000 -0.009811 0.030196
v 0.018500 -0.009811 0.030196
v 0.013000 -0.015875 0.027496
v 0.018500 -0.015875 0.027496
v 0.013000 -0.021245 0.023595
v 0.018500 -0.021245 0.023595
v 0.013000 -0.025686 0.018662
v 0.018500 -0.025686 0.018662
v 0.013000 -0.029005 0.012914
v 0.018500 -0.029005 0.012914
v 0.013000 -0.031056 0.006601
v 0.013000 0.013175 -0.030037
v 0.013000 0.017939 -0.027458
v 0.013000 0.022214 -0.024131
v 0.013000 0.025883 -0.020146
v 0.013000 -0.008052 -0.031796
v 0.013000 -0.002708 -0.032687
v 0.013000 0.002708 -0.032687
v 0.013000 0.008052 -0.031796
v 0.013000 -0.028846 -0.015611
v 0.013000 -0.025883 -0.020146
v 0.013000 -0.022214 -0.024131
v 0.013000 -0.017939 -0.027458
v 0.013000 -0.013175 -0.030037
v 0.013000 -0.031022 0.010650
v 0.013000 -0.032352 0.005399
v 0.013000 -0.031750 0.000000
v 0.013000 -0.032799 0.000000
v 0.013000 -0.032352 -0.005399
v 0.013000 -0.031022 -0.010650
v 0.013000 -0.013175 0.030037
v 0.013000 -0.017939 0.027458
v 0.013000 -0.022214 0.024131
v 0.013000 -0.025883 0.020146
v 0.013000 -0.028846 0.015611
v 0.013000 0.008052 0.031796
v 0.013000 0.002708 0.032687
v 0.013000 -0.002708 0.032687
v 0.013000 -0.008052 0.031796
v 0.013000 0.028846 0.015611
v 0.013000 0.025883 0.020146
v 0.013000 0.022214 0.024131
v 0.013000 0.017939 0.027458
v 0.013000 0.013175 0.030037
v 0.013000 0.028846 -0.015611
v 0.013000 0.031022 -0.010650
v 0.013000 0.032352 -0.005399
v 0.013000 0.031750 0.000000
v 0.013000 0.032799 0.000000
v 0.013000 0.032352 0.005399
v 0.013000 0.031022 0.010650
v 0.008255 -0.049812 -0.008312
v 0.008255 -0.049855 -0.008102
v 0.008255 -0.050345 -0.004064
v 0.008255 -0.050509 0.000000
v 0.008255 -0.047758 -0.016395
v 0.008255 -0.047909 -0.015994
v 0.008255 -0.049041 -0.012088
v 0.008255 -0.044402 -0.024029
v 0.008255 -0.044723 -0.023473
v 0.008255 -0.046467 -0.019798
v 0.008255 -0.039837 -0.031006
v 0.008255 -0.040379 -0.030343
v 0.008255 -0.042690 -0.026995
v 0.008255 -0.034188 -0.037137
v 0.008255 -0.034989 -0.036427
v 0.008255 -0.037806 -0.033494
v 0.008255 -0.027607 -0.042254
v 0.008255 -0.028692 -0.041568
v 0.008255 -0.031944 -0.039124
v 0.008255 -0.020274 -0.046220
v 0.008255 -0.021653 -0.045632
v 0.008255 -0.025254 -0.043742
v 0.008255 -0.012390 -0.048924
v 0.008255 -0.014052 -0.048515
v 0.008255 -0.017911 -0.047227
v 0.008255 -0.010103 -0.049488
v 0.008255 -0.006088 -0.050141
v 0.008255 0.002034 -0.050468
v 0.008255 -0.002034 -0.050468
v 0.008255 -0.004168 -0.050296
v 0.008255 0.010103 -0.049488
v 0.008255 0.006088 -0.050141
v 0.008255 0.004168 -0.050296
v 0.008255 0.017911 -0.047227
v 0.008255 0.014052 -0.048515
v 0.008255 0.012390 -0.048924
v 0.008255 0.025254 -0.043742
v 0.008255 0.021653 -0.045632
v 0.008255 0.020274 -0.046220
v 0.008255 0.031944 -0.039124
v 0.008255 0.028692 -0.041568
v 0.008255 0.027607 -0.042254
v 0.008255 0.037806 -0.033494
v 0.008255 0.034989 -0.036427
v 0.008255 0.034188 -0.037137
v 0.008255 0.042690 -0.026995
v 0.008255 0.040379 -0.030343
v 0.008255 0.039837 -0.031006
v 0.008255 0.046467 -0.019798
v 0.008255 0.044723 -0.023473
v 0.008255 0.044402 -0.024029
v 0.008255 0.049041 -0.012088
v 0.008255 0.047909 -0.015994
v 0.008255 0.047758 -0.016395
v 0.008255 0.049812 -0.008312
v 0.008255 0.049855 -0.008102
v 0.013000 0.032799 0.000000
v 0.008255 0.050345 -0.004064
v 0.008255 0.050509 0.000000
v 0.008255 0.049812 0.008312
v 0.008255 0.049855 0.008102
v 0.008255 0.050345 0.004064
v 0.008255 0.047758 0.016395
v 0.008255 0.047909 0.015994
v 0.008255 0.049041 0.012088
v 0.008255 0.044402 0.024029
v 0.008255 0.044723 0.023473
v 0.008255 0.046467 0.019798
v 0.008255 0.039837 0.031006
v 0.008255 0.040379 0.030343
v 0.008255 0.042690 0.026995
v 0.008255 0.034188 0.037137
v 0.008255 0.034989 0.036427
v 0.008255 0.037806 0.033494
v 0.008255 0.027607 0.042254
v 0.008255 0.028692 0.041568
v 0.008255 0.031944 0.039124
v 0.008255 0.020274 0.046220
v 0.008255 0.021653 0.045632
v 0.008255 0.025254 0.043742
v 0.008255 0.012390 0.048924
v 0.008255 0.014052 0.048515
v 0.008255 0.017911 0.047227
v 0.008255 0.010103 0.049488
v 0.008255 0.006088 0.050141
v 0.008255 -0.002034 0.050468
v 0.008255 0.002034 0.050468
v 0.008255 0.004168 0.050296
v 0.008255 -0.010103 0.049488
v 0.008255 -0.006088 0.050141
v 0.008255 -0.004168 0.050296
v 0.008255 -0.017911 0.047227
v 0.008255 -0.014052 0.048515
v 0.008255 -0.012390 0.048924
v 0.008255 -0.025254 0.043742
v 0.008255 -0.021653 0.045632
v 0.008255 -0.020274 0.046220
v 0.008255 -0.031944 0.039124
v 0.008255 -0.028692 0.041568
v 0.008255 -0.027607 0.042254
v 0.008255 -0.037806 0.033494
v 0.008255 -0.034989 0.036427
v 0.008255 -0.034188 0.037137
v 0.008255 -0.042690 0.026995
v 0.008255 -0.040379 0.030343
v 0.008255 -0.039837 0.031006
v 0.008255 -0.046467 0.019798
v 0.008255 -0.044723 0.023473
v 0.008255 -0.044402 0.024029
v 0.008255 -0.049041 0.012088
v 0.008255 -0.047909 0.015994
v 0.008255 -0.047758 0.016395
v 0.008255 -0.049812 0.008312
v 0.008255 -0.049855 0.008102
v 0.008255 -0.050345 0.004064
v 0.007289 -0.051084 0.004124
v 0.006500 -0.051084 0.004124
v 0.007289 -0.051250 0.000000
v 0.006500 -0.051250 0.000000
v 0.007289 -0.051084 -0.004124
v 0.006500 -0.051084 -0.004124
v 0.007289 -0.050586 -0.008221
v 0.006500 -0.050586 -0.008221
v 0.007289 -0.049761 -0.012265
v 0.006500 -0.049761 -0.012265
v 0.007289 -0.048612 -0.016229
v 0.006500 -0.048612 -0.016229
v 0.007289 -0.047149 -0.020088
v 0.006500 -0.047149 -0.020088
v 0.007289 -0.045380 -0.023817
v 0.006500 -0.045380 -0.023817
v 0.007289 -0.043316 -0.027391
v 0.006500 -0.043316 -0.027391
v 0.007289 -0.040971 -0.030788
v 0.006500 -0.040971 -0.030788
v 0.007289 -0.038361 -0.033985
v 0.006500 -0.038361 -0.033985
v 0.007289 -0.035502 -0.036962
v 0.006500 -0.035502 -0.036962
v 0.007289 -0.032413 -0.039698
v 0.006500 -0.032413 -0.039698
v 0.007289 -0.029113 -0.042178
v 0.006500 -0.029113 -0.042178
v 0.007289 -0.025625 -0.044384
v 0.006500 -0.025625 -0.044384
v 0.007289 -0.021970 -0.046302
v 0.006500 -0.021970 -0.046302
v 0.007289 -0.018173 -0.047920
v 0.006500 -0.018173 -0.047920
v 0.007289 -0.014259 -0.049227
v 0.006500 -0.014259 -0.049227
v 0.007289 -0.010251 -0.050214
v 0.006500 -0.010251 -0.050214
v 0.007289 -0.006177 -0.050876
v 0.006500 -0.006177 -0.050876
v 0.007289 -0.002064 -0.051208
v 0.006500 -0.002064 -0.051208
v 0.007289 0.002064 -0.051208
v 0.006500 0.002064 -0.051208
v 0.007289 0.006177 -0.050876
v 0.006500 0.006177 -0.050876
v 0.007289 0.010251 -0.050214
v 0.006500 0.010251 -0.050214
v 0.007289 0.014259 -0.049227
v 0.006500 0.014259 -0.049227
v 0.007289 0.018173 -0.047920
v 0.006500 0.018173 -0.047920
v 0.007289 0.021970 -0.046302
v 0.006500 0.021970 -0.046302
v 0.007289 0.025625 -0.044384
v 0.006500 0.025625 -0.044384
v 0.007289 0.029113 -0.042178
v 0.006500 0.029113 -0.042178
v 0.007289 0.032413 -0.039698
v 0.006500 0.032413 -0.039698
v 0.007289 0.035502 -0.036962
v 0.006500 0.035502 -0.036962
v 0.007289 0.038361 -0.033985
v 0.006500 0.038361 -0.033985
v 0.007289 0.040971 -0.030788
v 0.006500 0.040971 -0.030788
v 0.007289 0.043316 -0.027391
v 0.006500 0.043316 -0.027391
v 0.007289 0.045380 -0.023817
v 0.006500 0.045380 -0.023817
v 0.007289 0.047149 -0.020088
v 0.006500 0.047149 -0.020088
v 0.007289 0.048612 -0.016229
v 0.006500 0.048612 -0.016229
v 0.007289 0.049761 -0.012265
v 0.006500 0.049761 -0.012265
v 0.007289 0.050586 -0.008221
v 0.006500 0.050586 -0.008221
v 0.007289 0.051084 -0.004124
v 0.006500 0.051084 -0.004124
v 0.007289 0.051250 0.000000
v 0.006500 0.051250 0.000000
v 0.007289 0.051084 0.004124
v 0.006500 0.051084 0.004124
v 0.007289 0.050586 0.008221
v 0.006500 0.050586 0.008221
v 0.007289 0.049761 0.012265
v 0.006500 0.049761 0.012265
v 0.007289 0.048612 0.016229
v 0.006500 0.048612 0.016229
v 0.007289 0.047149 0.020088
v 0.006500 0.047149 0.020088
v 0.007289 0.045380 0.023817
v 0.006500 0.045380 0.023817
v 0.007289 0.043316 0.027391
v 0.006500 0.043316 0.027391
v 0.007289 0.040971 0.030788
v 0.006500 0.040971 0.030788
v 0.007289 0.038361 0.033985
v 0.006500 0.038361 0.033985
v 0.007289 0.035502 0.036962
v 0.006500 0.035502 0.036962
v 0.007289 0.032413 0.039698
v 0.006500 0.032413 0.039698
v 0.007289 0.029113 0.042178
v 0.006500 0.029113 0.042178
v 0.007289 0.025625 0.044384
v 0.006500 0.025625 0.044384
v 0.007289 0.021970 0.046302
v 0.006500 0.021970 0.046302
v 0.007289 0.018173 0.047920
v 0.006500 0.018173 0.047920
v 0.007289 0.014259 0.049227
v 0.006500 0.014259 0.049227
v 0.007289 0.010251 0.050214
v 0.006500 0.010251 0.050214
v 0.007289 0.006177 0.050876
v 0.006500 0.006177 0.050876
v 0.007289 0.002064 0.051208
v 0.006500 0.002064 0.051208
v 0.007289 -0.002064 0.051208
v 0.006500 -0.002064 0.051208
v 0.007289 -0.006177 0.050876
v 0.006500 -0.006177 0.050876
v 0.007289 -0.010251 0.050214
v 0.006500 -0.010251 0.050214
v 0.007289 -0.014259 0.049227
v 0.006500 -0.014259 0.049227
v 0.007289 -0.018173 0.047920
v 0.006500 -0.018173 0.047920
v 0.007289 -0.021970 0.046302
v 0.006500 -0.021970 0.046302
v 0.007289 -0.025625 0.044384
v 0.006500 -0.025625 0.044384
v 0.007289 -0.029113 0.042178
v 0.006500 -0.029113 0.042178
v 0.007289 -0.032413 0.039698
v 0.006500 -0.032413 0.039698
v 0.007289 -0.035502 0.036962
v 0.006500 -0.035502 0.036962
v 0.007289 -0.038361 0.033985
v 0.006500 -0.038361 0.033985
v 0.007289 -0.040971 0.030788
v 0.006500 -0.040971 0.030788
v 0.007289 -0.043316 0.027391
v 0.006500 -0.043316 0.027391
v 0.007289 -0.045380 0.023817
v 0.006500 -0.045380 0.023817
v 0.007289 -0.047149 0.020088
v 0.006500 -0.047149 0.020088
v 0.007289 -0.048612 0.016229
v 0.006500 -0.048612 0.016229
v 0.007289 -0.049761 0.012265
v 0.006500 -0.049761 0.012265
v 0.007289 -0.050586 0.008221
v 0.006500 -0.050586 0.008221
v 0.006000 -0.015693 -0.046419
v 0.006000 -0.017996 -0.047452
v 0.006000 -0.021073 -0.044237
v 0.006000 -0.021756 -0.045850
v 0.006000 -0.026157 -0.041434
v 0.006000 -0.004351 -0.048806
v 0.006000 -0.006117 -0.050380
v 0.006000 -0.010093 -0.047949
v 0.006000 -0.010151 -0.049724
v 0.006000 -0.014120 -0.048746
v 0.006000 -0.046864 -0.014311
v 0.006000 -0.049275 -0.012145
v 0.006000 -0.048227 -0.008668
v 0.006000 -0.050093 -0.008141
v 0.006000 -0.048914 -0.002903
v 0.006000 0.018416 -0.045408
v 0.006000 0.017996 -0.047452
v 0.006000 0.012916 -0.047267
v 0.006000 0.014120 -0.048746
v 0.006000 0.007235 -0.048463
v 0.006000 -0.035158 -0.034131
v 0.006000 -0.037987 -0.033653
v 0.006000 -0.038948 -0.029733
v 0.006000 -0.040572 -0.030488
v 0.006000 -0.042191 -0.024918
v 0.006000 0.010151 -0.049724
v 0.006000 0.006117 -0.050380
v 0.006000 0.001452 -0.048978
v 0.006000 0.002043 -0.050709
v 0.006000 -0.002043 -0.050709
v 0.006000 -0.042893 -0.027124
v 0.006000 -0.044937 -0.023585
v 0.006000 -0.044842 -0.019753
v 0.006000 -0.046689 -0.019892
v 0.006000 -0.048138 -0.016071
v 0.006000 -0.025375 -0.043951
v 0.006000 -0.028829 -0.041766
v 0.006000 -0.030874 -0.038050
v 0.006000 -0.032097 -0.039311
v 0.006000 -0.035156 -0.036601
v 0.006000 0.033074 -0.036154
v 0.006000 0.032097 -0.039311
v 0.006000 0.028566 -0.039812
v 0.006000 0.028829 -0.041766
v 0.006000 0.023657 -0.042911
v 0.006000 0.025375 -0.043951
v 0.006000 0.021756 -0.045850
v 0.006000 0.040641 -0.027374
v 0.006000 0.040572 -0.030488
v 0.006000 0.037118 -0.031988
v 0.006000 0.037987 -0.033653
v 0.006000 0.035156 -0.036601
v 0.006000 0.045934 -0.017062
v 0.006000 0.046689 -0.019892
v 0.006000 0.043593 -0.022375
v 0.006000 0.044937 -0.023585
v 0.006000 0.042893 -0.027124
v 0.006000 -0.026157 0.041434
v 0.006000 -0.025375 0.043951
v 0.006000 -0.021073 0.044237
v 0.006000 -0.021756 0.045850
v 0.006000 -0.015693 0.046419
v 0.006000 -0.035158 0.034131
v 0.006000 -0.035156 0.036601
v 0.006000 -0.030874 0.038050
v 0.006000 -0.032097 0.039311
v 0.006000 -0.028829 0.041766
v 0.006000 0.045934 0.017062
v 0.006000 0.048138 0.016071
v 0.006000 0.047629 0.011509
v 0.006000 0.049275 0.012145
v 0.006000 0.048656 0.005795
v 0.006000 -0.046864 0.014311
v 0.006000 -0.048138 0.016071
v 0.006000 -0.044842 0.019753
v 0.006000 -0.046689 0.019892
v 0.006000 -0.042191 0.024918
v 0.006000 0.048656 -0.005795
v 0.006000 0.050093 -0.008141
v 0.006000 0.047629 -0.011509
v 0.006000 0.049275 -0.012145
v 0.006000 0.048138 -0.016071
v 0.006000 0.050093 0.008141
v 0.006000 0.050585 0.004084
v 0.006000 0.049000 0.000000
v 0.006000 0.050750 0.000000
v 0.006000 0.050585 -0.004084
v 0.006000 0.040641 0.027374
v 0.006000 0.042893 0.027124
v 0.006000 0.043593 0.022375
v 0.006000 0.044937 0.023585
v 0.006000 0.046689 0.019892
v 0.006000 -0.044937 0.023585
v 0.006000 -0.042893 0.027124
v 0.006000 -0.038948 0.029733
v 0.006000 -0.040572 0.030488
v 0.006000 -0.037987 0.033653
v 0.006000 -0.050585 -0.004084
v 0.006000 -0.050750 0.000000
v 0.006000 -0.048914 0.002903
v 0.006000 -0.050585 0.004084
v 0.006000 -0.048227 0.008668
v 0.006000 -0.050093 0.008141
v 0.006000 -0.049275 0.012145
v 0.006000 0.033074 0.036154
v 0.006000 0.035156 0.036601
v 0.006000 0.037118 0.031988
v 0.006000 0.037987 0.033653
v 0.006000 0.040572 0.030488
v 0.006000 -0.017996 0.047452
v 0.006000 -0.014120 0.048746
v 0.006000 -0.010093 0.047949
v 0.006000 -0.010151 0.049724
v 0.006000 -0.004351 0.048806
v 0.006000 0.007235 0.048463
v 0.006000 0.010151 0.049724
v 0.006000 0.012916 0.047267
v 0.006000 0.014120 0.048746
v 0.006000 0.018416 0.045408
v 0.006000 -0.006117 0.050380
v 0.006000 -0.002043 0.050709
v 0.006000 0.001452 0.048978
v 0.006000 0.002043 0.050709
v 0.006000 0.006117 0.050380
v 0.006000 0.017996 0.047452
v 0.006000 0.021756 0.045850
v 0.006000 0.023657 0.042911
v 0.006000 0.025375 0.043951
v 0.006000 0.028566 0.039812
v 0.006000 0.028829 0.041766
v 0.006000 0.032097 0.039311
v 0.003500 -0.047310 -0.008112
v 0.003500 -0.046451 -0.012095
v 0.005000 -0.045907 -0.014019
v 0.005000 -0.045185 -0.015963
v 0.003500 -0.045258 -0.015991
v 0.005000 -0.043927 -0.019350
v 0.003500 -0.043739 -0.019771
v 0.005000 -0.041856 -0.023384
v 0.003500 -0.041905 -0.023409
v 0.005000 -0.041330 -0.024409
v 0.005000 -0.038153 -0.029126
v 0.003500 -0.039768 -0.026879
v 0.003500 -0.037346 -0.030155
v 0.003500 -0.025167 -0.040873
v 0.005000 -0.025153 -0.040848
v 0.005000 -0.025624 -0.040589
v 0.003500 -0.028542 -0.038592
v 0.005000 -0.030244 -0.037273
v 0.003500 -0.031712 -0.036032
v 0.005000 -0.031661 -0.035977
v 0.003500 -0.034654 -0.033213
v 0.005000 -0.034440 -0.033434
v 0.005000 -0.037300 -0.030116
v 0.005000 -0.020643 -0.043334
v 0.003500 -0.021610 -0.042860
v 0.005000 -0.017865 -0.044461
v 0.003500 -0.017897 -0.044539
v 0.005000 -0.015373 -0.045472
v 0.003500 -0.014055 -0.045896
v 0.005000 -0.010109 -0.046910
v 0.003500 -0.010113 -0.046923
v 0.005000 -0.009887 -0.046971
v 0.005000 -0.004262 -0.047810
v 0.003500 -0.006097 -0.047611
v 0.005000 -0.002035 -0.047876
v 0.003500 -0.002037 -0.047957
v 0.005000 0.001422 -0.047979
v 0.003500 0.002037 -0.047957
v 0.005000 0.006092 -0.047563
v 0.003500 0.006097 -0.047611
v 0.005000 0.007087 -0.047474
v 0.005000 0.012652 -0.046302
v 0.003500 0.010113 -0.046923
v 0.003500 0.014055 -0.045896
v 0.003500 0.028542 -0.038592
v 0.005000 0.028520 -0.038564
v 0.005000 0.027983 -0.038999
v 0.003500 0.025167 -0.040873
v 0.005000 0.023174 -0.042035
v 0.003500 0.021610 -0.042860
v 0.005000 0.021579 -0.042795
v 0.003500 0.017897 -0.044539
v 0.005000 0.018040 -0.044481
v 0.005000 0.014035 -0.045835
v 0.005000 0.032399 -0.035416
v 0.003500 0.031712 -0.036032
v 0.005000 0.034594 -0.033155
v 0.003500 0.034654 -0.033213
v 0.005000 0.036361 -0.031335
v 0.003500 0.037346 -0.030155
v 0.005000 0.039765 -0.026876
v 0.003500 0.039768 -0.026879
v 0.005000 0.039811 -0.026815
v 0.005000 0.042704 -0.021918
v 0.003500 0.041905 -0.023409
v 0.005000 0.043664 -0.019738
v 0.003500 0.043739 -0.019771
v 0.005000 0.044996 -0.016714
v 0.003500 0.045258 -0.015991
v 0.005000 0.046410 -0.012082
v 0.003500 0.046451 -0.012095
v 0.005000 0.046657 -0.011275
v 0.005000 0.047663 -0.005677
v 0.003500 0.047310 -0.008112
v 0.003500 0.047827 -0.004071
v 0.003500 0.046451 0.012095
v 0.005000 0.046410 0.012082
v 0.005000 0.046657 0.011275
v 0.003500 0.047310 0.008112
v 0.005000 0.047663 0.005677
v 0.003500 0.047827 0.004071
v 0.005000 0.047759 0.004067
v 0.003500 0.048000 0.000000
v 0.005000 0.048000 0.000000
v 0.005000 0.047759 -0.004067
v 0.005000 0.044996 0.016714
v 0.003500 0.045258 0.015991
v 0.005000 0.043664 0.019738
v 0.003500 0.043739 0.019771
v 0.005000 0.042704 0.021918
v 0.003500 0.041905 0.023409
v 0.005000 0.039811 0.026815
v 0.003500 0.039768 0.026879
v 0.005000 0.039765 0.026876
v 0.005000 0.036361 0.031335
v 0.003500 0.037346 0.030155
v 0.005000 0.034594 0.033155
v 0.003500 0.034654 0.033213
v 0.005000 0.032399 0.035416
v 0.003500 0.031712 0.036032
v 0.005000 0.028520 0.038564
v 0.003500 0.028542 0.038592
v 0.005000 0.027983 0.038999
v 0.005000 0.023174 0.042035
v 0.003500 0.025167 0.040873
v 0.003500 0.021610 0.042860
v 0.003500 0.006097 0.047611
v 0.005000 0.006092 0.047563
v 0.005000 0.007087 0.047474
v 0.003500 0.010113 0.046923
v 0.005000 0.012652 0.046302
v 0.003500 0.014055 0.045896
v 0.005000 0.014035 0.045835
v 0.003500 0.017897 0.044539
v 0.005000 0.018040 0.044481
v 0.005000 0.021579 0.042795
v 0.005000 0.001422 0.047979
v 0.003500 0.002037 0.047957
v 0.005000 -0.002035 0.047876
v 0.003500 -0.002037 0.047957
v 0.005000 -0.004262 0.047810
v 0.003500 -0.006097 0.047611
v 0.005000 -0.009887 0.046971
v 0.003500 -0.010113 0.046923
v 0.005000 -0.010109 0.046910
v 0.005000 -0.015373 0.045472
v 0.003500 -0.014055 0.045896
v 0.005000 -0.017865 0.044461
v 0.003500 -0.017897 0.044539
v 0.005000 -0.020643 0.043334
v 0.003500 -0.021610 0.042860
v 0.005000 -0.025153 0.040848
v 0.003500 -0.025167 0.040873
v 0.005000 -0.025624 0.040589
v 0.005000 -0.030244 0.037273
v 0.003500 -0.028542 0.038592
v 0.003500 -0.031712 0.036032
v 0.003500 -0.041905 0.023409
v 0.005000 -0.041330 0.024409
v 0.003500 -0.039768 0.026879
v 0.005000 -0.038153 0.029126
v 0.003500 -0.037346 0.030155
v 0.005000 -0.037300 0.030116
v 0.003500 -0.034654 0.033213
v 0.005000 -0.034440 0.033434
v 0.005000 -0.031661 0.035977
v 0.003500 -0.047310 0.008112
v 0.005000 -0.047243 0.008491
v 0.003500 -0.046451 0.012095
v 0.005000 -0.045907 0.014019
v 0.003500 -0.045258 0.015991
v 0.005000 -0.045185 0.015963
v 0.003500 -0.043739 0.019771
v 0.005000 -0.043927 0.019350
v 0.005000 -0.041856 0.023384
v 0.005000 -0.047243 -0.008491
v 0.005000 -0.047288 -0.008110
v 0.003500 -0.047827 -0.004071
v 0.005000 -0.047916 -0.002843
v 0.003500 -0.048000 0.000000
v 0.005000 -0.047916 0.000000
v 0.003500 -0.047827 0.004071
v 0.005000 -0.047916 0.002843
v 0.005000 -0.047288 0.008110
v 0.018500 0.031750 0.000000
v 0.019500 0.030750 0.000000
v 0.003000 0.047694 0.004059
v 0.003500 0.048000 0.000000
v 0.003000 0.047866 0.000000
v 0.003000 0.047694 -0.004059
v 0.003000 0.047177 -0.008089
v 0.003000 0.046322 -0.012061
v 0.003000 0.045132 -0.015946
v 0.003000 0.043617 -0.019716
v 0.003000 0.041788 -0.023344
v 0.003000 0.039657 -0.026804
v 0.003000 0.037241 -0.030070
v 0.003000 0.034557 -0.033120
v 0.003000 0.031624 -0.035932
v 0.003000 0.028463 -0.038484
v 0.003000 0.025096 -0.040759
v 0.003000 0.021549 -0.042741
v 0.003000 0.017847 -0.044414
v 0.003000 0.014016 -0.045768
v 0.003000 0.010084 -0.046792
v 0.003000 0.006080 -0.047478
v 0.003000 0.002031 -0.047823
v 0.003000 -0.002031 -0.047823
v 0.003000 -0.006080 -0.047478
v 0.003000 -0.010084 -0.046792
v 0.003000 -0.014016 -0.045768
v 0.003000 -0.017847 -0.044414
v 0.003000 -0.021549 -0.042741
v 0.003000 -0.025096 -0.040759
v 0.003000 -0.028463 -0.038484
v 0.003000 -0.031624 -0.035932
v 0.003000 -0.034557 -0.033120
v 0.003000 -0.037241 -0.030070
v 0.003000 -0.039657 -0.026804
v 0.003000 -0.041788 -0.023344
v 0.003000 -0.043617 -0.019716
v 0.003000 -0.045132 -0.015946
v 0.003000 -0.046322 -0.012061
v 0.003000 -0.047177 -0.008089
v 0.003000 -0.047694 -0.004059
v 0.003500 -0.048000 0.000000
v 0.003000 -0.047866 0.000000
v 0.003000 -0.047694 0.004059
v 0.003000 -0.047177 0.008089
v 0.003000 -0.046322 0.012061
v 0.003000 -0.045132 0.015946
v 0.003000 -0.043617 0.019716
v 0.003000 -0.041788 0.023344
v 0.003000 -0.039657 0.026804
v 0.003000 -0.037241 0.030070
v 0.003000 -0.034557 0.033120
v 0.003000 -0.031624 0.035932
v 0.003000 -0.028463 0.038484
v 0.003000 -0.025096 0.040759
v 0.003000 -0.021549 0.042741
v 0.003000 -0.017847 0.044414
v 0.003000 -0.014016 0.045768
v 0.003000 -0.010084 0.046792
v 0.003000 -0.006080 0.047478
v 0.003000 -0.002031 0.047823
v 0.003000 0.002031 0.047823
v 0.003000 0.006080 0.047478
v 0.003000 0.010084 0.046792
v 0.003000 0.014016 0.045768
v 0.003000 0.017847 0.044414
v 0.003000 0.021549 0.042741
v 0.003000 0.025096 0.040759
v 0.003000 0.028463 0.038484
v 0.003000 0.031624 0.035932
v 0.003000 0.034557 0.033120
v 0.003000 0.037241 0.030070
v 0.003000 0.039657 0.026804
v 0.003000 0.041788 0.023344
v 0.003000 0.043617 0.019716
v 0.003000 0.045132 0.015946
v 0.003000 0.046322 0.012061
v 0.003000 0.047177 0.008089
v 0.002634 0.047329 0.004028
v 0.002634 0.047500 0.000000
v 0.002634 0.047329 -0.004028
v 0.002634 0.046817 -0.008027
v 0.002634 0.045967 -0.011969
v 0.002634 0.044787 -0.015824
v 0.002634 0.043283 -0.019565
v 0.002634 0.041468 -0.023165
v 0.002634 0.039354 -0.026599
v 0.002634 0.036957 -0.029840
v 0.002634 0.034293 -0.032867
v 0.002634 0.031382 -0.035657
v 0.002634 0.028245 -0.038190
v 0.002634 0.024905 -0.040448
v 0.002634 0.021385 -0.042414
v 0.002634 0.017711 -0.044075
v 0.002634 0.013909 -0.045418
v 0.002634 0.010007 -0.046434
v 0.002634 0.006033 -0.047115
v 0.002634 0.002016 -0.047457
v 0.002634 -0.002016 -0.047457
v 0.002634 -0.006033 -0.047115
v 0.002634 -0.010007 -0.046434
v 0.002634 -0.013909 -0.045418
v 0.002634 -0.017711 -0.044075
v 0.002634 -0.021385 -0.042414
v 0.002634 -0.024905 -0.040448
v 0.002634 -0.028245 -0.038190
v 0.002634 -0.031382 -0.035657
v 0.002634 -0.034293 -0.032867
v 0.002634 -0.036957 -0.029840
v 0.002634 -0.039354 -0.026599
v 0.002634 -0.041468 -0.023165
v 0.002634 -0.043283 -0.019565
v 0.002634 -0.044787 -0.015824
v 0.002634 -0.045967 -0.011969
v 0.002634 -0.046817 -0.008027
v 0.002634 -0.047329 -0.004028
v 0.002634 -0.047500 0.000000
v 0.002634 -0.047329 0.004028
v 0.002634 -0.046817 0.008027
v 0.002634 -0.045967 0.011969
v 0.002634 -0.044787 0.015824
v 0.002634 -0.043283 0.019565
v 0.002634 -0.041468 0.023165
v 0.002634 -0.039354 0.026599
v 0.002634 -0.036957 0.029840
v 0.002634 -0.034293 0.032867
v 0.002634 -0.031382 0.035657
v 0.002634 -0.028245 0.038190
v 0.002634 -0.024905 0.040448
v 0.002634 -0.021385 0.042414
v 0.002634 -0.017711 0.044075
v 0.002634 -0.013909 0.045418
v 0.002634 -0.010007 0.046434
v 0.002634 -0.006033 0.047115
v 0.002634 -0.002016 0.047457
v 0.002634 0.002016 0.047457
v 0.002634 0.006033 0.047115
v 0.002634 0.010007 0.046434
v 0.002634 0.013909 0.045418
v 0.002634 0.017711 0.044075
v 0.002634 0.021385 0.042414
v 0.002634 0.024905 0.040448
v 0.002634 0.028245 0.038190
v 0.002634 0.031382 0.035657
v 0.002634 0.034293 0.032867
v 0.002634 0.036957 0.029840
v 0.002634 0.039354 0.026599
v 0.002634 0.041468 0.023165
v 0.002634 0.043283 0.019565
v 0.002634 0.044787 0.015824
v 0.002634 0.045967 0.011969
v 0.002634 0.046817 0.008027
v 0.002500 0.046831 0.003986
v 0.002500 0.047000 0.000000
v 0.002500 0.046831 -0.003986
v 0.002500 0.046324 -0.007943
v 0.002500 0.045483 -0.011843
v 0.002500 0.044315 -0.015658
v 0.002500 0.042828 -0.019359
v 0.002500 0.041032 -0.022922
v 0.002500 0.038940 -0.026319
v 0.002500 0.036568 -0.029526
v 0.002500 0.033932 -0.032521
v 0.002500 0.031052 -0.035282
v 0.002500 0.027948 -0.037788
v 0.002500 0.024642 -0.040022
v 0.002500 0.021160 -0.041968
v 0.002500 0.017524 -0.043611
v 0.002500 0.013763 -0.044940
v 0.002500 0.009902 -0.045945
v 0.002500 0.005970 -0.046619
v 0.002500 0.001995 -0.046958
v 0.002500 -0.001995 -0.046958
v 0.002500 -0.005970 -0.046619
v 0.002500 -0.009902 -0.045945
v 0.002500 -0.013763 -0.044940
v 0.002500 -0.017524 -0.043611
v 0.002500 -0.021160 -0.041968
v 0.002500 -0.024642 -0.040022
v 0.002500 -0.027948 -0.037788
v 0.002500 -0.031052 -0.035282
v 0.002500 -0.033932 -0.032521
v 0.002500 -0.036568 -0.029526
v 0.002500 -0.038940 -0.026319
v 0.002500 -0.041032 -0.022922
v 0.002500 -0.042828 -0.019359
v 0.002500 -0.044315 -0.015658
v 0.002500 -0.045483 -0.011843
v 0.002500 -0.046324 -0.007943
v 0.002500 -0.046831 -0.003986
v 0.002500 -0.047000 0.000000
v 0.002500 -0.046831 0.003986
v 0.002500 -0.046324 0.007943
v 0.002500 -0.045483 0.011843
v 0.002500 -0.044315 0.015658
v 0.002500 -0.042828 0.019359
v 0.002500 -0.041032 0.022922
v 0.002500 -0.038940 0.026319
v 0.002500 -0.036568 0.029526
v 0.002500 -0.033932 0.032521
v 0.002500 -0.031052 0.035282
v 0.002500 -0.027948 0.037788
v 0.002500 -0.024642 0.040022
v 0.002500 -0.021160 0.041968
v 0.002500 -0.017524 0.043611
v 0.002500 -0.013763 0.044940
v 0.002500 -0.009902 0.045945
v 0.002500 -0.005970 0.046619
v 0.002500 -0.001995 0.046958
v 0.002500 0.001995 0.046958
v 0.002500 0.005970 0.046619
v 0.002500 0.009902 0.045945
v 0.002500 0.013763 0.044940
v 0.002500 0.017524 0.043611
v 0.002500 0.021160 0.041968
v 0.002500 0.024642 0.040022
v 0.002500 0.027948 0.037788
v 0.002500 0.031052 0.035282
v 0.002500 0.033932 0.032521
v 0.002500 0.036568 0.029526
v 0.002500 0.038940 0.026319
v 0.002500 0.041032 0.022922
v 0.002500 0.042828 0.019359
v 0.002500 0.044315 0.015658
v 0.002500 0.045483 0.011843
v 0.002500 0.046324 0.007943
v 0.005500 0.028061 0.039108
v 0.005500 0.023239 0.042153
v 0.005500 -0.025695 0.040702
v 0.005500 -0.030329 0.037377
v 0.005500 -0.047375 -0.008514
v 0.005500 -0.046035 -0.014058
v 0.005866 0.043148 0.022147
v 0.005866 0.045465 0.016888
v 0.005500 0.045122 0.016760
v 0.005866 -0.004307 0.048308
v 0.005866 0.001437 0.048479
v 0.005500 0.001426 0.048113
v 0.005866 -0.046385 0.014165
v 0.005866 -0.044385 0.019551
v 0.005500 -0.044050 0.019404
v 0.005866 -0.030559 -0.037661
v 0.005866 -0.034799 -0.033783
v 0.005500 -0.034536 -0.033528
v 0.005866 -0.009990 -0.047460
v 0.005866 -0.015533 -0.045945
v 0.005500 -0.015416 -0.045599
v 0.005866 0.023415 -0.042473
v 0.005866 0.018228 -0.044944
v 0.005500 0.018090 -0.044605
v 0.005866 0.040226 -0.027094
v 0.005866 0.036739 -0.031662
v 0.005500 0.036462 -0.031423
v 0.005866 0.048500 0.000000
v 0.005866 0.048160 -0.005736
v 0.005500 0.047796 -0.005693
v 0.005866 0.032737 0.035785
v 0.005866 0.007161 0.047968
v 0.005866 -0.020858 0.043786
v 0.005866 -0.041761 0.024664
v 0.005866 -0.048415 -0.002873
v 0.005866 -0.038550 -0.029430
v 0.005866 0.012784 -0.046785
v 0.006000 0.049000 0.000000
v 0.005866 -0.047735 -0.008579
v 0.005866 -0.046385 -0.014165
v 0.005866 -0.044385 -0.019551
v 0.005866 -0.041761 -0.024664
v 0.005866 -0.025890 0.041011
v 0.005866 -0.030559 0.037661
v 0.005866 -0.034799 0.033783
v 0.005866 -0.038550 0.029430
v 0.005866 0.028274 0.039406
v 0.005866 0.023415 0.042473
v 0.005866 0.018228 0.044944
v 0.005866 0.012784 0.046785
v 0.005500 0.045122 -0.016760
v 0.005500 0.046787 -0.011306
v 0.005866 0.047143 -0.011392
v 0.005866 0.045465 -0.016888
v 0.005500 0.042823 -0.021979
v 0.005866 0.043148 -0.022147
v 0.005500 0.039923 -0.026890
v 0.005500 0.028061 -0.039108
v 0.005500 0.032490 -0.035515
v 0.005866 0.032737 -0.035785
v 0.005866 0.028274 -0.039406
v 0.005500 0.023239 -0.042153
v 0.005500 0.001426 -0.048113
v 0.005500 0.007107 -0.047606
v 0.005866 0.007161 -0.047968
v 0.005866 0.001437 -0.048479
v 0.005500 -0.004274 -0.047944
v 0.005866 -0.004307 -0.048308
v 0.005500 -0.009915 -0.047102
v 0.005500 -0.025695 -0.040702
v 0.005500 -0.020701 -0.043455
v 0.005866 -0.020858 -0.043786
v 0.005866 -0.025890 -0.041011
v 0.005500 -0.030329 -0.037377
v 0.005500 -0.044050 -0.019404
v 0.005500 -0.041445 -0.024478
v 0.005500 -0.047375 0.008514
v 0.005500 -0.048049 0.002851
v 0.005866 -0.048415 0.002873
v 0.005866 -0.047735 0.008579
v 0.005500 -0.046035 0.014058
v 0.005500 -0.034536 0.033528
v 0.005500 -0.038259 0.029208
v 0.005500 -0.009915 0.047102
v 0.005500 -0.015416 0.045599
v 0.005866 -0.015533 0.045945
v 0.005866 -0.009990 0.047460
v 0.005500 -0.004274 0.047944
v 0.005500 0.018090 0.044605
v 0.005500 0.012687 0.046432
v 0.005500 0.039923 0.026890
v 0.005500 0.036462 0.031423
v 0.005866 0.036739 0.031662
v 0.005866 0.040226 0.027094
v 0.005500 0.042823 0.021979
v 0.005500 0.047796 0.005693
v 0.005500 0.046787 0.011306
v 0.005866 0.047143 0.011392
v 0.005866 0.048160 0.005736
v 0.005500 0.048134 0.000000
v 0.005500 0.012687 -0.046432
v 0.005500 -0.038259 -0.029208
v 0.005500 -0.048049 -0.002851
v 0.005500 -0.041445 0.024478
v 0.005500 -0.020701 0.043455
v 0.005500 0.007107 0.047606
v 0.005500 0.032490 0.035515
v 0.005000 0.048000 0.000000
v 0.008055 0.049414 -0.012179
v 0.008055 0.048274 -0.016116
v 0.008055 0.046820 -0.019948
v 0.008055 0.045063 -0.023651
v 0.008055 0.043014 -0.027200
v 0.008055 0.040686 -0.030573
v 0.008055 0.038094 -0.033748
v 0.008055 0.035255 -0.036704
v 0.008055 0.032187 -0.039422
v 0.008055 0.028910 -0.041884
v 0.008055 0.025446 -0.044074
v 0.008055 0.021817 -0.045979
v 0.008055 0.018047 -0.047586
v 0.008055 0.014159 -0.048883
v 0.008055 0.010180 -0.049864
v 0.008055 0.006134 -0.050522
v 0.008055 0.002049 -0.050851
v 0.008055 -0.002049 -0.050851
v 0.008055 -0.006134 -0.050522
v 0.008055 -0.010180 -0.049864
v 0.008055 -0.014159 -0.048883
v 0.008055 -0.018047 -0.047586
v 0.008055 -0.021817 -0.045979
v 0.008055 -0.028910 -0.041884
v 0.008055 -0.025446 -0.044074
v 0.008055 -0.032187 -0.039422
v 0.008055 -0.035255 -0.036704
v 0.008055 -0.040686 -0.030573
v 0.008055 -0.038094 -0.033748
v 0.008055 -0.043014 -0.027200
v 0.008055 -0.045063 -0.023651
v 0.008055 -0.048274 -0.016116
v 0.008055 -0.046820 -0.019948
v 0.008055 -0.049414 -0.012179
v 0.008055 -0.050234 -0.008164
v 0.008055 -0.050728 -0.004095
v 0.008255 -0.050509 0.000000
v 0.008055 -0.050893 0.000000
v 0.008055 -0.050728 0.004095
v 0.008055 -0.050234 0.008164
v 0.008055 -0.049414 0.012179
v 0.008055 -0.048274 0.016116
v 0.008055 -0.046820 0.019948
v 0.008055 -0.045063 0.023651
v 0.008055 -0.043014 0.027200
v 0.008055 -0.040686 0.030573
v 0.008055 -0.038094 0.033748
v 0.008055 -0.035255 0.036704
v 0.008055 -0.032187 0.039422
v 0.008055 -0.028910 0.041884
v 0.008055 -0.025446 0.044074
v 0.008055 -0.021817 0.045979
v 0.008055 -0.018047 0.047586
v 0.008055 -0.014159 0.048883
v 0.008055 -0.010180 0.049864
v 0.008055 -0.006134 0.050522
v 0.008055 -0.002049 0.050851
v 0.008055 0.002049 0.050851
v 0.008055 0.006134 0.050522
v 0.008055 0.010180 0.049864
v 0.008055 0.014159 0.048883
v 0.008055 0.018047 0.047586
v 0.008055 0.021817 0.045979
v 0.008055 0.028910 0.041884
v 0.008055 0.025446 0.044074
v 0.008055 0.032187 0.039422
v 0.008055 0.035255 0.036704
v 0.008055 0.040686 0.030573
v 0.008055 0.038094 0.033748
v 0.008055 0.043014 0.027200
v 0.008055 0.045063 0.023651
v 0.008055 0.048274 0.016116
v 0.008055 0.046820 0.019948
v 0.008055 0.049414 0.012179
v 0.008055 0.050234 0.008164
v 0.008055 0.050728 0.004095
v 0.008255 0.050509 0.000000
v 0.008055 0.050893 0.000000
v 0.008055 0.050728 -0.004095
v 0.008055 0.050234 -0.008164
v 0.007711 0.050990 0.004116
v 0.007711 0.051156 0.000000
v 0.007711 0.050990 -0.004116
v 0.007711 0.050494 -0.008206
v 0.007711 0.049670 -0.012242
v 0.007711 0.048524 -0.016200
v 0.007711 0.047063 -0.020052
v 0.007711 0.045297 -0.023773
v 0.007711 0.043237 -0.027341
v 0.007711 0.040897 -0.030732
v 0.007711 0.038291 -0.033923
v 0.007711 0.035437 -0.036894
v 0.007711 0.032354 -0.039626
v 0.007711 0.029060 -0.042101
v 0.007711 0.025578 -0.044303
v 0.007711 0.021930 -0.046217
v 0.007711 0.018140 -0.047832
v 0.007711 0.014233 -0.049137
v 0.007711 0.010233 -0.050122
v 0.007711 0.006166 -0.050783
v 0.007711 0.002060 -0.051115
v 0.007711 -0.002060 -0.051115
v 0.007711 -0.006166 -0.050783
v 0.007711 -0.010233 -0.050122
v 0.007711 -0.014233 -0.049137
v 0.007711 -0.018140 -0.047832
v 0.007711 -0.021930 -0.046217
v 0.007711 -0.025578 -0.044303
v 0.007711 -0.029060 -0.042101
v 0.007711 -0.032354 -0.039626
v 0.007711 -0.035437 -0.036894
v 0.007711 -0.038291 -0.033923
v 0.007711 -0.040897 -0.030732
v 0.007711 -0.043237 -0.027341
v 0.007711 -0.045297 -0.023773
v 0.007711 -0.047063 -0.020052
v 0.007711 -0.048524 -0.016200
v 0.007711 -0.049670 -0.012242
v 0.007711 -0.050494 -0.008206
v 0.007711 -0.050990 -0.004116
v 0.007711 -0.051156 0.000000
v 0.007711 -0.050990 0.004116
v 0.007711 -0.050494 0.008206
v 0.007711 -0.049670 0.012242
v 0.007711 -0.048524 0.016200
v 0.007711 -0.047063 0.020052
v 0.007711 -0.045297 0.023773
v 0.007711 -0.043237 0.027341
v 0.007711 -0.040897 0.030732
v 0.007711 -0.038291 0.033923
v 0.007711 -0.035437 0.036894
v 0.007711 -0.032354 0.039626
v 0.007711 -0.029060 0.042101
v 0.007711 -0.025578 0.044303
v 0.007711 -0.021930 0.046217
v 0.007711 -0.018140 0.047832
v 0.007711 -0.014233 0.049137
v 0.007711 -0.010233 0.050122
v 0.007711 -0.006166 0.050783
v 0.007711 -0.002060 0.051115
v 0.007711 0.002060 0.051115
v 0.007711 0.006166 0.050783
v 0.007711 0.010233 0.050122
v 0.007711 0.014233 0.049137
v 0.007711 0.018140 0.047832
v 0.007711 0.021930 0.046217
v 0.007711 0.025578 0.044303
v 0.007711 0.029060 0.042101
v 0.007711 0.032354 0.039626
v 0.007711 0.035437 0.036894
v 0.007711 0.038291 0.033923
v 0.007711 0.040897 0.030732
v 0.007711 0.043237 0.027341
v 0.007711 0.045297 0.023773
v 0.007711 0.047063 0.020052
v 0.007711 0.048524 0.016200
v 0.007711 0.049670 0.012242
v 0.007711 0.050494 0.008206
v 0.007289 0.051250 0.000000
v 0.007289 -0.051250 0.000000
v 0.006250 0.051017 0.004119
v 0.006500 0.051250 0.000000
v 0.006250 0.051183 0.000000
v 0.006250 0.051017 -0.004119
v 0.006250 0.050520 -0.008210
v 0.006250 0.049696 -0.012249
v 0.006250 0.048549 -0.016208
v 0.006250 0.047087 -0.020062
v 0.006250 0.045320 -0.023786
v 0.006250 0.043259 -0.027356
v 0.006250 0.040918 -0.030748
v 0.006250 0.038311 -0.033941
v 0.006250 0.035456 -0.036913
v 0.006250 0.032370 -0.039647
v 0.006250 0.029075 -0.042123
v 0.006250 0.025591 -0.044326
v 0.006250 0.021942 -0.046241
v 0.006250 0.018150 -0.047857
v 0.006250 0.014240 -0.049162
v 0.006250 0.010238 -0.050149
v 0.006250 0.006169 -0.050810
v 0.006250 0.002061 -0.051142
v 0.006250 -0.002061 -0.051142
v 0.006250 -0.006169 -0.050810
v 0.006250 -0.010238 -0.050149
v 0.006250 -0.014240 -0.049162
v 0.006250 -0.018150 -0.047857
v 0.006250 -0.021942 -0.046241
v 0.006250 -0.025591 -0.044326
v 0.006250 -0.029075 -0.042123
v 0.006250 -0.032370 -0.039647
v 0.006250 -0.035456 -0.036913
v 0.006250 -0.038311 -0.033941
v 0.006250 -0.040918 -0.030748
v 0.006250 -0.043259 -0.027356
v 0.006250 -0.045320 -0.023786
v 0.006250 -0.047087 -0.020062
v 0.006250 -0.048549 -0.016208
v 0.006250 -0.049696 -0.012249
v 0.006250 -0.050520 -0.008210
v 0.006250 -0.051017 -0.004119
v 0.006500 -0.051250 0.000000
v 0.006250 -0.051183 0.000000
v 0.006250 -0.051017 0.004119
v 0.006250 -0.050520 0.008210
v 0.006250 -0.049696 0.012249
v 0.006250 -0.048549 0.016208
v 0.006250 -0.047087 0.020062
v 0.006250 -0.045320 0.023786
v 0.006250 -0.043259 0.027356
v 0.006250 -0.040918 0.030748
v 0.006250 -0.038311 0.033941
v 0.006250 -0.035456 0.036913
v 0.006250 -0.032370 0.039647
v 0.006250 -0.029075 0.042123
v 0.006250 -0.025591 0.044326
v 0.006250 -0.021942 0.046241
v 0.006250 -0.018150 0.047857
v 0.006250 -0.014240 0.049162
v 0.006250 -0.010238 0.050149
v 0.006250 -0.006169 0.050810
v 0.006250 -0.002061 0.051142
v 0.006250 0.002061 0.051142
v 0.006250 0.006169 0.050810
v 0.006250 0.010238 0.050149
v 0.006250 0.014240 0.049162
v 0.006250 0.018150 0.047857
v 0.006250 0.021942 0.046241
v 0.006250 0.025591 0.044326
v 0.006250 0.029075 0.042123
v 0.006250 0.032370 0.039647
v 0.006250 0.035456 0.036913
v 0.006250 0.038311 0.033941
v 0.006250 0.040918 0.030748
v 0.006250 0.043259 0.027356
v 0.006250 0.045320 0.023786
v 0.006250 0.047087 0.020062
v 0.006250 0.048549 0.016208
v 0.006250 0.049696 0.012249
v 0.006250 0.050520 0.008210
v 0.006067 0.050835 0.004104
v 0.006067 0.051000 0.000000
v 0.006067 0.050835 -0.004104
v 0.006067 0.050340 -0.008181
v 0.006067 0.049518 -0.012205
v 0.006067 0.048375 -0.016150
v 0.006067 0.046919 -0.019990
v 0.006067 0.045158 -0.023701
v 0.006067 0.043105 -0.027258
v 0.006067 0.040772 -0.030638
v 0.006067 0.038174 -0.033819
v 0.006067 0.035329 -0.036781
v 0.006067 0.032255 -0.039505
v 0.006067 0.028971 -0.041972
v 0.006067 0.025500 -0.044167
v 0.006067 0.021863 -0.046076
v 0.006067 0.018085 -0.047686
v 0.006067 0.014189 -0.048986
v 0.006067 0.010201 -0.049969
v 0.006067 0.006147 -0.050628
v 0.006067 0.002054 -0.050959
v 0.006067 -0.002054 -0.050959
v 0.006067 -0.006147 -0.050628
v 0.006067 -0.010201 -0.049969
v 0.006067 -0.014189 -0.048986
v 0.006067 -0.018085 -0.047686
v 0.006067 -0.021863 -0.046076
v 0.006067 -0.025500 -0.044167
v 0.006067 -0.028971 -0.041972
v 0.006067 -0.032255 -0.039505
v 0.006067 -0.035329 -0.036781
v 0.006067 -0.038174 -0.033819
v 0.006067 -0.040772 -0.030638
v 0.006067 -0.043105 -0.027258
v 0.006067 -0.045158 -0.023701
v 0.006067 -0.046919 -0.019990
v 0.006067 -0.048375 -0.016150
v 0.006067 -0.049518 -0.012205
v 0.006067 -0.050340 -0.008181
v 0.006067 -0.050835 -0.004104
v 0.006067 -0.051000 0.000000
v 0.006067 -0.050835 0.004104
v 0.006067 -0.050340 0.008181
v 0.006067 -0.049518 0.012205
v 0.006067 -0.048375 0.016150
v 0.006067 -0.046919 0.019990
v 0.006067 -0.045158 0.023701
v 0.006067 -0.043105 0.027258
v 0.006067 -0.040772 0.030638
v 0.006067 -0.038174 0.033819
v 0.006067 -0.035329 0.036781
v 0.006067 -0.032255 0.039505
v 0.006067 -0.028971 0.041972
v 0.006067 -0.025500 0.044167
v 0.006067 -0.021863 0.046076
v 0.006067 -0.018085 0.047686
v 0.006067 -0.014189 0.048986
v 0.006067 -0.010201 0.049969
v 0.006067 -0.006147 0.050628
v 0.006067 -0.002054 0.050959
v 0.006067 0.002054 0.050959
v 0.006067 0.006147 0.050628
v 0.006067 0.010201 0.049969
v 0.006067 0.014189 0.048986
v 0.006067 0.018085 0.047686
v 0.006067 0.021863 0.046076
v 0.006067 0.025500 0.044167
v 0.006067 0.028971 0.041972
v 0.006067 0.032255 0.039505
v 0.006067 0.035329 0.036781
v 0.006067 0.038174 0.033819
v 0.006067 0.040772 0.030638
v 0.006067 0.043105 0.027258
v 0.006067 0.045158 0.023701
v 0.006067 0.046919 0.019990
v 0.006067 0.048375 0.016150
v 0.006067 0.049518 0.012205
v 0.006067 0.050340 0.008181
v 0.006000 -0.050750 0.000000
v 0.000000 0.005970 0.046619
v 0.000000 0.027948 0.037788
v 0.000000 0.021160 -0.041968
v 0.000000 -0.017524 -0.043611
v 0.000000 -0.047000 0.000000
v 0.000000 -0.046324 -0.007943
v 0.000000 -0.044315 -0.015658
v 0.000000 -0.036568 -0.029526
v 0.000000 -0.041032 -0.022922
v 0.000000 -0.031052 -0.035282
v 0.000000 -0.024642 -0.040022
v 0.000000 -0.009902 -0.045945
v 0.000000 -0.001995 -0.046958
v 0.000000 0.005970 -0.046619
v 0.000000 0.013763 -0.044940
v 0.000000 0.027948 -0.037788
v 0.000000 0.033932 -0.032521
v 0.000000 0.038940 -0.026319
v 0.000000 0.042828 -0.019359
v 0.000000 0.045483 -0.011843
v 0.000000 0.046831 -0.003986
v 0.002500 0.047000 0.000000
v 0.000000 0.046831 0.003986
v 0.000000 0.042828 0.019359
v 0.000000 0.045483 0.011843
v 0.000000 0.038940 0.026319
v 0.000000 0.033932 0.032521
v 0.000000 0.021160 0.041968
v 0.000000 0.013763 0.044940
v 0.000000 -0.001995 0.046958
v 0.000000 -0.009902 0.045945
v 0.000000 -0.017524 0.043611
v 0.000000 -0.024642 0.040022
v 0.000000 -0.036568 0.029526
v 0.000000 -0.031052 0.035282
v 0.000000 -0.041032 0.022922
v 0.000000 -0.044315 0.015658
v 0.000000 -0.046324 0.007943
v 0.002500 -0.047000 0.000000
vn 1.0000 -0.0000 -0.0000
vn -1.0000 -0.0000 -0.0000
vn -0.0000 0.9573 0.2890
vn -0.0000 0.8967 0.4427
vn -0.0000 0.8116 0.5842
vn -0.0000 0.7044 0.7098
vn -0.0000 0.5779 0.8161
vn -0.0000 0.4357 0.9001
vn -0.0000 0.2816 0.9595
vn -0.0000 0.1199 0.9928
vn -0.0000 -0.0452 0.9990
vn -0.0000 -0.2090 0.9779
vn -0.0000 -0.3671 0.9302
vn -0.0000 -0.5152 0.8571
vn -0.0000 -0.6493 0.7606
vn -0.0000 -0.7656 0.6433
vn -0.0000 -0.8610 0.5086
vn -0.0000 -0.9330 0.3599
vn -0.0000 -0.9795 0.2014
vn -0.0000 -0.9993 0.0375
vn -0.0000 -0.9918 -0.1275
vn -0.0000 -0.9573 -0.2890
vn -0.0000 -0.8967 -0.4427
vn -0.0000 -0.8116 -0.5842
vn -0.0000 -0.7044 -0.7098
vn -0.0000 -0.5779 -0.8161
vn -0.0000 -0.4357 -0.9001
vn -0.0000 -0.2816 -0.9595
vn -0.0000 -0.1199 -0.9928
vn -0.0000 0.0452 -0.9990
vn -0.0000 0.2090 -0.9779
vn -0.0000 0.3671 -0.9302
vn -0.0000 0.5152 -0.8571
vn -0.0000 0.6493 -0.7606
vn -0.0000 0.7656 -0.6433
vn -0.0000 0.8610 -0.5086
vn -0.0000 0.9330 -0.3599
vn -0.0000 0.9795 -0.2014
vn -0.0000 0.9993 -0.0375
vn -0.0000 0.9918 0.1275
vn -0.0000 -0.9945 0.1045
vn -0.0000 -0.9945 -0.1045
vn -0.0000 -0.9511 -0.3090
vn -0.0000 -0.8660 -0.5000
vn -0.0000 -0.7431 -0.6691
vn -0.0000 -0.5878 -0.8090
vn -0.0000 -0.4067 -0.9135
vn -0.0000 -0.2079 -0.9781
vn -0.0000 -0.0000 -1.0000
vn -0.0000 0.2079 -0.9781
vn -0.0000 0.4067 -0.9135
vn -0.0000 0.5878 -0.8090
vn -0.0000 0.7431 -0.6691
vn -0.0000 0.8660 -0.5000
vn -0.0000 0.9511 -0.3090
vn -0.0000 0.9945 -0.1045
vn -0.0000 0.9945 0.1045
vn -0.0000 0.9511 0.3090
vn -0.0000 0.8660 0.5000
vn -0.0000 0.7431 0.6691
vn -0.0000 0.5878 0.8090
vn -0.0000 0.4067 0.9135
vn -0.0000 0.2079 0.9781
vn -0.0000 -0.0000 1.0000
vn -0.0000 -0.2079 0.9781
vn -0.0000 -0.4067 0.9135
vn -0.0000 -0.5878 0.8090
vn -0.0000 -0.7431 0.6691
vn -0.0000 -0.8660 0.5000
vn -0.0000 -0.9511 0.3090
vn 0.9659 -0.2538 -0.0518
vn 0.9658 -0.2585 -0.0214
vn 0.9666 -0.2543 -0.0309
vn 0.9659 -0.2588 -0.0104
vn 0.9658 -0.2423 -0.0919
vn 0.9658 -0.2513 -0.0636
vn 0.9666 -0.2462 -0.0713
vn 0.9659 -0.2539 -0.0518
vn 0.9658 -0.2245 -0.1296
vn 0.9659 -0.2372 -0.1040
vn 0.9665 -0.2318 -0.1100
vn 0.9658 -0.2008 -0.1640
vn 0.9659 -0.2166 -0.1415
vn 0.9665 -0.2113 -0.1459
vn 0.9658 -0.1719 -0.1941
vn 0.9660 -0.1903 -0.1751
vn 0.9664 -0.1853 -0.1780
vn 0.9658 -0.1386 -0.2192
vn 0.9660 -0.1587 -0.2039
vn 0.9664 -0.1545 -0.2056
vn 0.9658 -0.1017 -0.2386
vn 0.9661 -0.1229 -0.2271
vn 0.9663 -0.1196 -0.2279
vn 0.9658 -0.0621 -0.2518
vn 0.9661 -0.0838 -0.2441
vn 0.9663 -0.0815 -0.2443
vn 0.9662 -0.0413 -0.2544
vn 0.9662 -0.0425 -0.2545
vn 0.9662 -0.0000 -0.2579
vn 0.9658 -0.0209 -0.2585
vn 0.9662 0.0413 -0.2544
vn 0.9662 0.0425 -0.2545
vn 0.9658 0.0209 -0.2585
vn 0.9663 0.0815 -0.2443
vn 0.9661 0.0838 -0.2441
vn 0.9658 0.0621 -0.2518
vn 0.9663 0.1196 -0.2279
vn 0.9661 0.1229 -0.2271
vn 0.9658 0.1017 -0.2386
vn 0.9664 0.1545 -0.2056
vn 0.9660 0.1587 -0.2039
vn 0.9658 0.1386 -0.2192
vn 0.9664 0.1853 -0.1780
vn 0.9660 0.1903 -0.1751
vn 0.9658 0.1719 -0.1941
vn 0.9665 0.2113 -0.1459
vn 0.9659 0.2166 -0.1415
vn 0.9658 0.2008 -0.1640
vn 0.9665 0.2318 -0.1100
vn 0.9659 0.2372 -0.1040
vn 0.9658 0.2245 -0.1296
vn 0.9666 0.2462 -0.0713
vn 0.9658 0.2513 -0.0636
vn 0.9658 0.2423 -0.0919
vn 0.9659 0.2539 -0.0518
vn 0.9659 0.2538 -0.0518
vn 0.9658 0.2585 -0.0214
vn 0.9666 0.2543 -0.0309
vn 0.9659 0.2588 -0.0104
vn 0.9659 0.2538 0.0518
vn 0.9658 0.2585 0.0214
vn 0.9666 0.2543 0.0309
vn 0.9659 0.2588 0.0104
vn 0.9658 0.2423 0.0919
vn 0.9658 0.2513 0.0636
vn 0.9666 0.2462 0.0713
vn 0.9659 0.2539 0.0518
vn 0.9658 0.2245 0.1296
vn 0.9659 0.2372 0.1040
vn 0.9665 0.2318 0.1100
vn 0.9658 0.2008 0.1640
vn 0.9659 0.2166 0.1415
vn 0.9665 0.2113 0.1459
vn 0.9658 0.1719 0.1941
vn 0.9660 0.1903 0.1751
vn 0.9664 0.1853 0.1780
vn 0.9658 0.1386 0.2192
vn 0.9660 0.1587 0.2039
vn 0.9664 0.1545 0.2056
vn 0.9658 0.1017 0.2386
vn 0.9661 0.1229 0.2271
vn 0.9663 0.1196 0.2279
vn 0.9658 0.0621 0.2518
vn 0.9661 0.0838 0.2441
vn 0.9663 0.0815 0.2443
vn 0.9662 0.0413 0.2544
vn 0.9662 0.0425 0.2545
vn 0.9662 -0.0000 0.2579
vn 0.9658 0.0209 0.2585
vn 0.9662 -0.0413 0.2544
vn 0.9662 -0.0425 0.2545
vn 0.9658 -0.0209 0.2585
vn 0.9663 -0.0815 0.2443
vn 0.9661 -0.0838 0.2441
vn 0.9658 -0.0621 0.2518
vn 0.9663 -0.1196 0.2279
vn 0.9661 -0.1229 0.2271
vn 0.9658 -0.1017 0.2386
vn 0.9664 -0.1545 0.2056
vn 0.9660 -0.1587 0.2039
vn 0.9658 -0.1386 0.2192
vn 0.9664 -0.1853 0.1780
vn 0.9660 -0.1903 0.1751
vn 0.9658 -0.1719 0.1941
vn 0.9665 -0.2113 0.1459
vn 0.9659 -0.2166 0.1415
vn 0.9658 -0.2008 0.1640
vn 0.9665 -0.2318 0.1100
vn 0.9659 -0.2372 0.1040
vn 0.9658 -0.2245 0.1296
vn 0.9666 -0.2462 0.0713
vn 0.9658 -0.2513 0.0636
vn 0.9658 -0.2423 0.0919
vn 0.9659 -0.2539 0.0518
vn 0.9659 -0.2538 0.0518
vn 0.9658 -0.2585 0.0214
vn 0.9666 -0.2543 0.0309
vn 0.9659 -0.2588 0.0104
vn -0.0000 -0.9992 0.0403
vn -0.0000 -0.9992 -0.0403
vn -0.0000 -0.9927 -0.1205
vn -0.0000 -0.9798 -0.2000
vn -0.0000 -0.9605 -0.2782
vn -0.0000 -0.9350 -0.3546
vn -0.0000 -0.9034 -0.4287
vn -0.0000 -0.8230 -0.5681
vn -0.0000 -0.7746 -0.6324
vn -0.0000 -0.7212 -0.6927
vn -0.0000 -0.6631 -0.7485
vn -0.0000 -0.6007 -0.7994
vn -0.0000 -0.5345 -0.8452
vn -0.0000 -0.4647 -0.8855
vn -0.0000 -0.3920 -0.9200
vn -0.0000 -0.3167 -0.9485
vn -0.0000 -0.2393 -0.9709
vn -0.0000 -0.1604 -0.9870
vn -0.0000 -0.0805 -0.9968
vn -0.0000 0.0805 -0.9968
vn -0.0000 0.1604 -0.9870
vn -0.0000 0.2393 -0.9709
vn -0.0000 0.3167 -0.9485
vn -0.0000 0.3920 -0.9200
vn -0.0000 0.4647 -0.8855
vn -0.0000 0.5345 -0.8452
vn -0.0000 0.6007 -0.7994
vn -0.0000 0.6631 -0.7485
vn -0.0000 0.7212 -0.6927
vn -0.0000 0.7746 -0.6324
vn -0.0000 0.8230 -0.5681
vn -0.0000 0.9034 -0.4287
vn -0.0000 0.9350 -0.3546
vn -0.0000 0.9605 -0.2782
vn -0.0000 0.9798 -0.2000
vn -0.0000 0.9927 -0.1205
vn -0.0000 0.9992 -0.0403
vn -0.0000 0.9992 0.0403
vn -0.0000 0.9927 0.1205
vn -0.0000 0.9798 0.2000
vn -0.0000 0.9605 0.2782
vn -0.0000 0.9350 0.3546
vn -0.0000 0.9034 0.4287
vn -0.0000 0.8230 0.5681
vn -0.0000 0.7746 0.6324
vn -0.0000 0.7212 0.6927
vn -0.0000 0.6631 0.7485
vn -0.0000 0.6007 0.7994
vn -0.0000 0.5345 0.8452
vn -0.0000 0.4647 0.8855
vn -0.0000 0.3920 0.9200
vn -0.0000 0.3167 0.9485
vn -0.0000 0.2393 0.9709
vn -0.0000 0.1604 0.9870
vn -0.0000 0.0805 0.9968
vn -0.0000 -0.0805 0.9968
vn -0.0000 -0.1604 0.9870
vn -0.0000 -0.2393 0.9709
vn -0.0000 -0.3167 0.9485
vn -0.0000 -0.3920 0.9200
vn -0.0000 -0.4647 0.8855
vn -0.0000 -0.5345 0.8452
vn -0.0000 -0.6007 0.7994
vn -0.0000 -0.6631 0.7485
vn -0.0000 -0.7212 0.6927
vn -0.0000 -0.7746 0.6324
vn -0.0000 -0.8230 0.5681
vn -0.0000 -0.9034 0.4287
vn -0.0000 -0.9350 0.3546
vn -0.0000 -0.9605 0.2782
vn -0.0000 -0.9798 0.2000
vn -0.0000 -0.9927 0.1205
vn 0.0840 -0.9741 -0.2099
vn -0.1060 -0.9321 -0.3462
vn 0.0519 -0.9549 -0.2924
vn 0.0520 -0.9361 -0.3477
vn -0.0116 -0.9278 -0.3728
vn 0.0168 -0.8895 -0.4566
vn 0.0363 -0.8923 -0.4499
vn 0.0363 -0.8891 -0.4563
vn -0.0547 -0.8282 -0.5578
vn 0.1303 -0.8443 -0.5198
vn -0.0251 -0.8037 -0.5944
vn 0.0192 -0.4827 -0.8756
vn -0.0132 -0.5599 -0.8284
vn 0.0528 -0.5822 -0.8114
vn -0.0287 -0.6280 -0.7777
vn 0.0502 -0.6741 -0.7369
vn 0.0502 -0.6911 -0.7210
vn -0.0128 -0.6749 -0.7378
vn 0.0093 -0.7506 -0.6607
vn 0.0398 -0.7569 -0.6523
vn 0.0385 -0.4873 -0.8724
vn -0.0505 -0.3754 -0.9255
vn 0.0559 -0.4113 -0.9098
vn 0.0560 -0.3752 -0.9252
vn -0.0259 -0.3330 -0.9426
vn 0.0413 -0.2634 -0.9638
vn 0.0087 -0.2520 -0.9677
vn 0.0087 -0.2634 -0.9646
vn -0.0095 -0.1476 -0.9890
vn 0.0756 -0.1685 -0.9828
vn -0.0960 -0.0295 -0.9949
vn 0.0534 -0.0847 -0.9950
vn 0.0535 -0.0296 -0.9981
vn -0.0148 -0.0000 -0.9999
vn 0.0217 0.0888 -0.9958
vn 0.0325 0.0848 -0.9959
vn 0.0325 0.0887 -0.9955
vn -0.0464 0.2058 -0.9775
vn 0.1205 0.1678 -0.9784
vn -0.0265 0.2519 -0.9674
vn 0.0240 0.6299 -0.7763
vn -0.0162 0.5599 -0.8284
vn 0.0541 0.5330 -0.8444
vn -0.0283 0.4875 -0.8727
vn 0.0481 0.4295 -0.9018
vn 0.0481 0.4114 -0.9102
vn -0.0062 0.4301 -0.9028
vn 0.0045 0.3331 -0.9429
vn 0.0429 0.3200 -0.9465
vn 0.0320 0.6279 -0.7776
vn -0.0423 0.7169 -0.6959
vn 0.0554 0.6909 -0.7208
vn 0.0554 0.7164 -0.6955
vn -0.0271 0.7504 -0.6604
vn 0.0443 0.7941 -0.6062
vn 0.0030 0.8040 -0.5946
vn 0.0030 0.7949 -0.6067
vn -0.0030 0.8610 -0.5085
vn 0.0675 0.8496 -0.5231
vn -0.0863 0.9117 -0.4016
vn 0.0546 0.8916 -0.4495
vn 0.0547 0.9138 -0.4025
vn -0.0177 0.9277 -0.3728
vn 0.0263 0.9561 -0.2919
vn 0.0284 0.9558 -0.2927
vn 0.0284 0.9560 -0.2920
vn -0.0383 0.9835 -0.1768
vn 0.1109 0.9715 -0.2094
vn -0.0276 0.9915 -0.1270
vn 0.0284 0.9560 0.2920
vn -0.0190 0.9774 0.2106
vn 0.0551 0.9827 0.1766
vn -0.0276 0.9915 0.1270
vn 0.0457 0.9972 0.0592
vn 0.0456 0.9981 0.0424
vn -0.0000 0.9982 0.0592
vn -0.0000 0.9991 -0.0424
vn 0.0457 0.9972 -0.0592
vn 0.0284 0.9560 0.2919
vn 0.0258 0.9558 0.2927
vn -0.0345 0.9146 0.4029
vn 0.0546 0.9265 0.3723
vn 0.0547 0.9138 0.4025
vn -0.0280 0.8926 0.4500
vn 0.0469 0.8601 0.5080
vn -0.0021 0.8515 0.5243
vn 0.0030 0.7948 0.6069
vn 0.0030 0.7948 0.6068
vn 0.0598 0.8026 0.5936
vn -0.0769 0.7154 0.6945
vn 0.0553 0.7495 0.6597
vn 0.0554 0.7164 0.6955
vn -0.0202 0.6918 0.7218
vn 0.0305 0.6298 0.7762
vn 0.0240 0.6280 0.7778
vn 0.0240 0.6299 0.7763
vn -0.0306 0.5336 0.8452
vn 0.1016 0.5571 0.8242
vn -0.0283 0.4875 0.8727
vn 0.0325 0.0887 0.9955
vn -0.0213 0.1690 0.9854
vn 0.0557 0.2057 0.9770
vn -0.0265 0.2519 0.9674
vn 0.0429 0.3200 0.9465
vn 0.0429 0.3328 0.9420
vn 0.0059 0.3203 0.9473
vn -0.0042 0.4119 0.9112
vn 0.0481 0.4296 0.9017
vn 0.0481 0.4295 0.9018
vn 0.0325 0.0888 0.9955
vn 0.0200 0.0848 0.9962
vn -0.0269 -0.0296 0.9992
vn 0.0534 -0.0000 0.9986
vn 0.0535 -0.0296 0.9981
vn -0.0286 -0.0848 0.9960
vn 0.0492 -0.1475 0.9878
vn -0.0061 -0.1690 0.9856
vn 0.0087 -0.2634 0.9646
vn 0.0087 -0.2636 0.9646
vn 0.0524 -0.2516 0.9664
vn -0.0678 -0.3750 0.9246
vn 0.0559 -0.3326 0.9414
vn 0.0560 -0.3752 0.9252
vn -0.0224 -0.4118 0.9110
vn 0.0345 -0.4825 0.8752
vn 0.0192 -0.4876 0.8729
vn 0.0192 -0.4827 0.8756
vn -0.0233 -0.5828 0.8123
vn 0.0927 -0.5576 0.8249
vn -0.0287 -0.6280 0.7777
vn -0.0234 -0.8513 0.5242
vn 0.0561 -0.8281 0.5578
vn -0.0251 -0.8037 0.5944
vn 0.0398 -0.7569 0.6523
vn 0.0398 -0.7501 0.6602
vn 0.0114 -0.7575 0.6528
vn -0.0081 -0.6919 0.7219
vn 0.0502 -0.6741 0.7369
vn -0.0099 -0.9775 0.2107
vn 0.0512 -0.9707 0.2346
vn -0.0288 -0.9558 0.2927
vn 0.0520 -0.9362 0.3477
vn 0.0520 -0.9266 0.3724
vn -0.0197 -0.9372 0.3481
vn 0.0146 -0.8928 0.4502
vn 0.0363 -0.8891 0.4563
vn -0.0162 -0.9719 -0.2349
vn 0.0141 -0.9929 -0.1183
vn 0.0141 -0.9918 -0.1270
vn 0.0381 -0.9923 -0.1182
vn -0.0243 -0.9988 -0.0424
vn 0.0561 -0.9984 -0.0000
vn 0.0560 -0.9975 0.0424
vn -0.0590 -0.9983 -0.0000
vn 0.0453 -0.9909 0.1269
vn 0.0141 -0.9929 0.1183
vn 0.7052 -0.6743 0.2191
vn 0.7052 -0.6140 0.3545
vn 0.7052 -0.6141 0.3545
vn 0.7052 -0.5269 0.4744
vn 0.7052 -0.4168 0.5736
vn 0.7052 -0.2884 0.6477
vn 0.7052 -0.1474 0.6935
vn 0.7052 -0.1474 0.6936
vn 0.7052 -0.0000 0.7090
vn 0.7052 0.1474 0.6936
vn 0.7052 0.1474 0.6935
vn 0.7052 0.2884 0.6477
vn 0.7052 0.4168 0.5736
vn 0.7052 0.5269 0.4745
vn 0.7052 0.5269 0.4744
vn 0.7052 0.6141 0.3545
vn 0.7052 0.6140 0.3545
vn 0.7052 0.6743 0.2191
vn 0.7052 0.7051 0.0741
vn 0.7052 0.7052 0.0741
vn 0.7052 0.7052 -0.0741
vn 0.7052 0.7051 -0.0741
vn 0.7052 0.6743 -0.2191
vn 0.7052 0.6140 -0.3545
vn 0.7052 0.6141 -0.3545
vn 0.7052 0.5269 -0.4744
vn 0.7052 0.4168 -0.5736
vn 0.7052 0.2884 -0.6477
vn 0.7052 0.1474 -0.6935
vn 0.7052 0.1474 -0.6936
vn 0.7052 -0.0000 -0.7090
vn 0.7052 -0.1474 -0.6936
vn 0.7052 -0.1474 -0.6935
vn 0.7052 -0.2884 -0.6477
vn 0.7052 -0.4168 -0.5736
vn 0.7052 -0.5269 -0.4745
vn 0.7052 -0.5269 -0.4744
vn 0.7052 -0.6141 -0.3545
vn 0.7052 -0.6140 -0.3545
vn 0.7052 -0.6743 -0.2191
vn 0.7052 -0.7051 -0.0741
vn 0.7052 -0.7052 -0.0741
vn 0.7052 -0.7052 0.0741
vn 0.7052 -0.7051 0.0741
vn -0.2586 0.9651 0.0410
vn -0.2586 0.9651 -0.0410
vn -0.2586 0.9582 -0.1227
vn -0.2585 0.9582 -0.1227
vn -0.2585 0.9443 -0.2035
vn -0.2586 0.9443 -0.2035
vn -0.2586 0.9237 -0.2829
vn -0.2587 0.9236 -0.2829
vn -0.2587 0.8963 -0.3602
vn -0.2586 0.8963 -0.3602
vn -0.2586 0.8626 -0.4349
vn -0.2585 0.8626 -0.4349
vn -0.2585 0.8226 -0.5065
vn -0.2587 0.8225 -0.5065
vn -0.2587 0.7766 -0.5744
vn -0.2586 0.7767 -0.5744
vn -0.2586 0.7251 -0.6382
vn -0.2585 0.7252 -0.6382
vn -0.2585 0.6684 -0.6974
vn -0.2586 0.6684 -0.6974
vn -0.2586 0.6068 -0.7516
vn -0.2586 0.5409 -0.8003
vn -0.2586 0.4711 -0.8433
vn -0.2586 0.3979 -0.8802
vn -0.2586 0.3218 -0.9108
vn -0.2586 0.2434 -0.9348
vn -0.2586 0.1632 -0.9521
vn -0.2585 0.1633 -0.9521
vn -0.2585 0.0819 -0.9625
vn -0.2585 -0.0000 -0.9660
vn -0.2585 -0.0819 -0.9625
vn -0.2586 -0.1632 -0.9521
vn -0.2586 -0.1633 -0.9521
vn -0.2586 -0.2434 -0.9348
vn -0.2586 -0.3218 -0.9108
vn -0.2586 -0.3979 -0.8802
vn -0.2586 -0.4711 -0.8433
vn -0.2586 -0.5409 -0.8003
vn -0.2586 -0.6068 -0.7516
vn -0.2586 -0.6684 -0.6974
vn -0.2585 -0.6684 -0.6974
vn -0.2585 -0.7252 -0.6382
vn -0.2586 -0.7251 -0.6382
vn -0.2586 -0.7766 -0.5744
vn -0.2587 -0.7766 -0.5744
vn -0.2587 -0.8226 -0.5065
vn -0.2585 -0.8226 -0.5065
vn -0.2585 -0.8626 -0.4349
vn -0.2586 -0.8626 -0.4349
vn -0.2586 -0.8963 -0.3602
vn -0.2587 -0.8963 -0.3602
vn -0.2587 -0.9236 -0.2829
vn -0.2586 -0.9236 -0.2829
vn -0.2586 -0.9443 -0.2035
vn -0.2585 -0.9443 -0.2035
vn -0.2585 -0.9582 -0.1227
vn -0.2586 -0.9582 -0.1227
vn -0.2586 -0.9651 -0.0410
vn -0.2586 -0.9651 0.0410
vn -0.2586 -0.9582 0.1227
vn -0.2585 -0.9582 0.1227
vn -0.2585 -0.9443 0.2035
vn -0.2586 -0.9443 0.2035
vn -0.2586 -0.9237 0.2829
vn -0.2587 -0.9236 0.2829
vn -0.2587 -0.8963 0.3602
vn -0.2586 -0.8963 0.3602
vn -0.2586 -0.8626 0.4349
vn -0.2585 -0.8626 0.4349
vn -0.2585 -0.8226 0.5065
vn -0.2587 -0.8225 0.5065
vn -0.2587 -0.7766 0.5744
vn -0.2586 -0.7767 0.5744
vn -0.2586 -0.7251 0.6382
vn -0.2585 -0.7252 0.6382
vn -0.2585 -0.6684 0.6974
vn -0.2586 -0.6684 0.6974
vn -0.2586 -0.6068 0.7516
vn -0.2586 -0.5409 0.8003
vn -0.2586 -0.4711 0.8433
vn -0.2586 -0.3979 0.8802
vn -0.2586 -0.3218 0.9108
vn -0.2586 -0.2434 0.9348
vn -0.2586 -0.1632 0.9521
vn -0.2585 -0.1633 0.9521
vn -0.2585 -0.0819 0.9625
vn -0.2585 -0.0000 0.9660
vn -0.2585 0.0819 0.9625
vn -0.2586 0.1632 0.9521
vn -0.2586 0.1633 0.9521
vn -0.2586 0.2434 0.9348
vn -0.2586 0.3218 0.9108
vn -0.2586 0.3979 0.8802
vn -0.2586 0.4711 0.8433
vn -0.2586 0.5409 0.8003
vn -0.2586 0.6068 0.7516
vn -0.2586 0.6684 0.6974
vn -0.2585 0.6684 0.6974
vn -0.2585 0.7252 0.6382
vn -0.2586 0.7251 0.6382
vn -0.2586 0.7766 0.5744
vn -0.2587 0.7766 0.5744
vn -0.2587 0.8226 0.5065
vn -0.2585 0.8226 0.5065
vn -0.2585 0.8626 0.4349
vn -0.2586 0.8626 0.4349
vn -0.2586 0.8963 0.3602
vn -0.2587 0.8963 0.3602
vn -0.2587 0.9236 0.2829
vn -0.2586 0.9236 0.2829
vn -0.2586 0.9443 0.2035
vn -0.2585 0.9443 0.2035
vn -0.2585 0.9582 0.1227
vn -0.2586 0.9582 0.1227
vn -0.7068 0.7068 0.0300
vn -0.7068 0.7068 -0.0300
vn -0.7068 0.7017 -0.0899
vn -0.7068 0.6915 -0.1490
vn -0.7068 0.6764 -0.2072
vn -0.7068 0.6564 -0.2638
vn -0.7068 0.6317 -0.3185
vn -0.7068 0.6024 -0.3709
vn -0.7068 0.5688 -0.4207
vn -0.7068 0.5310 -0.4674
vn -0.7068 0.4895 -0.5107
vn -0.7067 0.4895 -0.5108
vn -0.7067 0.4444 -0.5504
vn -0.7068 0.4444 -0.5504
vn -0.7068 0.3961 -0.5861
vn -0.7068 0.3450 -0.6176
vn -0.7068 0.2914 -0.6446
vn -0.7068 0.2357 -0.6670
vn -0.7068 0.1783 -0.6846
vn -0.7068 0.1196 -0.6973
vn -0.7068 0.0600 -0.7049
vn -0.7068 -0.0000 -0.7074
vn -0.7068 -0.0600 -0.7049
vn -0.7068 -0.1196 -0.6973
vn -0.7068 -0.1783 -0.6846
vn -0.7068 -0.2357 -0.6670
vn -0.7068 -0.2914 -0.6446
vn -0.7068 -0.3450 -0.6176
vn -0.7068 -0.3961 -0.5861
vn -0.7068 -0.4444 -0.5504
vn -0.7067 -0.4444 -0.5504
vn -0.7067 -0.4895 -0.5108
vn -0.7068 -0.4895 -0.5107
vn -0.7068 -0.5310 -0.4674
vn -0.7068 -0.5688 -0.4206
vn -0.7068 -0.5688 -0.4207
vn -0.7067 -0.6024 -0.3709
vn -0.7068 -0.6024 -0.3709
vn -0.7068 -0.6317 -0.3185
vn -0.7068 -0.6564 -0.2638
vn -0.7068 -0.6764 -0.2072
vn -0.7068 -0.6764 -0.2071
vn -0.7068 -0.6915 -0.1490
vn -0.7068 -0.7017 -0.0899
vn -0.7068 -0.7068 -0.0300
vn -0.7068 -0.7068 0.0300
vn -0.7068 -0.7017 0.0899
vn -0.7068 -0.6915 0.1490
vn -0.7068 -0.6764 0.2072
vn -0.7068 -0.6564 0.2638
vn -0.7068 -0.6317 0.3185
vn -0.7068 -0.6024 0.3709
vn -0.7068 -0.5688 0.4207
vn -0.7068 -0.5310 0.4674
vn -0.7068 -0.4895 0.5107
vn -0.7067 -0.4895 0.5108
vn -0.7067 -0.4444 0.5504
vn -0.7068 -0.4444 0.5504
vn -0.7068 -0.3961 0.5861
vn -0.7068 -0.3450 0.6176
vn -0.7068 -0.2914 0.6446
vn -0.7068 -0.2357 0.6670
vn -0.7068 -0.1783 0.6846
vn -0.7068 -0.1196 0.6973
vn -0.7068 -0.0600 0.7049
vn -0.7068 -0.0000 0.7074
vn -0.7068 0.0600 0.7049
vn -0.7068 0.1196 0.6973
vn -0.7068 0.1783 0.6846
vn -0.7068 0.2357 0.6670
vn -0.7068 0.2914 0.6446
vn -0.7068 0.3450 0.6176
vn -0.7068 0.3961 0.5861
vn -0.7068 0.4444 0.5504
vn -0.7067 0.4444 0.5504
vn -0.7067 0.4895 0.5108
vn -0.7068 0.4895 0.5107
vn -0.7068 0.5310 0.4674
vn -0.7068 0.5688 0.4206
vn -0.7068 0.5688 0.4207
vn -0.7067 0.6024 0.3709
vn -0.7068 0.6024 0.3709
vn -0.7068 0.6317 0.3185
vn -0.7068 0.6564 0.2638
vn -0.7068 0.6764 0.2072
vn -0.7068 0.6764 0.2071
vn -0.7068 0.6915 0.1490
vn -0.7068 0.7017 0.0899
vn -0.9659 0.2587 0.0110
vn -0.9659 0.2587 -0.0110
vn -0.9659 0.2569 -0.0329
vn -0.9659 0.2532 -0.0546
vn -0.9659 0.2476 -0.0758
vn -0.9659 0.2403 -0.0966
vn -0.9659 0.2312 -0.1166
vn -0.9659 0.2205 -0.1358
vn -0.9659 0.2082 -0.1540
vn -0.9659 0.1944 -0.1711
vn -0.9659 0.1792 -0.1870
vn -0.9659 0.1627 -0.2015
vn -0.9659 0.1450 -0.2146
vn -0.9659 0.1263 -0.2261
vn -0.9659 0.1067 -0.2360
vn -0.9659 0.0863 -0.2442
vn -0.9659 0.0653 -0.2506
vn -0.9659 0.0652 -0.2506
vn -0.9659 0.0438 -0.2552
vn -0.9659 0.0220 -0.2580
vn -0.9659 -0.0000 -0.2590
vn -0.9659 -0.0220 -0.2580
vn -0.9659 -0.0438 -0.2552
vn -0.9659 -0.0652 -0.2506
vn -0.9659 -0.0863 -0.2442
vn -0.9659 -0.1067 -0.2360
vn -0.9659 -0.1263 -0.2261
vn -0.9659 -0.1450 -0.2146
vn -0.9659 -0.1627 -0.2015
vn -0.9659 -0.1792 -0.1870
vn -0.9659 -0.1944 -0.1711
vn -0.9659 -0.2082 -0.1540
vn -0.9659 -0.2205 -0.1358
vn -0.9659 -0.2312 -0.1166
vn -0.9659 -0.2403 -0.0966
vn -0.9659 -0.2476 -0.0758
vn -0.9659 -0.2531 -0.0546
vn -0.9659 -0.2532 -0.0546
vn -0.9659 -0.2569 -0.0329
vn -0.9659 -0.2587 -0.0110
vn -0.9659 -0.2587 0.0110
vn -0.9659 -0.2569 0.0329
vn -0.9659 -0.2532 0.0546
vn -0.9659 -0.2476 0.0758
vn -0.9659 -0.2403 0.0966
vn -0.9659 -0.2312 0.1166
vn -0.9659 -0.2205 0.1358
vn -0.9659 -0.2082 0.1540
vn -0.9659 -0.1944 0.1711
vn -0.9659 -0.1792 0.1870
vn -0.9659 -0.1627 0.2015
vn -0.9659 -0.1450 0.2146
vn -0.9659 -0.1263 0.2261
vn -0.9659 -0.1067 0.2360
vn -0.9659 -0.0863 0.2442
vn -0.9659 -0.0653 0.2506
vn -0.9659 -0.0652 0.2506
vn -0.9659 -0.0438 0.2552
vn -0.9659 -0.0220 0.2580
vn -0.9659 -0.0000 0.2590
vn -0.9659 0.0220 0.2580
vn -0.9659 0.0438 0.2552
vn -0.9659 0.0652 0.2506
vn -0.9659 0.0863 0.2442
vn -0.9659 0.1067 0.2360
vn -0.9659 0.1263 0.2261
vn -0.9659 0.1450 0.2146
vn -0.9659 0.1627 0.2015
vn -0.9659 0.1792 0.1870
vn -0.9659 0.1944 0.1711
vn -0.9659 0.2082 0.1540
vn -0.9659 0.2205 0.1358
vn -0.9659 0.2312 0.1166
vn -0.9659 0.2403 0.0966
vn -0.9659 0.2476 0.0758
vn -0.9659 0.2531 0.0546
vn -0.9659 0.2532 0.0546
vn -0.9659 0.2569 0.0329
vn -0.2585 0.6087 0.7502
vn -0.2585 0.5157 0.8169
vn -0.2584 -0.4664 0.8460
vn -0.2584 -0.5632 0.7849
vn -0.2584 -0.9593 -0.1143
vn -0.2584 -0.9390 -0.2269
vn -0.7065 0.6477 0.2853
vn -0.7065 -0.0210 0.7074
vn -0.7065 -0.6635 0.2464
vn -0.7065 -0.4777 -0.5222
vn -0.7065 -0.1866 -0.6827
vn -0.7064 0.3044 -0.6390
vn -0.7065 0.5625 -0.4294
vn -0.7064 0.7065 -0.0419
vn -0.9658 0.1634 0.2013
vn -0.9658 0.0230 0.2583
vn -0.9658 -0.1252 0.2271
vn -0.9658 -0.2307 0.1184
vn -0.9658 -0.2575 -0.0307
vn -0.9658 -0.1964 -0.1693
vn -0.9658 0.0830 -0.2456
vn -0.9658 0.2588 -0.0154
vn -0.9658 0.2588 0.0154
vn -0.9658 0.2061 -0.1573
vn -0.9658 0.2233 -0.1319
vn -0.9658 0.1115 -0.2341
vn -0.9658 0.1384 -0.2192
vn -0.9658 -0.0683 -0.2501
vn -0.9658 -0.0383 -0.2564
vn -0.9658 -0.1750 -0.1913
vn -0.9658 -0.1512 -0.2107
vn -0.9658 -0.2520 -0.0609
vn -0.9658 -0.2430 -0.0903
vn -0.9658 -0.2307 -0.1184
vn -0.9658 -0.2150 -0.1448
vn -0.9658 -0.2430 0.0903
vn -0.9658 -0.2520 0.0609
vn -0.9658 -0.1512 0.2107
vn -0.9658 -0.1750 0.1913
vn -0.9658 -0.1964 0.1693
vn -0.9658 -0.2151 0.1449
vn -0.9658 -0.0077 0.2592
vn -0.9658 -0.0383 0.2564
vn -0.9658 0.1384 0.2192
vn -0.9658 0.1115 0.2341
vn -0.9658 0.0830 0.2456
vn -0.9658 0.0534 0.2537
vn -0.9658 0.2373 0.1045
vn -0.9658 0.2233 0.1319
vn -0.7065 0.6769 -0.2067
vn -0.9658 0.2552 -0.0459
vn -0.9658 0.2480 -0.0757
vn -0.7065 0.6477 -0.2853
vn -0.9658 0.2373 -0.1045
vn -0.7065 0.6094 -0.3599
vn -0.2580 0.8319 -0.4913
vn -0.2584 0.7678 -0.5862
vn -0.7065 0.4459 -0.5496
vn -0.9658 0.1860 -0.1806
vn -0.9658 0.1634 -0.2013
vn -0.7065 0.3778 -0.5985
vn -0.2584 0.5157 -0.8169
vn -0.2584 0.4154 -0.8722
vn -0.7065 0.0628 -0.7049
vn -0.9658 0.0534 -0.2537
vn -0.9658 0.0230 -0.2583
vn -0.7065 -0.0210 -0.7074
vn -0.9658 0.0230 -0.2582
vn -0.9658 -0.0077 -0.2592
vn -0.7064 -0.0210 -0.7075
vn -0.7064 -0.1045 -0.7000
vn -0.2584 -0.1426 -0.9554
vn -0.2585 -0.2545 -0.9319
vn -0.7065 -0.3417 -0.6198
vn -0.9658 -0.0974 -0.2403
vn -0.9658 -0.1252 -0.2271
vn -0.7065 -0.4126 -0.5750
vn -0.2582 -0.5632 -0.7849
vn -0.2585 -0.6520 -0.7128
vn -0.7065 -0.6879 -0.1662
vn -0.7065 -0.6634 -0.2464
vn -0.7065 -0.6635 -0.2464
vn -0.7065 -0.6297 -0.3232
vn -0.7065 -0.7027 0.0837
vn -0.9658 -0.2593 -0.0000
vn -0.9658 -0.2575 0.0307
vn -0.7065 -0.7028 0.0837
vn -0.7065 -0.6879 0.1662
vn -0.2584 -0.9390 0.2269
vn -0.2584 -0.9056 0.3364
vn -0.7065 -0.4126 0.5750
vn -0.7064 -0.4126 0.5751
vn -0.7064 -0.4777 0.5222
vn -0.7065 -0.4777 0.5222
vn -0.7065 -0.5361 0.4620
vn -0.7065 -0.1866 0.6827
vn -0.9658 -0.0974 0.2403
vn -0.9658 -0.0683 0.2501
vn -0.7065 -0.1045 0.7000
vn -0.2584 -0.1426 0.9554
vn -0.2584 -0.0286 0.9656
vn -0.7065 0.3778 0.5985
vn -0.7065 0.3778 0.5984
vn -0.7065 0.3044 0.6389
vn -0.7064 0.3044 0.6390
vn -0.7064 0.2267 0.6705
vn -0.7065 0.2267 0.6704
vn -0.7065 0.5625 0.4294
vn -0.9658 0.1860 0.1806
vn -0.9658 0.2061 0.1573
vn -0.7065 0.5625 0.4295
vn -0.7065 0.6094 0.3599
vn -0.2584 0.8318 0.4913
vn -0.2584 0.8841 0.3894
vn -0.7065 0.6966 0.1252
vn -0.9658 0.2480 0.0757
vn -0.9658 0.2552 0.0459
vn -0.7064 0.6966 0.1252
vn -0.7064 0.7065 0.0419
vn -0.2584 0.9643 -0.0572
vn -0.2585 0.9643 -0.0572
vn -0.7065 0.7065 -0.0419
vn -0.7065 0.7065 0.0419
vn -0.7065 0.6966 -0.1252
vn -0.7064 0.6966 -0.1252
vn -0.2584 0.9508 -0.1709
vn -0.2584 0.8318 -0.4913
vn -0.2584 0.8841 -0.3894
vn -0.2585 0.8840 -0.3894
vn -0.2584 0.8841 -0.3895
vn -0.2584 0.9239 -0.2821
vn -0.2585 0.9239 -0.2821
vn -0.2584 0.9239 -0.2822
vn -0.2585 0.7678 -0.5862
vn -0.2584 0.7679 -0.5862
vn -0.7065 0.5625 -0.4295
vn -0.7065 0.5078 -0.4930
vn -0.2584 0.6931 -0.6729
vn -0.2585 0.6931 -0.6729
vn -0.2585 0.5157 -0.8169
vn -0.2585 0.6087 -0.7502
vn -0.2584 0.6087 -0.7501
vn -0.2585 0.6087 -0.7501
vn -0.7065 0.3778 -0.5984
vn -0.7065 0.3044 -0.6389
vn -0.2585 0.4155 -0.8721
vn -0.2584 0.4155 -0.8721
vn -0.2584 0.3094 -0.9152
vn -0.7065 0.2267 -0.6705
vn -0.7064 0.2267 -0.6705
vn -0.2585 0.3094 -0.9151
vn -0.7065 0.1458 -0.6925
vn -0.2584 0.1990 -0.9453
vn -0.2585 -0.1426 -0.9554
vn -0.2584 -0.0286 -0.9656
vn -0.2584 0.0858 -0.9622
vn -0.2585 0.0858 -0.9622
vn -0.2584 -0.2546 -0.9319
vn -0.7065 -0.1045 -0.7000
vn -0.9658 -0.0077 -0.2591
vn -0.7065 -0.2660 -0.6558
vn -0.7065 -0.2660 -0.6559
vn -0.2584 -0.3631 -0.8952
vn -0.2584 -0.5632 -0.7849
vn -0.2584 -0.4664 -0.8460
vn -0.2582 -0.4664 -0.8460
vn -0.2585 -0.3631 -0.8952
vn -0.2584 -0.6521 -0.7128
vn -0.2584 -0.7318 -0.6307
vn -0.7065 -0.5361 -0.4620
vn -0.2585 -0.7318 -0.6306
vn -0.2584 -0.7318 -0.6306
vn -0.9658 -0.2151 -0.1449
vn -0.7065 -0.5870 -0.3954
vn -0.2585 -0.8012 -0.5397
vn -0.2584 -0.8012 -0.5397
vn -0.2584 -0.9056 -0.3364
vn -0.2585 -0.9056 -0.3364
vn -0.2585 -0.8594 -0.4411
vn -0.2584 -0.8594 -0.4411
vn -0.7065 -0.7027 -0.0837
vn -0.7065 -0.7028 -0.0837
vn -0.7065 -0.7077 -0.0000
vn -0.2583 -0.9661 -0.0000
vn -0.2584 -0.9593 0.1143
vn -0.7065 -0.6634 0.2464
vn -0.2585 -0.9056 0.3364
vn -0.2585 -0.8594 0.4411
vn -0.7065 -0.6297 0.3232
vn -0.2584 -0.8594 0.4411
vn -0.9658 -0.2150 0.1448
vn -0.7065 -0.5870 0.3954
vn -0.2584 -0.8012 0.5397
vn -0.2585 -0.8012 0.5397
vn -0.2585 -0.5632 0.7849
vn -0.2585 -0.6520 0.7128
vn -0.2584 -0.6521 0.7128
vn -0.2584 -0.7318 0.6307
vn -0.2585 -0.7318 0.6306
vn -0.7065 -0.3417 0.6198
vn -0.2585 -0.4664 0.8460
vn -0.7065 -0.2660 0.6559
vn -0.7065 -0.2660 0.6558
vn -0.2584 -0.3631 0.8952
vn -0.2585 -0.3631 0.8952
vn -0.2585 -0.1426 0.9554
vn -0.2585 -0.2545 0.9319
vn -0.2584 -0.2546 0.9319
vn -0.7064 -0.1045 0.7000
vn -0.7064 -0.0210 0.7075
vn -0.2584 0.0858 0.9622
vn -0.7065 0.0628 0.7049
vn -0.2585 0.0858 0.9622
vn -0.7065 0.1458 0.6925
vn -0.2584 0.1990 0.9453
vn -0.2584 0.5157 0.8169
vn -0.2584 0.4154 0.8722
vn -0.2585 0.4155 0.8721
vn -0.2584 0.4155 0.8721
vn -0.2584 0.3094 0.9151
vn -0.2584 0.3094 0.9152
vn -0.7065 0.4459 0.5496
vn -0.2585 0.6087 0.7501
vn -0.2584 0.6087 0.7501
vn -0.7065 0.5078 0.4930
vn -0.2584 0.6931 0.6729
vn -0.2585 0.6931 0.6729
vn -0.2585 0.8318 0.4912
vn -0.2584 0.7679 0.5862
vn -0.2585 0.7678 0.5862
vn -0.2585 0.8840 0.3894
vn -0.2584 0.8841 0.3895
vn -0.7065 0.6769 0.2067
vn -0.2585 0.9239 0.2821
vn -0.2584 0.9239 0.2821
vn -0.2584 0.9643 0.0572
vn -0.2585 0.9643 0.0572
vn -0.2584 0.9508 0.1709
vn -0.2584 0.9239 0.2822
vn 0.8868 0.4439 -0.1286
vn 0.8868 0.4321 -0.1638
vn 0.8868 0.4321 -0.1639
vn 0.8868 0.4175 -0.1981
vn 0.8868 0.4002 -0.2311
vn 0.8868 0.4002 -0.2310
vn 0.8868 0.3803 -0.2625
vn 0.8868 0.3579 -0.2922
vn 0.8868 0.3580 -0.2923
vn 0.8868 0.3333 -0.3201
vn 0.8868 0.3064 -0.3459
vn 0.8868 0.2776 -0.3694
vn 0.8868 0.2470 -0.3905
vn 0.8868 0.2470 -0.3906
vn 0.8868 0.2148 -0.4092
vn 0.8868 0.1811 -0.4251
vn 0.8868 0.1463 -0.4383
vn 0.8868 0.1106 -0.4486
vn 0.8868 0.1106 -0.4487
vn 0.8868 0.0741 -0.4562
vn 0.8868 0.0741 -0.4561
vn 0.8868 0.0372 -0.4606
vn 0.8868 0.0372 -0.4607
vn 0.8868 -0.0000 -0.4621
vn 0.8868 -0.0372 -0.4606
vn 0.8868 -0.0372 -0.4607
vn 0.8868 -0.0741 -0.4561
vn 0.8868 -0.0741 -0.4562
vn 0.8868 -0.1106 -0.4487
vn 0.8868 -0.1106 -0.4486
vn 0.8868 -0.1463 -0.4383
vn 0.8868 -0.1811 -0.4251
vn 0.8868 -0.2148 -0.4092
vn 0.8868 -0.2470 -0.3906
vn 0.8868 -0.2147 -0.4092
vn 0.8868 -0.2470 -0.3905
vn 0.8868 -0.2776 -0.3694
vn 0.8868 -0.3064 -0.3459
vn 0.8868 -0.3333 -0.3201
vn 0.8868 -0.3579 -0.2922
vn 0.8868 -0.3580 -0.2923
vn 0.8868 -0.3803 -0.2625
vn 0.8868 -0.4002 -0.2310
vn 0.8868 -0.4002 -0.2311
vn 0.8868 -0.4175 -0.1981
vn 0.8868 -0.4321 -0.1639
vn 0.8868 -0.4321 -0.1638
vn 0.8868 -0.4439 -0.1286
vn 0.8868 -0.4438 -0.1286
vn 0.8868 -0.4528 -0.0924
vn 0.8868 -0.4527 -0.0924
vn 0.8868 -0.4587 -0.0557
vn 0.8868 -0.4617 -0.0186
vn 0.8868 -0.4617 0.0186
vn 0.8868 -0.4587 0.0557
vn 0.8868 -0.4527 0.0924
vn 0.8868 -0.4528 0.0924
vn 0.8868 -0.4438 0.1286
vn 0.8868 -0.4439 0.1286
vn 0.8868 -0.4321 0.1638
vn 0.8868 -0.4321 0.1639
vn 0.8868 -0.4175 0.1981
vn 0.8868 -0.4002 0.2311
vn 0.8868 -0.4002 0.2310
vn 0.8868 -0.3803 0.2625
vn 0.8868 -0.3579 0.2922
vn 0.8868 -0.3580 0.2923
vn 0.8868 -0.3333 0.3201
vn 0.8868 -0.3064 0.3459
vn 0.8868 -0.2776 0.3694
vn 0.8868 -0.2470 0.3905
vn 0.8868 -0.2470 0.3906
vn 0.8868 -0.2148 0.4092
vn 0.8868 -0.1811 0.4251
vn 0.8868 -0.1463 0.4383
vn 0.8868 -0.1106 0.4486
vn 0.8868 -0.1106 0.4487
vn 0.8868 -0.0741 0.4562
vn 0.8868 -0.0741 0.4561
vn 0.8868 -0.0372 0.4606
vn 0.8868 -0.0372 0.4607
vn 0.8868 -0.0000 0.4621
vn 0.8868 0.0372 0.4606
vn 0.8868 0.0372 0.4607
vn 0.8868 0.0741 0.4561
vn 0.8868 0.0741 0.4562
vn 0.8868 0.1106 0.4487
vn 0.8868 0.1106 0.4486
vn 0.8868 0.1463 0.4383
vn 0.8868 0.1811 0.4251
vn 0.8868 0.2148 0.4092
vn 0.8868 0.2470 0.3906
vn 0.8868 0.2147 0.4092
vn 0.8868 0.2470 0.3905
vn 0.8868 0.2776 0.3694
vn 0.8868 0.3064 0.3459
vn 0.8868 0.3333 0.3201
vn 0.8868 0.3579 0.2922
vn 0.8868 0.3580 0.2923
vn 0.8868 0.3803 0.2625
vn 0.8868 0.4002 0.2310
vn 0.8868 0.4002 0.2311
vn 0.8868 0.4175 0.1981
vn 0.8868 0.4321 0.1639
vn 0.8868 0.4321 0.1638
vn 0.8868 0.4439 0.1286
vn 0.8868 0.4438 0.1286
vn 0.8868 0.4528 0.0924
vn 0.8868 0.4527 0.0924
vn 0.8868 0.4587 0.0557
vn 0.8868 0.4617 0.0186
vn 0.8868 0.4617 -0.0186
vn 0.8868 0.4587 -0.0557
vn 0.8868 0.4527 -0.0924
vn 0.8868 0.4528 -0.0924
vn 0.8868 0.4438 -0.1286
vn 0.6085 0.7929 0.0320
vn 0.6085 0.7929 -0.0320
vn 0.6085 0.7878 -0.0956
vn 0.6085 0.7878 -0.0957
vn 0.6085 0.7775 -0.1587
vn 0.6085 0.7622 -0.2208
vn 0.6085 0.7420 -0.2814
vn 0.6083 0.7421 -0.2815
vn 0.6085 0.7169 -0.3402
vn 0.6084 0.7170 -0.3402
vn 0.6084 0.6873 -0.3968
vn 0.6085 0.6872 -0.3968
vn 0.6085 0.6531 -0.4508
vn 0.6085 0.6147 -0.5019
vn 0.6082 0.6149 -0.5020
vn 0.6083 0.5724 -0.5498
vn 0.6084 0.5723 -0.5498
vn 0.6084 0.5263 -0.5940
vn 0.6085 0.5262 -0.5940
vn 0.6085 0.4767 -0.6344
vn 0.6084 0.4768 -0.6344
vn 0.6084 0.4241 -0.6707
vn 0.6085 0.4241 -0.6707
vn 0.6085 0.3688 -0.7026
vn 0.6085 0.3688 -0.7027
vn 0.6085 0.3111 -0.7301
vn 0.6085 0.3110 -0.7300
vn 0.6085 0.2513 -0.7527
vn 0.6085 0.2513 -0.7528
vn 0.6084 0.1899 -0.7705
vn 0.6085 0.1899 -0.7705
vn 0.6085 0.1273 -0.7833
vn 0.6085 0.0639 -0.7910
vn 0.6085 -0.0000 -0.7935
vn 0.6085 -0.0639 -0.7910
vn 0.6085 -0.1273 -0.7833
vn 0.6085 -0.1899 -0.7705
vn 0.6084 -0.1899 -0.7705
vn 0.6085 -0.2513 -0.7527
vn 0.6085 -0.3110 -0.7300
vn 0.6085 -0.3111 -0.7301
vn 0.6085 -0.3688 -0.7027
vn 0.6085 -0.3688 -0.7026
vn 0.6085 -0.4241 -0.6707
vn 0.6084 -0.4242 -0.6707
vn 0.6084 -0.4768 -0.6344
vn 0.6085 -0.4767 -0.6344
vn 0.6085 -0.5262 -0.5940
vn 0.6084 -0.5263 -0.5940
vn 0.6084 -0.5724 -0.5497
vn 0.6083 -0.5724 -0.5498
vn 0.6086 -0.6146 -0.5018
vn 0.6085 -0.6147 -0.5019
vn 0.6085 -0.6531 -0.4508
vn 0.6085 -0.6872 -0.3968
vn 0.6084 -0.6873 -0.3968
vn 0.6084 -0.7170 -0.3402
vn 0.6086 -0.7169 -0.3402
vn 0.6086 -0.7419 -0.2814
vn 0.6085 -0.7420 -0.2814
vn 0.6085 -0.7622 -0.2208
vn 0.6085 -0.7775 -0.1587
vn 0.6085 -0.7878 -0.0956
vn 0.6085 -0.7878 -0.0957
vn 0.6085 -0.7929 -0.0320
vn 0.6085 -0.7929 0.0320
vn 0.6085 -0.7878 0.0956
vn 0.6085 -0.7878 0.0957
vn 0.6085 -0.7775 0.1587
vn 0.6085 -0.7622 0.2208
vn 0.6085 -0.7420 0.2814
vn 0.6083 -0.7421 0.2815
vn 0.6085 -0.7169 0.3402
vn 0.6084 -0.7170 0.3402
vn 0.6084 -0.6873 0.3968
vn 0.6085 -0.6872 0.3968
vn 0.6085 -0.6531 0.4508
vn 0.6085 -0.6147 0.5019
vn 0.6082 -0.6149 0.5020
vn 0.6083 -0.5724 0.5498
vn 0.6084 -0.5723 0.5498
vn 0.6084 -0.5263 0.5940
vn 0.6085 -0.5262 0.5940
vn 0.6085 -0.4768 0.6344
vn 0.6084 -0.4768 0.6344
vn 0.6084 -0.4241 0.6707
vn 0.6085 -0.4241 0.6707
vn 0.6085 -0.3688 0.7026
vn 0.6085 -0.3688 0.7027
vn 0.6085 -0.3111 0.7301
vn 0.6085 -0.3110 0.7300
vn 0.6085 -0.2513 0.7527
vn 0.6085 -0.2513 0.7528
vn 0.6084 -0.1899 0.7705
vn 0.6085 -0.1899 0.7705
vn 0.6085 -0.1273 0.7833
vn 0.6085 -0.0639 0.7910
vn 0.6085 -0.0000 0.7935
vn 0.6085 0.0639 0.7910
vn 0.6085 0.1273 0.7833
vn 0.6085 0.1899 0.7705
vn 0.6084 0.1899 0.7705
vn 0.6085 0.2513 0.7527
vn 0.6085 0.3110 0.7300
vn 0.6085 0.3111 0.7301
vn 0.6085 0.3688 0.7027
vn 0.6085 0.3688 0.7026
vn 0.6085 0.4241 0.6707
vn 0.6084 0.4242 0.6707
vn 0.6084 0.4768 0.6344
vn 0.6085 0.4767 0.6344
vn 0.6085 0.5262 0.5940
vn 0.6084 0.5263 0.5940
vn 0.6084 0.5724 0.5497
vn 0.6083 0.5724 0.5498
vn 0.6086 0.6146 0.5018
vn 0.6085 0.6147 0.5019
vn 0.6085 0.6531 0.4508
vn 0.6085 0.6872 0.3968
vn 0.6084 0.6873 0.3968
vn 0.6084 0.7170 0.3402
vn 0.6086 0.7169 0.3402
vn 0.6086 0.7419 0.2814
vn 0.6085 0.7420 0.2814
vn 0.6085 0.7622 0.2208
vn 0.6085 0.7775 0.1587
vn 0.6085 0.7878 0.0956
vn 0.6085 0.7878 0.0957
vn 0.2163 0.9755 0.0393
vn 0.2163 0.9755 -0.0393
vn 0.2163 0.9692 -0.1177
vn 0.2162 0.9692 -0.1177
vn 0.2162 0.9566 -0.1953
vn 0.2162 0.9378 -0.2716
vn 0.2163 0.9378 -0.2716
vn 0.2163 0.9129 -0.3462
vn 0.2162 0.9129 -0.3462
vn 0.2162 0.8821 -0.4186
vn 0.2163 0.8821 -0.4186
vn 0.2163 0.8455 -0.4882
vn 0.2162 0.8455 -0.4882
vn 0.2163 0.8035 -0.5546
vn 0.2162 0.8035 -0.5546
vn 0.2162 0.7563 -0.6175
vn 0.2161 0.7041 -0.6764
vn 0.2163 0.7041 -0.6763
vn 0.2163 0.6474 -0.7308
vn 0.2164 0.6474 -0.7308
vn 0.2164 0.5865 -0.7805
vn 0.2163 0.5865 -0.7805
vn 0.2163 0.5218 -0.8252
vn 0.2162 0.5218 -0.8252
vn 0.2162 0.4537 -0.8645
vn 0.2162 0.3827 -0.8982
vn 0.2163 0.3827 -0.8982
vn 0.2163 0.3092 -0.9261
vn 0.2163 0.2337 -0.9480
vn 0.2162 0.2337 -0.9480
vn 0.2162 0.1566 -0.9637
vn 0.2163 0.1566 -0.9637
vn 0.2163 0.0786 -0.9732
vn 0.2163 -0.0000 -0.9763
vn 0.2163 -0.0786 -0.9732
vn 0.2163 -0.1566 -0.9637
vn 0.2162 -0.1566 -0.9637
vn 0.2163 -0.2337 -0.9480
vn 0.2163 -0.2336 -0.9480
vn 0.2163 -0.3092 -0.9261
vn 0.2163 -0.3827 -0.8982
vn 0.2162 -0.4537 -0.8645
vn 0.2162 -0.5218 -0.8252
vn 0.2163 -0.5218 -0.8252
vn 0.2163 -0.5865 -0.7805
vn 0.2164 -0.5865 -0.7805
vn 0.2164 -0.6474 -0.7308
vn 0.2163 -0.6474 -0.7308
vn 0.2163 -0.7041 -0.6763
vn 0.2161 -0.7042 -0.6763
vn 0.2162 -0.7563 -0.6175
vn 0.2166 -0.7562 -0.6174
vn 0.2162 -0.8035 -0.5546
vn 0.2163 -0.8035 -0.5546
vn 0.2162 -0.8455 -0.4882
vn 0.2163 -0.8455 -0.4882
vn 0.2163 -0.8821 -0.4186
vn 0.2162 -0.8821 -0.4186
vn 0.2162 -0.9129 -0.3462
vn 0.2163 -0.9129 -0.3462
vn 0.2163 -0.9378 -0.2716
vn 0.2162 -0.9378 -0.2716
vn 0.2162 -0.9566 -0.1953
vn 0.2162 -0.9692 -0.1177
vn 0.2163 -0.9692 -0.1177
vn 0.2163 -0.9755 -0.0393
vn 0.2163 -0.9755 0.0393
vn 0.2163 -0.9692 0.1177
vn 0.2162 -0.9692 0.1177
vn 0.2162 -0.9566 0.1953
vn 0.2162 -0.9378 0.2716
vn 0.2163 -0.9378 0.2716
vn 0.2163 -0.9129 0.3462
vn 0.2162 -0.9129 0.3462
vn 0.2162 -0.8821 0.4186
vn 0.2163 -0.8821 0.4186
vn 0.2163 -0.8455 0.4882
vn 0.2162 -0.8455 0.4882
vn 0.2163 -0.8035 0.5546
vn 0.2162 -0.8035 0.5546
vn 0.2162 -0.7563 0.6175
vn 0.2161 -0.7041 0.6764
vn 0.2163 -0.7041 0.6763
vn 0.2163 -0.6474 0.7308
vn 0.2164 -0.6474 0.7308
vn 0.2164 -0.5865 0.7805
vn 0.2163 -0.5865 0.7805
vn 0.2163 -0.5218 0.8252
vn 0.2162 -0.5218 0.8252
vn 0.2162 -0.4537 0.8645
vn 0.2162 -0.3827 0.8982
vn 0.2163 -0.3827 0.8982
vn 0.2163 -0.3092 0.9261
vn 0.2163 -0.2337 0.9480
vn 0.2162 -0.2337 0.9480
vn 0.2162 -0.1566 0.9637
vn 0.2163 -0.1566 0.9637
vn 0.2163 -0.0786 0.9732
vn 0.2163 -0.0000 0.9763
vn 0.2163 0.0786 0.9732
vn 0.2163 0.1566 0.9637
vn 0.2162 0.1566 0.9637
vn 0.2163 0.2337 0.9480
vn 0.2163 0.2336 0.9480
vn 0.2163 0.3092 0.9261
vn 0.2163 0.3827 0.8982
vn 0.2162 0.4537 0.8645
vn 0.2162 0.5218 0.8252
vn 0.2163 0.5218 0.8252
vn 0.2163 0.5865 0.7805
vn 0.2164 0.5865 0.7805
vn 0.2164 0.6474 0.7308
vn 0.2163 0.6474 0.7308
vn 0.2163 0.7041 0.6763
vn 0.2161 0.7042 0.6763
vn 0.2162 0.7563 0.6175
vn 0.2166 0.7562 0.6174
vn 0.2162 0.8035 0.5546
vn 0.2163 0.8035 0.5546
vn 0.2162 0.8455 0.4882
vn 0.2163 0.8455 0.4882
vn 0.2163 0.8821 0.4186
vn 0.2162 0.8821 0.4186
vn 0.2162 0.9129 0.3462
vn 0.2163 0.9129 0.3462
vn 0.2163 0.9378 0.2716
vn 0.2162 0.9378 0.2716
vn 0.2162 0.9566 0.1953
vn 0.2162 0.9692 0.1177
vn 0.2163 0.9692 0.1177
vn -0.2587 0.9652 0.0389
vn -0.2587 0.9652 -0.0389
vn -0.2586 0.9652 -0.0389
vn -0.2586 0.9589 -0.1164
vn -0.2586 0.9465 -0.1932
vn -0.2586 0.9279 -0.2688
vn -0.2586 0.9278 -0.2688
vn -0.2586 0.9032 -0.3425
vn -0.2586 0.8727 -0.4141
vn -0.2587 0.8727 -0.4141
vn -0.2587 0.8365 -0.4830
vn -0.2587 0.7950 -0.5487
vn -0.2585 0.7950 -0.5487
vn -0.2585 0.7483 -0.6109
vn -0.2586 0.7483 -0.6109
vn -0.2585 0.6967 -0.6692
vn -0.2586 0.6967 -0.6692
vn -0.2586 0.6406 -0.7230
vn -0.2588 0.6405 -0.7230
vn -0.2588 0.5803 -0.7722
vn -0.2586 0.5803 -0.7722
vn -0.2586 0.5163 -0.8164
vn -0.2586 0.4489 -0.8553
vn -0.2585 0.4489 -0.8554
vn -0.2585 0.3787 -0.8887
vn -0.2587 0.3786 -0.8887
vn -0.2587 0.3059 -0.9163
vn -0.2586 0.3059 -0.9163
vn -0.2586 0.2312 -0.9379
vn -0.2587 0.2312 -0.9379
vn -0.2586 0.1550 -0.9535
vn -0.2587 0.1550 -0.9535
vn -0.2587 0.0777 -0.9628
vn -0.2586 0.0777 -0.9628
vn -0.2586 -0.0000 -0.9660
vn -0.2587 -0.0777 -0.9628
vn -0.2587 -0.1550 -0.9535
vn -0.2586 -0.1550 -0.9535
vn -0.2587 -0.2312 -0.9379
vn -0.2585 -0.2312 -0.9379
vn -0.2586 -0.3059 -0.9163
vn -0.2587 -0.3059 -0.9163
vn -0.2587 -0.3786 -0.8887
vn -0.2588 -0.3786 -0.8886
vn -0.2585 -0.4489 -0.8554
vn -0.2586 -0.4489 -0.8553
vn -0.2586 -0.5163 -0.8164
vn -0.2586 -0.5803 -0.7723
vn -0.2588 -0.5803 -0.7722
vn -0.2588 -0.6405 -0.7230
vn -0.2586 -0.6406 -0.7230
vn -0.2586 -0.6967 -0.6692
vn -0.2586 -0.7483 -0.6109
vn -0.2585 -0.7483 -0.6109
vn -0.2585 -0.7950 -0.5488
vn -0.2587 -0.7950 -0.5487
vn -0.2587 -0.8365 -0.4830
vn -0.2587 -0.8727 -0.4141
vn -0.2586 -0.8727 -0.4141
vn -0.2586 -0.9032 -0.3425
vn -0.2587 -0.9032 -0.3425
vn -0.2586 -0.9278 -0.2688
vn -0.2586 -0.9279 -0.2688
vn -0.2586 -0.9465 -0.1932
vn -0.2586 -0.9589 -0.1164
vn -0.2586 -0.9652 -0.0389
vn -0.2587 -0.9652 -0.0389
vn -0.2587 -0.9652 0.0389
vn -0.2586 -0.9652 0.0389
vn -0.2586 -0.9589 0.1164
vn -0.2586 -0.9465 0.1932
vn -0.2586 -0.9279 0.2688
vn -0.2586 -0.9278 0.2688
vn -0.2586 -0.9032 0.3425
vn -0.2586 -0.8727 0.4141
vn -0.2587 -0.8727 0.4141
vn -0.2587 -0.8365 0.4830
vn -0.2587 -0.7950 0.5487
vn -0.2585 -0.7950 0.5487
vn -0.2585 -0.7483 0.6109
vn -0.2586 -0.7483 0.6109
vn -0.2585 -0.6967 0.6692
vn -0.2586 -0.6967 0.6692
vn -0.2586 -0.6406 0.7230
vn -0.2588 -0.6405 0.7230
vn -0.2588 -0.5803 0.7722
vn -0.2586 -0.5803 0.7722
vn -0.2586 -0.5163 0.8164
vn -0.2586 -0.4489 0.8553
vn -0.2585 -0.4489 0.8554
vn -0.2585 -0.3787 0.8887
vn -0.2587 -0.3786 0.8887
vn -0.2587 -0.3059 0.9163
vn -0.2586 -0.3059 0.9163
vn -0.2586 -0.2312 0.9379
vn -0.2587 -0.2312 0.9379
vn -0.2586 -0.1550 0.9535
vn -0.2587 -0.1550 0.9535
vn -0.2587 -0.0777 0.9628
vn -0.2586 -0.0777 0.9628
vn -0.2586 -0.0000 0.9660
vn -0.2587 0.0777 0.9628
vn -0.2587 0.1550 0.9535
vn -0.2586 0.1550 0.9535
vn -0.2587 0.2312 0.9379
vn -0.2585 0.2312 0.9379
vn -0.2586 0.3059 0.9163
vn -0.2587 0.3059 0.9163
vn -0.2587 0.3786 0.8887
vn -0.2588 0.3786 0.8886
vn -0.2585 0.4489 0.8554
vn -0.2586 0.4489 0.8553
vn -0.2586 0.5163 0.8164
vn -0.2586 0.5803 0.7723
vn -0.2588 0.5803 0.7722
vn -0.2588 0.6405 0.7230
vn -0.2586 0.6406 0.7230
vn -0.2586 0.6967 0.6692
vn -0.2586 0.7483 0.6109
vn -0.2585 0.7483 0.6109
vn -0.2585 0.7950 0.5488
vn -0.2587 0.7950 0.5487
vn -0.2587 0.8365 0.4830
vn -0.2587 0.8727 0.4141
vn -0.2586 0.8727 0.4141
vn -0.2586 0.9032 0.3425
vn -0.2587 0.9032 0.3425
vn -0.2586 0.9278 0.2688
vn -0.2586 0.9279 0.2688
vn -0.2586 0.9465 0.1932
vn -0.2586 0.9589 0.1164
vn -0.2586 0.9652 0.0389
vn -0.7068 0.7068 0.0285
vn -0.7068 0.7068 -0.0285
vn -0.7069 0.7067 -0.0285
vn -0.7067 0.7024 -0.0853
vn -0.7069 0.7021 -0.0853
vn -0.7069 0.6930 -0.1415
vn -0.7067 0.6932 -0.1415
vn -0.7067 0.6795 -0.1968
vn -0.7069 0.6794 -0.1968
vn -0.7069 0.6613 -0.2508
vn -0.7067 0.6392 -0.3033
vn -0.7069 0.6390 -0.3032
vn -0.7069 0.6125 -0.3537
vn -0.7069 0.6126 -0.3537
vn -0.7069 0.5821 -0.4018
vn -0.7069 0.5479 -0.4474
vn -0.7068 0.5479 -0.4474
vn -0.7068 0.5102 -0.4900
vn -0.7068 0.4691 -0.5295
vn -0.7069 0.4249 -0.5655
vn -0.7069 0.4249 -0.5654
vn -0.7069 0.3780 -0.5978
vn -0.7068 0.3781 -0.5979
vn -0.7068 0.3287 -0.6264
vn -0.7067 0.3288 -0.6265
vn -0.7069 0.2772 -0.6507
vn -0.7069 0.2773 -0.6507
vn -0.7069 0.2240 -0.6709
vn -0.7069 0.1693 -0.6867
vn -0.7068 0.1693 -0.6868
vn -0.7068 0.1135 -0.6982
vn -0.7069 0.1135 -0.6982
vn -0.7069 0.0569 -0.7050
vn -0.7069 -0.0000 -0.7074
vn -0.7069 -0.0000 -0.7073
vn -0.7069 -0.0569 -0.7051
vn -0.7069 -0.0569 -0.7050
vn -0.7069 -0.1135 -0.6982
vn -0.7068 -0.1135 -0.6982
vn -0.7068 -0.1693 -0.6868
vn -0.7069 -0.1693 -0.6867
vn -0.7069 -0.2240 -0.6709
vn -0.7069 -0.2773 -0.6507
vn -0.7069 -0.2772 -0.6507
vn -0.7069 -0.3287 -0.6263
vn -0.7068 -0.3287 -0.6263
vn -0.7068 -0.3781 -0.5979
vn -0.7069 -0.3780 -0.5978
vn -0.7069 -0.4249 -0.5654
vn -0.7068 -0.4249 -0.5655
vn -0.7068 -0.4691 -0.5295
vn -0.7068 -0.5102 -0.4900
vn -0.7069 -0.5101 -0.4900
vn -0.7068 -0.5479 -0.4474
vn -0.7069 -0.5479 -0.4474
vn -0.7069 -0.5821 -0.4018
vn -0.7069 -0.6126 -0.3537
vn -0.7069 -0.6125 -0.3537
vn -0.7069 -0.6390 -0.3032
vn -0.7069 -0.6613 -0.2508
vn -0.7069 -0.6794 -0.1968
vn -0.7070 -0.6793 -0.1968
vn -0.7070 -0.6929 -0.1415
vn -0.7069 -0.6930 -0.1415
vn -0.7069 -0.7021 -0.0853
vn -0.7069 -0.7067 -0.0285
vn -0.7068 -0.7068 -0.0285
vn -0.7068 -0.7068 0.0285
vn -0.7069 -0.7067 0.0285
vn -0.7067 -0.7024 0.0853
vn -0.7069 -0.7021 0.0853
vn -0.7069 -0.6930 0.1415
vn -0.7067 -0.6932 0.1415
vn -0.7067 -0.6795 0.1968
vn -0.7069 -0.6794 0.1968
vn -0.7069 -0.6613 0.2508
vn -0.7067 -0.6392 0.3033
vn -0.7069 -0.6390 0.3032
vn -0.7069 -0.6125 0.3537
vn -0.7069 -0.6126 0.3537
vn -0.7069 -0.5821 0.4018
vn -0.7069 -0.5479 0.4474
vn -0.7068 -0.5479 0.4474
vn -0.7068 -0.5102 0.4900
vn -0.7068 -0.4691 0.5295
vn -0.7069 -0.4249 0.5655
vn -0.7069 -0.4249 0.5654
vn -0.7069 -0.3780 0.5978
vn -0.7068 -0.3781 0.5979
vn -0.7068 -0.3287 0.6264
vn -0.7067 -0.3288 0.6265
vn -0.7069 -0.2772 0.6507
vn -0.7069 -0.2773 0.6507
vn -0.7069 -0.2240 0.6709
vn -0.7069 -0.1693 0.6867
vn -0.7068 -0.1693 0.6868
vn -0.7068 -0.1135 0.6982
vn -0.7069 -0.1135 0.6982
vn -0.7069 -0.0569 0.7050
vn -0.7069 -0.0000 0.7074
vn -0.7069 -0.0000 0.7073
vn -0.7069 0.0569 0.7051
vn -0.7069 0.0569 0.7050
vn -0.7069 0.1135 0.6982
vn -0.7068 0.1135 0.6982
vn -0.7068 0.1693 0.6868
vn -0.7069 0.1693 0.6867
vn -0.7069 0.2240 0.6709
vn -0.7069 0.2773 0.6507
vn -0.7069 0.2772 0.6507
vn -0.7069 0.3287 0.6263
vn -0.7068 0.3287 0.6263
vn -0.7068 0.3781 0.5979
vn -0.7069 0.3780 0.5978
vn -0.7069 0.4249 0.5654
vn -0.7068 0.4249 0.5655
vn -0.7068 0.4691 0.5295
vn -0.7068 0.5102 0.4900
vn -0.7069 0.5101 0.4900
vn -0.7068 0.5479 0.4474
vn -0.7069 0.5479 0.4474
vn -0.7069 0.5821 0.4018
vn -0.7069 0.6126 0.3537
vn -0.7069 0.6125 0.3537
vn -0.7069 0.6390 0.3032
vn -0.7069 0.6613 0.2508
vn -0.7069 0.6794 0.1968
vn -0.7070 0.6793 0.1968
vn -0.7070 0.6929 0.1415
vn -0.7069 0.6930 0.1415
vn -0.7069 0.7021 0.0853
vn -0.7069 0.7067 0.0285
vn -0.9659 0.2588 0.0104
vn -0.9659 0.2588 -0.0104
vn -0.9659 0.2571 -0.0312
vn -0.9659 0.2572 -0.0312
vn -0.9659 0.2538 -0.0518
vn -0.9659 0.2488 -0.0721
vn -0.9659 0.2489 -0.0721
vn -0.9659 0.2422 -0.0919
vn -0.9659 0.2340 -0.1110
vn -0.9659 0.2341 -0.1111
vn -0.9659 0.2244 -0.1295
vn -0.9659 0.2243 -0.1295
vn -0.9659 0.2132 -0.1471
vn -0.9659 0.2006 -0.1638
vn -0.9659 0.1868 -0.1794
vn -0.9659 0.1718 -0.1939
vn -0.9659 0.1556 -0.2071
vn -0.9659 0.1385 -0.2189
vn -0.9659 0.1384 -0.2189
vn -0.9659 0.1204 -0.2293
vn -0.9659 0.1204 -0.2294
vn -0.9659 0.1015 -0.2383
vn -0.9659 0.0820 -0.2457
vn -0.9659 0.0620 -0.2516
vn -0.9659 0.0620 -0.2515
vn -0.9659 0.0415 -0.2557
vn -0.9659 0.0416 -0.2557
vn -0.9659 0.0208 -0.2582
vn -0.9659 -0.0208 -0.2582
vn -0.9659 -0.0416 -0.2557
vn -0.9659 -0.0620 -0.2515
vn -0.9659 -0.0620 -0.2516
vn -0.9659 -0.0820 -0.2457
vn -0.9659 -0.1015 -0.2383
vn -0.9659 -0.1204 -0.2294
vn -0.9659 -0.1204 -0.2293
vn -0.9659 -0.1384 -0.2189
vn -0.9659 -0.1556 -0.2071
vn -0.9659 -0.1718 -0.1939
vn -0.9659 -0.1868 -0.1794
vn -0.9659 -0.2006 -0.1638
vn -0.9659 -0.2132 -0.1471
vn -0.9659 -0.2243 -0.1295
vn -0.9659 -0.2244 -0.1295
vn -0.9659 -0.2341 -0.1111
vn -0.9659 -0.2340 -0.1110
vn -0.9659 -0.2422 -0.0919
vn -0.9659 -0.2489 -0.0721
vn -0.9659 -0.2488 -0.0721
vn -0.9659 -0.2538 -0.0518
vn -0.9659 -0.2572 -0.0312
vn -0.9659 -0.2571 -0.0312
vn -0.9659 -0.2588 -0.0104
vn -0.9659 -0.2588 0.0104
vn -0.9659 -0.2571 0.0312
vn -0.9659 -0.2572 0.0312
vn -0.9659 -0.2538 0.0518
vn -0.9659 -0.2488 0.0721
vn -0.9659 -0.2489 0.0721
vn -0.9659 -0.2422 0.0919
vn -0.9659 -0.2340 0.1110
vn -0.9659 -0.2341 0.1111
vn -0.9659 -0.2244 0.1295
vn -0.9659 -0.2243 0.1295
vn -0.9659 -0.2132 0.1471
vn -0.9659 -0.2006 0.1638
vn -0.9659 -0.1868 0.1794
vn -0.9659 -0.1718 0.1939
vn -0.9659 -0.1556 0.2071
vn -0.9659 -0.1385 0.2189
vn -0.9659 -0.1384 0.2189
vn -0.9659 -0.1204 0.2293
vn -0.9659 -0.1204 0.2294
vn -0.9659 -0.1015 0.2383
vn -0.9659 -0.0820 0.2457
vn -0.9659 -0.0620 0.2516
vn -0.9659 -0.0620 0.2515
vn -0.9659 -0.0415 0.2557
vn -0.9659 -0.0416 0.2557
vn -0.9659 -0.0208 0.2582
vn -0.9659 0.0208 0.2582
vn -0.9659 0.0416 0.2557
vn -0.9659 0.0620 0.2515
vn -0.9659 0.0620 0.2516
vn -0.9659 0.0820 0.2457
vn -0.9659 0.1015 0.2383
vn -0.9659 0.1204 0.2294
vn -0.9659 0.1204 0.2293
vn -0.9659 0.1384 0.2189
vn -0.9659 0.1556 0.2071
vn -0.9659 0.1718 0.1939
vn -0.9659 0.1868 0.1794
vn -0.9659 0.2006 0.1638
vn -0.9659 0.2132 0.1471
vn -0.9659 0.2243 0.1295
vn -0.9659 0.2244 0.1295
vn -0.9659 0.2341 0.1111
vn -0.9659 0.2340 0.1110
vn -0.9659 0.2422 0.0919
vn -0.9659 0.2489 0.0721
vn -0.9659 0.2488 0.0721
vn -0.9659 0.2538 0.0518
vn -0.9659 0.2572 0.0312
vn -0.9659 0.2571 0.0312
vn -0.0000 0.0848 0.9964
vn -0.0000 0.5600 0.8285
vn -0.0000 0.4877 -0.8730
vn -0.0000 -0.3331 -0.9429
vn -0.0000 -0.9964 -0.0848
vn -0.0000 -0.9677 -0.2520
vn -0.1341 -0.9475 -0.2902
vn -0.0000 -0.9776 -0.2107
vn -0.0000 -0.7507 -0.6607
vn -0.0000 -0.8040 -0.5946
vn -0.0676 -0.8266 -0.5587
vn -0.0000 -0.8515 -0.5243
vn -0.0000 -0.9112 -0.4119
vn -0.1341 -0.8849 -0.4461
vn -0.0000 -0.9279 -0.3729
vn -0.1341 -0.6857 -0.7154
vn -0.0000 -0.7220 -0.6919
vn -0.0000 -0.6282 -0.7780
vn -0.0676 -0.5933 -0.8022
vn -0.0000 -0.5600 -0.8285
vn -0.0000 -0.4502 -0.8929
vn -0.1341 -0.4082 -0.9030
vn -0.0000 -0.4877 -0.8730
vn -0.1341 -0.2497 -0.9590
vn -0.0000 -0.2928 -0.9562
vn -0.0000 -0.1690 -0.9856
vn -0.0676 -0.1267 -0.9896
vn -0.0000 -0.0848 -0.9964
vn -0.0676 0.0423 -0.9968
vn -0.0000 0.0848 -0.9964
vn -0.0000 0.1690 -0.9856
vn -0.0676 0.2102 -0.9753
vn -0.0000 0.2520 -0.9677
vn -0.0000 0.3729 -0.9279
vn -0.1341 0.4082 -0.9030
vn -0.0000 0.3331 -0.9429
vn -0.1341 0.5549 -0.8210
vn -0.0000 0.5243 -0.8515
vn -0.0000 0.6282 -0.7780
vn -0.0676 0.6592 -0.7490
vn -0.0000 0.6919 -0.7220
vn -0.0000 0.7507 -0.6607
vn -0.0676 0.7763 -0.6268
vn -0.0000 0.8040 -0.5946
vn -0.0000 0.8515 -0.5243
vn -0.0676 0.8710 -0.4866
vn -0.0000 0.8929 -0.4502
vn -0.0000 0.9279 -0.3729
vn -0.0676 0.9407 -0.3324
vn -0.0000 0.9562 -0.2928
vn -0.0000 0.9776 -0.2107
vn -0.0676 0.9834 -0.1686
vn -0.0000 0.9919 -0.1270
vn -0.0676 0.9977 -0.0000
vn -0.0000 0.9991 0.0424
vn -0.0000 0.8929 0.4502
vn -0.0000 0.9279 0.3729
vn -0.0676 0.9407 0.3324
vn -0.0000 0.9562 0.2928
vn -0.0000 0.9856 0.1690
vn -0.1341 0.9687 0.2088
vn -0.0000 0.9919 0.1270
vn -0.1341 0.8438 0.5196
vn -0.0000 0.8730 0.4877
vn -0.0000 0.8040 0.5946
vn -0.0676 0.7763 0.6268
vn -0.0000 0.7507 0.6607
vn -0.0000 0.6607 0.7507
vn -0.1341 0.6225 0.7710
vn -0.0000 0.6919 0.7220
vn -0.1341 0.4833 0.8651
vn -0.0000 0.5243 0.8515
vn -0.0000 0.4119 0.9112
vn -0.0676 0.3720 0.9258
vn -0.0000 0.3331 0.9429
vn -0.0000 0.2107 0.9776
vn -0.1341 0.1675 0.9767
vn -0.0000 0.2520 0.9677
vn -0.1341 -0.0000 0.9910
vn -0.0000 0.0424 0.9991
vn -0.0000 -0.0848 0.9964
vn -0.0676 -0.1267 0.9896
vn -0.0000 -0.1690 0.9856
vn -0.0000 -0.2520 0.9677
vn -0.0676 -0.2921 0.9540
vn -0.0000 -0.3331 0.9429
vn -0.0000 -0.4119 0.9112
vn -0.0676 -0.4492 0.8909
vn -0.0000 -0.4877 0.8730
vn -0.0676 -0.7203 0.6904
vn -0.0000 -0.6919 0.7220
vn -0.0000 -0.5946 0.8040
vn -0.1341 -0.6225 0.7710
vn -0.0000 -0.5600 0.8285
vn -0.0000 -0.8929 0.4502
vn -0.0000 -0.8515 0.5243
vn -0.0676 -0.8266 0.5587
vn -0.0000 -0.8040 0.5946
vn -0.0000 -0.7507 0.6607
vn -0.1341 -0.9195 0.3695
vn -0.0000 -0.9112 0.4119
vn -0.0000 -0.9562 0.2928
vn -0.0676 -0.9655 0.2514
vn -0.0000 -0.9776 0.2107
vn -0.1341 -0.9829 -0.1259
vn -0.0000 -0.9991 -0.0424
vn -0.0000 -0.9964 0.0848
vn -0.1341 -0.9901 0.0421
vn -0.0000 -0.9919 0.1270
vt 0.368660 0.062486
vt 0.362964 0.056759
vt 0.387286 0.043758
vt 0.382531 0.037086
vt 0.408480 0.028634
vt 0.404796 0.021198
vt 0.431665 0.017527
vt 0.429151 0.009530
vt 0.456207 0.010739
vt 0.454933 0.002399
vt 0.481437 0.008456
vt 0.481437 0.000000
vt 0.506667 0.010739
vt 0.507942 0.002399
vt 0.531209 0.017527
vt 0.533723 0.009530
vt 0.554394 0.028634
vt 0.558078 0.021198
vt 0.575588 0.043758
vt 0.580343 0.037086
vt 0.594214 0.062486
vt 0.599910 0.056759
vt 0.609764 0.084307
vt 0.616245 0.079682
vt 0.621814 0.108625
vt 0.628903 0.105229
vt 0.630034 0.134778
vt 0.637539 0.132702
vt 0.634201 0.162052
vt 0.641916 0.161354
vt 0.634201 0.189704
vt 0.641916 0.190402
vt 0.630034 0.216978
vt 0.637539 0.219054
vt 0.621814 0.243131
vt 0.628903 0.246527
vt 0.609764 0.267449
vt 0.616245 0.272074
vt 0.594214 0.289270
vt 0.599910 0.294997
vt 0.575588 0.307998
vt 0.580343 0.314671
vt 0.554394 0.323122
vt 0.558079 0.330558
vt 0.531210 0.334229
vt 0.533723 0.342227
vt 0.506667 0.341017
vt 0.507942 0.349357
vt 0.481437 0.343300
vt 0.481437 0.351756
vt 0.456207 0.341017
vt 0.454933 0.349357
vt 0.431665 0.334229
vt 0.429151 0.342227
vt 0.408480 0.323122
vt 0.404796 0.330558
vt 0.387286 0.307998
vt 0.382531 0.314671
vt 0.368660 0.289270
vt 0.362964 0.294997
vt 0.353110 0.267449
vt 0.346629 0.272074
vt 0.341061 0.243131
vt 0.333971 0.246528
vt 0.332840 0.216978
vt 0.325336 0.219054
vt 0.328673 0.189704
vt 0.320958 0.190402
vt 0.328673 0.162052
vt 0.320958 0.161354
vt 0.332840 0.134778
vt 0.325336 0.132703
vt 0.341061 0.108625
vt 0.333971 0.105229
vt 0.353110 0.084307
vt 0.346629 0.079682
vt 0.110707 0.017527
vt 0.108193 0.009530
vt 0.135249 0.010739
vt 0.133975 0.002399
vt 0.160479 0.008456
vt 0.160479 0.000000
vt 0.185709 0.010739
vt 0.186983 0.002399
vt 0.210251 0.017527
vt 0.212765 0.009530
vt 0.233436 0.028634
vt 0.237120 0.021198
vt 0.254630 0.043758
vt 0.259385 0.037086
vt 0.273256 0.062486
vt 0.278952 0.056759
vt 0.288806 0.084307
vt 0.295287 0.079682
vt 0.300855 0.108625
vt 0.307945 0.105229
vt 0.309076 0.134778
vt 0.316581 0.132702
vt 0.313243 0.162052
vt 0.320958 0.161354
vt 0.313243 0.189704
vt 0.320958 0.190402
vt 0.309076 0.216978
vt 0.316581 0.219054
vt 0.300855 0.243131
vt 0.307945 0.246527
vt 0.288806 0.267449
vt 0.295287 0.272074
vt 0.273256 0.289270
vt 0.278952 0.294997
vt 0.254630 0.307998
vt 0.259385 0.314671
vt 0.233436 0.323122
vt 0.237120 0.330558
vt 0.210251 0.334229
vt 0.212765 0.342227
vt 0.185709 0.341017
vt 0.186983 0.349357
vt 0.160479 0.343300
vt 0.160479 0.351756
vt 0.135249 0.341017
vt 0.133975 0.349357
vt 0.110707 0.334229
vt 0.108193 0.342227
vt 0.087522 0.323122
vt 0.083838 0.330558
vt 0.066328 0.307998
vt 0.061573 0.314671
vt 0.047702 0.289270
vt 0.042006 0.294997
vt 0.032152 0.267449
vt 0.025671 0.272074
vt 0.020103 0.243131
vt 0.013013 0.246527
vt 0.011882 0.216978
vt 0.004377 0.219054
vt 0.007715 0.189704
vt 0.000000 0.190402
vt 0.007715 0.162052
vt 0.000000 0.161354
vt 0.011882 0.134778
vt 0.004377 0.132702
vt 0.020103 0.108625
vt 0.013013 0.105229
vt 0.032152 0.084307
vt 0.025671 0.079682
vt 0.047702 0.062486
vt 0.042006 0.056759
vt 0.066328 0.043758
vt 0.061573 0.037086
vt 0.087522 0.028634
vt 0.083838 0.021198
vt 0.089976 0.771141
vt 0.176196 0.799292
vt 0.089683 0.799563
vt 0.176196 0.828313
vt 0.089683 0.828584
vt 0.176489 0.857142
vt 0.089976 0.857413
vt 0.177067 0.884993
vt 0.090554 0.885264
vt 0.177915 0.911106
vt 0.091401 0.911377
vt 0.179008 0.934768
vt 0.092495 0.935039
vt 0.645302 0.000161
vt 0.731825 0.000000
vt 0.730652 0.020850
vt 0.644128 0.021011
vt 0.729704 0.044744
vt 0.643181 0.044906
vt 0.729008 0.071032
vt 0.642485 0.071193
vt 0.728583 0.098995
vt 0.642059 0.099156
vt 0.728440 0.127871
vt 0.641916 0.128032
vt 0.728583 0.156872
vt 0.642059 0.157034
vt 0.729008 0.185208
vt 0.642485 0.185369
vt 0.729704 0.212104
vt 0.643180 0.212266
vt 0.730652 0.236829
vt 0.644128 0.236990
vt 0.731825 0.258707
vt 0.645302 0.258868
vt 0.735135 0.000000
vt 0.821667 0.000164
vt 0.820520 0.022061
vt 0.733988 0.021897
vt 0.819593 0.046801
vt 0.733062 0.046637
vt 0.818913 0.073709
vt 0.732381 0.073545
vt 0.818497 0.102051
vt 0.731965 0.101887
vt 0.818357 0.131054
vt 0.731825 0.130890
vt 0.818497 0.159926
vt 0.731965 0.159763
vt 0.818913 0.187881
vt 0.732381 0.187717
vt 0.819593 0.214156
vt 0.733062 0.213992
vt 0.820520 0.238034
vt 0.733988 0.237870
vt 0.821667 0.258864
vt 0.735135 0.258700
vt 0.181761 0.696780
vt 0.268283 0.696748
vt 0.267212 0.719579
vt 0.180691 0.719610
vt 0.266383 0.745054
vt 0.179861 0.745086
vt 0.265817 0.772479
vt 0.179295 0.772511
vt 0.265530 0.801105
vt 0.179008 0.801138
vt 0.265530 0.830153
vt 0.179008 0.830185
vt 0.265817 0.858829
vt 0.179295 0.858861
vt 0.266383 0.886351
vt 0.179861 0.886383
vt 0.267212 0.911968
vt 0.180691 0.912000
vt 0.268283 0.934983
vt 0.181761 0.935014
vt 0.092495 0.697019
vt 0.179008 0.696748
vt 0.177915 0.718889
vt 0.091401 0.719160
vt 0.177067 0.743823
vt 0.090554 0.744094
vt 0.176489 0.770870
vt 0.086532 0.821509
vt 0.000133 0.793736
vt 0.086665 0.793900
vt 0.000529 0.766757
vt 0.087061 0.766921
vt 0.001177 0.741142
vt 0.087709 0.741306
vt 0.002059 0.717592
vt 0.088591 0.717756
vt 0.003151 0.696748
vt 0.089683 0.696912
vt 0.440339 0.942291
vt 0.353815 0.942453
vt 0.352698 0.921627
vt 0.439222 0.921465
vt 0.351796 0.898091
vt 0.438320 0.897930
vt 0.351134 0.872487
vt 0.437657 0.872326
vt 0.350729 0.845514
vt 0.437252 0.845353
vt 0.350593 0.817907
vt 0.437116 0.817746
vt 0.350729 0.790419
vt 0.437252 0.790258
vt 0.351134 0.763801
vt 0.437657 0.763639
vt 0.351796 0.738777
vt 0.438320 0.738616
vt 0.352698 0.716031
vt 0.439222 0.715870
vt 0.353815 0.696184
vt 0.440339 0.696022
vt 0.910858 0.226577
vt 0.824344 0.226848
vt 0.823303 0.204323
vt 0.909817 0.204053
vt 0.822497 0.179466
vt 0.909010 0.179195
vt 0.821946 0.152954
vt 0.908460 0.152683
vt 0.821667 0.125511
vt 0.908181 0.125240
vt 0.821667 0.097885
vt 0.908181 0.097614
vt 0.821946 0.070830
vt 0.908460 0.070559
vt 0.822497 0.045083
vt 0.909010 0.044812
vt 0.823303 0.021348
vt 0.909817 0.021077
vt 0.824344 0.000271
vt 0.910858 0.000000
vt 1.000000 0.226781
vt 0.913478 0.226813
vt 0.912459 0.204905
vt 0.998981 0.204874
vt 0.911670 0.180520
vt 0.998191 0.180488
vt 0.911131 0.154321
vt 0.997653 0.154289
vt 0.910858 0.127024
vt 0.997379 0.126991
vt 0.910858 0.099373
vt 0.997379 0.099341
vt 0.911131 0.072122
vt 0.997653 0.072090
vt 0.911670 0.046016
vt 0.998191 0.045984
vt 0.912459 0.021765
vt 0.998981 0.021733
vt 0.913478 0.000032
vt 1.000000 0.000000
vt 0.089683 0.943174
vt 0.003151 0.943010
vt 0.002059 0.923182
vt 0.088591 0.923346
vt 0.001177 0.900452
vt 0.087709 0.900616
vt 0.000529 0.875440
vt 0.087061 0.875604
vt 0.000133 0.848829
vt 0.086665 0.848993
vt 0.000000 0.821345
vt 0.635903 0.831895
vt 0.914074 0.897374
vt 0.902034 0.920913
vt 0.637997 0.805030
vt 0.644217 0.778937
vt 0.654385 0.754368
vt 0.886526 0.721900
vt 0.902034 0.742878
vt 0.886526 0.941891
vt 0.867995 0.959704
vt 0.846974 0.973841
vt 0.668209 0.732029
vt 0.685290 0.712563
vt 0.705138 0.696530
vt 0.914074 0.766417
vt 0.922298 0.791839
vt 0.926470 0.818414
vt 0.926470 0.845377
vt 0.922298 0.871951
vt 0.824068 0.983894
vt 0.799935 0.989574
vt 0.775271 0.990719
vt 0.668209 0.931761
vt 0.685290 0.951227
vt 0.705138 0.967260
vt 0.727181 0.684392
vt 0.750785 0.676497
vt 0.775272 0.673072
vt 0.750785 0.987294
vt 0.727181 0.979399
vt 0.654385 0.909423
vt 0.644217 0.884853
vt 0.637997 0.858761
vt 0.799936 0.674216
vt 0.824068 0.679897
vt 0.867995 0.704086
vt 0.846974 0.689950
vt 0.447558 0.835549
vt 0.443419 0.814281
vt 0.620587 0.751407
vt 0.443419 0.792538
vt 0.455655 0.855412
vt 0.628684 0.771270
vt 0.632823 0.792538
vt 0.632823 0.814281
vt 0.628684 0.835549
vt 0.467356 0.873002
vt 0.482150 0.887551
vt 0.620588 0.855412
vt 0.608886 0.873002
vt 0.447558 0.771270
vt 0.455655 0.751407
vt 0.538121 0.699405
vt 0.467356 0.733817
vt 0.557919 0.701678
vt 0.576852 0.708396
vt 0.594092 0.887551
vt 0.576852 0.898423
vt 0.557919 0.905142
vt 0.594092 0.719268
vt 0.608886 0.733817
vt 0.482150 0.719268
vt 0.499390 0.708396
vt 0.518323 0.701678
vt 0.538121 0.907414
vt 0.518323 0.905142
vt 0.499390 0.898423
vt 0.298611 0.856283
vt 0.314839 0.874582
vt 0.297842 0.874571
vt 0.314307 0.895178
vt 0.297310 0.895166
vt 0.314035 0.917181
vt 0.297037 0.917169
vt 0.314035 0.939630
vt 0.297037 0.939618
vt 0.314307 0.961544
vt 0.297310 0.961532
vt 0.314839 0.981965
vt 0.297842 0.981953
vt 0.315609 1.000000
vt 0.298611 0.999989
vt 0.323091 0.696050
vt 0.340086 0.696022
vt 0.339184 0.712361
vt 0.322189 0.712388
vt 0.338511 0.731543
vt 0.321515 0.731571
vt 0.338094 0.752731
vt 0.321099 0.752759
vt 0.337953 0.774999
vt 0.320958 0.775027
vt 0.338094 0.797373
vt 0.321099 0.797401
vt 0.338511 0.818877
vt 0.321515 0.818905
vt 0.339184 0.838569
vt 0.322189 0.838597
vt 0.340086 0.855589
vt 0.323091 0.855617
vt 0.322612 0.855617
vt 0.339605 0.855645
vt 0.338797 0.874094
vt 0.321803 0.874067
vt 0.338238 0.894800
vt 0.321244 0.894773
vt 0.337952 0.916857
vt 0.320958 0.916830
vt 0.337952 0.939302
vt 0.320958 0.939274
vt 0.338238 0.961153
vt 0.321244 0.961125
vt 0.338797 0.981455
vt 0.321803 0.981427
vt 0.339605 0.999321
vt 0.322612 0.999294
vt 0.298613 0.696748
vt 0.315609 0.696795
vt 0.314712 0.714046
vt 0.297716 0.713999
vt 0.314042 0.733907
vt 0.297047 0.733860
vt 0.313628 0.755510
vt 0.296633 0.755463
vt 0.313488 0.777911
vt 0.296493 0.777864
vt 0.313628 0.800131
vt 0.296633 0.800084
vt 0.314042 0.821198
vt 0.297047 0.821151
vt 0.314712 0.840192
vt 0.297716 0.840145
vt 0.315609 0.856283
vt 0.298613 0.856236
vt 0.315609 0.856295
vt 0.442826 0.423791
vt 0.451208 0.417012
vt 0.462659 0.417893
vt 0.467685 0.413576
vt 0.483181 0.416628
vt 0.484456 0.413149
vt 0.503495 0.420050
vt 0.501062 0.415742
vt 0.522714 0.428011
vt 0.395757 0.465765
vt 0.396845 0.457811
vt 0.408628 0.448262
vt 0.407916 0.444045
vt 0.424550 0.434063
vt 0.420910 0.432458
vt 0.435473 0.423364
vt 0.383563 0.552101
vt 0.378663 0.544695
vt 0.380266 0.529941
vt 0.376889 0.526476
vt 0.381259 0.507518
vt 0.377884 0.508186
vt 0.386499 0.485809
vt 0.381621 0.490325
vt 0.388000 0.473379
vt 0.434147 0.619767
vt 0.424875 0.618150
vt 0.416864 0.607616
vt 0.411400 0.607237
vt 0.402271 0.591806
vt 0.399754 0.594050
vt 0.391007 0.573027
vt 0.390254 0.578949
vt 0.383159 0.562347
vt 0.514035 0.623988
vt 0.505653 0.630766
vt 0.494202 0.629886
vt 0.489176 0.634202
vt 0.473680 0.631151
vt 0.472405 0.634630
vt 0.453366 0.627728
vt 0.455799 0.632036
vt 0.439810 0.626493
vt 0.561104 0.582013
vt 0.560016 0.589968
vt 0.548233 0.599517
vt 0.548945 0.603733
vt 0.532311 0.613715
vt 0.535951 0.615321
vt 0.521388 0.624415
vt 0.573298 0.495678
vt 0.578198 0.503084
vt 0.576595 0.517837
vt 0.579973 0.521303
vt 0.575602 0.540261
vt 0.578978 0.539593
vt 0.570362 0.561969
vt 0.575240 0.557454
vt 0.568861 0.574400
vt 0.517051 0.421286
vt 0.531986 0.429628
vt 0.539998 0.440162
vt 0.545461 0.440542
vt 0.554590 0.455973
vt 0.557107 0.453728
vt 0.565854 0.474752
vt 0.566607 0.468829
vt 0.573702 0.485432
vt 0.342667 0.608666
vt 0.342974 0.609307
vt 0.349707 0.620934
vt 0.357274 0.631933
vt 0.331764 0.583095
vt 0.332184 0.584468
vt 0.337121 0.597125
vt 0.324861 0.555917
vt 0.325180 0.558061
vt 0.328195 0.571418
vt 0.322146 0.527872
vt 0.322146 0.530768
vt 0.323160 0.544481
vt 0.323691 0.499725
vt 0.323160 0.503297
vt 0.322146 0.517010
vt 0.329454 0.472240
vt 0.328195 0.476360
vt 0.325180 0.489718
vt 0.339277 0.446166
vt 0.337121 0.450654
vt 0.332184 0.463310
vt 0.352893 0.422213
vt 0.349707 0.426844
vt 0.342974 0.438472
vt 0.357274 0.415846
vt 0.365626 0.405548
vt 0.384468 0.387317
vt 0.374711 0.396018
vt 0.369929 0.401034
vt 0.405743 0.372623
vt 0.394834 0.379502
vt 0.389924 0.383204
vt 0.428900 0.361847
vt 0.417123 0.366725
vt 0.412331 0.369208
vt 0.453341 0.355267
vt 0.440999 0.358019
vt 0.436542 0.359429
vt 0.478431 0.353055
vt 0.465845 0.353609
vt 0.461897 0.354132
vt 0.503521 0.355267
vt 0.491017 0.353609
vt 0.487705 0.353463
vt 0.527961 0.361847
vt 0.515862 0.358019
vt 0.513265 0.357440
vt 0.551119 0.372623
vt 0.539739 0.366725
vt 0.537880 0.365955
vt 0.572393 0.387317
vt 0.562027 0.379502
vt 0.560879 0.378778
vt 0.581637 0.395560
vt 0.582151 0.396018
vt 0.591235 0.405548
vt 0.599588 0.415846
vt 0.614195 0.439113
vt 0.613887 0.438472
vt 0.607155 0.426844
vt 0.625098 0.464684
vt 0.624678 0.463311
vt 0.619740 0.450654
vt 0.632000 0.491861
vt 0.631681 0.489718
vt 0.628667 0.476360
vt 0.634715 0.519906
vt 0.634715 0.517011
vt 0.633702 0.503298
vt 0.633170 0.548054
vt 0.633702 0.544481
vt 0.634715 0.530768
vt 0.627407 0.575539
vt 0.628667 0.571419
vt 0.631681 0.558061
vt 0.617584 0.601612
vt 0.619740 0.597125
vt 0.624678 0.584468
vt 0.603969 0.625565
vt 0.607155 0.620934
vt 0.613887 0.609307
vt 0.599588 0.631933
vt 0.591235 0.642231
vt 0.572393 0.660462
vt 0.582150 0.651761
vt 0.586932 0.646745
vt 0.551118 0.675156
vt 0.562027 0.668277
vt 0.566937 0.664575
vt 0.527961 0.685932
vt 0.539739 0.681054
vt 0.544530 0.678570
vt 0.503521 0.692511
vt 0.515862 0.689760
vt 0.520319 0.688350
vt 0.478431 0.694724
vt 0.491016 0.694170
vt 0.494965 0.693646
vt 0.453340 0.692511
vt 0.465845 0.694170
vt 0.469156 0.694315
vt 0.428900 0.685932
vt 0.440999 0.689760
vt 0.443596 0.690339
vt 0.405743 0.675156
vt 0.417123 0.681053
vt 0.418982 0.681823
vt 0.384468 0.660462
vt 0.394834 0.668277
vt 0.395982 0.669001
vt 0.375224 0.652218
vt 0.374711 0.651761
vt 0.365626 0.642230
vt 0.962626 0.704624
vt 0.965063 0.704618
vt 0.962219 0.716494
vt 0.964656 0.716489
vt 0.961869 0.728917
vt 0.964307 0.728912
vt 0.961581 0.741812
vt 0.964019 0.741807
vt 0.961354 0.755095
vt 0.963792 0.755090
vt 0.961191 0.768681
vt 0.963629 0.768676
vt 0.961093 0.782481
vt 0.963531 0.782475
vt 0.961061 0.796405
vt 0.963498 0.796400
vt 0.961093 0.810364
vt 0.963531 0.810359
vt 0.961191 0.824267
vt 0.963629 0.824261
vt 0.961354 0.838023
vt 0.963792 0.838018
vt 0.961581 0.851544
vt 0.964019 0.851538
vt 0.961869 0.864741
vt 0.964307 0.864736
vt 0.962219 0.877530
vt 0.964656 0.877524
vt 0.962626 0.889827
vt 0.965063 0.889821
vt 0.963088 0.901552
vt 0.965526 0.901547
vt 0.963603 0.912630
vt 0.966041 0.912625
vt 0.964167 0.922988
vt 0.966605 0.922983
vt 0.957486 0.351760
vt 0.959923 0.351756
vt 0.956905 0.361605
vt 0.959343 0.361602
vt 0.956376 0.372215
vt 0.958813 0.372211
vt 0.955900 0.383521
vt 0.958337 0.383517
vt 0.955481 0.395448
vt 0.957918 0.395444
vt 0.955122 0.407921
vt 0.957559 0.407917
vt 0.954824 0.420857
vt 0.957262 0.420853
vt 0.954591 0.434174
vt 0.957029 0.434170
vt 0.954424 0.447784
vt 0.956861 0.447780
vt 0.954323 0.461600
vt 0.956760 0.461596
vt 0.954289 0.475532
vt 0.956726 0.475528
vt 0.954323 0.489489
vt 0.956760 0.489486
vt 0.954424 0.503382
vt 0.956861 0.503378
vt 0.954591 0.517119
vt 0.957029 0.517115
vt 0.954824 0.530612
vt 0.957262 0.530608
vt 0.955122 0.543774
vt 0.957559 0.543770
vt 0.955481 0.556518
vt 0.957918 0.556514
vt 0.955900 0.568763
vt 0.958337 0.568759
vt 0.956376 0.580428
vt 0.958813 0.580424
vt 0.956905 0.591439
vt 0.959343 0.591435
vt 0.957486 0.601724
vt 0.959923 0.601720
vt 0.965950 0.351756
vt 0.968387 0.351760
vt 0.965383 0.362407
vt 0.967820 0.362411
vt 0.964869 0.373749
vt 0.967306 0.373753
vt 0.964412 0.385710
vt 0.966849 0.385714
vt 0.964015 0.398210
vt 0.966452 0.398215
vt 0.963679 0.411171
vt 0.966117 0.411175
vt 0.963409 0.424506
vt 0.965846 0.424510
vt 0.963204 0.438131
vt 0.965641 0.438135
vt 0.963067 0.451955
vt 0.965504 0.451959
vt 0.962998 0.465891
vt 0.965435 0.465895
vt 0.962998 0.479847
vt 0.965435 0.479851
vt 0.963067 0.493733
vt 0.965504 0.493737
vt 0.963204 0.507459
vt 0.965641 0.507463
vt 0.963409 0.520936
vt 0.965846 0.520940
vt 0.963679 0.534076
vt 0.966117 0.534080
vt 0.964015 0.546794
vt 0.966452 0.546798
vt 0.964412 0.559008
vt 0.966849 0.559013
vt 0.964869 0.570639
vt 0.967306 0.570643
vt 0.965383 0.581611
vt 0.967820 0.581615
vt 0.965950 0.591853
vt 0.968387 0.591857
vt 0.972555 0.673072
vt 0.974992 0.673072
vt 0.972003 0.683507
vt 0.974440 0.683507
vt 0.971503 0.694655
vt 0.973940 0.694654
vt 0.971058 0.706442
vt 0.973495 0.706442
vt 0.970671 0.718793
vt 0.973109 0.718793
vt 0.970345 0.731627
vt 0.972782 0.731627
vt 0.970081 0.744862
vt 0.972519 0.744861
vt 0.969882 0.758411
vt 0.972320 0.758410
vt 0.969749 0.772186
vt 0.972186 0.772186
vt 0.969682 0.786099
vt 0.972119 0.786098
vt 0.969682 0.800058
vt 0.972119 0.800058
vt 0.969749 0.813974
vt 0.972186 0.813974
vt 0.969882 0.827756
vt 0.972320 0.827756
vt 0.970081 0.841315
vt 0.972519 0.841314
vt 0.970345 0.854562
vt 0.972782 0.854562
vt 0.970671 0.867413
vt 0.973109 0.867413
vt 0.971058 0.879783
vt 0.973495 0.879783
vt 0.971503 0.891593
vt 0.973940 0.891592
vt 0.972003 0.902765
vt 0.974440 0.902764
vt 0.972555 0.913227
vt 0.974992 0.913227
vt 0.964167 0.673077
vt 0.966605 0.673072
vt 0.963603 0.682845
vt 0.966041 0.682839
vt 0.963088 0.693383
vt 0.965526 0.693377
vt 0.036845 0.424187
vt 0.036069 0.415692
vt 0.048530 0.409264
vt 0.044461 0.405345
vt 0.061748 0.395955
vt 0.018710 0.458018
vt 0.015820 0.450667
vt 0.026858 0.440515
vt 0.021701 0.438427
vt 0.028466 0.426743
vt 0.161725 0.358576
vt 0.170450 0.353158
vt 0.179638 0.360245
vt 0.183014 0.354825
vt 0.197244 0.364217
vt 0.006367 0.534698
vt 0.000774 0.531163
vt 0.006299 0.515062
vt 0.000774 0.517340
vt 0.008357 0.495556
vt 0.092027 0.374902
vt 0.096204 0.366337
vt 0.108661 0.367453
vt 0.108037 0.361435
vt 0.125985 0.362205
vt 0.001792 0.503562
vt 0.003822 0.489917
vt 0.012514 0.476451
vt 0.006851 0.476496
vt 0.010859 0.463384
vt 0.120194 0.357590
vt 0.132594 0.354824
vt 0.143756 0.359232
vt 0.145158 0.353158
vt 0.157804 0.352602
vt 0.053589 0.395770
vt 0.063393 0.387027
vt 0.076316 0.384447
vt 0.073809 0.379175
vt 0.084769 0.372263
vt 0.019174 0.591638
vt 0.010859 0.585120
vt 0.012850 0.573257
vt 0.006851 0.572008
vt 0.008561 0.554188
vt 0.003822 0.558586
vt 0.001792 0.544942
vt 0.037545 0.625317
vt 0.028466 0.621760
vt 0.027444 0.609073
vt 0.021701 0.610077
vt 0.015820 0.597837
vt 0.062644 0.653342
vt 0.053589 0.652734
vt 0.049333 0.640143
vt 0.044461 0.643158
vt 0.036069 0.632811
vt 0.305162 0.484712
vt 0.311786 0.489918
vt 0.308409 0.504025
vt 0.313817 0.503562
vt 0.309542 0.523622
vt 0.292536 0.448014
vt 0.299789 0.450667
vt 0.299846 0.465954
vt 0.304750 0.463384
vt 0.308758 0.476496
vt 0.162877 0.689891
vt 0.157804 0.695902
vt 0.144905 0.689383
vt 0.145158 0.695346
vt 0.127114 0.686558
vt 0.245796 0.389231
vt 0.252216 0.387027
vt 0.259799 0.401546
vt 0.262020 0.395770
vt 0.272371 0.415583
vt 0.093067 0.674143
vt 0.084769 0.676241
vt 0.077290 0.664729
vt 0.073808 0.669329
vt 0.063393 0.661476
vt 0.132594 0.693679
vt 0.120194 0.690914
vt 0.109753 0.681454
vt 0.108037 0.687068
vt 0.096203 0.682167
vt 0.198356 0.683955
vt 0.195414 0.690914
vt 0.180778 0.688073
vt 0.183014 0.693679
vt 0.170450 0.695346
vt 0.271147 0.405346
vt 0.279540 0.415693
vt 0.283334 0.431145
vt 0.287143 0.426744
vt 0.293907 0.438427
vt 0.195415 0.357590
vt 0.207571 0.361435
vt 0.214297 0.370435
vt 0.219405 0.366337
vt 0.230557 0.378812
vt 0.230839 0.372263
vt 0.241800 0.379175
vt 0.231567 0.669084
vt 0.230839 0.676241
vt 0.215366 0.677596
vt 0.219405 0.682167
vt 0.207571 0.687068
vt 0.314835 0.517340
vt 0.314835 0.531164
vt 0.308545 0.543228
vt 0.313817 0.544942
vt 0.305432 0.562568
vt 0.293062 0.599369
vt 0.293907 0.610077
vt 0.283978 0.616314
vt 0.287143 0.621760
vt 0.273124 0.631967
vt 0.311786 0.558586
vt 0.308757 0.572008
vt 0.300247 0.581369
vt 0.304750 0.585120
vt 0.299789 0.597837
vt 0.279540 0.632811
vt 0.271147 0.643158
vt 0.260650 0.646108
vt 0.262019 0.652734
vt 0.246733 0.658538
vt 0.252216 0.661476
vt 0.241800 0.669329
vt 0.934418 0.736247
vt 0.934183 0.749405
vt 0.929456 0.755977
vt 0.929393 0.762906
vt 0.934014 0.762863
vt 0.929284 0.774972
vt 0.933912 0.776524
vt 0.929253 0.790298
vt 0.933878 0.790289
vt 0.929245 0.794192
vt 0.929338 0.813367
vt 0.933912 0.804060
vt 0.934014 0.817737
vt 0.935080 0.869559
vt 0.930449 0.869509
vt 0.930393 0.867962
vt 0.934718 0.857226
vt 0.929916 0.850513
vt 0.934418 0.844415
vt 0.929797 0.844338
vt 0.934183 0.831221
vt 0.929563 0.832229
vt 0.929390 0.817698
vt 0.930986 0.884330
vt 0.935501 0.881326
vt 0.931356 0.892267
vt 0.935978 0.892442
vt 0.931688 0.899389
vt 0.936509 0.902828
vt 0.932455 0.912379
vt 0.273493 0.706384
vt 0.278699 0.696748
vt 0.278126 0.706339
vt 0.937089 0.912409
vt 0.932488 0.912927
vt 0.273460 0.706919
vt 0.272754 0.721700
vt 0.277606 0.716735
vt 0.272522 0.728021
vt 0.277143 0.727861
vt 0.272161 0.737832
vt 0.276739 0.739636
vt 0.271772 0.752061
vt 0.276398 0.751976
vt 0.271690 0.755091
vt 0.271346 0.773233
vt 0.276123 0.764791
vt 0.275914 0.777990
vt 0.275774 0.832692
vt 0.271147 0.832688
vt 0.271123 0.830372
vt 0.275704 0.818927
vt 0.271060 0.811139
vt 0.275704 0.805156
vt 0.271084 0.805193
vt 0.275774 0.791478
vt 0.271135 0.792003
vt 0.271292 0.778050
vt 0.271320 0.849431
vt 0.275914 0.846351
vt 0.271504 0.859747
vt 0.276123 0.859806
vt 0.271652 0.868049
vt 0.276398 0.872959
vt 0.272105 0.885723
vt 0.276739 0.885716
vt 0.272111 0.885965
vt 0.272693 0.902927
vt 0.277143 0.897986
vt 0.272984 0.909533
vt 0.277606 0.909680
vt 0.273389 0.918698
vt 0.278126 0.920713
vt 0.274070 0.930922
vt 0.278698 0.931006
vt 0.274188 0.933055
vt 0.935243 0.353852
vt 0.939998 0.351756
vt 0.934496 0.368818
vt 0.939440 0.362173
vt 0.938939 0.373318
vt 0.937554 0.423501
vt 0.932928 0.423527
vt 0.932965 0.420730
vt 0.937802 0.410292
vt 0.933349 0.402493
vt 0.938116 0.397465
vt 0.933494 0.397561
vt 0.938496 0.385110
vt 0.933861 0.385108
vt 0.934316 0.373439
vt 0.932716 0.439562
vt 0.937377 0.436995
vt 0.932652 0.450698
vt 0.937269 0.450677
vt 0.932605 0.458726
vt 0.937234 0.464450
vt 0.932633 0.477951
vt 0.937269 0.478213
vt 0.932636 0.478208
vt 0.932801 0.496969
vt 0.937377 0.491867
vt 0.932936 0.505237
vt 0.937554 0.505315
vt 0.933105 0.515511
vt 0.937802 0.518458
vt 0.933488 0.531155
vt 0.938116 0.531204
vt 0.933542 0.533319
vt 0.934105 0.550142
vt 0.938496 0.543459
vt 0.938939 0.555135
vt 0.293844 0.717858
vt 0.289217 0.717940
vt 0.289330 0.715104
vt 0.294360 0.706928
vt 0.290084 0.700298
vt 0.294929 0.696748
vt 0.939998 0.576420
vt 0.935576 0.579904
vt 0.935373 0.576270
vt 0.939440 0.566149
vt 0.934786 0.565743
vt 0.934316 0.554989
vt 0.288684 0.731258
vt 0.293383 0.729462
vt 0.288362 0.741765
vt 0.292982 0.741654
vt 0.288154 0.748534
vt 0.292644 0.754346
vt 0.287749 0.766689
vt 0.292370 0.767448
vt 0.287737 0.767450
vt 0.287473 0.785469
vt 0.292163 0.780865
vt 0.287406 0.794521
vt 0.292024 0.794501
vt 0.287331 0.804609
vt 0.291954 0.808256
vt 0.287325 0.822023
vt 0.291954 0.822033
vt 0.287324 0.823840
vt 0.287454 0.842894
vt 0.292024 0.835731
vt 0.292163 0.849252
vt 0.293383 0.899652
vt 0.288629 0.896347
vt 0.292982 0.887790
vt 0.288110 0.879404
vt 0.292644 0.875375
vt 0.288020 0.875293
vt 0.292370 0.862499
vt 0.287717 0.861502
vt 0.287543 0.849179
vt 0.935978 0.688463
vt 0.931391 0.687460
vt 0.936509 0.678160
vt 0.932152 0.673400
vt 0.294929 0.931094
vt 0.290008 0.926426
vt 0.294360 0.921382
vt 0.289737 0.921198
vt 0.293844 0.910876
vt 0.289264 0.912095
vt 0.288757 0.899538
vt 0.929758 0.737474
vt 0.929787 0.736276
vt 0.934718 0.723483
vt 0.930185 0.719723
vt 0.935080 0.711207
vt 0.930458 0.711348
vt 0.935501 0.699505
vt 0.930732 0.702973
vt 0.931346 0.688507
vt 0.444613 0.836594
vt 0.452973 0.857103
vt 0.465055 0.875266
vt 0.480330 0.890288
vt 0.498131 0.901513
vt 0.517679 0.908450
vt 0.538121 0.910797
vt 0.558563 0.908450
vt 0.578112 0.901513
vt 0.595913 0.890287
vt 0.611188 0.875265
vt 0.623269 0.857103
vt 0.631630 0.836594
vt 0.635903 0.814635
vt 0.635903 0.792184
vt 0.631630 0.770225
vt 0.623269 0.749716
vt 0.611188 0.731553
vt 0.595913 0.716532
vt 0.578112 0.705307
vt 0.558563 0.698369
vt 0.538121 0.696022
vt 0.517679 0.698369
vt 0.498131 0.705307
vt 0.480330 0.716532
vt 0.465055 0.731553
vt 0.452973 0.749716
vt 0.444613 0.770225
vt 0.440339 0.792185
vt 0.440339 0.814635
vt 0.939686 0.397649
vt 0.940065 0.385329
vt 0.940507 0.373570
vt 0.941007 0.362456
vt 0.941563 0.352068
vt 0.280262 0.930686
vt 0.279691 0.920422
vt 0.279173 0.909420
vt 0.278711 0.897759
vt 0.278309 0.885523
vt 0.277969 0.872801
vt 0.277694 0.859685
vt 0.277486 0.846268
vt 0.277346 0.832647
vt 0.277276 0.818921
vt 0.277276 0.805188
vt 0.277346 0.791548
vt 0.277486 0.778098
vt 0.277694 0.764936
vt 0.277969 0.752156
vt 0.278309 0.739850
vt 0.278711 0.728108
vt 0.279173 0.717014
vt 0.279691 0.706647
vt 0.280262 0.697082
vt 0.938073 0.902516
vt 0.937544 0.892159
vt 0.937068 0.881073
vt 0.936648 0.869339
vt 0.936287 0.857040
vt 0.935988 0.844266
vt 0.935754 0.831108
vt 0.935585 0.817661
vt 0.935483 0.804023
vt 0.935449 0.790291
vt 0.935483 0.776564
vt 0.935585 0.762941
vt 0.935754 0.749520
vt 0.935988 0.736399
vt 0.936287 0.723671
vt 0.936648 0.711429
vt 0.937068 0.699760
vt 0.937544 0.688749
vt 0.938073 0.678474
vt 0.296493 0.930762
vt 0.295925 0.921077
vt 0.295411 0.910601
vt 0.294951 0.899407
vt 0.294552 0.887578
vt 0.294214 0.875199
vt 0.293941 0.862358
vt 0.293735 0.849148
vt 0.293596 0.835665
vt 0.293527 0.822005
vt 0.293527 0.808267
vt 0.293596 0.794550
vt 0.293734 0.780953
vt 0.293941 0.767573
vt 0.294214 0.754507
vt 0.294552 0.741850
vt 0.294951 0.729692
vt 0.295411 0.718122
vt 0.295925 0.707221
vt 0.296493 0.697070
vt 0.941563 0.576105
vt 0.941007 0.565862
vt 0.940507 0.554879
vt 0.940065 0.543235
vt 0.939686 0.531015
vt 0.939373 0.518305
vt 0.939126 0.505198
vt 0.938949 0.491788
vt 0.938842 0.478171
vt 0.938806 0.464447
vt 0.938842 0.450713
vt 0.938949 0.437069
vt 0.939126 0.423612
vt 0.939373 0.410441
vt 0.722276 0.658810
vt 0.710575 0.653751
vt 0.711127 0.652670
vt 0.699861 0.646546
vt 0.700495 0.645520
vt 0.689745 0.638375
vt 0.690457 0.637411
vt 0.680300 0.629295
vt 0.681084 0.628402
vt 0.671594 0.619374
vt 0.672445 0.618556
vt 0.663690 0.608682
vt 0.664601 0.607946
vt 0.656645 0.597297
vt 0.657610 0.596648
vt 0.650508 0.585300
vt 0.651520 0.584742
vt 0.645326 0.572778
vt 0.646378 0.572316
vt 0.279169 0.872379
vt 0.278896 0.859363
vt 0.278690 0.846049
vt 0.278551 0.832532
vt 0.278482 0.818911
vt 0.278482 0.805283
vt 0.278551 0.791747
vt 0.278690 0.778400
vt 0.278896 0.765338
vt 0.642218 0.465369
vt 0.641135 0.465007
vt 0.645326 0.452050
vt 0.646378 0.452511
vt 0.650509 0.439528
vt 0.651521 0.440085
vt 0.656645 0.427530
vt 0.657610 0.428180
vt 0.663690 0.416145
vt 0.664602 0.416881
vt 0.671594 0.405453
vt 0.672445 0.406271
vt 0.680300 0.395532
vt 0.681085 0.396426
vt 0.689745 0.386453
vt 0.690457 0.387416
vt 0.699861 0.378282
vt 0.700496 0.379307
vt 0.710575 0.371076
vt 0.711128 0.372157
vt 0.721810 0.364890
vt 0.722277 0.366018
vt 0.733484 0.359766
vt 0.733862 0.360933
vt 0.937188 0.843858
vt 0.936955 0.830801
vt 0.936787 0.817457
vt 0.936686 0.803923
vt 0.936653 0.790296
vt 0.936686 0.776674
vt 0.936787 0.763155
vt 0.936955 0.749838
vt 0.937188 0.736817
vt 0.831867 0.360933
vt 0.832245 0.359766
vt 0.843920 0.364890
vt 0.843453 0.366018
vt 0.855154 0.371077
vt 0.854602 0.372158
vt 0.865868 0.378282
vt 0.865233 0.379308
vt 0.875984 0.386453
vt 0.875272 0.387417
vt 0.885429 0.395532
vt 0.884645 0.396426
vt 0.894135 0.405454
vt 0.893284 0.406272
vt 0.902039 0.416146
vt 0.901128 0.416882
vt 0.909084 0.427531
vt 0.908119 0.428180
vt 0.915220 0.439528
vt 0.914208 0.440085
vt 0.920403 0.452050
vt 0.919351 0.452512
vt 0.924595 0.465007
vt 0.923511 0.465370
vt 0.295143 0.861969
vt 0.294938 0.848860
vt 0.294800 0.835479
vt 0.294731 0.821924
vt 0.294731 0.808291
vt 0.294800 0.794679
vt 0.294938 0.781186
vt 0.295143 0.767908
vt 0.295414 0.754943
vt 0.919351 0.572316
vt 0.920403 0.572778
vt 0.915220 0.585300
vt 0.914208 0.584743
vt 0.909084 0.597297
vt 0.908119 0.596648
vt 0.902039 0.608683
vt 0.901127 0.607947
vt 0.894135 0.619375
vt 0.893284 0.618557
vt 0.885428 0.629296
vt 0.884644 0.628402
vt 0.875984 0.638375
vt 0.875272 0.637412
vt 0.865868 0.646546
vt 0.865233 0.645521
vt 0.855154 0.653751
vt 0.854601 0.652671
vt 0.843919 0.659938
vt 0.843452 0.658810
vt 0.832245 0.665062
vt 0.831867 0.663895
vt 0.940575 0.517884
vt 0.940331 0.504877
vt 0.940154 0.491570
vt 0.940049 0.478057
vt 0.940013 0.464438
vt 0.940049 0.450809
vt 0.940154 0.437269
vt 0.940331 0.423915
vt 0.940575 0.410844
vt 0.733862 0.663895
vt 0.733484 0.665062
vt 0.721809 0.659938
vt 0.722914 0.657269
vt 0.711883 0.651194
vt 0.701362 0.644119
vt 0.691430 0.636096
vt 0.682156 0.627181
vt 0.673607 0.617439
vt 0.665846 0.606941
vt 0.658928 0.595761
vt 0.652903 0.583981
vt 0.647814 0.571685
vt 0.642218 0.559458
vt 0.643699 0.558963
vt 0.639072 0.546261
vt 0.640586 0.545905
vt 0.636962 0.532820
vt 0.638498 0.532605
vt 0.635903 0.519232
vt 0.637450 0.519161
vt 0.635903 0.505595
vt 0.637450 0.505667
vt 0.636962 0.492007
vt 0.638498 0.492222
vt 0.639072 0.478566
vt 0.640586 0.478923
vt 0.643699 0.465865
vt 0.647815 0.453142
vt 0.652903 0.440846
vt 0.658928 0.429066
vt 0.665846 0.417887
vt 0.673608 0.407389
vt 0.682156 0.397647
vt 0.691430 0.388732
vt 0.701363 0.380708
vt 0.711883 0.373634
vt 0.722914 0.367559
vt 0.734378 0.362528
vt 0.745800 0.356940
vt 0.746190 0.358577
vt 0.758006 0.354067
vt 0.758267 0.355734
vt 0.770390 0.352335
vt 0.770522 0.354020
vt 0.782865 0.351756
vt 0.782865 0.353447
vt 0.795339 0.352335
vt 0.795208 0.354020
vt 0.807724 0.354067
vt 0.807462 0.355734
vt 0.819929 0.356940
vt 0.819539 0.358577
vt 0.831352 0.362528
vt 0.842815 0.367559
vt 0.853846 0.373634
vt 0.864366 0.380709
vt 0.874299 0.388732
vt 0.883573 0.397647
vt 0.892121 0.407389
vt 0.899883 0.417887
vt 0.906801 0.429067
vt 0.912826 0.440847
vt 0.917915 0.453142
vt 0.922030 0.465865
vt 0.926657 0.478567
vt 0.925143 0.478923
vt 0.928767 0.492008
vt 0.927231 0.492223
vt 0.929826 0.505596
vt 0.928279 0.505667
vt 0.929826 0.519233
vt 0.928279 0.519161
vt 0.928767 0.532821
vt 0.927231 0.532606
vt 0.926657 0.546261
vt 0.925143 0.545905
vt 0.923511 0.559458
vt 0.922030 0.558963
vt 0.917914 0.571686
vt 0.912826 0.583982
vt 0.906801 0.595761
vt 0.899882 0.606941
vt 0.892121 0.617439
vt 0.883573 0.627181
vt 0.874299 0.636096
vt 0.864366 0.644120
vt 0.853846 0.651194
vt 0.842815 0.657269
vt 0.831351 0.662300
vt 0.819929 0.667888
vt 0.819539 0.666251
vt 0.807723 0.670761
vt 0.807462 0.669094
vt 0.795339 0.672493
vt 0.795207 0.670808
vt 0.782864 0.673072
vt 0.782864 0.671381
vt 0.770390 0.672493
vt 0.770521 0.670808
vt 0.758005 0.670761
vt 0.758267 0.669094
vt 0.745800 0.667888
vt 0.746190 0.666251
vt 0.734377 0.662300
vt 0.931972 0.533514
vt 0.932536 0.550384
vt 0.285752 0.823873
vt 0.285882 0.842980
vt 0.928187 0.737325
vt 0.927885 0.755880
vt 0.929826 0.458678
vt 0.929938 0.439315
vt 0.931144 0.439495
vt 0.303926 0.562177
vt 0.298793 0.580786
vt 0.297729 0.580360
vt 0.244898 0.390609
vt 0.258759 0.402798
vt 0.257997 0.403714
vt 0.927148 0.851134
vt 0.926791 0.832659
vt 0.927992 0.832345
vt 0.028194 0.441370
vt 0.038079 0.425208
vt 0.038983 0.425956
vt 0.268283 0.811074
vt 0.268359 0.791739
vt 0.269563 0.791935
vt 0.038772 0.624286
vt 0.028775 0.608207
vt 0.029748 0.607574
vt 0.110244 0.679850
vt 0.093728 0.672614
vt 0.094212 0.671494
vt 0.230814 0.667606
vt 0.291682 0.598602
vt 0.306872 0.504232
vt 0.271202 0.416692
vt 0.196842 0.365850
vt 0.109163 0.369053
vt 0.007845 0.515156
vt 0.007912 0.534592
vt 0.010084 0.553882
vt 0.092698 0.376426
vt 0.077147 0.385874
vt 0.179415 0.361919
vt 0.161684 0.360267
vt 0.143900 0.360916
vt 0.126310 0.363859
vt 0.303658 0.485116
vt 0.298396 0.466549
vt 0.291161 0.448793
vt 0.282054 0.432095
vt 0.245825 0.657168
vt 0.259600 0.644865
vt 0.271947 0.630868
vt 0.282691 0.615375
vt 0.162825 0.688200
vt 0.180543 0.686401
vt 0.064326 0.651060
vt 0.078713 0.662246
vt 0.078112 0.663295
vt 0.063615 0.652025
vt 0.051250 0.638095
vt 0.050440 0.638960
vt 0.039670 0.623531
vt 0.271125 0.903168
vt 0.270542 0.886159
vt 0.269550 0.830410
vt 0.269749 0.849523
vt 0.268546 0.849765
vt 0.020589 0.590950
vt 0.014329 0.572757
vt 0.268346 0.830507
vt 0.269488 0.811124
vt 0.015082 0.477296
vt 0.010999 0.496063
vt 0.009882 0.495848
vt 0.013996 0.476939
vt 0.021168 0.459189
vt 0.020129 0.458694
vt 0.029173 0.441995
vt 0.271187 0.721435
vt 0.271894 0.706613
vt 0.930925 0.913268
vt 0.063446 0.398223
vt 0.050461 0.411296
vt 0.049645 0.410437
vt 0.062729 0.397264
vt 0.077756 0.386918
vt 0.928824 0.868177
vt 0.928346 0.850680
vt 0.926988 0.736917
vt 0.926683 0.755613
vt 0.926510 0.774805
vt 0.927713 0.774927
vt 0.926470 0.794225
vt 0.927673 0.794201
vt 0.229271 0.381383
vt 0.213299 0.373154
vt 0.213721 0.372005
vt 0.229815 0.380296
vt 0.244241 0.391618
vt 0.929825 0.687171
vt 0.930589 0.673072
vt 0.288444 0.926745
vt 0.284548 0.823968
vt 0.284678 0.843220
vt 0.284944 0.862022
vt 0.286146 0.861640
vt 0.290154 0.449362
vt 0.281116 0.432791
vt 0.286178 0.766562
vt 0.285901 0.785394
vt 0.284698 0.785196
vt 0.307994 0.523629
vt 0.307007 0.543034
vt 0.284976 0.766221
vt 0.286584 0.748357
vt 0.245161 0.656165
vt 0.258832 0.643954
vt 0.271086 0.630063
vt 0.281749 0.614687
vt 0.931061 0.477991
vt 0.931229 0.497062
vt 0.930024 0.497319
vt 0.214778 0.676031
vt 0.197943 0.682325
vt 0.929854 0.478104
vt 0.931033 0.458712
vt 0.931778 0.402323
vt 0.931394 0.420611
vt 0.930190 0.420286
vt 0.145036 0.687698
vt 0.127427 0.684902
vt 0.930577 0.401860
vt 0.127656 0.683689
vt 0.110602 0.678676
vt 0.932929 0.368553
vt 0.932292 0.384889
vt 0.933678 0.353546
vt 0.271823 0.918983
vt 0.272625 0.933380
vt 0.270081 0.868193
vt 0.268880 0.868577
vt 0.269775 0.773112
vt 0.268571 0.772773
vt 0.268919 0.754442
vt 0.270119 0.754919
vt 0.270592 0.737612
vt 0.930123 0.899692
vt 0.929419 0.884591
vt 0.927767 0.813430
vt 0.926564 0.813601
vt 0.196547 0.367045
vt 0.179252 0.363144
vt 0.928616 0.719525
vt 0.929164 0.702728
vt 0.287698 0.912374
vt 0.287060 0.896582
vt 0.270346 0.417503
vt 0.286541 0.879592
vt 0.284554 0.804536
vt 0.285759 0.804587
vt 0.285386 0.747877
vt 0.302823 0.561890
vt 0.287116 0.731032
vt 0.287764 0.714833
vt 0.290671 0.598041
vt 0.288520 0.699986
vt 0.933219 0.566029
vt 0.934012 0.580229
vt 0.230263 0.666524
vt 0.931534 0.515657
vt 0.930331 0.516055
vt 0.573108 0.386279
vt 0.562663 0.378404
vt 0.551671 0.371473
vt 0.540205 0.365530
vt 0.528338 0.360615
vt 0.516147 0.356758
vt 0.503712 0.353985
vt 0.491112 0.352314
vt 0.478431 0.351756
vt 0.465749 0.352314
vt 0.453150 0.353985
vt 0.440714 0.356758
vt 0.428524 0.360615
vt 0.416657 0.365530
vt 0.405190 0.371473
vt 0.394199 0.378404
vt 0.383754 0.386279
vt 0.373922 0.395046
vt 0.364769 0.404648
vt 0.356353 0.415024
vt 0.348728 0.426106
vt 0.341945 0.437823
vt 0.336047 0.450097
vt 0.327053 0.475999
vt 0.331072 0.462850
vt 0.324015 0.489458
vt 0.321979 0.503141
vt 0.320958 0.530820
vt 0.320958 0.516958
vt 0.321979 0.544638
vt 0.324015 0.558320
vt 0.331072 0.584929
vt 0.327053 0.571780
vt 0.336047 0.597681
vt 0.341945 0.609956
vt 0.348728 0.621672
vt 0.356353 0.632754
vt 0.364769 0.643130
vt 0.373922 0.652733
vt 0.383753 0.661500
vt 0.394199 0.669375
vt 0.405190 0.676306
vt 0.416656 0.682248
vt 0.428524 0.687164
vt 0.440714 0.691020
vt 0.453150 0.693793
vt 0.465749 0.695464
vt 0.478431 0.696023
vt 0.491112 0.695464
vt 0.503711 0.693793
vt 0.516147 0.691021
vt 0.528337 0.687164
vt 0.540205 0.682248
vt 0.551671 0.676306
vt 0.562663 0.669375
vt 0.573108 0.661500
vt 0.582939 0.652733
vt 0.592092 0.643130
vt 0.600509 0.632754
vt 0.608133 0.621672
vt 0.614917 0.609956
vt 0.620815 0.597682
vt 0.629809 0.571780
vt 0.625790 0.584929
vt 0.632846 0.558320
vt 0.634882 0.544638
vt 0.635903 0.516958
vt 0.635903 0.530820
vt 0.634882 0.503141
vt 0.632846 0.489458
vt 0.625790 0.462850
vt 0.629809 0.475999
vt 0.620815 0.450097
vt 0.614917 0.437823
vt 0.608133 0.426107
vt 0.600509 0.415025
vt 0.592092 0.404648
vt 0.582939 0.395046
vt 0.962726 0.398338
vt 0.962109 0.386287
vt 0.963123 0.385860
vt 0.962563 0.374410
vt 0.963579 0.373921
vt 0.592681 0.404031
vt 0.583480 0.394379
vt 0.573598 0.385566
vt 0.563099 0.377651
vt 0.552050 0.370684
vt 0.955085 0.580246
vt 0.954066 0.579728
vt 0.953594 0.568144
vt 0.954610 0.568602
vt 0.953178 0.555985
vt 0.954192 0.556379
vt 0.952821 0.543329
vt 0.953833 0.543658
vt 0.952526 0.530260
vt 0.953537 0.530521
vt 0.952295 0.516861
vt 0.953304 0.517052
vt 0.952128 0.503219
vt 0.953137 0.503340
vt 0.952028 0.489424
vt 0.953036 0.489473
vt 0.951994 0.475563
vt 0.953002 0.475541
vt 0.952028 0.461729
vt 0.953036 0.461635
vt 0.952128 0.448009
vt 0.953137 0.447845
vt 0.952295 0.434494
vt 0.953304 0.434259
vt 0.952526 0.421270
vt 0.953537 0.420967
vt 0.952821 0.408423
vt 0.953833 0.408054
vt 0.953178 0.396038
vt 0.954192 0.395604
vt 0.953594 0.384193
vt 0.954610 0.383698
vt 0.373381 0.394379
vt 0.364180 0.404031
vt 0.355720 0.414461
vt 0.348056 0.425600
vt 0.341238 0.437377
vt 0.335309 0.449715
vt 0.961797 0.901372
vt 0.960777 0.900861
vt 0.960318 0.889217
vt 0.961335 0.889668
vt 0.959913 0.877006
vt 0.960929 0.877394
vt 0.959567 0.864307
vt 0.960580 0.864629
vt 0.959280 0.851201
vt 0.960292 0.851455
vt 0.959055 0.837775
vt 0.960066 0.837959
vt 0.958894 0.824114
vt 0.959904 0.824228
vt 0.958796 0.810309
vt 0.959806 0.810351
vt 0.958764 0.796447
vt 0.959773 0.796418
vt 0.958796 0.782620
vt 0.959806 0.782519
vt 0.958894 0.768916
vt 0.959904 0.768744
vt 0.959055 0.755425
vt 0.960066 0.755183
vt 0.959280 0.742234
vt 0.960292 0.741924
vt 0.959567 0.729429
vt 0.960580 0.729053
vt 0.959913 0.717093
vt 0.960929 0.716652
vt 0.960318 0.705305
vt 0.961335 0.704804
vt 0.364180 0.643748
vt 0.373381 0.653400
vt 0.383263 0.662212
vt 0.393762 0.670128
vt 0.404811 0.677095
vt 0.416337 0.683068
vt 0.970212 0.891413
vt 0.969195 0.890908
vt 0.968753 0.879181
vt 0.969768 0.879625
vt 0.968369 0.866897
vt 0.969382 0.867278
vt 0.968045 0.854136
vt 0.969057 0.854451
vt 0.967783 0.840981
vt 0.968794 0.841227
vt 0.967586 0.827516
vt 0.968595 0.827693
vt 0.967453 0.813830
vt 0.968461 0.813936
vt 0.967386 0.800012
vt 0.968395 0.800046
vt 0.967386 0.786149
vt 0.968395 0.786112
vt 0.967453 0.772334
vt 0.968461 0.772225
vt 0.967586 0.758654
vt 0.968595 0.758475
vt 0.967783 0.745200
vt 0.968794 0.744951
vt 0.968045 0.732058
vt 0.969057 0.731740
vt 0.968369 0.719313
vt 0.969382 0.718929
vt 0.968753 0.707048
vt 0.969768 0.706601
vt 0.969195 0.695343
vt 0.970213 0.694835
vt 0.592681 0.643748
vt 0.601141 0.633318
vt 0.608805 0.622178
vt 0.615623 0.610402
vt 0.621552 0.598064
vt 0.963579 0.570451
vt 0.962563 0.569927
vt 0.962109 0.558378
vt 0.963123 0.558842
vt 0.961715 0.546249
vt 0.962726 0.546650
vt 0.961382 0.533619
vt 0.962392 0.533955
vt 0.961113 0.520570
vt 0.962122 0.520839
vt 0.960910 0.507188
vt 0.961917 0.507387
vt 0.960773 0.493557
vt 0.961780 0.493686
vt 0.960705 0.479768
vt 0.961712 0.479825
vt 0.960705 0.465909
vt 0.961712 0.465895
vt 0.960773 0.452071
vt 0.961780 0.451985
vt 0.960910 0.438342
vt 0.961917 0.438185
vt 0.961113 0.424813
vt 0.962122 0.424586
vt 0.961382 0.411570
vt 0.962392 0.411274
vt 0.961715 0.398700
vt 0.964092 0.362600
vt 0.964658 0.351968
vt 0.956193 0.601502
vt 0.955614 0.591237
vt 0.955085 0.372413
vt 0.955614 0.361823
vt 0.956193 0.351996
vt 0.962874 0.922769
vt 0.962311 0.912430
vt 0.961797 0.693583
vt 0.962311 0.683065
vt 0.962874 0.673315
vt 0.971263 0.913008
vt 0.970712 0.902565
vt 0.970712 0.683708
vt 0.971263 0.673292
vt 0.964658 0.591626
vt 0.964092 0.581403
vt 0.967237 0.398308
vt 0.967634 0.385824
vt 0.968090 0.373879
vt 0.968603 0.362552
vt 0.969169 0.351915
vt 0.960705 0.601559
vt 0.960126 0.591287
vt 0.959596 0.580291
vt 0.959121 0.568641
vt 0.958703 0.556412
vt 0.958344 0.543684
vt 0.958047 0.530540
vt 0.957815 0.517065
vt 0.957647 0.503345
vt 0.957546 0.489471
vt 0.957512 0.475532
vt 0.957546 0.461618
vt 0.957647 0.447821
vt 0.957815 0.434228
vt 0.958047 0.420929
vt 0.958344 0.408009
vt 0.958703 0.395553
vt 0.959121 0.383641
vt 0.959596 0.372350
vt 0.960126 0.361754
vt 0.960705 0.351922
vt 0.967386 0.922823
vt 0.966823 0.912478
vt 0.966309 0.901415
vt 0.965847 0.889705
vt 0.965441 0.877424
vt 0.965092 0.864652
vt 0.964804 0.851472
vt 0.964577 0.837969
vt 0.964415 0.824230
vt 0.964317 0.810346
vt 0.964284 0.796405
vt 0.964317 0.782499
vt 0.964415 0.768717
vt 0.964577 0.755149
vt 0.964804 0.741883
vt 0.965092 0.729005
vt 0.965441 0.716598
vt 0.965847 0.704744
vt 0.966309 0.693518
vt 0.966823 0.682993
vt 0.967386 0.673238
vt 0.975775 0.913070
vt 0.975223 0.902621
vt 0.974724 0.891464
vt 0.974280 0.879670
vt 0.973893 0.867316
vt 0.973567 0.854482
vt 0.973304 0.841252
vt 0.973105 0.827711
vt 0.972972 0.813947
vt 0.972905 0.800049
vt 0.972905 0.786108
vt 0.972972 0.772213
vt 0.973105 0.758456
vt 0.973304 0.744925
vt 0.973568 0.731708
vt 0.973893 0.718890
vt 0.974280 0.706555
vt 0.974724 0.694783
vt 0.975223 0.683650
vt 0.975775 0.673229
vt 0.969169 0.591697
vt 0.968603 0.581469
vt 0.968090 0.570512
vt 0.967634 0.558896
vt 0.967237 0.546698
vt 0.966902 0.533996
vt 0.966632 0.520873
vt 0.966427 0.507414
vt 0.966290 0.493706
vt 0.966222 0.479838
vt 0.966222 0.465901
vt 0.966290 0.451983
vt 0.966427 0.438176
vt 0.966632 0.424570
vt 0.966902 0.411252
vt 0.120008 0.691735
vt 0.107613 0.688457
vt 0.107792 0.687870
vt 0.095678 0.683514
vt 0.095900 0.682944
vt 0.084146 0.677537
vt 0.084409 0.676989
vt 0.073092 0.670567
vt 0.073395 0.670044
vt 0.062587 0.662647
vt 0.062927 0.662152
vt 0.052700 0.653830
vt 0.053076 0.653367
vt 0.043494 0.644173
vt 0.043903 0.643744
vt 0.035030 0.633737
vt 0.035469 0.633346
vt 0.027362 0.622592
vt 0.027828 0.622241
vt 0.958944 0.543454
vt 0.958648 0.530357
vt 0.958416 0.516929
vt 0.958249 0.503259
vt 0.958149 0.489434
vt 0.958115 0.475545
vt 0.958149 0.461681
vt 0.958249 0.447933
vt 0.958416 0.434389
vt 0.958648 0.421137
vt 0.001023 0.503460
vt 0.000461 0.503385
vt 0.002508 0.489624
vt 0.003064 0.489748
vt 0.005563 0.476088
vt 0.006107 0.476260
vt 0.009605 0.462864
vt 0.010135 0.463084
vt 0.014608 0.450039
vt 0.015120 0.450304
vt 0.020540 0.437694
vt 0.021031 0.438004
vt 0.027362 0.425911
vt 0.027829 0.426263
vt 0.035030 0.414766
vt 0.035469 0.415158
vt 0.043494 0.404331
vt 0.043903 0.404760
vt 0.052700 0.394673
vt 0.053076 0.395137
vt 0.062587 0.385856
vt 0.062928 0.386351
vt 0.073092 0.377937
vt 0.073395 0.378460
vt 0.965691 0.864425
vt 0.965403 0.851292
vt 0.965178 0.837838
vt 0.965016 0.824148
vt 0.964918 0.810314
vt 0.964886 0.796423
vt 0.964918 0.782566
vt 0.965016 0.768834
vt 0.965178 0.755314
vt 0.965403 0.742096
vt 0.183138 0.353990
vt 0.183229 0.353379
vt 0.195736 0.356167
vt 0.195600 0.356769
vt 0.207996 0.360046
vt 0.207816 0.360633
vt 0.219931 0.364990
vt 0.219709 0.365559
vt 0.231463 0.370966
vt 0.231199 0.371514
vt 0.242517 0.377937
vt 0.242214 0.378460
vt 0.253021 0.385857
vt 0.252681 0.386351
vt 0.262909 0.394674
vt 0.262533 0.395137
vt 0.272114 0.404331
vt 0.271706 0.404760
vt 0.280578 0.414766
vt 0.280140 0.415158
vt 0.288247 0.425912
vt 0.287780 0.426263
vt 0.295069 0.437695
vt 0.294578 0.438004
vt 0.974168 0.854263
vt 0.973905 0.841080
vt 0.973707 0.827588
vt 0.973574 0.813873
vt 0.973508 0.800025
vt 0.973508 0.786134
vt 0.973574 0.772289
vt 0.973707 0.758581
vt 0.973905 0.745098
vt 0.974168 0.731928
vt 0.312545 0.558756
vt 0.313100 0.558879
vt 0.310045 0.572416
vt 0.309501 0.572243
vt 0.306003 0.585639
vt 0.305474 0.585420
vt 0.301000 0.598465
vt 0.300488 0.598200
vt 0.295068 0.610809
vt 0.294578 0.610500
vt 0.288246 0.622592
vt 0.287780 0.622241
vt 0.280578 0.633738
vt 0.280139 0.633346
vt 0.272114 0.644173
vt 0.271705 0.643744
vt 0.262908 0.653830
vt 0.262533 0.653367
vt 0.253021 0.662647
vt 0.252681 0.662152
vt 0.242517 0.670567
vt 0.242214 0.670044
vt 0.967503 0.533765
vt 0.967234 0.520689
vt 0.967030 0.507278
vt 0.966893 0.493619
vt 0.966825 0.479801
vt 0.966825 0.465913
vt 0.966893 0.452045
vt 0.967030 0.438288
vt 0.967234 0.424730
vt 0.967503 0.411459
vt 0.132470 0.694514
vt 0.132379 0.695125
vt 0.119873 0.692336
vt 0.021031 0.610500
vt 0.015120 0.598199
vt 0.010135 0.585420
vt 0.006107 0.572243
vt 0.003064 0.558755
vt 0.001023 0.545044
vt 0.000000 0.531197
vt 0.000000 0.517306
vt 0.084409 0.371514
vt 0.095900 0.365559
vt 0.107792 0.360633
vt 0.120009 0.356768
vt 0.132470 0.353990
vt 0.145096 0.352315
vt 0.157804 0.351756
vt 0.170513 0.352315
vt 0.300488 0.450304
vt 0.305474 0.463084
vt 0.309501 0.476261
vt 0.312545 0.489748
vt 0.314585 0.503460
vt 0.315609 0.517306
vt 0.315609 0.531198
vt 0.314585 0.545044
vt 0.231199 0.676989
vt 0.219708 0.682945
vt 0.207816 0.687871
vt 0.195600 0.691735
vt 0.183138 0.694514
vt 0.170512 0.696188
vt 0.157804 0.696748
vt 0.145096 0.696188
vt 0.341290 0.728069
vt 0.341712 0.716706
vt 0.349437 0.716697
vt 0.942799 0.539465
vt 0.942427 0.527465
vt 0.950152 0.527470
vt 0.948386 0.783307
vt 0.948421 0.769823
vt 0.956146 0.769826
vt 0.941231 0.902400
vt 0.940660 0.892234
vt 0.948386 0.892186
vt 0.946625 0.714734
vt 0.946100 0.739256
vt 0.938374 0.739304
vt 0.945833 0.765319
vt 0.938107 0.765367
vt 0.938207 0.752189
vt 0.938605 0.832299
vt 0.938374 0.819097
vt 0.946100 0.819049
vt 0.938207 0.805706
vt 0.945833 0.792174
vt 0.938107 0.792223
vt 0.938073 0.778744
vt 0.938899 0.845218
vt 0.946625 0.845169
vt 0.939255 0.857759
vt 0.947395 0.869784
vt 0.939669 0.869833
vt 0.940139 0.881352
vt 0.317358 0.363613
vt 0.320958 0.351756
vt 0.320958 0.372164
vt 0.649159 0.330902
vt 0.649159 0.351756
vt 0.641916 0.333838
vt 0.951038 0.673072
vt 0.958764 0.673075
vt 0.950504 0.683250
vt 0.957747 0.694145
vt 0.950022 0.694142
vt 0.949598 0.705671
vt 0.956958 0.717755
vt 0.949233 0.717752
vt 0.948931 0.730300
vt 0.956419 0.743226
vt 0.948694 0.743223
vt 0.948524 0.756429
vt 0.948421 0.796785
vt 0.956146 0.796788
vt 0.948524 0.810160
vt 0.956419 0.823337
vt 0.948694 0.823335
vt 0.948931 0.836215
vt 0.956958 0.848711
vt 0.949233 0.848707
vt 0.949598 0.860723
vt 0.957747 0.872177
vt 0.950022 0.872174
vt 0.950504 0.882979
vt 0.958764 0.893062
vt 0.951038 0.893059
vt 0.944270 0.351756
vt 0.951994 0.351761
vt 0.943724 0.361956
vt 0.950957 0.372874
vt 0.943233 0.372869
vt 0.942799 0.384415
vt 0.950152 0.396517
vt 0.942427 0.396512
vt 0.941563 0.462102
vt 0.941598 0.448616
vt 0.949323 0.448621
vt 0.941703 0.435219
vt 0.949602 0.422011
vt 0.941877 0.422006
vt 0.942119 0.409073
vt 0.941598 0.475578
vt 0.949323 0.475583
vt 0.941703 0.488948
vt 0.949602 0.502120
vt 0.941877 0.502116
vt 0.942119 0.514986
vt 0.943233 0.550898
vt 0.950957 0.550902
vt 0.943724 0.561682
vt 0.951994 0.571744
vt 0.944270 0.571739
vt 0.350447 0.696022
vt 0.342190 0.706002
vt 0.342722 0.696032
vt 0.340927 0.740008
vt 0.348653 0.739998
vt 0.340627 0.752437
vt 0.348117 0.765257
vt 0.340392 0.765267
vt 0.340222 0.778405
vt 0.347845 0.791747
vt 0.340120 0.791757
vt 0.340086 0.805226
vt 0.347845 0.818706
vt 0.340120 0.818715
vt 0.348653 0.870935
vt 0.340627 0.858337
vt 0.348117 0.845357
vt 0.340392 0.845367
vt 0.340222 0.832128
vt 0.342190 0.905702
vt 0.341712 0.894713
vt 0.349437 0.894703
vt 0.341290 0.883099
vt 0.340927 0.870945
vt 0.342722 0.915988
vt 0.350447 0.915978
vt 0.343303 0.925496
vt 0.940139 0.682416
vt 0.948386 0.673072
vt 0.947395 0.692459
vt 0.939669 0.692507
vt 0.938605 0.726805
vt 0.938899 0.714782
vt 0.939255 0.703322
s 0
usemtl Material_001
f 1/1/1 2/2/1 3/3/1
f 3/3/1 2/2/1 4/4/1
f 3/3/1 4/4/1 5/5/1
f 5/5/1 4/4/1 6/6/1
f 5/5/1 6/6/1 7/7/1
f 7/7/1 6/6/1 8/8/1
f 7/7/1 8/8/1 9/9/1
f 9/9/1 8/8/1 10/10/1
f 9/9/1 10/10/1 11/11/1
f 11/11/1 10/10/1 12/12/1
f 11/11/1 12/12/1 13/13/1
f 13/13/1 12/12/1 14/14/1
f 13/13/1 14/14/1 15/15/1
f 15/15/1 14/14/1 16/16/1
f 15/15/1 16/16/1 17/17/1
f 17/17/1 16/16/1 18/18/1
f 17/17/1 18/18/1 19/19/1
f 19/19/1 18/18/1 20/20/1
f 19/19/1 20/20/1 21/21/1
f 21/21/1 20/20/1 22/22/1
f 21/21/1 22/22/1 23/23/1
f 23/23/1 22/22/1 24/24/1
f 23/23/1 24/24/1 25/25/1
f 25/25/1 24/24/1 26/26/1
f 25/25/1 26/26/1 27/27/1
f 27/27/1 26/26/1 28/28/1
f 27/27/1 28/28/1 29/29/1
f 29/29/1 28/28/1 30/30/1
f 29/29/1 30/30/1 31/31/1
f 31/31/1 30/30/1 32/32/1
f 31/31/1 32/32/1 33/33/1
f 33/33/1 32/32/1 34/34/1
f 33/33/1 34/34/1 35/35/1
f 35/35/1 34/34/1 36/36/1
f 35/35/1 36/36/1 37/37/1
f 37/37/1 36/36/1 38/38/1
f 37/37/1 38/38/1 39/39/1
f 39/39/1 38/38/1 40/40/1
f 39/39/1 40/40/1 41/41/1
f 41/41/1 40/40/1 42/42/1
f 41/41/1 42/42/1 43/43/1
f 43/43/1 42/42/1 44/44/1
f 43/43/1 44/44/1 45/45/1
f 45/45/1 44/44/1 46/46/1
f 45/45/1 46/46/1 47/47/1
f 47/47/1 46/46/1 48/48/1
f 47/47/1 48/48/1 49/49/1
f 49/49/1 48/48/1 50/50/1
f 49/49/1 50/50/1 51/51/1
f 51/51/1 50/50/1 52/52/1
f 51/51/1 52/52/1 53/53/1
f 53/53/1 52/52/1 54/54/1
f 53/53/1 54/54/1 55/55/1
f 55/55/1 54/54/1 56/56/1
f 55/55/1 56/56/1 57/57/1
f 57/57/1 56/56/1 58/58/1
f 57/57/1 58/58/1 59/59/1
f 59/59/1 58/58/1 60/60/1
f 59/59/1 60/60/1 61/61/1
f 61/61/1 60/60/1 62/62/1
f 61/61/1 62/62/1 63/63/1
f 63/63/1 62/62/1 64/64/1
f 63/63/1 64/64/1 65/65/1
f 65/65/1 64/64/1 66/66/1
f 65/65/1 66/66/1 67/67/1
f 67/67/1 66/66/1 68/68/1
f 67/67/1 68/68/1 69/69/1
f 69/69/1 68/68/1 70/70/1
f 69/69/1 70/70/1 71/71/1
f 71/71/1 70/70/1 72/72/1
f 71/71/1 72/72/1 73/73/1
f 73/73/1 72/72/1 74/74/1
f 73/73/1 74/74/1 75/75/1
f 75/75/1 74/74/1 76/76/1
f 75/75/1 76/76/1 1/1/1
f 1/1/1 76/76/1 2/2/1
f 77/77/2 78/78/2 79/79/2
f 79/79/2 78/78/2 80/80/2
f 79/79/2 80/80/2 81/81/2
f 81/81/2 80/80/2 82/82/2
f 81/81/2 82/82/2 83/83/2
f 83/83/2 82/82/2 84/84/2
f 83/83/2 84/84/2 85/85/2
f 85/85/2 84/84/2 86/86/2
f 85/85/2 86/86/2 87/87/2
f 87/87/2 86/86/2 88/88/2
f 87/87/2 88/88/2 89/89/2
f 89/89/2 88/88/2 90/90/2
f 89/89/2 90/90/2 91/91/2
f 91/91/2 90/90/2 92/92/2
f 91/91/2 92/92/2 93/93/2
f 93/93/2 92/92/2 94/94/2
f 93/93/2 94/94/2 95/95/2
f 95/95/2 94/94/2 96/96/2
f 95/95/2 96/96/2 97/97/2
f 97/97/2 96/96/2 98/98/2
f 97/97/2 98/98/2 99/99/2
f 99/99/2 98/98/2 100/100/2
f 99/99/2 100/100/2 101/101/2
f 101/101/2 100/100/2 102/102/2
f 101/101/2 102/102/2 103/103/2
f 103/103/2 102/102/2 104/104/2
f 103/103/2 104/104/2 105/105/2
f 105/105/2 104/104/2 106/106/2
f 105/105/2 106/106/2 107/107/2
f 107/107/2 106/106/2 108/108/2
f 107/107/2 108/108/2 109/109/2
f 109/109/2 108/108/2 110/110/2
f 109/109/2 110/110/2 111/111/2
f 111/111/2 110/110/2 112/112/2
f 111/111/2 112/112/2 113/113/2
f 113/113/2 112/112/2 114/114/2
f 113/113/2 114/114/2 115/115/2
f 115/115/2 114/114/2 116/116/2
f 115/115/2 116/116/2 117/117/2
f 117/117/2 116/116/2 118/118/2
f 117/117/2 118/118/2 119/119/2
f 119/119/2 118/118/2 120/120/2
f 119/119/2 120/120/2 121/121/2
f 121/121/2 120/120/2 122/122/2
f 121/121/2 122/122/2 123/123/2
f 123/123/2 122/122/2 124/124/2
f 123/123/2 124/124/2 125/125/2
f 125/125/2 124/124/2 126/126/2
f 125/125/2 126/126/2 127/127/2
f 127/127/2 126/126/2 128/128/2
f 127/127/2 128/128/2 129/129/2
f 129/129/2 128/128/2 130/130/2
f 129/129/2 130/130/2 131/131/2
f 131/131/2 130/130/2 132/132/2
f 131/131/2 132/132/2 133/133/2
f 133/133/2 132/132/2 134/134/2
f 133/133/2 134/134/2 135/135/2
f 135/135/2 134/134/2 136/136/2
f 135/135/2 136/136/2 137/137/2
f 137/137/2 136/136/2 138/138/2
f 137/137/2 138/138/2 139/139/2
f 139/139/2 138/138/2 140/140/2
f 139/139/2 140/140/2 141/141/2
f 141/141/2 140/140/2 142/142/2
f 141/141/2 142/142/2 143/143/2
f 143/143/2 142/142/2 144/144/2
f 143/143/2 144/144/2 145/145/2
f 145/145/2 144/144/2 146/146/2
f 145/145/2 146/146/2 147/147/2
f 147/147/2 146/146/2 148/148/2
f 147/147/2 148/148/2 149/149/2
f 149/149/2 148/148/2 150/150/2
f 149/149/2 150/150/2 151/151/2
f 151/151/2 150/150/2 152/152/2
f 151/151/2 152/152/2 77/77/2
f 77/77/2 152/152/2 78/78/2
f 22/153/3 136/154/3 24/155/3
f 24/155/4 136/154/4 134/156/4
f 24/155/4 134/156/4 26/157/4
f 26/157/5 134/156/5 132/158/5
f 26/157/5 132/158/5 28/159/5
f 28/159/6 132/158/6 130/160/6
f 28/159/6 130/160/6 30/161/6
f 30/161/7 130/160/7 128/162/7
f 30/161/7 128/162/7 32/163/7
f 32/163/8 128/162/8 126/164/8
f 32/163/8 126/164/8 34/165/8
f 34/166/9 126/167/9 124/168/9
f 34/166/9 124/168/9 36/169/9
f 36/169/10 124/168/10 122/170/10
f 36/169/10 122/170/10 38/171/10
f 38/171/11 122/170/11 120/172/11
f 38/171/11 120/172/11 40/173/11
f 40/173/12 120/172/12 118/174/12
f 40/173/12 118/174/12 42/175/12
f 42/175/13 118/174/13 116/176/13
f 42/175/13 116/176/13 44/177/13
f 44/177/14 116/176/14 114/178/14
f 44/177/14 114/178/14 46/179/14
f 46/179/15 114/178/15 112/180/15
f 46/179/15 112/180/15 48/181/15
f 48/181/16 112/180/16 110/182/16
f 48/181/16 110/182/16 50/183/16
f 50/183/17 110/182/17 108/184/17
f 50/183/17 108/184/17 52/185/17
f 52/185/18 108/184/18 106/186/18
f 52/185/18 106/186/18 54/187/18
f 54/188/19 106/189/19 104/190/19
f 54/188/19 104/190/19 56/191/19
f 56/191/20 104/190/20 102/192/20
f 56/191/20 102/192/20 58/193/20
f 58/193/21 102/192/21 100/194/21
f 58/193/21 100/194/21 60/195/21
f 60/195/22 100/194/22 98/196/22
f 60/195/22 98/196/22 62/197/22
f 62/197/23 98/196/23 96/198/23
f 62/197/23 96/198/23 64/199/23
f 64/199/24 96/198/24 94/200/24
f 64/199/24 94/200/24 66/201/24
f 66/201/25 94/200/25 92/202/25
f 66/201/25 92/202/25 68/203/25
f 68/203/26 92/202/26 90/204/26
f 68/203/26 90/204/26 70/205/26
f 70/205/27 90/204/27 88/206/27
f 70/205/27 88/206/27 72/207/27
f 72/207/28 88/206/28 86/208/28
f 72/207/28 86/208/28 74/209/28
f 74/210/29 86/211/29 84/212/29
f 74/210/29 84/212/29 76/213/29
f 76/213/30 84/212/30 82/214/30
f 76/213/30 82/214/30 2/215/30
f 2/215/31 82/214/31 80/216/31
f 2/215/31 80/216/31 4/217/31
f 4/217/32 80/216/32 78/218/32
f 4/217/32 78/218/32 6/219/32
f 6/219/33 78/218/33 152/220/33
f 6/219/33 152/220/33 8/221/33
f 8/221/34 152/220/34 150/222/34
f 8/221/34 150/222/34 10/223/34
f 10/223/35 150/222/35 148/224/35
f 10/223/35 148/224/35 12/225/35
f 12/225/36 148/224/36 146/226/36
f 12/225/36 146/226/36 14/227/36
f 14/227/37 146/226/37 144/228/37
f 14/227/37 144/228/37 16/229/37
f 16/230/38 144/231/38 142/232/38
f 16/230/38 142/232/38 18/233/38
f 18/233/39 142/232/39 140/234/39
f 18/233/39 140/234/39 20/235/39
f 20/235/40 140/234/40 138/236/40
f 20/235/40 138/236/40 22/153/40
f 22/153/3 138/236/3 136/154/3
f 25/237/23 135/238/23 23/239/23
f 23/239/22 135/238/22 137/240/22
f 23/239/22 137/240/22 21/241/22
f 21/241/21 137/240/21 139/242/21
f 21/241/21 139/242/21 19/243/21
f 19/243/20 139/242/20 141/244/20
f 19/243/20 141/244/20 17/245/20
f 17/245/19 141/244/19 143/246/19
f 17/245/19 143/246/19 15/247/19
f 15/248/18 143/249/18 145/250/18
f 15/248/18 145/250/18 13/251/18
f 13/251/17 145/250/17 147/252/17
f 13/251/17 147/252/17 11/253/17
f 11/253/16 147/252/16 149/254/16
f 11/253/16 149/254/16 9/255/16
f 9/255/15 149/254/15 151/256/15
f 9/255/15 151/256/15 7/257/15
f 7/257/14 151/256/14 77/258/14
f 7/257/14 77/258/14 5/259/14
f 5/259/13 77/258/13 79/260/13
f 5/259/13 79/260/13 3/261/13
f 3/261/12 79/260/12 81/262/12
f 3/261/12 81/262/12 1/263/12
f 1/263/11 81/262/11 83/264/11
f 1/263/11 83/264/11 75/265/11
f 75/265/10 83/264/10 85/266/10
f 75/265/10 85/266/10 73/267/10
f 73/267/9 85/266/9 87/268/9
f 73/267/9 87/268/9 71/269/9
f 71/270/8 87/271/8 89/272/8
f 71/270/8 89/272/8 69/273/8
f 69/273/7 89/272/7 91/274/7
f 69/273/7 91/274/7 67/275/7
f 67/275/6 91/274/6 93/276/6
f 67/275/6 93/276/6 65/277/6
f 65/277/5 93/276/5 95/278/5
f 65/277/5 95/278/5 63/279/5
f 63/279/4 95/278/4 97/280/4
f 63/279/4 97/280/4 61/281/4
f 61/281/3 97/280/3 99/282/3
f 61/281/3 99/282/3 59/283/3
f 59/283/40 99/282/40 101/284/40
f 59/283/40 101/284/40 57/285/40
f 57/285/39 101/284/39 103/286/39
f 57/285/39 103/286/39 55/287/39
f 55/287/38 103/286/38 105/288/38
f 55/287/38 105/288/38 53/289/38
f 53/290/37 105/291/37 107/292/37
f 53/290/37 107/292/37 51/293/37
f 51/293/36 107/292/36 109/294/36
f 51/293/36 109/294/36 49/295/36
f 49/295/35 109/294/35 111/296/35
f 49/295/35 111/296/35 47/297/35
f 47/297/34 111/296/34 113/298/34
f 47/297/34 113/298/34 45/299/34
f 45/299/33 113/298/33 115/300/33
f 45/299/33 115/300/33 43/301/33
f 43/301/32 115/300/32 117/302/32
f 43/301/32 117/302/32 41/303/32
f 41/303/31 117/302/31 119/304/31
f 41/303/31 119/304/31 39/305/31
f 39/305/30 119/304/30 121/306/30
f 39/305/30 121/306/30 37/307/30
f 37/307/29 121/306/29 123/308/29
f 37/307/29 123/308/29 35/309/29
f 35/310/28 123/311/28 125/312/28
f 35/310/28 125/312/28 33/313/28
f 33/313/27 125/312/27 127/314/27
f 33/313/27 127/314/27 31/315/27
f 31/315/26 127/314/26 129/316/26
f 31/315/26 129/316/26 29/317/26
f 29/317/25 129/316/25 131/318/25
f 29/317/25 131/318/25 27/319/25
f 27/319/24 131/318/24 133/320/24
f 27/319/24 133/320/24 25/237/24
f 25/237/23 133/320/23 135/238/23
f 153/321/2 154/322/2 155/323/2
f 153/321/2 156/324/2 154/322/2
f 154/322/2 156/324/2 157/325/2
f 154/322/2 157/325/2 158/326/2
f 158/326/2 159/327/2 160/328/2
f 155/323/2 161/329/2 153/321/2
f 153/321/2 161/329/2 162/330/2
f 153/321/2 162/330/2 163/331/2
f 158/326/2 164/332/2 159/327/2
f 159/327/2 164/332/2 165/333/2
f 159/327/2 165/333/2 166/334/2
f 160/328/2 167/335/2 158/326/2
f 158/326/2 167/335/2 168/336/2
f 158/326/2 168/336/2 169/337/2
f 169/337/2 170/338/2 158/326/2
f 158/326/2 170/338/2 171/339/2
f 158/326/2 171/339/2 154/322/2
f 163/331/2 172/340/2 153/321/2
f 153/321/2 172/340/2 173/341/2
f 153/321/2 173/341/2 174/342/2
f 175/343/2 153/321/2 176/344/2
f 176/344/2 153/321/2 177/345/2
f 166/334/2 178/346/2 159/327/2
f 159/327/2 178/346/2 179/347/2
f 159/327/2 179/347/2 180/348/2
f 174/342/2 181/349/2 153/321/2
f 153/321/2 181/349/2 182/350/2
f 153/321/2 182/350/2 177/345/2
f 175/343/2 183/351/2 153/321/2
f 153/321/2 183/351/2 184/352/2
f 153/321/2 184/352/2 185/353/2
f 180/348/2 186/354/2 159/327/2
f 159/327/2 186/354/2 187/355/2
f 159/327/2 187/355/2 188/356/2
f 188/356/2 187/355/2 189/357/2
f 190/358/1 191/359/1 192/360/1
f 192/360/1 191/359/1 193/361/1
f 190/358/1 192/360/1 194/362/1
f 194/362/1 192/360/1 195/363/1
f 194/362/1 195/363/1 196/364/1
f 196/364/1 197/365/1 194/362/1
f 194/362/1 197/365/1 198/366/1
f 194/362/1 198/366/1 199/367/1
f 199/367/1 198/366/1 200/368/1
f 200/368/1 198/366/1 201/369/1
f 200/368/1 201/369/1 202/370/1
f 203/371/1 204/372/1 205/373/1
f 205/373/1 204/372/1 206/374/1
f 203/371/1 205/373/1 193/361/1
f 193/361/1 205/373/1 207/375/1
f 193/361/1 207/375/1 208/376/1
f 202/370/1 209/377/1 200/368/1
f 200/368/1 209/377/1 210/378/1
f 200/368/1 210/378/1 211/379/1
f 208/376/1 212/380/1 193/361/1
f 193/361/1 212/380/1 213/381/1
f 193/361/1 213/381/1 192/360/1
f 206/374/1 214/382/1 205/373/1
f 205/373/1 214/382/1 215/383/1
f 205/373/1 215/383/1 216/384/1
f 211/379/1 217/385/1 200/368/1
f 200/368/1 217/385/1 218/386/1
f 200/368/1 218/386/1 219/387/1
f 220/388/41 221/389/41 222/390/41
f 222/390/42 221/389/42 223/391/42
f 222/390/42 223/391/42 224/392/42
f 224/392/43 223/391/43 225/393/43
f 224/392/43 225/393/43 226/394/43
f 226/394/44 225/393/44 227/395/44
f 226/394/44 227/395/44 228/396/44
f 228/396/45 227/395/45 229/397/45
f 228/396/45 229/397/45 230/398/45
f 230/398/46 229/397/46 231/399/46
f 230/398/46 231/399/46 232/400/46
f 232/400/47 231/399/47 233/401/47
f 232/400/47 233/401/47 234/402/47
f 234/403/48 233/404/48 235/405/48
f 234/403/48 235/405/48 236/406/48
f 236/406/49 235/405/49 237/407/49
f 236/406/49 237/407/49 238/408/49
f 238/408/50 237/407/50 239/409/50
f 238/408/50 239/409/50 240/410/50
f 240/410/51 239/409/51 241/411/51
f 240/410/51 241/411/51 242/412/51
f 242/412/52 241/411/52 243/413/52
f 242/412/52 243/413/52 244/414/52
f 244/414/53 243/413/53 245/415/53
f 244/414/53 245/415/53 246/416/53
f 246/416/54 245/415/54 247/417/54
f 246/416/54 247/417/54 248/418/54
f 248/418/55 247/417/55 249/419/55
f 248/418/55 249/419/55 250/420/55
f 250/421/56 249/422/56 251/423/56
f 250/421/56 251/423/56 252/424/56
f 252/424/57 251/423/57 253/425/57
f 252/424/57 253/425/57 254/426/57
f 254/426/58 253/425/58 255/427/58
f 254/426/58 255/427/58 256/428/58
f 256/428/59 255/427/59 257/429/59
f 256/428/59 257/429/59 258/430/59
f 258/430/60 257/429/60 259/431/60
f 258/430/60 259/431/60 260/432/60
f 260/432/61 259/431/61 261/433/61
f 260/432/61 261/433/61 262/434/61
f 262/434/62 261/433/62 263/435/62
f 262/434/62 263/435/62 264/436/62
f 264/437/63 263/438/63 265/439/63
f 264/437/63 265/439/63 266/440/63
f 266/440/64 265/439/64 267/441/64
f 266/440/64 267/441/64 268/442/64
f 268/442/65 267/441/65 269/443/65
f 268/442/65 269/443/65 270/444/65
f 270/444/66 269/443/66 271/445/66
f 270/444/66 271/445/66 272/446/66
f 272/446/67 271/445/67 273/447/67
f 272/446/67 273/447/67 274/448/67
f 274/448/68 273/447/68 275/449/68
f 274/448/68 275/449/68 276/450/68
f 276/450/69 275/449/69 277/451/69
f 276/450/69 277/451/69 278/452/69
f 278/452/70 277/451/70 279/453/70
f 278/452/70 279/453/70 220/454/70
f 220/388/41 279/455/41 221/389/41
f 239/456/1 280/457/1 241/458/1
f 241/458/1 280/457/1 281/459/1
f 241/458/1 281/459/1 243/460/1
f 243/460/1 281/459/1 282/461/1
f 243/460/1 282/461/1 245/462/1
f 245/462/1 282/461/1 283/463/1
f 245/462/1 283/463/1 247/464/1
f 233/465/1 284/466/1 235/467/1
f 235/467/1 284/466/1 285/468/1
f 235/467/1 285/468/1 237/469/1
f 237/469/1 285/468/1 286/470/1
f 237/469/1 286/470/1 239/456/1
f 239/456/1 286/470/1 287/471/1
f 239/456/1 287/471/1 280/457/1
f 225/472/1 288/473/1 227/474/1
f 227/474/1 288/473/1 289/475/1
f 227/474/1 289/475/1 229/476/1
f 229/476/1 289/475/1 290/477/1
f 229/476/1 290/477/1 231/478/1
f 231/478/1 290/477/1 291/479/1
f 231/478/1 291/479/1 233/465/1
f 233/465/1 291/479/1 292/480/1
f 233/465/1 292/480/1 284/466/1
f 277/481/1 293/482/1 279/483/1
f 279/483/1 293/482/1 294/484/1
f 279/483/1 294/484/1 295/485/1
f 295/485/1 294/484/1 296/486/1
f 295/485/1 296/486/1 223/487/1
f 223/487/1 296/486/1 297/488/1
f 223/487/1 297/488/1 225/472/1
f 225/472/1 297/488/1 298/489/1
f 225/472/1 298/489/1 288/473/1
f 269/490/1 299/491/1 271/492/1
f 271/492/1 299/491/1 300/493/1
f 271/492/1 300/493/1 273/494/1
f 273/494/1 300/493/1 301/495/1
f 273/494/1 301/495/1 275/496/1
f 275/496/1 301/495/1 302/497/1
f 275/496/1 302/497/1 277/481/1
f 277/481/1 302/497/1 303/498/1
f 277/481/1 303/498/1 293/482/1
f 263/499/1 304/500/1 265/501/1
f 265/501/1 304/500/1 305/502/1
f 265/501/1 305/502/1 267/503/1
f 267/503/1 305/502/1 306/504/1
f 267/503/1 306/504/1 269/490/1
f 269/490/1 306/504/1 307/505/1
f 269/490/1 307/505/1 299/491/1
f 255/506/1 308/507/1 257/508/1
f 257/508/1 308/507/1 309/509/1
f 257/508/1 309/509/1 259/510/1
f 259/510/1 309/509/1 310/511/1
f 259/510/1 310/511/1 261/512/1
f 261/512/1 310/511/1 311/513/1
f 261/512/1 311/513/1 263/499/1
f 263/499/1 311/513/1 312/514/1
f 263/499/1 312/514/1 304/500/1
f 283/463/1 313/515/1 247/464/1
f 247/464/1 313/515/1 314/516/1
f 247/464/1 314/516/1 249/517/1
f 249/517/1 314/516/1 315/518/1
f 249/517/1 315/518/1 316/519/1
f 316/519/1 315/518/1 317/520/1
f 316/519/1 317/520/1 253/521/1
f 253/521/1 317/520/1 318/522/1
f 253/521/1 318/522/1 255/506/1
f 255/506/1 318/522/1 319/523/1
f 255/506/1 319/523/1 308/507/1
f 320/524/71 297/488/71 321/525/71
f 321/525/72 297/488/72 296/486/72
f 321/525/73 296/486/73 322/526/73
f 322/526/74 296/486/74 323/527/74
f 324/528/75 298/489/75 325/529/75
f 325/529/76 298/489/76 297/488/76
f 325/529/77 297/488/77 326/530/77
f 326/530/78 297/488/78 320/524/78
f 327/531/79 288/473/79 328/532/79
f 328/532/80 288/473/80 298/489/80
f 328/532/81 298/489/81 329/533/81
f 329/533/75 298/489/75 324/528/75
f 330/534/82 289/475/82 331/535/82
f 331/535/83 289/475/83 288/473/83
f 331/535/84 288/473/84 332/536/84
f 332/536/79 288/473/79 327/531/79
f 333/537/85 290/477/85 334/538/85
f 334/538/86 290/477/86 289/475/86
f 334/538/87 289/475/87 335/539/87
f 335/539/82 289/475/82 330/534/82
f 336/540/88 291/479/88 337/541/88
f 337/541/89 291/479/89 290/477/89
f 337/541/90 290/477/90 338/542/90
f 338/542/85 290/477/85 333/537/85
f 339/543/91 292/480/91 340/544/91
f 340/544/92 292/480/92 291/479/92
f 340/544/93 291/479/93 341/545/93
f 341/545/88 291/479/88 336/540/88
f 342/546/94 284/466/94 343/547/94
f 343/547/95 284/466/95 292/480/95
f 343/547/96 292/480/96 344/548/96
f 344/548/91 292/480/91 339/543/91
f 342/546/94 345/549/94 284/466/94
f 284/466/97 345/549/97 346/550/97
f 284/466/98 346/550/98 285/468/98
f 347/551/99 286/470/99 348/552/99
f 348/552/99 286/470/99 285/468/99
f 348/552/100 285/468/100 349/553/100
f 349/553/100 285/468/100 346/550/100
f 350/554/101 287/471/101 351/555/101
f 351/555/102 287/471/102 286/470/102
f 351/555/103 286/470/103 352/556/103
f 352/556/103 286/470/103 347/551/103
f 353/557/104 280/457/104 354/558/104
f 354/558/105 280/457/105 287/471/105
f 354/558/106 287/471/106 355/559/106
f 355/559/106 287/471/106 350/554/106
f 356/560/107 281/459/107 357/561/107
f 357/561/108 281/459/108 280/457/108
f 357/561/109 280/457/109 358/562/109
f 358/562/109 280/457/109 353/557/109
f 359/563/110 282/461/110 360/564/110
f 360/564/111 282/461/111 281/459/111
f 360/564/112 281/459/112 361/565/112
f 361/565/112 281/459/112 356/560/112
f 362/566/113 283/463/113 363/567/113
f 363/567/114 283/463/114 282/461/114
f 363/567/115 282/461/115 364/568/115
f 364/568/115 282/461/115 359/563/115
f 365/569/116 313/515/116 366/570/116
f 366/570/117 313/515/117 283/463/117
f 366/570/118 283/463/118 367/571/118
f 367/571/118 283/463/118 362/566/118
f 368/572/119 314/516/119 369/573/119
f 369/573/120 314/516/120 313/515/120
f 369/573/121 313/515/121 370/574/121
f 370/574/121 313/515/121 365/569/121
f 371/575/122 315/518/122 372/576/122
f 372/576/123 315/518/123 314/516/123
f 372/576/124 314/516/124 373/577/124
f 373/577/124 314/516/124 368/572/124
f 371/575/125 374/578/125 315/518/125
f 315/518/126 374/578/126 375/579/126
f 315/518/127 375/579/127 376/520/127
f 376/520/128 375/579/128 377/580/128
f 376/520/129 377/580/129 378/581/129
f 379/582/130 318/522/130 380/583/130
f 380/583/131 318/522/131 376/520/131
f 380/583/132 376/520/132 381/584/132
f 381/584/133 376/520/133 378/581/133
f 382/585/134 319/523/134 383/586/134
f 383/586/135 319/523/135 318/522/135
f 383/586/136 318/522/136 384/587/136
f 384/587/137 318/522/137 379/582/137
f 385/588/138 308/507/138 386/589/138
f 386/589/139 308/507/139 319/523/139
f 386/589/140 319/523/140 387/590/140
f 387/590/134 319/523/134 382/585/134
f 388/591/141 309/509/141 389/592/141
f 389/592/142 309/509/142 308/507/142
f 389/592/143 308/507/143 390/593/143
f 390/593/138 308/507/138 385/588/138
f 391/594/144 310/511/144 392/595/144
f 392/595/145 310/511/145 309/509/145
f 392/595/146 309/509/146 393/596/146
f 393/596/141 309/509/141 388/591/141
f 394/597/147 311/513/147 395/598/147
f 395/598/148 311/513/148 310/511/148
f 395/598/149 310/511/149 396/599/149
f 396/599/144 310/511/144 391/594/144
f 397/600/150 312/514/150 398/601/150
f 398/601/151 312/514/151 311/513/151
f 398/601/152 311/513/152 399/602/152
f 399/602/147 311/513/147 394/597/147
f 400/603/153 304/500/153 401/604/153
f 401/604/154 304/500/154 312/514/154
f 401/604/155 312/514/155 402/605/155
f 402/605/150 312/514/150 397/600/150
f 400/603/153 403/606/153 304/500/153
f 304/500/156 403/606/156 404/607/156
f 304/500/157 404/607/157 305/502/157
f 405/608/158 306/504/158 406/609/158
f 406/609/158 306/504/158 305/502/158
f 406/609/159 305/502/159 407/610/159
f 407/610/159 305/502/159 404/607/159
f 408/611/160 307/505/160 409/612/160
f 409/612/161 307/505/161 306/504/161
f 409/612/162 306/504/162 410/613/162
f 410/613/162 306/504/162 405/608/162
f 411/614/163 299/491/163 412/615/163
f 412/615/164 299/491/164 307/505/164
f 412/615/165 307/505/165 413/616/165
f 413/616/165 307/505/165 408/611/165
f 414/617/166 300/493/166 415/618/166
f 415/618/167 300/493/167 299/491/167
f 415/618/168 299/491/168 416/619/168
f 416/619/168 299/491/168 411/614/168
f 417/620/169 301/495/169 418/621/169
f 418/621/170 301/495/170 300/493/170
f 418/621/171 300/493/171 419/622/171
f 419/622/171 300/493/171 414/617/171
f 420/623/172 302/497/172 421/624/172
f 421/624/173 302/497/173 301/495/173
f 421/624/174 301/495/174 422/625/174
f 422/625/174 301/495/174 417/620/174
f 423/626/175 303/498/175 424/627/175
f 424/627/176 303/498/176 302/497/176
f 424/627/177 302/497/177 425/628/177
f 425/628/177 302/497/177 420/623/177
f 426/629/178 293/482/178 427/630/178
f 427/630/179 293/482/179 303/498/179
f 427/630/180 303/498/180 428/631/180
f 428/631/180 303/498/180 423/626/180
f 429/632/181 294/484/181 430/633/181
f 430/633/182 294/484/182 293/482/182
f 430/633/183 293/482/183 431/634/183
f 431/634/183 293/482/183 426/629/183
f 429/632/184 432/635/184 294/484/184
f 294/484/185 432/635/185 433/636/185
f 294/484/186 433/636/186 296/486/186
f 296/486/187 433/636/187 434/637/187
f 296/486/188 434/637/188 323/527/188
f 435/638/189 436/639/189 437/640/189
f 437/640/189 436/639/189 438/641/189
f 437/640/190 438/641/190 439/642/190
f 439/642/190 438/641/190 440/643/190
f 439/642/191 440/643/191 441/644/191
f 441/644/191 440/643/191 442/645/191
f 441/644/192 442/645/192 443/646/192
f 443/646/192 442/645/192 444/647/192
f 443/646/193 444/647/193 445/648/193
f 445/648/193 444/647/193 446/649/193
f 445/648/194 446/649/194 447/650/194
f 447/650/194 446/649/194 448/651/194
f 447/650/195 448/651/195 449/652/195
f 449/652/195 448/651/195 450/653/195
f 449/652/44 450/653/44 451/654/44
f 451/654/44 450/653/44 452/655/44
f 451/654/196 452/655/196 453/656/196
f 453/656/196 452/655/196 454/657/196
f 453/656/197 454/657/197 455/658/197
f 455/658/197 454/657/197 456/659/197
f 455/658/198 456/659/198 457/660/198
f 457/660/198 456/659/198 458/661/198
f 457/660/199 458/661/199 459/662/199
f 459/662/199 458/661/199 460/663/199
f 459/662/200 460/663/200 461/664/200
f 461/664/200 460/663/200 462/665/200
f 461/664/201 462/665/201 463/666/201
f 463/666/201 462/665/201 464/667/201
f 463/666/202 464/667/202 465/668/202
f 465/668/202 464/667/202 466/669/202
f 465/668/203 466/669/203 467/670/203
f 467/670/203 466/669/203 468/671/203
f 467/670/204 468/671/204 469/672/204
f 469/672/204 468/671/204 470/673/204
f 469/674/205 470/675/205 471/676/205
f 471/676/205 470/675/205 472/677/205
f 471/676/206 472/677/206 473/678/206
f 473/678/206 472/677/206 474/679/206
f 473/678/207 474/679/207 475/680/207
f 475/680/207 474/679/207 476/681/207
f 475/680/49 476/681/49 477/682/49
f 477/682/49 476/681/49 478/683/49
f 477/682/208 478/683/208 479/684/208
f 479/684/208 478/683/208 480/685/208
f 479/684/209 480/685/209 481/686/209
f 481/686/209 480/685/209 482/687/209
f 481/686/210 482/687/210 483/688/210
f 483/688/210 482/687/210 484/689/210
f 483/688/211 484/689/211 485/690/211
f 485/690/211 484/689/211 486/691/211
f 485/690/212 486/691/212 487/692/212
f 487/692/212 486/691/212 488/693/212
f 487/692/213 488/693/213 489/694/213
f 489/694/213 488/693/213 490/695/213
f 489/694/214 490/695/214 491/696/214
f 491/696/214 490/695/214 492/697/214
f 491/696/215 492/697/215 493/698/215
f 493/698/215 492/697/215 494/699/215
f 493/698/216 494/699/216 495/700/216
f 495/700/216 494/699/216 496/701/216
f 495/700/217 496/701/217 497/702/217
f 497/702/217 496/701/217 498/703/217
f 497/702/218 498/703/218 499/704/218
f 499/704/218 498/703/218 500/705/218
f 499/704/219 500/705/219 501/706/219
f 501/706/219 500/705/219 502/707/219
f 501/706/54 502/707/54 503/708/54
f 503/708/54 502/707/54 504/709/54
f 503/708/220 504/709/220 505/710/220
f 505/710/220 504/709/220 506/711/220
f 505/710/221 506/711/221 507/712/221
f 507/712/221 506/711/221 508/713/221
f 507/712/222 508/713/222 509/714/222
f 509/714/222 508/713/222 510/715/222
f 509/716/223 510/717/223 511/718/223
f 511/718/223 510/717/223 512/719/223
f 511/718/224 512/719/224 513/720/224
f 513/720/224 512/719/224 514/721/224
f 513/720/225 514/721/225 515/722/225
f 515/722/225 514/721/225 516/723/225
f 515/722/226 516/723/226 517/724/226
f 517/724/226 516/723/226 518/725/226
f 517/724/227 518/725/227 519/726/227
f 519/726/227 518/725/227 520/727/227
f 519/726/228 520/727/228 521/728/228
f 521/728/228 520/727/228 522/729/228
f 521/728/229 522/729/229 523/730/229
f 523/730/229 522/729/229 524/731/229
f 523/730/230 524/731/230 525/732/230
f 525/732/230 524/731/230 526/733/230
f 525/732/231 526/733/231 527/734/231
f 527/734/231 526/733/231 528/735/231
f 527/734/59 528/735/59 529/736/59
f 529/736/59 528/735/59 530/737/59
f 529/736/232 530/737/232 531/738/232
f 531/738/232 530/737/232 532/739/232
f 531/738/233 532/739/233 533/740/233
f 533/740/233 532/739/233 534/741/233
f 533/740/234 534/741/234 535/742/234
f 535/742/234 534/741/234 536/743/234
f 535/742/235 536/743/235 537/744/235
f 537/744/235 536/743/235 538/745/235
f 537/744/236 538/745/236 539/746/236
f 539/746/236 538/745/236 540/747/236
f 539/746/237 540/747/237 541/748/237
f 541/748/237 540/747/237 542/749/237
f 541/748/238 542/749/238 543/750/238
f 543/750/238 542/749/238 544/751/238
f 543/750/239 544/751/239 545/752/239
f 545/752/239 544/751/239 546/753/239
f 545/752/240 546/753/240 547/754/240
f 547/754/240 546/753/240 548/755/240
f 547/756/241 548/757/241 549/758/241
f 549/758/241 548/757/241 550/759/241
f 549/758/242 550/759/242 551/760/242
f 551/760/242 550/759/242 552/761/242
f 551/760/243 552/761/243 553/762/243
f 553/762/243 552/761/243 554/763/243
f 553/762/64 554/763/64 555/764/64
f 555/764/64 554/763/64 556/765/64
f 555/764/244 556/765/244 557/766/244
f 557/766/244 556/765/244 558/767/244
f 557/766/245 558/767/245 559/768/245
f 559/768/245 558/767/245 560/769/245
f 559/768/246 560/769/246 561/770/246
f 561/770/246 560/769/246 562/771/246
f 561/770/247 562/771/247 563/772/247
f 563/772/247 562/771/247 564/773/247
f 563/772/248 564/773/248 565/774/248
f 565/774/248 564/773/248 566/775/248
f 565/774/249 566/775/249 567/776/249
f 567/776/249 566/775/249 568/777/249
f 567/776/250 568/777/250 569/778/250
f 569/778/250 568/777/250 570/779/250
f 569/778/251 570/779/251 571/780/251
f 571/780/251 570/779/251 572/781/251
f 571/780/252 572/781/252 573/782/252
f 573/782/252 572/781/252 574/783/252
f 573/782/253 574/783/253 575/784/253
f 575/784/253 574/783/253 576/785/253
f 575/784/254 576/785/254 577/786/254
f 577/786/254 576/785/254 578/787/254
f 577/786/255 578/787/255 579/788/255
f 579/788/255 578/787/255 580/789/255
f 579/788/69 580/789/69 581/790/69
f 581/790/69 580/789/69 582/791/69
f 581/790/256 582/791/256 583/792/256
f 583/792/256 582/791/256 584/793/256
f 583/792/257 584/793/257 585/794/257
f 585/794/257 584/793/257 586/795/257
f 585/796/258 586/797/258 587/798/258
f 587/798/258 586/797/258 588/799/258
f 587/798/259 588/799/259 589/800/259
f 589/800/259 588/799/259 590/801/259
f 589/800/260 590/801/260 435/638/260
f 435/638/260 590/801/260 436/639/260
f 591/802/2 592/803/2 593/804/2
f 593/804/2 592/803/2 594/805/2
f 593/804/2 594/805/2 595/806/2
f 596/807/2 597/808/2 598/809/2
f 598/809/2 597/808/2 599/810/2
f 598/809/2 599/810/2 591/802/2
f 591/802/2 599/810/2 600/811/2
f 591/802/2 600/811/2 592/803/2
f 601/812/2 602/813/2 603/814/2
f 603/814/2 602/813/2 604/815/2
f 603/814/2 604/815/2 605/816/2
f 606/817/2 607/818/2 608/819/2
f 608/819/2 607/818/2 609/820/2
f 608/819/2 609/820/2 610/821/2
f 611/822/2 612/823/2 613/824/2
f 613/824/2 612/823/2 614/825/2
f 613/824/2 614/825/2 615/826/2
f 609/820/2 616/827/2 610/821/2
f 610/821/2 616/827/2 617/828/2
f 610/821/2 617/828/2 618/829/2
f 618/829/2 617/828/2 619/830/2
f 618/829/2 619/830/2 596/807/2
f 596/807/2 619/830/2 620/831/2
f 596/807/2 620/831/2 597/808/2
f 614/825/2 621/832/2 615/826/2
f 615/826/2 621/832/2 622/833/2
f 615/826/2 622/833/2 623/834/2
f 623/834/2 622/833/2 624/835/2
f 623/834/2 624/835/2 601/812/2
f 601/812/2 624/835/2 625/836/2
f 601/812/2 625/836/2 602/813/2
f 594/805/2 626/837/2 595/806/2
f 595/806/2 626/837/2 627/838/2
f 595/806/2 627/838/2 628/839/2
f 628/839/2 627/838/2 629/840/2
f 628/839/2 629/840/2 611/822/2
f 611/822/2 629/840/2 630/841/2
f 611/822/2 630/841/2 612/823/2
f 631/842/2 632/843/2 633/844/2
f 633/844/2 632/843/2 634/845/2
f 633/844/2 634/845/2 635/846/2
f 635/846/2 634/845/2 636/847/2
f 635/846/2 636/847/2 606/817/2
f 606/817/2 636/847/2 637/848/2
f 606/817/2 637/848/2 607/818/2
f 638/849/2 639/850/2 640/851/2
f 640/851/2 639/850/2 641/852/2
f 640/851/2 641/852/2 631/842/2
f 631/842/2 641/852/2 642/853/2
f 631/842/2 642/853/2 632/843/2
f 643/854/2 644/855/2 645/856/2
f 645/856/2 644/855/2 646/857/2
f 645/856/2 646/857/2 638/849/2
f 638/849/2 646/857/2 647/858/2
f 638/849/2 647/858/2 639/850/2
f 648/859/2 649/860/2 650/861/2
f 650/861/2 649/860/2 651/862/2
f 650/861/2 651/862/2 652/863/2
f 653/864/2 654/865/2 655/866/2
f 655/866/2 654/865/2 656/867/2
f 655/866/2 656/867/2 648/859/2
f 648/859/2 656/867/2 657/868/2
f 648/859/2 657/868/2 649/860/2
f 658/869/2 659/870/2 660/871/2
f 660/871/2 659/870/2 661/872/2
f 660/871/2 661/872/2 662/873/2
f 663/874/2 664/875/2 665/876/2
f 665/876/2 664/875/2 666/877/2
f 665/876/2 666/877/2 667/878/2
f 668/879/2 669/880/2 670/881/2
f 670/881/2 669/880/2 671/882/2
f 670/881/2 671/882/2 643/854/2
f 643/854/2 671/882/2 672/883/2
f 643/854/2 672/883/2 644/855/2
f 661/872/2 673/884/2 662/873/2
f 662/873/2 673/884/2 674/885/2
f 662/873/2 674/885/2 675/886/2
f 675/886/2 674/885/2 676/887/2
f 675/886/2 676/887/2 668/879/2
f 668/879/2 676/887/2 677/888/2
f 668/879/2 677/888/2 669/880/2
f 678/889/2 679/890/2 680/891/2
f 680/891/2 679/890/2 681/892/2
f 680/891/2 681/892/2 658/869/2
f 658/869/2 681/892/2 682/893/2
f 658/869/2 682/893/2 659/870/2
f 666/877/2 683/894/2 667/878/2
f 667/878/2 683/894/2 684/895/2
f 667/878/2 684/895/2 685/896/2
f 685/896/2 684/895/2 686/897/2
f 685/896/2 686/897/2 653/864/2
f 653/864/2 686/897/2 687/898/2
f 653/864/2 687/898/2 654/865/2
f 604/815/2 688/899/2 605/816/2
f 605/816/2 688/899/2 689/900/2
f 605/816/2 689/900/2 690/901/2
f 690/901/2 689/900/2 691/902/2
f 690/901/2 691/902/2 692/903/2
f 692/903/2 691/902/2 693/904/2
f 692/903/2 693/904/2 663/874/2
f 663/874/2 693/904/2 694/905/2
f 663/874/2 694/905/2 664/875/2
f 695/906/2 696/907/2 697/908/2
f 697/908/2 696/907/2 698/909/2
f 697/908/2 698/909/2 678/889/2
f 678/889/2 698/909/2 699/910/2
f 678/889/2 699/910/2 679/890/2
f 651/862/2 700/911/2 652/863/2
f 652/863/2 700/911/2 701/912/2
f 652/863/2 701/912/2 702/913/2
f 702/913/2 701/912/2 703/914/2
f 702/913/2 703/914/2 704/915/2
f 705/916/2 706/917/2 707/918/2
f 707/918/2 706/917/2 708/919/2
f 707/918/2 708/919/2 709/920/2
f 703/914/2 710/921/2 704/915/2
f 704/915/2 710/921/2 711/922/2
f 704/915/2 711/922/2 712/923/2
f 712/923/2 711/922/2 713/924/2
f 712/923/2 713/924/2 705/916/2
f 705/916/2 713/924/2 714/925/2
f 705/916/2 714/925/2 706/917/2
f 708/919/2 715/926/2 709/920/2
f 709/920/2 715/926/2 716/927/2
f 709/920/2 716/927/2 717/928/2
f 717/928/2 716/927/2 718/929/2
f 717/928/2 718/929/2 719/930/2
f 719/930/2 718/929/2 720/931/2
f 719/930/2 720/931/2 695/906/2
f 695/906/2 720/931/2 721/932/2
f 695/906/2 721/932/2 696/907/2
f 722/933/261 723/934/261 724/935/261
f 724/935/262 723/934/262 725/936/262
f 725/936/263 723/934/263 726/937/263
f 725/936/264 726/937/264 727/938/264
f 727/938/265 726/937/265 728/939/265
f 727/938/266 728/939/266 729/940/266
f 729/940/267 728/939/267 730/941/267
f 729/940/268 730/941/268 731/942/268
f 731/942/269 730/941/269 732/943/269
f 732/943/270 730/941/270 733/944/270
f 732/943/271 733/944/271 734/945/271
f 735/946/272 736/947/272 737/948/272
f 735/946/273 737/948/273 738/949/273
f 738/949/274 737/948/274 739/950/274
f 738/949/275 739/950/275 740/951/275
f 740/951/276 739/950/276 741/952/276
f 740/951/277 741/952/277 742/953/277
f 742/953/278 741/952/278 743/954/278
f 742/953/279 743/954/279 734/945/279
f 734/945/280 743/954/280 744/955/280
f 734/945/280 744/955/280 732/943/280
f 736/947/272 735/946/272 745/956/272
f 745/956/281 735/946/281 746/957/281
f 745/956/282 746/957/282 747/958/282
f 747/958/283 746/957/283 748/959/283
f 747/958/284 748/959/284 749/960/284
f 749/960/285 748/959/285 750/961/285
f 749/960/286 750/961/286 751/962/286
f 751/963/287 750/964/287 752/965/287
f 751/962/288 752/966/288 753/967/288
f 753/968/289 752/965/289 754/969/289
f 754/969/290 752/965/290 755/970/290
f 754/969/291 755/970/291 756/971/291
f 756/971/292 755/970/292 757/972/292
f 756/971/293 757/972/293 758/973/293
f 758/973/294 757/972/294 759/974/294
f 758/973/295 759/974/295 760/975/295
f 760/975/296 759/974/296 761/976/296
f 760/975/297 761/976/297 762/977/297
f 762/977/298 761/976/298 763/978/298
f 763/978/299 761/976/299 764/979/299
f 763/978/300 764/979/300 765/980/300
f 766/981/301 767/982/301 768/983/301
f 766/981/302 768/983/302 769/984/302
f 769/984/303 768/983/303 770/985/303
f 769/984/304 770/985/304 771/986/304
f 771/986/305 770/985/305 772/987/305
f 771/986/306 772/987/306 773/988/306
f 773/988/307 772/987/307 774/989/307
f 773/988/308 774/989/308 765/980/308
f 765/980/309 774/989/309 775/990/309
f 765/980/309 775/990/309 763/978/309
f 767/982/301 766/981/301 776/991/301
f 776/991/310 766/981/310 777/992/310
f 776/991/311 777/992/311 778/993/311
f 778/993/312 777/992/312 779/994/312
f 778/993/313 779/994/313 780/995/313
f 780/995/314 779/994/314 781/996/314
f 780/995/315 781/996/315 782/997/315
f 782/997/316 781/996/316 783/998/316
f 782/997/317 783/998/317 784/999/317
f 784/999/318 783/998/318 785/1000/318
f 785/1000/319 783/998/319 786/1001/319
f 785/1000/320 786/1001/320 787/1002/320
f 787/1002/321 786/1001/321 788/1003/321
f 787/1002/322 788/1003/322 789/1004/322
f 789/1004/323 788/1003/323 790/1005/323
f 789/1004/324 790/1005/324 791/1006/324
f 791/1006/325 790/1005/325 792/1007/325
f 791/1006/326 792/1007/326 793/1008/326
f 793/1009/327 792/1010/327 794/1011/327
f 794/1011/328 792/1010/328 795/1012/328
f 794/1011/329 795/1012/329 796/1013/329
f 797/1014/330 798/1015/330 799/1016/330
f 797/1014/331 799/1016/331 800/1017/331
f 800/1017/332 799/1016/332 801/1018/332
f 800/1017/333 801/1018/333 802/1019/333
f 802/1019/334 801/1018/334 803/1020/334
f 802/1019/335 803/1020/335 804/1021/335
f 804/1021/336 803/1020/336 805/1022/336
f 804/1021/337 805/1022/337 796/1013/337
f 796/1013/338 805/1022/338 806/1023/338
f 796/1013/338 806/1023/338 794/1011/338
f 798/1015/339 797/1014/339 807/1024/339
f 807/1024/340 797/1014/340 808/1025/340
f 807/1024/341 808/1025/341 809/1026/341
f 809/1026/342 808/1025/342 810/1027/342
f 809/1026/343 810/1027/343 811/1028/343
f 811/1028/344 810/1027/344 812/1029/344
f 811/1028/345 812/1029/345 813/1030/345
f 813/1030/346 812/1029/346 814/1031/346
f 813/1030/347 814/1031/347 815/1032/347
f 815/1032/348 814/1031/348 816/1033/348
f 816/1033/349 814/1031/349 817/1034/349
f 816/1033/350 817/1034/350 818/1035/350
f 818/1035/351 817/1034/351 819/1036/351
f 818/1035/352 819/1036/352 820/1037/352
f 820/1037/353 819/1036/353 821/1038/353
f 820/1037/354 821/1038/354 822/1039/354
f 822/1039/355 821/1038/355 823/1040/355
f 822/1039/356 823/1040/356 824/1041/356
f 824/1041/357 823/1040/357 825/1042/357
f 825/1042/358 823/1040/358 826/1043/358
f 825/1042/359 826/1043/359 827/1044/359
f 828/1045/360 829/1046/360 830/1047/360
f 828/1045/361 830/1047/361 831/1048/361
f 831/1048/362 830/1047/362 832/1049/362
f 831/1048/363 832/1049/363 833/1050/363
f 833/1051/364 832/1052/364 834/1053/364
f 833/1051/365 834/1053/365 835/1054/365
f 835/1054/366 834/1053/366 836/1055/366
f 835/1054/367 836/1055/367 827/1044/367
f 827/1044/368 836/1055/368 837/1056/368
f 827/1044/369 837/1056/369 825/1042/369
f 829/1046/370 828/1045/370 838/1057/370
f 838/1057/371 828/1045/371 839/1058/371
f 838/1057/372 839/1058/372 840/1059/372
f 840/1059/373 839/1058/373 841/1060/373
f 840/1059/374 841/1060/374 842/1061/374
f 842/1061/375 841/1060/375 843/1062/375
f 842/1061/376 843/1062/376 844/1063/376
f 844/1063/377 843/1062/377 845/1064/377
f 844/1063/378 845/1064/378 846/1065/378
f 846/1065/379 845/1064/379 847/1066/379
f 847/1066/380 845/1064/380 848/1067/380
f 847/1066/381 848/1067/381 849/1068/381
f 849/1068/382 848/1067/382 850/1069/382
f 849/1068/383 850/1069/383 851/1070/383
f 851/1070/384 850/1069/384 852/1071/384
f 851/1070/385 852/1071/385 853/1072/385
f 853/1072/386 852/1071/386 854/1073/386
f 853/1072/387 854/1073/387 855/1074/387
f 855/1074/388 854/1073/388 856/1075/388
f 856/1075/389 854/1073/389 857/1076/389
f 856/1075/390 857/1076/390 858/1077/390
f 859/1078/391 860/1079/391 861/1080/391
f 861/1080/392 860/1079/392 862/1081/392
f 861/1080/393 862/1081/393 863/1082/393
f 863/1082/394 862/1081/394 864/1083/394
f 863/1082/395 864/1083/395 865/1084/395
f 865/1084/396 864/1083/396 866/1085/396
f 865/1084/397 866/1085/397 858/1077/397
f 858/1077/398 866/1085/398 867/1086/398
f 858/1077/398 867/1086/398 856/1075/398
f 868/1087/399 869/1088/399 870/1089/399
f 870/1089/400 869/1088/400 871/1090/400
f 870/1091/401 871/1092/401 872/1093/401
f 872/1093/402 871/1092/402 873/1094/402
f 872/1093/403 873/1094/403 874/1095/403
f 874/1095/404 873/1094/404 875/1096/404
f 874/1095/405 875/1096/405 859/1078/405
f 859/1078/406 875/1096/406 876/1097/406
f 859/1078/406 876/1097/406 860/1079/406
f 724/935/407 877/1098/407 722/933/407
f 722/933/408 877/1098/408 878/1099/408
f 722/933/409 878/1099/409 879/1100/409
f 879/1100/410 878/1099/410 880/1101/410
f 879/1100/411 880/1101/411 881/1102/411
f 881/1102/412 880/1101/412 882/1103/412
f 881/1102/413 882/1103/413 883/1104/413
f 883/1104/414 882/1103/414 884/1105/414
f 883/1104/415 884/1105/415 868/1087/415
f 868/1087/416 884/1105/416 885/1106/416
f 868/1087/416 885/1106/416 869/1088/416
f 220/1107/417 190/358/417 278/1108/417
f 278/1108/417 190/358/417 194/362/417
f 278/1108/418 194/362/418 276/1109/418
f 276/1109/419 194/362/419 199/367/419
f 276/1109/420 199/367/420 274/1110/420
f 274/1110/420 199/367/420 200/368/420
f 274/1110/421 200/368/421 272/1111/421
f 272/1111/421 200/368/421 219/387/421
f 272/1111/422 219/387/422 270/1112/422
f 270/1112/422 219/387/422 218/386/422
f 270/1112/423 218/386/423 268/1113/423
f 268/1113/424 218/386/424 217/385/424
f 268/1113/425 217/385/425 266/1114/425
f 266/1114/425 217/385/425 211/379/425
f 266/1114/426 211/379/426 264/1115/426
f 264/1115/427 211/379/427 210/378/427
f 264/1115/428 210/378/428 262/1116/428
f 262/1116/428 210/378/428 209/377/428
f 262/1116/429 209/377/429 260/1117/429
f 260/1117/429 209/377/429 202/370/429
f 260/1117/430 202/370/430 258/1118/430
f 258/1118/431 202/370/431 201/369/431
f 258/1118/432 201/369/432 256/1119/432
f 256/1119/433 201/369/433 198/366/433
f 256/1119/434 198/366/434 254/1120/434
f 254/1120/434 198/366/434 197/365/434
f 254/1120/435 197/365/435 886/1121/435
f 886/1121/436 197/365/436 887/364/436
f 886/1121/437 887/364/437 250/1122/437
f 250/1122/438 887/364/438 195/363/438
f 250/1122/439 195/363/439 248/1123/439
f 248/1123/439 195/363/439 192/360/439
f 248/1123/440 192/360/440 246/1124/440
f 246/1124/441 192/360/441 213/381/441
f 246/1124/442 213/381/442 244/1125/442
f 244/1125/442 213/381/442 212/380/442
f 244/1125/443 212/380/443 242/1126/443
f 242/1126/443 212/380/443 208/376/443
f 242/1126/444 208/376/444 240/1127/444
f 240/1127/444 208/376/444 207/375/444
f 240/1127/445 207/375/445 238/1128/445
f 238/1128/446 207/375/446 205/373/446
f 238/1128/447 205/373/447 236/1129/447
f 236/1129/447 205/373/447 216/384/447
f 236/1129/448 216/384/448 234/1130/448
f 234/1130/449 216/384/449 215/383/449
f 234/1130/450 215/383/450 232/1131/450
f 232/1131/450 215/383/450 214/382/450
f 232/1131/451 214/382/451 230/1132/451
f 230/1132/451 214/382/451 206/374/451
f 230/1132/452 206/374/452 228/1133/452
f 228/1133/453 206/374/453 204/372/453
f 228/1133/454 204/372/454 226/1134/454
f 226/1134/455 204/372/455 203/371/455
f 226/1134/456 203/371/456 224/1135/456
f 224/1135/456 203/371/456 193/361/456
f 224/1135/457 193/361/457 222/1136/457
f 222/1136/458 193/361/458 191/359/458
f 222/1136/459 191/359/459 220/1107/459
f 220/1107/460 191/359/460 190/358/460
f 888/1137/461 889/1021/461 890/1138/461
f 890/1138/462 889/1021/462 796/1013/462
f 890/1138/462 796/1013/462 891/1139/462
f 891/1139/463 796/1013/463 795/1012/463
f 891/1139/464 795/1012/464 892/1140/464
f 892/1140/465 795/1012/465 792/1010/465
f 892/1140/466 792/1010/466 893/1141/466
f 893/1142/467 792/1007/467 790/1005/467
f 893/1142/468 790/1005/468 894/1143/468
f 894/1143/469 790/1005/469 788/1003/469
f 894/1143/470 788/1003/470 895/1144/470
f 895/1144/471 788/1003/471 786/1001/471
f 895/1144/472 786/1001/472 896/1145/472
f 896/1145/473 786/1001/473 783/998/473
f 896/1145/474 783/998/474 897/1146/474
f 897/1146/475 783/998/475 781/996/475
f 897/1146/476 781/996/476 898/1147/476
f 898/1147/477 781/996/477 779/994/477
f 898/1147/478 779/994/478 899/1148/478
f 899/1148/479 779/994/479 777/992/479
f 899/1148/480 777/992/480 900/1149/480
f 900/1149/481 777/992/481 766/981/481
f 900/1149/481 766/981/481 901/1150/481
f 901/1150/482 766/981/482 769/984/482
f 901/1150/482 769/984/482 902/1151/482
f 902/1151/483 769/984/483 771/986/483
f 902/1151/483 771/986/483 903/1152/483
f 903/1152/484 771/986/484 773/988/484
f 903/1152/484 773/988/484 904/1153/484
f 904/1153/485 773/988/485 765/980/485
f 904/1153/485 765/980/485 905/1154/485
f 905/1154/486 765/980/486 764/979/486
f 905/1154/486 764/979/486 906/1155/486
f 906/1155/487 764/979/487 761/976/487
f 906/1155/488 761/976/488 907/1156/488
f 907/1156/489 761/976/489 759/974/489
f 907/1156/489 759/974/489 908/1157/489
f 908/1157/490 759/974/490 757/972/490
f 908/1157/490 757/972/490 909/1158/490
f 909/1158/491 757/972/491 755/970/491
f 909/1158/491 755/970/491 910/1159/491
f 910/1159/492 755/970/492 752/965/492
f 910/1159/493 752/965/493 911/1160/493
f 911/1160/494 752/965/494 750/964/494
f 911/1160/494 750/964/494 912/1161/494
f 912/1162/495 750/961/495 748/959/495
f 912/1162/495 748/959/495 913/1163/495
f 913/1163/496 748/959/496 746/957/496
f 913/1163/496 746/957/496 914/1164/496
f 914/1164/497 746/957/497 735/946/497
f 914/1164/497 735/946/497 915/1165/497
f 915/1165/498 735/946/498 738/949/498
f 915/1165/498 738/949/498 916/1166/498
f 916/1166/499 738/949/499 740/951/499
f 916/1166/499 740/951/499 917/1167/499
f 917/1167/500 740/951/500 742/953/500
f 917/1167/501 742/953/501 918/1168/501
f 918/1168/502 742/953/502 734/945/502
f 918/1168/503 734/945/503 919/1169/503
f 919/1169/504 734/945/504 733/944/504
f 919/1169/505 733/944/505 920/1170/505
f 920/1170/506 733/944/506 730/941/506
f 920/1170/507 730/941/507 921/1171/507
f 921/1171/508 730/941/508 728/939/508
f 921/1171/509 728/939/509 922/1172/509
f 922/1172/510 728/939/510 726/937/510
f 922/1172/511 726/937/511 923/1173/511
f 923/1173/512 726/937/512 723/934/512
f 923/1173/513 723/934/513 924/1174/513
f 924/1174/514 723/934/514 722/933/514
f 924/1174/515 722/933/515 925/1175/515
f 925/1175/516 722/933/516 879/1100/516
f 925/1175/517 879/1100/517 926/1176/517
f 926/1176/518 879/1100/518 927/1102/518
f 926/1176/518 927/1102/518 928/1177/518
f 928/1177/519 927/1102/519 883/1104/519
f 928/1177/519 883/1104/519 929/1178/519
f 929/1178/520 883/1104/520 868/1087/520
f 929/1178/521 868/1087/521 930/1179/521
f 930/1179/522 868/1087/522 870/1089/522
f 930/1179/523 870/1089/523 931/1180/523
f 931/1181/524 870/1091/524 872/1093/524
f 931/1181/525 872/1093/525 932/1182/525
f 932/1182/526 872/1093/526 874/1095/526
f 932/1182/527 874/1095/527 933/1183/527
f 933/1183/528 874/1095/528 859/1078/528
f 933/1183/529 859/1078/529 934/1184/529
f 934/1184/530 859/1078/530 861/1080/530
f 934/1184/531 861/1080/531 935/1185/531
f 935/1185/532 861/1080/532 863/1082/532
f 935/1185/533 863/1082/533 936/1186/533
f 936/1186/534 863/1082/534 865/1084/534
f 936/1186/535 865/1084/535 937/1187/535
f 937/1187/536 865/1084/536 858/1077/536
f 937/1187/537 858/1077/537 938/1188/537
f 938/1188/538 858/1077/538 857/1076/538
f 938/1188/538 857/1076/538 939/1189/538
f 939/1189/539 857/1076/539 854/1073/539
f 939/1189/539 854/1073/539 940/1190/539
f 940/1190/540 854/1073/540 852/1071/540
f 940/1190/540 852/1071/540 941/1191/540
f 941/1191/541 852/1071/541 850/1069/541
f 941/1191/541 850/1069/541 942/1192/541
f 942/1192/542 850/1069/542 848/1067/542
f 942/1192/542 848/1067/542 943/1193/542
f 943/1193/543 848/1067/543 845/1064/543
f 943/1193/543 845/1064/543 944/1194/543
f 944/1194/544 845/1064/544 843/1062/544
f 944/1194/545 843/1062/545 945/1195/545
f 945/1195/546 843/1062/546 841/1060/546
f 945/1195/546 841/1060/546 946/1196/546
f 946/1196/547 841/1060/547 839/1058/547
f 946/1196/547 839/1058/547 947/1197/547
f 947/1197/548 839/1058/548 828/1045/548
f 947/1197/548 828/1045/548 948/1198/548
f 948/1198/549 828/1045/549 831/1048/549
f 948/1198/550 831/1048/550 949/1199/550
f 949/1199/551 831/1048/551 833/1050/551
f 949/1199/551 833/1050/551 950/1200/551
f 950/1201/552 833/1051/552 835/1054/552
f 950/1201/552 835/1054/552 951/1202/552
f 951/1202/553 835/1054/553 827/1044/553
f 951/1202/553 827/1044/553 952/1203/553
f 952/1203/554 827/1044/554 826/1043/554
f 952/1203/554 826/1043/554 953/1204/554
f 953/1204/555 826/1043/555 823/1040/555
f 953/1204/555 823/1040/555 954/1205/555
f 954/1205/556 823/1040/556 821/1038/556
f 954/1205/556 821/1038/556 955/1206/556
f 955/1206/557 821/1038/557 819/1036/557
f 955/1206/558 819/1036/558 956/1207/558
f 956/1207/559 819/1036/559 817/1034/559
f 956/1207/560 817/1034/560 957/1208/560
f 957/1208/561 817/1034/561 814/1031/561
f 957/1208/562 814/1031/562 958/1209/562
f 958/1209/563 814/1031/563 812/1029/563
f 958/1209/564 812/1029/564 959/1210/564
f 959/1210/565 812/1029/565 810/1027/565
f 959/1210/566 810/1027/566 960/1211/566
f 960/1211/567 810/1027/567 808/1025/567
f 960/1211/568 808/1025/568 961/1212/568
f 961/1212/569 808/1025/569 797/1014/569
f 961/1212/570 797/1014/570 962/1213/570
f 962/1213/571 797/1014/571 800/1017/571
f 962/1213/572 800/1017/572 963/1214/572
f 963/1214/573 800/1017/573 802/1019/573
f 963/1214/574 802/1019/574 888/1137/574
f 888/1137/461 802/1019/461 889/1021/461
f 964/1215/575 890/1216/575 965/1217/575
f 965/1217/576 890/1216/576 891/1218/576
f 965/1217/576 891/1218/576 966/1219/576
f 966/1219/577 891/1218/577 892/1220/577
f 966/1219/577 892/1220/577 967/1221/577
f 967/1221/578 892/1220/578 893/1222/578
f 967/1221/578 893/1222/578 968/1223/578
f 968/1223/579 893/1222/579 894/1224/579
f 968/1223/579 894/1224/579 969/1225/579
f 969/1225/580 894/1224/580 895/1226/580
f 969/1225/580 895/1226/580 970/1227/580
f 970/1227/581 895/1226/581 896/1228/581
f 970/1227/581 896/1228/581 971/1229/581
f 971/1229/582 896/1228/582 897/1230/582
f 971/1229/582 897/1230/582 972/1231/582
f 972/1231/583 897/1230/583 898/1232/583
f 972/1231/583 898/1232/583 973/1233/583
f 973/1234/584 898/1147/584 899/1148/584
f 973/1234/584 899/1148/584 974/1235/584
f 974/1235/585 899/1148/585 900/1149/585
f 974/1235/586 900/1149/586 975/1236/586
f 975/1236/587 900/1149/587 901/1150/587
f 975/1236/588 901/1150/588 976/1237/588
f 976/1237/589 901/1150/589 902/1151/589
f 976/1237/589 902/1151/589 977/1238/589
f 977/1238/590 902/1151/590 903/1152/590
f 977/1238/590 903/1152/590 978/1239/590
f 978/1239/591 903/1152/591 904/1153/591
f 978/1239/591 904/1153/591 979/1240/591
f 979/1240/592 904/1153/592 905/1154/592
f 979/1240/592 905/1154/592 980/1241/592
f 980/1241/593 905/1154/593 906/1155/593
f 980/1241/593 906/1155/593 981/1242/593
f 981/1243/594 906/1244/594 907/1245/594
f 981/1243/594 907/1245/594 982/1246/594
f 982/1246/595 907/1245/595 908/1247/595
f 982/1246/595 908/1247/595 983/1248/595
f 983/1248/596 908/1247/596 909/1249/596
f 983/1248/596 909/1249/596 984/1250/596
f 984/1250/597 909/1249/597 910/1251/597
f 984/1250/597 910/1251/597 985/1252/597
f 985/1252/598 910/1251/598 911/1253/598
f 985/1252/598 911/1253/598 986/1254/598
f 986/1254/599 911/1253/599 912/1255/599
f 986/1254/599 912/1255/599 987/1256/599
f 987/1256/600 912/1255/600 913/1257/600
f 987/1256/600 913/1257/600 988/1258/600
f 988/1258/601 913/1257/601 914/1259/601
f 988/1258/601 914/1259/601 989/1260/601
f 989/1260/602 914/1259/602 915/1261/602
f 989/1260/602 915/1261/602 990/1262/602
f 990/1262/603 915/1261/603 916/1263/603
f 990/1262/603 916/1263/603 991/1264/603
f 991/1264/604 916/1263/604 917/1265/604
f 991/1264/605 917/1265/605 992/1266/605
f 992/1267/606 917/1167/606 918/1168/606
f 992/1267/607 918/1168/607 993/1268/607
f 993/1268/608 918/1168/608 919/1169/608
f 993/1268/608 919/1169/608 994/1269/608
f 994/1269/609 919/1169/609 920/1170/609
f 994/1269/610 920/1170/610 995/1270/610
f 995/1270/611 920/1170/611 921/1171/611
f 995/1270/612 921/1171/612 996/1271/612
f 996/1271/613 921/1171/613 922/1172/613
f 996/1271/613 922/1172/613 997/1272/613
f 997/1272/614 922/1172/614 923/1173/614
f 997/1272/614 923/1173/614 998/1273/614
f 998/1273/615 923/1173/615 924/1174/615
f 998/1273/616 924/1174/616 999/1274/616
f 999/1274/617 924/1174/617 925/1175/617
f 999/1274/617 925/1175/617 1000/1275/617
f 1000/1276/618 925/1277/618 926/1278/618
f 1000/1276/618 926/1278/618 1001/1279/618
f 1001/1279/619 926/1278/619 928/1280/619
f 1001/1279/619 928/1280/619 1002/1281/619
f 1002/1281/620 928/1280/620 929/1282/620
f 1002/1281/620 929/1282/620 1003/1283/620
f 1003/1283/621 929/1282/621 930/1284/621
f 1003/1283/621 930/1284/621 1004/1285/621
f 1004/1285/622 930/1284/622 931/1286/622
f 1004/1285/622 931/1286/622 1005/1287/622
f 1005/1287/623 931/1286/623 932/1288/623
f 1005/1287/623 932/1288/623 1006/1289/623
f 1006/1289/624 932/1288/624 933/1290/624
f 1006/1289/624 933/1290/624 1007/1291/624
f 1007/1291/625 933/1290/625 934/1292/625
f 1007/1291/625 934/1292/625 1008/1293/625
f 1008/1293/626 934/1292/626 935/1294/626
f 1008/1293/626 935/1294/626 1009/1295/626
f 1009/1295/627 935/1294/627 936/1296/627
f 1009/1295/627 936/1296/627 1010/1297/627
f 1010/1297/628 936/1296/628 937/1298/628
f 1010/1297/628 937/1298/628 1011/1299/628
f 1011/1300/629 937/1187/629 938/1188/629
f 1011/1300/630 938/1188/630 1012/1301/630
f 1012/1301/631 938/1188/631 939/1189/631
f 1012/1301/632 939/1189/632 1013/1302/632
f 1013/1302/633 939/1189/633 940/1190/633
f 1013/1302/633 940/1190/633 1014/1303/633
f 1014/1303/634 940/1190/634 941/1191/634
f 1014/1303/634 941/1191/634 1015/1304/634
f 1015/1304/635 941/1191/635 942/1192/635
f 1015/1304/635 942/1192/635 1016/1305/635
f 1016/1305/636 942/1192/636 943/1193/636
f 1016/1305/636 943/1193/636 1017/1306/636
f 1017/1306/637 943/1193/637 944/1194/637
f 1017/1306/637 944/1194/637 1018/1307/637
f 1018/1307/638 944/1194/638 945/1195/638
f 1018/1307/638 945/1195/638 1019/1308/638
f 1019/1309/639 945/1310/639 946/1311/639
f 1019/1309/639 946/1311/639 1020/1312/639
f 1020/1312/640 946/1311/640 947/1313/640
f 1020/1312/640 947/1313/640 1021/1314/640
f 1021/1314/641 947/1313/641 948/1315/641
f 1021/1314/641 948/1315/641 1022/1316/641
f 1022/1316/642 948/1315/642 949/1317/642
f 1022/1316/642 949/1317/642 1023/1318/642
f 1023/1318/643 949/1317/643 950/1319/643
f 1023/1318/643 950/1319/643 1024/1320/643
f 1024/1320/644 950/1319/644 951/1321/644
f 1024/1320/644 951/1321/644 1025/1322/644
f 1025/1322/645 951/1321/645 952/1323/645
f 1025/1322/645 952/1323/645 1026/1324/645
f 1026/1324/646 952/1323/646 953/1325/646
f 1026/1324/646 953/1325/646 1027/1326/646
f 1027/1326/647 953/1325/647 954/1327/647
f 1027/1326/647 954/1327/647 1028/1328/647
f 1028/1328/648 954/1327/648 955/1329/648
f 1028/1328/649 955/1329/649 1029/1330/649
f 1029/1331/650 955/1206/650 956/1207/650
f 1029/1331/651 956/1207/651 1030/1332/651
f 1030/1332/652 956/1207/652 957/1208/652
f 1030/1332/652 957/1208/652 1031/1333/652
f 1031/1333/653 957/1208/653 958/1209/653
f 1031/1333/654 958/1209/654 1032/1334/654
f 1032/1334/655 958/1209/655 959/1210/655
f 1032/1334/656 959/1210/656 1033/1335/656
f 1033/1335/657 959/1210/657 960/1211/657
f 1033/1335/657 960/1211/657 1034/1336/657
f 1034/1336/658 960/1211/658 961/1212/658
f 1034/1336/658 961/1212/658 1035/1337/658
f 1035/1337/659 961/1212/659 962/1213/659
f 1035/1337/660 962/1213/660 1036/1338/660
f 1036/1338/661 962/1213/661 963/1214/661
f 1036/1338/661 963/1214/661 1037/1339/661
f 1037/1340/662 963/1341/662 888/1342/662
f 1037/1340/662 888/1342/662 964/1215/662
f 964/1215/575 888/1342/575 890/1216/575
f 1038/1343/663 965/1217/663 1039/1344/663
f 1039/1344/664 965/1217/664 966/1219/664
f 1039/1344/664 966/1219/664 1040/1345/664
f 1040/1345/665 966/1219/665 967/1221/665
f 1040/1345/665 967/1221/665 1041/1346/665
f 1041/1346/666 967/1221/666 968/1223/666
f 1041/1346/666 968/1223/666 1042/1347/666
f 1042/1347/667 968/1223/667 969/1225/667
f 1042/1347/667 969/1225/667 1043/1348/667
f 1043/1348/668 969/1225/668 970/1227/668
f 1043/1348/668 970/1227/668 1044/1349/668
f 1044/1349/669 970/1227/669 971/1229/669
f 1044/1349/669 971/1229/669 1045/1350/669
f 1045/1350/670 971/1229/670 972/1231/670
f 1045/1350/670 972/1231/670 1046/1351/670
f 1046/1351/671 972/1231/671 973/1233/671
f 1046/1351/671 973/1233/671 1047/1352/671
f 1047/1352/672 973/1233/672 974/1353/672
f 1047/1352/672 974/1353/672 1048/1354/672
f 1048/1354/673 974/1353/673 975/1355/673
f 1048/1354/673 975/1355/673 1049/1356/673
f 1049/1356/674 975/1355/674 976/1357/674
f 1049/1356/674 976/1357/674 1050/1358/674
f 1050/1358/675 976/1357/675 977/1359/675
f 1050/1358/675 977/1359/675 1051/1360/675
f 1051/1360/676 977/1359/676 978/1361/676
f 1051/1360/676 978/1361/676 1052/1362/676
f 1052/1362/677 978/1361/677 979/1363/677
f 1052/1362/677 979/1363/677 1053/1364/677
f 1053/1364/678 979/1363/678 980/1365/678
f 1053/1364/678 980/1365/678 1054/1366/678
f 1054/1366/679 980/1365/679 981/1243/679
f 1054/1366/680 981/1243/680 1055/1367/680
f 1055/1367/681 981/1243/681 982/1246/681
f 1055/1367/681 982/1246/681 1056/1368/681
f 1056/1368/682 982/1246/682 983/1248/682
f 1056/1368/682 983/1248/682 1057/1369/682
f 1057/1369/683 983/1248/683 984/1250/683
f 1057/1369/683 984/1250/683 1058/1370/683
f 1058/1370/684 984/1250/684 985/1252/684
f 1058/1370/684 985/1252/684 1059/1371/684
f 1059/1371/685 985/1252/685 986/1254/685
f 1059/1371/685 986/1254/685 1060/1372/685
f 1060/1372/686 986/1254/686 987/1256/686
f 1060/1372/686 987/1256/686 1061/1373/686
f 1061/1373/687 987/1256/687 988/1258/687
f 1061/1373/687 988/1258/687 1062/1374/687
f 1062/1374/688 988/1258/688 989/1260/688
f 1062/1374/688 989/1260/688 1063/1375/688
f 1063/1375/689 989/1260/689 990/1262/689
f 1063/1375/689 990/1262/689 1064/1376/689
f 1064/1376/690 990/1262/690 991/1264/690
f 1064/1376/690 991/1264/690 1065/1377/690
f 1065/1377/691 991/1264/691 992/1266/691
f 1065/1377/691 992/1266/691 1066/1378/691
f 1066/1378/692 992/1266/692 993/1379/692
f 1066/1378/692 993/1379/692 1067/1380/692
f 1067/1380/693 993/1379/693 994/1381/693
f 1067/1380/693 994/1381/693 1068/1382/693
f 1068/1382/694 994/1381/694 995/1383/694
f 1068/1382/694 995/1383/694 1069/1384/694
f 1069/1384/695 995/1383/695 996/1385/695
f 1069/1384/695 996/1385/695 1070/1386/695
f 1070/1386/696 996/1385/696 997/1387/696
f 1070/1386/696 997/1387/696 1071/1388/696
f 1071/1388/697 997/1387/697 998/1389/697
f 1071/1388/697 998/1389/697 1072/1390/697
f 1072/1390/698 998/1389/698 999/1391/698
f 1072/1390/698 999/1391/698 1073/1392/698
f 1073/1392/699 999/1391/699 1000/1276/699
f 1073/1392/700 1000/1276/700 1074/1393/700
f 1074/1393/701 1000/1276/701 1001/1279/701
f 1074/1393/701 1001/1279/701 1075/1394/701
f 1075/1394/702 1001/1279/702 1002/1281/702
f 1075/1394/702 1002/1281/702 1076/1395/702
f 1076/1395/703 1002/1281/703 1003/1283/703
f 1076/1395/703 1003/1283/703 1077/1396/703
f 1077/1396/704 1003/1283/704 1004/1285/704
f 1077/1396/704 1004/1285/704 1078/1397/704
f 1078/1397/705 1004/1285/705 1005/1287/705
f 1078/1397/705 1005/1287/705 1079/1398/705
f 1079/1398/706 1005/1287/706 1006/1289/706
f 1079/1398/706 1006/1289/706 1080/1399/706
f 1080/1399/707 1006/1289/707 1007/1291/707
f 1080/1399/707 1007/1291/707 1081/1400/707
f 1081/1400/708 1007/1291/708 1008/1293/708
f 1081/1400/708 1008/1293/708 1082/1401/708
f 1082/1401/709 1008/1293/709 1009/1295/709
f 1082/1401/709 1009/1295/709 1083/1402/709
f 1083/1402/710 1009/1295/710 1010/1297/710
f 1083/1402/710 1010/1297/710 1084/1403/710
f 1084/1403/711 1010/1297/711 1011/1299/711
f 1084/1403/711 1011/1299/711 1085/1404/711
f 1085/1404/712 1011/1299/712 1012/1405/712
f 1085/1404/712 1012/1405/712 1086/1406/712
f 1086/1406/713 1012/1405/713 1013/1407/713
f 1086/1406/713 1013/1407/713 1087/1408/713
f 1087/1408/714 1013/1407/714 1014/1409/714
f 1087/1408/714 1014/1409/714 1088/1410/714
f 1088/1410/715 1014/1409/715 1015/1411/715
f 1088/1410/715 1015/1411/715 1089/1412/715
f 1089/1412/716 1015/1411/716 1016/1413/716
f 1089/1412/716 1016/1413/716 1090/1414/716
f 1090/1414/717 1016/1413/717 1017/1415/717
f 1090/1414/717 1017/1415/717 1091/1416/717
f 1091/1416/718 1017/1415/718 1018/1417/718
f 1091/1416/719 1018/1417/719 1092/1418/719
f 1092/1418/720 1018/1417/720 1019/1309/720
f 1092/1418/720 1019/1309/720 1093/1419/720
f 1093/1419/721 1019/1309/721 1020/1312/721
f 1093/1419/721 1020/1312/721 1094/1420/721
f 1094/1420/722 1020/1312/722 1021/1314/722
f 1094/1420/722 1021/1314/722 1095/1421/722
f 1095/1421/723 1021/1314/723 1022/1316/723
f 1095/1421/723 1022/1316/723 1096/1422/723
f 1096/1422/724 1022/1316/724 1023/1318/724
f 1096/1422/724 1023/1318/724 1097/1423/724
f 1097/1423/725 1023/1318/725 1024/1320/725
f 1097/1423/725 1024/1320/725 1098/1424/725
f 1098/1424/726 1024/1320/726 1025/1322/726
f 1098/1424/726 1025/1322/726 1099/1425/726
f 1099/1425/727 1025/1322/727 1026/1324/727
f 1099/1425/727 1026/1324/727 1100/1426/727
f 1100/1426/728 1026/1324/728 1027/1326/728
f 1100/1426/728 1027/1326/728 1101/1427/728
f 1101/1427/729 1027/1326/729 1028/1328/729
f 1101/1427/729 1028/1328/729 1102/1428/729
f 1102/1428/730 1028/1328/730 1029/1330/730
f 1102/1428/730 1029/1330/730 1103/1429/730
f 1103/1429/731 1029/1330/731 1030/1430/731
f 1103/1429/731 1030/1430/731 1104/1431/731
f 1104/1431/732 1030/1430/732 1031/1432/732
f 1104/1431/732 1031/1432/732 1105/1433/732
f 1105/1433/733 1031/1432/733 1032/1434/733
f 1105/1433/733 1032/1434/733 1106/1435/733
f 1106/1435/734 1032/1434/734 1033/1436/734
f 1106/1435/734 1033/1436/734 1107/1437/734
f 1107/1437/735 1033/1436/735 1034/1438/735
f 1107/1437/735 1034/1438/735 1108/1439/735
f 1108/1439/736 1034/1438/736 1035/1440/736
f 1108/1439/736 1035/1440/736 1109/1441/736
f 1109/1441/737 1035/1440/737 1036/1442/737
f 1109/1441/737 1036/1442/737 1110/1443/737
f 1110/1443/738 1036/1442/738 1037/1340/738
f 1110/1443/739 1037/1340/739 1111/1444/739
f 1111/1444/740 1037/1340/740 964/1215/740
f 1111/1444/740 964/1215/740 1038/1343/740
f 1038/1343/663 964/1215/663 965/1217/663
f 822/1039/741 824/1041/741 1112/1445/741
f 1112/1445/742 824/1041/742 1113/1446/742
f 853/1072/743 855/1074/743 1114/1447/743
f 1114/1447/744 855/1074/744 1115/1448/744
f 878/1099/745 877/1098/745 1116/1449/745
f 1116/1449/746 877/1098/746 1117/1450/746
f 1118/1451/747 1119/1452/747 1120/1453/747
f 1121/1454/748 1122/1455/748 1123/1456/748
f 1124/1457/749 1125/1458/749 1126/1459/749
f 1127/1460/750 1128/1461/750 1129/1462/750
f 1130/1463/751 1131/1464/751 1132/1465/751
f 1133/1466/752 1134/1467/752 1135/1468/752
f 1136/1469/753 1137/1470/753 1138/1471/753
f 1139/1472/754 1140/1473/754 1141/1474/754
f 719/930/755 695/906/755 1142/1475/755
f 712/923/756 705/916/756 1143/1476/756
f 648/859/757 650/861/757 1144/1477/757
f 665/876/758 667/878/758 1145/1478/758
f 603/814/759 605/816/759 1146/1479/759
f 611/822/760 613/824/760 1147/1480/760
f 606/817/761 608/819/761 1148/1481/761
f 668/879/762 1140/1473/762 1149/886/762
f 1149/886/762 1140/1473/762 1139/1472/762
f 1149/886/763 1139/1472/763 662/873/763
f 640/851/764 1137/1470/764 638/849/764
f 638/849/764 1137/1470/764 1136/1469/764
f 638/849/765 1136/1469/765 645/856/765
f 606/817/766 1134/1482/766 635/846/766
f 635/846/766 1134/1482/766 1133/1483/766
f 635/846/767 1133/1483/767 633/844/767
f 591/802/768 1131/1464/768 598/809/768
f 598/809/768 1131/1464/768 1130/1463/768
f 598/809/769 1130/1463/769 596/807/769
f 611/822/770 1128/1484/770 628/839/770
f 628/839/770 1128/1484/770 1127/1485/770
f 628/839/771 1127/1485/771 595/806/771
f 603/814/772 1150/1486/772 601/812/772
f 601/812/772 1150/1486/772 1151/1487/772
f 601/812/773 1151/1487/773 623/834/773
f 623/834/773 1151/1487/773 1152/1488/773
f 623/834/774 1152/1488/774 615/826/774
f 615/826/774 1152/1488/774 1153/1489/774
f 615/826/775 1153/1489/775 613/824/775
f 665/876/776 1125/1458/776 663/874/776
f 663/874/776 1125/1458/776 1124/1457/776
f 663/874/777 1124/1457/777 692/903/777
f 648/859/778 1154/1490/778 655/866/778
f 655/866/778 1154/1490/778 1155/1491/778
f 655/866/779 1155/1491/779 653/864/779
f 653/864/779 1155/1491/779 1156/1492/779
f 653/864/780 1156/1492/780 685/896/780
f 685/896/780 1156/1492/780 1157/1493/780
f 685/896/781 1157/1493/781 667/878/781
f 712/923/782 1122/1455/782 704/915/782
f 704/915/782 1122/1455/782 1121/1454/782
f 704/915/783 1121/1454/783 702/913/783
f 719/930/784 1158/1494/784 717/928/784
f 717/928/784 1158/1494/784 1159/1495/784
f 717/928/785 1159/1495/785 709/920/785
f 709/920/785 1159/1495/785 1160/1496/785
f 709/920/786 1160/1496/786 707/918/786
f 707/918/786 1160/1496/786 1161/1497/786
f 707/918/787 1161/1497/787 705/916/787
f 658/869/788 1119/1498/788 680/891/788
f 680/891/788 1119/1498/788 1118/1499/788
f 680/891/789 1118/1499/789 678/889/789
f 1162/1500/790 1163/1501/790 1164/1502/790
f 668/879/791 670/881/791 1164/1502/791
f 1164/1502/792 670/881/792 1165/1503/792
f 1164/1502/790 1165/1503/790 1162/1500/790
f 1162/1500/793 1165/1503/793 1166/1504/793
f 670/881/792 643/854/792 1165/1503/792
f 1165/1503/794 643/854/794 1167/1505/794
f 1165/1503/793 1167/1505/793 1166/1504/793
f 1166/1504/795 1167/1505/795 1168/1506/795
f 1166/1507/796 1168/1508/796 784/999/796
f 784/999/797 1168/1508/797 782/997/797
f 1169/1509/798 1170/1510/798 1171/1511/798
f 640/851/799 631/842/799 1171/1512/799
f 1171/1512/800 631/842/800 1172/1513/800
f 1171/1511/798 1172/1514/798 1169/1509/798
f 1169/1509/801 1172/1514/801 1173/1515/801
f 1169/1509/802 1173/1515/802 770/985/802
f 770/985/803 1173/1515/803 772/987/803
f 1174/1516/804 1175/1517/804 1176/1518/804
f 608/819/805 610/821/805 1176/1518/805
f 1176/1518/806 610/821/806 1177/1519/806
f 1176/1518/804 1177/1519/804 1174/1516/804
f 1174/1516/807 1177/1519/807 1178/1520/807
f 610/821/808 618/829/808 1177/1519/808
f 1177/1519/809 618/829/809 1179/1521/809
f 1177/1519/810 1179/1521/810 1178/1520/810
f 1178/1520/811 1179/1521/811 1180/1522/811
f 1178/1523/812 1180/1524/812 753/968/812
f 753/967/813 1180/1525/813 751/962/813
f 1181/1526/814 1182/1527/814 1183/1528/814
f 591/802/815 593/804/815 1183/1528/815
f 1183/1528/816 593/804/816 1184/1529/816
f 1183/1528/814 1184/1529/814 1181/1526/814
f 1181/1526/817 1184/1529/817 1185/1530/817
f 1181/1531/818 1185/1532/818 739/950/818
f 739/950/819 1185/1532/819 741/952/819
f 1150/1533/820 1116/1449/820 1151/1534/820
f 1151/1534/820 1116/1449/820 1117/1450/820
f 1151/1534/821 1117/1450/821 1152/1535/821
f 1152/1535/822 1117/1450/822 1186/1536/822
f 1152/1535/823 1186/1536/823 1153/1537/823
f 1153/1537/823 1186/1536/823 1187/1538/823
f 1188/1539/824 1189/1540/824 1190/1541/824
f 605/816/825 690/901/825 1190/1541/825
f 1190/1541/826 690/901/826 1191/1542/826
f 1190/1541/827 1191/1542/827 1188/1539/827
f 1188/1539/828 1191/1542/828 1192/1543/828
f 1188/1544/829 1192/1545/829 871/1090/829
f 871/1092/830 1192/1546/830 873/1094/830
f 1154/1547/831 1114/1447/831 1155/1548/831
f 1155/1548/832 1114/1447/832 1115/1448/832
f 1155/1548/833 1115/1448/833 1156/1549/833
f 1156/1549/834 1115/1448/834 1193/1550/834
f 1156/1492/835 1193/1551/835 1157/1493/835
f 1157/1493/835 1193/1551/835 1194/1552/835
f 1195/1553/836 1196/1554/836 1197/1555/836
f 650/861/837 652/863/837 1197/1556/837
f 1197/1556/838 652/863/838 1198/1557/838
f 1197/1555/836 1198/1558/836 1195/1553/836
f 1195/1553/839 1198/1558/839 1199/1559/839
f 1195/1553/840 1199/1559/840 842/1061/840
f 842/1061/841 1199/1559/841 840/1059/841
f 1158/1494/842 1112/1560/842 1159/1495/842
f 1159/1495/843 1112/1560/843 1113/1561/843
f 1159/1495/844 1113/1561/844 1160/1496/844
f 1160/1496/845 1113/1561/845 1200/1562/845
f 1160/1496/846 1200/1562/846 1161/1497/846
f 1161/1497/847 1200/1562/847 1201/1563/847
f 1202/1564/848 1203/1565/848 1204/1566/848
f 695/906/849 697/908/849 1204/1567/849
f 1204/1567/850 697/908/850 1205/1568/850
f 1204/1566/851 1205/1569/851 1202/1564/851
f 1202/1564/852 1205/1569/852 1206/1570/852
f 1202/1564/853 1206/1570/853 811/1028/853
f 811/1028/854 1206/1570/854 809/1026/854
f 1207/1571/855 1208/1572/855 1209/1573/855
f 658/869/856 660/871/856 1209/1574/856
f 1209/1574/857 660/871/857 1210/1575/857
f 1209/1573/858 1210/1576/858 1207/1571/858
f 1207/1577/859 1210/1575/859 1211/1578/859
f 794/1011/860 806/1023/860 1141/1579/860
f 1141/1579/861 806/1023/861 1211/1580/861
f 1141/1474/862 1211/1578/862 1139/1472/862
f 1139/1472/863 1211/1578/863 1210/1575/863
f 1139/1472/763 1210/1575/763 662/873/763
f 662/873/857 1210/1575/857 660/871/857
f 668/879/791 1164/1502/791 1140/1473/791
f 1140/1473/864 1164/1502/864 1163/1501/864
f 1140/1473/865 1163/1501/865 1141/1474/865
f 1141/1579/866 1163/1581/866 793/1009/866
f 1141/1579/866 793/1009/866 794/1011/866
f 784/999/867 785/1000/867 1166/1507/867
f 1166/1507/868 785/1000/868 787/1002/868
f 1166/1507/869 787/1002/869 1162/1582/869
f 1162/1582/870 787/1002/870 789/1004/870
f 1162/1582/871 789/1004/871 1163/1583/871
f 1163/1583/872 789/1004/872 791/1006/872
f 1163/1583/873 791/1006/873 793/1008/873
f 780/995/874 782/997/874 1138/1584/874
f 1138/1584/875 782/997/875 1168/1508/875
f 1138/1471/876 1168/1506/876 1136/1469/876
f 1136/1469/795 1168/1506/795 1167/1505/795
f 1136/1469/765 1167/1505/765 645/856/765
f 645/856/794 1167/1505/794 643/854/794
f 640/851/799 1171/1512/799 1137/1470/799
f 1137/1585/877 1171/1511/877 1170/1510/877
f 1137/1585/877 1170/1510/877 1138/1584/877
f 1138/1584/878 1170/1510/878 778/993/878
f 1138/1584/879 778/993/879 780/995/879
f 770/985/880 768/983/880 1169/1509/880
f 1169/1509/881 768/983/881 767/982/881
f 1169/1509/882 767/982/882 1170/1510/882
f 1170/1510/883 767/982/883 776/991/883
f 1170/1510/879 776/991/879 778/993/879
f 631/842/800 633/844/800 1172/1513/800
f 1172/1513/767 633/844/767 1133/1483/767
f 1172/1514/884 1133/1466/884 1173/1515/884
f 1173/1515/885 1133/1466/885 1135/1468/885
f 1173/1515/886 1135/1468/886 772/987/886
f 772/987/887 1135/1468/887 774/989/887
f 1212/1586/888 763/978/888 775/990/888
f 606/817/761 1148/1481/761 1134/1482/761
f 1134/1467/889 1148/1587/889 1212/1586/889
f 1134/1467/890 1212/1586/890 1135/1468/890
f 1135/1468/891 1212/1586/891 775/990/891
f 1135/1468/888 775/990/888 774/989/888
f 608/819/805 1176/1518/805 1148/1481/805
f 1148/1587/892 1176/1588/892 1175/1589/892
f 1148/1587/892 1175/1589/892 1212/1586/892
f 1212/1586/893 1175/1589/893 762/977/893
f 1212/1586/893 762/977/893 763/978/893
f 753/968/894 754/969/894 1178/1523/894
f 1178/1523/895 754/969/895 756/971/895
f 1178/1523/895 756/971/895 1174/1590/895
f 1174/1590/895 756/971/895 758/973/895
f 1174/1590/896 758/973/896 1175/1589/896
f 1175/1589/897 758/973/897 760/975/897
f 1175/1589/896 760/975/896 762/977/896
f 749/960/898 751/962/898 1132/1591/898
f 1132/1591/898 751/962/898 1180/1525/898
f 1132/1465/751 1180/1522/751 1130/1463/751
f 1130/1463/899 1180/1522/899 1179/1521/899
f 1130/1463/769 1179/1521/769 596/807/769
f 596/807/900 1179/1521/900 618/829/900
f 591/802/815 1183/1528/815 1131/1464/815
f 1131/1464/901 1183/1528/901 1182/1527/901
f 1131/1464/902 1182/1527/902 1132/1465/902
f 1132/1591/903 1182/1592/903 747/958/903
f 1132/1591/903 747/958/903 749/960/903
f 739/950/904 737/948/904 1181/1531/904
f 1181/1531/905 737/948/905 736/947/905
f 1181/1531/905 736/947/905 1182/1592/905
f 1182/1592/906 736/947/906 745/956/906
f 1182/1592/907 745/956/907 747/958/907
f 593/804/816 595/806/816 1184/1529/816
f 1184/1529/771 595/806/771 1127/1485/771
f 1184/1529/817 1127/1485/817 1185/1530/817
f 1185/1532/750 1127/1460/750 1129/1462/750
f 1185/1532/908 1129/1462/908 741/952/908
f 741/952/908 1129/1462/908 743/954/908
f 1213/1593/909 732/943/909 744/955/909
f 611/822/760 1147/1480/760 1128/1484/760
f 1128/1461/910 1147/1594/910 1213/1593/910
f 1128/1461/910 1213/1593/910 1129/1462/910
f 1129/1462/911 1213/1593/911 744/955/911
f 1129/1462/912 744/955/912 743/954/912
f 613/824/913 1153/1489/913 1147/1480/913
f 1147/1594/914 1153/1537/914 1187/1538/914
f 1147/1594/914 1187/1538/914 1213/1593/914
f 1213/1593/915 1187/1538/915 731/942/915
f 1213/1593/916 731/942/916 732/943/916
f 877/1098/746 724/935/746 1117/1450/746
f 1117/1450/917 724/935/917 725/936/917
f 1117/1450/917 725/936/917 1186/1536/917
f 1186/1536/918 725/936/918 727/938/918
f 1186/1536/919 727/938/919 1187/1538/919
f 1187/1538/920 727/938/920 729/940/920
f 1187/1538/919 729/940/919 731/942/919
f 603/814/759 1146/1479/759 1150/1486/759
f 1150/1486/921 1146/1479/921 1214/1595/921
f 1150/1486/922 1214/1595/922 1116/1596/922
f 1116/1449/745 1214/1597/745 880/1101/745
f 1116/1449/745 880/1101/745 878/1099/745
f 605/816/825 1190/1541/825 1146/1479/825
f 1146/1479/923 1190/1541/923 1189/1540/923
f 1146/1479/923 1189/1540/923 1214/1595/923
f 1214/1597/924 1189/1598/924 882/1103/924
f 1214/1597/924 882/1103/924 880/1101/924
f 871/1090/829 869/1088/829 1188/1544/829
f 1188/1544/925 869/1088/925 885/1106/925
f 1188/1544/925 885/1106/925 1189/1598/925
f 1189/1598/925 885/1106/925 884/1105/925
f 1189/1598/924 884/1105/924 882/1103/924
f 690/901/826 692/903/826 1191/1542/826
f 1191/1542/777 692/903/777 1124/1457/777
f 1191/1542/828 1124/1457/828 1192/1543/828
f 1192/1543/926 1124/1457/926 1126/1459/926
f 1192/1546/830 1126/1599/830 873/1094/830
f 873/1094/927 1126/1599/927 875/1096/927
f 1215/1600/928 860/1079/928 876/1097/928
f 665/876/758 1145/1478/758 1125/1458/758
f 1125/1458/929 1145/1478/929 1215/1601/929
f 1125/1458/929 1215/1601/929 1126/1459/929
f 1126/1599/930 1215/1600/930 876/1097/930
f 1126/1599/928 876/1097/928 875/1096/928
f 667/878/931 1157/1493/931 1145/1478/931
f 1145/1478/932 1157/1493/932 1194/1552/932
f 1145/1478/932 1194/1552/932 1215/1601/932
f 1215/1600/933 1194/1602/933 862/1081/933
f 1215/1600/934 862/1081/934 860/1079/934
f 855/1074/935 856/1075/935 1115/1448/935
f 1115/1448/936 856/1075/936 867/1086/936
f 1115/1448/937 867/1086/937 1193/1550/937
f 1193/1550/937 867/1086/937 866/1085/937
f 1193/1550/938 866/1085/938 1194/1602/938
f 1194/1602/939 866/1085/939 864/1083/939
f 1194/1602/938 864/1083/938 862/1081/938
f 648/859/757 1144/1477/757 1154/1490/757
f 1154/1547/940 1144/1603/940 1216/1604/940
f 1154/1547/940 1216/1604/940 1114/1447/940
f 1114/1447/941 1216/1604/941 851/1070/941
f 1114/1447/743 851/1070/743 853/1072/743
f 650/861/837 1197/1556/837 1144/1477/837
f 1144/1603/942 1197/1555/942 1196/1554/942
f 1144/1603/943 1196/1554/943 1216/1604/943
f 1216/1604/944 1196/1554/944 849/1068/944
f 1216/1604/945 849/1068/945 851/1070/945
f 842/1061/946 844/1063/946 1195/1553/946
f 1195/1553/947 844/1063/947 846/1065/947
f 1195/1553/948 846/1065/948 1196/1554/948
f 1196/1554/948 846/1065/948 847/1066/948
f 1196/1554/944 847/1066/944 849/1068/944
f 652/863/838 702/913/838 1198/1557/838
f 1198/1557/783 702/913/783 1121/1454/783
f 1198/1558/949 1121/1605/949 1199/1559/949
f 1199/1606/950 1121/1454/950 1123/1456/950
f 1199/1559/841 1123/1607/841 840/1059/841
f 840/1059/841 1123/1607/841 838/1057/841
f 1217/1608/951 830/1047/951 829/1046/951
f 712/923/756 1143/1476/756 1122/1455/756
f 1122/1455/952 1143/1476/952 1217/1609/952
f 1122/1455/952 1217/1609/952 1123/1456/952
f 1123/1607/953 1217/1608/953 829/1046/953
f 1123/1607/951 829/1046/951 838/1057/951
f 705/916/787 1161/1497/787 1143/1476/787
f 1143/1476/954 1161/1497/954 1201/1563/954
f 1143/1476/954 1201/1563/954 1217/1609/954
f 1217/1608/955 1201/1610/955 832/1049/955
f 1217/1608/955 832/1049/955 830/1047/955
f 824/1041/956 825/1042/956 1113/1446/956
f 1113/1446/957 825/1042/957 837/1056/957
f 1113/1446/958 837/1056/958 1200/1611/958
f 1200/1611/959 837/1056/959 836/1055/959
f 1200/1611/960 836/1055/960 1201/1612/960
f 1201/1612/960 836/1055/960 834/1053/960
f 1201/1612/961 834/1053/961 832/1052/961
f 719/930/755 1142/1475/755 1158/1494/755
f 1158/1494/962 1142/1475/962 1218/1613/962
f 1158/1494/962 1218/1613/962 1112/1560/962
f 1112/1445/963 1218/1614/963 820/1037/963
f 1112/1445/964 820/1037/964 822/1039/964
f 695/906/849 1204/1567/849 1142/1475/849
f 1142/1615/965 1204/1566/965 1203/1565/965
f 1142/1615/965 1203/1565/965 1218/1614/965
f 1218/1614/966 1203/1565/966 818/1035/966
f 1218/1614/967 818/1035/967 820/1037/967
f 811/1028/968 813/1030/968 1202/1564/968
f 1202/1564/969 813/1030/969 815/1032/969
f 1202/1564/969 815/1032/969 1203/1565/969
f 1203/1565/970 815/1032/970 816/1033/970
f 1203/1565/967 816/1033/967 818/1035/967
f 697/908/850 678/889/850 1205/1568/850
f 1205/1568/789 678/889/789 1118/1499/789
f 1205/1569/852 1118/1451/852 1206/1570/852
f 1206/1570/747 1118/1451/747 1120/1453/747
f 1206/1570/971 1120/1453/971 809/1026/971
f 809/1026/972 1120/1453/972 807/1024/972
f 658/869/856 1209/1574/856 1119/1498/856
f 1119/1452/973 1209/1573/973 1208/1572/973
f 1119/1452/973 1208/1572/973 1120/1453/973
f 1120/1453/974 1208/1572/974 798/1015/974
f 1120/1453/975 798/1015/975 807/1024/975
f 806/1023/860 1219/1022/860 1211/1580/860
f 1211/1580/976 1219/1022/976 803/1020/976
f 1211/1580/977 803/1020/977 1207/1571/977
f 1207/1571/976 803/1020/976 801/1018/976
f 1207/1571/978 801/1018/978 1208/1572/978
f 1208/1572/978 801/1018/978 799/1016/978
f 1208/1572/979 799/1016/979 798/1015/979
f 1220/1616/980 372/576/980 1221/1617/980
f 1221/1617/981 372/576/981 373/577/981
f 1221/1617/982 373/577/982 1222/1618/982
f 373/577/982 368/572/982 1222/1618/982
f 1222/1618/983 368/572/983 369/573/983
f 1222/1618/983 369/573/983 1223/1619/983
f 1223/1619/984 369/573/984 370/574/984
f 1223/1619/985 370/574/985 1224/1620/985
f 370/574/985 365/569/985 1224/1620/985
f 1224/1620/986 365/569/986 366/570/986
f 1224/1620/986 366/570/986 1225/1621/986
f 1225/1621/987 366/570/987 367/571/987
f 1225/1621/987 367/571/987 1226/1622/987
f 367/571/988 362/566/988 1226/1622/988
f 1226/1622/989 362/566/989 363/567/989
f 1226/1622/989 363/567/989 1227/1623/989
f 1227/1623/990 363/567/990 364/568/990
f 1227/1623/990 364/568/990 1228/1624/990
f 364/568/990 359/563/990 1228/1624/990
f 1228/1624/991 359/563/991 360/564/991
f 1228/1624/991 360/564/991 1229/1625/991
f 1229/1625/992 360/564/992 361/565/992
f 1229/1625/993 361/565/993 1230/1626/993
f 361/565/993 356/560/993 1230/1626/993
f 1230/1626/994 356/560/994 357/561/994
f 1230/1626/994 357/561/994 1231/1627/994
f 1231/1627/995 357/561/995 358/562/995
f 1231/1627/995 358/562/995 1232/1628/995
f 358/562/995 353/557/995 1232/1628/995
f 1232/1628/996 353/557/996 354/558/996
f 1232/1628/996 354/558/996 1233/1629/996
f 1233/1629/997 354/558/997 355/559/997
f 1233/1629/998 355/559/998 1234/1630/998
f 355/559/998 350/554/998 1234/1630/998
f 1234/1630/999 350/554/999 351/555/999
f 1234/1630/1000 351/555/1000 1235/1631/1000
f 1235/1631/1001 351/555/1001 352/556/1001
f 1235/1631/1002 352/556/1002 1236/1632/1002
f 352/556/1001 347/551/1001 1236/1632/1001
f 1236/1632/1003 347/551/1003 348/552/1003
f 1236/1632/1003 348/552/1003 1237/1633/1003
f 1237/1633/1004 348/552/1004 349/553/1004
f 1237/1633/1005 349/553/1005 1238/1634/1005
f 349/553/1004 346/550/1004 1238/1634/1004
f 1238/1634/1006 346/550/1006 345/549/1006
f 1238/1634/1007 345/549/1007 1239/1635/1007
f 1239/1635/1008 345/549/1008 342/546/1008
f 1239/1635/1008 342/546/1008 1240/1636/1008
f 342/546/1009 343/547/1009 1240/1636/1009
f 1240/1636/1010 343/547/1010 344/548/1010
f 1240/1636/1010 344/548/1010 1241/1637/1010
f 1241/1637/1011 344/548/1011 339/543/1011
f 1241/1637/1011 339/543/1011 1242/1638/1011
f 1242/1638/1011 339/543/1011 340/544/1011
f 1242/1638/1012 340/544/1012 341/545/1012
f 336/540/1013 1243/1639/1013 341/545/1013
f 341/545/1013 1243/1639/1013 1244/1640/1013
f 341/545/1014 1244/1640/1014 1242/1638/1014
f 336/540/1015 337/541/1015 1243/1639/1015
f 1243/1639/1016 337/541/1016 338/542/1016
f 1243/1639/1016 338/542/1016 1245/1641/1016
f 1245/1641/1017 338/542/1017 1246/1642/1017
f 338/542/1017 333/537/1017 1246/1642/1017
f 1246/1642/1017 333/537/1017 334/538/1017
f 1246/1642/1018 334/538/1018 335/539/1018
f 330/534/1019 1247/1643/1019 335/539/1019
f 335/539/1020 1247/1643/1020 1248/1644/1020
f 335/539/1018 1248/1644/1018 1246/1642/1018
f 330/534/1019 331/535/1019 1247/1643/1019
f 1247/1643/1021 331/535/1021 332/536/1021
f 1247/1643/1021 332/536/1021 1249/1645/1021
f 1249/1645/1022 332/536/1022 1250/1646/1022
f 332/536/1022 327/531/1022 1250/1646/1022
f 1250/1646/1023 327/531/1023 328/532/1023
f 1250/1646/1024 328/532/1024 329/533/1024
f 324/528/1025 1251/1647/1025 329/533/1025
f 329/533/1025 1251/1647/1025 1252/1648/1025
f 329/533/1024 1252/1648/1024 1250/1646/1024
f 324/528/1026 325/529/1026 1251/1647/1026
f 1251/1647/1027 325/529/1027 326/530/1027
f 1251/1647/1028 326/530/1028 1253/1649/1028
f 1253/1649/1029 326/530/1029 320/524/1029
f 1253/1649/1030 320/524/1030 1254/1650/1030
f 320/524/1030 321/525/1030 1254/1650/1030
f 1254/1650/1031 321/525/1031 322/526/1031
f 1254/1650/1031 322/526/1031 1255/1651/1031
f 1255/1651/1032 322/526/1032 1256/527/1032
f 1255/1651/1032 1256/527/1032 1257/1652/1032
f 1257/1652/1033 1256/527/1033 434/637/1033
f 1257/1652/1033 434/637/1033 1258/1653/1033
f 1258/1653/1034 434/637/1034 433/636/1034
f 1258/1653/1034 433/636/1034 1259/1654/1034
f 1259/1654/1035 433/636/1035 432/635/1035
f 1259/1654/1035 432/635/1035 1260/1655/1035
f 432/635/1036 429/632/1036 1260/1655/1036
f 1260/1655/1037 429/632/1037 430/633/1037
f 1260/1655/1038 430/633/1038 1261/1656/1038
f 1261/1656/1039 430/633/1039 431/634/1039
f 1261/1656/1040 431/634/1040 1262/1657/1040
f 431/634/1040 426/629/1040 1262/1657/1040
f 1262/1657/1041 426/629/1041 427/630/1041
f 1262/1657/1041 427/630/1041 1263/1658/1041
f 1263/1658/1042 427/630/1042 428/631/1042
f 1263/1658/1043 428/631/1043 1264/1659/1043
f 428/631/1043 423/626/1043 1264/1659/1043
f 1264/1659/1044 423/626/1044 424/627/1044
f 1264/1659/1044 424/627/1044 1265/1660/1044
f 1265/1660/1045 424/627/1045 425/628/1045
f 1265/1660/1045 425/628/1045 1266/1661/1045
f 425/628/1046 420/623/1046 1266/1661/1046
f 1266/1661/1047 420/623/1047 421/624/1047
f 1266/1661/1047 421/624/1047 1267/1662/1047
f 1267/1662/1048 421/624/1048 422/625/1048
f 1267/1662/1048 422/625/1048 1268/1663/1048
f 422/625/1048 417/620/1048 1268/1663/1048
f 1268/1663/1049 417/620/1049 418/621/1049
f 1268/1663/1049 418/621/1049 1269/1664/1049
f 1269/1664/1050 418/621/1050 419/622/1050
f 1269/1664/1051 419/622/1051 1270/1665/1051
f 419/622/1051 414/617/1051 1270/1665/1051
f 1270/1665/1052 414/617/1052 415/618/1052
f 1270/1665/1052 415/618/1052 1271/1666/1052
f 1271/1666/1053 415/618/1053 416/619/1053
f 1271/1666/1053 416/619/1053 1272/1667/1053
f 416/619/1053 411/614/1053 1272/1667/1053
f 1272/1667/1054 411/614/1054 412/615/1054
f 1272/1667/1054 412/615/1054 1273/1668/1054
f 1273/1668/1055 412/615/1055 413/616/1055
f 1273/1668/1056 413/616/1056 1274/1669/1056
f 413/616/1056 408/611/1056 1274/1669/1056
f 1274/1669/1057 408/611/1057 409/612/1057
f 1274/1669/1058 409/612/1058 1275/1670/1058
f 1275/1670/1059 409/612/1059 410/613/1059
f 1275/1670/1060 410/613/1060 1276/1671/1060
f 410/613/1059 405/608/1059 1276/1671/1059
f 1276/1671/1061 405/608/1061 406/609/1061
f 1276/1671/1061 406/609/1061 1277/1672/1061
f 1277/1672/1062 406/609/1062 407/610/1062
f 1277/1672/1063 407/610/1063 1278/1673/1063
f 407/610/1062 404/607/1062 1278/1673/1062
f 1278/1673/1064 404/607/1064 403/606/1064
f 1278/1673/1065 403/606/1065 1279/1674/1065
f 1279/1674/1066 403/606/1066 400/603/1066
f 1279/1674/1066 400/603/1066 1280/1675/1066
f 400/603/1067 401/604/1067 1280/1675/1067
f 1280/1675/1068 401/604/1068 402/605/1068
f 1280/1675/1068 402/605/1068 1281/1676/1068
f 1281/1676/1069 402/605/1069 397/600/1069
f 1281/1676/1069 397/600/1069 1282/1677/1069
f 1282/1677/1069 397/600/1069 398/601/1069
f 1282/1677/1070 398/601/1070 399/602/1070
f 394/597/1071 1283/1678/1071 399/602/1071
f 399/602/1071 1283/1678/1071 1284/1679/1071
f 399/602/1072 1284/1679/1072 1282/1677/1072
f 394/597/1073 395/598/1073 1283/1678/1073
f 1283/1678/1074 395/598/1074 396/599/1074
f 1283/1678/1074 396/599/1074 1285/1680/1074
f 1285/1680/1075 396/599/1075 1286/1681/1075
f 396/599/1075 391/594/1075 1286/1681/1075
f 1286/1681/1075 391/594/1075 392/595/1075
f 1286/1681/1076 392/595/1076 393/596/1076
f 388/591/1077 1287/1682/1077 393/596/1077
f 393/596/1078 1287/1682/1078 1288/1683/1078
f 393/596/1076 1288/1683/1076 1286/1681/1076
f 388/591/1077 389/592/1077 1287/1682/1077
f 1287/1682/1079 389/592/1079 390/593/1079
f 1287/1682/1079 390/593/1079 1289/1684/1079
f 1289/1684/1080 390/593/1080 1290/1685/1080
f 390/593/1080 385/588/1080 1290/1685/1080
f 1290/1685/1081 385/588/1081 386/589/1081
f 1290/1685/1082 386/589/1082 387/590/1082
f 382/585/1083 1291/1686/1083 387/590/1083
f 387/590/1083 1291/1686/1083 1292/1687/1083
f 387/590/1082 1292/1687/1082 1290/1685/1082
f 382/585/1084 383/586/1084 1291/1686/1084
f 1291/1686/1085 383/586/1085 384/587/1085
f 1291/1686/1086 384/587/1086 1293/1688/1086
f 1293/1688/1087 384/587/1087 379/582/1087
f 1293/1688/1088 379/582/1088 1294/1689/1088
f 379/582/1088 380/583/1088 1294/1689/1088
f 1294/1689/1089 380/583/1089 381/584/1089
f 1294/1689/1089 381/584/1089 1295/1690/1089
f 1295/1690/1090 381/584/1090 1296/581/1090
f 1295/1690/1090 1296/581/1090 1297/1691/1090
f 1297/1691/1091 1296/581/1091 377/580/1091
f 1297/1691/1091 377/580/1091 1298/1692/1091
f 1298/1692/1092 377/580/1092 375/579/1092
f 1298/1692/1092 375/579/1092 1299/1693/1092
f 1299/1693/1093 375/579/1093 374/578/1093
f 1299/1693/1093 374/578/1093 1220/1616/1093
f 1220/1616/1094 374/578/1094 371/575/1094
f 1220/1616/1095 371/575/1095 372/576/1095
f 1300/1694/1096 1297/1695/1096 1301/1696/1096
f 1301/1696/1097 1297/1695/1097 1298/1697/1097
f 1301/1696/1097 1298/1697/1097 1302/1698/1097
f 1302/1699/1098 1298/1692/1098 1299/1693/1098
f 1302/1699/1099 1299/1693/1099 1303/1700/1099
f 1303/1700/1100 1299/1693/1100 1220/1616/1100
f 1303/1700/1100 1220/1616/1100 1304/1701/1100
f 1304/1701/1101 1220/1616/1101 1221/1617/1101
f 1304/1701/1101 1221/1617/1101 1305/1702/1101
f 1305/1702/1102 1221/1617/1102 1222/1618/1102
f 1305/1702/1103 1222/1618/1103 1306/1703/1103
f 1306/1704/1104 1222/1705/1104 1223/1706/1104
f 1306/1704/1105 1223/1706/1105 1307/1707/1105
f 1307/1707/1106 1223/1706/1106 1224/1708/1106
f 1307/1707/1107 1224/1708/1107 1308/1709/1107
f 1308/1709/1108 1224/1708/1108 1225/1710/1108
f 1308/1709/1108 1225/1710/1108 1309/1711/1108
f 1309/1711/1109 1225/1710/1109 1226/1712/1109
f 1309/1711/1110 1226/1712/1110 1310/1713/1110
f 1310/1713/1111 1226/1712/1111 1227/1714/1111
f 1310/1713/1112 1227/1714/1112 1311/1715/1112
f 1311/1715/1113 1227/1714/1113 1228/1716/1113
f 1311/1715/1114 1228/1716/1114 1312/1717/1114
f 1312/1717/1115 1228/1716/1115 1229/1718/1115
f 1312/1717/1116 1229/1718/1116 1313/1719/1116
f 1313/1719/1117 1229/1718/1117 1230/1720/1117
f 1313/1719/1118 1230/1720/1118 1314/1721/1118
f 1314/1721/1119 1230/1720/1119 1231/1722/1119
f 1314/1721/1120 1231/1722/1120 1315/1723/1120
f 1315/1723/1121 1231/1722/1121 1232/1724/1121
f 1315/1723/1122 1232/1724/1122 1316/1725/1122
f 1316/1725/1123 1232/1724/1123 1233/1726/1123
f 1316/1725/1124 1233/1726/1124 1317/1727/1124
f 1317/1727/1125 1233/1726/1125 1234/1728/1125
f 1317/1727/1126 1234/1728/1126 1318/1729/1126
f 1318/1729/1127 1234/1728/1127 1235/1730/1127
f 1318/1729/1127 1235/1730/1127 1319/1731/1127
f 1319/1731/1128 1235/1730/1128 1236/1732/1128
f 1319/1731/1128 1236/1732/1128 1320/1733/1128
f 1320/1733/1129 1236/1732/1129 1237/1734/1129
f 1320/1733/1129 1237/1734/1129 1321/1735/1129
f 1321/1736/1130 1237/1633/1130 1238/1634/1130
f 1321/1736/1130 1238/1634/1130 1322/1737/1130
f 1322/1737/1131 1238/1634/1131 1239/1635/1131
f 1322/1737/1131 1239/1635/1131 1323/1738/1131
f 1323/1738/1132 1239/1635/1132 1240/1636/1132
f 1323/1738/1133 1240/1636/1133 1324/1739/1133
f 1324/1739/1134 1240/1636/1134 1241/1637/1134
f 1324/1739/1134 1241/1637/1134 1325/1740/1134
f 1325/1740/1135 1241/1637/1135 1242/1638/1135
f 1325/1740/1136 1242/1638/1136 1326/1741/1136
f 1326/1742/1137 1242/1743/1137 1244/1744/1137
f 1326/1742/1138 1244/1744/1138 1327/1745/1138
f 1327/1745/1139 1244/1744/1139 1243/1746/1139
f 1327/1745/1140 1243/1746/1140 1328/1747/1140
f 1328/1747/1141 1243/1746/1141 1245/1748/1141
f 1328/1747/1142 1245/1748/1142 1329/1749/1142
f 1329/1749/1143 1245/1748/1143 1246/1750/1143
f 1329/1749/1144 1246/1750/1144 1330/1751/1144
f 1330/1751/1145 1246/1750/1145 1248/1752/1145
f 1330/1751/1146 1248/1752/1146 1331/1753/1146
f 1331/1753/1147 1248/1752/1147 1247/1754/1147
f 1331/1753/1148 1247/1754/1148 1332/1755/1148
f 1332/1755/1149 1247/1754/1149 1249/1756/1149
f 1332/1755/1149 1249/1756/1149 1333/1757/1149
f 1333/1757/1150 1249/1756/1150 1250/1758/1150
f 1333/1757/1151 1250/1758/1151 1334/1759/1151
f 1334/1759/1152 1250/1758/1152 1252/1760/1152
f 1334/1759/1153 1252/1760/1153 1335/1761/1153
f 1335/1761/1154 1252/1760/1154 1251/1762/1154
f 1335/1761/1155 1251/1762/1155 1336/1763/1155
f 1336/1763/1156 1251/1762/1156 1253/1764/1156
f 1336/1763/1156 1253/1764/1156 1337/1765/1156
f 1337/1765/1157 1253/1764/1157 1254/1766/1157
f 1337/1765/1157 1254/1766/1157 1338/1767/1157
f 1338/1767/1158 1254/1766/1158 1255/1768/1158
f 1338/1767/1159 1255/1768/1159 1339/1769/1159
f 1339/1769/1160 1255/1768/1160 1257/1770/1160
f 1339/1769/1160 1257/1770/1160 1340/1771/1160
f 1340/1771/1161 1257/1770/1161 1258/1772/1161
f 1340/1771/1161 1258/1772/1161 1341/1773/1161
f 1341/1774/1162 1258/1653/1162 1259/1654/1162
f 1341/1774/1163 1259/1654/1163 1342/1775/1163
f 1342/1775/1164 1259/1654/1164 1260/1655/1164
f 1342/1775/1164 1260/1655/1164 1343/1776/1164
f 1343/1776/1165 1260/1655/1165 1261/1656/1165
f 1343/1776/1165 1261/1656/1165 1344/1777/1165
f 1344/1777/1166 1261/1656/1166 1262/1657/1166
f 1344/1777/1167 1262/1657/1167 1345/1778/1167
f 1345/1778/1168 1262/1657/1168 1263/1658/1168
f 1345/1778/1169 1263/1658/1169 1346/1779/1169
f 1346/1780/1170 1263/1781/1170 1264/1782/1170
f 1346/1780/1171 1264/1782/1171 1347/1783/1171
f 1347/1783/1172 1264/1782/1172 1265/1784/1172
f 1347/1783/1172 1265/1784/1172 1348/1785/1172
f 1348/1785/1173 1265/1784/1173 1266/1786/1173
f 1348/1785/1174 1266/1786/1174 1349/1787/1174
f 1349/1787/1175 1266/1786/1175 1267/1788/1175
f 1349/1787/1176 1267/1788/1176 1350/1789/1176
f 1350/1789/1177 1267/1788/1177 1268/1790/1177
f 1350/1789/1178 1268/1790/1178 1351/1791/1178
f 1351/1791/1179 1268/1790/1179 1269/1792/1179
f 1351/1791/1180 1269/1792/1180 1352/1793/1180
f 1352/1793/1181 1269/1792/1181 1270/1794/1181
f 1352/1793/1182 1270/1794/1182 1353/1795/1182
f 1353/1795/1183 1270/1794/1183 1271/1796/1183
f 1353/1795/1184 1271/1796/1184 1354/1797/1184
f 1354/1797/1185 1271/1796/1185 1272/1798/1185
f 1354/1797/1186 1272/1798/1186 1355/1799/1186
f 1355/1799/1187 1272/1798/1187 1273/1800/1187
f 1355/1799/1188 1273/1800/1188 1356/1801/1188
f 1356/1801/1189 1273/1800/1189 1274/1802/1189
f 1356/1801/1190 1274/1802/1190 1357/1803/1190
f 1357/1803/1191 1274/1802/1191 1275/1804/1191
f 1357/1803/1191 1275/1804/1191 1358/1805/1191
f 1358/1805/1192 1275/1804/1192 1276/1806/1192
f 1358/1805/1192 1276/1806/1192 1359/1807/1192
f 1359/1807/1193 1276/1806/1193 1277/1808/1193
f 1359/1807/1193 1277/1808/1193 1360/1809/1193
f 1360/1809/1194 1277/1808/1194 1278/1810/1194
f 1360/1809/1194 1278/1810/1194 1361/1811/1194
f 1361/1812/1195 1278/1673/1195 1279/1674/1195
f 1361/1812/1195 1279/1674/1195 1362/1813/1195
f 1362/1813/1196 1279/1674/1196 1280/1675/1196
f 1362/1813/1197 1280/1675/1197 1363/1814/1197
f 1363/1814/1198 1280/1675/1198 1281/1676/1198
f 1363/1814/1198 1281/1676/1198 1364/1815/1198
f 1364/1815/1199 1281/1676/1199 1282/1677/1199
f 1364/1815/1200 1282/1677/1200 1365/1816/1200
f 1365/1817/1201 1282/1818/1201 1284/1819/1201
f 1365/1817/1202 1284/1819/1202 1366/1820/1202
f 1366/1820/1203 1284/1819/1203 1283/1821/1203
f 1366/1820/1204 1283/1821/1204 1367/1822/1204
f 1367/1822/1205 1283/1821/1205 1285/1823/1205
f 1367/1822/1206 1285/1823/1206 1368/1824/1206
f 1368/1824/1207 1285/1823/1207 1286/1825/1207
f 1368/1824/1208 1286/1825/1208 1369/1826/1208
f 1369/1826/1209 1286/1825/1209 1288/1827/1209
f 1369/1826/1210 1288/1827/1210 1370/1828/1210
f 1370/1828/1211 1288/1827/1211 1287/1829/1211
f 1370/1828/1212 1287/1829/1212 1371/1830/1212
f 1371/1830/1213 1287/1829/1213 1289/1831/1213
f 1371/1830/1213 1289/1831/1213 1372/1832/1213
f 1372/1832/1214 1289/1831/1214 1290/1833/1214
f 1372/1832/1215 1290/1833/1215 1373/1834/1215
f 1373/1834/1216 1290/1833/1216 1292/1835/1216
f 1373/1834/1217 1292/1835/1217 1374/1836/1217
f 1374/1836/1218 1292/1835/1218 1291/1837/1218
f 1374/1836/1219 1291/1837/1219 1375/1838/1219
f 1375/1838/1220 1291/1837/1220 1293/1839/1220
f 1375/1838/1220 1293/1839/1220 1376/1840/1220
f 1376/1840/1221 1293/1839/1221 1294/1841/1221
f 1376/1840/1221 1294/1841/1221 1377/1842/1221
f 1377/1842/1222 1294/1841/1222 1295/1843/1222
f 1377/1842/1223 1295/1843/1223 1300/1694/1223
f 1300/1694/1096 1295/1843/1096 1297/1695/1096
f 517/724/1224 1301/1696/1224 1378/722/1224
f 1378/722/1225 1301/1696/1225 1302/1698/1225
f 1378/722/1225 1302/1698/1225 513/720/1225
f 513/720/1226 1302/1698/1226 1303/1844/1226
f 513/720/1227 1303/1844/1227 511/718/1227
f 511/718/1228 1303/1844/1228 1304/1845/1228
f 511/718/1228 1304/1845/1228 509/716/1228
f 509/714/1229 1304/1846/1229 1305/1847/1229
f 509/714/1230 1305/1847/1230 507/712/1230
f 507/712/1231 1305/1847/1231 1306/1704/1231
f 507/712/1232 1306/1704/1232 505/710/1232
f 505/710/1233 1306/1704/1233 1307/1707/1233
f 505/710/1234 1307/1707/1234 503/708/1234
f 503/708/1235 1307/1707/1235 1308/1709/1235
f 503/708/1236 1308/1709/1236 501/706/1236
f 501/706/1237 1308/1709/1237 1309/1711/1237
f 501/706/1238 1309/1711/1238 499/704/1238
f 499/704/1239 1309/1711/1239 1310/1713/1239
f 499/704/1239 1310/1713/1239 497/702/1239
f 497/702/1240 1310/1713/1240 1311/1715/1240
f 497/702/1241 1311/1715/1241 495/700/1241
f 495/700/1242 1311/1715/1242 1312/1717/1242
f 495/700/1243 1312/1717/1243 493/698/1243
f 493/698/1244 1312/1717/1244 1313/1719/1244
f 493/698/1245 1313/1719/1245 491/696/1245
f 491/696/1246 1313/1719/1246 1314/1721/1246
f 491/696/1247 1314/1721/1247 489/694/1247
f 489/694/1248 1314/1721/1248 1315/1723/1248
f 489/694/1248 1315/1723/1248 487/692/1248
f 487/692/1249 1315/1723/1249 1316/1725/1249
f 487/692/1250 1316/1725/1250 485/690/1250
f 485/690/1251 1316/1725/1251 1317/1727/1251
f 485/690/1251 1317/1727/1251 483/688/1251
f 483/688/1252 1317/1727/1252 1318/1729/1252
f 483/688/1253 1318/1729/1253 481/686/1253
f 481/686/1254 1318/1729/1254 1319/1731/1254
f 481/686/1255 1319/1731/1255 479/684/1255
f 479/684/1256 1319/1731/1256 1320/1733/1256
f 479/684/1256 1320/1733/1256 477/682/1256
f 477/682/1257 1320/1733/1257 1321/1735/1257
f 477/682/1257 1321/1735/1257 475/680/1257
f 475/680/1258 1321/1735/1258 1322/1848/1258
f 475/680/1258 1322/1848/1258 473/678/1258
f 473/678/1259 1322/1848/1259 1323/1849/1259
f 473/678/1260 1323/1849/1260 471/676/1260
f 471/676/1261 1323/1849/1261 1324/1850/1261
f 471/676/1262 1324/1850/1262 469/674/1262
f 469/672/1263 1324/1851/1263 1325/1852/1263
f 469/672/1263 1325/1852/1263 467/670/1263
f 467/670/1264 1325/1852/1264 1326/1742/1264
f 467/670/1264 1326/1742/1264 465/668/1264
f 465/668/1265 1326/1742/1265 1327/1745/1265
f 465/668/1265 1327/1745/1265 463/666/1265
f 463/666/1266 1327/1745/1266 1328/1747/1266
f 463/666/1267 1328/1747/1267 461/664/1267
f 461/664/1268 1328/1747/1268 1329/1749/1268
f 461/664/1269 1329/1749/1269 459/662/1269
f 459/662/1270 1329/1749/1270 1330/1751/1270
f 459/662/1271 1330/1751/1271 457/660/1271
f 457/660/1272 1330/1751/1272 1331/1753/1272
f 457/660/1273 1331/1753/1273 455/658/1273
f 455/658/1274 1331/1753/1274 1332/1755/1274
f 455/658/1275 1332/1755/1275 453/656/1275
f 453/656/1276 1332/1755/1276 1333/1757/1276
f 453/656/1277 1333/1757/1277 451/654/1277
f 451/654/1278 1333/1757/1278 1334/1759/1278
f 451/654/1279 1334/1759/1279 449/652/1279
f 449/652/1280 1334/1759/1280 1335/1761/1280
f 449/652/1281 1335/1761/1281 447/650/1281
f 447/650/1282 1335/1761/1282 1336/1763/1282
f 447/650/1283 1336/1763/1283 445/648/1283
f 445/648/1284 1336/1763/1284 1337/1765/1284
f 445/648/1285 1337/1765/1285 443/646/1285
f 443/646/1286 1337/1765/1286 1338/1767/1286
f 443/646/1286 1338/1767/1286 441/644/1286
f 441/644/1287 1338/1767/1287 1339/1769/1287
f 441/644/1288 1339/1769/1288 439/642/1288
f 439/642/1289 1339/1769/1289 1340/1771/1289
f 439/642/1289 1340/1771/1289 1379/640/1289
f 1379/640/1290 1340/1771/1290 1341/1773/1290
f 1379/640/1290 1341/1773/1290 435/638/1290
f 435/638/1291 1341/1773/1291 1342/1853/1291
f 435/638/1292 1342/1853/1292 589/800/1292
f 589/800/1293 1342/1853/1293 1343/1854/1293
f 589/800/1293 1343/1854/1293 587/798/1293
f 587/798/1294 1343/1854/1294 1344/1855/1294
f 587/798/1295 1344/1855/1295 585/796/1295
f 585/794/1296 1344/1856/1296 1345/1857/1296
f 585/794/1297 1345/1857/1297 583/792/1297
f 583/792/1298 1345/1857/1298 1346/1780/1298
f 583/792/1299 1346/1780/1299 581/790/1299
f 581/790/1300 1346/1780/1300 1347/1783/1300
f 581/790/1301 1347/1783/1301 579/788/1301
f 579/788/1302 1347/1783/1302 1348/1785/1302
f 579/788/1303 1348/1785/1303 577/786/1303
f 577/786/1304 1348/1785/1304 1349/1787/1304
f 577/786/1304 1349/1787/1304 575/784/1304
f 575/784/1305 1349/1787/1305 1350/1789/1305
f 575/784/1306 1350/1789/1306 573/782/1306
f 573/782/1307 1350/1789/1307 1351/1791/1307
f 573/782/1308 1351/1791/1308 571/780/1308
f 571/780/1309 1351/1791/1309 1352/1793/1309
f 571/780/1310 1352/1793/1310 569/778/1310
f 569/778/1311 1352/1793/1311 1353/1795/1311
f 569/778/1312 1353/1795/1312 567/776/1312
f 567/776/1313 1353/1795/1313 1354/1797/1313
f 567/776/1313 1354/1797/1313 565/774/1313
f 565/774/1314 1354/1797/1314 1355/1799/1314
f 565/774/1315 1355/1799/1315 563/772/1315
f 563/772/1316 1355/1799/1316 1356/1801/1316
f 563/772/1316 1356/1801/1316 561/770/1316
f 561/770/1317 1356/1801/1317 1357/1803/1317
f 561/770/1318 1357/1803/1318 559/768/1318
f 559/768/1319 1357/1803/1319 1358/1805/1319
f 559/768/1320 1358/1805/1320 557/766/1320
f 557/766/1321 1358/1805/1321 1359/1807/1321
f 557/766/1321 1359/1807/1321 555/764/1321
f 555/764/1322 1359/1807/1322 1360/1809/1322
f 555/764/1322 1360/1809/1322 553/762/1322
f 553/762/1323 1360/1809/1323 1361/1811/1323
f 553/762/1323 1361/1811/1323 551/760/1323
f 551/760/1324 1361/1811/1324 1362/1858/1324
f 551/760/1325 1362/1858/1325 549/758/1325
f 549/758/1326 1362/1858/1326 1363/1859/1326
f 549/758/1327 1363/1859/1327 547/756/1327
f 547/754/1328 1363/1860/1328 1364/1861/1328
f 547/754/1328 1364/1861/1328 545/752/1328
f 545/752/1329 1364/1861/1329 1365/1817/1329
f 545/752/1329 1365/1817/1329 543/750/1329
f 543/750/1330 1365/1817/1330 1366/1820/1330
f 543/750/1330 1366/1820/1330 541/748/1330
f 541/748/1331 1366/1820/1331 1367/1822/1331
f 541/748/1332 1367/1822/1332 539/746/1332
f 539/746/1333 1367/1822/1333 1368/1824/1333
f 539/746/1334 1368/1824/1334 537/744/1334
f 537/744/1335 1368/1824/1335 1369/1826/1335
f 537/744/1336 1369/1826/1336 535/742/1336
f 535/742/1337 1369/1826/1337 1370/1828/1337
f 535/742/1338 1370/1828/1338 533/740/1338
f 533/740/1339 1370/1828/1339 1371/1830/1339
f 533/740/1340 1371/1830/1340 531/738/1340
f 531/738/1341 1371/1830/1341 1372/1832/1341
f 531/738/1342 1372/1832/1342 529/736/1342
f 529/736/1343 1372/1832/1343 1373/1834/1343
f 529/736/1344 1373/1834/1344 527/734/1344
f 527/734/1345 1373/1834/1345 1374/1836/1345
f 527/734/1346 1374/1836/1346 525/732/1346
f 525/732/1347 1374/1836/1347 1375/1838/1347
f 525/732/1348 1375/1838/1348 523/730/1348
f 523/730/1349 1375/1838/1349 1376/1840/1349
f 523/730/1350 1376/1840/1350 521/728/1350
f 521/728/1351 1376/1840/1351 1377/1842/1351
f 521/728/1351 1377/1842/1351 519/726/1351
f 519/726/1352 1377/1842/1352 1300/1694/1352
f 519/726/1353 1300/1694/1353 517/724/1353
f 517/724/1224 1300/1694/1224 1301/1696/1224
f 1380/1862/1354 1381/723/1354 1382/1863/1354
f 1382/1863/1355 1381/723/1355 514/721/1355
f 1382/1863/1356 514/721/1356 1383/1864/1356
f 1383/1864/1357 514/721/1357 512/719/1357
f 1383/1864/1357 512/719/1357 1384/1865/1357
f 1384/1865/1358 512/719/1358 510/717/1358
f 1384/1865/1358 510/717/1358 1385/1866/1358
f 1385/1867/1359 510/715/1359 508/713/1359
f 1385/1867/1360 508/713/1360 1386/1868/1360
f 1386/1868/1361 508/713/1361 506/711/1361
f 1386/1868/1361 506/711/1361 1387/1869/1361
f 1387/1869/1362 506/711/1362 504/709/1362
f 1387/1869/1363 504/709/1363 1388/1870/1363
f 1388/1870/1364 504/709/1364 502/707/1364
f 1388/1870/1364 502/707/1364 1389/1871/1364
f 1389/1871/1365 502/707/1365 500/705/1365
f 1389/1871/1366 500/705/1366 1390/1872/1366
f 1390/1872/1367 500/705/1367 498/703/1367
f 1390/1872/1368 498/703/1368 1391/1873/1368
f 1391/1873/1369 498/703/1369 496/701/1369
f 1391/1873/1370 496/701/1370 1392/1874/1370
f 1392/1874/1371 496/701/1371 494/699/1371
f 1392/1874/1372 494/699/1372 1393/1875/1372
f 1393/1875/1373 494/699/1373 492/697/1373
f 1393/1875/1374 492/697/1374 1394/1876/1374
f 1394/1876/1375 492/697/1375 490/695/1375
f 1394/1876/1375 490/695/1375 1395/1877/1375
f 1395/1877/1376 490/695/1376 488/693/1376
f 1395/1877/1377 488/693/1377 1396/1878/1377
f 1396/1878/1378 488/693/1378 486/691/1378
f 1396/1878/1379 486/691/1379 1397/1879/1379
f 1397/1879/1380 486/691/1380 484/689/1380
f 1397/1879/1381 484/689/1381 1398/1880/1381
f 1398/1880/1382 484/689/1382 482/687/1382
f 1398/1880/1383 482/687/1383 1399/1881/1383
f 1399/1881/1384 482/687/1384 480/685/1384
f 1399/1881/1385 480/685/1385 1400/1882/1385
f 1400/1882/1386 480/685/1386 478/683/1386
f 1400/1882/1387 478/683/1387 1401/1883/1387
f 1401/1883/1388 478/683/1388 476/681/1388
f 1401/1883/1388 476/681/1388 1402/1884/1388
f 1402/1884/1389 476/681/1389 474/679/1389
f 1402/1884/1389 474/679/1389 1403/1885/1389
f 1403/1885/1390 474/679/1390 472/677/1390
f 1403/1885/1391 472/677/1391 1404/1886/1391
f 1404/1886/1392 472/677/1392 470/675/1392
f 1404/1886/1393 470/675/1393 1405/1887/1393
f 1405/1888/1394 470/673/1394 468/671/1394
f 1405/1888/1395 468/671/1395 1406/1889/1395
f 1406/1889/1396 468/671/1396 466/669/1396
f 1406/1889/1397 466/669/1397 1407/1890/1397
f 1407/1890/1398 466/669/1398 464/667/1398
f 1407/1890/1399 464/667/1399 1408/1891/1399
f 1408/1891/1400 464/667/1400 462/665/1400
f 1408/1891/1400 462/665/1400 1409/1892/1400
f 1409/1892/1401 462/665/1401 460/663/1401
f 1409/1892/1402 460/663/1402 1410/1893/1402
f 1410/1893/1403 460/663/1403 458/661/1403
f 1410/1893/1404 458/661/1404 1411/1894/1404
f 1411/1894/1405 458/661/1405 456/659/1405
f 1411/1894/1405 456/659/1405 1412/1895/1405
f 1412/1895/1406 456/659/1406 454/657/1406
f 1412/1895/1407 454/657/1407 1413/1896/1407
f 1413/1896/1408 454/657/1408 452/655/1408
f 1413/1896/1409 452/655/1409 1414/1897/1409
f 1414/1897/1410 452/655/1410 450/653/1410
f 1414/1897/1410 450/653/1410 1415/1898/1410
f 1415/1898/1411 450/653/1411 448/651/1411
f 1415/1898/1412 448/651/1412 1416/1899/1412
f 1416/1899/1413 448/651/1413 446/649/1413
f 1416/1899/1414 446/649/1414 1417/1900/1414
f 1417/1900/1415 446/649/1415 444/647/1415
f 1417/1900/1416 444/647/1416 1418/1901/1416
f 1418/1901/1417 444/647/1417 442/645/1417
f 1418/1901/1417 442/645/1417 1419/1902/1417
f 1419/1902/1418 442/645/1418 440/643/1418
f 1419/1902/1418 440/643/1418 1420/1903/1418
f 1420/1903/1419 440/643/1419 1421/641/1419
f 1420/1903/1420 1421/641/1420 1422/1904/1420
f 1422/1904/1421 1421/641/1421 436/639/1421
f 1422/1904/1422 436/639/1422 1423/1905/1422
f 1423/1905/1423 436/639/1423 590/801/1423
f 1423/1905/1423 590/801/1423 1424/1906/1423
f 1424/1906/1424 590/801/1424 588/799/1424
f 1424/1906/1424 588/799/1424 1425/1907/1424
f 1425/1907/1425 588/799/1425 586/797/1425
f 1425/1907/1426 586/797/1426 1426/1908/1426
f 1426/1909/1427 586/795/1427 584/793/1427
f 1426/1909/1427 584/793/1427 1427/1910/1427
f 1427/1910/1428 584/793/1428 582/791/1428
f 1427/1910/1429 582/791/1429 1428/1911/1429
f 1428/1911/1430 582/791/1430 580/789/1430
f 1428/1911/1430 580/789/1430 1429/1912/1430
f 1429/1912/1431 580/789/1431 578/787/1431
f 1429/1912/1432 578/787/1432 1430/1913/1432
f 1430/1913/1433 578/787/1433 576/785/1433
f 1430/1913/1434 576/785/1434 1431/1914/1434
f 1431/1914/1435 576/785/1435 574/783/1435
f 1431/1914/1436 574/783/1436 1432/1915/1436
f 1432/1915/1437 574/783/1437 572/781/1437
f 1432/1915/1438 572/781/1438 1433/1916/1438
f 1433/1916/1439 572/781/1439 570/779/1439
f 1433/1916/1440 570/779/1440 1434/1917/1440
f 1434/1917/1441 570/779/1441 568/777/1441
f 1434/1917/1441 568/777/1441 1435/1918/1441
f 1435/1918/1442 568/777/1442 566/775/1442
f 1435/1918/1443 566/775/1443 1436/1919/1443
f 1436/1919/1444 566/775/1444 564/773/1444
f 1436/1919/1445 564/773/1445 1437/1920/1445
f 1437/1920/1446 564/773/1446 562/771/1446
f 1437/1920/1447 562/771/1447 1438/1921/1447
f 1438/1921/1448 562/771/1448 560/769/1448
f 1438/1921/1449 560/769/1449 1439/1922/1449
f 1439/1922/1450 560/769/1450 558/767/1450
f 1439/1922/1451 558/767/1451 1440/1923/1451
f 1440/1923/1452 558/767/1452 556/765/1452
f 1440/1923/1453 556/765/1453 1441/1924/1453
f 1441/1924/1454 556/765/1454 554/763/1454
f 1441/1924/1454 554/763/1454 1442/1925/1454
f 1442/1925/1455 554/763/1455 552/761/1455
f 1442/1925/1455 552/761/1455 1443/1926/1455
f 1443/1926/1456 552/761/1456 550/759/1456
f 1443/1926/1457 550/759/1457 1444/1927/1457
f 1444/1927/1458 550/759/1458 548/757/1458
f 1444/1927/1459 548/757/1459 1445/1928/1459
f 1445/1929/1460 548/755/1460 546/753/1460
f 1445/1929/1461 546/753/1461 1446/1930/1461
f 1446/1930/1462 546/753/1462 544/751/1462
f 1446/1930/1463 544/751/1463 1447/1931/1463
f 1447/1931/1464 544/751/1464 542/749/1464
f 1447/1931/1465 542/749/1465 1448/1932/1465
f 1448/1932/1466 542/749/1466 540/747/1466
f 1448/1932/1466 540/747/1466 1449/1933/1466
f 1449/1933/1467 540/747/1467 538/745/1467
f 1449/1933/1468 538/745/1468 1450/1934/1468
f 1450/1934/1469 538/745/1469 536/743/1469
f 1450/1934/1470 536/743/1470 1451/1935/1470
f 1451/1935/1471 536/743/1471 534/741/1471
f 1451/1935/1471 534/741/1471 1452/1936/1471
f 1452/1936/1472 534/741/1472 532/739/1472
f 1452/1936/1473 532/739/1473 1453/1937/1473
f 1453/1937/1474 532/739/1474 530/737/1474
f 1453/1937/1475 530/737/1475 1454/1938/1475
f 1454/1938/1476 530/737/1476 528/735/1476
f 1454/1938/1476 528/735/1476 1455/1939/1476
f 1455/1939/1477 528/735/1477 526/733/1477
f 1455/1939/1478 526/733/1478 1456/1940/1478
f 1456/1940/1479 526/733/1479 524/731/1479
f 1456/1940/1480 524/731/1480 1457/1941/1480
f 1457/1941/1481 524/731/1481 522/729/1481
f 1457/1941/1482 522/729/1482 1458/1942/1482
f 1458/1942/1483 522/729/1483 520/727/1483
f 1458/1942/1483 520/727/1483 1459/1943/1483
f 1459/1943/1484 520/727/1484 518/725/1484
f 1459/1943/1484 518/725/1484 1380/1862/1484
f 1380/1862/1485 518/725/1485 1381/723/1485
f 1460/1944/1486 1382/1945/1486 1461/1946/1486
f 1461/1946/1487 1382/1945/1487 1383/1947/1487
f 1461/1946/1488 1383/1947/1488 1462/1948/1488
f 1462/1948/1489 1383/1947/1489 1384/1949/1489
f 1462/1948/1490 1384/1949/1490 1463/1950/1490
f 1463/1950/1491 1384/1949/1491 1385/1951/1491
f 1463/1950/1492 1385/1951/1492 1464/1952/1492
f 1464/1952/1493 1385/1951/1493 1386/1953/1493
f 1464/1952/1494 1386/1953/1494 1465/1954/1494
f 1465/1954/1495 1386/1953/1495 1387/1955/1495
f 1465/1954/1495 1387/1955/1495 1466/1956/1495
f 1466/1956/1496 1387/1955/1496 1388/1957/1496
f 1466/1956/1497 1388/1957/1497 1467/1958/1497
f 1467/1958/1498 1388/1957/1498 1389/1959/1498
f 1467/1958/1499 1389/1959/1499 1468/1960/1499
f 1468/1960/1500 1389/1959/1500 1390/1961/1500
f 1468/1960/1500 1390/1961/1500 1469/1962/1500
f 1469/1963/1501 1390/1872/1501 1391/1873/1501
f 1469/1963/1502 1391/1873/1502 1470/1964/1502
f 1470/1964/1503 1391/1873/1503 1392/1874/1503
f 1470/1964/1503 1392/1874/1503 1471/1965/1503
f 1471/1965/1504 1392/1874/1504 1393/1875/1504
f 1471/1965/1504 1393/1875/1504 1472/1966/1504
f 1472/1966/1505 1393/1875/1505 1394/1876/1505
f 1472/1966/1506 1394/1876/1506 1473/1967/1506
f 1473/1967/1507 1394/1876/1507 1395/1877/1507
f 1473/1967/1508 1395/1877/1508 1474/1968/1508
f 1474/1968/1509 1395/1877/1509 1396/1878/1509
f 1474/1968/1510 1396/1878/1510 1475/1969/1510
f 1475/1969/1511 1396/1878/1511 1397/1879/1511
f 1475/1969/1512 1397/1879/1512 1476/1970/1512
f 1476/1970/1513 1397/1879/1513 1398/1880/1513
f 1476/1970/1513 1398/1880/1513 1477/1971/1513
f 1477/1971/1514 1398/1880/1514 1399/1881/1514
f 1477/1971/1515 1399/1881/1515 1478/1972/1515
f 1478/1973/1516 1399/1974/1516 1400/1975/1516
f 1478/1973/1517 1400/1975/1517 1479/1976/1517
f 1479/1976/1518 1400/1975/1518 1401/1977/1518
f 1479/1976/1518 1401/1977/1518 1480/1978/1518
f 1480/1978/1519 1401/1977/1519 1402/1979/1519
f 1480/1978/1520 1402/1979/1520 1481/1980/1520
f 1481/1980/1521 1402/1979/1521 1403/1981/1521
f 1481/1980/1522 1403/1981/1522 1482/1982/1522
f 1482/1982/1523 1403/1981/1523 1404/1983/1523
f 1482/1982/1524 1404/1983/1524 1483/1984/1524
f 1483/1984/1525 1404/1983/1525 1405/1985/1525
f 1483/1984/1526 1405/1985/1526 1484/1986/1526
f 1484/1986/1527 1405/1985/1527 1406/1987/1527
f 1484/1986/1527 1406/1987/1527 1485/1988/1527
f 1485/1988/1528 1406/1987/1528 1407/1989/1528
f 1485/1988/1529 1407/1989/1529 1486/1990/1529
f 1486/1990/1530 1407/1989/1530 1408/1991/1530
f 1486/1990/1531 1408/1991/1531 1487/1992/1531
f 1487/1992/1532 1408/1991/1532 1409/1993/1532
f 1487/1992/1533 1409/1993/1533 1488/1994/1533
f 1488/1994/1534 1409/1993/1534 1410/1995/1534
f 1488/1994/1535 1410/1995/1535 1489/1996/1535
f 1489/1997/1536 1410/1893/1536 1411/1894/1536
f 1489/1997/1536 1411/1894/1536 1490/1998/1536
f 1490/1998/1537 1411/1894/1537 1412/1895/1537
f 1490/1998/1538 1412/1895/1538 1491/1999/1538
f 1491/1999/1539 1412/1895/1539 1413/1896/1539
f 1491/1999/1540 1413/1896/1540 1492/2000/1540
f 1492/2000/1541 1413/1896/1541 1414/1897/1541
f 1492/2000/1541 1414/1897/1541 1493/2001/1541
f 1493/2001/1542 1414/1897/1542 1415/1898/1542
f 1493/2001/1543 1415/1898/1543 1494/2002/1543
f 1494/2002/1544 1415/1898/1544 1416/1899/1544
f 1494/2002/1544 1416/1899/1544 1495/2003/1544
f 1495/2003/1545 1416/1899/1545 1417/1900/1545
f 1495/2003/1545 1417/1900/1545 1496/2004/1545
f 1496/2004/1546 1417/1900/1546 1418/1901/1546
f 1496/2004/1547 1418/1901/1547 1497/2005/1547
f 1497/2005/1548 1418/1901/1548 1419/1902/1548
f 1497/2005/1549 1419/1902/1549 1498/2006/1549
f 1498/2007/1550 1419/2008/1550 1420/2009/1550
f 1498/2007/1550 1420/2009/1550 1499/2010/1550
f 1499/2010/1551 1420/2009/1551 1422/2011/1551
f 1499/2010/1552 1422/2011/1552 1500/2012/1552
f 1500/2012/1553 1422/2011/1553 1423/2013/1553
f 1500/2012/1554 1423/2013/1554 1501/2014/1554
f 1501/2014/1555 1423/2013/1555 1424/2015/1555
f 1501/2014/1556 1424/2015/1556 1502/2016/1556
f 1502/2016/1557 1424/2015/1557 1425/2017/1557
f 1502/2016/1558 1425/2017/1558 1503/2018/1558
f 1503/2018/1559 1425/2017/1559 1426/2019/1559
f 1503/2018/1560 1426/2019/1560 1504/2020/1560
f 1504/2020/1561 1426/2019/1561 1427/2021/1561
f 1504/2020/1561 1427/2021/1561 1505/2022/1561
f 1505/2022/1562 1427/2021/1562 1428/2023/1562
f 1505/2022/1563 1428/2023/1563 1506/2024/1563
f 1506/2024/1564 1428/2023/1564 1429/2025/1564
f 1506/2024/1565 1429/2025/1565 1507/2026/1565
f 1507/2026/1566 1429/2025/1566 1430/2027/1566
f 1507/2026/1566 1430/2027/1566 1508/2028/1566
f 1508/2028/1567 1430/2027/1567 1431/2029/1567
f 1508/2028/1568 1431/2029/1568 1509/2030/1568
f 1509/2031/1569 1431/1914/1569 1432/1915/1569
f 1509/2031/1569 1432/1915/1569 1510/2032/1569
f 1510/2032/1570 1432/1915/1570 1433/1916/1570
f 1510/2032/1570 1433/1916/1570 1511/2033/1570
f 1511/2033/1571 1433/1916/1571 1434/1917/1571
f 1511/2033/1572 1434/1917/1572 1512/2034/1572
f 1512/2034/1573 1434/1917/1573 1435/1918/1573
f 1512/2034/1574 1435/1918/1574 1513/2035/1574
f 1513/2035/1575 1435/1918/1575 1436/1919/1575
f 1513/2035/1576 1436/1919/1576 1514/2036/1576
f 1514/2036/1577 1436/1919/1577 1437/1920/1577
f 1514/2036/1578 1437/1920/1578 1515/2037/1578
f 1515/2037/1579 1437/1920/1579 1438/1921/1579
f 1515/2037/1579 1438/1921/1579 1516/2038/1579
f 1516/2038/1580 1438/1921/1580 1439/1922/1580
f 1516/2038/1581 1439/1922/1581 1517/2039/1581
f 1517/2039/1582 1439/1922/1582 1440/1923/1582
f 1517/2039/1583 1440/1923/1583 1518/2040/1583
f 1518/2041/1584 1440/2042/1584 1441/2043/1584
f 1518/2041/1584 1441/2043/1584 1519/2044/1584
f 1519/2044/1585 1441/2043/1585 1442/2045/1585
f 1519/2044/1586 1442/2045/1586 1520/2046/1586
f 1520/2046/1587 1442/2045/1587 1443/2047/1587
f 1520/2046/1588 1443/2047/1588 1521/2048/1588
f 1521/2048/1589 1443/2047/1589 1444/2049/1589
f 1521/2048/1590 1444/2049/1590 1522/2050/1590
f 1522/2050/1591 1444/2049/1591 1445/2051/1591
f 1522/2050/1592 1445/2051/1592 1523/2052/1592
f 1523/2052/1593 1445/2051/1593 1446/2053/1593
f 1523/2052/1593 1446/2053/1593 1524/2054/1593
f 1524/2054/1594 1446/2053/1594 1447/2055/1594
f 1524/2054/1595 1447/2055/1595 1525/2056/1595
f 1525/2056/1596 1447/2055/1596 1448/2057/1596
f 1525/2056/1597 1448/2057/1597 1526/2058/1597
f 1526/2058/1598 1448/2057/1598 1449/2059/1598
f 1526/2058/1599 1449/2059/1599 1527/2060/1599
f 1527/2060/1600 1449/2059/1600 1450/2061/1600
f 1527/2060/1601 1450/2061/1601 1528/2062/1601
f 1528/2063/1602 1450/1934/1602 1451/1935/1602
f 1528/2063/1602 1451/1935/1602 1529/2064/1602
f 1529/2064/1603 1451/1935/1603 1452/1936/1603
f 1529/2064/1604 1452/1936/1604 1530/2065/1604
f 1530/2065/1605 1452/1936/1605 1453/1937/1605
f 1530/2065/1606 1453/1937/1606 1531/2066/1606
f 1531/2066/1607 1453/1937/1607 1454/1938/1607
f 1531/2066/1607 1454/1938/1607 1532/2067/1607
f 1532/2067/1608 1454/1938/1608 1455/1939/1608
f 1532/2067/1609 1455/1939/1609 1533/2068/1609
f 1533/2068/1610 1455/1939/1610 1456/1940/1610
f 1533/2068/1610 1456/1940/1610 1534/2069/1610
f 1534/2069/1611 1456/1940/1611 1457/1941/1611
f 1534/2069/1611 1457/1941/1611 1535/2070/1611
f 1535/2070/1612 1457/1941/1612 1458/1942/1612
f 1535/2070/1613 1458/1942/1613 1536/2071/1613
f 1536/2071/1614 1458/1942/1614 1459/1943/1614
f 1536/2071/1615 1459/1943/1615 1537/2072/1615
f 1537/2073/1616 1459/2074/1616 1380/2075/1616
f 1537/2073/1616 1380/2075/1616 1460/1944/1616
f 1460/1944/1617 1380/2075/1617 1382/1945/1617
f 674/885/1618 1461/1946/1618 676/887/1618
f 676/887/1619 1461/1946/1619 1462/1948/1619
f 676/887/1619 1462/1948/1619 677/888/1619
f 677/888/1620 1462/1948/1620 1463/1950/1620
f 677/888/1621 1463/1950/1621 669/880/1621
f 669/880/1622 1463/1950/1622 1464/1952/1622
f 669/880/1622 1464/1952/1622 671/882/1622
f 671/882/1623 1464/1952/1623 1465/1954/1623
f 671/882/1624 1465/1954/1624 672/883/1624
f 672/883/1625 1465/1954/1625 1466/1956/1625
f 672/883/1625 1466/1956/1625 644/855/1625
f 644/855/1626 1466/1956/1626 1467/1958/1626
f 644/855/1627 1467/1958/1627 646/857/1627
f 646/857/1628 1467/1958/1628 1468/1960/1628
f 646/857/1629 1468/1960/1629 647/858/1629
f 647/858/1630 1468/1960/1630 1469/1962/1630
f 647/858/1630 1469/1962/1630 639/850/1630
f 639/850/1631 1469/1962/1631 1470/2076/1631
f 639/850/1631 1470/2076/1631 641/852/1631
f 641/852/1632 1470/2076/1632 1471/2077/1632
f 641/852/1632 1471/2077/1632 642/853/1632
f 642/853/1633 1471/2077/1633 1472/2078/1633
f 642/853/1633 1472/2078/1633 632/843/1633
f 632/843/1634 1472/2078/1634 1473/2079/1634
f 632/843/1634 1473/2079/1634 634/845/1634
f 634/845/1635 1473/2079/1635 1474/2080/1635
f 634/845/1636 1474/2080/1636 636/847/1636
f 636/847/1637 1474/2080/1637 1475/2081/1637
f 636/847/1638 1475/2081/1638 637/848/1638
f 637/848/1639 1475/2081/1639 1476/2082/1639
f 637/848/1639 1476/2082/1639 607/818/1639
f 607/818/1640 1476/2082/1640 1477/2083/1640
f 607/818/1640 1477/2083/1640 609/820/1640
f 609/820/1641 1477/2083/1641 1478/1973/1641
f 609/820/1642 1478/1973/1642 616/827/1642
f 616/827/1643 1478/1973/1643 1479/1976/1643
f 616/827/1644 1479/1976/1644 617/828/1644
f 617/828/1645 1479/1976/1645 1480/1978/1645
f 617/828/1645 1480/1978/1645 619/830/1645
f 619/830/683 1480/1978/683 1481/1980/683
f 619/830/683 1481/1980/683 620/831/683
f 620/831/1646 1481/1980/1646 1482/1982/1646
f 620/831/1646 1482/1982/1646 597/808/1646
f 597/808/1647 1482/1982/1647 1483/1984/1647
f 597/808/1647 1483/1984/1647 599/810/1647
f 599/810/1648 1483/1984/1648 1484/1986/1648
f 599/810/1649 1484/1986/1649 600/811/1649
f 600/811/1650 1484/1986/1650 1485/1988/1650
f 600/811/1650 1485/1988/1650 592/803/1650
f 592/803/1651 1485/1988/1651 1486/1990/1651
f 592/803/1651 1486/1990/1651 594/805/1651
f 594/805/1652 1486/1990/1652 1487/1992/1652
f 594/805/1653 1487/1992/1653 626/837/1653
f 626/837/1654 1487/1992/1654 1488/1994/1654
f 626/837/1654 1488/1994/1654 627/838/1654
f 627/838/1655 1488/1994/1655 1489/1996/1655
f 627/838/1655 1489/1996/1655 629/840/1655
f 629/840/1656 1489/1996/1656 1490/2084/1656
f 629/840/1656 1490/2084/1656 630/841/1656
f 630/841/1657 1490/2084/1657 1491/2085/1657
f 630/841/1657 1491/2085/1657 612/823/1657
f 612/823/1658 1491/2085/1658 1492/2086/1658
f 612/823/1658 1492/2086/1658 614/825/1658
f 614/825/1659 1492/2086/1659 1493/2087/1659
f 614/825/1659 1493/2087/1659 621/832/1659
f 621/832/1660 1493/2087/1660 1494/2088/1660
f 621/832/1661 1494/2088/1661 622/833/1661
f 622/833/1662 1494/2088/1662 1495/2089/1662
f 622/833/1663 1495/2089/1663 624/835/1663
f 624/835/1664 1495/2089/1664 1496/2090/1664
f 624/835/1664 1496/2090/1664 625/836/1664
f 625/836/1665 1496/2090/1665 1497/2091/1665
f 625/836/1666 1497/2091/1666 602/813/1666
f 602/813/1667 1497/2091/1667 1498/2007/1667
f 602/813/1667 1498/2007/1667 604/815/1667
f 604/815/1668 1498/2007/1668 1499/2010/1668
f 604/815/1669 1499/2010/1669 688/899/1669
f 688/899/1670 1499/2010/1670 1500/2012/1670
f 688/899/1670 1500/2012/1670 1538/900/1670
f 1538/900/1671 1500/2012/1671 1501/2014/1671
f 1538/900/1671 1501/2014/1671 691/902/1671
f 691/902/1672 1501/2014/1672 1502/2016/1672
f 691/902/1673 1502/2016/1673 693/904/1673
f 693/904/1674 1502/2016/1674 1503/2018/1674
f 693/904/1674 1503/2018/1674 694/905/1674
f 694/905/1675 1503/2018/1675 1504/2020/1675
f 694/905/1676 1504/2020/1676 664/875/1676
f 664/875/1677 1504/2020/1677 1505/2022/1677
f 664/875/1677 1505/2022/1677 666/877/1677
f 666/877/1678 1505/2022/1678 1506/2024/1678
f 666/877/1679 1506/2024/1679 683/894/1679
f 683/894/1680 1506/2024/1680 1507/2026/1680
f 683/894/1681 1507/2026/1681 684/895/1681
f 684/895/1682 1507/2026/1682 1508/2028/1682
f 684/895/1682 1508/2028/1682 686/897/1682
f 686/897/1683 1508/2028/1683 1509/2030/1683
f 686/897/1683 1509/2030/1683 687/898/1683
f 687/898/1684 1509/2030/1684 1510/2092/1684
f 687/898/1684 1510/2092/1684 654/865/1684
f 654/865/1685 1510/2092/1685 1511/2093/1685
f 654/865/1685 1511/2093/1685 656/867/1685
f 656/867/1686 1511/2093/1686 1512/2094/1686
f 656/867/1686 1512/2094/1686 657/868/1686
f 657/868/1687 1512/2094/1687 1513/2095/1687
f 657/868/1688 1513/2095/1688 649/860/1688
f 649/860/1689 1513/2095/1689 1514/2096/1689
f 649/860/1690 1514/2096/1690 651/862/1690
f 651/862/1691 1514/2096/1691 1515/2097/1691
f 651/862/1691 1515/2097/1691 700/911/1691
f 700/911/1692 1515/2097/1692 1516/2098/1692
f 700/911/1692 1516/2098/1692 701/912/1692
f 701/912/1693 1516/2098/1693 1517/2099/1693
f 701/912/1694 1517/2099/1694 703/914/1694
f 703/914/1695 1517/2099/1695 1518/2041/1695
f 703/914/1696 1518/2041/1696 710/921/1696
f 710/921/1697 1518/2041/1697 1519/2044/1697
f 710/921/1697 1519/2044/1697 711/922/1697
f 711/922/722 1519/2044/722 1520/2046/722
f 711/922/722 1520/2046/722 713/924/722
f 713/924/1698 1520/2046/1698 1521/2048/1698
f 713/924/1698 1521/2048/1698 714/925/1698
f 714/925/1699 1521/2048/1699 1522/2050/1699
f 714/925/1699 1522/2050/1699 706/917/1699
f 706/917/1700 1522/2050/1700 1523/2052/1700
f 706/917/1701 1523/2052/1701 708/919/1701
f 708/919/1702 1523/2052/1702 1524/2054/1702
f 708/919/1702 1524/2054/1702 715/926/1702
f 715/926/1703 1524/2054/1703 1525/2056/1703
f 715/926/1703 1525/2056/1703 716/927/1703
f 716/927/1704 1525/2056/1704 1526/2058/1704
f 716/927/1705 1526/2058/1705 718/929/1705
f 718/929/1706 1526/2058/1706 1527/2060/1706
f 718/929/1706 1527/2060/1706 720/931/1706
f 720/931/1707 1527/2060/1707 1528/2062/1707
f 720/931/1707 1528/2062/1707 721/932/1707
f 721/932/1708 1528/2062/1708 1529/2100/1708
f 721/932/1708 1529/2100/1708 696/907/1708
f 696/907/1709 1529/2100/1709 1530/2101/1709
f 696/907/1709 1530/2101/1709 698/909/1709
f 698/909/1710 1530/2101/1710 1531/2102/1710
f 698/909/1710 1531/2102/1710 699/910/1710
f 699/910/1711 1531/2102/1711 1532/2103/1711
f 699/910/1711 1532/2103/1711 679/890/1711
f 679/890/1712 1532/2103/1712 1533/2104/1712
f 679/890/1713 1533/2104/1713 681/892/1713
f 681/892/1714 1533/2104/1714 1534/2105/1714
f 681/892/1715 1534/2105/1715 682/893/1715
f 682/893/1716 1534/2105/1716 1535/2106/1716
f 682/893/1716 1535/2106/1716 659/870/1716
f 659/870/1717 1535/2106/1717 1536/2107/1717
f 659/870/1718 1536/2107/1718 661/872/1718
f 661/872/1719 1536/2107/1719 1537/2073/1719
f 661/872/1719 1537/2073/1719 673/884/1719
f 673/884/1720 1537/2073/1720 1460/1944/1720
f 673/884/1721 1460/1944/1721 674/885/1721
f 674/885/1618 1460/1944/1618 1461/1946/1618
f 1095/2108/1722 1096/2109/1722 1539/2110/1722
f 1101/2111/1723 1102/2112/1723 1540/2113/1723
f 1051/2114/1724 1052/2115/1724 1541/2116/1724
f 1061/2117/1725 1062/2118/1725 1542/2119/1725
f 1543/2120/1726 1544/2121/1726 1074/2122/1726
f 1545/2123/1727 1072/2124/1727 1544/2121/1727
f 1544/2121/1728 1072/2124/1728 1073/2125/1728
f 1544/2121/1729 1073/2125/1729 1074/2122/1729
f 1067/2126/1730 1068/2127/1730 1546/2128/1730
f 1546/2128/1731 1068/2127/1731 1069/2129/1731
f 1546/2128/1732 1069/2129/1732 1547/2130/1732
f 1547/2130/1733 1069/2129/1733 1070/2131/1733
f 1547/2130/1734 1070/2131/1734 1545/2123/1734
f 1545/2123/1735 1070/2131/1735 1071/2132/1735
f 1545/2123/1736 1071/2132/1736 1072/2124/1736
f 1067/2126/1737 1546/2128/1737 1066/2133/1737
f 1066/2133/1738 1546/2128/1738 1548/2134/1738
f 1066/2133/1739 1548/2134/1739 1065/2135/1739
f 1065/2135/1740 1548/2134/1740 1549/2136/1740
f 1065/2135/1741 1549/2136/1741 1064/2137/1741
f 1542/2119/1742 1062/2118/1742 1549/2136/1742
f 1549/2136/1743 1062/2118/1743 1063/2138/1743
f 1549/2136/1744 1063/2138/1744 1064/2137/1744
f 1061/2139/1745 1542/2140/1745 1060/2141/1745
f 1060/2142/1746 1542/2143/1746 1550/2144/1746
f 1060/2145/1747 1550/2146/1747 1059/2147/1747
f 1059/2147/1748 1550/2146/1748 1551/2148/1748
f 1059/2147/1749 1551/2148/1749 1058/2149/1749
f 1058/2149/49 1551/2148/49 1057/2150/49
f 1057/2150/1750 1551/2148/1750 1552/2151/1750
f 1057/2150/1751 1552/2151/1751 1056/2152/1751
f 1056/2152/1752 1552/2151/1752 1055/2153/1752
f 1055/2153/1753 1552/2151/1753 1553/2154/1753
f 1055/2153/1754 1553/2154/1754 1054/2155/1754
f 1541/2116/1755 1052/2115/1755 1553/2154/1755
f 1553/2154/1756 1052/2115/1756 1053/2156/1756
f 1553/2154/1757 1053/2156/1757 1054/2155/1757
f 1051/2114/1758 1541/2116/1758 1050/2157/1758
f 1050/2157/1759 1541/2116/1759 1554/2158/1759
f 1050/2157/1760 1554/2158/1760 1049/2159/1760
f 1049/2159/1761 1554/2158/1761 1555/2160/1761
f 1049/2159/1762 1555/2160/1762 1048/2161/1762
f 1048/2161/1763 1555/2160/1763 1047/2162/1763
f 1047/2162/1764 1555/2160/1764 1556/2163/1764
f 1047/2162/1765 1556/2163/1765 1046/2164/1765
f 1046/2164/1766 1556/2163/1766 1045/2165/1766
f 1045/2165/1767 1556/2163/1767 1557/2166/1767
f 1045/2165/1768 1557/2166/1768 1044/2167/1768
f 1044/2167/1769 1557/2166/1769 1043/2168/1769
f 1043/2168/1770 1557/2166/1770 1558/2169/1770
f 1043/2168/1771 1558/2169/1771 1042/2170/1771
f 1042/2171/1772 1558/2172/1772 1041/2173/1772
f 1041/2173/1773 1558/2172/1773 1559/2174/1773
f 1041/2173/1774 1559/2174/1774 1040/2175/1774
f 1040/2175/337 1559/2174/337 1560/2176/337
f 1560/2176/1775 1559/2174/1775 1561/2177/1775
f 1560/2176/1776 1561/2177/1776 1038/2178/1776
f 1107/2179/1777 1108/2180/1777 1562/2181/1777
f 1562/2181/1778 1108/2180/1778 1109/2182/1778
f 1562/2181/1779 1109/2182/1779 1563/2183/1779
f 1563/2183/1780 1109/2182/1780 1110/2184/1780
f 1563/2183/1781 1110/2184/1781 1561/2177/1781
f 1561/2177/1782 1110/2184/1782 1111/2185/1782
f 1561/2177/1783 1111/2185/1783 1038/2178/1783
f 1107/2179/1784 1562/2181/1784 1106/2186/1784
f 1106/2186/1785 1562/2181/1785 1564/2187/1785
f 1106/2186/1786 1564/2187/1786 1105/2188/1786
f 1105/2188/1787 1564/2187/1787 1565/2189/1787
f 1105/2188/1788 1565/2189/1788 1104/2190/1788
f 1540/2113/1789 1102/2112/1789 1565/2189/1789
f 1565/2189/1790 1102/2112/1790 1103/2191/1790
f 1565/2189/1791 1103/2191/1791 1104/2190/1791
f 1101/2111/1792 1540/2113/1792 1100/2192/1792
f 1100/2192/1793 1540/2113/1793 1566/2193/1793
f 1100/2192/1794 1566/2193/1794 1099/2194/1794
f 1099/2194/1795 1566/2193/1795 1567/2195/1795
f 1099/2194/1796 1567/2195/1796 1098/2196/1796
f 1539/2110/1797 1096/2109/1797 1567/2197/1797
f 1567/2197/1798 1096/2109/1798 1097/2198/1798
f 1567/2197/1799 1097/2198/1799 1098/2199/1799
f 1095/2108/1800 1539/2110/1800 1094/2200/1800
f 1094/2200/1801 1539/2110/1801 1568/2201/1801
f 1094/2200/1802 1568/2201/1802 1093/2202/1802
f 1093/2202/1803 1568/2201/1803 1569/2203/1803
f 1093/2202/1804 1569/2203/1804 1092/2204/1804
f 1092/2204/1805 1569/2203/1805 1091/2205/1805
f 1091/2205/1806 1569/2203/1806 1570/2206/1806
f 1091/2205/1807 1570/2206/1807 1090/2207/1807
f 1090/2207/1808 1570/2206/1808 1089/2208/1808
f 1089/2208/1809 1570/2206/1809 1571/2209/1809
f 1089/2208/1810 1571/2209/1810 1088/2210/1810
f 1572/2211/1811 1085/2212/1811 1573/2213/1811
f 1573/2213/1812 1085/2212/1812 1086/2214/1812
f 1573/2213/1813 1086/2214/1813 1571/2209/1813
f 1571/2209/1814 1086/2214/1814 1087/2215/1814
f 1571/2209/1815 1087/2215/1815 1088/2210/1815
f 1081/2216/1816 1082/2217/1816 1574/2218/1816
f 1574/2218/1817 1082/2217/1817 1083/2219/1817
f 1574/2218/1818 1083/2219/1818 1572/2211/1818
f 1572/2211/1819 1083/2219/1819 1084/2220/1819
f 1572/2211/1820 1084/2220/1820 1085/2212/1820
f 1081/2216/1821 1574/2218/1821 1080/2221/1821
f 1080/2221/1822 1574/2218/1822 1575/2222/1822
f 1080/2221/1823 1575/2222/1823 1079/2223/1823
f 1079/2224/1824 1575/2225/1824 1576/2226/1824
f 1079/2224/1825 1576/2226/1825 1078/2227/1825
f 1074/2122/1826 1075/2228/1826 1543/2120/1826
f 1543/2120/1827 1075/2228/1827 1577/2229/1827
f 1543/2120/1828 1577/2229/1828 1576/2226/1828
f 1576/2226/1829 1577/2229/1829 1077/2230/1829
f 1576/2226/1830 1077/2230/1830 1078/2227/1830
