# Blender 3.6.0
# www.blender.org
mtllib wrist_flex_link.mtl
o wrist_flex_link
v 0.041967 0.046002 -0.030704
v 0.041002 0.044944 -0.031827
v 0.040944 0.054500 -0.031774
v 0.041967 -0.046002 0.030704
v 0.041002 -0.044944 0.031827
v 0.040871 -0.052000 0.031735
v -0.002956 0.054500 0.051916
v -0.004238 0.054500 0.051712
v 0.000000 0.000000 0.052000
v 0.038107 -0.052000 0.035382
v 0.036652 -0.040176 0.036887
v 0.033810 -0.052000 0.039171
v 0.033875 -0.037132 0.039241
v 0.030342 -0.052000 0.042230
v 0.030396 -0.033319 0.042191
v 0.025421 -0.052000 0.045069
v 0.025478 -0.027927 0.045173
v 0.021374 -0.052000 0.047404
v 0.023348 -0.025593 0.046464
v 0.016033 -0.052000 0.049197
v 0.016102 -0.017651 0.049408
v 0.011558 -0.052000 0.050699
v 0.015683 -0.017191 0.049579
v 0.006016 -0.052000 0.051392
v 0.046226 -0.050671 0.023815
v 0.044361 -0.052000 0.027131
v 0.046543 -0.051019 0.023156
v 0.046477 -0.052000 0.023120
v 0.047439 -0.052000 0.021297
v 0.047439 -0.052000 -0.021297
v 0.046477 -0.052000 -0.023120
v 0.046700 -0.051190 -0.022872
v 0.046535 -0.051010 -0.023150
v 0.040871 -0.052000 -0.031735
v 0.040969 -0.044909 -0.031802
v 0.042525 -0.046614 -0.029927
v 0.044361 -0.052000 -0.027131
v 0.033810 -0.052000 -0.039171
v 0.033871 -0.037128 -0.039240
v 0.037265 -0.040848 -0.036268
v 0.038107 -0.052000 -0.035382
v 0.025421 -0.052000 -0.045069
v 0.025491 -0.027942 -0.045197
v 0.031043 -0.034028 -0.041717
v 0.030342 -0.052000 -0.042230
v 0.024016 -0.026325 -0.046122
v 0.021374 -0.052000 -0.047404
v 0.016033 -0.052000 -0.049197
v 0.008289 -0.009086 -0.051335
v 0.016110 -0.017659 -0.049420
v 0.016365 -0.017938 -0.049358
v 0.006043 0.054500 -0.051519
v 0.006041 0.006622 -0.051556
v -0.002956 0.054500 -0.051916
v 0.000000 0.000000 -0.052000
v -0.004238 0.054500 -0.051712
v 0.011558 -0.052000 -0.050699
v 0.006016 -0.052000 -0.051392
v 0.006037 -0.006617 -0.051516
v 0.035466 0.054500 -0.038029
v 0.036652 0.040176 -0.036887
v 0.033880 0.054500 -0.039233
v 0.033875 0.037132 -0.039241
v 0.027121 0.054500 -0.044367
v 0.030396 0.033319 -0.042191
v 0.025483 0.054500 -0.045154
v 0.025478 0.027927 -0.045173
v 0.017676 0.054500 -0.048904
v 0.023348 0.025593 -0.046464
v 0.016081 0.054500 -0.049304
v 0.016102 0.017651 -0.049408
v 0.007512 0.054500 -0.051454
v 0.015683 0.017191 -0.049579
v 0.007600 0.008331 -0.051442
v 0.046509 0.050981 -0.023142
v 0.047554 0.054500 -0.021039
v 0.049348 0.054093 -0.016394
v 0.049719 0.054500 -0.015231
v 0.046226 0.050671 -0.023815
v 0.042370 0.054500 -0.030146
v 0.046397 0.054500 -0.023071
v 0.040944 0.054500 0.031774
v 0.040969 0.044909 0.031802
v 0.042525 0.046614 0.029927
v 0.042370 0.054500 0.030146
v 0.046535 0.051010 0.023150
v 0.046397 0.054500 0.023071
v 0.046700 0.051190 0.022872
v 0.047554 0.054500 0.021039
v 0.049699 0.054477 0.015298
v 0.049719 0.054500 0.015231
v 0.033880 0.054500 0.039233
v 0.033871 0.037128 0.039240
v 0.037265 0.040848 0.036268
v 0.035466 0.054500 0.038029
v 0.025483 0.054500 0.045154
v 0.025491 0.027942 0.045197
v 0.031043 0.034028 0.041717
v 0.027121 0.054500 0.044367
v 0.024016 0.026325 0.046122
v 0.016081 0.054500 0.049304
v 0.016365 0.017938 0.049358
v 0.016110 0.017659 0.049420
v 0.017676 0.054500 0.048904
v 0.006043 0.054500 0.051519
v 0.006037 0.006617 0.051516
v 0.008289 0.009086 0.051335
v 0.007512 0.054500 0.051454
v 0.001285 -0.052000 -0.051984
v -0.004237 -0.052000 -0.051569
v -0.009040 -0.052000 -0.051208
v -0.013305 0.054500 -0.050269
v -0.014323 -0.052000 -0.049721
v -0.014357 0.054500 -0.049873
v -0.019006 -0.052000 -0.048402
v -0.023113 0.054500 -0.046581
v -0.023847 -0.052000 -0.045919
v -0.023918 0.054500 -0.046074
v -0.028218 -0.052000 -0.043677
v -0.031982 0.054500 -0.041001
v -0.032435 -0.052000 -0.040314
v -0.032545 0.054500 -0.040463
v -0.036312 -0.052000 -0.037221
v -0.039553 0.054500 -0.033757
v -0.039748 -0.052000 -0.033126
v -0.039898 0.054500 -0.033259
v -0.045518 0.054500 -0.025141
v -0.042967 -0.052000 -0.029289
v -0.045688 0.054500 -0.024744
v -0.045500 -0.052000 -0.024637
v -0.049635 0.054500 -0.015505
v -0.047918 -0.052000 -0.020196
v -0.049686 0.054500 -0.015251
v -0.049465 -0.052000 -0.015180
v -0.051735 0.054500 -0.005239
v -0.050969 -0.052000 -0.010302
v -0.051735 0.054500 -0.005153
v 0.007600 -0.008331 0.051442
v 0.006041 -0.006622 0.051556
v 0.001285 -0.052000 0.051984
v -0.004237 -0.052000 0.051569
v -0.009040 -0.052000 0.051208
v -0.013305 0.054500 0.050269
v -0.014323 -0.052000 0.049721
v -0.014357 0.054500 0.049873
v -0.019006 -0.052000 0.048402
v -0.023113 0.054500 0.046581
v -0.023847 -0.052000 0.045919
v -0.023918 0.054500 0.046074
v -0.028218 -0.052000 0.043677
v -0.031982 0.054500 0.041001
v -0.032435 -0.052000 0.040314
v -0.032545 0.054500 0.040463
v -0.036312 -0.052000 0.037221
v -0.039553 0.054500 0.033757
v -0.039748 -0.052000 0.033126
v -0.039898 0.054500 0.033259
v -0.042967 -0.052000 0.029289
v -0.045518 0.054500 0.025141
v -0.045500 -0.052000 0.024637
v -0.045688 0.054500 0.024744
v -0.047918 -0.052000 0.020196
v -0.049635 0.054500 0.015505
v -0.049465 -0.052000 0.015180
v -0.049686 0.054500 0.015251
v -0.050969 -0.052000 0.010302
v -0.051735 0.054500 0.005239
v -0.051487 -0.052000 0.005127
v -0.051735 0.054500 0.005153
v -0.052000 -0.052000 0.000000
v -0.051487 -0.052000 -0.005127
v 0.008552 -0.008818 -0.051307
v 0.050469 -0.052200 -0.014834
v 0.050414 -0.052213 -0.014867
v 0.047556 -0.049163 -0.022299
v 0.052200 -0.050469 -0.014834
v 0.053973 -0.052166 -0.007151
v 0.053456 -0.052395 -0.007593
v 0.052114 -0.052323 -0.010983
v 0.051538 -0.052293 -0.012438
v 0.050645 -0.052229 -0.014367
v 0.054247 -0.052428 -0.004779
v 0.054014 -0.052419 -0.005605
v 0.053586 -0.052400 -0.007129
v 0.054864 -0.052453 -0.000008
v 0.054882 -0.052453 -0.001090
v 0.056996 -0.051996 0.000625
v 0.056419 -0.051470 -0.007403
v 0.054638 -0.052444 -0.002834
v 0.054484 -0.052439 -0.003936
v 0.054248 -0.052429 0.004887
v 0.054336 -0.052433 0.004593
v 0.056213 -0.051282 0.008611
v 0.056800 -0.051817 0.002623
v 0.054632 -0.052444 0.002859
v 0.054836 -0.052452 0.001668
v 0.054854 -0.052452 0.000605
v 0.053786 -0.051987 0.008322
v 0.053317 -0.052388 0.007993
v 0.054024 -0.052419 0.005635
v 0.049890 -0.052175 0.015998
v 0.050130 -0.051847 0.015908
v 0.050648 -0.052229 0.014359
v 0.051847 -0.050130 0.015908
v 0.051559 -0.052294 0.012391
v 0.052122 -0.052324 0.010980
v 0.053198 -0.052382 0.008289
v 0.007842 -0.008086 0.051418
v 0.008086 -0.007842 0.051418
v 0.005756 -0.005251 0.051614
v 0.008331 -0.007600 0.051442
v 0.016168 -0.016674 0.049479
v 0.024036 -0.024796 0.046247
v 0.017061 -0.015565 0.049606
v 0.016674 -0.016168 0.049479
v 0.017191 -0.015683 0.049579
v 0.024796 -0.024036 0.046247
v 0.025593 -0.023348 0.046464
v 0.031230 -0.032231 0.041837
v 0.037563 -0.038786 0.036404
v 0.038786 -0.037563 0.036404
v 0.037014 -0.033767 0.039333
v 0.032231 -0.031230 0.041837
v 0.033319 -0.030396 0.042191
v 0.027592 -0.025171 0.045358
v 0.042885 -0.044306 0.030135
v 0.047092 -0.048680 0.023236
v 0.044306 -0.042885 0.030135
v 0.048680 -0.047092 0.023236
v 0.051105 -0.046622 0.022873
v 0.050671 -0.046226 0.023815
v 0.046002 -0.041967 0.030704
v 0.044998 -0.041051 0.031770
v 0.040176 -0.036652 0.036887
v 0.054093 -0.049348 0.016394
v 0.055018 -0.050192 0.012997
v 0.056305 -0.051366 -0.007867
v 0.054477 -0.049699 -0.015298
v 0.053302 -0.048627 -0.018006
v 0.043439 -0.044882 -0.029351
v 0.051190 -0.046700 -0.022872
v 0.049163 -0.047556 -0.022299
v 0.048233 -0.044002 -0.027431
v 0.044882 -0.043439 -0.029351
v 0.046614 -0.042525 -0.029927
v 0.038179 -0.039425 -0.035773
v 0.041276 -0.037655 -0.035797
v 0.039425 -0.038179 -0.035773
v 0.040848 -0.037265 -0.036268
v 0.032911 -0.031887 -0.041350
v 0.034028 -0.031043 -0.041717
v 0.031887 -0.032911 -0.041350
v 0.024720 -0.025502 -0.045893
v 0.017398 -0.016869 -0.049249
v 0.022407 -0.020442 -0.047633
v 0.025502 -0.024720 -0.045893
v 0.026325 -0.024016 -0.046122
v 0.032500 -0.029649 -0.042591
v 0.008818 -0.008552 -0.051307
v 0.016869 -0.017398 -0.049249
v 0.009086 -0.008289 -0.051335
v 0.011441 -0.010437 -0.050809
v 0.017938 -0.016365 -0.049358
v 0.014968 -0.054000 0.047707
v 0.005058 -0.054000 0.049743
v -0.048404 -0.054000 0.012533
v 0.049936 -0.054000 0.002532
v -0.019718 -0.054000 -0.045948
v 0.049423 -0.054000 -0.007571
v -0.010065 -0.054000 -0.048976
v 0.000000 -0.054000 -0.050000
v 0.010065 -0.054000 -0.048976
v 0.019718 -0.054000 -0.045948
v 0.028563 -0.054000 -0.041038
v 0.048404 -0.054000 0.012533
v 0.044890 -0.054000 0.022020
v 0.039539 -0.054000 0.030605
v 0.024265 -0.054000 0.043717
v -0.049936 -0.054000 0.002532
v -0.049423 -0.054000 -0.007571
v -0.046888 -0.054000 -0.017365
v -0.042432 -0.054000 -0.026448
v -0.036240 -0.054000 -0.034448
v 0.036240 -0.054000 -0.034448
v 0.042432 -0.054000 -0.026448
v 0.046888 -0.054000 -0.017365
v -0.005058 -0.054000 0.049743
v -0.014968 -0.054000 0.047707
v -0.024265 -0.054000 0.043717
v -0.032569 -0.054000 0.037938
v -0.039539 -0.054000 0.030605
v -0.044890 -0.054000 0.022020
v 0.032569 -0.054000 0.037938
v -0.028563 -0.054000 -0.041038
v 0.056996 0.051996 -0.000625
v 0.056763 0.051783 0.002624
v 0.114000 0.051933 0.002634
v 0.051190 0.046700 0.022872
v 0.051172 0.046684 0.022899
v 0.114000 0.046686 0.022900
v 0.017938 0.016365 0.049358
v 0.017047 0.015552 0.049557
v 0.114000 0.015567 0.049615
v 0.114000 0.005261 0.051733
v 0.009086 0.008289 0.051335
v 0.005752 0.005248 0.051579
v 0.114000 0.000000 0.052000
v 0.114000 -0.005261 0.051733
v 0.114000 0.025236 0.045466
v 0.114000 0.033871 0.039455
v 0.037011 0.033765 0.039333
v 0.034028 0.031043 0.041717
v 0.027609 0.025187 0.045388
v 0.026325 0.024016 0.046122
v 0.114000 0.041120 0.031829
v 0.046614 0.042525 0.029927
v 0.044961 0.041017 0.031744
v 0.040848 0.037265 0.036268
v 0.114000 0.050340 0.013034
v 0.056419 0.051470 0.007403
v 0.055041 0.050213 0.013005
v 0.054477 0.049699 0.015298
v 0.056286 0.051348 -0.007870
v 0.114000 0.051400 -0.007874
v 0.056213 0.051282 -0.008611
v 0.114000 0.048763 -0.018060
v 0.054093 0.049348 -0.016394
v 0.114000 0.044129 -0.027506
v 0.050671 0.046226 -0.023815
v 0.053344 0.048665 -0.018019
v 0.114000 0.037689 -0.035826
v 0.046002 0.041967 -0.030704
v 0.048226 0.043995 -0.027423
v 0.032527 0.029674 -0.042629
v 0.033319 0.030396 -0.042191
v 0.114000 0.029706 -0.042680
v 0.040176 0.036652 -0.036887
v 0.041234 0.037617 -0.035764
v 0.025593 0.023348 -0.046464
v 0.114000 0.020506 -0.047786
v 0.022414 0.020448 -0.047642
v 0.017191 0.015683 -0.049579
v 0.114000 0.010467 -0.050935
v 0.011438 0.010434 -0.050788
v 0.008331 0.007600 -0.051442
v 0.114000 0.000000 -0.052000
v 0.114000 -0.010467 -0.050935
v 0.114000 -0.020506 -0.047786
v 0.114000 -0.037689 -0.035826
v 0.114000 -0.029706 -0.042680
v 0.114000 -0.044129 -0.027506
v 0.114000 -0.048763 -0.018060
v 0.114000 -0.051400 -0.007874
v 0.114000 -0.051933 0.002634
v 0.114000 -0.050340 0.013034
v 0.114000 -0.046686 0.022900
v 0.114000 -0.041120 0.031829
v 0.114000 -0.033871 0.039455
v 0.114000 -0.025236 0.045466
v 0.114000 -0.015567 0.049615
v 0.116500 -0.010084 -0.047440
v 0.116500 0.000000 -0.048500
v 0.116500 0.019727 0.044307
v 0.116500 0.010084 0.047440
v 0.116500 0.000000 0.048500
v 0.116500 -0.010084 0.047440
v 0.116500 -0.019727 0.044307
v 0.116500 -0.028508 0.039237
v 0.116500 -0.036043 0.032453
v 0.116500 -0.048234 0.005070
v 0.116500 -0.048234 -0.005070
v 0.116500 0.010084 -0.047440
v 0.116500 0.019727 -0.044307
v 0.116500 0.028508 -0.039237
v 0.116500 0.036043 -0.032453
v 0.116500 0.042002 -0.024250
v 0.116500 0.046126 -0.014987
v 0.116500 -0.042002 0.024250
v 0.116500 -0.046126 0.014987
v 0.116500 -0.046126 -0.014987
v 0.116500 -0.042002 -0.024250
v 0.116500 -0.036043 -0.032453
v 0.116500 0.048234 -0.005070
v 0.116500 0.048234 0.005070
v 0.116500 0.046126 0.014987
v 0.116500 0.042002 0.024250
v 0.116500 0.036043 0.032453
v 0.116500 0.028508 0.039237
v 0.116500 -0.028508 -0.039237
v 0.116500 -0.019727 -0.044307
v 0.008552 0.008818 0.051307
v 0.051830 0.054675 0.007168
v 0.051822 0.054674 0.007202
v 0.052166 0.053973 0.007151
v 0.051696 0.054664 0.007721
v 0.050469 0.052200 0.014834
v 0.050578 0.054575 0.012336
v 0.052514 0.054725 -0.000605
v 0.052497 0.054724 0.000004
v 0.052666 0.054496 -0.000603
v 0.052411 0.054718 0.003066
v 0.052297 0.054709 0.003872
v 0.051987 0.053786 -0.008322
v 0.051543 0.054653 -0.008397
v 0.051671 0.054662 -0.007730
v 0.052178 0.054701 -0.005093
v 0.052285 0.054708 -0.003877
v 0.052528 0.054726 -0.001124
v 0.050130 0.051847 -0.015908
v 0.051360 0.054639 -0.009351
v 0.007842 0.008086 -0.051418
v 0.016674 0.016168 -0.049479
v 0.008086 0.007842 -0.051418
v 0.016168 0.016674 -0.049479
v 0.024036 0.024796 -0.046247
v 0.024796 0.024036 -0.046247
v 0.031230 0.032231 -0.041837
v 0.037563 0.038786 -0.036404
v 0.038786 0.037563 -0.036404
v 0.032231 0.031230 -0.041837
v 0.042885 0.044306 -0.030135
v 0.044306 0.042885 -0.030135
v 0.048680 0.047092 -0.023236
v 0.047092 0.048680 -0.023236
v 0.051847 0.050130 -0.015908
v 0.053786 0.051987 -0.008322
v 0.054496 0.052666 -0.000603
v 0.049163 0.047556 0.022299
v 0.052200 0.050469 0.014834
v 0.053973 0.052166 0.007151
v 0.047556 0.049163 0.022299
v 0.043439 0.044882 0.029351
v 0.044882 0.043439 0.029351
v 0.038179 0.039425 0.035773
v 0.039425 0.038179 0.035773
v 0.032911 0.031887 0.041350
v 0.031887 0.032911 0.041350
v 0.024720 0.025502 0.045893
v 0.025502 0.024720 0.045893
v 0.017398 0.016869 0.049249
v 0.016869 0.017398 0.049249
v 0.008818 0.008552 0.051307
v 0.051906 0.055000 -0.003602
v 0.051869 0.055000 -0.003828
v -0.049157 0.055000 0.015356
v 0.051258 0.055000 -0.007628
v 0.051255 0.055000 -0.007642
v 0.049863 0.055000 -0.013024
v 0.049241 0.055000 0.015085
v 0.051075 0.055000 0.008467
v 0.051227 0.055000 0.007624
v 0.051818 0.055000 0.004349
v 0.051856 0.055000 0.003824
v 0.052097 0.055000 0.000496
v 0.052074 0.055000 0.000007
v 0.035125 0.055000 0.037663
v 0.041963 0.055000 0.029856
v 0.047096 0.055000 0.020837
v 0.026861 0.055000 0.043940
v -0.045080 0.055000 0.024900
v -0.039173 0.055000 0.033432
v -0.031675 0.055000 0.040607
v -0.022891 0.055000 0.046133
v -0.013177 0.055000 0.049786
v -0.002928 0.055000 0.051417
v 0.007440 0.055000 0.050960
v 0.017506 0.055000 0.048433
v -0.039173 0.055000 -0.033432
v 0.047096 0.055000 -0.020837
v -0.031675 0.055000 -0.040607
v 0.041963 0.055000 -0.029856
v 0.035125 0.055000 -0.037663
v -0.045080 0.055000 -0.024900
v -0.049157 0.055000 -0.015356
v -0.051238 0.055000 -0.005189
v 0.049241 0.055000 -0.015085
v -0.051238 0.055000 0.005189
v -0.002928 0.055000 -0.051417
v -0.013177 0.055000 -0.049786
v 0.007440 0.055000 -0.050960
v 0.017506 0.055000 -0.048433
v 0.026861 0.055000 -0.043940
v -0.022891 0.055000 -0.046133
v 0.114500 0.005210 0.051236
v 0.114500 0.000000 0.051500
v 0.114500 0.000000 0.048500
v 0.114500 -0.005210 0.051236
v 0.114500 -0.010084 0.047440
v 0.114500 -0.015417 0.049138
v 0.114500 -0.019727 0.044307
v 0.114500 -0.024993 0.045029
v 0.114500 -0.028508 0.039237
v 0.114500 -0.033546 0.039076
v 0.114500 -0.036043 0.032453
v 0.114500 -0.040725 0.031523
v 0.114500 -0.042002 0.024250
v 0.114500 -0.046237 0.022680
v 0.114500 -0.046126 0.014987
v 0.114500 -0.049856 0.012909
v 0.114500 -0.048234 0.005070
v 0.114500 -0.051434 0.002608
v 0.114500 -0.048234 -0.005070
v 0.114500 -0.050906 -0.007798
v 0.114500 -0.046126 -0.014987
v 0.114500 -0.048294 -0.017886
v 0.114500 -0.042002 -0.024250
v 0.114500 -0.043705 -0.027242
v 0.114500 -0.036043 -0.032453
v 0.114500 -0.037327 -0.035482
v 0.114500 -0.028508 -0.039237
v 0.114500 -0.029420 -0.042269
v 0.114500 -0.019727 -0.044307
v 0.114500 -0.020309 -0.047326
v 0.114500 -0.010084 -0.047440
v 0.114500 -0.010367 -0.050446
v 0.114500 0.000000 -0.048500
v 0.114500 0.000000 -0.051500
v 0.114500 0.010084 -0.047440
v 0.114500 0.010367 -0.050446
v 0.114500 0.019727 -0.044307
v 0.114500 0.020309 -0.047326
v 0.114500 0.028508 -0.039237
v 0.114500 0.029420 -0.042269
v 0.114500 0.036043 -0.032453
v 0.114500 0.037327 -0.035482
v 0.114500 0.042002 -0.024250
v 0.114500 0.043705 -0.027242
v 0.114500 0.046126 -0.014987
v 0.114500 0.048294 -0.017886
v 0.114500 0.048234 -0.005070
v 0.114500 0.050906 -0.007798
v 0.114500 0.048234 0.005070
v 0.114500 0.051434 0.002608
v 0.114500 0.046126 0.014987
v 0.114500 0.049856 0.012909
v 0.114500 0.042002 0.024250
v 0.114500 0.046237 0.022680
v 0.114500 0.036043 0.032453
v 0.114500 0.040725 0.031523
v 0.114500 0.028508 0.039237
v 0.114500 0.033546 0.039076
v 0.114500 0.019727 0.044307
v 0.114500 0.024993 0.045029
v 0.114500 0.010084 0.047440
v 0.114500 0.015417 0.049138
v 0.054444 -0.052500 0.002919
v 0.053771 -0.052500 0.005562
v 0.049936 -0.052500 0.002532
v 0.044890 -0.052500 0.022020
v 0.048404 -0.052500 0.012533
v 0.049370 -0.052500 0.016053
v 0.049423 -0.052500 -0.007571
v 0.052194 -0.052500 -0.009953
v 0.053812 -0.052500 -0.005544
v 0.054496 -0.052500 -0.002611
v 0.054704 -0.052500 -0.000007
v 0.053608 -0.052500 0.006202
v 0.051962 -0.052500 0.010496
v 0.051802 -0.052500 0.010838
v 0.054451 -0.052500 -0.002801
v 0.054709 -0.052500 0.000050
v 0.054452 -0.052500 0.002829
v 0.049099 -0.052500 -0.016613
v 0.049400 -0.052500 -0.015993
v 0.046888 -0.052500 -0.017365
v 0.049451 -0.052500 -0.015886
v 0.051786 -0.052500 -0.010836
v 0.046982 -0.052500 0.021093
v 0.043935 -0.052500 0.026870
v 0.039539 -0.052500 0.030605
v 0.037740 -0.052500 0.035041
v 0.032569 -0.052500 0.037938
v 0.030050 -0.052500 0.041824
v 0.024265 -0.052500 0.043717
v 0.021168 -0.052500 0.046948
v 0.014968 -0.052500 0.047707
v 0.011447 -0.052500 0.050212
v 0.005058 -0.052500 0.049743
v 0.001272 -0.052500 0.051484
v -0.005058 -0.052500 0.049743
v -0.008953 -0.052500 0.050716
v -0.014968 -0.052500 0.047707
v -0.018823 -0.052500 0.047937
v -0.024265 -0.052500 0.043717
v -0.027947 -0.052500 0.043257
v -0.032569 -0.052500 0.037938
v -0.035963 -0.052500 0.036863
v -0.039539 -0.052500 0.030605
v -0.042554 -0.052500 0.029007
v -0.044890 -0.052500 0.022020
v -0.047457 -0.052500 0.020002
v -0.048404 -0.052500 0.012533
v -0.050479 -0.052500 0.010203
v -0.049936 -0.052500 0.002532
v -0.051500 -0.052500 0.000000
v -0.049423 -0.052500 -0.007571
v -0.050479 -0.052500 -0.010203
v -0.046888 -0.052500 -0.017365
v -0.047457 -0.052500 -0.020002
v -0.042432 -0.052500 -0.026448
v -0.042554 -0.052500 -0.029007
v -0.036240 -0.052500 -0.034448
v -0.035963 -0.052500 -0.036863
v -0.028563 -0.052500 -0.041038
v -0.027947 -0.052500 -0.043257
v -0.019718 -0.052500 -0.045948
v -0.018823 -0.052500 -0.047937
v -0.010065 -0.052500 -0.048976
v -0.008953 -0.052500 -0.050716
v 0.000000 -0.052500 -0.050000
v 0.001272 -0.052500 -0.051484
v 0.010065 -0.052500 -0.048976
v 0.011447 -0.052500 -0.050212
v 0.019718 -0.052500 -0.045948
v 0.021168 -0.052500 -0.046948
v 0.028563 -0.052500 -0.041038
v 0.030050 -0.052500 -0.041824
v 0.036240 -0.052500 -0.034448
v 0.037740 -0.052500 -0.035041
v 0.042432 -0.052500 -0.026448
v 0.043935 -0.052500 -0.026870
v 0.046982 -0.052500 -0.021093
v -0.051500 -0.052500 0.000000
v -0.052000 -0.052000 0.000000
v 0.008101 0.055000 0.049846
v 0.015992 0.055000 0.047901
v 0.015984 0.056388 0.047878
v 0.004062 0.056388 0.050312
v 0.000000 0.055000 0.050500
v 0.008097 0.056388 0.049822
v 0.012080 0.056388 0.049009
v 0.023468 0.055000 0.044716
v 0.030337 0.055000 0.040372
v 0.030323 0.056388 0.040352
v 0.026978 0.056388 0.042662
v 0.023457 0.056388 0.044694
v 0.019785 0.056388 0.046437
v 0.036421 0.055000 0.034983
v 0.041561 0.055000 0.028687
v 0.041541 0.056388 0.028673
v 0.039099 0.056388 0.031923
v 0.036403 0.056388 0.034966
v 0.033472 0.056388 0.037782
v 0.045624 0.055000 0.021649
v 0.048506 0.055000 0.014050
v 0.048483 0.056388 0.014043
v 0.047196 0.056388 0.017899
v 0.045602 0.056388 0.021639
v 0.043713 0.056388 0.025238
v 0.050132 0.055000 0.006087
v 0.050459 0.055000 -0.002033
v 0.050435 0.056388 -0.002032
v 0.050435 0.056388 0.002032
v 0.050108 0.056388 0.006084
v 0.049456 0.056388 0.010096
v 0.049479 0.055000 -0.010101
v 0.047218 0.055000 -0.017908
v 0.047196 0.056388 -0.017899
v 0.048483 0.056388 -0.014043
v 0.049456 0.056388 -0.010096
v 0.050108 0.056388 -0.006084
v 0.043734 0.055000 -0.025250
v 0.039118 0.055000 -0.031938
v 0.039099 0.056388 -0.031923
v 0.041541 0.056388 -0.028673
v 0.043713 0.056388 -0.025238
v 0.045602 0.056388 -0.021639
v 0.033488 0.055000 -0.037800
v 0.026990 0.055000 -0.042682
v 0.026978 0.056388 -0.042662
v 0.030323 0.056388 -0.040352
v 0.033472 0.056388 -0.037782
v 0.036403 0.056388 -0.034966
v 0.019794 0.055000 -0.046459
v 0.012085 0.055000 -0.049033
v 0.012080 0.056388 -0.049009
v 0.015984 0.056388 -0.047878
v 0.019785 0.056388 -0.046437
v 0.023457 0.056388 -0.044694
v 0.004064 0.055000 -0.050336
v -0.004064 0.055000 -0.050336
v -0.004062 0.056388 -0.050312
v 0.000000 0.056388 -0.050476
v 0.004062 0.056388 -0.050312
v 0.008097 0.056388 -0.049822
v -0.012085 0.055000 -0.049033
v -0.019794 0.055000 -0.046459
v -0.019785 0.056388 -0.046437
v -0.015984 0.056388 -0.047878
v -0.012080 0.056388 -0.049009
v -0.008097 0.056388 -0.049822
v -0.026990 0.055000 -0.042682
v -0.033488 0.055000 -0.037800
v -0.033472 0.056388 -0.037782
v -0.030323 0.056388 -0.040352
v -0.026978 0.056388 -0.042662
v -0.023457 0.056388 -0.044694
v -0.043734 0.055000 -0.025250
v -0.041541 0.056388 -0.028673
v -0.039118 0.055000 -0.031938
v -0.039099 0.056388 -0.031923
v -0.036403 0.056388 -0.034966
v -0.047218 0.055000 -0.017908
v -0.045602 0.056388 -0.021639
v -0.043713 0.056388 -0.025238
v -0.049479 0.055000 -0.010101
v -0.048483 0.056388 -0.014043
v -0.047196 0.056388 -0.017899
v -0.050435 0.056388 0.002032
v -0.050435 0.056388 -0.002032
v -0.050459 0.055000 -0.002033
v -0.050108 0.056388 -0.006084
v -0.049456 0.056388 -0.010096
v -0.050108 0.056388 0.006084
v -0.050132 0.055000 0.006087
v -0.049456 0.056388 0.010096
v -0.048506 0.055000 0.014050
v -0.048483 0.056388 0.014043
v -0.045624 0.055000 0.021649
v -0.045602 0.056388 0.021639
v -0.047196 0.056388 0.017899
v -0.033472 0.056388 0.037782
v -0.036403 0.056388 0.034966
v -0.036421 0.055000 0.034983
v -0.039099 0.056388 0.031923
v -0.041561 0.055000 0.028687
v -0.041541 0.056388 0.028673
v -0.043713 0.056388 0.025238
v -0.030323 0.056388 0.040352
v -0.030337 0.055000 0.040372
v -0.026978 0.056388 0.042662
v -0.023468 0.055000 0.044716
v -0.023457 0.056388 0.044694
v -0.015992 0.055000 0.047901
v -0.015984 0.056388 0.047878
v -0.019785 0.056388 0.046437
v 0.000000 0.056388 0.050476
v -0.004062 0.056388 0.050312
v -0.008101 0.055000 0.049846
v -0.008097 0.056388 0.049822
v -0.012080 0.056388 0.049009
v 0.024273 0.067000 0.037153
v 0.027258 0.067000 0.035021
v -0.021122 0.067000 -0.039030
v 0.030057 0.067000 0.032651
v 0.032651 0.067000 0.030057
v 0.021122 0.067000 0.039030
v -0.024273 0.067000 -0.037153
v -0.027258 0.067000 -0.035021
v -0.030057 0.067000 -0.032651
v -0.032651 0.067000 -0.030057
v -0.035021 0.067000 -0.027258
v -0.040641 0.067000 -0.017827
v -0.041975 0.067000 -0.014410
v -0.043021 0.067000 -0.010894
v -0.043774 0.067000 -0.007305
v 0.035021 0.067000 0.027258
v 0.037153 0.067000 0.024273
v 0.039030 0.067000 0.021122
v 0.040641 0.067000 0.017827
v 0.041975 0.067000 0.014410
v 0.043021 0.067000 0.010894
v 0.043021 0.067000 -0.010894
v 0.041975 0.067000 -0.014410
v 0.037153 0.067000 -0.024273
v 0.035021 0.067000 -0.027258
v 0.032651 0.067000 -0.030057
v 0.030057 0.067000 -0.032651
v 0.027258 0.067000 -0.035021
v 0.024273 0.067000 -0.037153
v -0.017827 0.067000 -0.040641
v -0.037153 0.067000 -0.024273
v -0.039030 0.067000 -0.021122
v -0.043021 0.067000 0.010894
v -0.010894 0.067000 0.043021
v -0.007305 0.067000 0.043774
v 0.043774 0.067000 0.007305
v 0.044228 0.067000 0.003665
v 0.044379 0.067000 0.000000
v 0.040641 0.067000 -0.017827
v 0.039030 0.067000 -0.021122
v -0.044228 0.067000 -0.003665
v -0.044379 0.067000 0.000000
v -0.044228 0.067000 0.003665
v 0.017827 0.067000 -0.040641
v 0.014410 0.067000 -0.041975
v -0.014410 0.067000 -0.041975
v -0.041975 0.067000 0.014410
v -0.040641 0.067000 0.017827
v -0.039030 0.067000 0.021122
v 0.044228 0.067000 -0.003665
v 0.043774 0.067000 -0.007305
v -0.003665 0.067000 0.044228
v 0.000000 0.067000 0.044379
v 0.003665 0.067000 0.044228
v 0.021122 0.067000 -0.039030
v 0.010894 0.067000 -0.043021
v 0.007305 0.067000 -0.043774
v -0.010894 0.067000 -0.043021
v 0.003665 0.067000 -0.044228
v 0.000000 0.067000 -0.044379
v -0.003665 0.067000 -0.044228
v -0.007305 0.067000 -0.043774
v -0.037153 0.067000 0.024273
v -0.035021 0.067000 0.027258
v -0.032651 0.067000 0.030057
v -0.030057 0.067000 0.032651
v -0.027258 0.067000 0.035021
v -0.024273 0.067000 0.037153
v -0.021122 0.067000 0.039030
v -0.017827 0.067000 0.040641
v -0.014410 0.067000 0.041975
v 0.007305 0.067000 0.043774
v 0.010894 0.067000 0.043021
v 0.014410 0.067000 0.041975
v -0.043774 0.067000 0.007305
v 0.017827 0.067000 0.040641
v 0.000000 0.055000 0.050500
v -0.003889 0.065268 -0.046937
v -0.007977 0.059629 -0.049083
v -0.007752 0.065268 -0.046456
v -0.008183 0.059629 -0.049041
v -0.011562 0.065268 -0.045657
v -0.018919 0.065268 -0.043131
v -0.023109 0.059629 -0.044031
v -0.022416 0.065268 -0.041422
v -0.023657 0.059629 -0.043715
v -0.025760 0.065268 -0.039429
v -0.011901 0.059629 -0.048282
v -0.015747 0.059629 -0.047168
v -0.015293 0.065268 -0.044546
v -0.016141 0.059629 -0.047019
v -0.019491 0.059629 -0.045748
v -0.031899 0.065268 -0.034651
v -0.035864 0.059629 -0.034447
v -0.034651 0.065268 -0.031899
v -0.036562 0.059629 -0.033659
v -0.037167 0.065268 -0.028928
v -0.026578 0.059629 -0.042029
v -0.029873 0.059629 -0.039754
v -0.028928 0.065268 -0.037167
v -0.030526 0.059629 -0.039221
v -0.032975 0.059629 -0.037221
v -0.041422 0.065268 -0.022416
v -0.044926 0.059629 -0.021318
v -0.043131 0.065268 -0.018919
v -0.045505 0.059629 -0.019961
v -0.044546 0.065268 -0.015293
v -0.038519 0.059629 -0.031450
v -0.040925 0.059629 -0.028248
v -0.039429 0.065268 -0.025760
v -0.041601 0.059629 -0.027180
v -0.043065 0.059629 -0.024864
v -0.049365 0.059629 -0.005994
v -0.046937 0.065268 -0.003889
v -0.046456 0.065268 -0.007752
v -0.046496 0.059629 -0.017634
v -0.047764 0.059629 -0.013835
v -0.045657 0.065268 -0.011562
v -0.048168 0.059629 -0.012198
v -0.048722 0.059629 -0.009947
v -0.049518 0.059629 -0.004103
v -0.049687 0.059629 -0.002002
v -0.047098 0.065268 0.000000
v -0.049687 0.059629 0.002002
v -0.046937 0.065268 0.003889
v -0.049518 0.059629 0.004103
v -0.049365 0.059629 0.005994
v -0.046456 0.065268 0.007752
v -0.048722 0.059629 0.009947
v -0.045657 0.065268 0.011562
v -0.048168 0.059629 0.012198
v -0.047764 0.059629 0.013835
v -0.044546 0.065268 0.015293
v -0.046496 0.059629 0.017634
v -0.043131 0.065268 0.018919
v -0.045505 0.059629 0.019961
v -0.044926 0.059629 0.021318
v -0.041422 0.065268 0.022416
v -0.043065 0.059629 0.024864
v -0.039429 0.065268 0.025760
v -0.041601 0.059629 0.027180
v -0.040925 0.059629 0.028248
v -0.037167 0.065268 0.028928
v -0.038519 0.059629 0.031450
v -0.034651 0.065268 0.031899
v -0.036562 0.059629 0.033659
v -0.035864 0.059629 0.034447
v -0.031899 0.065268 0.034651
v -0.032975 0.059629 0.037221
v -0.028928 0.065268 0.037167
v -0.030526 0.059629 0.039221
v -0.029873 0.059629 0.039754
v -0.025760 0.065268 0.039429
v -0.026578 0.059629 0.042029
v -0.022416 0.065268 0.041422
v -0.023657 0.059629 0.043715
v -0.023109 0.059629 0.044031
v -0.018919 0.065268 0.043131
v -0.019491 0.059629 0.045748
v -0.015293 0.065268 0.044546
v -0.016141 0.059629 0.047019
v -0.015747 0.059629 0.047168
v -0.011562 0.065268 0.045657
v -0.011901 0.059629 0.048282
v -0.007752 0.065268 0.046456
v 0.003889 0.065268 0.046937
v 0.007977 0.059629 0.049083
v 0.007752 0.065268 0.046456
v 0.008183 0.059629 0.049041
v 0.011562 0.065268 0.045657
v -0.008183 0.059629 0.049041
v -0.007977 0.059629 0.049083
v -0.003889 0.065268 0.046937
v -0.004001 0.059629 0.049566
v 0.000000 0.065268 0.047098
v 0.000000 0.059629 0.049727
v 0.004001 0.059629 0.049566
v 0.018919 0.065268 0.043131
v 0.023109 0.059629 0.044031
v 0.022416 0.065268 0.041422
v 0.023657 0.059629 0.043715
v 0.025760 0.065268 0.039429
v 0.011901 0.059629 0.048282
v 0.015747 0.059629 0.047168
v 0.015293 0.065268 0.044546
v 0.016141 0.059629 0.047019
v 0.019491 0.059629 0.045748
v 0.031899 0.065268 0.034651
v 0.035864 0.059629 0.034447
v 0.034651 0.065268 0.031899
v 0.036562 0.059629 0.033659
v 0.037167 0.065268 0.028928
v 0.026578 0.059629 0.042029
v 0.029873 0.059629 0.039754
v 0.028928 0.065268 0.037167
v 0.030526 0.059629 0.039221
v 0.032975 0.059629 0.037221
v 0.041422 0.065268 0.022416
v 0.044926 0.059629 0.021318
v 0.043131 0.065268 0.018919
v 0.045505 0.059629 0.019961
v 0.044546 0.065268 0.015293
v 0.038519 0.059629 0.031450
v 0.040925 0.059629 0.028248
v 0.039429 0.065268 0.025760
v 0.041601 0.059629 0.027180
v 0.043065 0.059629 0.024864
v 0.049365 0.059629 0.005994
v 0.046937 0.065268 0.003889
v 0.046456 0.065268 0.007752
v 0.046496 0.059629 0.017634
v 0.047764 0.059629 0.013835
v 0.045657 0.065268 0.011562
v 0.048168 0.059629 0.012198
v 0.048722 0.059629 0.009947
v 0.049518 0.059629 0.004103
v 0.049687 0.059629 0.002002
v 0.047098 0.065268 0.000000
v 0.049687 0.059629 -0.002002
v 0.046937 0.065268 -0.003889
v 0.049518 0.059629 -0.004103
v 0.049365 0.059629 -0.005994
v 0.046456 0.065268 -0.007752
v 0.048722 0.059629 -0.009947
v 0.045657 0.065268 -0.011562
v 0.048168 0.059629 -0.012198
v 0.047764 0.059629 -0.013835
v 0.044546 0.065268 -0.015293
v 0.046496 0.059629 -0.017634
v 0.043131 0.065268 -0.018919
v 0.045505 0.059629 -0.019961
v 0.044926 0.059629 -0.021318
v 0.041422 0.065268 -0.022416
v 0.043065 0.059629 -0.024864
v 0.039429 0.065268 -0.025760
v 0.041601 0.059629 -0.027180
v 0.040925 0.059629 -0.028248
v 0.037167 0.065268 -0.028928
v 0.038519 0.059629 -0.031450
v 0.034651 0.065268 -0.031899
v 0.036562 0.059629 -0.033659
v 0.035864 0.059629 -0.034447
v 0.031899 0.065268 -0.034651
v 0.032975 0.059629 -0.037221
v 0.028928 0.065268 -0.037167
v 0.030526 0.059629 -0.039221
v 0.029873 0.059629 -0.039754
v 0.025760 0.065268 -0.039429
v 0.026578 0.059629 -0.042029
v 0.022416 0.065268 -0.041422
v 0.023657 0.059629 -0.043715
v 0.023109 0.059629 -0.044031
v 0.018919 0.065268 -0.043131
v 0.019491 0.059629 -0.045748
v 0.015293 0.065268 -0.044546
v 0.016141 0.059629 -0.047019
v 0.015747 0.059629 -0.047168
v 0.011562 0.065268 -0.045657
v 0.011901 0.059629 -0.048282
v 0.007752 0.065268 -0.046456
v 0.008183 0.059629 -0.049041
v 0.007977 0.059629 -0.049083
v 0.003889 0.065268 -0.046937
v 0.004001 0.059629 -0.049566
v 0.000000 0.065268 -0.047098
v 0.000000 0.059629 -0.049727
v -0.004001 0.059629 -0.049566
v -0.012031 0.058048 0.048811
v -0.015920 0.058048 0.047685
v -0.019705 0.058048 0.046249
v -0.023363 0.058048 0.044514
v -0.026869 0.058048 0.042489
v -0.030200 0.058048 0.040190
v -0.033336 0.058048 0.037629
v -0.036256 0.058048 0.034825
v -0.038941 0.058048 0.031794
v -0.041373 0.058048 0.028558
v -0.043537 0.058048 0.025136
v -0.045418 0.058048 0.021551
v -0.047005 0.058048 0.017827
v -0.048287 0.058048 0.013987
v -0.049256 0.058048 0.010056
v -0.049905 0.058048 0.006060
v -0.050231 0.058048 0.002024
v -0.049905 0.058048 -0.006060
v -0.050231 0.058048 -0.002024
v -0.049256 0.058048 -0.010056
v -0.048287 0.058048 -0.013987
v -0.045418 0.058048 -0.021551
v -0.047005 0.058048 -0.017827
v -0.043537 0.058048 -0.025136
v -0.041373 0.058048 -0.028558
v -0.036256 0.058048 -0.034825
v -0.038941 0.058048 -0.031794
v -0.033336 0.058048 -0.037629
v -0.030200 0.058048 -0.040190
v -0.026869 0.058048 -0.042489
v -0.023363 0.058048 -0.044514
v -0.019705 0.058048 -0.046249
v -0.015920 0.058048 -0.047685
v -0.012031 0.058048 -0.048811
v -0.008064 0.058048 -0.049621
v -0.004045 0.058048 -0.050109
v 0.000000 0.059629 -0.049727
v 0.000000 0.058048 -0.050272
v 0.004045 0.058048 -0.050109
v 0.008064 0.058048 -0.049621
v 0.012031 0.058048 -0.048811
v 0.015920 0.058048 -0.047685
v 0.019705 0.058048 -0.046249
v 0.023363 0.058048 -0.044514
v 0.026869 0.058048 -0.042489
v 0.030200 0.058048 -0.040190
v 0.033336 0.058048 -0.037629
v 0.036256 0.058048 -0.034825
v 0.038941 0.058048 -0.031794
v 0.041373 0.058048 -0.028558
v 0.043537 0.058048 -0.025136
v 0.045418 0.058048 -0.021551
v 0.047005 0.058048 -0.017827
v 0.048287 0.058048 -0.013987
v 0.049256 0.058048 -0.010056
v 0.049905 0.058048 -0.006060
v 0.050231 0.058048 -0.002024
v 0.049905 0.058048 0.006060
v 0.050231 0.058048 0.002024
v 0.049256 0.058048 0.010056
v 0.048287 0.058048 0.013987
v 0.045418 0.058048 0.021551
v 0.047005 0.058048 0.017827
v 0.043537 0.058048 0.025136
v 0.041373 0.058048 0.028558
v 0.036256 0.058048 0.034825
v 0.038941 0.058048 0.031794
v 0.033336 0.058048 0.037629
v 0.030200 0.058048 0.040190
v 0.026869 0.058048 0.042489
v 0.023363 0.058048 0.044514
v 0.019705 0.058048 0.046249
v 0.015920 0.058048 0.047685
v 0.012031 0.058048 0.048811
v 0.008064 0.058048 0.049621
v 0.004045 0.058048 0.050109
v 0.000000 0.059629 0.049727
v 0.000000 0.058048 0.050272
v -0.004045 0.058048 0.050109
v -0.008064 0.058048 0.049621
v 0.000000 0.056388 -0.050476
v 0.003756 0.066788 0.045332
v 0.000000 0.067000 0.044379
v 0.000000 0.066788 0.045487
v -0.003756 0.066788 0.045332
v -0.007487 0.066788 0.044867
v -0.011166 0.066788 0.044095
v -0.014770 0.066788 0.043022
v -0.018272 0.066788 0.041656
v -0.021649 0.066788 0.040005
v -0.024879 0.066788 0.038080
v -0.027939 0.066788 0.035896
v -0.030807 0.066788 0.033466
v -0.033466 0.066788 0.030807
v -0.035896 0.066788 0.027939
v -0.038080 0.066788 0.024879
v -0.040005 0.066788 0.021649
v -0.041656 0.066788 0.018272
v -0.043022 0.066788 0.014770
v -0.044095 0.066788 0.011166
v -0.044867 0.066788 0.007487
v -0.045332 0.066788 0.003756
v -0.045487 0.066788 0.000000
v -0.045332 0.066788 -0.003756
v -0.044867 0.066788 -0.007487
v -0.044095 0.066788 -0.011166
v -0.043022 0.066788 -0.014770
v -0.041656 0.066788 -0.018272
v -0.040005 0.066788 -0.021649
v -0.038080 0.066788 -0.024879
v -0.035896 0.066788 -0.027939
v -0.033466 0.066788 -0.030807
v -0.030807 0.066788 -0.033466
v -0.027939 0.066788 -0.035896
v -0.024879 0.066788 -0.038080
v -0.021649 0.066788 -0.040005
v -0.018272 0.066788 -0.041656
v -0.014770 0.066788 -0.043022
v -0.011166 0.066788 -0.044095
v -0.007487 0.066788 -0.044867
v -0.003756 0.066788 -0.045332
v 0.000000 0.066788 -0.045487
v 0.003756 0.066788 -0.045332
v 0.007487 0.066788 -0.044867
v 0.011166 0.066788 -0.044095
v 0.014770 0.066788 -0.043022
v 0.018272 0.066788 -0.041656
v 0.021649 0.066788 -0.040005
v 0.024879 0.066788 -0.038080
v 0.027939 0.066788 -0.035896
v 0.030807 0.066788 -0.033466
v 0.033466 0.066788 -0.030807
v 0.035896 0.066788 -0.027939
v 0.038080 0.066788 -0.024879
v 0.040005 0.066788 -0.021649
v 0.041656 0.066788 -0.018272
v 0.043022 0.066788 -0.014770
v 0.044095 0.066788 -0.011166
v 0.044867 0.066788 -0.007487
v 0.045332 0.066788 -0.003756
v 0.045487 0.066788 0.000000
v 0.045332 0.066788 0.003756
v 0.044867 0.066788 0.007487
v 0.044095 0.066788 0.011166
v 0.043022 0.066788 0.014770
v 0.041656 0.066788 0.018272
v 0.040005 0.066788 0.021649
v 0.038080 0.066788 0.024879
v 0.035896 0.066788 0.027939
v 0.033466 0.066788 0.030807
v 0.030807 0.066788 0.033466
v 0.027939 0.066788 0.035896
v 0.024879 0.066788 0.038080
v 0.021649 0.066788 0.040005
v 0.018272 0.066788 0.041656
v 0.014770 0.066788 0.043022
v 0.011166 0.066788 0.044095
v 0.007487 0.066788 0.044867
v 0.003835 0.066182 0.046279
v 0.000000 0.066182 0.046438
v -0.003835 0.066182 0.046279
v -0.007643 0.066182 0.045805
v -0.011400 0.066182 0.045017
v -0.015078 0.066182 0.043922
v -0.018654 0.066182 0.042527
v -0.022102 0.066182 0.040841
v -0.025399 0.066182 0.038876
v -0.028523 0.066182 0.036646
v -0.031452 0.066182 0.034166
v -0.034166 0.066182 0.031452
v -0.036646 0.066182 0.028523
v -0.038876 0.066182 0.025399
v -0.040841 0.066182 0.022102
v -0.042527 0.066182 0.018654
v -0.043922 0.066182 0.015078
v -0.045017 0.066182 0.011400
v -0.045805 0.066182 0.007643
v -0.046279 0.066182 0.003835
v -0.046438 0.066182 0.000000
v -0.046279 0.066182 -0.003835
v -0.045805 0.066182 -0.007643
v -0.045017 0.066182 -0.011400
v -0.043922 0.066182 -0.015078
v -0.042527 0.066182 -0.018654
v -0.040841 0.066182 -0.022102
v -0.038876 0.066182 -0.025399
v -0.036646 0.066182 -0.028523
v -0.034166 0.066182 -0.031452
v -0.031452 0.066182 -0.034166
v -0.028523 0.066182 -0.036646
v -0.025399 0.066182 -0.038876
v -0.022102 0.066182 -0.040841
v -0.018654 0.066182 -0.042527
v -0.015078 0.066182 -0.043922
v -0.011400 0.066182 -0.045017
v -0.007643 0.066182 -0.045805
v -0.003835 0.066182 -0.046279
v 0.000000 0.066182 -0.046438
v 0.003835 0.066182 -0.046279
v 0.007643 0.066182 -0.045805
v 0.011400 0.066182 -0.045017
v 0.015078 0.066182 -0.043922
v 0.018654 0.066182 -0.042527
v 0.022102 0.066182 -0.040841
v 0.025399 0.066182 -0.038876
v 0.028523 0.066182 -0.036646
v 0.031452 0.066182 -0.034166
v 0.034166 0.066182 -0.031452
v 0.036646 0.066182 -0.028523
v 0.038876 0.066182 -0.025399
v 0.040841 0.066182 -0.022102
v 0.042527 0.066182 -0.018654
v 0.043922 0.066182 -0.015078
v 0.045017 0.066182 -0.011400
v 0.045805 0.066182 -0.007643
v 0.046279 0.066182 -0.003835
v 0.046438 0.066182 0.000000
v 0.046279 0.066182 0.003835
v 0.045805 0.066182 0.007643
v 0.045017 0.066182 0.011400
v 0.043922 0.066182 0.015078
v 0.042527 0.066182 0.018654
v 0.040841 0.066182 0.022102
v 0.038876 0.066182 0.025399
v 0.036646 0.066182 0.028523
v 0.034166 0.066182 0.031452
v 0.031452 0.066182 0.034166
v 0.028523 0.066182 0.036646
v 0.025399 0.066182 0.038876
v 0.022102 0.066182 0.040841
v 0.018654 0.066182 0.042527
v 0.015078 0.066182 0.043922
v 0.011400 0.066182 0.045017
v 0.007643 0.066182 0.045805
v 0.000000 0.065268 0.047098
v -0.047098 0.065268 0.000000
v 0.000000 0.065268 -0.047098
v 0.047098 0.065268 0.000000
vn 0.7544 0.0082 -0.6563
vn 0.7475 -0.0225 0.6639
vn -0.1572 -0.0070 0.9875
vn 0.7967 -0.0226 0.6039
vn 0.7637 0.0118 0.6454
vn 0.6614 -0.0141 0.7499
vn 0.6426 -0.0064 0.7662
vn 0.6614 -0.0064 0.7500
vn 0.6465 -0.0003 0.7629
vn 0.4997 0.0004 0.8662
vn 0.5145 -0.0049 0.8575
vn 0.4997 -0.0049 0.8662
vn 0.5122 -0.0077 0.8588
vn 0.3182 0.0100 0.9480
vn 0.3704 -0.0065 0.9289
vn 0.3182 -0.0065 0.9480
vn 0.3640 -0.0132 0.9313
vn 0.1241 0.0172 0.9921
vn 0.8315 -0.0570 0.5526
vn 0.7428 0.3624 0.5630
vn 0.8819 -0.0767 0.4652
vn 0.8800 -0.0999 -0.4643
vn 0.8394 -0.0657 -0.5395
vn 0.7620 -0.0167 -0.6473
vn 0.8395 -0.0657 -0.5394
vn 0.8829 0.0592 -0.4658
vn 0.7962 -0.0419 -0.6036
vn 0.6550 -0.0062 -0.7556
vn 0.7969 0.0122 -0.6040
vn 0.6614 -0.0096 -0.7500
vn 0.5263 -0.0061 -0.8503
vn 0.6614 -0.0044 -0.7500
vn 0.4997 0.0052 -0.8662
vn 0.4997 -0.0082 -0.8661
vn 0.3182 0.0146 -0.9479
vn 0.2307 -0.0068 -0.9730
vn 0.3820 -0.0081 -0.9241
vn 0.0440 0.0008 -0.9990
vn 0.0676 0.0052 -0.9977
vn -0.1572 -0.0070 -0.9875
vn 0.3182 0.0102 -0.9480
vn 0.1241 -0.0052 -0.9923
vn 0.0770 -0.0027 -0.9970
vn 0.7522 0.0082 -0.6589
vn 0.7536 0.0100 -0.6573
vn 0.6048 -0.0134 -0.7962
vn 0.6466 0.0002 -0.7628
vn 0.6049 0.0002 -0.7963
vn 0.6346 0.0187 -0.7726
vn 0.4328 -0.0257 -0.9011
vn 0.5180 0.0005 -0.8554
vn 0.4329 0.0005 -0.9014
vn 0.4984 0.0246 -0.8666
vn 0.2433 -0.0341 -0.9694
vn 0.3738 0.0028 -0.9275
vn 0.2434 0.0029 -0.9699
vn 0.3487 0.0293 -0.9368
vn 0.0440 -0.0406 -0.9982
vn 0.2186 0.0057 -0.9758
vn 0.0724 0.0008 -0.9974
vn 0.9295 -0.0583 -0.3642
vn 0.9275 0.1422 -0.3458
vn 0.8400 0.0330 -0.5416
vn 0.7140 -0.3149 -0.6253
vn 0.8827 0.1560 -0.4433
vn 0.8685 0.0376 -0.4943
vn 0.7679 0.0039 0.6406
vn 0.7522 -0.0035 0.6589
vn 0.8598 0.0027 0.5106
vn 0.8682 0.0456 0.4942
vn 0.8465 0.0455 0.5305
vn 0.8680 0.0497 0.4941
vn 0.9356 -0.0477 0.3498
vn 0.9217 0.1799 0.3436
vn 0.6589 -0.0000 0.7522
vn 0.7522 0.0141 0.6588
vn 0.6047 -0.0230 0.7961
vn 0.5299 0.0015 0.8481
vn 0.6048 0.0128 0.7963
vn 0.4327 -0.0337 0.9009
vn 0.3855 0.0044 0.9227
vn 0.2344 0.0033 0.9721
vn 0.4329 0.0084 0.9014
vn 0.2432 -0.0409 0.9691
vn 0.0440 0.0039 0.9990
vn 0.0800 -0.0001 0.9968
vn 0.0801 -0.0001 0.9968
vn 0.2434 0.0016 0.9699
vn 0.0440 -0.0019 0.9990
vn 0.1241 0.0028 -0.9923
vn -0.0749 -0.0022 -0.9972
vn -0.0849 -0.0013 -0.9964
vn -0.0749 -0.0013 -0.9972
vn -0.1572 0.0024 -0.9876
vn -0.2710 -0.0024 -0.9626
vn -0.3520 -0.0015 -0.9360
vn -0.2710 -0.0015 -0.9626
vn -0.3520 0.0024 -0.9360
vn -0.4564 -0.0024 -0.8898
vn -0.5324 -0.0016 -0.8465
vn -0.4563 -0.0016 -0.8898
vn -0.5325 0.0024 -0.8464
vn -0.6236 -0.0024 -0.7818
vn -0.6914 -0.0017 -0.7225
vn -0.6236 -0.0017 -0.7817
vn -0.6914 0.0025 -0.7225
vn -0.7661 -0.0024 -0.6427
vn -0.8222 -0.0019 -0.5692
vn -0.7661 0.0067 -0.6427
vn -0.9196 -0.0067 -0.3929
vn -0.8783 -0.0020 -0.4782
vn -0.9196 -0.0020 -0.3928
vn -0.8782 0.0069 -0.4782
vn -0.9797 -0.0070 -0.2005
vn -0.9556 -0.0022 -0.2947
vn -0.9797 -0.0022 -0.2005
vn -0.9556 0.0071 -0.2947
vn -1.0000 -0.0072 -0.0000
vn 0.2153 -0.0089 0.9765
vn 0.0693 -0.0036 0.9976
vn 0.1241 -0.0036 0.9923
vn 0.0750 0.0015 0.9972
vn -0.0749 -0.0022 0.9972
vn -0.0849 -0.0013 0.9964
vn -0.0749 -0.0013 0.9972
vn -0.1572 0.0024 0.9876
vn -0.2710 -0.0024 0.9626
vn -0.3520 -0.0015 0.9360
vn -0.2710 -0.0015 0.9626
vn -0.3520 0.0024 0.9360
vn -0.4564 -0.0024 0.8898
vn -0.5324 -0.0016 0.8465
vn -0.4563 -0.0016 0.8898
vn -0.5325 0.0024 0.8464
vn -0.6236 -0.0024 0.7818
vn -0.6914 -0.0017 0.7225
vn -0.6236 -0.0017 0.7817
vn -0.6914 0.0025 0.7225
vn -0.7661 -0.0024 0.6427
vn -0.8222 -0.0019 0.5692
vn -0.7661 -0.0019 0.6427
vn -0.8222 0.0025 0.5692
vn -0.8783 -0.0024 0.4782
vn -0.9196 -0.0020 0.3929
vn -0.8783 -0.0020 0.4782
vn -0.9196 0.0025 0.3928
vn -0.9556 -0.0024 0.2947
vn -0.9797 -0.0022 0.2005
vn -0.9556 -0.0022 0.2947
vn -0.9797 0.0025 0.2005
vn -0.9950 -0.0024 0.0995
vn -1.0000 -0.0023 -0.0000
vn -0.9950 -0.0023 0.0996
vn -1.0000 0.0025 -0.0000
vn -0.9950 -0.0023 -0.0996
vn -0.9950 -0.0023 -0.0995
vn 0.0937 0.0126 -0.9955
vn 0.4576 -0.7469 -0.4824
vn 0.8897 -0.1843 -0.4178
vn 0.5883 -0.7503 -0.3016
vn 0.7077 -0.6426 -0.2936
vn 0.6628 -0.6727 -0.3289
vn 0.5044 -0.8500 -0.1520
vn 0.5046 -0.8499 -0.1520
vn 0.5046 -0.8499 -0.1522
vn 0.2082 -0.9781 0.0041
vn 0.2741 -0.9582 -0.0825
vn 0.3647 -0.9294 -0.0559
vn 0.3648 -0.9294 -0.0559
vn 0.3335 -0.9361 0.1123
vn 0.3269 -0.9379 0.1159
vn 0.2827 -0.9576 0.0545
vn 0.2561 -0.9603 0.1110
vn 0.5639 -0.8061 0.1796
vn 0.7920 -0.4762 0.3821
vn 0.6541 -0.6541 0.3799
vn 0.6870 -0.6427 0.3390
vn 0.7387 -0.5994 0.3082
vn 0.6680 -0.6652 0.3335
vn 0.5341 -0.8133 0.2309
vn 0.0860 0.0116 0.9962
vn -0.0116 -0.0860 0.9962
vn -0.0117 -0.0860 0.9962
vn 0.0860 0.0117 0.9962
vn 0.1594 -0.0618 0.9853
vn 0.2143 -0.0127 0.9767
vn 0.2902 -0.0886 0.9529
vn 0.2985 -0.0889 0.9503
vn 0.0618 -0.1594 0.9853
vn 0.0131 -0.2139 0.9768
vn 0.0113 -0.2128 0.9770
vn 0.0931 -0.2946 0.9511
vn 0.0383 -0.3399 0.9397
vn 0.3399 -0.0383 0.9397
vn 0.4183 -0.1165 0.9008
vn 0.4397 -0.1037 0.8921
vn 0.4625 -0.0670 0.8841
vn 0.5479 -0.1525 0.8225
vn 0.1235 -0.5694 0.8127
vn 0.1461 -0.5417 0.8278
vn 0.0712 -0.4668 0.8815
vn 0.1165 -0.4184 0.9008
vn 0.1165 -0.4183 0.9008
vn 0.5788 -0.0981 0.8095
vn 0.6640 -0.1832 0.7250
vn 0.6870 -0.1317 0.7147
vn 0.7631 -0.2073 0.6122
vn 0.7890 -0.1716 0.5900
vn 0.8317 -0.2127 0.5129
vn 0.0365 -0.0365 0.9987
vn 0.1132 -0.1132 0.9871
vn 0.1943 -0.1943 0.9615
vn 0.2773 -0.2773 0.9199
vn 0.3621 -0.3621 0.8589
vn 0.4476 -0.4476 0.7741
vn 0.5309 -0.5309 0.6604
vn 0.5310 -0.5310 0.6604
vn 0.2350 -0.8524 0.4670
vn 0.1672 -0.7840 0.5979
vn 0.2130 -0.7683 0.6036
vn 0.1317 -0.6870 0.7147
vn 0.1439 -0.6883 0.7110
vn 0.1767 -0.6579 0.7321
vn 0.0981 -0.5788 0.8095
vn 0.2026 -0.8658 0.4577
vn 0.2346 -0.8579 0.4571
vn 0.6067 -0.6067 0.5137
vn 0.8845 -0.1630 0.4372
vn 0.5638 -0.8061 0.1796
vn 0.2580 -0.9532 0.1574
vn 0.2354 -0.9285 0.2873
vn 0.2558 -0.9196 0.2982
vn 0.3020 -0.9484 -0.0963
vn 0.2582 -0.9565 -0.1355
vn 0.2381 -0.9336 -0.2680
vn 0.2403 -0.9347 -0.2620
vn 0.2582 -0.9272 -0.2715
vn 0.2071 -0.8755 -0.4366
vn 0.8382 -0.2121 -0.5024
vn 0.7951 -0.1714 -0.5818
vn 0.7993 -0.1772 -0.5742
vn 0.2425 -0.8663 -0.4367
vn 0.1714 -0.7951 -0.5817
vn 0.2013 -0.7878 -0.5821
vn 0.2113 -0.7750 -0.5956
vn 0.7750 -0.2113 -0.5956
vn 0.6986 -0.1354 -0.7026
vn 0.6969 -0.1529 -0.7007
vn 0.1354 -0.6985 -0.7026
vn 0.1830 -0.6786 -0.7114
vn 0.1805 -0.6701 -0.7200
vn 0.1062 -0.5957 -0.7961
vn 0.1493 -0.5538 -0.8192
vn 0.6701 -0.1805 -0.7200
vn 0.5904 -0.1012 -0.8007
vn 0.5782 -0.1309 -0.8053
vn 0.5538 -0.1494 -0.8191
vn 0.4783 -0.0739 -0.8751
vn 0.4300 -0.1194 -0.8949
vn 0.0631 -0.3365 -0.9396
vn 0.0406 -0.3511 -0.9355
vn 0.1252 -0.4356 -0.8914
vn 0.0697 -0.4739 -0.8778
vn 0.0398 -0.0398 -0.9984
vn 0.1200 -0.1200 -0.9855
vn 0.2016 -0.2016 -0.9585
vn 0.2852 -0.2852 -0.9150
vn 0.3708 -0.3708 -0.8515
vn 0.4571 -0.4571 -0.7629
vn 0.5409 -0.5409 -0.6441
vn 0.6160 -0.6160 -0.4910
vn 0.6752 -0.6751 -0.2972
vn 0.3195 -0.9306 -0.1786
vn -0.0126 -0.0936 -0.9955
vn 0.0642 -0.1704 -0.9833
vn 0.0455 -0.1954 -0.9797
vn 0.0134 -0.2239 -0.9745
vn 0.0911 -0.3016 -0.9491
vn 0.3511 -0.0407 -0.9355
vn 0.3061 -0.0957 -0.9472
vn 0.2239 -0.0134 -0.9745
vn 0.2247 -0.0159 -0.9743
vn 0.1704 -0.0642 -0.9833
vn 0.0936 0.0126 -0.9955
vn -0.0000 -1.0000 -0.0000
vn -0.0026 0.9979 0.0652
vn -0.0000 0.8606 0.5092
vn -0.0006 0.2385 0.9711
vn -0.0006 0.2013 0.9795
vn 0.0031 0.2346 0.9721
vn -0.0014 0.0815 0.9967
vn -0.0014 0.0506 0.9987
vn -0.0000 0.0800 0.9968
vn -0.0000 -0.0506 0.9987
vn -0.0021 0.5713 0.8208
vn 0.0118 0.6515 0.7585
vn -0.0011 0.5319 0.8468
vn -0.0011 0.3944 0.9190
vn 0.0159 0.5184 0.8550
vn 0.0008 0.3888 0.9213
vn -0.0000 0.8486 0.5290
vn 0.0035 0.8596 0.5109
vn -0.0019 0.7705 0.6374
vn -0.0019 0.7248 0.6890
vn 0.0075 0.7662 0.6425
vn -0.0021 0.6602 0.7511
vn -0.0026 0.9885 0.1514
vn 0.0131 0.9977 0.0663
vn -0.0022 0.9759 0.2184
vn -0.0022 0.9377 0.3473
vn 0.0207 0.9744 0.2237
vn -0.0000 0.9298 0.3682
vn 0.0062 0.9960 -0.0897
vn -0.0009 0.9987 -0.0507
vn -0.0009 0.9960 -0.0890
vn 0.0012 0.9681 -0.2506
vn 0.0027 0.9703 -0.2419
vn 0.0041 0.8978 -0.4404
vn -0.0018 0.9220 -0.3871
vn 0.0036 0.7908 -0.6121
vn -0.0024 0.8513 -0.5247
vn -0.0024 0.8513 -0.5246
vn -0.0007 0.5190 -0.8548
vn 0.0009 0.6461 -0.7632
vn 0.0017 0.6514 -0.7588
vn -0.0013 0.7589 -0.6512
vn 0.0025 0.4853 -0.8743
vn -0.0017 0.3781 -0.9258
vn 0.0028 0.2994 -0.9541
vn -0.0015 0.2261 -0.9741
vn 0.0020 0.1012 -0.9949
vn -0.0000 0.0733 -0.9973
vn -0.0018 -0.2994 -0.9541
vn 0.0083 -0.3818 -0.9242
vn -0.0013 -0.2391 -0.9710
vn -0.0013 -0.1012 -0.9949
vn 0.0117 -0.2257 -0.9741
vn -0.0000 -0.0800 -0.9968
vn -0.0006 -0.6514 -0.7588
vn 0.0216 -0.7598 -0.6498
vn 0.0019 -0.6577 -0.7533
vn -0.0013 -0.5321 -0.8467
vn -0.0013 -0.4853 -0.8743
vn 0.0050 -0.5272 -0.8497
vn -0.0018 -0.3912 -0.9203
vn -0.0024 -0.8978 -0.4404
vn 0.0105 -0.9281 -0.3721
vn -0.0022 -0.8612 -0.5082
vn -0.0022 -0.7908 -0.6121
vn 0.0162 -0.8559 -0.5170
vn -0.0006 -0.7699 -0.6382
vn 0.0029 -0.9987 -0.0507
vn 0.0007 -0.9979 -0.0654
vn -0.0006 -0.9758 -0.2188
vn -0.0006 -0.9681 -0.2506
vn 0.0051 -0.9755 -0.2201
vn -0.0024 -0.9301 -0.3673
vn 0.0045 -0.9885 0.1514
vn -0.0020 -0.9960 0.0889
vn 0.0040 -0.9377 0.3473
vn -0.0026 -0.9706 0.2405
vn -0.0013 -0.7589 0.6512
vn 0.0019 -0.8500 0.5267
vn 0.0015 -0.8486 0.5290
vn -0.0011 -0.9219 0.3874
vn 0.0033 -0.7248 0.6890
vn -0.0021 -0.6480 0.7616
vn 0.0032 -0.5713 0.8208
vn -0.0015 -0.5196 0.8544
vn 0.0019 -0.3944 0.9190
vn 0.0001 -0.3764 0.9265
vn -0.0011 -0.0745 0.9972
vn 0.0018 -0.2013 0.9795
vn -0.0001 -0.2247 0.9744
vn -0.0001 -0.2246 0.9744
vn 1.0000 -0.0000 -0.0000
vn 0.0937 -0.0126 0.9955
vn 0.8814 0.4172 0.2216
vn 0.8814 0.4171 0.2216
vn 0.8852 0.3706 0.2811
vn 0.9508 0.2025 0.2342
vn 0.9257 0.2531 0.2812
vn 0.8312 0.5554 0.0243
vn 0.8313 0.5553 0.0243
vn 0.9970 0.0397 0.0670
vn 0.8951 0.4260 0.1312
vn 0.8952 0.4259 0.1312
vn 0.8824 0.4365 -0.1758
vn 0.8824 0.4365 -0.1759
vn 0.9906 0.1042 -0.0881
vn 0.9788 0.1773 -0.1025
vn 0.9265 0.3668 -0.0841
vn 0.9339 0.2172 -0.2840
vn 0.9005 0.3489 -0.2595
vn 0.0860 -0.0116 -0.9962
vn 0.0374 0.1899 -0.9811
vn 0.0618 0.1594 -0.9853
vn -0.0114 0.0857 -0.9963
vn 0.0860 -0.0117 -0.9962
vn 0.1594 0.0618 -0.9853
vn 0.2143 0.0127 -0.9767
vn 0.2902 0.0886 -0.9529
vn 0.2985 0.0889 -0.9503
vn 0.0562 0.3292 -0.9426
vn 0.0886 0.2902 -0.9529
vn 0.0113 0.2128 -0.9770
vn 0.3399 0.0383 -0.9397
vn 0.4183 0.1165 -0.9008
vn 0.4397 0.1037 -0.8921
vn 0.4625 0.0670 -0.8841
vn 0.5479 0.1525 -0.8225
vn 0.1767 0.6579 -0.7321
vn 0.0981 0.5788 -0.8095
vn 0.1525 0.5479 -0.8225
vn 0.0670 0.4625 -0.8841
vn 0.0753 0.4634 -0.8829
vn 0.1165 0.4183 -0.9008
vn 0.0383 0.3399 -0.9397
vn 0.5788 0.0981 -0.8095
vn 0.6640 0.1832 -0.7250
vn 0.6870 0.1317 -0.7147
vn 0.1767 0.6578 -0.7321
vn 0.1368 0.6925 -0.7083
vn 0.2073 0.7631 -0.6122
vn 0.1922 0.7789 -0.5969
vn 0.1672 0.7840 -0.5979
vn 0.7631 0.2073 -0.6122
vn 0.7890 0.1716 -0.5900
vn 0.8524 0.2350 -0.4670
vn 0.8574 0.2359 -0.4575
vn 0.8657 0.2026 -0.4577
vn 0.8996 0.2336 -0.3689
vn 0.2350 0.8524 -0.4670
vn 0.2126 0.8667 -0.4512
vn 0.2025 0.8657 -0.4577
vn 0.2579 0.9212 -0.2913
vn 0.2341 0.9267 -0.2940
vn 0.2648 0.9578 -0.1116
vn 0.2644 0.9583 -0.1087
vn 0.2564 0.9602 -0.1110
vn 0.2099 0.8789 0.4283
vn 0.2582 0.9272 0.2715
vn 0.2537 0.9305 0.2642
vn 0.2381 0.9335 0.2680
vn 0.2652 0.9609 0.0798
vn 0.2587 0.9625 0.0816
vn 0.9047 0.2333 0.3564
vn 0.8755 0.2071 0.4366
vn 0.8663 0.2425 0.4367
vn 0.7951 0.1714 0.5818
vn 0.7993 0.1772 0.5742
vn 0.1354 0.6986 0.7026
vn 0.2113 0.7750 0.5956
vn 0.1759 0.7999 0.5737
vn 0.1714 0.7951 0.5817
vn 0.2387 0.8630 0.4453
vn 0.7750 0.2113 0.5956
vn 0.6986 0.1354 0.7026
vn 0.6969 0.1529 0.7007
vn 0.1869 0.6761 0.7127
vn 0.1012 0.5904 0.8007
vn 0.1318 0.5776 0.8056
vn 0.1494 0.5538 0.8191
vn 0.6701 0.1805 0.7200
vn 0.5904 0.1012 0.8007
vn 0.5782 0.1309 0.8053
vn 0.5538 0.1494 0.8191
vn 0.4783 0.0739 0.8751
vn 0.4300 0.1194 0.8949
vn 0.0697 0.4739 0.8778
vn 0.1146 0.4446 0.8883
vn 0.1194 0.4300 0.8949
vn 0.0437 0.3542 0.9341
vn 0.0911 0.3016 0.9491
vn 0.3511 0.0407 0.9355
vn 0.3061 0.0957 0.9472
vn 0.2239 0.0134 0.9745
vn 0.2247 0.0159 0.9743
vn 0.1704 0.0642 0.9833
vn 0.0936 -0.0126 0.9955
vn -0.0126 0.0937 0.9955
vn -0.0126 0.0936 0.9955
vn 0.0674 0.1736 0.9825
vn 0.0134 0.2239 0.9745
vn 0.0365 0.0365 -0.9987
vn 0.1132 0.1132 -0.9871
vn 0.1943 0.1943 -0.9615
vn 0.2773 0.2773 -0.9199
vn 0.3621 0.3621 -0.8589
vn 0.4476 0.4476 -0.7741
vn 0.5309 0.5309 -0.6604
vn 0.5310 0.5309 -0.6604
vn 0.6067 0.6067 -0.5137
vn 0.6666 0.6666 -0.3335
vn 0.7014 0.7014 -0.1263
vn 0.7041 0.7041 0.0929
vn 0.6736 0.6736 0.3043
vn 0.6160 0.6160 0.4910
vn 0.5409 0.5409 0.6441
vn 0.4571 0.4571 0.7629
vn 0.3708 0.3708 0.8515
vn 0.2852 0.2852 0.9150
vn 0.2016 0.2016 0.9585
vn 0.1200 0.1200 0.9855
vn 0.0398 0.0398 0.9984
vn -0.0000 1.0000 -0.0000
vn -0.0000 1.0000 0.0001
vn -0.0000 -0.1045 0.9945
vn -0.0000 0.1045 0.9945
vn -0.0000 0.3090 0.9511
vn -0.0000 0.5000 0.8660
vn -0.0000 0.6691 0.7431
vn -0.0000 0.8090 0.5878
vn -0.0000 0.9135 0.4067
vn -0.0000 0.9781 0.2079
vn -0.0000 0.9781 -0.2079
vn -0.0000 0.9135 -0.4067
vn -0.0000 0.8090 -0.5878
vn -0.0000 0.6691 -0.7431
vn -0.0000 0.5000 -0.8660
vn -0.0000 0.3090 -0.9511
vn -0.0000 0.1045 -0.9945
vn -0.0000 -0.1045 -0.9945
vn -0.0000 -0.3090 -0.9511
vn -0.0000 -0.5000 -0.8660
vn -0.0000 -0.6691 -0.7431
vn -0.0000 -0.8090 -0.5878
vn -0.0000 -0.9135 -0.4067
vn -0.0000 -0.9781 -0.2079
vn -0.0000 -0.9781 0.2079
vn -0.0000 -0.9135 0.4067
vn -0.0000 -0.8090 0.5878
vn -0.0000 -0.6691 0.7431
vn -0.0000 -0.5000 0.8660
vn -0.0000 -0.3090 0.9511
vn 0.1012 -0.0000 -0.9949
vn -0.1012 -0.0000 -0.9949
vn -0.2994 -0.0000 -0.9541
vn -0.4853 -0.0000 -0.8743
vn -0.6514 -0.0000 -0.7588
vn -0.7908 -0.0000 -0.6121
vn -0.8978 -0.0000 -0.4404
vn -0.9681 -0.0000 -0.2507
vn -0.9987 -0.0000 -0.0507
vn -0.9885 -0.0000 0.1514
vn -0.9378 -0.0000 0.3473
vn -0.8486 -0.0000 0.5290
vn -0.7248 -0.0000 0.6890
vn -0.5713 -0.0000 0.8208
vn -0.3944 -0.0000 0.9190
vn -0.2013 -0.0000 0.9795
vn -0.0000 -0.0000 1.0000
vn 0.2013 -0.0000 0.9795
vn 0.3944 -0.0000 0.9190
vn 0.5713 -0.0000 0.8208
vn 0.7248 -0.0000 0.6890
vn 0.8486 -0.0000 0.5290
vn 0.9378 -0.0000 0.3473
vn 0.9885 -0.0000 0.1514
vn 0.9987 -0.0000 -0.0507
vn 0.9681 -0.0000 -0.2507
vn 0.8978 -0.0000 -0.4404
vn 0.7908 -0.0000 -0.6121
vn 0.6514 -0.0000 -0.7588
vn 0.4853 -0.0000 -0.8743
vn 0.2994 -0.0000 -0.9541
vn 0.6631 0.7065 -0.2473
vn 0.6161 0.7053 -0.3507
vn 0.5333 0.7053 -0.4671
vn 0.5332 0.7053 -0.4671
vn 0.4288 0.7053 -0.5645
vn 0.3069 0.7053 -0.6390
vn 0.1726 0.7053 -0.6875
vn 0.1726 0.7053 -0.6876
vn 0.1726 0.7054 -0.6875
vn 0.0312 0.7054 -0.7082
vn 0.0312 0.7053 -0.7082
vn -0.1114 0.7053 -0.7001
vn -0.1114 0.7054 -0.7001
vn -0.2495 0.7053 -0.6635
vn -0.3775 0.7053 -0.6001
vn -0.3775 0.7053 -0.6000
vn -0.4901 0.7053 -0.5122
vn -0.4901 0.7054 -0.5122
vn -0.5828 0.7054 -0.4035
vn -0.5828 0.7053 -0.4035
vn -0.6519 0.7053 -0.2785
vn -0.6945 0.7053 -0.1421
vn -0.7089 0.7053 -0.0000
vn -0.6945 0.7053 0.1421
vn -0.6519 0.7053 0.2785
vn -0.5828 0.7053 0.4035
vn -0.5828 0.7054 0.4035
vn -0.4901 0.7053 0.5122
vn -0.3775 0.7053 0.6000
vn -0.3775 0.7053 0.6001
vn -0.2495 0.7053 0.6636
vn -0.2495 0.7053 0.6635
vn -0.1114 0.7054 0.7000
vn -0.1114 0.7053 0.7001
vn 0.0312 0.7053 0.7082
vn 0.0312 0.7054 0.7082
vn 0.1726 0.7054 0.6875
vn 0.1726 0.7053 0.6876
vn 0.1726 0.7053 0.6875
vn 0.3069 0.7053 0.6390
vn 0.4288 0.7053 0.5645
vn 0.5333 0.7053 0.4671
vn 0.5332 0.7053 0.4671
vn 0.6161 0.7053 0.3507
vn 0.6631 0.7065 0.2473
vn 0.5472 0.8366 -0.0256
vn 0.5837 0.8118 0.0179
vn 0.4912 0.8703 0.0356
vn 0.5418 0.8362 0.0854
vn 0.5468 0.8363 0.0397
vn 0.5810 0.8089 0.0907
vn 0.5267 0.8447 0.0951
vn 0.5542 0.8187 0.1501
vn 0.5454 0.8262 -0.1410
vn 0.6737 0.7101 -0.2047
vn 0.6769 0.7071 -0.2043
vn 0.5543 0.8187 0.1501
vn 0.5645 0.8191 0.1019
vn 0.6133 0.7727 0.1635
vn 0.5858 0.7941 0.1623
vn 0.6727 0.7071 0.2180
vn 0.5475 0.8366 0.0169
vn 0.5475 0.8367 0.0169
vn 0.4757 0.8793 -0.0222
vn 0.5822 0.8111 -0.0565
vn 0.5646 0.8204 -0.0907
vn 0.5688 0.8206 -0.0554
vn 0.5030 0.8605 -0.0809
vn 0.6085 0.7831 -0.1283
vn 0.6019 0.7833 -0.1557
vn 0.6080 0.7836 -0.1282
vn 0.7052 -0.2122 -0.6764
vn 0.7053 -0.2122 -0.6764
vn 0.7053 -0.3441 -0.6199
vn 0.7053 -0.3440 -0.6198
vn 0.7053 -0.4618 -0.5379
vn 0.7053 -0.5606 -0.4339
vn 0.7053 -0.6365 -0.3122
vn 0.7053 -0.6863 -0.1777
vn 0.7053 -0.7080 -0.0359
vn 0.7053 -0.7007 0.1073
vn 0.7053 -0.6648 0.2462
vn 0.7053 -0.6016 0.3750
vn 0.7053 -0.5138 0.4884
vn 0.7053 -0.4050 0.5819
vn 0.7053 -0.4050 0.5818
vn 0.7053 -0.2796 0.6515
vn 0.7053 -0.2795 0.6514
vn 0.7053 -0.1427 0.6944
vn 0.7067 -0.0358 0.7066
vn 0.7067 0.0358 0.7066
vn 0.7053 0.1427 0.6944
vn 0.7053 0.2796 0.6514
vn 0.7053 0.4050 0.5818
vn 0.7053 0.4050 0.5819
vn 0.7053 0.5138 0.4884
vn 0.7053 0.6016 0.3750
vn 0.7053 0.6648 0.2462
vn 0.7053 0.7007 0.1073
vn 0.7053 0.7007 0.1074
vn 0.7053 0.7080 -0.0359
vn 0.7053 0.6863 -0.1777
vn 0.7053 0.6365 -0.3122
vn 0.7053 0.5606 -0.4339
vn 0.7053 0.4618 -0.5379
vn 0.7053 0.3440 -0.6198
vn 0.7053 0.3440 -0.6199
vn 0.7053 0.2122 -0.6764
vn 0.7053 0.0717 -0.7053
vn 0.7053 -0.0717 -0.7053
vn 0.7052 -0.0717 -0.7053
vn 0.6260 -0.7064 0.3302
vn 0.5649 -0.7053 0.4282
vn 0.6260 -0.7064 0.3303
vn 0.3543 -0.7053 0.6140
vn 0.5649 -0.7054 0.4282
vn 0.4689 -0.7054 0.5316
vn 0.3542 -0.7054 0.6140
vn 0.0880 -0.7054 0.7033
vn 0.2256 -0.7054 0.6720
vn -0.1921 -0.7054 0.6823
vn -0.0531 -0.7054 0.7069
vn -0.0531 -0.7054 0.7068
vn -0.0531 -0.7053 0.7069
vn -0.1921 -0.7053 0.6823
vn -0.4420 -0.7054 0.5541
vn -0.3235 -0.7054 0.6307
vn -0.3235 -0.7053 0.6307
vn -0.4420 -0.7054 0.5542
vn -0.6225 -0.7054 0.3389
vn -0.4420 -0.7053 0.5542
vn -0.5431 -0.7053 0.4556
vn -0.5431 -0.7054 0.4556
vn -0.5430 -0.7054 0.4556
vn -0.7053 -0.7054 0.0706
vn -0.6225 -0.7054 0.3390
vn -0.6774 -0.7054 0.2089
vn -0.6773 -0.7054 0.2089
vn -0.7053 -0.7054 -0.0706
vn -0.6773 -0.7054 -0.2089
vn -0.6774 -0.7054 -0.2089
vn -0.6225 -0.7054 -0.3390
vn -0.6225 -0.7054 -0.3389
vn -0.5430 -0.7054 -0.4556
vn -0.5431 -0.7054 -0.4556
vn -0.5431 -0.7053 -0.4556
vn -0.4420 -0.7053 -0.5542
vn -0.4420 -0.7054 -0.5541
vn -0.4420 -0.7054 -0.5542
vn -0.3235 -0.7054 -0.6307
vn -0.3235 -0.7053 -0.6307
vn -0.1921 -0.7054 -0.6823
vn -0.1921 -0.7053 -0.6824
vn -0.0531 -0.7053 -0.7069
vn -0.0531 -0.7054 -0.7068
vn -0.0531 -0.7054 -0.7069
vn 0.0880 -0.7054 -0.7033
vn 0.2256 -0.7054 -0.6720
vn 0.3543 -0.7054 -0.6140
vn 0.3543 -0.7053 -0.6140
vn 0.3542 -0.7054 -0.6140
vn 0.4689 -0.7054 -0.5316
vn 0.5649 -0.7054 -0.4282
vn 0.5649 -0.7053 -0.4282
vn 0.6260 -0.7064 -0.3303
vn 0.6260 -0.7064 -0.3302
vn 0.2854 -0.9557 0.0726
vn 0.2923 -0.9559 0.0269
vn 0.2785 -0.9556 0.0961
vn 0.3062 -0.9488 0.0779
vn 0.1810 -0.9828 0.0373
vn 0.3436 -0.9329 -0.1078
vn 0.2688 -0.9612 -0.0626
vn 0.2688 -0.9581 -0.0987
vn 0.2178 -0.9733 -0.0730
vn 0.4202 -0.8884 -0.1850
vn 0.4002 -0.8976 -0.1850
vn 0.4031 -0.8976 -0.1785
vn 0.2942 -0.9410 -0.1672
vn 0.4709 -0.8549 -0.2177
vn 0.5268 -0.8058 -0.2704
vn 0.6394 -0.7071 -0.3021
vn 0.5407 -0.7945 -0.2764
vn 0.5068 -0.8263 -0.2457
vn 0.5064 -0.8268 -0.2451
vn 0.6328 -0.7069 0.3161
vn 0.5322 -0.8082 0.2522
vn 0.5309 -0.8026 0.2721
vn 0.4735 -0.8526 0.2208
vn 0.3367 -0.9348 0.1132
vn 0.1700 -0.9814 0.0890
vn 0.2879 -0.9513 0.1104
vn 0.4156 -0.8905 0.1852
vn 0.4064 -0.8938 0.1895
vn 0.4094 -0.8939 0.1828
vn 0.3052 -0.9366 0.1721
vn 0.1344 -0.9897 -0.0497
vn 0.2784 -0.9595 -0.0439
vn 0.2747 -0.9594 -0.0640
vn 0.2992 -0.9530 -0.0469
vn 0.1733 -0.9848 -0.0139
vn 0.2835 -0.9590 0.0053
vn 0.2829 -0.9589 -0.0227
vn 0.2927 -0.9562 0.0055
vn 0.2356 -0.9716 0.0217
vn 0.1332 -0.9911 0.0028
vn 0.2876 -0.9561 0.0554
vn 0.2393 0.0174 0.9708
vn 0.1178 -0.2132 0.9699
vn 0.0805 0.0174 0.9966
vn 0.2000 0.0174 0.9796
vn 0.2718 -0.2133 0.9384
vn 0.5344 0.0174 0.8451
vn 0.5550 -0.2133 0.8041
vn 0.4999 0.0174 0.8659
vn 0.3919 0.0174 0.9198
vn 0.4188 -0.2133 0.8827
vn 0.3545 0.0174 0.9349
vn 0.7745 0.0174 0.6323
vn 0.7811 -0.2132 0.5869
vn 0.7484 0.0174 0.6630
vn 0.6630 0.0174 0.7484
vn 0.6768 -0.2133 0.7046
vn 0.6323 0.0174 0.7745
vn 0.9349 0.0174 0.3546
vn 0.9267 -0.2132 0.3094
vn 0.9198 0.0174 0.3919
vn 0.8659 0.0174 0.4999
vn 0.8651 -0.2133 0.4540
vn 0.8451 0.0174 0.5344
vn 0.9990 0.0174 0.0403
vn 0.9770 -0.2133 -0.0000
vn 0.9966 0.0174 0.0805
vn 0.9796 0.0174 0.2000
vn 0.9643 -0.2133 0.1567
vn 0.9708 0.0174 0.2393
vn 0.9604 0.0174 -0.2782
vn 0.9267 -0.2133 -0.3094
vn 0.9708 0.0175 -0.2393
vn 0.9926 0.0174 -0.1205
vn 0.9643 -0.2133 -0.1567
vn 0.9966 0.0174 -0.0805
vn 0.8229 0.0174 -0.5680
vn 0.7810 -0.2133 -0.5869
vn 0.8451 0.0174 -0.5344
vn 0.9033 0.0174 -0.4286
vn 0.8651 -0.2133 -0.4540
vn 0.9198 0.0175 -0.3919
vn 0.6006 0.0174 -0.7993
vn 0.5550 -0.2133 -0.8040
vn 0.6323 0.0174 -0.7745
vn 0.7211 0.0174 -0.6926
vn 0.6768 -0.2132 -0.7046
vn 0.7484 0.0175 -0.6630
vn 0.3166 0.0174 -0.9484
vn 0.2718 -0.2133 -0.9384
vn 0.3545 0.0174 -0.9349
vn 0.4647 0.0174 -0.8853
vn 0.4188 -0.2133 -0.8827
vn 0.4999 0.0174 -0.8659
vn -0.0000 0.0174 -0.9998
vn -0.0393 -0.2132 -0.9762
vn 0.0403 0.0175 -0.9990
vn 0.1604 0.0174 -0.9869
vn 0.1178 -0.2133 -0.9699
vn 0.2000 0.0174 -0.9796
vn -0.3166 0.0174 -0.9484
vn -0.3464 -0.2133 -0.9135
vn -0.2782 0.0174 -0.9604
vn -0.1604 0.0174 -0.9869
vn -0.1954 -0.2132 -0.9573
vn -0.1205 0.0175 -0.9926
vn -0.6006 0.0174 -0.7993
vn -0.6179 -0.2133 -0.7568
vn -0.5680 0.0174 -0.8229
vn -0.4647 0.0174 -0.8853
vn -0.4885 -0.2133 -0.8461
vn -0.4286 0.0174 -0.9033
vn -0.8189 -0.1000 -0.5652
vn -0.7993 0.0175 -0.6007
vn -0.7211 0.0174 -0.6926
vn -0.7313 -0.2133 -0.6479
vn -0.6926 0.0174 -0.7211
vn -0.8989 -0.1000 -0.4265
vn -0.8853 0.0174 -0.4647
vn -0.8451 0.0174 -0.5344
vn -0.9557 -0.1000 -0.2768
vn -0.9484 0.0175 -0.3166
vn -0.9198 0.0175 -0.3919
vn -0.9998 0.0174 -0.0000
vn -0.9966 0.0174 -0.0805
vn -0.9877 -0.1000 -0.1199
vn -0.9869 0.0175 -0.1604
vn -0.9708 0.0175 -0.2393
vn -0.9738 -0.2133 0.0786
vn -0.9990 0.0174 0.0403
vn -0.9869 0.0175 0.1604
vn -0.9749 -0.1000 0.1990
vn -0.9708 0.0174 0.2393
vn -0.9349 0.0174 0.3546
vn -0.8988 -0.2132 0.3829
vn -0.9484 0.0174 0.3166
vn -0.6926 0.0174 0.7211
vn -0.7484 0.0174 0.6630
vn -0.7707 -0.1000 0.6293
vn -0.7993 0.0174 0.6007
vn -0.8659 0.0174 0.4999
vn -0.8258 -0.2133 0.5222
vn -0.8853 0.0174 0.4647
vn -0.6179 -0.2133 0.7568
vn -0.6630 0.0174 0.7484
vn -0.5680 0.0174 0.8229
vn -0.5318 -0.1000 0.8410
vn -0.4999 0.0174 0.8659
vn -0.3919 0.0174 0.9198
vn -0.3464 -0.2133 0.9135
vn -0.4286 0.0174 0.9033
vn 0.0403 0.0175 0.9990
vn -0.0403 0.0175 0.9990
vn -0.0801 -0.1000 0.9918
vn -0.1205 0.0174 0.9926
vn -0.2393 0.0174 0.9708
vn -0.1954 -0.2133 0.9573
vn -0.2782 0.0174 0.9604
vn -0.0000 1.0000 -0.0001
vn -0.1121 0.4234 -0.8990
vn -0.1814 0.4213 -0.8886
vn -0.1861 0.4213 -0.8876
vn -0.3975 0.4252 -0.8131
vn -0.4538 0.4196 -0.7861
vn -0.4647 0.4195 -0.7798
vn -0.1812 0.4241 -0.8873
vn -0.2524 0.4209 -0.8713
vn -0.2584 0.4244 -0.8678
vn -0.3218 0.4204 -0.8484
vn -0.3298 0.4203 -0.8453
vn -0.3209 0.4253 -0.8462
vn -0.3890 0.4200 -0.8199
vn -0.6395 0.4266 -0.6395
vn -0.6798 0.4184 -0.6023
vn -0.6931 0.4182 -0.5871
vn -0.4522 0.4267 -0.7832
vn -0.5157 0.4193 -0.7471
vn -0.5257 0.4260 -0.7363
vn -0.5742 0.4190 -0.7034
vn -0.5869 0.4188 -0.6929
vn -0.5715 0.4282 -0.7000
vn -0.6291 0.4187 -0.6549
vn -0.8122 0.4275 -0.3970
vn -0.8359 0.4176 -0.3561
vn -0.8466 0.4173 -0.3303
vn -0.6759 0.4298 -0.5987
vn -0.7262 0.4182 -0.5457
vn -0.7359 0.4271 -0.5254
vn -0.7678 0.4180 -0.4855
vn -0.7805 0.4177 -0.4651
vn -0.7624 0.4315 -0.4822
vn -0.8045 0.4178 -0.4222
vn -0.8969 0.4279 -0.1118
vn -0.8291 0.4333 -0.3533
vn -0.8619 0.4175 -0.2877
vn -0.8663 0.4277 -0.2579
vn -0.8823 0.4174 -0.2175
vn -0.8895 0.4171 -0.1865
vn -0.8741 0.4353 -0.2155
vn -0.8970 0.4173 -0.1458
vn -0.9058 0.4173 -0.0731
vn -0.9031 0.4279 -0.0374
vn -0.9088 0.4173 -0.0000
vn -0.9031 0.4279 0.0374
vn -0.9058 0.4173 0.0731
vn -0.8969 0.4279 0.1118
vn -0.8970 0.4173 0.1458
vn -0.8846 0.4278 0.1855
vn -0.8823 0.4174 0.2175
vn -0.8663 0.4277 0.2579
vn -0.8619 0.4175 0.2877
vn -0.8421 0.4276 0.3286
vn -0.8359 0.4176 0.3562
vn -0.8359 0.4176 0.3561
vn -0.8122 0.4275 0.3970
vn -0.8045 0.4178 0.4222
vn -0.7767 0.4273 0.4628
vn -0.7678 0.4180 0.4856
vn -0.7678 0.4180 0.4855
vn -0.7359 0.4271 0.5254
vn -0.7262 0.4182 0.5457
vn -0.6901 0.4268 0.5845
vn -0.6799 0.4184 0.6023
vn -0.6798 0.4184 0.6023
vn -0.6395 0.4266 0.6395
vn -0.6291 0.4187 0.6549
vn -0.5846 0.4263 0.6903
vn -0.5743 0.4190 0.7033
vn -0.5742 0.4190 0.7034
vn -0.5257 0.4260 0.7363
vn -0.5157 0.4193 0.7471
vn -0.4632 0.4256 0.7774
vn -0.4538 0.4196 0.7861
vn -0.3975 0.4252 0.8131
vn -0.3890 0.4200 0.8199
vn -0.3291 0.4248 0.8433
vn -0.3217 0.4204 0.8484
vn -0.3218 0.4204 0.8484
vn -0.2584 0.4244 0.8678
vn -0.2524 0.4209 0.8713
vn -0.1859 0.4239 0.8864
vn 0.1121 0.4234 0.8990
vn 0.1814 0.4213 0.8886
vn 0.1861 0.4213 0.8876
vn -0.1814 0.4213 0.8886
vn -0.1121 0.4234 0.8990
vn -0.1093 0.4218 0.9001
vn -0.0374 0.4229 0.9054
vn -0.0365 0.4223 0.9057
vn 0.0375 0.4223 0.9057
vn 0.0365 0.4229 0.9055
vn 0.1093 0.4218 0.9001
vn 0.3975 0.4252 0.8131
vn 0.4538 0.4196 0.7861
vn 0.4647 0.4195 0.7798
vn 0.1812 0.4241 0.8873
vn 0.2524 0.4209 0.8713
vn 0.2584 0.4244 0.8678
vn 0.3218 0.4204 0.8484
vn 0.3298 0.4203 0.8453
vn 0.3209 0.4253 0.8462
vn 0.3890 0.4200 0.8199
vn 0.6395 0.4266 0.6395
vn 0.6798 0.4184 0.6023
vn 0.6931 0.4182 0.5871
vn 0.4522 0.4267 0.7832
vn 0.5157 0.4193 0.7471
vn 0.5257 0.4260 0.7363
vn 0.5742 0.4190 0.7034
vn 0.5869 0.4188 0.6929
vn 0.5715 0.4282 0.7000
vn 0.6291 0.4187 0.6549
vn 0.8122 0.4275 0.3970
vn 0.8359 0.4176 0.3561
vn 0.8466 0.4173 0.3303
vn 0.6759 0.4298 0.5987
vn 0.7262 0.4182 0.5457
vn 0.7359 0.4271 0.5254
vn 0.7678 0.4180 0.4855
vn 0.7805 0.4177 0.4651
vn 0.7624 0.4315 0.4822
vn 0.8045 0.4178 0.4222
vn 0.8969 0.4279 0.1118
vn 0.8291 0.4333 0.3533
vn 0.8619 0.4175 0.2877
vn 0.8663 0.4277 0.2579
vn 0.8823 0.4174 0.2175
vn 0.8895 0.4171 0.1865
vn 0.8741 0.4353 0.2155
vn 0.8970 0.4173 0.1458
vn 0.9058 0.4173 0.0731
vn 0.9031 0.4279 0.0374
vn 0.9088 0.4173 -0.0000
vn 0.9031 0.4279 -0.0374
vn 0.9058 0.4173 -0.0731
vn 0.8969 0.4279 -0.1118
vn 0.8970 0.4173 -0.1458
vn 0.8846 0.4278 -0.1855
vn 0.8823 0.4174 -0.2175
vn 0.8663 0.4277 -0.2579
vn 0.8619 0.4175 -0.2877
vn 0.8421 0.4276 -0.3286
vn 0.8359 0.4176 -0.3562
vn 0.8359 0.4176 -0.3561
vn 0.8122 0.4275 -0.3970
vn 0.8045 0.4178 -0.4222
vn 0.7767 0.4273 -0.4628
vn 0.7678 0.4180 -0.4856
vn 0.7678 0.4180 -0.4855
vn 0.7359 0.4271 -0.5254
vn 0.7262 0.4182 -0.5457
vn 0.6901 0.4268 -0.5845
vn 0.6799 0.4184 -0.6023
vn 0.6798 0.4184 -0.6023
vn 0.6395 0.4266 -0.6395
vn 0.6291 0.4187 -0.6549
vn 0.5846 0.4263 -0.6903
vn 0.5743 0.4190 -0.7033
vn 0.5742 0.4190 -0.7034
vn 0.5257 0.4260 -0.7363
vn 0.5157 0.4193 -0.7471
vn 0.4632 0.4256 -0.7774
vn 0.4538 0.4196 -0.7861
vn 0.3975 0.4252 -0.8131
vn 0.3890 0.4200 -0.8199
vn 0.3291 0.4248 -0.8433
vn 0.3217 0.4204 -0.8484
vn 0.3218 0.4204 -0.8484
vn 0.2584 0.4244 -0.8678
vn 0.2524 0.4209 -0.8713
vn 0.1859 0.4239 -0.8864
vn 0.1814 0.4213 -0.8886
vn 0.1121 0.4234 -0.8990
vn 0.1093 0.4218 -0.9001
vn 0.0374 0.4229 -0.9054
vn 0.0365 0.4223 -0.9057
vn -0.0375 0.4223 -0.9057
vn -0.0365 0.4229 -0.9055
vn -0.1093 0.4218 -0.9001
vn -0.2631 0.3253 0.9083
vn -0.3353 0.3253 0.8841
vn -0.3353 0.3253 0.8842
vn -0.4054 0.3253 0.8543
vn -0.4728 0.3253 0.8189
vn -0.5372 0.3253 0.7782
vn -0.5980 0.3253 0.7325
vn -0.6550 0.3253 0.6820
vn -0.6550 0.3254 0.6820
vn -0.7077 0.3254 0.6271
vn -0.7078 0.3253 0.6271
vn -0.7078 0.3253 0.6270
vn -0.7560 0.3253 0.5681
vn -0.7559 0.3253 0.5681
vn -0.7992 0.3254 0.5054
vn -0.7992 0.3253 0.5054
vn -0.8373 0.3253 0.4394
vn -0.8699 0.3253 0.3706
vn -0.8969 0.3253 0.2994
vn -0.8969 0.3254 0.2994
vn -0.9181 0.3254 0.2263
vn -0.9181 0.3253 0.2263
vn -0.9333 0.3254 0.1517
vn -0.9334 0.3253 0.1517
vn -0.9425 0.3253 0.0761
vn -0.9456 0.3253 -0.0000
vn -0.9425 0.3253 -0.0761
vn -0.9334 0.3253 -0.1517
vn -0.9333 0.3254 -0.1517
vn -0.9181 0.3253 -0.2263
vn -0.9181 0.3254 -0.2263
vn -0.8969 0.3254 -0.2994
vn -0.8699 0.3253 -0.3706
vn -0.8969 0.3253 -0.2994
vn -0.8373 0.3253 -0.4394
vn -0.7992 0.3253 -0.5054
vn -0.7992 0.3254 -0.5054
vn -0.7559 0.3254 -0.5681
vn -0.7078 0.3253 -0.6270
vn -0.7559 0.3253 -0.5681
vn -0.7077 0.3254 -0.6271
vn -0.6550 0.3254 -0.6820
vn -0.5980 0.3253 -0.7325
vn -0.5372 0.3253 -0.7782
vn -0.4728 0.3253 -0.8189
vn -0.4054 0.3253 -0.8543
vn -0.3353 0.3253 -0.8842
vn -0.3353 0.3253 -0.8841
vn -0.2631 0.3253 -0.9083
vn -0.1891 0.3253 -0.9265
vn -0.1140 0.3253 -0.9387
vn -0.1140 0.3254 -0.9387
vn -0.0381 0.3254 -0.9448
vn -0.0381 0.3253 -0.9448
vn 0.0381 0.3253 -0.9448
vn 0.0381 0.3254 -0.9448
vn 0.1140 0.3254 -0.9387
vn 0.1140 0.3253 -0.9387
vn 0.1891 0.3253 -0.9265
vn 0.2631 0.3253 -0.9083
vn 0.3353 0.3253 -0.8841
vn 0.3353 0.3253 -0.8842
vn 0.4054 0.3253 -0.8543
vn 0.4728 0.3253 -0.8189
vn 0.5372 0.3253 -0.7782
vn 0.5980 0.3253 -0.7325
vn 0.6550 0.3253 -0.6820
vn 0.6550 0.3254 -0.6820
vn 0.7077 0.3254 -0.6271
vn 0.7078 0.3253 -0.6271
vn 0.7078 0.3253 -0.6270
vn 0.7560 0.3253 -0.5681
vn 0.7559 0.3253 -0.5681
vn 0.7992 0.3254 -0.5054
vn 0.7992 0.3253 -0.5054
vn 0.8373 0.3253 -0.4394
vn 0.8699 0.3253 -0.3706
vn 0.8969 0.3253 -0.2994
vn 0.8969 0.3254 -0.2994
vn 0.9181 0.3254 -0.2263
vn 0.9181 0.3253 -0.2263
vn 0.9333 0.3254 -0.1517
vn 0.9334 0.3253 -0.1517
vn 0.9425 0.3253 -0.0761
vn 0.9456 0.3253 -0.0000
vn 0.9425 0.3253 0.0761
vn 0.9334 0.3253 0.1517
vn 0.9333 0.3254 0.1517
vn 0.9181 0.3253 0.2263
vn 0.9181 0.3254 0.2263
vn 0.8969 0.3254 0.2994
vn 0.8699 0.3253 0.3706
vn 0.8969 0.3253 0.2994
vn 0.8373 0.3253 0.4394
vn 0.7992 0.3253 0.5054
vn 0.7992 0.3254 0.5054
vn 0.7559 0.3254 0.5681
vn 0.7078 0.3253 0.6270
vn 0.7559 0.3253 0.5681
vn 0.7077 0.3254 0.6271
vn 0.6550 0.3254 0.6820
vn 0.5980 0.3253 0.7325
vn 0.5372 0.3253 0.7782
vn 0.4728 0.3253 0.8189
vn 0.4054 0.3253 0.8543
vn 0.3353 0.3253 0.8842
vn 0.3353 0.3253 0.8841
vn 0.2631 0.3253 0.9083
vn 0.1891 0.3253 0.9265
vn 0.1140 0.3253 0.9387
vn 0.1140 0.3254 0.9387
vn 0.0381 0.3254 0.9448
vn 0.0381 0.3253 0.9448
vn -0.0381 0.3253 0.9448
vn -0.0381 0.3254 0.9448
vn -0.1140 0.3254 0.9387
vn -0.1140 0.3253 0.9387
vn -0.1891 0.3253 0.9265
vn 0.0400 0.1218 0.9918
vn -0.0400 0.1218 0.9918
vn -0.1196 0.1218 0.9853
vn -0.1985 0.1218 0.9725
vn -0.2762 0.1218 0.9534
vn -0.2761 0.1218 0.9534
vn -0.3520 0.1218 0.9281
vn -0.4255 0.1218 0.8967
vn -0.4963 0.1218 0.8596
vn -0.5638 0.1218 0.8169
vn -0.6277 0.1218 0.7688
vn -0.6876 0.1218 0.7158
vn -0.7429 0.1218 0.6582
vn -0.7935 0.1218 0.5963
vn -0.8389 0.1218 0.5305
vn -0.8789 0.1218 0.4613
vn -0.9131 0.1218 0.3890
vn -0.9415 0.1218 0.3143
vn -0.9637 0.1218 0.2375
vn -0.9797 0.1218 0.1592
vn -0.9893 0.1218 0.0799
vn -0.9926 0.1218 -0.0000
vn -0.9893 0.1218 -0.0799
vn -0.9797 0.1218 -0.1592
vn -0.9637 0.1218 -0.2375
vn -0.9415 0.1218 -0.3143
vn -0.9131 0.1218 -0.3890
vn -0.8789 0.1218 -0.4613
vn -0.8389 0.1218 -0.5305
vn -0.7935 0.1218 -0.5963
vn -0.7429 0.1218 -0.6582
vn -0.6876 0.1218 -0.7158
vn -0.6277 0.1218 -0.7688
vn -0.5638 0.1218 -0.8169
vn -0.4963 0.1218 -0.8596
vn -0.4255 0.1218 -0.8967
vn -0.3520 0.1218 -0.9281
vn -0.2762 0.1218 -0.9534
vn -0.2761 0.1218 -0.9534
vn -0.1985 0.1218 -0.9725
vn -0.1196 0.1218 -0.9853
vn -0.0400 0.1218 -0.9918
vn 0.0400 0.1218 -0.9918
vn 0.1196 0.1218 -0.9853
vn 0.1985 0.1218 -0.9725
vn 0.2762 0.1218 -0.9534
vn 0.2761 0.1218 -0.9534
vn 0.3520 0.1218 -0.9281
vn 0.4255 0.1218 -0.8967
vn 0.4963 0.1218 -0.8596
vn 0.5638 0.1218 -0.8169
vn 0.6277 0.1218 -0.7688
vn 0.6876 0.1218 -0.7158
vn 0.7429 0.1218 -0.6582
vn 0.7935 0.1218 -0.5963
vn 0.8389 0.1218 -0.5305
vn 0.8789 0.1218 -0.4613
vn 0.9131 0.1218 -0.3890
vn 0.9415 0.1218 -0.3143
vn 0.9637 0.1218 -0.2375
vn 0.9797 0.1218 -0.1592
vn 0.9893 0.1218 -0.0799
vn 0.9926 0.1218 -0.0000
vn 0.9893 0.1218 0.0799
vn 0.9797 0.1218 0.1592
vn 0.9637 0.1218 0.2375
vn 0.9415 0.1218 0.3143
vn 0.9131 0.1218 0.3890
vn 0.8789 0.1218 0.4613
vn 0.8389 0.1218 0.5305
vn 0.7935 0.1218 0.5963
vn 0.7429 0.1218 0.6582
vn 0.6876 0.1218 0.7158
vn 0.6277 0.1218 0.7688
vn 0.5638 0.1218 0.8169
vn 0.4963 0.1218 0.8596
vn 0.4255 0.1218 0.8967
vn 0.3520 0.1218 0.9281
vn 0.2762 0.1218 0.9534
vn 0.2761 0.1218 0.9534
vn 0.1985 0.1218 0.9725
vn 0.1196 0.1218 0.9853
vn 0.0078 0.9821 0.1879
vn -0.0078 0.9821 0.1879
vn -0.0078 0.9821 0.1880
vn -0.0233 0.9821 0.1867
vn -0.0386 0.9821 0.1841
vn -0.0537 0.9821 0.1803
vn -0.0684 0.9821 0.1752
vn -0.0684 0.9821 0.1753
vn -0.0826 0.9821 0.1690
vn -0.0963 0.9821 0.1616
vn -0.1093 0.9821 0.1531
vn -0.1216 0.9821 0.1435
vn -0.1330 0.9821 0.1330
vn -0.1435 0.9821 0.1216
vn -0.1531 0.9821 0.1093
vn -0.1616 0.9821 0.0963
vn -0.1690 0.9821 0.0826
vn -0.1752 0.9821 0.0684
vn -0.1803 0.9821 0.0537
vn -0.1841 0.9821 0.0386
vn -0.1867 0.9821 0.0233
vn -0.1880 0.9821 0.0078
vn -0.1879 0.9821 0.0078
vn -0.1879 0.9821 -0.0078
vn -0.1880 0.9821 -0.0078
vn -0.1867 0.9821 -0.0233
vn -0.1841 0.9821 -0.0386
vn -0.1803 0.9821 -0.0537
vn -0.1752 0.9821 -0.0684
vn -0.1690 0.9821 -0.0826
vn -0.1616 0.9821 -0.0963
vn -0.1531 0.9821 -0.1093
vn -0.1435 0.9821 -0.1216
vn -0.1330 0.9821 -0.1330
vn -0.1216 0.9821 -0.1435
vn -0.1093 0.9821 -0.1531
vn -0.0963 0.9821 -0.1616
vn -0.0826 0.9821 -0.1690
vn -0.0684 0.9821 -0.1752
vn -0.0684 0.9821 -0.1753
vn -0.0537 0.9822 -0.1803
vn -0.0537 0.9821 -0.1803
vn -0.0386 0.9821 -0.1841
vn -0.0233 0.9822 -0.1867
vn -0.0233 0.9821 -0.1867
vn -0.0078 0.9821 -0.1879
vn 0.0078 0.9821 -0.1879
vn 0.0078 0.9821 -0.1880
vn 0.0233 0.9821 -0.1867
vn 0.0386 0.9821 -0.1841
vn 0.0537 0.9821 -0.1803
vn 0.0684 0.9821 -0.1752
vn 0.0684 0.9821 -0.1753
vn 0.0826 0.9821 -0.1690
vn 0.0963 0.9821 -0.1616
vn 0.1093 0.9821 -0.1531
vn 0.1216 0.9821 -0.1435
vn 0.1330 0.9821 -0.1330
vn 0.1435 0.9821 -0.1216
vn 0.1531 0.9821 -0.1093
vn 0.1616 0.9821 -0.0963
vn 0.1690 0.9821 -0.0826
vn 0.1752 0.9821 -0.0684
vn 0.1803 0.9821 -0.0537
vn 0.1841 0.9821 -0.0386
vn 0.1867 0.9821 -0.0233
vn 0.1880 0.9821 -0.0078
vn 0.1879 0.9821 -0.0078
vn 0.1879 0.9821 0.0078
vn 0.1880 0.9821 0.0078
vn 0.1867 0.9821 0.0233
vn 0.1841 0.9821 0.0386
vn 0.1803 0.9821 0.0537
vn 0.1752 0.9821 0.0684
vn 0.1690 0.9821 0.0826
vn 0.1616 0.9821 0.0963
vn 0.1531 0.9821 0.1093
vn 0.1435 0.9821 0.1216
vn 0.1330 0.9821 0.1330
vn 0.1216 0.9821 0.1435
vn 0.1093 0.9821 0.1531
vn 0.0963 0.9821 0.1616
vn 0.0826 0.9821 0.1690
vn 0.0684 0.9821 0.1752
vn 0.0684 0.9821 0.1753
vn 0.0537 0.9822 0.1803
vn 0.0537 0.9821 0.1803
vn 0.0386 0.9821 0.1841
vn 0.0233 0.9822 0.1867
vn 0.0233 0.9821 0.1867
vn 0.0222 0.8432 0.5372
vn -0.0222 0.8432 0.5372
vn -0.0665 0.8432 0.5335
vn -0.1103 0.8432 0.5262
vn -0.1534 0.8432 0.5153
vn -0.1954 0.8432 0.5009
vn -0.2361 0.8432 0.4830
vn -0.2752 0.8432 0.4618
vn -0.3124 0.8432 0.4375
vn -0.3124 0.8432 0.4376
vn -0.3475 0.8432 0.4103
vn -0.3802 0.8432 0.3802
vn -0.4102 0.8432 0.3475
vn -0.4103 0.8432 0.3475
vn -0.4376 0.8432 0.3124
vn -0.4375 0.8432 0.3124
vn -0.4618 0.8432 0.2752
vn -0.4619 0.8432 0.2752
vn -0.4830 0.8432 0.2361
vn -0.5009 0.8432 0.1954
vn -0.5153 0.8432 0.1534
vn -0.5262 0.8432 0.1103
vn -0.5335 0.8432 0.0665
vn -0.5372 0.8432 0.0222
vn -0.5372 0.8432 -0.0222
vn -0.5335 0.8432 -0.0665
vn -0.5262 0.8432 -0.1103
vn -0.5153 0.8432 -0.1534
vn -0.5009 0.8432 -0.1954
vn -0.4830 0.8432 -0.2361
vn -0.4619 0.8432 -0.2752
vn -0.4618 0.8432 -0.2752
vn -0.4375 0.8432 -0.3124
vn -0.4376 0.8432 -0.3124
vn -0.4103 0.8432 -0.3475
vn -0.3802 0.8432 -0.3802
vn -0.3475 0.8432 -0.4103
vn -0.3124 0.8432 -0.4376
vn -0.3124 0.8432 -0.4375
vn -0.2752 0.8432 -0.4618
vn -0.2752 0.8432 -0.4619
vn -0.2361 0.8432 -0.4830
vn -0.1954 0.8432 -0.5009
vn -0.1534 0.8432 -0.5153
vn -0.1103 0.8432 -0.5262
vn -0.0665 0.8432 -0.5335
vn -0.0222 0.8432 -0.5372
vn 0.0222 0.8432 -0.5372
vn 0.0665 0.8432 -0.5335
vn 0.1103 0.8432 -0.5262
vn 0.1534 0.8432 -0.5153
vn 0.1954 0.8432 -0.5009
vn 0.2361 0.8432 -0.4830
vn 0.2752 0.8432 -0.4618
vn 0.3124 0.8432 -0.4375
vn 0.3124 0.8432 -0.4376
vn 0.3475 0.8432 -0.4103
vn 0.3802 0.8432 -0.3802
vn 0.4102 0.8432 -0.3475
vn 0.4103 0.8432 -0.3475
vn 0.4376 0.8432 -0.3124
vn 0.4375 0.8432 -0.3124
vn 0.4618 0.8432 -0.2752
vn 0.4619 0.8432 -0.2752
vn 0.4830 0.8432 -0.2361
vn 0.5009 0.8432 -0.1954
vn 0.5153 0.8432 -0.1534
vn 0.5262 0.8432 -0.1103
vn 0.5335 0.8432 -0.0665
vn 0.5372 0.8432 -0.0222
vn 0.5372 0.8432 0.0222
vn 0.5335 0.8432 0.0665
vn 0.5262 0.8432 0.1103
vn 0.5153 0.8432 0.1534
vn 0.5009 0.8432 0.1954
vn 0.4830 0.8432 0.2361
vn 0.4619 0.8432 0.2752
vn 0.4618 0.8432 0.2752
vn 0.4375 0.8432 0.3124
vn 0.4376 0.8432 0.3124
vn 0.4103 0.8432 0.3475
vn 0.3802 0.8432 0.3802
vn 0.3475 0.8432 0.4103
vn 0.3124 0.8432 0.4376
vn 0.3124 0.8432 0.4375
vn 0.2752 0.8432 0.4618
vn 0.2752 0.8432 0.4619
vn 0.2361 0.8432 0.4830
vn 0.1954 0.8432 0.5009
vn 0.1534 0.8432 0.5153
vn 0.1103 0.8432 0.5262
vn 0.0665 0.8432 0.5335
vn 0.0335 0.5851 0.8103
vn -0.0335 0.5851 0.8103
vn -0.1003 0.5851 0.8047
vn -0.1664 0.5851 0.7937
vn -0.2314 0.5851 0.7772
vn -0.2948 0.5851 0.7555
vn -0.3562 0.5851 0.7286
vn -0.4151 0.5851 0.6966
vn -0.4712 0.5851 0.6600
vn -0.5241 0.5851 0.6188
vn -0.5734 0.5851 0.5734
vn -0.6188 0.5851 0.5241
vn -0.6600 0.5851 0.4712
vn -0.6966 0.5851 0.4151
vn -0.7285 0.5851 0.3562
vn -0.7286 0.5851 0.3562
vn -0.7555 0.5851 0.2948
vn -0.7772 0.5851 0.2314
vn -0.7937 0.5851 0.1664
vn -0.8047 0.5851 0.1003
vn -0.8103 0.5851 0.0335
vn -0.8103 0.5851 -0.0335
vn -0.8047 0.5851 -0.1003
vn -0.7937 0.5851 -0.1664
vn -0.7772 0.5851 -0.2314
vn -0.7555 0.5851 -0.2948
vn -0.7286 0.5851 -0.3562
vn -0.7285 0.5851 -0.3562
vn -0.6966 0.5851 -0.4151
vn -0.6600 0.5851 -0.4712
vn -0.6188 0.5851 -0.5241
vn -0.5734 0.5851 -0.5734
vn -0.5241 0.5851 -0.6188
vn -0.4712 0.5851 -0.6600
vn -0.4151 0.5851 -0.6966
vn -0.3562 0.5851 -0.7285
vn -0.3562 0.5851 -0.7286
vn -0.2948 0.5851 -0.7555
vn -0.2314 0.5851 -0.7772
vn -0.1664 0.5851 -0.7937
vn -0.1003 0.5851 -0.8047
vn -0.0335 0.5851 -0.8103
vn 0.0335 0.5851 -0.8103
vn 0.1003 0.5851 -0.8047
vn 0.1664 0.5851 -0.7937
vn 0.2314 0.5851 -0.7772
vn 0.2948 0.5851 -0.7555
vn 0.3562 0.5851 -0.7286
vn 0.4151 0.5851 -0.6966
vn 0.4712 0.5851 -0.6600
vn 0.5241 0.5851 -0.6188
vn 0.5734 0.5851 -0.5734
vn 0.6188 0.5851 -0.5241
vn 0.6600 0.5851 -0.4712
vn 0.6966 0.5851 -0.4151
vn 0.7285 0.5851 -0.3562
vn 0.7286 0.5851 -0.3562
vn 0.7555 0.5851 -0.2948
vn 0.7772 0.5851 -0.2314
vn 0.7937 0.5851 -0.1664
vn 0.8047 0.5851 -0.1003
vn 0.8103 0.5851 -0.0335
vn 0.8103 0.5851 0.0335
vn 0.8047 0.5851 0.1003
vn 0.7937 0.5851 0.1664
vn 0.7772 0.5851 0.2314
vn 0.7555 0.5851 0.2948
vn 0.7286 0.5851 0.3562
vn 0.7285 0.5851 0.3562
vn 0.6966 0.5851 0.4151
vn 0.6600 0.5851 0.4712
vn 0.6188 0.5851 0.5241
vn 0.5734 0.5851 0.5734
vn 0.5241 0.5851 0.6188
vn 0.4712 0.5851 0.6600
vn 0.4151 0.5851 0.6966
vn 0.3562 0.5851 0.7285
vn 0.3562 0.5851 0.7286
vn 0.2948 0.5851 0.7555
vn 0.2314 0.5851 0.7772
vn 0.1664 0.5851 0.7937
vn 0.1003 0.5851 0.8047
vt 0.767256 0.027690
vt 0.765245 0.025209
vt 0.785770 0.025251
vt 0.526411 0.310480
vt 0.527308 0.314090
vt 0.514411 0.305801
vt 0.259124 0.094268
vt 0.259103 0.091354
vt 0.376907 0.100998
vt 0.510908 0.313490
vt 0.531350 0.330360
vt 0.487709 0.188218
vt 0.462303 0.184866
vt 0.488071 0.178333
vt 0.455950 0.178480
vt 0.488364 0.170355
vt 0.447991 0.170480
vt 0.488633 0.159074
vt 0.436624 0.159201
vt 0.488855 0.149796
vt 0.431701 0.154316
vt 0.489023 0.137587
vt 0.414816 0.137739
vt 0.489163 0.127356
vt 0.413839 0.136780
vt 0.489224 0.114716
vt 0.524601 0.290770
vt 0.518834 0.296094
vt 0.524628 0.289015
vt 0.522869 0.287828
vt 0.524703 0.284070
vt 0.566454 0.317363
vt 0.564645 0.313740
vt 0.566346 0.313277
vt 0.566403 0.312510
vt 0.556378 0.296522
vt 0.569219 0.287966
vt 0.567818 0.293772
vt 0.560667 0.305768
vt 0.261219 0.534504
vt 0.292970 0.534525
vt 0.285981 0.542671
vt 0.572555 0.274139
vt 0.552981 0.289198
vt 0.262442 0.544788
vt 0.259339 0.514630
vt 0.310697 0.514596
vt 0.298795 0.527736
vt 0.260233 0.526204
vt 0.313858 0.511106
vt 0.258605 0.505112
vt 0.258070 0.492727
vt 0.349140 0.474515
vt 0.331366 0.492619
vt 0.330787 0.493209
vt 0.484963 0.468918
vt 0.382655 0.469259
vt 0.484949 0.448405
vt 0.368438 0.455513
vt 0.485034 0.445518
vt 0.257623 0.482349
vt 0.257462 0.469654
vt 0.354383 0.469352
vt 0.787242 0.011388
vt 0.756180 0.014030
vt 0.489127 0.537646
vt 0.458894 0.540603
vt 0.488741 0.533877
vt 0.451632 0.533992
vt 0.487098 0.517814
vt 0.442534 0.525709
vt 0.486854 0.513981
vt 0.430073 0.514161
vt 0.485691 0.495722
vt 0.424677 0.509161
vt 0.485577 0.492042
vt 0.406811 0.492346
vt 0.484965 0.472269
vt 0.405777 0.491373
vt 0.386325 0.472807
vt 0.776722 0.044553
vt 0.783994 0.049238
vt 0.782638 0.059693
vt 0.783412 0.062312
vt 0.776132 0.043042
vt 0.785387 0.028861
vt 0.784305 0.044691
vt 0.785770 0.169927
vt 0.765177 0.170071
vt 0.768419 0.165680
vt 0.785387 0.166122
vt 0.776777 0.149939
vt 0.784305 0.149740
vt 0.777119 0.149294
vt 0.783994 0.145034
vt 0.783369 0.131818
vt 0.783412 0.131663
vt 0.257936 0.178492
vt 0.295477 0.178471
vt 0.287155 0.186277
vt 0.757456 0.180525
vt 0.787242 0.184541
vt 0.257822 0.182134
vt 0.258501 0.159213
vt 0.315895 0.159230
vt 0.302413 0.171966
vt 0.258426 0.162965
vt 0.319477 0.155848
vt 0.258892 0.137692
vt 0.337906 0.138338
vt 0.338515 0.137755
vt 0.258855 0.141335
vt 0.259095 0.114773
vt 0.362567 0.114760
vt 0.357218 0.119894
vt 0.259091 0.118122
vt 0.257325 0.458816
vt 0.257539 0.446319
vt 0.257724 0.435448
vt 0.485642 0.425100
vt 0.258297 0.423637
vt 0.485790 0.422760
vt 0.258804 0.413170
vt 0.487018 0.403301
vt 0.259707 0.402499
vt 0.487199 0.401538
vt 0.260522 0.392865
vt 0.489019 0.383892
vt 0.261713 0.383736
vt 0.932733 0.636088
vt 0.932733 0.875293
vt 0.931573 0.636315
vt 0.490323 0.739399
vt 0.490323 0.978942
vt 0.482353 0.977751
vt 0.909942 0.636088
vt 0.909942 0.876689
vt 0.895558 0.639279
vt 0.901145 0.878311
vt 0.894488 0.639448
vt 0.877029 0.642201
vt 0.892902 0.879830
vt 0.876172 0.642295
vt 0.882886 0.881140
vt 0.856263 0.644477
vt 0.873324 0.882392
vt 0.855714 0.644515
vt 0.862505 0.883346
vt 0.834101 0.646017
vt 0.851983 0.884274
vt 0.833915 0.646023
vt 0.394864 0.118322
vt 0.391180 0.114768
vt 0.489276 0.103925
vt 0.489230 0.091360
vt 0.489190 0.080431
vt 0.258953 0.070742
vt 0.489040 0.068436
vt 0.258914 0.068354
vt 0.488907 0.057806
vt 0.258585 0.048499
vt 0.488661 0.046844
vt 0.258535 0.046678
vt 0.488439 0.036947
vt 0.258035 0.028443
vt 0.488109 0.027432
vt 0.257982 0.027176
vt 0.487805 0.018680
vt 0.257325 0.011388
vt 0.748993 0.881948
vt 0.749588 0.644049
vt 0.757903 0.882991
vt 0.750670 0.644147
vt 0.766252 0.883968
vt 0.768314 0.645753
vt 0.776352 0.884621
vt 0.769176 0.645790
vt 0.785994 0.885245
vt 0.789216 0.646668
vt 0.796864 0.885490
vt 0.789766 0.646670
vt 0.807435 0.885729
vt 0.811446 0.646757
vt 0.818632 0.885564
vt 0.811633 0.646751
vt 0.829726 0.885401
vt 0.840803 0.884840
vt 0.349718 0.475115
vt 0.155681 0.243782
vt 0.155751 0.243655
vt 0.171885 0.237675
vt 0.570467 0.312055
vt 0.572555 0.330360
vt 0.155738 0.248040
vt 0.139088 0.251817
vt 0.140035 0.250594
vt 0.147359 0.247529
vt 0.150504 0.246213
vt 0.154671 0.244181
vt 0.133953 0.252410
vt 0.135739 0.251876
vt 0.139031 0.250893
vt 0.123637 0.253853
vt 0.125978 0.253883
vt 0.122295 0.258784
vt 0.139668 0.257498
vt 0.129749 0.253314
vt 0.132130 0.252954
vt 0.113045 0.252505
vt 0.113683 0.252702
vt 0.105034 0.257219
vt 0.117975 0.258392
vt 0.117433 0.253356
vt 0.120011 0.253805
vt 0.122312 0.253835
vt 0.105625 0.251574
vt 0.106322 0.250430
vt 0.111425 0.252005
vt 0.529780 0.273016
vt 0.530438 0.273169
vt 0.531350 0.269597
vt 0.089193 0.243377
vt 0.092537 0.244464
vt 0.089249 0.247599
vt 0.096800 0.246500
vt 0.595253 0.330360
vt 0.594186 0.321120
vt 0.595253 0.318062
vt 0.099853 0.247760
vt 0.105680 0.250165
vt 0.394332 0.118873
vt 0.393805 0.119429
vt 0.388224 0.114119
vt 0.393286 0.119986
vt 0.412713 0.137887
vt 0.429959 0.155889
vt 0.410328 0.139917
vt 0.411620 0.139040
vt 0.410582 0.140214
vt 0.428317 0.157620
vt 0.426852 0.159429
vt 0.445606 0.172388
vt 0.459254 0.186952
vt 0.456611 0.189739
vt 0.448690 0.185626
vt 0.443444 0.174668
vt 0.441679 0.177137
vt 0.430688 0.164011
vt 0.470581 0.199235
vt 0.472121 0.194903
vt 0.474300 0.197131
vt 0.529993 0.311136
vt 0.528747 0.291756
vt 0.467510 0.202473
vt 0.479369 0.208996
vt 0.475939 0.212614
vt 0.074269 0.246648
vt 0.072239 0.245746
vt 0.073455 0.241059
vt 0.057415 0.236025
vt 0.058611 0.231996
vt 0.055126 0.233929
vt 0.045149 0.220538
vt 0.463706 0.204006
vt 0.454691 0.192892
vt 0.088233 0.252849
vt 0.073403 0.237152
vt 0.095567 0.254757
vt 0.140673 0.257254
vt 0.156778 0.253350
vt 0.162653 0.250861
vt 0.571388 0.292911
vt 0.173214 0.246385
vt 0.171938 0.241628
vt 0.183121 0.240143
vt 0.187267 0.232626
vt 0.188547 0.236724
vt 0.279614 0.557678
vt 0.275732 0.555534
vt 0.278764 0.551730
vt 0.289175 0.544807
vt 0.201332 0.225475
vt 0.201254 0.221176
vt 0.202357 0.224574
vt 0.293589 0.550792
vt 0.291821 0.547631
vt 0.303468 0.532017
vt 0.305133 0.534501
vt 0.301294 0.529697
vt 0.315684 0.512731
vt 0.333093 0.495565
vt 0.325939 0.507200
vt 0.317345 0.514505
vt 0.318761 0.516339
vt 0.307836 0.530899
vt 0.350283 0.475718
vt 0.331971 0.494367
vt 0.282678 0.560948
vt 0.187220 0.229076
vt 0.350832 0.476321
vt 0.346388 0.481763
vt 0.334128 0.496775
vt 0.557792 0.656487
vt 0.576842 0.645312
vt 0.711006 0.689696
vt 0.515318 0.778423
vt 0.690114 0.836250
vt 0.522953 0.800017
vt 0.672239 0.849405
vt 0.652211 0.858486
vt 0.630849 0.863121
vt 0.609029 0.863121
vt 0.587643 0.858486
vt 0.511954 0.755661
vt 0.513000 0.732663
vt 0.518411 0.710370
vt 0.541275 0.671486
vt 0.720669 0.710370
vt 0.726197 0.732663
vt 0.727362 0.755661
vt 0.724117 0.778423
vt 0.716595 0.800017
vt 0.567567 0.849405
vt 0.549623 0.836250
vt 0.534546 0.819559
vt 0.597643 0.638418
vt 0.619346 0.636088
vt 0.641061 0.638418
vt 0.661898 0.645312
vt 0.681006 0.656487
vt 0.697602 0.671486
vt 0.527966 0.689696
vt 0.705104 0.819559
vt 0.879550 0.467246
vt 0.879726 0.474678
vt 0.756127 0.468563
vt 0.889426 0.522079
vt 0.889460 0.522144
vt 0.753778 0.515438
vt 0.341308 0.141921
vt 0.343082 0.139887
vt 0.343163 0.360696
vt 0.365639 0.360641
vt 0.358941 0.121709
vt 0.365533 0.114110
vt 0.377033 0.360634
vt 0.388375 0.360641
vt 0.321867 0.360803
vt 0.302624 0.360959
vt 0.302758 0.185620
vt 0.308866 0.178764
vt 0.321868 0.164050
vt 0.324469 0.161107
vt 0.752491 0.536645
vt 0.898308 0.539283
vt 0.901587 0.543841
vt 0.751197 0.555182
vt 0.909745 0.555182
vt 0.294901 0.194438
vt 0.755007 0.492430
vt 0.879985 0.485610
vt 0.882327 0.498682
vt 0.883285 0.504033
vt 0.881728 0.450996
vt 0.757092 0.444814
vt 0.881950 0.449333
vt 0.757863 0.422155
vt 0.887125 0.432230
vt 0.758409 0.401514
vt 0.894984 0.416292
vt 0.888845 0.428742
vt 0.758706 0.383736
vt 0.905395 0.401887
vt 0.900436 0.408748
vt 0.434571 0.530522
vt 0.436251 0.532376
vt 0.433539 0.715751
vt 0.451317 0.548641
vt 0.452910 0.716622
vt 0.453744 0.551192
vt 0.464683 0.562687
vt 0.419851 0.514281
vt 0.412160 0.715125
vt 0.413299 0.506915
vt 0.402535 0.494813
vt 0.389647 0.714771
vt 0.390989 0.481605
vt 0.384754 0.474474
vt 0.366924 0.714703
vt 0.344918 0.714924
vt 0.324533 0.715425
vt 0.201905 0.390531
vt 0.216934 0.391981
vt 0.214256 0.210223
vt 0.306602 0.716185
vt 0.183743 0.389389
vt 0.163192 0.388600
vt 0.141094 0.388198
vt 0.118352 0.388198
vt 0.095898 0.388600
vt 0.074651 0.389389
vt 0.055481 0.390532
vt 0.044139 0.223871
vt 0.039172 0.391981
vt 0.449012 0.360959
vt 0.430933 0.360803
vt 0.410441 0.360696
vt 0.156619 0.883805
vt 0.135931 0.890953
vt 0.053137 0.693576
vt 0.071976 0.682019
vt 0.092664 0.674872
vt 0.114297 0.672447
vt 0.135931 0.674850
vt 0.156619 0.681975
vt 0.175457 0.693512
vt 0.213256 0.748725
vt 0.217779 0.771312
vt 0.114297 0.893378
vt 0.092664 0.890975
vt 0.071976 0.883850
vt 0.053137 0.872313
vt 0.036972 0.856869
vt 0.024186 0.838192
vt 0.191623 0.708956
vt 0.204408 0.727633
vt 0.217779 0.794405
vt 0.213256 0.816996
vt 0.204408 0.838098
vt 0.015338 0.817100
vt 0.010816 0.794513
vt 0.010816 0.771420
vt 0.015338 0.748828
vt 0.024186 0.727727
vt 0.036972 0.709037
vt 0.191623 0.856788
vt 0.175457 0.872249
vt 0.357794 0.120494
vt 0.783221 0.113159
vt 0.783222 0.113239
vt 0.781625 0.113104
vt 0.783234 0.114428
vt 0.778274 0.130728
vt 0.783343 0.125013
vt 0.783144 0.095417
vt 0.783146 0.096805
vt 0.782613 0.095413
vt 0.783156 0.103781
vt 0.783169 0.105623
vt 0.781270 0.077893
vt 0.783250 0.077744
vt 0.783237 0.079254
vt 0.783183 0.085222
vt 0.783171 0.087984
vt 0.783143 0.094234
vt 0.777608 0.060765
vt 0.783270 0.075585
vt 0.385806 0.473362
vt 0.403612 0.493648
vt 0.385282 0.473918
vt 0.404700 0.492493
vt 0.423039 0.510760
vt 0.421405 0.512494
vt 0.440318 0.527660
vt 0.456074 0.542749
vt 0.453444 0.545539
vt 0.438166 0.529944
vt 0.469914 0.555659
vt 0.470731 0.551144
vt 0.466858 0.558902
vt 0.470095 0.568173
vt 0.909074 0.403204
vt 0.899294 0.417671
vt 0.473358 0.553483
vt 0.763370 0.028938
vt 0.771627 0.044318
vt 0.891989 0.433440
vt 0.887219 0.450128
vt 0.884998 0.467448
vt 0.893924 0.520849
vt 0.888308 0.503092
vt 0.885346 0.485181
vt 0.772539 0.147948
vt 0.764457 0.164322
vt 0.902174 0.538007
vt 0.754157 0.179349
vt 0.280893 0.203806
vt 0.292876 0.191210
vt 0.307005 0.176229
vt 0.277951 0.194830
vt 0.290182 0.188373
vt 0.304792 0.173898
vt 0.321234 0.157457
vt 0.322925 0.159239
vt 0.340206 0.140693
vt 0.339064 0.139490
vt 0.358369 0.121100
vt 0.481533 0.566129
vt 0.478118 0.569752
vt 0.767791 0.044223
vt 0.773462 0.060662
vt 0.776926 0.077785
vt 0.778193 0.095303
vt 0.777261 0.112996
vt 0.774093 0.130624
vt 0.768657 0.147852
vt 0.271320 0.213738
vt 0.267844 0.210077
vt 0.277773 0.200519
vt 0.032015 0.462099
vt 0.032340 0.461708
vt 0.195332 0.621036
vt 0.037802 0.455130
vt 0.037825 0.455108
vt 0.046525 0.446429
vt 0.015530 0.501312
vt 0.019740 0.486346
vt 0.020425 0.484539
vt 0.023087 0.477516
vt 0.023618 0.476459
vt 0.026979 0.469759
vt 0.027581 0.468844
vt 0.015558 0.561893
vt 0.011966 0.538575
vt 0.012880 0.514988
vt 0.023509 0.583992
vt 0.176959 0.634476
vt 0.156392 0.643751
vt 0.134465 0.648485
vt 0.112068 0.648485
vt 0.090112 0.643751
vt 0.069488 0.634476
vt 0.051032 0.621036
vt 0.035496 0.603978
vt 0.232831 0.514988
vt 0.060522 0.434734
vt 0.227309 0.492088
vt 0.080229 0.423585
vt 0.101670 0.416835
vt 0.233890 0.538575
vt 0.230442 0.561893
vt 0.222628 0.583992
vt 0.050019 0.443213
vt 0.210763 0.603978
vt 0.187046 0.436446
vt 0.203942 0.452003
vt 0.167546 0.424767
vt 0.146233 0.417438
vt 0.123973 0.414758
vt 0.217547 0.470805
vt 0.584233 0.019664
vt 0.594912 0.016110
vt 0.596525 0.022725
vt 0.605875 0.013720
vt 0.618038 0.019310
vt 0.628202 0.012524
vt 0.639750 0.020719
vt 0.650299 0.016123
vt 0.660713 0.026889
vt 0.671263 0.024371
vt 0.680011 0.037551
vt 0.690235 0.036930
vt 0.696799 0.052240
vt 0.706439 0.053285
vt 0.710346 0.070312
vt 0.719210 0.072768
vt 0.720057 0.090979
vt 0.728026 0.094581
vt 0.725509 0.113337
vt 0.732526 0.117830
vt 0.726464 0.136408
vt 0.732526 0.141564
vt 0.722880 0.159185
vt 0.728026 0.164811
vt 0.714913 0.180673
vt 0.719210 0.186619
vt 0.702913 0.199931
vt 0.706439 0.206096
vt 0.687402 0.216118
vt 0.690235 0.222444
vt 0.669059 0.228528
vt 0.671263 0.234994
vt 0.648686 0.236616
vt 0.650299 0.243232
vt 0.627173 0.240031
vt 0.628202 0.246820
vt 0.605461 0.238623
vt 0.605875 0.245613
vt 0.584498 0.232452
vt 0.584233 0.239659
vt 0.565200 0.221790
vt 0.564162 0.229202
vt 0.548412 0.207102
vt 0.546484 0.214670
vt 0.534865 0.189029
vt 0.531922 0.196658
vt 0.525154 0.168362
vt 0.521073 0.175904
vt 0.519702 0.146005
vt 0.514380 0.153257
vt 0.518747 0.122933
vt 0.512118 0.129644
vt 0.522331 0.100156
vt 0.514380 0.106033
vt 0.530298 0.078669
vt 0.521073 0.083389
vt 0.542299 0.059410
vt 0.531922 0.062640
vt 0.557809 0.043223
vt 0.546484 0.044635
vt 0.576152 0.030814
vt 0.564162 0.030112
vt 0.984490 0.881328
vt 0.988789 0.904162
vt 0.984463 0.904164
vt 0.988815 0.927214
vt 0.984490 0.927217
vt 0.988892 0.949475
vt 0.984567 0.949478
vt 0.989017 0.969972
vt 0.984691 0.969974
vt 0.989184 0.987808
vt 0.984859 0.987811
vt 0.782532 0.207317
vt 0.786856 0.207329
vt 0.786436 0.226994
vt 0.782112 0.226983
vt 0.786146 0.248747
vt 0.781822 0.248736
vt 0.785998 0.271637
vt 0.781674 0.271625
vt 0.785998 0.294663
vt 0.781674 0.294652
vt 0.786146 0.316819
vt 0.781822 0.316808
vt 0.786436 0.337137
vt 0.782112 0.337126
vt 0.786856 0.354729
vt 0.782532 0.354717
vt 0.755724 0.207317
vt 0.760043 0.207332
vt 0.759277 0.226697
vt 0.754958 0.226683
vt 0.758747 0.248256
vt 0.754428 0.248242
vt 0.758476 0.271064
vt 0.754157 0.271050
vt 0.758476 0.294127
vt 0.754157 0.294112
vt 0.758747 0.316434
vt 0.754428 0.316420
vt 0.759277 0.337012
vt 0.754958 0.336998
vt 0.760043 0.354962
vt 0.755724 0.354948
vt 0.981661 0.383771
vt 0.985972 0.383736
vt 0.984743 0.399397
vt 0.980432 0.399433
vt 0.983824 0.418245
vt 0.979513 0.418280
vt 0.983257 0.439455
vt 0.978946 0.439490
vt 0.983065 0.462101
vt 0.978754 0.462136
vt 0.983257 0.485192
vt 0.978946 0.485227
vt 0.983824 0.507720
vt 0.979513 0.507755
vt 0.984743 0.528699
vt 0.980432 0.528735
vt 0.985972 0.547214
vt 0.981661 0.547250
vt 0.984859 0.823791
vt 0.989184 0.823788
vt 0.989017 0.840241
vt 0.984692 0.840244
vt 0.988893 0.859704
vt 0.984567 0.859707
vt 0.988815 0.881326
vt 0.117302 0.252918
vt 0.111581 0.251417
vt 0.118106 0.242682
vt 0.075921 0.231418
vt 0.096466 0.239301
vt 0.088858 0.241529
vt 0.139957 0.241422
vt 0.145127 0.247688
vt 0.135603 0.251403
vt 0.129263 0.252982
vt 0.123632 0.253480
vt 0.110195 0.251054
vt 0.100895 0.247357
vt 0.100154 0.246998
vt 0.129673 0.252880
vt 0.123508 0.253491
vt 0.117496 0.252936
vt 0.159510 0.240599
vt 0.158172 0.241287
vt 0.161123 0.235572
vt 0.157941 0.241406
vt 0.147035 0.246752
vt 0.077941 0.236158
vt 0.065423 0.229296
vt 0.057313 0.219354
vt 0.047705 0.215315
vt 0.041404 0.203605
vt 0.032981 0.197926
vt 0.028845 0.184814
vt 0.021834 0.177816
vt 0.020150 0.163751
vt 0.014708 0.155784
vt 0.015676 0.141278
vt 0.011884 0.132702
vt 0.015605 0.118316
vt 0.013474 0.109486
vt 0.019940 0.095804
vt 0.019415 0.087057
vt 0.028504 0.074664
vt 0.029473 0.066303
vt 0.040946 0.055762
vt 0.043247 0.048047
vt 0.056757 0.039871
vt 0.060192 0.033013
vt 0.075290 0.027642
vt 0.079637 0.021797
vt 0.095785 0.019576
vt 0.100809 0.014843
vt 0.117404 0.016003
vt 0.122871 0.012428
vt 0.139262 0.017068
vt 0.144947 0.014647
vt 0.160464 0.022730
vt 0.166162 0.021412
vt 0.180141 0.032755
vt 0.185676 0.032454
vt 0.197488 0.046733
vt 0.202714 0.047337
vt 0.211796 0.064092
vt 0.216600 0.065470
vt 0.222477 0.084122
vt 0.226786 0.086134
vt 0.229096 0.106002
vt 0.232866 0.108510
vt 0.231381 0.128837
vt 0.234600 0.131711
vt 0.229237 0.151691
vt 0.231919 0.154817
vt 0.222755 0.173629
vt 0.224929 0.176912
vt 0.212197 0.193754
vt 0.213907 0.197120
vt 0.197998 0.211240
vt 0.199291 0.214641
vt 0.180737 0.225372
vt 0.181660 0.228778
vt 0.169185 0.235751
vt 0.957915 0.927129
vt 0.954364 0.904140
vt 0.957569 0.904108
vt 0.954711 0.881392
vt 0.957915 0.881361
vt 0.955736 0.859850
vt 0.958941 0.859818
vt 0.957397 0.840393
vt 0.960602 0.840362
vt 0.959628 0.823820
vt 0.962832 0.823788
vt 0.963300 0.800984
vt 0.960102 0.801012
vt 0.957671 0.782845
vt 0.960868 0.782817
vt 0.955859 0.762196
vt 0.959057 0.762169
vt 0.954742 0.739912
vt 0.957939 0.739884
vt 0.954364 0.716904
vt 0.957561 0.716877
vt 0.954742 0.694115
vt 0.957939 0.694088
vt 0.955859 0.672477
vt 0.959057 0.672450
vt 0.957671 0.652877
vt 0.960868 0.652849
vt 0.960102 0.636116
vt 0.963300 0.636088
vt 0.812872 0.355669
vt 0.809630 0.355668
vt 0.809070 0.336906
vt 0.812312 0.336908
vt 0.808684 0.315835
vt 0.811925 0.315837
vt 0.808487 0.293319
vt 0.811728 0.293320
vt 0.808487 0.270278
vt 0.811728 0.270279
vt 0.808684 0.247655
vt 0.811925 0.247657
vt 0.809070 0.226378
vt 0.812312 0.226380
vt 0.809630 0.207317
vt 0.812872 0.207319
vt 0.970552 0.176446
vt 0.967333 0.176438
vt 0.965563 0.159255
vt 0.968782 0.159263
vt 0.964244 0.139333
vt 0.967463 0.139341
vt 0.963430 0.117488
vt 0.966650 0.117496
vt 0.963155 0.094614
vt 0.966375 0.094623
vt 0.963430 0.071648
vt 0.966650 0.071657
vt 0.964244 0.049530
vt 0.967463 0.049539
vt 0.965563 0.029166
vt 0.968782 0.029174
vt 0.967333 0.011388
vt 0.970552 0.011397
vt 0.962832 0.988580
vt 0.959628 0.988612
vt 0.957397 0.970279
vt 0.960602 0.970247
vt 0.955736 0.949512
vt 0.958940 0.949480
vt 0.954711 0.927160
vt 0.785190 0.049725
vt 0.784614 0.062674
vt 0.059842 0.433845
vt 0.064282 0.431333
vt 0.079741 0.422588
vt 0.084213 0.421180
vt 0.101390 0.415772
vt 0.490323 0.536916
vt 0.488313 0.517275
vt 0.486921 0.495396
vt 0.486201 0.472168
vt 0.486185 0.448534
vt 0.486872 0.425453
vt 0.488234 0.403863
vt 0.490217 0.384641
vt 0.228249 0.491755
vt 0.228663 0.493473
vt 0.233825 0.514878
vt 0.894817 0.638033
vt 0.876467 0.640926
vt 0.855900 0.643181
vt 0.833952 0.644706
vt 0.811514 0.645439
vt 0.789498 0.645351
vt 0.768796 0.644444
vt 0.177411 0.635526
vt 0.157843 0.644350
vt 0.156643 0.644891
vt 0.136148 0.649316
vt 0.134503 0.649671
vt 0.113943 0.649671
vt 0.111890 0.649671
vt 0.092100 0.645404
vt 0.089720 0.644891
vt 0.071475 0.636686
vt 0.068895 0.635526
vt 0.052877 0.623861
vt 0.050261 0.621956
vt 0.037035 0.607434
vt 0.034573 0.604731
vt 0.024570 0.588053
vt 0.022470 0.584552
vt 0.015967 0.566478
vt 0.014442 0.562238
vt 0.011565 0.543558
vt 0.010816 0.538694
vt 0.011532 0.520192
vt 0.011738 0.514878
vt 0.785190 0.144601
vt 0.784614 0.131358
vt 0.026770 0.468357
vt 0.023426 0.474358
vt 0.022712 0.476048
vt 0.019794 0.482964
vt 0.019769 0.483042
vt 0.039534 0.451728
vt 0.784447 0.067323
vt 0.019405 0.484193
vt 0.016162 0.494446
vt 0.027436 0.467164
vt 0.028003 0.466146
vt 0.031592 0.461141
vt 0.033178 0.458930
vt 0.037114 0.454470
vt 0.000000 0.000000
vt 0.038110 0.453341
vt 0.345292 0.716126
vt 0.325103 0.716622
vt 0.690754 0.223347
vt 0.707114 0.206840
vt 0.720009 0.187174
vt 0.201173 0.391738
vt 0.183186 0.390607
vt 0.162832 0.389826
vt 0.140946 0.389427
vt 0.118423 0.389427
vt 0.096185 0.389826
vt 0.075142 0.390607
vt 0.056156 0.391738
vt 0.690754 0.036031
vt 0.671598 0.023350
vt 0.650430 0.015022
vt 0.628118 0.011388
vt 0.605574 0.012597
vt 0.594505 0.015009
vt 0.583722 0.018598
vt 0.563456 0.029147
vt 0.545606 0.043811
vt 0.530903 0.061991
vt 0.519948 0.082941
vt 0.513191 0.105805
vt 0.510908 0.129646
vt 0.513191 0.153488
vt 0.519948 0.176355
vt 0.530903 0.197311
vt 0.545606 0.215497
vt 0.563456 0.230170
vt 0.583722 0.240729
vt 0.605574 0.246741
vt 0.411887 0.716325
vt 0.389591 0.715975
vt 0.367086 0.715908
vt 0.077514 0.237290
vt 0.073564 0.235125
vt 0.054892 0.222484
vt 0.064875 0.230362
vt 0.025942 0.187544
vt 0.046985 0.216245
vt 0.038757 0.206529
vt 0.032117 0.198686
vt 0.012129 0.143563
vt 0.020863 0.178382
vt 0.016948 0.166277
vt 0.013667 0.156135
vt 0.015602 0.097382
vt 0.010816 0.132830
vt 0.011674 0.120293
vt 0.012421 0.109389
vt 0.035820 0.056184
vt 0.018420 0.086741
vt 0.023757 0.075729
vt 0.028575 0.065786
vt 0.069637 0.026379
vt 0.042483 0.047353
vt 0.051316 0.039516
vt 0.059593 0.032173
vt 0.111794 0.012602
vt 0.079226 0.020848
vt 0.090064 0.017289
vt 0.100605 0.013827
vt 0.122880 0.011388
vt 0.133974 0.012503
vt 0.145171 0.013629
vt 0.155732 0.016996
vt 0.166592 0.020459
vt 0.176215 0.025905
vt 0.186295 0.031609
vt 0.194617 0.038878
vt 0.203498 0.046636
vt 0.210216 0.055408
vt 0.217520 0.064945
vt 0.222399 0.074844
vt 0.227804 0.085809
vt 0.230688 0.096424
vt 0.233943 0.108403
vt 0.234758 0.119300
vt 0.235694 0.131829
vt 0.234447 0.142574
vt 0.232987 0.155159
vt 0.229769 0.165330
vt 0.225929 0.177469
vt 0.220907 0.186677
vt 0.214801 0.197873
vt 0.208209 0.205774
vt 0.200042 0.215564
vt 0.192174 0.221873
vt 0.182240 0.229839
vt 0.173580 0.234680
vt 0.169644 0.236880
vt 0.088989 0.242769
vt 0.931440 0.448619
vt 0.931628 0.430597
vt 0.934630 0.430616
vt 0.934395 0.457832
vt 0.931377 0.467086
vt 0.934442 0.448629
vt 0.934521 0.439537
vt 0.931937 0.413486
vt 0.932357 0.397730
vt 0.935359 0.397764
vt 0.935136 0.405443
vt 0.934939 0.413513
vt 0.934770 0.421922
vt 0.916180 0.170626
vt 0.914871 0.155934
vt 0.917856 0.155908
vt 0.918475 0.163477
vt 0.919165 0.170593
vt 0.932880 0.383736
vt 0.935881 0.383777
vt 0.935608 0.390526
vt 0.913859 0.139626
vt 0.913170 0.122125
vt 0.916156 0.122116
vt 0.916458 0.130983
vt 0.916844 0.139609
vt 0.917311 0.147935
vt 0.912822 0.103883
vt 0.912824 0.085373
vt 0.915810 0.085381
vt 0.915765 0.094635
vt 0.915808 0.103882
vt 0.915938 0.113062
vt 0.913177 0.067075
vt 0.913870 0.049461
vt 0.916856 0.049487
vt 0.916467 0.058175
vt 0.916162 0.067092
vt 0.915943 0.076180
vt 0.914886 0.032990
vt 0.916200 0.018086
vt 0.919184 0.018126
vt 0.918493 0.025354
vt 0.917872 0.033023
vt 0.917325 0.041085
vt 0.865166 0.163663
vt 0.863608 0.148228
vt 0.866581 0.148192
vt 0.867314 0.156112
vt 0.868138 0.163620
vt 0.867066 0.177259
vt 0.869048 0.170667
vt 0.919941 0.011388
vt 0.862434 0.131354
vt 0.861672 0.113477
vt 0.864646 0.113458
vt 0.864974 0.122489
vt 0.865407 0.131326
vt 0.865944 0.139912
vt 0.861344 0.095062
vt 0.861458 0.076584
vt 0.864432 0.076583
vt 0.864320 0.085795
vt 0.864318 0.095051
vt 0.864428 0.104293
vt 0.862010 0.058523
vt 0.862986 0.041345
vt 0.865960 0.041361
vt 0.865420 0.049806
vt 0.864984 0.058530
vt 0.864654 0.067475
vt 0.864362 0.025497
vt 0.866101 0.011388
vt 0.869073 0.011418
vt 0.868161 0.018228
vt 0.867335 0.025520
vt 0.866599 0.033248
vt 0.811352 0.154657
vt 0.815119 0.162444
vt 0.813053 0.169867
vt 0.816019 0.169833
vt 0.815128 0.183187
vt 0.817012 0.176748
vt 0.818093 0.183146
vt 0.810068 0.137952
vt 0.813622 0.146443
vt 0.814318 0.154630
vt 0.809234 0.120184
vt 0.812560 0.129158
vt 0.813035 0.137934
vt 0.811841 0.092554
vt 0.811841 0.101812
vt 0.808873 0.101813
vt 0.811962 0.111039
vt 0.812202 0.120174
vt 0.811962 0.083324
vt 0.808994 0.083316
vt 0.812202 0.074182
vt 0.809593 0.065171
vt 0.812560 0.065187
vt 0.810655 0.047848
vt 0.813622 0.047872
vt 0.813035 0.056399
vt 0.935608 0.542990
vt 0.935881 0.549594
vt 0.932879 0.549632
vt 0.814047 0.017430
vt 0.817012 0.017469
vt 0.816019 0.024413
vt 0.812153 0.031795
vt 0.815119 0.031828
vt 0.814318 0.039665
vt 0.935359 0.535885
vt 0.932357 0.535917
vt 0.935135 0.528326
vt 0.931937 0.520386
vt 0.934939 0.520361
vt 0.931628 0.503440
vt 0.934630 0.503423
vt 0.934770 0.512042
vt 0.934379 0.467087
vt 0.934395 0.476333
vt 0.931440 0.485518
vt 0.934442 0.485510
vt 0.934521 0.494560
vt 0.450828 0.865798
vt 0.448887 0.873897
vt 0.262266 0.832591
vt 0.446319 0.881799
vt 0.443143 0.889450
vt 0.452129 0.857557
vt 0.263567 0.824351
vt 0.265508 0.816252
vt 0.268075 0.808349
vt 0.271251 0.800698
vt 0.275015 0.793350
vt 0.289551 0.773614
vt 0.295368 0.767954
vt 0.301608 0.762822
vt 0.308227 0.758251
vt 0.439380 0.896798
vt 0.435055 0.903793
vt 0.430199 0.910387
vt 0.424844 0.916535
vt 0.419026 0.922194
vt 0.412787 0.927327
vt 0.369030 0.945376
vt 0.361151 0.946067
vt 0.337565 0.944007
vt 0.329900 0.941958
vt 0.322422 0.939247
vt 0.315181 0.935893
vt 0.308227 0.931918
vt 0.301608 0.927350
vt 0.261613 0.840917
vt 0.279339 0.786355
vt 0.284196 0.779761
vt 0.345364 0.744772
vt 0.435056 0.786322
vt 0.439380 0.793315
vt 0.406168 0.931897
vt 0.399214 0.935875
vt 0.391973 0.939232
vt 0.353244 0.946069
vt 0.345364 0.945381
vt 0.315181 0.754273
vt 0.322422 0.750916
vt 0.329900 0.748202
vt 0.289551 0.916563
vt 0.284196 0.910418
vt 0.261613 0.849271
vt 0.353244 0.744081
vt 0.361151 0.744079
vt 0.369031 0.744767
vt 0.384494 0.941947
vt 0.376829 0.943999
vt 0.443143 0.800662
vt 0.446319 0.808312
vt 0.448887 0.816213
vt 0.295368 0.922220
vt 0.279339 0.903826
vt 0.275014 0.896833
vt 0.262266 0.857597
vt 0.271251 0.889486
vt 0.268075 0.881836
vt 0.265508 0.873935
vt 0.263567 0.865837
vt 0.376830 0.746141
vt 0.384495 0.748190
vt 0.391973 0.750901
vt 0.399214 0.754256
vt 0.406168 0.758230
vt 0.412787 0.762798
vt 0.419027 0.767928
vt 0.424844 0.773585
vt 0.430199 0.779731
vt 0.450828 0.824311
vt 0.452129 0.832551
vt 0.452782 0.840877
vt 0.337565 0.746149
vt 0.452782 0.849231
vt 0.655488 0.389653
vt 0.671595 0.396905
vt 0.562361 0.595886
vt 0.638482 0.385225
vt 0.526341 0.556197
vt 0.603547 0.385225
vt 0.536264 0.571425
vt 0.548375 0.584770
vt 0.621018 0.383736
vt 0.594470 0.610344
vt 0.699476 0.419064
vt 0.611761 0.613312
vt 0.629286 0.613312
vt 0.686385 0.406795
vt 0.577860 0.604484
vt 0.518865 0.539481
vt 0.514027 0.521708
vt 0.511954 0.503340
vt 0.710529 0.433397
vt 0.719257 0.449421
vt 0.725434 0.466722
vt 0.512700 0.484852
vt 0.516244 0.466722
vt 0.522496 0.449421
vt 0.555551 0.406795
vt 0.586522 0.389653
vt 0.570384 0.396905
vt 0.728900 0.484851
vt 0.729566 0.503340
vt 0.727414 0.521708
vt 0.722500 0.539481
vt 0.714952 0.556197
vt 0.704964 0.571425
vt 0.531293 0.433397
vt 0.542407 0.419065
vt 0.692795 0.584770
vt 0.678761 0.595885
vt 0.646590 0.610344
vt 0.663225 0.604484
vt 0.884541 0.077374
vt 0.871827 0.067826
vt 0.884757 0.068657
vt 0.871844 0.067363
vt 0.885080 0.060104
vt 0.886036 0.043719
vt 0.873743 0.034107
vt 0.886662 0.036000
vt 0.873858 0.032905
vt 0.887381 0.028668
vt 0.872152 0.059014
vt 0.872582 0.050420
vt 0.885507 0.051772
vt 0.872638 0.049545
vt 0.873113 0.042100
vt 0.837600 0.176016
vt 0.824120 0.175568
vt 0.836585 0.169762
vt 0.823863 0.173775
vt 0.835658 0.163009
vt 0.874468 0.026494
vt 0.875282 0.019310
vt 0.888189 0.021773
vt 0.875471 0.017898
vt 0.889080 0.015361
vt 0.876180 0.012601
vt 0.825185 0.181871
vt 0.834090 0.148200
vt 0.820780 0.145711
vt 0.833460 0.140244
vt 0.820567 0.142623
vt 0.832938 0.131992
vt 0.823142 0.168755
vt 0.822255 0.161476
vt 0.834824 0.155806
vt 0.822006 0.159045
vt 0.821466 0.153778
vt 0.819144 0.110833
vt 0.832057 0.106031
vt 0.832235 0.114827
vt 0.820202 0.137328
vt 0.819734 0.128683
vt 0.832529 0.123500
vt 0.819586 0.124957
vt 0.819381 0.119832
vt 0.819088 0.106527
vt 0.819026 0.101743
vt 0.831998 0.097174
vt 0.819026 0.092622
vt 0.832057 0.088314
vt 0.819088 0.087836
vt 0.819144 0.083528
vt 0.832235 0.079514
vt 0.819381 0.074522
vt 0.832529 0.070832
vt 0.819586 0.069391
vt 0.819734 0.065661
vt 0.832938 0.062329
vt 0.820202 0.057002
vt 0.833460 0.054061
vt 0.820567 0.051697
vt 0.820780 0.048603
vt 0.834090 0.046087
vt 0.821466 0.040516
vt 0.834824 0.038460
vt 0.822006 0.035234
vt 0.822255 0.032796
vt 0.835658 0.031232
vt 0.823142 0.025491
vt 0.836585 0.024453
vt 0.823863 0.020450
vt 0.824120 0.018650
vt 0.837600 0.018170
vt 0.825185 0.012316
vt 0.955100 0.539337
vt 0.942667 0.541849
vt 0.954856 0.532637
vt 0.942473 0.536323
vt 0.942421 0.534850
vt 0.954637 0.525480
vt 0.942201 0.527403
vt 0.954444 0.517916
vt 0.942038 0.520794
vt 0.942007 0.519556
vt 0.954279 0.509995
vt 0.941841 0.511360
vt 0.954141 0.501773
vt 0.941718 0.503762
vt 0.941703 0.502869
vt 0.954034 0.493305
vt 0.941595 0.494137
vt 0.953957 0.484648
vt 0.953910 0.458147
vt 0.941518 0.448887
vt 0.953957 0.449337
vt 0.941522 0.448416
vt 0.954034 0.440640
vt 0.941522 0.485691
vt 0.941518 0.485222
vt 0.953910 0.475863
vt 0.941471 0.476180
vt 0.953894 0.467010
vt 0.941456 0.467071
vt 0.941471 0.457954
vt 0.954279 0.423818
vt 0.942007 0.414292
vt 0.954444 0.415810
vt 0.942038 0.413037
vt 0.954637 0.408142
vt 0.941595 0.439930
vt 0.941703 0.431141
vt 0.954141 0.432114
vt 0.941718 0.430239
vt 0.941841 0.422576
vt 0.939436 0.170219
vt 0.926273 0.169460
vt 0.938728 0.163760
vt 0.926094 0.167616
vt 0.938086 0.156821
vt 0.942201 0.406341
vt 0.942421 0.398776
vt 0.954856 0.400868
vt 0.942473 0.397275
vt 0.955100 0.394038
vt 0.942667 0.391646
vt 0.927017 0.175978
vt 0.937017 0.141698
vt 0.923986 0.138935
vt 0.936597 0.133617
vt 0.923846 0.135805
vt 0.936257 0.125262
vt 0.925593 0.162450
vt 0.924983 0.154993
vt 0.937514 0.149451
vt 0.924814 0.152513
vt 0.924447 0.147138
vt 0.922965 0.103739
vt 0.935742 0.099134
vt 0.935829 0.107962
vt 0.923606 0.130438
vt 0.923308 0.121702
vt 0.936001 0.116691
vt 0.923218 0.117946
vt 0.923094 0.112783
vt 0.922945 0.099424
vt 0.922923 0.094629
vt 0.935742 0.090269
vt 0.922968 0.085512
vt 0.935829 0.081426
vt 0.923037 0.080741
vt 0.923099 0.076447
vt 0.936001 0.072665
vt 0.923315 0.067493
vt 0.936257 0.064048
vt 0.923489 0.062407
vt 0.923615 0.058709
vt 0.936597 0.055632
vt 0.923998 0.050150
vt 0.937017 0.047476
vt 0.924289 0.044922
vt 0.924460 0.041872
vt 0.937514 0.039634
vt 0.924998 0.033930
vt 0.938086 0.032160
vt 0.925417 0.028760
vt 0.925610 0.026374
vt 0.938728 0.025106
vt 0.926291 0.019254
vt 0.939436 0.018520
vt 0.926841 0.014363
vt 0.927037 0.012616
vt 0.889080 0.167042
vt 0.876155 0.169489
vt 0.888189 0.160410
vt 0.875259 0.162546
vt 0.887381 0.153315
vt 0.874618 0.156706
vt 0.874448 0.155149
vt 0.886662 0.145805
vt 0.873726 0.147347
vt 0.886036 0.137931
vt 0.873197 0.140478
vt 0.873098 0.139190
vt 0.885507 0.129748
vt 0.872569 0.130731
vt 0.885080 0.121311
vt 0.872187 0.122941
vt 0.872142 0.122025
vt 0.884757 0.112678
vt 0.871819 0.113128
vt 0.884541 0.103907
vt 0.871615 0.104574
vt 0.871604 0.104099
vt 0.884432 0.095060
vt 0.871496 0.094994
vt 0.884432 0.086195
vt 0.871498 0.085875
vt 0.871608 0.076799
vt 0.938127 0.494446
vt 0.938236 0.503273
vt 0.938375 0.511857
vt 0.938543 0.520143
vt 0.938739 0.528075
vt 0.938962 0.535604
vt 0.939210 0.542680
vt 0.821681 0.011388
vt 0.820605 0.017791
vt 0.819615 0.024708
vt 0.818719 0.032092
vt 0.817922 0.039897
vt 0.817228 0.048072
vt 0.816643 0.056564
vt 0.816171 0.065317
vt 0.815814 0.074275
vt 0.815575 0.083380
vt 0.815454 0.092573
vt 0.815575 0.110984
vt 0.815454 0.101794
vt 0.815814 0.120082
vt 0.816171 0.129030
vt 0.817228 0.146244
vt 0.816643 0.137769
vt 0.817922 0.154399
vt 0.818719 0.162181
vt 0.820605 0.176428
vt 0.819615 0.169540
vt 0.821681 0.182800
vt 0.872669 0.011735
vt 0.871761 0.018517
vt 0.870938 0.025780
vt 0.870206 0.033477
vt 0.869569 0.041557
vt 0.869031 0.049968
vt 0.868596 0.058657
vt 0.868268 0.067565
vt 0.868047 0.076637
vt 0.867935 0.085812
vt 0.867934 0.095031
vt 0.868043 0.104235
vt 0.868261 0.113363
vt 0.868586 0.122357
vt 0.869018 0.131159
vt 0.869553 0.139710
vt 0.870188 0.147957
vt 0.870917 0.155844
vt 0.871738 0.163322
vt 0.872644 0.170341
vt 0.923542 0.011725
vt 0.922788 0.018436
vt 0.922099 0.025634
vt 0.921481 0.033272
vt 0.920936 0.041302
vt 0.920469 0.049670
vt 0.920082 0.058322
vt 0.919779 0.067203
vt 0.919560 0.076255
vt 0.919428 0.085419
vt 0.919425 0.103846
vt 0.919383 0.094636
vt 0.919555 0.112988
vt 0.919772 0.122005
vt 0.920458 0.139427
vt 0.920073 0.130837
vt 0.920923 0.147720
vt 0.921465 0.155662
vt 0.922769 0.170287
vt 0.922082 0.163200
vt 0.923521 0.176876
vt 0.939210 0.390832
vt 0.938962 0.398041
vt 0.938739 0.405688
vt 0.938543 0.413726
vt 0.938375 0.422101
vt 0.938236 0.430760
vt 0.938127 0.439645
vt 0.938049 0.448700
vt 0.938001 0.457866
vt 0.937986 0.467083
vt 0.938001 0.476292
vt 0.938049 0.485433
vt 0.939482 0.549257
vt 0.939482 0.384110
vt 0.451213 0.815494
vt 0.448582 0.807396
vt 0.445327 0.799555
vt 0.441469 0.792025
vt 0.437037 0.784857
vt 0.432059 0.778101
vt 0.426570 0.771802
vt 0.420608 0.766004
vt 0.414213 0.760746
vt 0.407428 0.756064
vt 0.400301 0.751990
vt 0.392879 0.748552
vt 0.385214 0.745773
vt 0.377358 0.743673
vt 0.369364 0.742265
vt 0.361288 0.741560
vt 0.353184 0.741562
vt 0.345107 0.742270
vt 0.337113 0.743681
vt 0.329257 0.745785
vt 0.321592 0.748567
vt 0.314171 0.752008
vt 0.307043 0.756085
vt 0.300259 0.760770
vt 0.293863 0.766031
vt 0.287901 0.771831
vt 0.282412 0.778132
vt 0.277434 0.784891
vt 0.273002 0.792060
vt 0.269145 0.799592
vt 0.265889 0.807434
vt 0.263258 0.815533
vt 0.261268 0.823835
vt 0.259934 0.832281
vt 0.259265 0.840815
vt 0.259265 0.849377
vt 0.259934 0.857911
vt 0.261268 0.866356
vt 0.263258 0.874657
vt 0.265889 0.882755
vt 0.269144 0.890596
vt 0.273001 0.898126
vt 0.277434 0.905294
vt 0.282412 0.912050
vt 0.287901 0.918348
vt 0.293863 0.924147
vt 0.300258 0.929405
vt 0.307043 0.934087
vt 0.314170 0.938161
vt 0.321592 0.941599
vt 0.329257 0.944377
vt 0.337113 0.946478
vt 0.345107 0.947885
vt 0.353183 0.948591
vt 0.361287 0.948589
vt 0.369364 0.947880
vt 0.377357 0.946469
vt 0.385214 0.944366
vt 0.392879 0.941584
vt 0.400300 0.938142
vt 0.407428 0.934066
vt 0.414212 0.929381
vt 0.420608 0.924120
vt 0.426570 0.918319
vt 0.432059 0.912018
vt 0.437037 0.905260
vt 0.441469 0.898090
vt 0.445326 0.890559
vt 0.448582 0.882717
vt 0.451213 0.874617
vt 0.453203 0.866316
vt 0.454537 0.857870
vt 0.455206 0.849336
vt 0.455206 0.840773
vt 0.454537 0.832240
vt 0.453203 0.823794
vt 0.453287 0.814879
vt 0.450601 0.806611
vt 0.447277 0.798606
vt 0.443339 0.790919
vt 0.438814 0.783601
vt 0.433733 0.776704
vt 0.428129 0.770274
vt 0.422042 0.764354
vt 0.415513 0.758986
vt 0.408586 0.754206
vt 0.401310 0.750047
vt 0.393733 0.746537
vt 0.385908 0.743700
vt 0.377887 0.741556
vt 0.369727 0.740119
vt 0.361481 0.739399
vt 0.353208 0.739401
vt 0.344962 0.740124
vt 0.336801 0.741565
vt 0.328781 0.743712
vt 0.320956 0.746553
vt 0.313379 0.750066
vt 0.306102 0.754228
vt 0.299176 0.759011
vt 0.292647 0.764381
vt 0.286560 0.770303
vt 0.280956 0.776736
vt 0.275874 0.783636
vt 0.271349 0.790955
vt 0.267411 0.798644
vt 0.264088 0.806650
vt 0.261401 0.814919
vt 0.259370 0.823394
vt 0.258009 0.832017
vt 0.257325 0.840729
vt 0.257325 0.849471
vt 0.258008 0.858182
vt 0.259370 0.866805
vt 0.261401 0.875279
vt 0.264088 0.883546
vt 0.267411 0.891551
vt 0.271349 0.899239
vt 0.275874 0.906556
vt 0.280956 0.913453
vt 0.286559 0.919884
vt 0.292647 0.925803
vt 0.299176 0.931171
vt 0.306102 0.935951
vt 0.313379 0.940110
vt 0.320955 0.943620
vt 0.328781 0.946457
vt 0.336801 0.948601
vt 0.344962 0.950038
vt 0.353207 0.950759
vt 0.361481 0.950757
vt 0.369726 0.950033
vt 0.377887 0.948593
vt 0.385907 0.946445
vt 0.393733 0.943605
vt 0.401309 0.940092
vt 0.408586 0.935930
vt 0.415512 0.931147
vt 0.422041 0.925776
vt 0.428129 0.919854
vt 0.433732 0.913421
vt 0.438814 0.906522
vt 0.443339 0.899202
vt 0.447277 0.891513
vt 0.450601 0.883507
vt 0.453287 0.875238
vt 0.455318 0.866764
vt 0.456680 0.858141
vt 0.457363 0.849429
vt 0.457363 0.840687
vt 0.456680 0.831975
vt 0.455318 0.823353
vt 0.955934 0.466994
vt 0.955949 0.475723
vt 0.955995 0.484385
vt 0.956072 0.492920
vt 0.956178 0.501270
vt 0.956313 0.509377
vt 0.956476 0.517186
vt 0.956666 0.524645
vt 0.956882 0.531701
vt 0.957123 0.538307
vt 0.839713 0.019274
vt 0.838713 0.025470
vt 0.837799 0.032154
vt 0.836977 0.039280
vt 0.836253 0.046801
vt 0.835631 0.054663
vt 0.835117 0.062814
vt 0.834714 0.071199
vt 0.834423 0.079759
vt 0.834248 0.088436
vt 0.834190 0.097171
vt 0.834248 0.105905
vt 0.834423 0.114577
vt 0.834714 0.123128
vt 0.835117 0.131501
vt 0.835631 0.139637
vt 0.836253 0.147482
vt 0.836977 0.154981
vt 0.837799 0.162084
vt 0.838713 0.168742
vt 0.839713 0.174909
vt 0.891191 0.016437
vt 0.890312 0.022759
vt 0.889516 0.029558
vt 0.888807 0.036788
vt 0.888189 0.044398
vt 0.887668 0.052338
vt 0.887247 0.060553
vt 0.886929 0.068986
vt 0.886715 0.077581
vt 0.886608 0.086279
vt 0.886608 0.095019
vt 0.886715 0.103743
vt 0.886929 0.112390
vt 0.887247 0.120902
vt 0.887668 0.129221
vt 0.888189 0.137290
vt 0.888807 0.145053
vt 0.889516 0.152458
vt 0.890312 0.159453
vt 0.891191 0.165992
vt 0.941524 0.019575
vt 0.940826 0.026069
vt 0.940193 0.033024
vt 0.939629 0.040392
vt 0.939138 0.048124
vt 0.938724 0.056167
vt 0.938390 0.064465
vt 0.938137 0.072961
vt 0.937967 0.081599
vt 0.937882 0.090318
vt 0.937882 0.099059
vt 0.937967 0.107763
vt 0.938137 0.116370
vt 0.938390 0.124821
vt 0.938724 0.133059
vt 0.939138 0.141026
vt 0.939629 0.148670
vt 0.940193 0.155937
vt 0.940826 0.162779
vt 0.941524 0.169147
vt 0.957123 0.395045
vt 0.956882 0.401779
vt 0.956666 0.408951
vt 0.956476 0.416511
vt 0.956313 0.424408
vt 0.956178 0.432587
vt 0.956072 0.440994
vt 0.955995 0.449569
vt 0.955949 0.458255
s 0
usemtl Material_001
f 1/1/1 2/2/1 3/3/1
f 4/4/2 5/5/2 6/6/2
f 7/7/3 8/8/3 9/9/3
f 6/6/4 5/5/4 10/10/4
f 10/10/5 5/5/5 11/11/5
f 10/12/6 11/13/6 12/14/6
f 12/14/7 11/13/7 13/15/7
f 12/14/8 13/15/8 14/16/8
f 14/16/9 13/15/9 15/17/9
f 14/16/10 15/17/10 16/18/10
f 16/18/11 15/17/11 17/19/11
f 16/18/12 17/19/12 18/20/12
f 18/20/13 17/19/13 19/21/13
f 18/20/14 19/21/14 20/22/14
f 20/22/15 19/21/15 21/23/15
f 20/22/16 21/23/16 22/24/16
f 22/24/17 21/23/17 23/25/17
f 22/24/18 23/25/18 24/26/18
f 4/4/19 6/6/19 25/27/19
f 25/27/20 6/6/20 26/28/20
f 25/27/21 26/28/21 27/29/21
f 27/29/21 26/28/21 28/30/21
f 27/29/21 28/30/21 29/31/21
f 30/32/22 31/33/22 32/34/22
f 32/34/23 31/33/23 33/35/23
f 34/36/24 35/37/24 36/38/24
f 33/35/25 31/33/25 36/38/25
f 36/38/26 31/33/26 37/39/26
f 36/38/27 37/39/27 34/36/27
f 38/40/28 39/41/28 40/42/28
f 35/37/24 34/36/24 40/43/24
f 40/43/29 34/36/29 41/44/29
f 40/42/30 41/45/30 38/40/30
f 42/46/31 43/47/31 44/48/31
f 39/41/28 38/40/28 44/48/28
f 44/48/32 38/40/32 45/49/32
f 44/48/33 45/49/33 42/46/33
f 43/47/31 42/46/31 46/50/31
f 46/50/34 42/46/34 47/51/34
f 46/50/35 47/51/35 48/52/35
f 49/53/36 50/54/36 48/52/36
f 48/52/36 50/54/36 51/55/36
f 48/52/37 51/55/37 46/50/37
f 52/56/38 53/57/38 54/58/38
f 54/58/39 53/57/39 55/59/39
f 54/58/40 55/59/40 56/60/40
f 48/52/41 57/61/41 49/53/41
f 49/53/42 57/61/42 58/62/42
f 49/53/43 58/62/43 59/63/43
f 59/63/43 58/62/43 55/59/43
f 3/3/44 2/2/44 60/64/44
f 60/64/45 2/2/45 61/65/45
f 60/66/46 61/67/46 62/68/46
f 62/68/47 61/67/47 63/69/47
f 62/68/48 63/69/48 64/70/48
f 64/70/49 63/69/49 65/71/49
f 64/70/50 65/71/50 66/72/50
f 66/72/51 65/71/51 67/73/51
f 66/72/52 67/73/52 68/74/52
f 68/74/53 67/73/53 69/75/53
f 68/74/54 69/75/54 70/76/54
f 70/76/55 69/75/55 71/77/55
f 70/76/56 71/77/56 72/78/56
f 72/78/57 71/77/57 73/79/57
f 72/78/58 73/79/58 52/56/58
f 52/56/59 73/79/59 74/80/59
f 52/56/60 74/80/60 53/57/60
f 75/81/61 76/82/61 77/83/61
f 77/83/62 76/82/62 78/84/62
f 1/1/63 3/3/63 79/85/63
f 79/85/64 3/3/64 80/86/64
f 79/85/65 80/86/65 75/81/65
f 75/81/66 80/86/66 81/87/66
f 75/81/66 81/87/66 76/82/66
f 82/88/67 83/89/67 84/90/67
f 82/88/68 84/90/68 85/91/68
f 85/91/69 84/90/69 86/92/69
f 85/91/70 86/92/70 87/93/70
f 87/93/71 86/92/71 88/94/71
f 87/93/72 88/94/72 89/95/72
f 89/95/73 88/94/73 90/96/73
f 89/95/74 90/96/74 91/97/74
f 92/98/75 93/99/75 94/100/75
f 83/89/67 82/88/67 94/101/67
f 94/101/76 82/88/76 95/102/76
f 94/100/77 95/103/77 92/98/77
f 96/104/78 97/105/78 98/106/78
f 93/99/75 92/98/75 98/106/75
f 98/106/79 92/98/79 99/107/79
f 98/106/80 99/107/80 96/104/80
f 100/108/81 101/109/81 102/110/81
f 102/110/82 101/109/82 103/111/82
f 97/105/78 96/104/78 100/108/78
f 100/108/83 96/104/83 104/112/83
f 100/108/84 104/112/84 101/109/84
f 7/7/85 9/9/85 105/113/85
f 105/113/86 9/9/86 106/114/86
f 105/113/87 106/114/87 107/115/87
f 103/111/82 101/109/82 107/115/82
f 107/115/88 101/109/88 108/116/88
f 107/115/89 108/116/89 105/113/89
f 58/62/90 109/117/90 55/59/90
f 55/59/91 109/117/91 110/118/91
f 55/59/92 110/118/92 56/60/92
f 56/60/93 110/118/93 111/119/93
f 56/60/94 111/119/94 112/120/94
f 112/120/95 111/119/95 113/121/95
f 112/120/96 113/121/96 114/122/96
f 114/122/97 113/121/97 115/123/97
f 114/122/98 115/123/98 116/124/98
f 116/124/99 115/123/99 117/125/99
f 116/124/100 117/125/100 118/126/100
f 118/126/101 117/125/101 119/127/101
f 118/126/102 119/127/102 120/128/102
f 120/128/103 119/127/103 121/129/103
f 120/130/104 121/131/104 122/132/104
f 122/133/105 121/134/105 123/135/105
f 122/136/106 123/137/106 124/138/106
f 124/138/107 123/137/107 125/139/107
f 124/138/108 125/139/108 126/140/108
f 126/140/108 125/139/108 127/141/108
f 127/141/109 125/139/109 128/142/109
f 127/141/110 128/142/110 129/143/110
f 129/143/111 128/142/111 130/144/111
f 129/143/112 130/144/112 131/145/112
f 131/145/113 130/144/113 132/146/113
f 131/145/114 132/146/114 133/147/114
f 133/147/115 132/146/115 134/148/115
f 133/147/116 134/148/116 135/149/116
f 135/149/117 134/148/117 136/150/117
f 135/149/118 136/150/118 137/151/118
f 23/25/119 138/152/119 24/26/119
f 24/26/120 138/152/120 139/153/120
f 24/26/121 139/153/121 140/154/121
f 140/154/122 139/153/122 9/9/122
f 140/154/123 9/9/123 141/155/123
f 141/155/124 9/9/124 8/8/124
f 141/155/125 8/8/125 142/156/125
f 142/156/126 8/8/126 143/157/126
f 142/156/127 143/157/127 144/158/127
f 144/158/128 143/157/128 145/159/128
f 144/158/129 145/159/129 146/160/129
f 146/160/130 145/159/130 147/161/130
f 146/160/131 147/161/131 148/162/131
f 148/162/132 147/161/132 149/163/132
f 148/162/133 149/163/133 150/164/133
f 150/164/134 149/163/134 151/165/134
f 150/164/135 151/165/135 152/166/135
f 152/166/136 151/165/136 153/167/136
f 152/166/137 153/167/137 154/168/137
f 154/168/138 153/167/138 155/169/138
f 154/170/139 155/171/139 156/172/139
f 156/172/140 155/171/140 157/173/140
f 156/172/141 157/173/141 158/174/141
f 158/174/142 157/173/142 159/175/142
f 158/174/143 159/175/143 160/176/143
f 160/176/144 159/175/144 161/177/144
f 160/176/145 161/177/145 162/178/145
f 162/178/146 161/177/146 163/179/146
f 162/178/147 163/179/147 164/180/147
f 164/180/148 163/179/148 165/181/148
f 164/180/149 165/181/149 166/182/149
f 166/182/150 165/181/150 167/183/150
f 166/182/151 167/183/151 168/184/151
f 168/184/152 167/183/152 169/185/152
f 168/184/153 169/185/153 170/186/153
f 170/186/154 169/185/154 137/151/154
f 170/186/155 137/151/155 171/187/155
f 171/187/156 137/151/156 136/150/156
f 59/63/157 55/59/157 172/188/157
f 173/189/158 174/190/158 175/191/158
f 175/192/159 174/193/159 30/32/159
f 176/194/160 177/195/160 178/196/160
f 178/196/161 179/197/161 176/194/161
f 176/194/161 179/197/161 180/198/161
f 176/194/162 180/198/162 181/199/162
f 182/200/163 183/201/163 177/195/163
f 177/195/164 183/201/164 184/202/164
f 177/195/165 184/202/165 178/196/165
f 185/203/166 186/204/166 187/205/166
f 187/205/167 186/204/167 188/206/167
f 188/206/168 186/204/168 189/207/168
f 188/206/169 189/207/169 190/208/169
f 191/209/170 192/210/170 193/211/170
f 193/211/171 192/210/171 194/212/171
f 192/210/172 195/213/172 194/212/172
f 194/212/172 195/213/172 196/214/172
f 194/212/173 196/214/173 187/205/173
f 187/205/166 196/214/166 197/215/166
f 187/205/166 197/215/166 185/203/166
f 198/216/174 199/217/174 200/218/174
f 29/31/175 201/219/175 202/220/175
f 202/220/175 201/219/175 203/221/175
f 202/222/176 203/223/176 204/224/176
f 203/223/177 205/225/177 204/224/177
f 204/226/178 205/227/178 206/228/178
f 204/224/179 206/229/179 198/216/179
f 198/216/180 206/229/180 207/230/180
f 198/216/180 207/230/180 199/217/180
f 208/231/181 9/9/181 139/153/181
f 9/9/182 209/232/182 210/233/182
f 210/233/183 209/232/183 211/234/183
f 139/153/184 138/152/184 208/231/184
f 208/231/185 138/152/185 23/25/185
f 208/231/186 23/25/186 212/235/186
f 212/235/187 23/25/187 21/23/187
f 212/235/188 21/23/188 213/236/188
f 211/234/189 209/232/189 214/237/189
f 214/237/190 209/232/190 215/238/190
f 214/237/191 215/238/191 216/239/191
f 216/239/192 215/238/192 217/240/192
f 216/239/193 217/240/193 218/241/193
f 21/23/194 19/21/194 213/236/194
f 213/236/195 19/21/195 17/19/195
f 213/236/196 17/19/196 219/242/196
f 219/242/197 17/19/197 15/17/197
f 219/242/198 15/17/198 220/243/198
f 221/244/199 222/245/199 223/246/199
f 223/246/200 222/245/200 224/247/200
f 223/246/201 224/247/201 217/240/201
f 217/240/202 224/247/202 225/248/202
f 217/240/203 225/248/203 218/241/203
f 15/17/204 13/15/204 220/243/204
f 220/243/204 13/15/204 11/13/204
f 220/243/205 11/13/205 226/249/205
f 226/249/206 11/13/206 5/250/206
f 5/250/206 4/251/206 226/249/206
f 226/252/207 4/4/207 25/27/207
f 226/252/208 25/27/208 227/253/208
f 227/253/209 25/27/209 27/29/209
f 9/9/210 208/231/210 209/232/210
f 209/232/211 208/231/211 212/235/211
f 209/232/211 212/235/211 215/238/211
f 215/238/212 212/235/212 213/236/212
f 215/238/212 213/236/212 217/240/212
f 217/240/213 213/236/213 219/242/213
f 217/240/213 219/242/213 223/246/213
f 223/246/214 219/242/214 220/243/214
f 223/246/214 220/243/214 221/244/214
f 221/244/215 220/243/215 226/249/215
f 221/244/215 226/249/215 228/254/215
f 228/254/216 226/249/216 227/255/216
f 228/254/217 227/255/217 229/256/217
f 230/257/218 231/258/218 229/259/218
f 229/259/219 231/258/219 232/260/219
f 229/259/220 232/260/220 228/261/220
f 228/261/221 232/260/221 233/262/221
f 228/261/222 233/262/222 221/263/222
f 221/244/223 233/264/223 234/265/223
f 221/244/224 234/265/224 222/245/224
f 235/266/225 230/257/225 204/224/225
f 204/224/226 230/257/226 229/259/226
f 204/224/227 229/259/227 202/222/227
f 202/222/227 229/259/227 227/267/227
f 202/220/228 227/253/228 29/31/228
f 29/31/209 227/253/209 27/29/209
f 200/218/229 191/209/229 198/216/229
f 198/216/230 191/209/230 193/211/230
f 198/216/231 193/211/231 204/224/231
f 204/224/232 193/211/232 236/268/232
f 204/224/232 236/268/232 235/266/232
f 190/208/233 182/200/233 188/206/233
f 188/206/234 182/200/234 177/195/234
f 188/206/235 177/195/235 237/269/235
f 237/269/236 177/195/236 176/194/236
f 237/269/237 176/194/237 238/270/237
f 238/270/238 176/194/238 239/271/238
f 30/32/239 32/34/239 175/192/239
f 175/192/240 32/34/240 33/35/240
f 175/192/241 33/35/241 240/272/241
f 239/271/238 176/194/238 241/273/238
f 241/273/242 176/194/242 242/274/242
f 241/273/243 242/274/243 243/275/243
f 243/275/244 242/274/244 244/276/244
f 243/275/245 244/276/245 245/277/245
f 33/35/246 36/38/246 240/272/246
f 240/278/247 36/279/247 35/280/247
f 240/278/248 35/280/248 246/281/248
f 245/277/249 244/276/249 247/282/249
f 247/282/250 244/276/250 248/283/250
f 247/282/251 248/283/251 249/284/251
f 249/285/252 248/286/252 250/287/252
f 249/285/253 250/287/253 251/288/253
f 35/280/254 40/42/254 246/281/254
f 246/281/255 40/42/255 39/41/255
f 246/281/256 39/41/256 252/289/256
f 252/289/257 39/41/257 44/48/257
f 252/289/258 44/48/258 253/290/258
f 253/290/259 44/48/259 43/47/259
f 254/291/260 255/292/260 256/293/260
f 256/293/261 255/292/261 257/294/261
f 256/293/262 257/294/262 250/287/262
f 250/287/263 257/294/263 258/295/263
f 250/287/263 258/295/263 251/288/263
f 55/59/264 259/296/264 172/188/264
f 172/188/265 259/296/265 254/291/265
f 172/188/265 254/291/265 260/297/265
f 260/297/266 254/291/266 256/293/266
f 260/297/266 256/293/266 253/290/266
f 253/290/267 256/293/267 250/287/267
f 253/290/267 250/287/267 252/289/267
f 252/289/268 250/287/268 248/286/268
f 252/289/268 248/286/268 246/281/268
f 246/281/269 248/286/269 244/298/269
f 246/281/269 244/298/269 240/278/269
f 240/299/270 244/276/270 242/274/270
f 240/299/270 242/274/270 175/191/270
f 175/191/271 242/274/271 176/194/271
f 175/191/271 176/194/271 173/189/271
f 173/189/272 176/194/272 181/199/272
f 173/189/273 181/199/273 174/190/273
f 55/59/274 261/300/274 259/296/274
f 259/296/275 261/300/275 262/301/275
f 259/296/276 262/301/276 254/291/276
f 254/291/277 262/301/277 263/302/277
f 254/291/278 263/302/278 255/292/278
f 43/47/259 46/50/259 253/290/259
f 253/290/279 46/50/279 51/55/279
f 253/290/280 51/55/280 260/297/280
f 260/297/281 51/55/281 50/54/281
f 260/297/282 50/54/282 172/188/282
f 172/188/283 50/54/283 49/53/283
f 172/188/284 49/53/284 59/63/284
f 264/303/285 265/304/285 266/305/285
f 267/306/285 268/307/285 269/308/285
f 269/308/285 268/307/285 270/309/285
f 269/308/285 270/309/285 271/310/285
f 271/310/285 272/311/285 269/308/285
f 269/308/285 272/311/285 273/312/285
f 269/308/285 273/312/285 274/313/285
f 267/306/285 275/314/285 268/307/285
f 268/307/285 275/314/285 276/315/285
f 268/307/285 276/315/285 277/316/285
f 264/303/285 266/305/285 278/317/285
f 278/317/285 266/305/285 279/318/285
f 278/317/285 279/318/285 280/319/285
f 280/319/285 281/320/285 278/317/285
f 278/317/285 281/320/285 282/321/285
f 278/317/285 282/321/285 283/322/285
f 274/313/285 284/323/285 269/308/285
f 269/308/285 284/323/285 285/324/285
f 269/308/285 285/324/285 286/325/285
f 265/304/285 287/326/285 266/305/285
f 266/305/285 287/326/285 288/327/285
f 266/305/285 288/327/285 289/328/285
f 289/328/285 290/329/285 266/305/285
f 266/305/285 290/329/285 291/330/285
f 266/305/285 291/330/285 292/331/285
f 277/316/285 293/332/285 268/307/285
f 268/307/285 293/332/285 278/317/285
f 268/307/285 278/317/285 294/333/285
f 294/333/285 278/317/285 283/322/285
f 295/334/286 296/335/286 297/336/286
f 298/337/287 299/338/287 300/339/287
f 301/340/288 302/341/288 303/342/288
f 303/342/289 302/341/289 304/343/289
f 302/341/290 305/344/290 304/343/290
f 304/343/291 305/344/291 306/345/291
f 304/343/292 306/345/292 307/346/292
f 307/346/293 306/345/293 9/9/293
f 307/346/294 9/9/294 308/347/294
f 309/348/295 310/349/295 311/350/295
f 311/350/296 312/351/296 309/348/296
f 309/348/297 312/351/297 313/352/297
f 309/348/298 313/352/298 303/342/298
f 303/342/299 313/352/299 314/353/299
f 303/342/300 314/353/300 301/340/300
f 300/339/301 299/338/301 315/354/301
f 299/338/302 316/355/302 315/354/302
f 315/354/303 316/355/303 317/356/303
f 315/354/304 317/356/304 310/357/304
f 310/357/305 317/356/305 318/358/305
f 310/349/306 318/359/306 311/350/306
f 297/336/307 296/335/307 319/360/307
f 296/335/308 320/361/308 319/360/308
f 319/360/309 320/361/309 321/362/309
f 319/360/310 321/362/310 300/339/310
f 300/339/311 321/362/311 322/363/311
f 300/339/312 322/363/312 298/337/312
f 295/334/313 297/336/313 323/364/313
f 323/364/314 297/336/314 324/365/314
f 323/364/315 324/365/315 325/366/315
f 325/366/316 324/365/316 326/367/316
f 325/366/317 326/367/317 327/368/317
f 328/369/318 329/370/318 326/367/318
f 326/367/319 329/370/319 330/371/319
f 326/367/319 330/371/319 327/368/319
f 331/372/320 332/373/320 328/369/320
f 328/369/321 332/373/321 333/374/321
f 328/369/322 333/374/322 329/370/322
f 334/375/323 335/376/323 336/377/323
f 336/377/324 335/376/324 337/378/324
f 336/377/325 337/378/325 331/379/325
f 331/379/326 337/378/326 338/380/326
f 331/379/326 338/380/326 332/381/326
f 334/375/323 336/377/323 339/382/323
f 339/382/327 336/377/327 340/383/327
f 339/382/328 340/383/328 341/384/328
f 341/384/328 340/383/328 342/385/328
f 342/385/329 340/383/329 343/386/329
f 342/385/330 343/386/330 344/387/330
f 344/387/330 343/386/330 345/388/330
f 345/388/331 343/386/331 346/389/331
f 345/388/332 346/389/332 55/59/332
f 347/390/333 348/391/333 255/292/333
f 255/292/334 263/302/334 347/390/334
f 347/390/335 263/302/335 262/301/335
f 347/390/336 262/301/336 346/389/336
f 346/389/337 262/301/337 261/300/337
f 346/389/338 261/300/338 55/59/338
f 349/392/339 247/282/339 350/393/339
f 350/393/340 247/282/340 249/284/340
f 249/284/341 251/394/341 350/393/341
f 350/395/342 251/288/342 258/295/342
f 350/395/343 258/295/343 348/391/343
f 348/391/344 258/295/344 257/294/344
f 348/391/345 257/294/345 255/292/345
f 351/396/346 352/397/346 239/271/346
f 239/271/347 241/273/347 351/396/347
f 351/396/348 241/273/348 243/275/348
f 351/396/349 243/275/349 349/392/349
f 349/392/350 243/275/350 245/277/350
f 349/392/351 245/277/351 247/282/351
f 353/398/352 354/399/352 187/205/352
f 187/205/353 188/206/353 353/398/353
f 353/398/354 188/206/354 237/269/354
f 353/398/355 237/269/355 352/397/355
f 352/397/356 237/269/356 238/270/356
f 352/397/357 238/270/357 239/271/357
f 355/400/358 193/211/358 354/399/358
f 354/399/359 193/211/359 194/212/359
f 354/399/359 194/212/359 187/205/359
f 356/401/360 235/266/360 355/400/360
f 355/400/361 235/266/361 236/268/361
f 355/400/361 236/268/361 193/211/361
f 233/262/362 232/260/362 357/402/362
f 357/402/363 232/260/363 231/258/363
f 357/402/364 231/258/364 356/401/364
f 356/401/365 231/258/365 230/257/365
f 356/401/365 230/257/365 235/266/365
f 233/262/362 357/402/362 234/403/362
f 234/403/366 357/402/366 358/404/366
f 234/265/367 358/405/367 222/245/367
f 222/245/367 358/405/367 224/247/367
f 224/247/368 358/405/368 359/406/368
f 224/247/369 359/406/369 225/248/369
f 225/248/369 359/406/369 218/241/369
f 218/241/370 359/406/370 360/407/370
f 218/241/371 360/407/371 216/239/371
f 9/9/372 210/233/372 308/347/372
f 308/347/372 210/233/372 211/234/372
f 308/347/373 211/234/373 360/407/373
f 360/407/374 211/234/374 214/237/374
f 360/407/375 214/237/375 216/239/375
f 361/408/376 362/409/376 363/410/376
f 364/411/376 365/412/376 363/410/376
f 363/410/376 365/412/376 366/413/376
f 366/413/376 367/414/376 363/410/376
f 363/410/376 367/414/376 368/415/376
f 363/410/376 368/415/376 369/416/376
f 363/410/376 370/417/376 371/418/376
f 362/409/376 372/419/376 363/410/376
f 363/410/376 372/419/376 373/420/376
f 363/410/376 373/420/376 374/421/376
f 374/421/376 375/422/376 363/410/376
f 363/410/376 375/422/376 376/423/376
f 363/410/376 376/423/376 377/424/376
f 369/416/376 378/425/376 363/410/376
f 363/410/376 378/425/376 379/426/376
f 363/410/376 379/426/376 370/417/376
f 371/418/376 380/427/376 363/410/376
f 363/410/376 380/427/376 381/428/376
f 363/410/376 381/428/376 382/429/376
f 377/424/376 383/430/376 363/410/376
f 363/410/376 383/430/376 384/431/376
f 363/410/376 384/431/376 385/432/376
f 385/432/376 386/433/376 363/410/376
f 363/410/376 386/433/376 387/434/376
f 363/410/376 387/434/376 388/435/376
f 382/429/376 389/436/376 363/410/376
f 363/410/376 389/436/376 390/437/376
f 363/410/376 390/437/376 361/408/376
f 106/114/377 9/9/377 391/438/377
f 392/439/378 393/440/378 394/441/378
f 394/441/379 393/440/379 395/442/379
f 394/441/380 395/442/380 396/443/380
f 396/443/381 395/442/381 397/444/381
f 396/443/382 397/444/382 91/97/382
f 398/445/383 399/446/383 400/447/383
f 400/447/384 399/446/384 401/448/384
f 400/447/385 401/448/385 394/441/385
f 394/441/386 401/448/386 402/449/386
f 394/441/387 402/449/387 392/439/387
f 403/450/388 404/451/388 405/452/388
f 405/452/389 406/453/389 403/450/389
f 403/450/390 406/453/390 407/454/390
f 403/450/391 407/454/391 400/447/391
f 400/447/392 407/454/392 408/455/392
f 400/447/383 408/455/383 398/445/383
f 409/456/393 78/84/393 403/450/393
f 403/450/394 78/84/394 410/457/394
f 403/450/389 410/457/389 404/451/389
f 411/458/395 55/59/395 53/57/395
f 412/459/396 344/387/396 413/460/396
f 413/460/397 344/387/397 345/388/397
f 413/460/398 345/388/398 55/59/398
f 53/57/399 74/80/399 411/458/399
f 411/458/400 74/80/400 73/79/400
f 411/458/401 73/79/401 414/461/401
f 414/461/402 73/79/402 71/77/402
f 414/461/403 71/77/403 415/462/403
f 416/463/404 341/384/404 412/459/404
f 412/459/405 341/384/405 342/385/405
f 412/459/406 342/385/406 344/387/406
f 71/77/407 69/75/407 415/462/407
f 415/462/408 69/75/408 67/73/408
f 415/462/409 67/73/409 417/464/409
f 417/464/410 67/73/410 65/71/410
f 417/464/411 65/71/411 418/465/411
f 338/380/412 337/378/412 419/466/412
f 419/466/413 337/378/413 335/376/413
f 419/466/414 335/376/414 420/467/414
f 420/467/415 335/376/415 334/375/415
f 420/467/416 334/375/416 416/463/416
f 416/463/417 334/375/417 339/382/417
f 416/463/418 339/382/418 341/384/418
f 65/71/419 63/69/419 418/465/419
f 418/465/419 63/69/419 61/67/419
f 418/465/420 61/67/420 421/468/420
f 421/468/421 61/67/421 2/469/421
f 338/380/422 419/466/422 332/381/422
f 332/381/423 419/466/423 422/470/423
f 332/381/424 422/470/424 333/471/424
f 333/374/425 422/472/425 423/473/425
f 333/374/426 423/473/426 329/370/426
f 2/469/421 1/474/421 421/468/421
f 421/475/427 1/1/427 79/85/427
f 421/475/428 79/85/428 424/476/428
f 424/476/429 79/85/429 75/81/429
f 424/476/430 75/81/430 409/456/430
f 409/456/431 75/81/431 77/83/431
f 409/456/432 77/83/432 78/84/432
f 329/370/433 423/473/433 330/371/433
f 330/371/434 423/473/434 425/477/434
f 330/371/435 425/477/435 327/368/435
f 327/368/436 425/477/436 426/478/436
f 327/368/437 426/478/437 325/366/437
f 325/366/438 426/478/438 323/364/438
f 323/364/439 426/478/439 427/479/439
f 323/364/440 427/479/440 295/334/440
f 428/480/441 322/363/441 429/481/441
f 429/481/442 322/363/442 321/362/442
f 429/481/443 321/362/443 430/482/443
f 430/482/444 321/362/444 320/361/444
f 430/482/445 320/361/445 427/479/445
f 427/479/446 320/361/446 296/335/446
f 427/479/446 296/335/446 295/334/446
f 91/97/447 90/96/447 396/443/447
f 396/443/448 90/96/448 88/94/448
f 396/443/449 88/94/449 431/483/449
f 431/483/450 88/94/450 86/92/450
f 431/483/451 86/92/451 432/484/451
f 317/356/452 316/355/452 433/485/452
f 433/485/453 316/355/453 299/338/453
f 433/485/454 299/338/454 428/480/454
f 428/480/455 299/338/455 298/337/455
f 428/480/456 298/337/456 322/363/456
f 86/92/457 84/90/457 432/484/457
f 432/484/458 84/90/458 83/89/458
f 432/484/459 83/89/459 434/486/459
f 317/356/452 433/485/452 318/358/452
f 318/359/460 433/487/460 435/488/460
f 318/359/461 435/488/461 311/350/461
f 311/350/462 435/488/462 436/489/462
f 311/350/463 436/489/463 312/351/463
f 83/490/464 94/100/464 434/491/464
f 434/491/465 94/100/465 93/99/465
f 434/491/466 93/99/466 437/492/466
f 437/492/467 93/99/467 98/106/467
f 437/492/468 98/106/468 438/493/468
f 438/493/469 98/106/469 97/105/469
f 312/351/470 436/489/470 313/352/470
f 313/352/471 436/489/471 439/494/471
f 313/352/472 439/494/472 314/353/472
f 314/353/473 439/494/473 440/495/473
f 314/353/474 440/495/474 301/340/474
f 97/105/469 100/108/469 438/493/469
f 438/493/475 100/108/475 102/110/475
f 438/493/476 102/110/476 441/496/476
f 441/496/477 102/110/477 103/111/477
f 441/496/478 103/111/478 391/438/478
f 391/438/479 103/111/479 107/115/479
f 391/438/480 107/115/480 106/114/480
f 9/9/481 306/345/481 442/497/481
f 442/497/482 306/345/482 305/344/482
f 442/497/483 305/344/483 440/495/483
f 440/495/484 305/344/484 302/341/484
f 440/495/484 302/341/484 301/340/484
f 55/59/485 411/458/485 413/460/485
f 413/460/486 411/458/486 414/461/486
f 413/460/486 414/461/486 412/459/486
f 412/459/487 414/461/487 415/462/487
f 412/459/487 415/462/487 416/463/487
f 416/463/488 415/462/488 417/464/488
f 416/463/488 417/464/488 420/467/488
f 420/467/489 417/464/489 418/465/489
f 420/467/489 418/465/489 419/466/489
f 419/466/490 418/465/490 421/468/490
f 419/466/490 421/468/490 422/470/490
f 422/470/491 421/468/491 424/498/491
f 422/470/492 424/498/492 423/499/492
f 423/500/493 424/476/493 409/456/493
f 423/500/493 409/456/493 425/501/493
f 425/501/494 409/456/494 403/450/494
f 425/501/494 403/450/494 426/502/494
f 426/502/495 403/450/495 400/447/495
f 426/502/495 400/447/495 427/503/495
f 427/503/496 400/447/496 394/441/496
f 427/503/496 394/441/496 430/504/496
f 430/504/497 394/441/497 396/443/497
f 430/504/497 396/443/497 429/505/497
f 429/505/498 396/443/498 431/483/498
f 429/505/498 431/483/498 428/506/498
f 428/507/499 431/508/499 432/509/499
f 428/507/499 432/509/499 433/487/499
f 433/487/500 432/509/500 434/491/500
f 433/487/500 434/491/500 435/488/500
f 435/488/501 434/491/501 437/492/501
f 435/488/501 437/492/501 436/489/501
f 436/489/502 437/492/502 438/493/502
f 436/489/502 438/493/502 439/494/502
f 439/494/503 438/493/503 441/496/503
f 439/494/503 441/496/503 440/495/503
f 440/495/504 441/496/504 391/438/504
f 440/495/504 391/438/504 442/497/504
f 442/497/505 391/438/505 9/9/505
f 443/510/506 444/511/506 445/512/506
f 444/511/506 446/513/506 445/512/506
f 445/512/506 446/513/506 447/514/507
f 445/512/506 447/514/506 448/515/506
f 445/512/506 449/516/506 450/517/506
f 450/517/506 451/518/506 445/512/506
f 445/512/506 451/518/506 452/519/506
f 445/512/506 452/519/506 453/520/506
f 453/520/506 454/521/506 445/512/506
f 445/512/506 454/521/506 455/522/506
f 445/512/506 455/522/506 443/510/506
f 456/523/506 457/524/506 445/512/506
f 445/512/506 457/524/506 458/525/506
f 445/512/506 458/525/506 449/516/506
f 456/523/506 445/512/506 459/526/506
f 459/526/506 445/512/506 460/527/506
f 459/526/506 460/527/506 461/528/506
f 461/528/506 462/529/506 459/526/506
f 459/526/506 462/529/506 463/530/506
f 459/526/506 463/530/506 464/531/506
f 464/531/506 465/532/506 459/526/506
f 459/526/506 465/532/506 466/533/506
f 459/526/506 466/533/506 467/534/506
f 468/535/506 469/536/506 470/537/506
f 470/537/506 469/536/506 471/538/506
f 470/537/506 471/538/506 472/539/506
f 468/535/506 473/540/506 469/536/506
f 469/536/506 473/540/506 474/541/506
f 469/536/506 474/541/506 475/542/506
f 448/515/506 476/543/506 445/512/506
f 445/512/506 476/543/506 469/536/506
f 445/512/506 469/536/506 477/544/506
f 477/544/506 469/536/506 475/542/506
f 478/545/506 479/546/506 480/547/506
f 480/547/506 479/546/506 481/548/506
f 472/539/506 482/549/506 470/537/506
f 470/537/506 482/549/506 481/548/506
f 470/537/506 481/548/506 483/550/506
f 483/550/506 481/548/506 479/546/506
f 484/551/376 485/552/376 486/553/376
f 486/553/376 485/552/376 487/554/376
f 486/553/376 487/554/376 488/555/376
f 488/555/376 487/554/376 489/556/376
f 488/555/376 489/556/376 490/557/376
f 490/557/376 489/556/376 491/558/376
f 490/557/376 491/558/376 492/559/376
f 492/559/376 491/558/376 493/560/376
f 492/559/376 493/560/376 494/561/376
f 494/561/376 493/560/376 495/562/376
f 494/561/376 495/562/376 496/563/376
f 496/563/376 495/562/376 497/564/376
f 496/563/376 497/564/376 498/565/376
f 498/565/376 497/564/376 499/566/376
f 498/565/376 499/566/376 500/567/376
f 500/567/376 499/566/376 501/568/376
f 500/567/376 501/568/376 502/569/376
f 502/569/376 501/568/376 503/570/376
f 502/569/376 503/570/376 504/571/376
f 504/571/376 503/570/376 505/572/376
f 504/571/376 505/572/376 506/573/376
f 506/573/376 505/572/376 507/574/376
f 506/573/376 507/574/376 508/575/376
f 508/575/376 507/574/376 509/576/376
f 508/575/376 509/576/376 510/577/376
f 510/577/376 509/576/376 511/578/376
f 510/577/376 511/578/376 512/579/376
f 512/579/376 511/578/376 513/580/376
f 512/579/376 513/580/376 514/581/376
f 514/581/376 513/580/376 515/582/376
f 514/581/376 515/582/376 516/583/376
f 516/583/376 515/582/376 517/584/376
f 516/583/376 517/584/376 518/585/376
f 518/585/376 517/584/376 519/586/376
f 518/585/376 519/586/376 520/587/376
f 520/587/376 519/586/376 521/588/376
f 520/587/376 521/588/376 522/589/376
f 522/589/376 521/588/376 523/590/376
f 522/589/376 523/590/376 524/591/376
f 524/591/376 523/590/376 525/592/376
f 524/591/376 525/592/376 526/593/376
f 526/593/376 525/592/376 527/594/376
f 526/593/376 527/594/376 528/595/376
f 528/595/376 527/594/376 529/596/376
f 528/595/376 529/596/376 530/597/376
f 530/597/376 529/596/376 531/598/376
f 530/597/376 531/598/376 532/599/376
f 532/599/376 531/598/376 533/600/376
f 532/599/376 533/600/376 534/601/376
f 534/601/376 533/600/376 535/602/376
f 534/601/376 535/602/376 536/603/376
f 536/603/376 535/602/376 537/604/376
f 536/603/376 537/604/376 538/605/376
f 538/605/376 537/604/376 539/606/376
f 538/605/376 539/606/376 540/607/376
f 540/607/376 539/606/376 541/608/376
f 540/607/376 541/608/376 542/609/376
f 542/609/376 541/608/376 543/610/376
f 542/609/376 543/610/376 544/611/376
f 544/611/376 543/610/376 545/612/376
f 544/611/376 545/612/376 486/553/376
f 486/553/376 545/612/376 484/551/376
f 488/613/508 365/614/508 486/615/508
f 486/615/509 365/614/509 364/616/509
f 486/615/509 364/616/509 544/617/509
f 544/617/510 364/616/510 363/618/510
f 544/617/510 363/618/510 542/619/510
f 542/619/511 363/618/511 388/620/511
f 542/619/511 388/620/511 540/621/511
f 540/621/512 388/620/512 387/622/512
f 540/621/512 387/622/512 538/623/512
f 538/624/513 387/625/513 386/626/513
f 538/624/513 386/626/513 536/627/513
f 536/627/514 386/626/514 385/628/514
f 536/627/514 385/628/514 534/629/514
f 534/629/515 385/628/515 384/630/515
f 534/629/515 384/630/515 532/631/515
f 532/631/506 384/630/506 383/632/506
f 532/631/506 383/632/506 530/633/506
f 530/633/516 383/632/516 377/634/516
f 530/633/516 377/634/516 528/635/516
f 528/635/517 377/634/517 376/636/517
f 528/635/517 376/636/517 526/637/517
f 526/637/518 376/636/518 375/638/518
f 526/637/518 375/638/518 524/639/518
f 524/640/519 375/641/519 374/642/519
f 524/640/519 374/642/519 522/643/519
f 522/643/520 374/642/520 373/644/520
f 522/643/520 373/644/520 520/645/520
f 520/645/521 373/644/521 372/646/521
f 520/645/521 372/646/521 518/647/521
f 518/647/522 372/646/522 362/648/522
f 518/647/522 362/648/522 516/649/522
f 516/649/523 362/648/523 361/650/523
f 516/649/523 361/650/523 514/651/523
f 514/651/524 361/650/524 390/652/524
f 514/651/524 390/652/524 512/653/524
f 512/653/525 390/652/525 389/654/525
f 512/653/525 389/654/525 510/655/525
f 510/656/526 389/657/526 382/658/526
f 510/656/526 382/658/526 508/659/526
f 508/659/527 382/658/527 381/660/527
f 508/659/527 381/660/527 506/661/527
f 506/661/528 381/660/528 380/662/528
f 506/661/528 380/662/528 504/663/528
f 504/663/529 380/662/529 371/664/529
f 504/663/529 371/664/529 502/665/529
f 502/665/285 371/664/285 370/666/285
f 502/665/285 370/666/285 500/667/285
f 500/667/530 370/666/530 379/668/530
f 500/667/530 379/668/530 498/669/530
f 498/669/531 379/668/531 378/670/531
f 498/669/531 378/670/531 496/671/531
f 496/671/532 378/670/532 369/672/532
f 496/671/532 369/672/532 494/673/532
f 494/674/533 369/675/533 368/676/533
f 494/674/533 368/676/533 492/677/533
f 492/677/534 368/676/534 367/678/534
f 492/677/534 367/678/534 490/679/534
f 490/679/535 367/678/535 366/680/535
f 490/679/535 366/680/535 488/613/535
f 488/613/508 366/680/508 365/614/508
f 546/681/285 547/682/285 548/683/285
f 549/684/285 550/685/285 551/686/285
f 552/687/285 553/688/285 554/689/285
f 555/690/285 556/691/285 548/683/285
f 547/682/285 557/692/285 548/683/285
f 548/683/285 557/692/285 558/693/285
f 548/683/285 558/693/285 550/685/285
f 550/685/285 558/693/285 559/694/285
f 550/685/285 559/694/285 551/686/285
f 552/687/285 554/689/285 548/683/285
f 548/683/285 554/689/285 560/695/285
f 548/683/285 560/695/285 555/690/285
f 556/691/285 561/696/285 548/683/285
f 548/683/285 561/696/285 562/697/285
f 548/683/285 562/697/285 546/681/285
f 563/698/285 564/699/285 565/700/285
f 565/700/285 564/699/285 566/701/285
f 565/700/285 566/701/285 552/687/285
f 552/687/285 566/701/285 567/702/285
f 552/687/285 567/702/285 553/688/285
f 551/686/285 568/703/285 549/684/285
f 549/684/285 568/703/285 569/704/285
f 549/684/285 569/704/285 570/705/285
f 570/705/285 569/704/285 571/706/285
f 570/705/285 571/706/285 572/707/285
f 572/707/285 571/706/285 573/708/285
f 572/707/285 573/708/285 574/709/285
f 574/709/285 573/708/285 575/710/285
f 574/709/285 575/710/285 576/711/285
f 576/711/285 575/710/285 577/712/285
f 576/711/285 577/712/285 578/713/285
f 578/713/285 577/712/285 579/714/285
f 578/713/285 579/714/285 580/715/285
f 580/715/285 579/714/285 581/716/285
f 580/715/285 581/716/285 582/717/285
f 582/717/285 581/716/285 583/718/285
f 582/717/285 583/718/285 584/719/285
f 584/719/285 583/718/285 585/720/285
f 584/719/285 585/720/285 586/721/285
f 586/721/285 585/720/285 587/722/285
f 586/721/285 587/722/285 588/723/285
f 588/723/285 587/722/285 589/724/285
f 588/723/285 589/724/285 590/725/285
f 590/725/285 589/724/285 591/726/285
f 590/725/285 591/726/285 592/727/285
f 592/727/285 591/726/285 593/728/285
f 592/727/285 593/728/285 594/729/285
f 594/729/285 593/728/285 595/730/285
f 594/729/285 595/730/285 596/731/285
f 596/731/285 595/730/285 597/732/285
f 596/731/285 597/732/285 598/733/285
f 598/733/285 597/732/285 599/734/285
f 598/733/285 599/734/285 600/735/285
f 600/735/285 599/734/285 601/736/285
f 600/735/285 601/736/285 602/737/285
f 602/737/285 601/736/285 603/738/285
f 602/737/285 603/738/285 604/739/285
f 604/739/285 603/738/285 605/740/285
f 604/739/285 605/740/285 606/741/285
f 606/741/285 605/740/285 607/742/285
f 606/741/285 607/742/285 608/743/285
f 608/743/285 607/742/285 609/744/285
f 608/743/285 609/744/285 610/745/285
f 610/745/285 609/744/285 611/746/285
f 610/745/285 611/746/285 612/747/285
f 612/747/285 611/746/285 613/748/285
f 612/747/285 613/748/285 614/749/285
f 614/749/285 613/748/285 615/750/285
f 614/749/285 615/750/285 616/751/285
f 616/751/285 615/750/285 617/752/285
f 616/751/285 617/752/285 618/753/285
f 618/753/285 617/752/285 619/754/285
f 618/753/285 619/754/285 620/755/285
f 620/755/285 619/754/285 621/756/285
f 620/755/285 621/756/285 565/700/285
f 565/700/285 621/756/285 622/757/285
f 565/700/285 622/757/285 563/698/285
f 612/758/536 271/759/536 610/760/536
f 610/760/537 271/759/537 270/761/537
f 610/760/537 270/761/537 608/762/537
f 608/762/538 270/761/538 268/763/538
f 608/762/538 268/763/538 606/764/538
f 606/764/539 268/763/539 294/765/539
f 606/764/539 294/765/539 604/766/539
f 604/766/540 294/765/540 283/767/540
f 604/766/540 283/767/540 602/768/540
f 602/769/541 283/770/541 282/771/541
f 602/769/541 282/771/541 600/772/541
f 600/772/542 282/771/542 281/773/542
f 600/772/542 281/773/542 598/774/542
f 598/774/543 281/773/543 280/775/543
f 598/774/543 280/775/543 596/776/543
f 596/776/544 280/775/544 279/777/544
f 596/776/544 279/777/544 594/778/544
f 594/778/545 279/777/545 266/779/545
f 594/778/545 266/779/545 592/780/545
f 592/780/546 266/779/546 292/781/546
f 592/780/546 292/781/546 590/782/546
f 590/782/547 292/781/547 291/783/547
f 590/782/547 291/783/547 588/784/547
f 588/784/548 291/783/548 290/785/548
f 588/784/548 290/785/548 586/786/548
f 586/787/549 290/788/549 289/789/549
f 586/787/549 289/789/549 584/790/549
f 584/790/550 289/789/550 288/791/550
f 584/790/550 288/791/550 582/792/550
f 582/792/551 288/791/551 287/793/551
f 582/792/551 287/793/551 580/794/551
f 580/794/552 287/793/552 265/795/552
f 580/794/552 265/795/552 578/796/552
f 578/796/553 265/795/553 264/797/553
f 578/796/553 264/797/553 576/798/553
f 576/798/554 264/797/554 278/799/554
f 576/798/554 278/799/554 574/800/554
f 574/800/555 278/799/555 293/801/555
f 574/800/555 293/801/555 572/802/555
f 572/803/556 293/804/556 277/805/556
f 572/803/556 277/805/556 570/806/556
f 570/806/557 277/805/557 276/807/557
f 570/806/557 276/807/557 549/808/557
f 549/808/558 276/807/558 275/809/558
f 549/808/558 275/809/558 550/810/558
f 550/810/559 275/809/559 267/811/559
f 550/810/559 267/811/559 548/812/559
f 548/812/560 267/811/560 269/813/560
f 548/812/560 269/813/560 552/814/560
f 552/814/561 269/813/561 286/815/561
f 552/814/561 286/815/561 565/816/561
f 565/816/562 286/815/562 285/817/562
f 565/816/562 285/817/562 620/818/562
f 620/818/563 285/817/563 284/819/563
f 620/818/563 284/819/563 618/820/563
f 618/821/564 284/822/564 274/823/564
f 618/821/564 274/823/564 616/824/564
f 616/824/565 274/823/565 273/825/565
f 616/824/565 273/825/565 614/826/565
f 614/826/566 273/825/566 272/827/566
f 614/826/566 272/827/566 612/758/566
f 612/758/536 272/827/536 271/759/536
f 469/828/567 476/829/567 78/84/567
f 78/84/567 76/82/567 469/828/567
f 469/536/568 76/830/568 81/831/568
f 469/536/568 81/831/568 471/538/568
f 81/831/568 80/832/568 471/538/568
f 471/538/569 80/832/569 3/833/569
f 471/538/570 3/833/570 472/539/570
f 3/833/569 60/834/569 472/539/569
f 472/835/571 60/66/571 62/68/571
f 472/835/571 62/68/571 482/836/571
f 62/68/571 64/70/571 482/836/571
f 482/836/572 64/70/572 66/72/572
f 482/836/572 66/72/572 481/837/572
f 66/72/572 68/74/572 481/837/572
f 481/837/573 68/74/573 70/76/573
f 481/837/574 70/76/574 480/838/574
f 70/76/575 72/78/575 480/838/575
f 480/838/576 72/78/576 52/56/576
f 480/838/576 52/56/576 478/839/576
f 52/56/577 54/58/577 478/839/577
f 478/839/578 54/58/578 56/60/578
f 478/839/578 56/60/578 479/840/578
f 56/60/579 112/120/579 479/840/579
f 479/840/580 112/120/580 114/122/580
f 479/840/580 114/122/580 483/841/580
f 114/122/580 116/124/580 483/841/580
f 483/841/581 116/124/581 118/126/581
f 483/841/582 118/126/582 470/842/582
f 118/126/582 120/128/582 470/842/582
f 470/537/583 120/843/583 122/844/583
f 470/537/583 122/844/583 468/535/583
f 122/844/584 124/845/584 468/535/584
f 468/846/585 124/138/585 126/140/585
f 468/846/586 126/140/586 473/847/586
f 126/140/586 127/141/586 473/847/586
f 473/847/587 127/141/587 129/143/587
f 473/847/587 129/143/587 474/848/587
f 135/149/588 475/849/588 133/147/588
f 133/147/588 475/849/588 474/848/588
f 133/147/588 474/848/588 131/145/588
f 131/145/587 474/848/587 129/143/587
f 135/149/589 137/151/589 475/849/589
f 475/849/589 137/151/589 169/185/589
f 475/849/589 169/185/589 477/850/589
f 169/185/589 167/183/589 477/850/589
f 477/850/590 167/183/590 165/181/590
f 477/850/590 165/181/590 445/851/590
f 165/181/590 163/179/590 445/851/590
f 445/851/591 163/179/591 161/177/591
f 445/851/591 161/177/591 460/852/591
f 460/852/591 161/177/591 159/175/591
f 460/527/592 159/853/592 461/528/592
f 159/853/592 157/854/592 461/528/592
f 461/528/593 157/854/593 155/855/593
f 461/528/594 155/855/594 462/529/594
f 155/855/594 153/856/594 462/529/594
f 462/529/594 153/856/594 151/857/594
f 462/529/595 151/857/595 463/530/595
f 151/857/595 149/858/595 463/530/595
f 463/530/596 149/858/596 147/859/596
f 463/530/597 147/859/597 464/531/597
f 147/859/598 145/860/598 464/531/598
f 464/531/598 145/860/598 143/861/598
f 464/531/599 143/861/599 465/532/599
f 143/861/600 8/862/600 465/532/600
f 465/532/600 8/862/600 7/863/600
f 465/532/601 7/863/601 466/533/601
f 7/863/602 105/864/602 466/533/602
f 466/533/602 105/864/602 108/865/602
f 466/533/603 108/865/603 467/534/603
f 108/865/604 101/866/604 467/534/604
f 467/534/605 101/866/605 104/867/605
f 467/534/606 104/867/606 459/526/606
f 104/867/606 96/868/606 459/526/606
f 459/526/606 96/868/606 99/869/606
f 459/526/607 99/869/607 456/523/607
f 99/869/607 92/870/607 456/523/607
f 456/523/607 92/870/607 95/871/607
f 456/523/608 95/871/608 457/524/608
f 457/524/609 95/871/609 82/872/609
f 82/872/608 85/873/608 457/524/608
f 457/524/610 85/873/610 87/874/610
f 457/524/610 87/874/610 458/525/610
f 458/525/610 87/874/610 89/875/610
f 458/876/611 89/95/611 449/877/611
f 449/877/611 89/95/611 91/97/611
f 399/878/612 455/522/612 454/521/612
f 399/878/613 454/521/613 401/879/613
f 401/879/614 454/521/614 453/520/614
f 401/879/615 453/520/615 402/880/615
f 402/880/616 453/520/616 452/519/616
f 402/880/617 452/519/617 392/881/617
f 392/881/618 452/519/618 451/518/618
f 392/881/619 451/518/619 393/882/619
f 447/514/620 410/883/620 448/515/620
f 448/884/621 410/457/621 78/84/621
f 448/884/622 78/84/622 476/829/622
f 393/882/623 451/518/623 395/885/623
f 395/885/624 451/518/624 450/517/624
f 395/885/625 450/517/625 397/886/625
f 397/886/626 450/517/626 449/516/626
f 397/444/627 449/877/627 91/97/627
f 399/878/628 398/887/628 455/522/628
f 455/522/629 398/887/629 408/888/629
f 455/522/630 408/888/630 443/510/630
f 443/510/631 408/888/631 407/889/631
f 443/510/632 407/889/632 444/511/632
f 444/511/633 407/889/633 406/890/633
f 444/511/634 406/890/634 446/513/634
f 446/513/635 406/890/635 405/891/635
f 446/892/636 405/892/636 447/892/636
f 447/514/637 405/891/637 404/893/637
f 447/514/637 404/893/637 410/883/637
f 347/390/638 515/894/638 348/391/638
f 348/391/639 515/894/639 513/895/639
f 348/896/640 513/580/640 350/897/640
f 350/897/641 513/580/641 511/578/641
f 350/897/642 511/578/642 349/898/642
f 349/898/642 511/578/642 509/576/642
f 349/392/643 509/899/643 351/396/643
f 351/396/643 509/899/643 507/900/643
f 351/396/644 507/900/644 352/397/644
f 352/397/644 507/900/644 505/901/644
f 352/397/645 505/901/645 353/398/645
f 353/398/645 505/901/645 503/902/645
f 353/398/646 503/902/646 354/399/646
f 354/399/646 503/902/646 501/903/646
f 354/399/647 501/903/647 355/400/647
f 355/400/647 501/903/647 499/904/647
f 355/400/648 499/904/648 356/401/648
f 356/401/648 499/904/648 497/905/648
f 356/401/649 497/905/649 357/402/649
f 357/402/649 497/905/649 495/906/649
f 357/907/650 495/562/650 358/908/650
f 358/908/650 495/562/650 493/560/650
f 358/908/651 493/560/651 359/909/651
f 359/909/652 493/560/652 491/558/652
f 359/909/653 491/558/653 360/910/653
f 360/910/654 491/558/654 489/556/654
f 360/910/655 489/556/655 308/911/655
f 308/911/655 489/556/655 487/554/655
f 308/911/656 487/554/656 307/912/656
f 307/912/656 487/554/656 485/552/656
f 307/912/657 485/552/657 304/913/657
f 304/913/657 485/552/657 484/551/657
f 304/913/658 484/551/658 303/914/658
f 303/914/658 484/551/658 545/612/658
f 303/914/659 545/612/659 309/915/659
f 309/915/659 545/612/659 543/610/659
f 309/915/660 543/610/660 310/916/660
f 310/916/661 543/610/661 541/608/661
f 310/916/662 541/608/662 315/917/662
f 315/917/662 541/608/662 539/606/662
f 315/917/663 539/606/663 300/918/663
f 300/918/663 539/606/663 537/604/663
f 300/918/664 537/604/664 319/919/664
f 319/919/664 537/604/664 535/602/664
f 319/919/665 535/602/665 297/920/665
f 297/920/666 535/602/666 533/600/666
f 297/920/667 533/600/667 324/921/667
f 324/921/667 533/600/667 531/598/667
f 324/921/668 531/598/668 326/922/668
f 326/922/668 531/598/668 529/596/668
f 326/922/669 529/596/669 328/923/669
f 328/923/669 529/596/669 527/594/669
f 328/923/670 527/594/670 331/924/670
f 331/924/670 527/594/670 525/592/670
f 331/924/671 525/592/671 336/925/671
f 336/925/671 525/592/671 523/590/671
f 336/925/672 523/590/672 340/926/672
f 340/926/673 523/590/673 521/588/673
f 340/383/674 521/927/674 343/386/674
f 343/386/674 521/927/674 519/928/674
f 343/386/675 519/928/675 346/389/675
f 346/389/675 519/928/675 517/929/675
f 346/389/676 517/929/676 347/390/676
f 347/390/677 517/929/677 515/894/677
f 568/703/678 29/930/678 28/931/678
f 6/932/679 571/706/679 569/704/679
f 568/703/678 28/931/678 569/704/678
f 569/704/680 28/931/680 26/933/680
f 569/704/679 26/933/679 6/932/679
f 16/934/681 575/710/681 573/708/681
f 6/932/682 10/935/682 571/706/682
f 571/706/683 10/935/683 12/936/683
f 571/706/683 12/936/683 573/708/683
f 573/708/683 12/936/683 14/937/683
f 573/708/684 14/937/684 16/934/684
f 24/938/685 579/714/685 577/712/685
f 16/934/684 18/939/684 575/710/684
f 575/710/686 18/939/686 20/940/686
f 575/710/686 20/940/686 577/712/686
f 577/712/686 20/940/686 22/941/686
f 577/712/685 22/941/685 24/938/685
f 144/942/687 583/718/687 581/716/687
f 24/938/685 140/943/685 579/714/685
f 579/714/688 140/943/688 141/944/688
f 579/714/689 141/944/689 581/716/689
f 581/716/690 141/944/690 142/945/690
f 581/716/691 142/945/691 144/942/691
f 152/946/692 587/722/692 585/720/692
f 144/942/687 146/947/687 583/718/687
f 583/718/693 146/947/693 148/948/693
f 583/718/694 148/948/694 585/720/694
f 585/720/693 148/948/693 150/949/693
f 585/720/695 150/949/695 152/946/695
f 160/950/696 591/726/696 589/724/696
f 152/946/697 154/951/697 587/722/697
f 587/722/698 154/951/698 156/952/698
f 587/722/699 156/952/699 589/724/699
f 589/724/700 156/952/700 158/953/700
f 589/724/696 158/953/696 160/950/696
f 168/954/701 623/730/701 593/728/701
f 160/950/702 162/955/702 591/726/702
f 591/726/703 162/955/703 164/956/703
f 591/726/703 164/956/703 593/728/703
f 593/728/704 164/956/704 166/957/704
f 593/728/701 166/957/701 168/954/701
f 168/954/701 624/958/701 623/730/701
f 623/730/705 624/958/705 171/959/705
f 623/730/705 171/959/705 597/732/705
f 171/959/705 136/960/705 597/732/705
f 597/732/706 136/960/706 134/961/706
f 597/732/707 134/961/707 599/734/707
f 134/961/707 132/962/707 599/734/707
f 599/734/708 132/962/708 130/963/708
f 599/734/709 130/963/709 601/736/709
f 130/963/709 128/964/709 601/736/709
f 601/736/710 128/964/710 125/965/710
f 601/736/711 125/965/711 603/738/711
f 125/965/712 123/966/712 603/738/712
f 603/738/713 123/966/713 121/967/713
f 603/738/714 121/967/714 605/740/714
f 121/967/715 119/968/715 605/740/715
f 605/740/716 119/968/716 117/969/716
f 605/740/717 117/969/717 607/742/717
f 117/969/716 115/970/716 607/742/716
f 607/742/718 115/970/718 113/971/718
f 607/742/718 113/971/718 609/744/718
f 113/971/719 111/972/719 609/744/719
f 609/744/720 111/972/720 110/973/720
f 609/744/721 110/973/721 611/746/721
f 110/973/722 109/974/722 611/746/722
f 611/746/723 109/974/723 58/975/723
f 611/746/723 58/975/723 613/748/723
f 58/975/723 57/976/723 613/748/723
f 613/748/724 57/976/724 48/977/724
f 613/748/724 48/977/724 615/750/724
f 48/977/724 47/978/724 615/750/724
f 615/750/725 47/978/725 42/979/725
f 615/750/726 42/979/726 617/752/726
f 42/979/727 45/980/727 617/752/727
f 617/752/728 45/980/728 38/981/728
f 617/752/728 38/981/728 619/754/728
f 38/981/728 41/982/728 619/754/728
f 619/754/729 41/982/729 34/983/729
f 619/754/730 34/983/730 621/756/730
f 621/756/730 34/983/730 37/984/730
f 621/756/731 37/984/731 622/757/731
f 622/757/732 37/984/732 31/985/732
f 622/757/732 31/985/732 30/986/732
f 557/692/733 547/682/733 200/218/733
f 546/892/734 562/892/734 195/892/734
f 200/218/735 547/682/735 191/209/735
f 546/681/736 195/213/736 547/682/736
f 547/682/737 195/213/737 192/210/737
f 547/682/735 192/210/735 191/209/735
f 554/689/738 183/201/738 182/200/738
f 554/689/739 182/200/739 560/695/739
f 183/201/738 554/689/738 184/202/738
f 184/202/740 554/689/740 553/688/740
f 184/202/741 553/688/741 178/196/741
f 178/196/742 553/688/742 179/197/742
f 179/197/743 553/688/743 567/702/743
f 179/197/744 567/702/744 180/198/744
f 180/198/745 567/702/745 181/199/745
f 181/199/746 567/702/746 566/701/746
f 181/199/747 566/701/747 174/190/747
f 622/757/748 30/986/748 563/698/748
f 563/698/749 30/986/749 174/190/749
f 563/698/750 174/190/750 564/699/750
f 564/699/751 174/190/751 566/701/751
f 29/930/752 568/703/752 201/987/752
f 201/987/753 568/703/753 551/686/753
f 201/987/754 551/686/754 203/223/754
f 203/223/755 551/686/755 559/694/755
f 200/218/756 199/217/756 557/692/756
f 557/692/757 199/217/757 207/230/757
f 557/692/758 207/230/758 558/693/758
f 558/693/759 207/230/759 206/229/759
f 558/693/760 206/229/760 559/694/760
f 559/694/761 206/229/761 205/225/761
f 559/694/762 205/225/762 203/223/762
f 182/200/763 190/208/763 560/695/763
f 560/695/764 190/208/764 189/207/764
f 560/695/765 189/207/765 555/690/765
f 555/690/766 189/207/766 186/204/766
f 555/690/767 186/204/767 556/691/767
f 556/691/768 186/204/768 185/203/768
f 556/892/769 185/892/769 561/892/769
f 561/696/770 185/203/770 197/215/770
f 561/696/771 197/215/771 562/697/771
f 562/697/772 197/215/772 196/214/772
f 562/697/773 196/214/773 195/213/773
f 625/988/774 626/989/774 627/990/774
f 628/991/775 629/992/775 630/993/775
f 630/993/776 629/992/776 625/988/776
f 630/993/777 625/988/777 631/994/777
f 631/994/778 625/988/778 627/990/778
f 632/995/779 633/996/779 634/997/779
f 634/997/780 635/998/780 632/995/780
f 632/995/781 635/998/781 636/999/781
f 632/995/782 636/999/782 626/989/782
f 626/989/783 636/999/783 637/1000/783
f 626/989/784 637/1000/784 627/990/784
f 638/1001/785 639/1002/785 640/1003/785
f 640/1003/786 641/1004/786 638/1001/786
f 638/1001/787 641/1004/787 642/1005/787
f 638/1006/788 642/1007/788 633/996/788
f 633/996/789 642/1007/789 643/1008/789
f 633/996/790 643/1008/790 634/997/790
f 644/1009/791 645/1010/791 646/1011/791
f 646/1011/792 647/1012/792 644/1009/792
f 644/1009/793 647/1012/793 648/1013/793
f 644/1009/794 648/1013/794 639/1002/794
f 639/1002/795 648/1013/795 649/1014/795
f 639/1002/796 649/1014/796 640/1003/796
f 650/1015/797 651/1016/797 652/1017/797
f 652/1017/798 653/1018/798 650/1015/798
f 650/1015/799 653/1018/799 654/1019/799
f 650/1015/800 654/1019/800 645/1010/800
f 645/1010/801 654/1019/801 655/1020/801
f 645/1010/802 655/1020/802 646/1011/802
f 656/1021/803 657/1022/803 658/1023/803
f 658/1023/804 659/1024/804 656/1021/804
f 656/1021/805 659/1024/805 660/1025/805
f 656/1021/806 660/1025/806 651/1016/806
f 651/1016/807 660/1025/807 661/1026/807
f 651/1016/808 661/1026/808 652/1017/808
f 662/1027/809 663/1028/809 664/1029/809
f 664/1029/810 665/1030/810 662/1027/810
f 662/1027/811 665/1030/811 666/1031/811
f 662/1027/812 666/1031/812 657/1022/812
f 657/1022/813 666/1031/813 667/1032/813
f 657/1022/814 667/1032/814 658/1023/814
f 668/1033/815 669/1034/815 670/1035/815
f 670/1035/816 671/1036/816 668/1033/816
f 668/1033/817 671/1036/817 672/1037/817
f 668/1033/818 672/1037/818 663/1038/818
f 663/1038/819 672/1037/819 673/1039/819
f 663/1028/820 673/1040/820 664/1029/820
f 674/1041/821 675/1042/821 676/1043/821
f 676/1043/822 677/1044/822 674/1041/822
f 674/1041/823 677/1044/823 678/1045/823
f 674/1041/824 678/1045/824 669/1034/824
f 669/1034/825 678/1045/825 679/1046/825
f 669/1034/826 679/1046/826 670/1035/826
f 680/1047/827 681/1048/827 682/1049/827
f 682/1049/828 683/1050/828 680/1047/828
f 680/1047/829 683/1050/829 684/1051/829
f 680/1047/830 684/1051/830 675/1042/830
f 675/1042/831 684/1051/831 685/1052/831
f 675/1042/832 685/1052/832 676/1043/832
f 686/1053/833 687/1054/833 688/1055/833
f 688/1055/834 689/1056/834 686/1053/834
f 686/1053/835 689/1056/835 690/1057/835
f 686/1053/836 690/1057/836 681/1048/836
f 681/1048/837 690/1057/837 691/1058/837
f 681/1048/838 691/1058/838 682/1049/838
f 692/1059/839 693/1060/839 694/1061/839
f 694/1061/840 695/1062/840 692/1059/840
f 692/1059/841 695/1062/841 696/1063/841
f 692/1059/842 696/1063/842 687/1054/842
f 687/1054/843 696/1063/843 697/1064/843
f 687/1054/844 697/1064/844 688/1055/844
f 698/1065/845 699/1066/845 700/1067/845
f 700/1067/846 699/1066/846 701/1068/846
f 700/1067/847 701/1068/847 693/1069/847
f 693/1069/848 701/1068/848 702/1070/848
f 693/1069/849 702/1070/849 694/1071/849
f 703/1072/850 704/1073/850 698/1065/850
f 698/1065/851 704/1073/851 705/1074/851
f 698/1065/852 705/1074/852 699/1066/852
f 706/1075/853 707/1076/853 703/1072/853
f 703/1072/854 707/1076/854 708/1077/854
f 703/1072/855 708/1077/855 704/1073/855
f 709/1078/856 710/1079/856 711/1080/856
f 711/1080/857 710/1079/857 712/1081/857
f 711/1080/858 712/1081/858 706/1075/858
f 706/1075/859 712/1081/859 713/1082/859
f 706/1075/860 713/1082/860 707/1076/860
f 709/1078/861 711/1080/861 714/1083/861
f 714/1083/862 711/1080/862 715/1084/862
f 714/1083/863 715/1084/863 716/1085/863
f 716/1085/864 715/1084/864 717/1086/864
f 716/1085/865 717/1086/865 718/1087/865
f 719/1088/866 720/1089/866 717/1086/866
f 717/1086/867 720/1089/867 721/1090/867
f 717/1086/868 721/1090/868 718/1087/868
f 722/1091/869 723/1092/869 724/1093/869
f 724/1094/870 723/1095/870 725/1096/870
f 724/1094/871 725/1096/871 726/1097/871
f 726/1097/872 725/1096/872 727/1098/872
f 726/1097/873 727/1098/873 719/1088/873
f 719/1088/874 727/1098/874 728/1099/874
f 719/1088/875 728/1099/875 720/1089/875
f 722/1091/876 724/1093/876 729/1100/876
f 729/1100/877 724/1093/877 730/1101/877
f 729/1100/878 730/1101/878 731/1102/878
f 731/1102/879 730/1101/879 732/1103/879
f 731/1102/880 732/1103/880 733/1104/880
f 734/1105/881 735/1106/881 732/1103/881
f 732/1103/882 735/1106/882 736/1107/882
f 732/1103/883 736/1107/883 733/1104/883
f 628/991/884 737/1108/884 629/992/884
f 629/992/885 737/1108/885 738/1109/885
f 629/992/886 738/1109/886 739/1110/886
f 739/1110/887 738/1109/887 740/1111/887
f 739/1110/888 740/1111/888 734/1105/888
f 734/1105/889 740/1111/889 741/1112/889
f 734/1105/890 741/1112/890 735/1106/890
f 742/1113/506 743/1114/506 744/1115/506
f 744/1115/506 743/1114/506 745/1116/506
f 744/1115/506 745/1116/506 746/1117/506
f 742/1113/506 744/1115/506 747/1118/506
f 747/1118/506 744/1115/506 748/1119/506
f 747/1118/506 748/1119/506 749/1120/506
f 749/1120/506 750/1121/506 747/1118/506
f 747/1118/506 750/1121/506 751/1122/506
f 747/1118/506 751/1122/506 752/1123/506
f 753/1124/506 754/1125/506 747/1118/506
f 747/1118/506 754/1125/506 755/1126/506
f 747/1118/506 755/1126/506 756/1127/506
f 746/1117/506 757/1128/506 744/1115/506
f 744/1115/506 757/1128/506 758/1129/506
f 744/1115/506 758/1129/506 759/1130/506
f 759/1130/506 760/1131/506 744/1115/506
f 744/1115/506 760/1131/506 761/1132/506
f 744/1115/506 761/1132/506 762/1133/506
f 744/1115/506 763/1134/506 764/1135/506
f 765/1136/506 766/1137/506 744/1115/506
f 744/1115/506 766/1137/506 767/1138/506
f 744/1115/506 767/1138/506 768/1139/506
f 768/1139/506 769/1140/506 744/1115/506
f 744/1115/506 769/1140/506 770/1141/506
f 744/1115/506 770/1141/506 771/1142/506
f 752/1123/506 772/1143/506 747/1118/506
f 747/1118/506 772/1143/506 773/1144/506
f 747/1118/506 773/1144/506 753/1124/506
f 774/1145/506 775/1146/506 776/1147/506
f 762/1133/506 777/1148/506 744/1115/506
f 744/1115/506 777/1148/506 778/1149/506
f 744/1115/506 778/1149/506 779/1150/506
f 764/1135/506 780/1151/506 744/1115/506
f 744/1115/506 780/1151/506 781/1152/506
f 744/1115/506 781/1152/506 765/1136/506
f 756/1127/506 782/1153/506 747/1118/506
f 747/1118/506 782/1153/506 783/1154/506
f 747/1118/506 783/1154/506 784/1155/506
f 785/1156/506 786/1157/506 787/1158/506
f 774/1145/506 788/1159/506 775/1146/506
f 775/1146/506 788/1159/506 789/1160/506
f 775/1146/506 789/1160/506 790/1161/506
f 779/1150/506 791/1162/506 744/1115/506
f 744/1115/506 791/1162/506 792/1163/506
f 744/1115/506 792/1163/506 763/1134/506
f 776/1147/506 793/1164/506 774/1145/506
f 774/1145/506 793/1164/506 794/1165/506
f 774/1145/506 794/1165/506 795/1166/506
f 771/1142/506 770/1141/506 787/1158/506
f 787/1158/506 770/1141/506 796/1167/506
f 787/1158/506 796/1167/506 785/1156/506
f 786/1157/506 797/1168/506 787/1158/506
f 787/1158/506 797/1168/506 798/1169/506
f 787/1158/506 798/1169/506 799/1170/506
f 799/1170/506 798/1169/506 800/1171/506
f 800/1171/506 801/1172/506 799/1170/506
f 799/1170/506 801/1172/506 802/1173/506
f 799/1170/891 802/1173/891 803/1174/891
f 790/1161/506 804/1175/506 775/1146/506
f 775/1146/506 804/1175/506 805/1176/506
f 775/1146/506 805/1176/506 806/1177/506
f 806/1177/506 807/1178/506 775/1146/506
f 775/1146/506 807/1178/506 808/1179/506
f 775/1146/506 808/1179/506 809/1180/506
f 809/1180/506 810/1181/506 775/1146/506
f 775/1146/506 810/1181/506 811/1182/506
f 775/1146/506 811/1182/506 812/1183/506
f 795/1166/506 813/1184/506 774/1145/506
f 774/1145/506 813/1184/506 814/1185/506
f 774/1145/506 814/1185/506 815/1186/506
f 784/1155/506 816/1187/506 747/1118/506
f 747/1118/506 816/1187/506 774/1145/506
f 747/1118/506 774/1145/506 817/1188/506
f 817/1188/506 774/1145/506 815/1186/506
f 625/1189/285 818/1190/285 680/1191/285
f 625/1189/285 680/1191/285 626/1192/285
f 669/1193/285 633/1194/285 674/1195/285
f 674/1195/285 633/1194/285 675/1196/285
f 675/1196/285 633/1194/285 680/1191/285
f 680/1191/285 633/1194/285 632/1197/285
f 680/1191/285 632/1197/285 626/1192/285
f 686/1198/285 734/1199/285 687/1200/285
f 687/1200/285 734/1199/285 692/1201/285
f 818/1190/285 739/1202/285 680/1191/285
f 680/1191/285 739/1202/285 734/1199/285
f 680/1191/285 734/1199/285 681/1203/285
f 681/1203/285 734/1199/285 686/1198/285
f 669/1193/285 668/1204/285 633/1194/285
f 633/1194/285 668/1204/285 663/1205/285
f 633/1194/285 663/1205/285 662/1206/285
f 734/1199/285 732/1207/285 692/1201/285
f 692/1201/285 732/1207/285 730/1208/285
f 692/1201/285 730/1208/285 724/1209/285
f 662/1206/285 657/1210/285 633/1194/285
f 633/1194/285 657/1210/285 656/1211/285
f 633/1194/285 656/1211/285 651/1212/285
f 633/1194/285 644/1213/285 638/1214/285
f 638/1214/285 644/1213/285 639/1215/285
f 724/1209/285 726/1216/285 692/1201/285
f 692/1201/285 726/1216/285 719/1217/285
f 692/1201/285 719/1217/285 717/1218/285
f 717/1218/285 715/1219/285 692/1201/285
f 692/1201/285 715/1219/285 711/1220/285
f 692/1201/285 711/1220/285 706/1221/285
f 651/1212/285 650/1222/285 633/1194/285
f 633/1194/285 650/1222/285 645/1223/285
f 633/1194/285 645/1223/285 644/1213/285
f 706/1221/285 703/1224/285 692/1201/285
f 692/1201/285 703/1224/285 698/1225/285
f 692/1201/285 698/1225/285 693/1226/285
f 693/1226/285 698/1225/285 700/1227/285
f 819/1228/892 820/1229/892 821/1230/892
f 821/1230/893 820/1229/893 822/1231/893
f 821/1230/894 822/1231/894 823/1232/894
f 824/1233/895 825/1234/895 826/1235/895
f 826/1235/896 825/1234/896 827/1236/896
f 826/1235/897 827/1236/897 828/1237/897
f 822/1231/898 829/1238/898 823/1232/898
f 823/1232/899 829/1238/899 830/1239/899
f 823/1232/900 830/1239/900 831/1240/900
f 831/1240/901 830/1239/901 832/1241/901
f 831/1240/902 832/1241/902 824/1233/902
f 824/1233/903 832/1241/903 833/1242/903
f 824/1233/904 833/1242/904 825/1234/904
f 834/1243/905 835/1244/905 836/1245/905
f 836/1245/906 835/1244/906 837/1246/906
f 836/1245/907 837/1246/907 838/1247/907
f 827/1236/908 839/1248/908 828/1237/908
f 828/1237/909 839/1248/909 840/1249/909
f 828/1237/910 840/1249/910 841/1250/910
f 841/1250/911 840/1249/911 842/1251/911
f 841/1250/912 842/1251/912 834/1252/912
f 834/1252/913 842/1251/913 843/1253/913
f 834/1243/914 843/1254/914 835/1244/914
f 844/1255/915 845/1256/915 846/1257/915
f 846/1257/916 845/1256/916 847/1258/916
f 846/1257/917 847/1258/917 848/1259/917
f 837/1246/918 849/1260/918 838/1247/918
f 838/1247/919 849/1260/919 850/1261/919
f 838/1247/920 850/1261/920 851/1262/920
f 851/1262/921 850/1261/921 852/1263/921
f 851/1262/922 852/1263/922 844/1255/922
f 844/1255/923 852/1263/923 853/1264/923
f 844/1255/924 853/1264/924 845/1256/924
f 854/1265/925 855/1266/925 856/1267/925
f 847/1258/926 857/1268/926 848/1259/926
f 848/1259/927 857/1268/927 858/1269/927
f 848/1259/928 858/1269/928 859/1270/928
f 859/1270/929 858/1269/929 860/1271/929
f 859/1270/930 860/1271/930 856/1267/930
f 856/1267/931 860/1271/931 861/1272/931
f 856/1267/932 861/1272/932 854/1265/932
f 854/1265/933 862/1273/933 855/1266/933
f 855/1266/933 862/1273/933 863/1274/933
f 855/1266/934 863/1274/934 864/1275/934
f 864/1275/935 863/1274/935 865/1276/935
f 864/1275/936 865/1276/936 866/1277/936
f 865/1276/937 867/1278/937 866/1277/937
f 866/1277/937 867/1278/937 868/1279/937
f 866/1277/938 868/1279/938 869/1280/938
f 869/1280/939 868/1279/939 870/1281/939
f 869/1280/940 870/1281/940 871/1282/940
f 870/1281/941 872/1283/941 871/1282/941
f 871/1282/941 872/1283/941 873/1284/941
f 871/1282/942 873/1284/942 874/1285/942
f 874/1285/943 873/1284/943 875/1286/943
f 874/1285/944 875/1286/944 876/1287/944
f 875/1286/945 877/1288/945 876/1287/945
f 876/1287/946 877/1288/946 878/1289/946
f 876/1287/947 878/1289/947 879/1290/947
f 879/1290/948 878/1289/948 880/1291/948
f 879/1290/949 880/1291/949 881/1292/949
f 880/1291/950 882/1293/950 881/1292/950
f 881/1292/951 882/1293/951 883/1294/951
f 881/1292/952 883/1294/952 884/1295/952
f 884/1295/953 883/1294/953 885/1296/953
f 884/1295/954 885/1296/954 886/1297/954
f 885/1296/955 887/1298/955 886/1297/955
f 886/1297/956 887/1298/956 888/1299/956
f 886/1297/957 888/1299/957 889/1300/957
f 889/1300/958 888/1299/958 890/1301/958
f 889/1302/959 890/1303/959 891/1304/959
f 890/1303/960 892/1305/960 891/1304/960
f 891/1304/961 892/1305/961 893/1306/961
f 891/1304/962 893/1306/962 894/1307/962
f 894/1307/963 893/1306/963 895/1308/963
f 894/1307/964 895/1308/964 896/1309/964
f 895/1308/965 897/1310/965 896/1309/965
f 896/1309/965 897/1310/965 898/1311/965
f 896/1309/966 898/1311/966 899/1312/966
f 899/1312/967 898/1311/967 900/1313/967
f 899/1312/968 900/1313/968 901/1314/968
f 900/1313/969 902/1315/969 901/1314/969
f 901/1314/970 902/1315/970 903/1316/970
f 901/1314/971 903/1316/971 904/1317/971
f 904/1317/972 903/1316/972 905/1318/972
f 904/1317/973 905/1318/973 906/1319/973
f 907/1320/974 908/1321/974 909/1322/974
f 909/1322/975 908/1321/975 910/1323/975
f 909/1322/976 910/1323/976 911/1324/976
f 905/1318/977 912/1325/977 906/1319/977
f 906/1319/977 912/1325/977 913/1326/977
f 906/1319/978 913/1326/978 914/1327/978
f 914/1327/979 913/1326/979 915/1328/979
f 914/1327/980 915/1328/980 916/1329/980
f 916/1329/981 915/1328/981 917/1330/981
f 916/1329/982 917/1330/982 907/1320/982
f 907/1320/983 917/1330/983 918/1331/983
f 907/1320/984 918/1331/984 908/1321/984
f 919/1332/985 920/1333/985 921/1334/985
f 921/1334/986 920/1333/986 922/1335/986
f 921/1334/987 922/1335/987 923/1336/987
f 910/1323/988 924/1337/988 911/1324/988
f 911/1324/989 924/1337/989 925/1338/989
f 911/1324/990 925/1338/990 926/1339/990
f 926/1339/991 925/1338/991 927/1340/991
f 926/1339/992 927/1340/992 919/1332/992
f 919/1332/993 927/1340/993 928/1341/993
f 919/1332/994 928/1341/994 920/1333/994
f 929/1342/995 930/1343/995 931/1344/995
f 931/1344/996 930/1343/996 932/1345/996
f 931/1344/997 932/1345/997 933/1346/997
f 922/1335/998 934/1347/998 923/1336/998
f 923/1336/999 934/1347/999 935/1348/999
f 923/1336/1000 935/1348/1000 936/1349/1000
f 936/1349/1001 935/1348/1001 937/1350/1001
f 936/1349/1002 937/1350/1002 929/1351/1002
f 929/1351/1003 937/1350/1003 938/1352/1003
f 929/1342/1004 938/1353/1004 930/1343/1004
f 939/1354/1005 940/1355/1005 941/1356/1005
f 941/1356/1006 940/1355/1006 942/1357/1006
f 941/1356/1007 942/1357/1007 943/1358/1007
f 932/1345/1008 944/1359/1008 933/1346/1008
f 933/1346/1009 944/1359/1009 945/1360/1009
f 933/1346/1010 945/1360/1010 946/1361/1010
f 946/1361/1011 945/1360/1011 947/1362/1011
f 946/1361/1012 947/1362/1012 939/1354/1012
f 939/1354/1013 947/1362/1013 948/1363/1013
f 939/1354/1014 948/1363/1014 940/1355/1014
f 949/1364/1015 950/1365/1015 951/1366/1015
f 942/1357/1016 952/1367/1016 943/1358/1016
f 943/1358/1017 952/1367/1017 953/1368/1017
f 943/1358/1018 953/1368/1018 954/1369/1018
f 954/1369/1019 953/1368/1019 955/1370/1019
f 954/1369/1020 955/1370/1020 951/1366/1020
f 951/1366/1021 955/1370/1021 956/1371/1021
f 951/1366/1022 956/1371/1022 949/1364/1022
f 949/1364/1023 957/1372/1023 950/1365/1023
f 950/1365/1023 957/1372/1023 958/1373/1023
f 950/1365/1024 958/1373/1024 959/1374/1024
f 959/1374/1025 958/1373/1025 960/1375/1025
f 959/1374/1026 960/1375/1026 961/1376/1026
f 960/1375/1027 962/1377/1027 961/1376/1027
f 961/1376/1027 962/1377/1027 963/1378/1027
f 961/1376/1028 963/1378/1028 964/1379/1028
f 964/1379/1029 963/1378/1029 965/1380/1029
f 964/1379/1030 965/1380/1030 966/1381/1030
f 965/1380/1031 967/1382/1031 966/1381/1031
f 966/1381/1031 967/1382/1031 968/1383/1031
f 966/1381/1032 968/1383/1032 969/1384/1032
f 969/1384/1033 968/1383/1033 970/1385/1033
f 969/1384/1034 970/1385/1034 971/1386/1034
f 970/1385/1035 972/1387/1035 971/1386/1035
f 971/1386/1036 972/1387/1036 973/1388/1036
f 971/1386/1037 973/1388/1037 974/1389/1037
f 974/1389/1038 973/1388/1038 975/1390/1038
f 974/1389/1039 975/1390/1039 976/1391/1039
f 975/1390/1040 977/1392/1040 976/1391/1040
f 976/1391/1041 977/1392/1041 978/1393/1041
f 976/1391/1042 978/1393/1042 979/1394/1042
f 979/1394/1043 978/1393/1043 980/1395/1043
f 979/1394/1044 980/1395/1044 981/1396/1044
f 980/1395/1045 982/1397/1045 981/1396/1045
f 981/1396/1046 982/1397/1046 983/1398/1046
f 981/1399/1047 983/1400/1047 984/1401/1047
f 984/1401/1048 983/1400/1048 985/1402/1048
f 984/1401/1049 985/1402/1049 986/1403/1049
f 985/1402/1050 987/1404/1050 986/1403/1050
f 986/1403/1051 987/1404/1051 988/1405/1051
f 986/1403/1052 988/1405/1052 989/1406/1052
f 989/1406/1053 988/1405/1053 990/1407/1053
f 989/1406/1054 990/1407/1054 991/1408/1054
f 990/1407/1055 992/1409/1055 991/1408/1055
f 991/1408/1055 992/1409/1055 993/1410/1055
f 991/1408/1056 993/1410/1056 994/1411/1056
f 994/1411/1057 993/1410/1057 995/1412/1057
f 994/1411/1058 995/1412/1058 996/1413/1058
f 995/1412/1059 997/1414/1059 996/1413/1059
f 996/1413/1060 997/1414/1060 998/1415/1060
f 996/1413/1061 998/1415/1061 999/1416/1061
f 999/1416/1062 998/1415/1062 1000/1417/1062
f 999/1416/1063 1000/1417/1063 1001/1418/1063
f 1000/1417/1064 1002/1419/1064 1001/1418/1064
f 1001/1418/1064 1002/1419/1064 1003/1420/1064
f 1001/1418/1065 1003/1420/1065 1004/1421/1065
f 1004/1421/1066 1003/1420/1066 1005/1422/1066
f 1004/1421/1067 1005/1422/1067 1006/1423/1067
f 1006/1423/1068 1005/1422/1068 1007/1424/1068
f 1006/1423/1069 1007/1424/1069 819/1228/1069
f 819/1228/1070 1007/1424/1070 1008/1425/1070
f 819/1228/1071 1008/1425/1071 820/1229/1071
f 1009/1426/1072 903/1316/1072 1010/1427/1072
f 1010/1427/1073 903/1316/1073 902/1315/1073
f 1010/1427/1073 902/1315/1073 1011/1428/1073
f 902/1315/1074 900/1313/1074 1011/1428/1074
f 1011/1428/1075 900/1313/1075 898/1311/1075
f 1011/1428/1075 898/1311/1075 1012/1429/1075
f 1012/1429/1076 898/1311/1076 897/1310/1076
f 1012/1429/1076 897/1310/1076 1013/1430/1076
f 897/1310/1076 895/1308/1076 1013/1430/1076
f 1013/1430/1077 895/1308/1077 893/1306/1077
f 1013/1430/1077 893/1306/1077 1014/1431/1077
f 1014/1431/1078 893/1306/1078 892/1305/1078
f 1014/1431/1078 892/1305/1078 1015/1432/1078
f 892/1305/1078 890/1303/1078 1015/1432/1078
f 1015/1433/1079 890/1301/1079 888/1299/1079
f 1015/1433/1080 888/1299/1080 1016/1434/1080
f 1016/1434/1081 888/1299/1081 887/1298/1081
f 1016/1434/1082 887/1298/1082 1017/1435/1082
f 887/1298/1083 885/1296/1083 1017/1435/1083
f 1017/1435/1084 885/1296/1084 883/1294/1084
f 1017/1435/1085 883/1294/1085 1018/1436/1085
f 1018/1436/1086 883/1294/1086 882/1293/1086
f 1018/1436/1086 882/1293/1086 1019/1437/1086
f 882/1293/1087 880/1291/1087 1019/1437/1087
f 1019/1437/1088 880/1291/1088 878/1289/1088
f 1019/1437/1088 878/1289/1088 1020/1438/1088
f 1020/1438/1089 878/1289/1089 877/1288/1089
f 1020/1438/1089 877/1288/1089 1021/1439/1089
f 877/1288/1089 875/1286/1089 1021/1439/1089
f 1021/1439/1090 875/1286/1090 873/1284/1090
f 1021/1439/1091 873/1284/1091 1022/1440/1091
f 1022/1440/1092 873/1284/1092 872/1283/1092
f 1022/1440/1093 872/1283/1093 1023/1441/1093
f 872/1283/1093 870/1281/1093 1023/1441/1093
f 1023/1441/1094 870/1281/1094 868/1279/1094
f 1023/1441/1095 868/1279/1095 1024/1442/1095
f 1024/1442/1096 868/1279/1096 867/1278/1096
f 1024/1442/1096 867/1278/1096 1025/1443/1096
f 1025/1443/1096 867/1278/1096 865/1276/1096
f 1025/1443/1097 865/1276/1097 863/1274/1097
f 862/1273/1098 1026/1444/1098 863/1274/1098
f 863/1274/1098 1026/1444/1098 1027/1445/1098
f 863/1274/1097 1027/1445/1097 1025/1443/1097
f 862/1273/1098 854/1265/1098 1026/1444/1098
f 1026/1444/1099 854/1265/1099 861/1272/1099
f 1026/1444/1100 861/1272/1100 1028/1446/1100
f 1028/1446/1101 861/1272/1101 1029/1447/1101
f 861/1272/1101 860/1271/1101 1029/1447/1101
f 1029/1447/1102 860/1271/1102 858/1269/1102
f 1029/1447/1103 858/1269/1103 857/1268/1103
f 847/1258/1104 1030/1448/1104 857/1268/1104
f 857/1268/1104 1030/1448/1104 1031/1449/1104
f 857/1268/1105 1031/1449/1105 1029/1447/1105
f 847/1258/1104 845/1256/1104 1030/1448/1104
f 1030/1448/1106 845/1256/1106 853/1264/1106
f 1030/1448/1106 853/1264/1106 1032/1450/1106
f 1032/1450/1107 853/1264/1107 1033/1451/1107
f 853/1264/1108 852/1263/1108 1033/1451/1108
f 1033/1451/1108 852/1263/1108 850/1261/1108
f 1033/1451/1109 850/1261/1109 849/1260/1109
f 837/1246/1110 1034/1452/1110 849/1260/1110
f 849/1260/1110 1034/1452/1110 1035/1453/1110
f 849/1260/1111 1035/1453/1111 1033/1451/1111
f 837/1246/1112 835/1244/1112 1034/1452/1112
f 1034/1452/1113 835/1244/1113 843/1254/1113
f 1034/1452/1113 843/1254/1113 1036/1454/1113
f 1036/1455/1114 843/1253/1114 842/1251/1114
f 1036/1455/1114 842/1251/1114 1037/1456/1114
f 842/1251/1114 840/1249/1114 1037/1456/1114
f 1037/1456/1115 840/1249/1115 839/1248/1115
f 1037/1456/1115 839/1248/1115 1038/1457/1115
f 1038/1457/1116 839/1248/1116 827/1236/1116
f 1038/1457/1116 827/1236/1116 1039/1458/1116
f 827/1236/1116 825/1234/1116 1039/1458/1116
f 1039/1458/1117 825/1234/1117 833/1242/1117
f 1039/1458/1117 833/1242/1117 1040/1459/1117
f 1040/1459/1118 833/1242/1118 832/1241/1118
f 1040/1459/1119 832/1241/1119 1041/1460/1119
f 832/1241/1119 830/1239/1119 1041/1460/1119
f 1041/1460/1120 830/1239/1120 829/1238/1120
f 1041/1460/1120 829/1238/1120 1042/1461/1120
f 1042/1461/1121 829/1238/1121 822/1231/1121
f 1042/1461/1121 822/1231/1121 1043/1462/1121
f 822/1231/1121 820/1229/1121 1043/1462/1121
f 1043/1462/1122 820/1229/1122 1008/1425/1122
f 1043/1462/1123 1008/1425/1123 1044/1463/1123
f 1044/1463/1124 1008/1425/1124 1045/1424/1124
f 1044/1463/1125 1045/1424/1125 1046/1464/1125
f 1046/1464/1126 1045/1424/1126 1005/1422/1126
f 1046/1464/1127 1005/1422/1127 1047/1465/1127
f 1047/1465/1128 1005/1422/1128 1003/1420/1128
f 1047/1465/1129 1003/1420/1129 1048/1466/1129
f 1048/1466/1130 1003/1420/1130 1002/1419/1130
f 1048/1466/1130 1002/1419/1130 1049/1467/1130
f 1002/1419/1130 1000/1417/1130 1049/1467/1130
f 1049/1467/1131 1000/1417/1131 998/1415/1131
f 1049/1467/1131 998/1415/1131 1050/1468/1131
f 1050/1468/1132 998/1415/1132 997/1414/1132
f 1050/1468/1133 997/1414/1133 1051/1469/1133
f 997/1414/1133 995/1412/1133 1051/1469/1133
f 1051/1469/1134 995/1412/1134 993/1410/1134
f 1051/1469/1134 993/1410/1134 1052/1470/1134
f 1052/1470/1135 993/1410/1135 992/1409/1135
f 1052/1470/1135 992/1409/1135 1053/1471/1135
f 992/1409/1135 990/1407/1135 1053/1471/1135
f 1053/1471/1136 990/1407/1136 988/1405/1136
f 1053/1471/1136 988/1405/1136 1054/1472/1136
f 1054/1472/1137 988/1405/1137 987/1404/1137
f 1054/1472/1137 987/1404/1137 1055/1473/1137
f 987/1404/1137 985/1402/1137 1055/1473/1137
f 1055/1473/1138 985/1402/1138 983/1400/1138
f 1055/1473/1139 983/1400/1139 1056/1474/1139
f 1056/1475/1140 983/1398/1140 982/1397/1140
f 1056/1475/1141 982/1397/1141 1057/1476/1141
f 982/1397/1142 980/1395/1142 1057/1476/1142
f 1057/1476/1143 980/1395/1143 978/1393/1143
f 1057/1476/1144 978/1393/1144 1058/1477/1144
f 1058/1477/1145 978/1393/1145 977/1392/1145
f 1058/1477/1145 977/1392/1145 1059/1478/1145
f 977/1392/1146 975/1390/1146 1059/1478/1146
f 1059/1478/1147 975/1390/1147 973/1388/1147
f 1059/1478/1147 973/1388/1147 1060/1479/1147
f 1060/1479/1148 973/1388/1148 972/1387/1148
f 1060/1479/1148 972/1387/1148 1061/1480/1148
f 972/1387/1148 970/1385/1148 1061/1480/1148
f 1061/1480/1149 970/1385/1149 968/1383/1149
f 1061/1480/1150 968/1383/1150 1062/1481/1150
f 1062/1481/1151 968/1383/1151 967/1382/1151
f 1062/1481/1152 967/1382/1152 1063/1482/1152
f 967/1382/1152 965/1380/1152 1063/1482/1152
f 1063/1482/1153 965/1380/1153 963/1378/1153
f 1063/1482/1154 963/1378/1154 1064/1483/1154
f 1064/1483/1155 963/1378/1155 962/1377/1155
f 1064/1483/1155 962/1377/1155 1065/1484/1155
f 1065/1484/1155 962/1377/1155 960/1375/1155
f 1065/1484/1156 960/1375/1156 958/1373/1156
f 957/1372/1157 1066/1485/1157 958/1373/1157
f 958/1373/1157 1066/1485/1157 1067/1486/1157
f 958/1373/1156 1067/1486/1156 1065/1484/1156
f 957/1372/1157 949/1364/1157 1066/1485/1157
f 1066/1485/1158 949/1364/1158 956/1371/1158
f 1066/1485/1159 956/1371/1159 1068/1487/1159
f 1068/1487/1160 956/1371/1160 1069/1488/1160
f 956/1371/1160 955/1370/1160 1069/1488/1160
f 1069/1488/1161 955/1370/1161 953/1368/1161
f 1069/1488/1162 953/1368/1162 952/1367/1162
f 942/1357/1163 1070/1489/1163 952/1367/1163
f 952/1367/1163 1070/1489/1163 1071/1490/1163
f 952/1367/1164 1071/1490/1164 1069/1488/1164
f 942/1357/1163 940/1355/1163 1070/1489/1163
f 1070/1489/1165 940/1355/1165 948/1363/1165
f 1070/1489/1165 948/1363/1165 1072/1491/1165
f 1072/1491/1166 948/1363/1166 1073/1492/1166
f 948/1363/1167 947/1362/1167 1073/1492/1167
f 1073/1492/1167 947/1362/1167 945/1360/1167
f 1073/1492/1168 945/1360/1168 944/1359/1168
f 932/1345/1169 1074/1493/1169 944/1359/1169
f 944/1359/1169 1074/1493/1169 1075/1494/1169
f 944/1359/1170 1075/1494/1170 1073/1492/1170
f 932/1345/1171 930/1343/1171 1074/1493/1171
f 1074/1493/1172 930/1343/1172 938/1353/1172
f 1074/1493/1172 938/1353/1172 1076/1495/1172
f 1076/1496/1173 938/1352/1173 937/1350/1173
f 1076/1496/1173 937/1350/1173 1077/1497/1173
f 937/1350/1173 935/1348/1173 1077/1497/1173
f 1077/1497/1174 935/1348/1174 934/1347/1174
f 1077/1497/1174 934/1347/1174 1078/1498/1174
f 1078/1498/1175 934/1347/1175 922/1335/1175
f 1078/1498/1175 922/1335/1175 1079/1499/1175
f 922/1335/1175 920/1333/1175 1079/1499/1175
f 1079/1499/1176 920/1333/1176 928/1341/1176
f 1079/1499/1176 928/1341/1176 1080/1500/1176
f 1080/1500/1177 928/1341/1177 927/1340/1177
f 1080/1500/1178 927/1340/1178 1081/1501/1178
f 927/1340/1178 925/1338/1178 1081/1501/1178
f 1081/1501/1179 925/1338/1179 924/1337/1179
f 1081/1501/1179 924/1337/1179 1082/1502/1179
f 1082/1502/1180 924/1337/1180 910/1323/1180
f 1082/1502/1180 910/1323/1180 1083/1503/1180
f 910/1323/1180 908/1321/1180 1083/1503/1180
f 1083/1503/1181 908/1321/1181 918/1331/1181
f 1083/1503/1182 918/1331/1182 1084/1504/1182
f 1084/1504/1183 918/1331/1183 1085/1330/1183
f 1084/1504/1184 1085/1330/1184 1086/1505/1184
f 1086/1505/1185 1085/1330/1185 915/1328/1185
f 1086/1505/1186 915/1328/1186 1087/1506/1186
f 1087/1506/1187 915/1328/1187 913/1326/1187
f 1087/1506/1188 913/1326/1188 1088/1507/1188
f 1088/1507/1189 913/1326/1189 912/1325/1189
f 1088/1507/1189 912/1325/1189 1009/1426/1189
f 1009/1426/1189 912/1325/1189 905/1318/1189
f 1009/1426/1072 905/1318/1072 903/1316/1072
f 628/991/1190 1086/1505/1190 737/1108/1190
f 737/1108/1191 1086/1505/1191 1087/1506/1191
f 737/1108/1191 1087/1506/1191 738/1109/1191
f 738/1109/1192 1087/1506/1192 1088/1507/1192
f 738/1109/1192 1088/1507/1192 740/1111/1192
f 740/1111/1193 1088/1507/1193 1009/1426/1193
f 740/1111/1193 1009/1426/1193 741/1112/1193
f 741/1112/1194 1009/1426/1194 1010/1427/1194
f 741/1112/1195 1010/1427/1195 735/1106/1195
f 735/1106/1196 1010/1427/1196 1011/1428/1196
f 735/1106/1196 1011/1428/1196 736/1107/1196
f 736/1107/1197 1011/1428/1197 1012/1429/1197
f 736/1107/1197 1012/1429/1197 733/1104/1197
f 733/1104/1198 1012/1429/1198 1013/1430/1198
f 733/1104/1198 1013/1430/1198 731/1102/1198
f 731/1102/1199 1013/1430/1199 1014/1431/1199
f 731/1102/1199 1014/1431/1199 729/1100/1199
f 729/1100/1200 1014/1431/1200 1015/1432/1200
f 729/1100/1200 1015/1432/1200 722/1091/1200
f 722/1091/1201 1015/1432/1201 1016/1508/1201
f 722/1091/1201 1016/1508/1201 723/1092/1201
f 723/1095/1202 1016/1434/1202 1017/1435/1202
f 723/1095/1202 1017/1435/1202 725/1096/1202
f 725/1096/1203 1017/1435/1203 1018/1436/1203
f 725/1096/1203 1018/1436/1203 727/1098/1203
f 727/1098/1204 1018/1436/1204 1019/1437/1204
f 727/1098/1204 1019/1437/1204 728/1099/1204
f 728/1099/1205 1019/1437/1205 1020/1438/1205
f 728/1099/1205 1020/1438/1205 720/1089/1205
f 720/1089/1206 1020/1438/1206 1021/1439/1206
f 720/1089/1206 1021/1439/1206 721/1090/1206
f 721/1090/1207 1021/1439/1207 1022/1440/1207
f 721/1090/1207 1022/1440/1207 718/1087/1207
f 718/1087/1208 1022/1440/1208 1023/1441/1208
f 718/1087/1208 1023/1441/1208 716/1085/1208
f 716/1085/1209 1023/1441/1209 1024/1442/1209
f 716/1085/1209 1024/1442/1209 714/1083/1209
f 714/1083/1210 1024/1442/1210 1025/1443/1210
f 714/1083/1210 1025/1443/1210 709/1078/1210
f 709/1078/1211 1025/1443/1211 1027/1445/1211
f 709/1078/1211 1027/1445/1211 710/1079/1211
f 710/1079/1212 1027/1445/1212 1026/1444/1212
f 710/1079/1212 1026/1444/1212 712/1081/1212
f 712/1081/1213 1026/1444/1213 1028/1446/1213
f 712/1081/1213 1028/1446/1213 713/1082/1213
f 713/1082/1214 1028/1446/1214 1029/1447/1214
f 713/1082/1214 1029/1447/1214 707/1076/1214
f 707/1076/1215 1029/1447/1215 1031/1449/1215
f 707/1076/1215 1031/1449/1215 708/1077/1215
f 708/1077/1216 1031/1449/1216 1030/1448/1216
f 708/1077/1216 1030/1448/1216 704/1073/1216
f 704/1073/1217 1030/1448/1217 1032/1450/1217
f 704/1073/1217 1032/1450/1217 705/1074/1217
f 705/1074/1218 1032/1450/1218 1033/1451/1218
f 705/1074/1218 1033/1451/1218 699/1066/1218
f 699/1066/1219 1033/1451/1219 1035/1453/1219
f 699/1066/1219 1035/1453/1219 701/1068/1219
f 701/1068/1220 1035/1453/1220 1034/1452/1220
f 701/1068/1220 1034/1452/1220 702/1070/1220
f 702/1070/1221 1034/1452/1221 1036/1454/1221
f 702/1070/1221 1036/1454/1221 694/1071/1221
f 694/1061/1222 1036/1455/1222 1037/1456/1222
f 694/1061/1222 1037/1456/1222 695/1062/1222
f 695/1062/1223 1037/1456/1223 1038/1457/1223
f 695/1062/1223 1038/1457/1223 696/1063/1223
f 696/1063/1224 1038/1457/1224 1039/1458/1224
f 696/1063/1224 1039/1458/1224 697/1064/1224
f 697/1064/1225 1039/1458/1225 1040/1459/1225
f 697/1064/1225 1040/1459/1225 688/1055/1225
f 688/1055/1226 1040/1459/1226 1041/1460/1226
f 688/1055/1226 1041/1460/1226 689/1056/1226
f 689/1056/1227 1041/1460/1227 1042/1461/1227
f 689/1056/1228 1042/1461/1228 690/1057/1228
f 690/1057/1229 1042/1461/1229 1043/1462/1229
f 690/1057/1229 1043/1462/1229 691/1058/1229
f 691/1058/1230 1043/1462/1230 1044/1463/1230
f 691/1058/1230 1044/1463/1230 682/1049/1230
f 682/1049/1231 1044/1463/1231 1046/1464/1231
f 682/1049/1231 1046/1464/1231 1089/1050/1231
f 1089/1050/1232 1046/1464/1232 1047/1465/1232
f 1089/1050/1232 1047/1465/1232 684/1051/1232
f 684/1051/1233 1047/1465/1233 1048/1466/1233
f 684/1051/1233 1048/1466/1233 685/1052/1233
f 685/1052/1234 1048/1466/1234 1049/1467/1234
f 685/1052/1234 1049/1467/1234 676/1043/1234
f 676/1043/1235 1049/1467/1235 1050/1468/1235
f 676/1043/1236 1050/1468/1236 677/1044/1236
f 677/1044/1237 1050/1468/1237 1051/1469/1237
f 677/1044/1237 1051/1469/1237 678/1045/1237
f 678/1045/1238 1051/1469/1238 1052/1470/1238
f 678/1045/1238 1052/1470/1238 679/1046/1238
f 679/1046/1239 1052/1470/1239 1053/1471/1239
f 679/1046/1239 1053/1471/1239 670/1035/1239
f 670/1035/1240 1053/1471/1240 1054/1472/1240
f 670/1035/1240 1054/1472/1240 671/1036/1240
f 671/1036/1241 1054/1472/1241 1055/1473/1241
f 671/1036/1241 1055/1473/1241 672/1037/1241
f 672/1037/1242 1055/1473/1242 1056/1474/1242
f 672/1037/1242 1056/1474/1242 673/1039/1242
f 673/1040/1243 1056/1475/1243 1057/1476/1243
f 673/1040/1243 1057/1476/1243 664/1029/1243
f 664/1029/1244 1057/1476/1244 1058/1477/1244
f 664/1029/1244 1058/1477/1244 665/1030/1244
f 665/1030/1245 1058/1477/1245 1059/1478/1245
f 665/1030/1245 1059/1478/1245 666/1031/1245
f 666/1031/1246 1059/1478/1246 1060/1479/1246
f 666/1031/1246 1060/1479/1246 667/1032/1246
f 667/1032/1247 1060/1479/1247 1061/1480/1247
f 667/1032/1247 1061/1480/1247 658/1023/1247
f 658/1023/1248 1061/1480/1248 1062/1481/1248
f 658/1023/1248 1062/1481/1248 659/1024/1248
f 659/1024/1249 1062/1481/1249 1063/1482/1249
f 659/1024/1249 1063/1482/1249 660/1025/1249
f 660/1025/1250 1063/1482/1250 1064/1483/1250
f 660/1025/1250 1064/1483/1250 661/1026/1250
f 661/1026/1251 1064/1483/1251 1065/1484/1251
f 661/1026/1251 1065/1484/1251 652/1017/1251
f 652/1017/1252 1065/1484/1252 1067/1486/1252
f 652/1017/1252 1067/1486/1252 653/1018/1252
f 653/1018/1253 1067/1486/1253 1066/1485/1253
f 653/1018/1253 1066/1485/1253 654/1019/1253
f 654/1019/1254 1066/1485/1254 1068/1487/1254
f 654/1019/1254 1068/1487/1254 655/1020/1254
f 655/1020/1255 1068/1487/1255 1069/1488/1255
f 655/1020/1255 1069/1488/1255 646/1011/1255
f 646/1011/1256 1069/1488/1256 1071/1490/1256
f 646/1011/1256 1071/1490/1256 647/1012/1256
f 647/1012/1257 1071/1490/1257 1070/1489/1257
f 647/1012/1257 1070/1489/1257 648/1013/1257
f 648/1013/1258 1070/1489/1258 1072/1491/1258
f 648/1013/1258 1072/1491/1258 649/1014/1258
f 649/1014/1259 1072/1491/1259 1073/1492/1259
f 649/1014/1259 1073/1492/1259 640/1003/1259
f 640/1003/1260 1073/1492/1260 1075/1494/1260
f 640/1003/1260 1075/1494/1260 641/1004/1260
f 641/1004/1261 1075/1494/1261 1074/1493/1261
f 641/1004/1261 1074/1493/1261 642/1005/1261
f 642/1007/1262 1074/1509/1262 1076/1496/1262
f 642/1007/1262 1076/1496/1262 643/1008/1262
f 643/1008/1263 1076/1496/1263 1077/1497/1263
f 643/1008/1263 1077/1497/1263 634/997/1263
f 634/997/1264 1077/1497/1264 1078/1498/1264
f 634/997/1264 1078/1498/1264 635/998/1264
f 635/998/1265 1078/1498/1265 1079/1499/1265
f 635/998/1265 1079/1499/1265 636/999/1265
f 636/999/1266 1079/1499/1266 1080/1500/1266
f 636/999/1266 1080/1500/1266 637/1000/1266
f 637/1000/1267 1080/1500/1267 1081/1501/1267
f 637/1000/1267 1081/1501/1267 627/990/1267
f 627/990/1268 1081/1501/1268 1082/1502/1268
f 627/990/1269 1082/1502/1269 631/994/1269
f 631/994/1270 1082/1502/1270 1083/1503/1270
f 631/994/1270 1083/1503/1270 630/993/1270
f 630/993/1271 1083/1503/1271 1084/1504/1271
f 630/993/1271 1084/1504/1271 628/991/1271
f 628/991/1190 1084/1504/1190 1086/1505/1190
f 1090/1510/1272 1091/1165/1272 1092/1511/1272
f 1092/1511/1273 1091/1165/1273 793/1164/1273
f 1092/1511/1274 793/1164/1274 1093/1512/1274
f 1093/1512/1275 793/1164/1275 776/1147/1275
f 1093/1512/1275 776/1147/1275 1094/1513/1275
f 1094/1513/1276 776/1147/1276 775/1146/1276
f 1094/1513/1276 775/1146/1276 1095/1514/1276
f 1095/1514/1277 775/1146/1277 812/1183/1277
f 1095/1514/1277 812/1183/1277 1096/1515/1277
f 1096/1515/1278 812/1183/1278 811/1182/1278
f 1096/1515/1279 811/1182/1279 1097/1516/1279
f 1097/1516/1280 811/1182/1280 810/1181/1280
f 1097/1516/1280 810/1181/1280 1098/1517/1280
f 1098/1517/1281 810/1181/1281 809/1180/1281
f 1098/1517/1281 809/1180/1281 1099/1518/1281
f 1099/1518/1282 809/1180/1282 808/1179/1282
f 1099/1518/1282 808/1179/1282 1100/1519/1282
f 1100/1519/1283 808/1179/1283 807/1178/1283
f 1100/1519/1283 807/1178/1283 1101/1520/1283
f 1101/1520/1284 807/1178/1284 806/1177/1284
f 1101/1520/1284 806/1177/1284 1102/1521/1284
f 1102/1521/1285 806/1177/1285 805/1176/1285
f 1102/1521/1285 805/1176/1285 1103/1522/1285
f 1103/1522/1286 805/1176/1286 804/1175/1286
f 1103/1522/1286 804/1175/1286 1104/1523/1286
f 1104/1523/1287 804/1175/1287 790/1161/1287
f 1104/1523/1287 790/1161/1287 1105/1524/1287
f 1105/1524/1288 790/1161/1288 789/1160/1288
f 1105/1524/1288 789/1160/1288 1106/1525/1288
f 1106/1525/1289 789/1160/1289 788/1159/1289
f 1106/1525/1289 788/1159/1289 1107/1526/1289
f 1107/1526/1290 788/1159/1290 774/1145/1290
f 1107/1526/1290 774/1145/1290 1108/1527/1290
f 1108/1527/1291 774/1145/1291 816/1187/1291
f 1108/1527/1291 816/1187/1291 1109/1528/1291
f 1109/1528/1292 816/1187/1292 784/1155/1292
f 1109/1528/1292 784/1155/1292 1110/1529/1292
f 1110/1529/1293 784/1155/1293 783/1154/1293
f 1110/1529/1294 783/1154/1294 1111/1530/1294
f 1111/1530/1295 783/1154/1295 782/1153/1295
f 1111/1530/1296 782/1153/1296 1112/1531/1296
f 1112/1531/1297 782/1153/1297 756/1127/1297
f 1112/1531/1297 756/1127/1297 1113/1532/1297
f 1113/1532/1298 756/1127/1298 755/1126/1298
f 1113/1532/1298 755/1126/1298 1114/1533/1298
f 1114/1533/1299 755/1126/1299 754/1125/1299
f 1114/1533/1299 754/1125/1299 1115/1534/1299
f 1115/1534/1300 754/1125/1300 753/1124/1300
f 1115/1534/1300 753/1124/1300 1116/1535/1300
f 1116/1535/1301 753/1124/1301 773/1144/1301
f 1116/1535/1301 773/1144/1301 1117/1536/1301
f 1117/1536/1302 773/1144/1302 772/1143/1302
f 1117/1536/1302 772/1143/1302 1118/1537/1302
f 1118/1537/1303 772/1143/1303 752/1123/1303
f 1118/1537/1303 752/1123/1303 1119/1538/1303
f 1119/1538/1304 752/1123/1304 751/1122/1304
f 1119/1538/1304 751/1122/1304 1120/1539/1304
f 1120/1539/1305 751/1122/1305 750/1121/1305
f 1120/1539/1305 750/1121/1305 1121/1540/1305
f 1121/1540/1306 750/1121/1306 749/1120/1306
f 1121/1540/1306 749/1120/1306 1122/1541/1306
f 1122/1541/1307 749/1120/1307 748/1119/1307
f 1122/1541/1307 748/1119/1307 1123/1542/1307
f 1123/1542/1308 748/1119/1308 744/1115/1308
f 1123/1542/1308 744/1115/1308 1124/1543/1308
f 1124/1543/1309 744/1115/1309 771/1142/1309
f 1124/1543/1309 771/1142/1309 1125/1544/1309
f 1125/1544/1310 771/1142/1310 787/1158/1310
f 1125/1544/1311 787/1158/1311 1126/1545/1311
f 1126/1545/1312 787/1158/1312 799/1170/1312
f 1126/1545/1313 799/1170/1313 1127/1546/1313
f 1127/1546/1314 799/1170/1314 803/1174/1314
f 1127/1546/1314 803/1174/1314 1128/1547/1314
f 1128/1547/1315 803/1174/1315 802/1173/1315
f 1128/1547/1316 802/1173/1316 1129/1548/1316
f 1129/1548/1317 802/1173/1317 801/1172/1317
f 1129/1548/1317 801/1172/1317 1130/1549/1317
f 1130/1549/1318 801/1172/1318 800/1171/1318
f 1130/1549/1319 800/1171/1319 1131/1550/1319
f 1131/1550/1320 800/1171/1320 798/1169/1320
f 1131/1550/1320 798/1169/1320 1132/1551/1320
f 1132/1551/1321 798/1169/1321 797/1168/1321
f 1132/1551/1321 797/1168/1321 1133/1552/1321
f 1133/1552/1322 797/1168/1322 786/1157/1322
f 1133/1552/1322 786/1157/1322 1134/1553/1322
f 1134/1553/1323 786/1157/1323 785/1156/1323
f 1134/1553/1324 785/1156/1324 1135/1554/1324
f 1135/1554/1325 785/1156/1325 796/1167/1325
f 1135/1554/1325 796/1167/1325 1136/1555/1325
f 1136/1555/1326 796/1167/1326 770/1141/1326
f 1136/1555/1326 770/1141/1326 1137/1556/1326
f 1137/1556/1327 770/1141/1327 769/1140/1327
f 1137/1556/1327 769/1140/1327 1138/1557/1327
f 1138/1557/1328 769/1140/1328 768/1139/1328
f 1138/1557/1328 768/1139/1328 1139/1558/1328
f 1139/1558/1329 768/1139/1329 767/1138/1329
f 1139/1558/1329 767/1138/1329 1140/1559/1329
f 1140/1559/1330 767/1138/1330 766/1137/1330
f 1140/1559/1330 766/1137/1330 1141/1560/1330
f 1141/1560/1331 766/1137/1331 765/1136/1331
f 1141/1560/1331 765/1136/1331 1142/1561/1331
f 1142/1561/1332 765/1136/1332 781/1152/1332
f 1142/1561/1332 781/1152/1332 1143/1562/1332
f 1143/1562/1333 781/1152/1333 780/1151/1333
f 1143/1562/1333 780/1151/1333 1144/1563/1333
f 1144/1563/1334 780/1151/1334 764/1135/1334
f 1144/1563/1334 764/1135/1334 1145/1564/1334
f 1145/1564/1335 764/1135/1335 763/1134/1335
f 1145/1564/1335 763/1134/1335 1146/1565/1335
f 1146/1565/1336 763/1134/1336 792/1163/1336
f 1146/1565/1336 792/1163/1336 1147/1566/1336
f 1147/1566/1337 792/1163/1337 791/1162/1337
f 1147/1566/1337 791/1162/1337 1148/1567/1337
f 1148/1567/1338 791/1162/1338 779/1150/1338
f 1148/1567/1339 779/1150/1339 1149/1568/1339
f 1149/1568/1340 779/1150/1340 778/1149/1340
f 1149/1568/1341 778/1149/1341 1150/1569/1341
f 1150/1569/1342 778/1149/1342 777/1148/1342
f 1150/1569/1342 777/1148/1342 1151/1570/1342
f 1151/1570/1343 777/1148/1343 762/1133/1343
f 1151/1570/1343 762/1133/1343 1152/1571/1343
f 1152/1571/1344 762/1133/1344 761/1132/1344
f 1152/1571/1344 761/1132/1344 1153/1572/1344
f 1153/1572/1345 761/1132/1345 760/1131/1345
f 1153/1572/1345 760/1131/1345 1154/1573/1345
f 1154/1573/1346 760/1131/1346 759/1130/1346
f 1154/1573/1346 759/1130/1346 1155/1574/1346
f 1155/1574/1347 759/1130/1347 758/1129/1347
f 1155/1574/1347 758/1129/1347 1156/1575/1347
f 1156/1575/1348 758/1129/1348 757/1128/1348
f 1156/1575/1348 757/1128/1348 1157/1576/1348
f 1157/1576/1349 757/1128/1349 746/1117/1349
f 1157/1576/1349 746/1117/1349 1158/1577/1349
f 1158/1577/1350 746/1117/1350 745/1116/1350
f 1158/1577/1350 745/1116/1350 1159/1578/1350
f 1159/1578/1351 745/1116/1351 743/1114/1351
f 1159/1578/1351 743/1114/1351 1160/1579/1351
f 1160/1579/1352 743/1114/1352 742/1113/1352
f 1160/1579/1352 742/1113/1352 1161/1580/1352
f 1161/1580/1353 742/1113/1353 747/1118/1353
f 1161/1580/1353 747/1118/1353 1162/1581/1353
f 1162/1581/1354 747/1118/1354 817/1188/1354
f 1162/1581/1354 817/1188/1354 1163/1582/1354
f 1163/1582/1355 817/1188/1355 815/1186/1355
f 1163/1582/1356 815/1186/1356 1164/1583/1356
f 1164/1583/1357 815/1186/1357 814/1185/1357
f 1164/1583/1358 814/1185/1358 1165/1584/1358
f 1165/1584/1359 814/1185/1359 813/1184/1359
f 1165/1584/1359 813/1184/1359 1166/1585/1359
f 1166/1585/1360 813/1184/1360 795/1166/1360
f 1166/1585/1361 795/1166/1361 1090/1510/1361
f 1090/1510/1272 795/1166/1272 1091/1165/1272
f 1167/1586/1362 1092/1511/1362 1168/1587/1362
f 1168/1587/1363 1092/1511/1363 1093/1512/1363
f 1168/1587/1363 1093/1512/1363 1169/1588/1363
f 1169/1588/1364 1093/1512/1364 1094/1513/1364
f 1169/1588/1364 1094/1513/1364 1170/1589/1364
f 1170/1589/1365 1094/1513/1365 1095/1514/1365
f 1170/1589/1365 1095/1514/1365 1171/1590/1365
f 1171/1590/1366 1095/1514/1366 1096/1515/1366
f 1171/1590/1366 1096/1515/1366 1172/1591/1366
f 1172/1591/1367 1096/1515/1367 1097/1516/1367
f 1172/1591/1367 1097/1516/1367 1173/1592/1367
f 1173/1592/1368 1097/1516/1368 1098/1517/1368
f 1173/1592/1368 1098/1517/1368 1174/1593/1368
f 1174/1593/1369 1098/1517/1369 1099/1518/1369
f 1174/1593/1369 1099/1518/1369 1175/1594/1369
f 1175/1594/1370 1099/1518/1370 1100/1519/1370
f 1175/1594/1371 1100/1519/1371 1176/1595/1371
f 1176/1595/1372 1100/1519/1372 1101/1520/1372
f 1176/1595/1372 1101/1520/1372 1177/1596/1372
f 1177/1596/1373 1101/1520/1373 1102/1521/1373
f 1177/1596/1373 1102/1521/1373 1178/1597/1373
f 1178/1597/1374 1102/1521/1374 1103/1522/1374
f 1178/1597/1375 1103/1522/1375 1179/1598/1375
f 1179/1598/1376 1103/1522/1376 1104/1523/1376
f 1179/1598/1377 1104/1523/1377 1180/1599/1377
f 1180/1599/1378 1104/1523/1378 1105/1524/1378
f 1180/1599/1379 1105/1524/1379 1181/1600/1379
f 1181/1600/1380 1105/1524/1380 1106/1525/1380
f 1181/1600/1380 1106/1525/1380 1182/1601/1380
f 1182/1601/1381 1106/1525/1381 1107/1526/1381
f 1182/1601/1381 1107/1526/1381 1183/1602/1381
f 1183/1602/1382 1107/1526/1382 1108/1527/1382
f 1183/1602/1382 1108/1527/1382 1184/1603/1382
f 1184/1603/1383 1108/1527/1383 1109/1528/1383
f 1184/1603/1383 1109/1528/1383 1185/1604/1383
f 1185/1604/1384 1109/1528/1384 1110/1529/1384
f 1185/1604/1384 1110/1529/1384 1186/1605/1384
f 1186/1605/1385 1110/1529/1385 1111/1530/1385
f 1186/1605/1385 1111/1530/1385 1187/1606/1385
f 1187/1606/1386 1111/1530/1386 1112/1531/1386
f 1187/1606/1386 1112/1531/1386 1188/1607/1386
f 1188/1607/1387 1112/1531/1387 1113/1532/1387
f 1188/1607/1387 1113/1532/1387 1189/1608/1387
f 1189/1608/1388 1113/1532/1388 1114/1533/1388
f 1189/1608/1388 1114/1533/1388 1190/1609/1388
f 1190/1609/1389 1114/1533/1389 1115/1534/1389
f 1190/1609/1389 1115/1534/1389 1191/1610/1389
f 1191/1610/1390 1115/1534/1390 1116/1535/1390
f 1191/1610/1390 1116/1535/1390 1192/1611/1390
f 1192/1611/1391 1116/1535/1391 1117/1536/1391
f 1192/1611/1391 1117/1536/1391 1193/1612/1391
f 1193/1612/1392 1117/1536/1392 1118/1537/1392
f 1193/1612/1393 1118/1537/1393 1194/1613/1393
f 1194/1613/1394 1118/1537/1394 1119/1538/1394
f 1194/1613/1395 1119/1538/1395 1195/1614/1395
f 1195/1614/1396 1119/1538/1396 1120/1539/1396
f 1195/1614/1396 1120/1539/1396 1196/1615/1396
f 1196/1615/1397 1120/1539/1397 1121/1540/1397
f 1196/1615/1397 1121/1540/1397 1197/1616/1397
f 1197/1616/1398 1121/1540/1398 1122/1541/1398
f 1197/1616/1398 1122/1541/1398 1198/1617/1398
f 1198/1617/1399 1122/1541/1399 1123/1542/1399
f 1198/1617/1400 1123/1542/1400 1199/1618/1400
f 1199/1618/1401 1123/1542/1401 1124/1543/1401
f 1199/1618/1402 1124/1543/1402 1200/1619/1402
f 1200/1619/1403 1124/1543/1403 1125/1544/1403
f 1200/1619/1403 1125/1544/1403 1201/1620/1403
f 1201/1620/1404 1125/1544/1404 1126/1545/1404
f 1201/1620/1404 1126/1545/1404 1202/1621/1404
f 1202/1621/1405 1126/1545/1405 1127/1546/1405
f 1202/1621/1405 1127/1546/1405 1203/1622/1405
f 1203/1622/1406 1127/1546/1406 1128/1547/1406
f 1203/1622/1406 1128/1547/1406 1204/1623/1406
f 1204/1623/1407 1128/1547/1407 1129/1548/1407
f 1204/1623/1407 1129/1548/1407 1205/1624/1407
f 1205/1624/1408 1129/1548/1408 1130/1549/1408
f 1205/1624/1408 1130/1549/1408 1206/1625/1408
f 1206/1625/1409 1130/1549/1409 1131/1550/1409
f 1206/1625/1409 1131/1550/1409 1207/1626/1409
f 1207/1626/1410 1131/1550/1410 1132/1551/1410
f 1207/1626/1410 1132/1551/1410 1208/1627/1410
f 1208/1627/1411 1132/1551/1411 1133/1552/1411
f 1208/1627/1411 1133/1552/1411 1209/1628/1411
f 1209/1628/1412 1133/1552/1412 1134/1553/1412
f 1209/1628/1412 1134/1553/1412 1210/1629/1412
f 1210/1629/1413 1134/1553/1413 1135/1554/1413
f 1210/1629/1413 1135/1554/1413 1211/1630/1413
f 1211/1630/1414 1135/1554/1414 1136/1555/1414
f 1211/1630/1414 1136/1555/1414 1212/1631/1414
f 1212/1631/1415 1136/1555/1415 1137/1556/1415
f 1212/1631/1415 1137/1556/1415 1213/1632/1415
f 1213/1632/1416 1137/1556/1416 1138/1557/1416
f 1213/1632/1417 1138/1557/1417 1214/1633/1417
f 1214/1633/1418 1138/1557/1418 1139/1558/1418
f 1214/1633/1418 1139/1558/1418 1215/1634/1418
f 1215/1634/1419 1139/1558/1419 1140/1559/1419
f 1215/1634/1419 1140/1559/1419 1216/1635/1419
f 1216/1635/1420 1140/1559/1420 1141/1560/1420
f 1216/1635/1421 1141/1560/1421 1217/1636/1421
f 1217/1636/1422 1141/1560/1422 1142/1561/1422
f 1217/1636/1423 1142/1561/1423 1218/1637/1423
f 1218/1637/1424 1142/1561/1424 1143/1562/1424
f 1218/1637/1425 1143/1562/1425 1219/1638/1425
f 1219/1638/1426 1143/1562/1426 1144/1563/1426
f 1219/1638/1426 1144/1563/1426 1220/1639/1426
f 1220/1639/1427 1144/1563/1427 1145/1564/1427
f 1220/1639/1427 1145/1564/1427 1221/1640/1427
f 1221/1640/1428 1145/1564/1428 1146/1565/1428
f 1221/1640/1428 1146/1565/1428 1222/1641/1428
f 1222/1641/1429 1146/1565/1429 1147/1566/1429
f 1222/1641/1429 1147/1566/1429 1223/1642/1429
f 1223/1642/1430 1147/1566/1430 1148/1567/1430
f 1223/1642/1430 1148/1567/1430 1224/1643/1430
f 1224/1643/1431 1148/1567/1431 1149/1568/1431
f 1224/1643/1431 1149/1568/1431 1225/1644/1431
f 1225/1644/1432 1149/1568/1432 1150/1569/1432
f 1225/1644/1432 1150/1569/1432 1226/1645/1432
f 1226/1645/1433 1150/1569/1433 1151/1570/1433
f 1226/1645/1433 1151/1570/1433 1227/1646/1433
f 1227/1646/1434 1151/1570/1434 1152/1571/1434
f 1227/1646/1434 1152/1571/1434 1228/1647/1434
f 1228/1647/1435 1152/1571/1435 1153/1572/1435
f 1228/1647/1435 1153/1572/1435 1229/1648/1435
f 1229/1648/1436 1153/1572/1436 1154/1573/1436
f 1229/1648/1436 1154/1573/1436 1230/1649/1436
f 1230/1649/1437 1154/1573/1437 1155/1574/1437
f 1230/1649/1437 1155/1574/1437 1231/1650/1437
f 1231/1650/1438 1155/1574/1438 1156/1575/1438
f 1231/1650/1439 1156/1575/1439 1232/1651/1439
f 1232/1651/1440 1156/1575/1440 1157/1576/1440
f 1232/1651/1441 1157/1576/1441 1233/1652/1441
f 1233/1652/1442 1157/1576/1442 1158/1577/1442
f 1233/1652/1442 1158/1577/1442 1234/1653/1442
f 1234/1653/1443 1158/1577/1443 1159/1578/1443
f 1234/1653/1443 1159/1578/1443 1235/1654/1443
f 1235/1654/1444 1159/1578/1444 1160/1579/1444
f 1235/1654/1444 1160/1579/1444 1236/1655/1444
f 1236/1655/1445 1160/1579/1445 1161/1580/1445
f 1236/1655/1446 1161/1580/1446 1237/1656/1446
f 1237/1656/1447 1161/1580/1447 1162/1581/1447
f 1237/1656/1448 1162/1581/1448 1238/1657/1448
f 1238/1657/1449 1162/1581/1449 1163/1582/1449
f 1238/1657/1449 1163/1582/1449 1239/1658/1449
f 1239/1658/1450 1163/1582/1450 1164/1583/1450
f 1239/1658/1450 1164/1583/1450 1240/1659/1450
f 1240/1659/1451 1164/1583/1451 1165/1584/1451
f 1240/1659/1451 1165/1584/1451 1241/1660/1451
f 1241/1660/1452 1165/1584/1452 1166/1585/1452
f 1241/1660/1452 1166/1585/1452 1242/1661/1452
f 1242/1661/1453 1166/1585/1453 1090/1510/1453
f 1242/1661/1453 1090/1510/1453 1167/1586/1453
f 1167/1586/1362 1090/1510/1362 1092/1511/1362
f 907/1320/1454 1168/1662/1454 1243/1329/1454
f 1243/1329/1455 1168/1662/1455 1169/1663/1455
f 1243/1329/1455 1169/1663/1455 914/1327/1455
f 914/1327/1456 1169/1663/1456 1170/1664/1456
f 914/1327/1456 1170/1664/1456 906/1319/1456
f 906/1319/1457 1170/1664/1457 1171/1665/1457
f 906/1319/1457 1171/1665/1457 904/1317/1457
f 904/1317/1458 1171/1665/1458 1172/1666/1458
f 904/1317/1458 1172/1666/1458 901/1314/1458
f 901/1314/1459 1172/1666/1459 1173/1667/1459
f 901/1314/1459 1173/1667/1459 899/1312/1459
f 899/1312/1460 1173/1667/1460 1174/1668/1460
f 899/1312/1460 1174/1668/1460 896/1309/1460
f 896/1309/1461 1174/1668/1461 1175/1669/1461
f 896/1309/1461 1175/1669/1461 894/1307/1461
f 894/1307/1462 1175/1669/1462 1176/1670/1462
f 894/1307/1462 1176/1670/1462 891/1304/1462
f 891/1304/1463 1176/1670/1463 1177/1671/1463
f 891/1304/1463 1177/1671/1463 889/1302/1463
f 889/1300/1464 1177/1672/1464 1178/1673/1464
f 889/1300/1464 1178/1673/1464 886/1297/1464
f 886/1297/1465 1178/1673/1465 1179/1674/1465
f 886/1297/1465 1179/1674/1465 884/1295/1465
f 884/1295/1466 1179/1674/1466 1180/1675/1466
f 884/1295/1466 1180/1675/1466 881/1292/1466
f 881/1292/1467 1180/1675/1467 1181/1676/1467
f 881/1292/1467 1181/1676/1467 879/1290/1467
f 879/1290/1468 1181/1676/1468 1182/1677/1468
f 879/1290/1469 1182/1677/1469 876/1287/1469
f 876/1287/1470 1182/1677/1470 1183/1678/1470
f 876/1287/1470 1183/1678/1470 874/1285/1470
f 874/1285/1471 1183/1678/1471 1184/1679/1471
f 874/1285/1471 1184/1679/1471 871/1282/1471
f 871/1282/1472 1184/1679/1472 1185/1680/1472
f 871/1282/1472 1185/1680/1472 869/1280/1472
f 869/1280/1473 1185/1680/1473 1186/1681/1473
f 869/1280/1473 1186/1681/1473 866/1277/1473
f 866/1277/1474 1186/1681/1474 1187/1682/1474
f 866/1277/1474 1187/1682/1474 1244/1275/1474
f 1244/1275/1475 1187/1682/1475 1188/1683/1475
f 1244/1275/1475 1188/1683/1475 855/1266/1475
f 855/1266/1476 1188/1683/1476 1189/1684/1476
f 855/1266/1476 1189/1684/1476 856/1267/1476
f 856/1267/1477 1189/1684/1477 1190/1685/1477
f 856/1267/1477 1190/1685/1477 859/1270/1477
f 859/1270/1478 1190/1685/1478 1191/1686/1478
f 859/1270/1478 1191/1686/1478 848/1259/1478
f 848/1259/1479 1191/1686/1479 1192/1687/1479
f 848/1259/1479 1192/1687/1479 846/1257/1479
f 846/1257/1480 1192/1687/1480 1193/1688/1480
f 846/1257/1481 1193/1688/1481 844/1255/1481
f 844/1255/1482 1193/1688/1482 1194/1689/1482
f 844/1255/1482 1194/1689/1482 851/1262/1482
f 851/1262/1483 1194/1689/1483 1195/1690/1483
f 851/1262/1483 1195/1690/1483 838/1247/1483
f 838/1247/1484 1195/1690/1484 1196/1691/1484
f 838/1247/1484 1196/1691/1484 836/1245/1484
f 836/1245/1485 1196/1691/1485 1197/1692/1485
f 836/1245/1485 1197/1692/1485 834/1243/1485
f 834/1252/1486 1197/1693/1486 1198/1694/1486
f 834/1252/1486 1198/1694/1486 841/1250/1486
f 841/1250/1487 1198/1694/1487 1199/1695/1487
f 841/1250/1487 1199/1695/1487 828/1237/1487
f 828/1237/1488 1199/1695/1488 1200/1696/1488
f 828/1237/1488 1200/1696/1488 826/1235/1488
f 826/1235/1489 1200/1696/1489 1201/1697/1489
f 826/1235/1490 1201/1697/1490 824/1233/1490
f 824/1233/1491 1201/1697/1491 1202/1698/1491
f 824/1233/1491 1202/1698/1491 831/1240/1491
f 831/1240/1492 1202/1698/1492 1203/1699/1492
f 831/1240/1492 1203/1699/1492 823/1232/1492
f 823/1232/1493 1203/1699/1493 1204/1700/1493
f 823/1232/1493 1204/1700/1493 821/1230/1493
f 821/1230/1494 1204/1700/1494 1205/1701/1494
f 821/1230/1494 1205/1701/1494 819/1228/1494
f 819/1228/1495 1205/1701/1495 1206/1702/1495
f 819/1228/1495 1206/1702/1495 1245/1423/1495
f 1245/1423/1496 1206/1702/1496 1207/1703/1496
f 1245/1423/1496 1207/1703/1496 1004/1421/1496
f 1004/1421/1497 1207/1703/1497 1208/1704/1497
f 1004/1421/1497 1208/1704/1497 1001/1418/1497
f 1001/1418/1498 1208/1704/1498 1209/1705/1498
f 1001/1418/1498 1209/1705/1498 999/1416/1498
f 999/1416/1499 1209/1705/1499 1210/1706/1499
f 999/1416/1499 1210/1706/1499 996/1413/1499
f 996/1413/1500 1210/1706/1500 1211/1707/1500
f 996/1413/1500 1211/1707/1500 994/1411/1500
f 994/1411/1501 1211/1707/1501 1212/1708/1501
f 994/1411/1501 1212/1708/1501 991/1408/1501
f 991/1408/1502 1212/1708/1502 1213/1709/1502
f 991/1408/1502 1213/1709/1502 989/1406/1502
f 989/1406/1503 1213/1709/1503 1214/1710/1503
f 989/1406/1503 1214/1710/1503 986/1403/1503
f 986/1403/1504 1214/1710/1504 1215/1711/1504
f 986/1403/1504 1215/1711/1504 984/1401/1504
f 984/1401/1505 1215/1711/1505 1216/1712/1505
f 984/1401/1505 1216/1712/1505 981/1399/1505
f 981/1396/1506 1216/1713/1506 1217/1714/1506
f 981/1396/1506 1217/1714/1506 979/1394/1506
f 979/1394/1507 1217/1714/1507 1218/1715/1507
f 979/1394/1507 1218/1715/1507 976/1391/1507
f 976/1391/1508 1218/1715/1508 1219/1716/1508
f 976/1391/1508 1219/1716/1508 974/1389/1508
f 974/1389/1509 1219/1716/1509 1220/1717/1509
f 974/1389/1510 1220/1717/1510 971/1386/1510
f 971/1386/1511 1220/1717/1511 1221/1718/1511
f 971/1386/1511 1221/1718/1511 969/1384/1511
f 969/1384/1512 1221/1718/1512 1222/1719/1512
f 969/1384/1512 1222/1719/1512 966/1381/1512
f 966/1381/1513 1222/1719/1513 1223/1720/1513
f 966/1381/1513 1223/1720/1513 964/1379/1513
f 964/1379/1514 1223/1720/1514 1224/1721/1514
f 964/1379/1514 1224/1721/1514 961/1376/1514
f 961/1376/1515 1224/1721/1515 1225/1722/1515
f 961/1376/1515 1225/1722/1515 1246/1374/1515
f 1246/1374/1516 1225/1722/1516 1226/1723/1516
f 1246/1374/1516 1226/1723/1516 950/1365/1516
f 950/1365/1517 1226/1723/1517 1227/1724/1517
f 950/1365/1517 1227/1724/1517 951/1366/1517
f 951/1366/1518 1227/1724/1518 1228/1725/1518
f 951/1366/1518 1228/1725/1518 954/1369/1518
f 954/1369/1519 1228/1725/1519 1229/1726/1519
f 954/1369/1519 1229/1726/1519 943/1358/1519
f 943/1358/1520 1229/1726/1520 1230/1727/1520
f 943/1358/1520 1230/1727/1520 941/1356/1520
f 941/1356/1521 1230/1727/1521 1231/1728/1521
f 941/1356/1522 1231/1728/1522 939/1354/1522
f 939/1354/1523 1231/1728/1523 1232/1729/1523
f 939/1354/1523 1232/1729/1523 946/1361/1523
f 946/1361/1524 1232/1729/1524 1233/1730/1524
f 946/1361/1524 1233/1730/1524 933/1346/1524
f 933/1346/1525 1233/1730/1525 1234/1731/1525
f 933/1346/1525 1234/1731/1525 931/1344/1525
f 931/1344/1526 1234/1731/1526 1235/1732/1526
f 931/1344/1526 1235/1732/1526 929/1342/1526
f 929/1351/1527 1235/1733/1527 1236/1734/1527
f 929/1351/1527 1236/1734/1527 936/1349/1527
f 936/1349/1528 1236/1734/1528 1237/1735/1528
f 936/1349/1528 1237/1735/1528 923/1336/1528
f 923/1336/1529 1237/1735/1529 1238/1736/1529
f 923/1336/1529 1238/1736/1529 921/1334/1529
f 921/1334/1530 1238/1736/1530 1239/1737/1530
f 921/1334/1531 1239/1737/1531 919/1332/1531
f 919/1332/1532 1239/1737/1532 1240/1738/1532
f 919/1332/1532 1240/1738/1532 926/1339/1532
f 926/1339/1533 1240/1738/1533 1241/1739/1533
f 926/1339/1533 1241/1739/1533 911/1324/1533
f 911/1324/1534 1241/1739/1534 1242/1740/1534
f 911/1324/1534 1242/1740/1534 909/1322/1534
f 909/1322/1535 1242/1740/1535 1167/1741/1535
f 909/1322/1535 1167/1741/1535 907/1320/1535
f 907/1320/1454 1167/1741/1454 1168/1662/1454
